run_id,workload,mode,backend,backend_commit,dtype,batch_size,candidate_count,dimension,indexer_heads,k,seed,trial,decode_step,stage,graph_mode,timing_method,elapsed_us,status,error,context_len_actual,block_kv,steps,group_size,warmup,config_id
router-quick,router,flat_router_decode,torch_flat_router,,bf16,1,16,4096,,8,0,0,,score,eager,cuda_event_grouped_5,10.7904,ok,,,,,5,20,torch_flat_router|B1|E16|D4096
router-quick,router,flat_router_decode,torch_flat_router,,bf16,1,16,4096,,8,0,1,,score,eager,cuda_event_grouped_5,10.6688,ok,,,,,5,20,torch_flat_router|B1|E16|D4096
router-quick,router,flat_router_decode,torch_flat_router,,bf16,1,16,4096,,8,0,2,,score,eager,cuda_event_grouped_5,11.5008,ok,,,,,5,20,torch_flat_router|B1|E16|D4096
router-quick,router,flat_router_decode,torch_flat_router,,bf16,1,16,4096,,8,0,3,,score,eager,cuda_event_grouped_5,10.496,ok,,,,,5,20,torch_flat_router|B1|E16|D4096
router-quick,router,flat_router_decode,torch_flat_router,,bf16,1,16,4096,,8,0,4,,score,eager,cuda_event_grouped_5,10.6496,ok,,,,,5,20,torch_flat_router|B1|E16|D4096
router-quick,router,flat_router_decode,torch_flat_router,,bf16,1,16,4096,,8,0,5,,score,eager,cuda_event_grouped_5,10.6944,ok,,,,,5,20,torch_flat_router|B1|E16|D4096
router-quick,router,flat_router_decode,torch_flat_router,,bf16,1,16,4096,,8,0,6,,score,eager,cuda_event_grouped_5,10.9888,ok,,,,,5,20,torch_flat_router|B1|E16|D4096
router-quick,router,flat_router_decode,torch_flat_router,,bf16,1,16,4096,,8,0,7,,score,eager,cuda_event_grouped_5,10.3808,ok,,,,,5,20,torch_flat_router|B1|E16|D4096
router-quick,router,flat_router_decode,torch_flat_router,,bf16,1,16,4096,,8,0,8,,score,eager,cuda_event_grouped_5,10.5344,ok,,,,,5,20,torch_flat_router|B1|E16|D4096
router-quick,router,flat_router_decode,torch_flat_router,,bf16,1,16,4096,,8,0,9,,score,eager,cuda_event_grouped_5,10.7328,ok,,,,,5,20,torch_flat_router|B1|E16|D4096
router-quick,router,flat_router_decode,torch_flat_router,,bf16,1,16,4096,,8,0,10,,score,eager,cuda_event_grouped_5,11.1616,ok,,,,,5,20,torch_flat_router|B1|E16|D4096
router-quick,router,flat_router_decode,torch_flat_router,,bf16,1,16,4096,,8,0,11,,score,eager,cuda_event_grouped_5,10.5344,ok,,,,,5,20,torch_flat_router|B1|E16|D4096
router-quick,router,flat_router_decode,torch_flat_router,,bf16,1,16,4096,,8,0,12,,score,eager,cuda_event_grouped_5,10.9248,ok,,,,,5,20,torch_flat_router|B1|E16|D4096
router-quick,router,flat_router_decode,torch_flat_router,,bf16,1,16,4096,,8,0,13,,score,eager,cuda_event_grouped_5,10.528,ok,,,,,5,20,torch_flat_router|B1|E16|D4096
router-quick,router,flat_router_decode,torch_flat_router,,bf16,1,16,4096,,8,0,14,,score,eager,cuda_event_grouped_5,10.6112,ok,,,,,5,20,torch_flat_router|B1|E16|D4096
router-quick,router,flat_router_decode,torch_flat_router,,bf16,1,16,4096,,8,0,15,,score,eager,cuda_event_grouped_5,10.752,ok,,,,,5,20,torch_flat_router|B1|E16|D4096
router-quick,router,flat_router_decode,torch_flat_router,,bf16,1,16,4096,,8,0,16,,score,eager,cuda_event_grouped_5,10.72,ok,,,,,5,20,torch_flat_router|B1|E16|D4096
router-quick,router,flat_router_decode,torch_flat_router,,bf16,1,16,4096,,8,0,17,,score,eager,cuda_event_grouped_5,10.5792,ok,,,,,5,20,torch_flat_router|B1|E16|D4096
router-quick,router,flat_router_decode,torch_flat_router,,bf16,1,16,4096,,8,0,18,,score,eager,cuda_event_grouped_5,10.6624,ok,,,,,5,20,torch_flat_router|B1|E16|D4096
router-quick,router,flat_router_decode,torch_flat_router,,bf16,1,16,4096,,8,0,19,,score,eager,cuda_event_grouped_5,10.4512,ok,,,,,5,20,torch_flat_router|B1|E16|D4096
router-quick,router,flat_router_decode,torch_flat_router,,bf16,1,16,4096,,8,0,20,,score,eager,cuda_event_grouped_5,10.528,ok,,,,,5,20,torch_flat_router|B1|E16|D4096
router-quick,router,flat_router_decode,torch_flat_router,,bf16,1,16,4096,,8,0,21,,score,eager,cuda_event_grouped_5,10.7008,ok,,,,,5,20,torch_flat_router|B1|E16|D4096
router-quick,router,flat_router_decode,torch_flat_router,,bf16,1,16,4096,,8,0,22,,score,eager,cuda_event_grouped_5,10.4832,ok,,,,,5,20,torch_flat_router|B1|E16|D4096
router-quick,router,flat_router_decode,torch_flat_router,,bf16,1,16,4096,,8,0,23,,score,eager,cuda_event_grouped_5,10.4832,ok,,,,,5,20,torch_flat_router|B1|E16|D4096
router-quick,router,flat_router_decode,torch_flat_router,,bf16,1,16,4096,,8,0,24,,score,eager,cuda_event_grouped_5,10.6688,ok,,,,,5,20,torch_flat_router|B1|E16|D4096
router-quick,router,flat_router_decode,torch_flat_router,,bf16,1,16,4096,,8,0,25,,score,eager,cuda_event_grouped_5,10.7648,ok,,,,,5,20,torch_flat_router|B1|E16|D4096
router-quick,router,flat_router_decode,torch_flat_router,,bf16,1,16,4096,,8,0,26,,score,eager,cuda_event_grouped_5,10.4256,ok,,,,,5,20,torch_flat_router|B1|E16|D4096
router-quick,router,flat_router_decode,torch_flat_router,,bf16,1,16,4096,,8,0,27,,score,eager,cuda_event_grouped_5,10.6432,ok,,,,,5,20,torch_flat_router|B1|E16|D4096
router-quick,router,flat_router_decode,torch_flat_router,,bf16,1,16,4096,,8,0,28,,score,eager,cuda_event_grouped_5,10.6688,ok,,,,,5,20,torch_flat_router|B1|E16|D4096
router-quick,router,flat_router_decode,torch_flat_router,,bf16,1,16,4096,,8,0,29,,score,eager,cuda_event_grouped_5,10.336,ok,,,,,5,20,torch_flat_router|B1|E16|D4096
router-quick,router,flat_router_decode,torch_flat_router,,bf16,1,16,4096,,8,0,30,,score,eager,cuda_event_grouped_5,10.5472,ok,,,,,5,20,torch_flat_router|B1|E16|D4096
router-quick,router,flat_router_decode,torch_flat_router,,bf16,1,16,4096,,8,0,31,,score,eager,cuda_event_grouped_5,10.7072,ok,,,,,5,20,torch_flat_router|B1|E16|D4096
router-quick,router,flat_router_decode,torch_flat_router,,bf16,1,16,4096,,8,0,32,,score,eager,cuda_event_grouped_5,10.5536,ok,,,,,5,20,torch_flat_router|B1|E16|D4096
router-quick,router,flat_router_decode,torch_flat_router,,bf16,1,16,4096,,8,0,33,,score,eager,cuda_event_grouped_5,10.4448,ok,,,,,5,20,torch_flat_router|B1|E16|D4096
router-quick,router,flat_router_decode,torch_flat_router,,bf16,1,16,4096,,8,0,34,,score,eager,cuda_event_grouped_5,10.7584,ok,,,,,5,20,torch_flat_router|B1|E16|D4096
router-quick,router,flat_router_decode,torch_flat_router,,bf16,1,16,4096,,8,0,35,,score,eager,cuda_event_grouped_5,10.5088,ok,,,,,5,20,torch_flat_router|B1|E16|D4096
router-quick,router,flat_router_decode,torch_flat_router,,bf16,1,16,4096,,8,0,36,,score,eager,cuda_event_grouped_5,10.4448,ok,,,,,5,20,torch_flat_router|B1|E16|D4096
router-quick,router,flat_router_decode,torch_flat_router,,bf16,1,16,4096,,8,0,37,,score,eager,cuda_event_grouped_5,10.752,ok,,,,,5,20,torch_flat_router|B1|E16|D4096
router-quick,router,flat_router_decode,torch_flat_router,,bf16,1,16,4096,,8,0,38,,score,eager,cuda_event_grouped_5,10.5984,ok,,,,,5,20,torch_flat_router|B1|E16|D4096
router-quick,router,flat_router_decode,torch_flat_router,,bf16,1,16,4096,,8,0,39,,score,eager,cuda_event_grouped_5,10.7392,ok,,,,,5,20,torch_flat_router|B1|E16|D4096
router-quick,router,flat_router_decode,torch_flat_router,,bf16,1,16,4096,,8,0,40,,score,eager,cuda_event_grouped_5,10.432,ok,,,,,5,20,torch_flat_router|B1|E16|D4096
router-quick,router,flat_router_decode,torch_flat_router,,bf16,1,16,4096,,8,0,41,,score,eager,cuda_event_grouped_5,10.816,ok,,,,,5,20,torch_flat_router|B1|E16|D4096
router-quick,router,flat_router_decode,torch_flat_router,,bf16,1,16,4096,,8,0,42,,score,eager,cuda_event_grouped_5,10.8096,ok,,,,,5,20,torch_flat_router|B1|E16|D4096
router-quick,router,flat_router_decode,torch_flat_router,,bf16,1,16,4096,,8,0,43,,score,eager,cuda_event_grouped_5,10.432,ok,,,,,5,20,torch_flat_router|B1|E16|D4096
router-quick,router,flat_router_decode,torch_flat_router,,bf16,1,16,4096,,8,0,44,,score,eager,cuda_event_grouped_5,10.784,ok,,,,,5,20,torch_flat_router|B1|E16|D4096
router-quick,router,flat_router_decode,torch_flat_router,,bf16,1,16,4096,,8,0,45,,score,eager,cuda_event_grouped_5,10.4704,ok,,,,,5,20,torch_flat_router|B1|E16|D4096
router-quick,router,flat_router_decode,torch_flat_router,,bf16,1,16,4096,,8,0,46,,score,eager,cuda_event_grouped_5,10.6368,ok,,,,,5,20,torch_flat_router|B1|E16|D4096
router-quick,router,flat_router_decode,torch_flat_router,,bf16,1,16,4096,,8,0,47,,score,eager,cuda_event_grouped_5,10.6432,ok,,,,,5,20,torch_flat_router|B1|E16|D4096
router-quick,router,flat_router_decode,torch_flat_router,,bf16,1,16,4096,,8,0,48,,score,eager,cuda_event_grouped_5,10.5472,ok,,,,,5,20,torch_flat_router|B1|E16|D4096
router-quick,router,flat_router_decode,torch_flat_router,,bf16,1,16,4096,,8,0,49,,score,eager,cuda_event_grouped_5,10.496,ok,,,,,5,20,torch_flat_router|B1|E16|D4096
router-quick,router,flat_router_decode,torch_flat_router,,bf16,1,16,4096,,8,0,50,,score,eager,cuda_event_grouped_5,10.656,ok,,,,,5,20,torch_flat_router|B1|E16|D4096
router-quick,router,flat_router_decode,torch_flat_router,,bf16,1,16,4096,,8,0,51,,score,eager,cuda_event_grouped_5,10.4192,ok,,,,,5,20,torch_flat_router|B1|E16|D4096
router-quick,router,flat_router_decode,torch_flat_router,,bf16,1,16,4096,,8,0,52,,score,eager,cuda_event_grouped_5,10.5408,ok,,,,,5,20,torch_flat_router|B1|E16|D4096
router-quick,router,flat_router_decode,torch_flat_router,,bf16,1,16,4096,,8,0,53,,score,eager,cuda_event_grouped_5,11.2,ok,,,,,5,20,torch_flat_router|B1|E16|D4096
router-quick,router,flat_router_decode,torch_flat_router,,bf16,1,16,4096,,8,0,54,,score,eager,cuda_event_grouped_5,10.4256,ok,,,,,5,20,torch_flat_router|B1|E16|D4096
router-quick,router,flat_router_decode,torch_flat_router,,bf16,1,16,4096,,8,0,55,,score,eager,cuda_event_grouped_5,10.5664,ok,,,,,5,20,torch_flat_router|B1|E16|D4096
router-quick,router,flat_router_decode,torch_flat_router,,bf16,1,16,4096,,8,0,56,,score,eager,cuda_event_grouped_5,10.6368,ok,,,,,5,20,torch_flat_router|B1|E16|D4096
router-quick,router,flat_router_decode,torch_flat_router,,bf16,1,16,4096,,8,0,57,,score,eager,cuda_event_grouped_5,10.7136,ok,,,,,5,20,torch_flat_router|B1|E16|D4096
router-quick,router,flat_router_decode,torch_flat_router,,bf16,1,16,4096,,8,0,58,,score,eager,cuda_event_grouped_5,10.496,ok,,,,,5,20,torch_flat_router|B1|E16|D4096
router-quick,router,flat_router_decode,torch_flat_router,,bf16,1,16,4096,,8,0,59,,score,eager,cuda_event_grouped_5,10.4576,ok,,,,,5,20,torch_flat_router|B1|E16|D4096
router-quick,router,flat_router_decode,torch_flat_router,,bf16,1,16,4096,,8,0,60,,score,eager,cuda_event_grouped_5,10.9056,ok,,,,,5,20,torch_flat_router|B1|E16|D4096
router-quick,router,flat_router_decode,torch_flat_router,,bf16,1,16,4096,,8,0,61,,score,eager,cuda_event_grouped_5,10.4832,ok,,,,,5,20,torch_flat_router|B1|E16|D4096
router-quick,router,flat_router_decode,torch_flat_router,,bf16,1,16,4096,,8,0,62,,score,eager,cuda_event_grouped_5,10.2016,ok,,,,,5,20,torch_flat_router|B1|E16|D4096
router-quick,router,flat_router_decode,torch_flat_router,,bf16,1,16,4096,,8,0,63,,score,eager,cuda_event_grouped_5,10.4384,ok,,,,,5,20,torch_flat_router|B1|E16|D4096
router-quick,router,flat_router_decode,torch_flat_router,,bf16,1,16,4096,,8,0,64,,score,eager,cuda_event_grouped_5,10.176,ok,,,,,5,20,torch_flat_router|B1|E16|D4096
router-quick,router,flat_router_decode,torch_flat_router,,bf16,1,16,4096,,8,0,65,,score,eager,cuda_event_grouped_5,9.9968,ok,,,,,5,20,torch_flat_router|B1|E16|D4096
router-quick,router,flat_router_decode,torch_flat_router,,bf16,1,16,4096,,8,0,66,,score,eager,cuda_event_grouped_5,10.368,ok,,,,,5,20,torch_flat_router|B1|E16|D4096
router-quick,router,flat_router_decode,torch_flat_router,,bf16,1,16,4096,,8,0,67,,score,eager,cuda_event_grouped_5,10.0928,ok,,,,,5,20,torch_flat_router|B1|E16|D4096
router-quick,router,flat_router_decode,torch_flat_router,,bf16,1,16,4096,,8,0,68,,score,eager,cuda_event_grouped_5,10.4576,ok,,,,,5,20,torch_flat_router|B1|E16|D4096
router-quick,router,flat_router_decode,torch_flat_router,,bf16,1,16,4096,,8,0,69,,score,eager,cuda_event_grouped_5,10.3104,ok,,,,,5,20,torch_flat_router|B1|E16|D4096
router-quick,router,flat_router_decode,torch_flat_router,,bf16,1,16,4096,,8,0,70,,score,eager,cuda_event_grouped_5,10.1504,ok,,,,,5,20,torch_flat_router|B1|E16|D4096
router-quick,router,flat_router_decode,torch_flat_router,,bf16,1,16,4096,,8,0,71,,score,eager,cuda_event_grouped_5,10.0352,ok,,,,,5,20,torch_flat_router|B1|E16|D4096
router-quick,router,flat_router_decode,torch_flat_router,,bf16,1,16,4096,,8,0,72,,score,eager,cuda_event_grouped_5,10.144,ok,,,,,5,20,torch_flat_router|B1|E16|D4096
router-quick,router,flat_router_decode,torch_flat_router,,bf16,1,16,4096,,8,0,73,,score,eager,cuda_event_grouped_5,10.208,ok,,,,,5,20,torch_flat_router|B1|E16|D4096
router-quick,router,flat_router_decode,torch_flat_router,,bf16,1,16,4096,,8,0,74,,score,eager,cuda_event_grouped_5,12.32,ok,,,,,5,20,torch_flat_router|B1|E16|D4096
router-quick,router,flat_router_decode,torch_flat_router,,bf16,1,16,4096,,8,0,75,,score,eager,cuda_event_grouped_5,10.112,ok,,,,,5,20,torch_flat_router|B1|E16|D4096
router-quick,router,flat_router_decode,torch_flat_router,,bf16,1,16,4096,,8,0,76,,score,eager,cuda_event_grouped_5,10.4,ok,,,,,5,20,torch_flat_router|B1|E16|D4096
router-quick,router,flat_router_decode,torch_flat_router,,bf16,1,16,4096,,8,0,77,,score,eager,cuda_event_grouped_5,10.08,ok,,,,,5,20,torch_flat_router|B1|E16|D4096
router-quick,router,flat_router_decode,torch_flat_router,,bf16,1,16,4096,,8,0,78,,score,eager,cuda_event_grouped_5,9.9776,ok,,,,,5,20,torch_flat_router|B1|E16|D4096
router-quick,router,flat_router_decode,torch_flat_router,,bf16,1,16,4096,,8,0,79,,score,eager,cuda_event_grouped_5,10.2464,ok,,,,,5,20,torch_flat_router|B1|E16|D4096
router-quick,router,flat_router_decode,torch_flat_router,,bf16,1,16,4096,,8,0,80,,score,eager,cuda_event_grouped_5,10.1888,ok,,,,,5,20,torch_flat_router|B1|E16|D4096
router-quick,router,flat_router_decode,torch_flat_router,,bf16,1,16,4096,,8,0,81,,score,eager,cuda_event_grouped_5,10.0928,ok,,,,,5,20,torch_flat_router|B1|E16|D4096
router-quick,router,flat_router_decode,torch_flat_router,,bf16,1,16,4096,,8,0,82,,score,eager,cuda_event_grouped_5,10.5024,ok,,,,,5,20,torch_flat_router|B1|E16|D4096
router-quick,router,flat_router_decode,torch_flat_router,,bf16,1,16,4096,,8,0,83,,score,eager,cuda_event_grouped_5,10.1568,ok,,,,,5,20,torch_flat_router|B1|E16|D4096
router-quick,router,flat_router_decode,torch_flat_router,,bf16,1,16,4096,,8,0,84,,score,eager,cuda_event_grouped_5,10.24,ok,,,,,5,20,torch_flat_router|B1|E16|D4096
router-quick,router,flat_router_decode,torch_flat_router,,bf16,1,16,4096,,8,0,85,,score,eager,cuda_event_grouped_5,10.2784,ok,,,,,5,20,torch_flat_router|B1|E16|D4096
router-quick,router,flat_router_decode,torch_flat_router,,bf16,1,16,4096,,8,0,86,,score,eager,cuda_event_grouped_5,10.0992,ok,,,,,5,20,torch_flat_router|B1|E16|D4096
router-quick,router,flat_router_decode,torch_flat_router,,bf16,1,16,4096,,8,0,87,,score,eager,cuda_event_grouped_5,10.0416,ok,,,,,5,20,torch_flat_router|B1|E16|D4096
router-quick,router,flat_router_decode,torch_flat_router,,bf16,1,16,4096,,8,0,88,,score,eager,cuda_event_grouped_5,10.1056,ok,,,,,5,20,torch_flat_router|B1|E16|D4096
router-quick,router,flat_router_decode,torch_flat_router,,bf16,1,16,4096,,8,0,89,,score,eager,cuda_event_grouped_5,10.4896,ok,,,,,5,20,torch_flat_router|B1|E16|D4096
router-quick,router,flat_router_decode,torch_flat_router,,bf16,1,16,4096,,8,0,90,,score,eager,cuda_event_grouped_5,10.1568,ok,,,,,5,20,torch_flat_router|B1|E16|D4096
router-quick,router,flat_router_decode,torch_flat_router,,bf16,1,16,4096,,8,0,91,,score,eager,cuda_event_grouped_5,10.0672,ok,,,,,5,20,torch_flat_router|B1|E16|D4096
router-quick,router,flat_router_decode,torch_flat_router,,bf16,1,16,4096,,8,0,92,,score,eager,cuda_event_grouped_5,10.4256,ok,,,,,5,20,torch_flat_router|B1|E16|D4096
router-quick,router,flat_router_decode,torch_flat_router,,bf16,1,16,4096,,8,0,93,,score,eager,cuda_event_grouped_5,10.0672,ok,,,,,5,20,torch_flat_router|B1|E16|D4096
router-quick,router,flat_router_decode,torch_flat_router,,bf16,1,16,4096,,8,0,94,,score,eager,cuda_event_grouped_5,10.0608,ok,,,,,5,20,torch_flat_router|B1|E16|D4096
router-quick,router,flat_router_decode,torch_flat_router,,bf16,1,16,4096,,8,0,95,,score,eager,cuda_event_grouped_5,10.272,ok,,,,,5,20,torch_flat_router|B1|E16|D4096
router-quick,router,flat_router_decode,torch_flat_router,,bf16,1,16,4096,,8,0,96,,score,eager,cuda_event_grouped_5,10.08,ok,,,,,5,20,torch_flat_router|B1|E16|D4096
router-quick,router,flat_router_decode,torch_flat_router,,bf16,1,16,4096,,8,0,97,,score,eager,cuda_event_grouped_5,9.9776,ok,,,,,5,20,torch_flat_router|B1|E16|D4096
router-quick,router,flat_router_decode,torch_flat_router,,bf16,1,16,4096,,8,0,98,,score,eager,cuda_event_grouped_5,10.4256,ok,,,,,5,20,torch_flat_router|B1|E16|D4096
router-quick,router,flat_router_decode,torch_flat_router,,bf16,1,16,4096,,8,0,99,,score,eager,cuda_event_grouped_5,10.1312,ok,,,,,5,20,torch_flat_router|B1|E16|D4096
router-quick,router,flat_router_decode,torch_flat_router,,bf16,1,16,4096,,8,0,0,,select,eager,cuda_event_grouped_4,12.16,ok,,,,,4,20,torch_flat_router|B1|E16|D4096
router-quick,router,flat_router_decode,torch_flat_router,,bf16,1,16,4096,,8,0,1,,select,eager,cuda_event_grouped_4,12.848,ok,,,,,4,20,torch_flat_router|B1|E16|D4096
router-quick,router,flat_router_decode,torch_flat_router,,bf16,1,16,4096,,8,0,2,,select,eager,cuda_event_grouped_4,12.112,ok,,,,,4,20,torch_flat_router|B1|E16|D4096
router-quick,router,flat_router_decode,torch_flat_router,,bf16,1,16,4096,,8,0,3,,select,eager,cuda_event_grouped_4,13.216,ok,,,,,4,20,torch_flat_router|B1|E16|D4096
router-quick,router,flat_router_decode,torch_flat_router,,bf16,1,16,4096,,8,0,4,,select,eager,cuda_event_grouped_4,12.536,ok,,,,,4,20,torch_flat_router|B1|E16|D4096
router-quick,router,flat_router_decode,torch_flat_router,,bf16,1,16,4096,,8,0,5,,select,eager,cuda_event_grouped_4,12.096,ok,,,,,4,20,torch_flat_router|B1|E16|D4096
router-quick,router,flat_router_decode,torch_flat_router,,bf16,1,16,4096,,8,0,6,,select,eager,cuda_event_grouped_4,12.424,ok,,,,,4,20,torch_flat_router|B1|E16|D4096
router-quick,router,flat_router_decode,torch_flat_router,,bf16,1,16,4096,,8,0,7,,select,eager,cuda_event_grouped_4,12.768,ok,,,,,4,20,torch_flat_router|B1|E16|D4096
router-quick,router,flat_router_decode,torch_flat_router,,bf16,1,16,4096,,8,0,8,,select,eager,cuda_event_grouped_4,11.592,ok,,,,,4,20,torch_flat_router|B1|E16|D4096
router-quick,router,flat_router_decode,torch_flat_router,,bf16,1,16,4096,,8,0,9,,select,eager,cuda_event_grouped_4,12.84,ok,,,,,4,20,torch_flat_router|B1|E16|D4096
router-quick,router,flat_router_decode,torch_flat_router,,bf16,1,16,4096,,8,0,10,,select,eager,cuda_event_grouped_4,12.048,ok,,,,,4,20,torch_flat_router|B1|E16|D4096
router-quick,router,flat_router_decode,torch_flat_router,,bf16,1,16,4096,,8,0,11,,select,eager,cuda_event_grouped_4,13.208,ok,,,,,4,20,torch_flat_router|B1|E16|D4096
router-quick,router,flat_router_decode,torch_flat_router,,bf16,1,16,4096,,8,0,12,,select,eager,cuda_event_grouped_4,12.408,ok,,,,,4,20,torch_flat_router|B1|E16|D4096
router-quick,router,flat_router_decode,torch_flat_router,,bf16,1,16,4096,,8,0,13,,select,eager,cuda_event_grouped_4,12.296,ok,,,,,4,20,torch_flat_router|B1|E16|D4096
router-quick,router,flat_router_decode,torch_flat_router,,bf16,1,16,4096,,8,0,14,,select,eager,cuda_event_grouped_4,12.536,ok,,,,,4,20,torch_flat_router|B1|E16|D4096
router-quick,router,flat_router_decode,torch_flat_router,,bf16,1,16,4096,,8,0,15,,select,eager,cuda_event_grouped_4,13.304,ok,,,,,4,20,torch_flat_router|B1|E16|D4096
router-quick,router,flat_router_decode,torch_flat_router,,bf16,1,16,4096,,8,0,16,,select,eager,cuda_event_grouped_4,11.552,ok,,,,,4,20,torch_flat_router|B1|E16|D4096
router-quick,router,flat_router_decode,torch_flat_router,,bf16,1,16,4096,,8,0,17,,select,eager,cuda_event_grouped_4,12.856,ok,,,,,4,20,torch_flat_router|B1|E16|D4096
router-quick,router,flat_router_decode,torch_flat_router,,bf16,1,16,4096,,8,0,18,,select,eager,cuda_event_grouped_4,12.16,ok,,,,,4,20,torch_flat_router|B1|E16|D4096
router-quick,router,flat_router_decode,torch_flat_router,,bf16,1,16,4096,,8,0,19,,select,eager,cuda_event_grouped_4,13.224,ok,,,,,4,20,torch_flat_router|B1|E16|D4096
router-quick,router,flat_router_decode,torch_flat_router,,bf16,1,16,4096,,8,0,20,,select,eager,cuda_event_grouped_4,12.56,ok,,,,,4,20,torch_flat_router|B1|E16|D4096
router-quick,router,flat_router_decode,torch_flat_router,,bf16,1,16,4096,,8,0,21,,select,eager,cuda_event_grouped_4,11.968,ok,,,,,4,20,torch_flat_router|B1|E16|D4096
router-quick,router,flat_router_decode,torch_flat_router,,bf16,1,16,4096,,8,0,22,,select,eager,cuda_event_grouped_4,12.272,ok,,,,,4,20,torch_flat_router|B1|E16|D4096
router-quick,router,flat_router_decode,torch_flat_router,,bf16,1,16,4096,,8,0,23,,select,eager,cuda_event_grouped_4,12.808,ok,,,,,4,20,torch_flat_router|B1|E16|D4096
router-quick,router,flat_router_decode,torch_flat_router,,bf16,1,16,4096,,8,0,24,,select,eager,cuda_event_grouped_4,11.68,ok,,,,,4,20,torch_flat_router|B1|E16|D4096
router-quick,router,flat_router_decode,torch_flat_router,,bf16,1,16,4096,,8,0,25,,select,eager,cuda_event_grouped_4,12.896,ok,,,,,4,20,torch_flat_router|B1|E16|D4096
router-quick,router,flat_router_decode,torch_flat_router,,bf16,1,16,4096,,8,0,26,,select,eager,cuda_event_grouped_4,12.176,ok,,,,,4,20,torch_flat_router|B1|E16|D4096
router-quick,router,flat_router_decode,torch_flat_router,,bf16,1,16,4096,,8,0,27,,select,eager,cuda_event_grouped_4,13.496,ok,,,,,4,20,torch_flat_router|B1|E16|D4096
router-quick,router,flat_router_decode,torch_flat_router,,bf16,1,16,4096,,8,0,28,,select,eager,cuda_event_grouped_4,12.416,ok,,,,,4,20,torch_flat_router|B1|E16|D4096
router-quick,router,flat_router_decode,torch_flat_router,,bf16,1,16,4096,,8,0,29,,select,eager,cuda_event_grouped_4,12.168,ok,,,,,4,20,torch_flat_router|B1|E16|D4096
router-quick,router,flat_router_decode,torch_flat_router,,bf16,1,16,4096,,8,0,30,,select,eager,cuda_event_grouped_4,12.168,ok,,,,,4,20,torch_flat_router|B1|E16|D4096
router-quick,router,flat_router_decode,torch_flat_router,,bf16,1,16,4096,,8,0,31,,select,eager,cuda_event_grouped_4,13.056,ok,,,,,4,20,torch_flat_router|B1|E16|D4096
router-quick,router,flat_router_decode,torch_flat_router,,bf16,1,16,4096,,8,0,32,,select,eager,cuda_event_grouped_4,11.672,ok,,,,,4,20,torch_flat_router|B1|E16|D4096
router-quick,router,flat_router_decode,torch_flat_router,,bf16,1,16,4096,,8,0,33,,select,eager,cuda_event_grouped_4,12.928,ok,,,,,4,20,torch_flat_router|B1|E16|D4096
router-quick,router,flat_router_decode,torch_flat_router,,bf16,1,16,4096,,8,0,34,,select,eager,cuda_event_grouped_4,12.208,ok,,,,,4,20,torch_flat_router|B1|E16|D4096
router-quick,router,flat_router_decode,torch_flat_router,,bf16,1,16,4096,,8,0,35,,select,eager,cuda_event_grouped_4,13.424,ok,,,,,4,20,torch_flat_router|B1|E16|D4096
router-quick,router,flat_router_decode,torch_flat_router,,bf16,1,16,4096,,8,0,36,,select,eager,cuda_event_grouped_4,12.496,ok,,,,,4,20,torch_flat_router|B1|E16|D4096
router-quick,router,flat_router_decode,torch_flat_router,,bf16,1,16,4096,,8,0,37,,select,eager,cuda_event_grouped_4,11.992,ok,,,,,4,20,torch_flat_router|B1|E16|D4096
router-quick,router,flat_router_decode,torch_flat_router,,bf16,1,16,4096,,8,0,38,,select,eager,cuda_event_grouped_4,12.2,ok,,,,,4,20,torch_flat_router|B1|E16|D4096
router-quick,router,flat_router_decode,torch_flat_router,,bf16,1,16,4096,,8,0,39,,select,eager,cuda_event_grouped_4,12.936,ok,,,,,4,20,torch_flat_router|B1|E16|D4096
router-quick,router,flat_router_decode,torch_flat_router,,bf16,1,16,4096,,8,0,40,,select,eager,cuda_event_grouped_4,11.728,ok,,,,,4,20,torch_flat_router|B1|E16|D4096
router-quick,router,flat_router_decode,torch_flat_router,,bf16,1,16,4096,,8,0,41,,select,eager,cuda_event_grouped_4,12.888,ok,,,,,4,20,torch_flat_router|B1|E16|D4096
router-quick,router,flat_router_decode,torch_flat_router,,bf16,1,16,4096,,8,0,42,,select,eager,cuda_event_grouped_4,12.352,ok,,,,,4,20,torch_flat_router|B1|E16|D4096
router-quick,router,flat_router_decode,torch_flat_router,,bf16,1,16,4096,,8,0,43,,select,eager,cuda_event_grouped_4,13.288,ok,,,,,4,20,torch_flat_router|B1|E16|D4096
router-quick,router,flat_router_decode,torch_flat_router,,bf16,1,16,4096,,8,0,44,,select,eager,cuda_event_grouped_4,12.584,ok,,,,,4,20,torch_flat_router|B1|E16|D4096
router-quick,router,flat_router_decode,torch_flat_router,,bf16,1,16,4096,,8,0,45,,select,eager,cuda_event_grouped_4,12.16,ok,,,,,4,20,torch_flat_router|B1|E16|D4096
router-quick,router,flat_router_decode,torch_flat_router,,bf16,1,16,4096,,8,0,46,,select,eager,cuda_event_grouped_4,13.08,ok,,,,,4,20,torch_flat_router|B1|E16|D4096
router-quick,router,flat_router_decode,torch_flat_router,,bf16,1,16,4096,,8,0,47,,select,eager,cuda_event_grouped_4,12.784,ok,,,,,4,20,torch_flat_router|B1|E16|D4096
router-quick,router,flat_router_decode,torch_flat_router,,bf16,1,16,4096,,8,0,48,,select,eager,cuda_event_grouped_4,11.896,ok,,,,,4,20,torch_flat_router|B1|E16|D4096
router-quick,router,flat_router_decode,torch_flat_router,,bf16,1,16,4096,,8,0,49,,select,eager,cuda_event_grouped_4,12.776,ok,,,,,4,20,torch_flat_router|B1|E16|D4096
router-quick,router,flat_router_decode,torch_flat_router,,bf16,1,16,4096,,8,0,50,,select,eager,cuda_event_grouped_4,12.216,ok,,,,,4,20,torch_flat_router|B1|E16|D4096
router-quick,router,flat_router_decode,torch_flat_router,,bf16,1,16,4096,,8,0,51,,select,eager,cuda_event_grouped_4,13.256,ok,,,,,4,20,torch_flat_router|B1|E16|D4096
router-quick,router,flat_router_decode,torch_flat_router,,bf16,1,16,4096,,8,0,52,,select,eager,cuda_event_grouped_4,12.456,ok,,,,,4,20,torch_flat_router|B1|E16|D4096
router-quick,router,flat_router_decode,torch_flat_router,,bf16,1,16,4096,,8,0,53,,select,eager,cuda_event_grouped_4,12.36,ok,,,,,4,20,torch_flat_router|B1|E16|D4096
router-quick,router,flat_router_decode,torch_flat_router,,bf16,1,16,4096,,8,0,54,,select,eager,cuda_event_grouped_4,12.368,ok,,,,,4,20,torch_flat_router|B1|E16|D4096
router-quick,router,flat_router_decode,torch_flat_router,,bf16,1,16,4096,,8,0,55,,select,eager,cuda_event_grouped_4,12.992,ok,,,,,4,20,torch_flat_router|B1|E16|D4096
router-quick,router,flat_router_decode,torch_flat_router,,bf16,1,16,4096,,8,0,56,,select,eager,cuda_event_grouped_4,11.912,ok,,,,,4,20,torch_flat_router|B1|E16|D4096
router-quick,router,flat_router_decode,torch_flat_router,,bf16,1,16,4096,,8,0,57,,select,eager,cuda_event_grouped_4,13.024,ok,,,,,4,20,torch_flat_router|B1|E16|D4096
router-quick,router,flat_router_decode,torch_flat_router,,bf16,1,16,4096,,8,0,58,,select,eager,cuda_event_grouped_4,12.144,ok,,,,,4,20,torch_flat_router|B1|E16|D4096
router-quick,router,flat_router_decode,torch_flat_router,,bf16,1,16,4096,,8,0,59,,select,eager,cuda_event_grouped_4,13.448,ok,,,,,4,20,torch_flat_router|B1|E16|D4096
router-quick,router,flat_router_decode,torch_flat_router,,bf16,1,16,4096,,8,0,60,,select,eager,cuda_event_grouped_4,12.464,ok,,,,,4,20,torch_flat_router|B1|E16|D4096
router-quick,router,flat_router_decode,torch_flat_router,,bf16,1,16,4096,,8,0,61,,select,eager,cuda_event_grouped_4,12.112,ok,,,,,4,20,torch_flat_router|B1|E16|D4096
router-quick,router,flat_router_decode,torch_flat_router,,bf16,1,16,4096,,8,0,62,,select,eager,cuda_event_grouped_4,12.336,ok,,,,,4,20,torch_flat_router|B1|E16|D4096
router-quick,router,flat_router_decode,torch_flat_router,,bf16,1,16,4096,,8,0,63,,select,eager,cuda_event_grouped_4,12.8,ok,,,,,4,20,torch_flat_router|B1|E16|D4096
router-quick,router,flat_router_decode,torch_flat_router,,bf16,1,16,4096,,8,0,64,,select,eager,cuda_event_grouped_4,11.896,ok,,,,,4,20,torch_flat_router|B1|E16|D4096
router-quick,router,flat_router_decode,torch_flat_router,,bf16,1,16,4096,,8,0,65,,select,eager,cuda_event_grouped_4,15.168,ok,,,,,4,20,torch_flat_router|B1|E16|D4096
router-quick,router,flat_router_decode,torch_flat_router,,bf16,1,16,4096,,8,0,66,,select,eager,cuda_event_grouped_4,12.224,ok,,,,,4,20,torch_flat_router|B1|E16|D4096
router-quick,router,flat_router_decode,torch_flat_router,,bf16,1,16,4096,,8,0,67,,select,eager,cuda_event_grouped_4,13.264,ok,,,,,4,20,torch_flat_router|B1|E16|D4096
router-quick,router,flat_router_decode,torch_flat_router,,bf16,1,16,4096,,8,0,68,,select,eager,cuda_event_grouped_4,12.592,ok,,,,,4,20,torch_flat_router|B1|E16|D4096
router-quick,router,flat_router_decode,torch_flat_router,,bf16,1,16,4096,,8,0,69,,select,eager,cuda_event_grouped_4,12.136,ok,,,,,4,20,torch_flat_router|B1|E16|D4096
router-quick,router,flat_router_decode,torch_flat_router,,bf16,1,16,4096,,8,0,70,,select,eager,cuda_event_grouped_4,12.384,ok,,,,,4,20,torch_flat_router|B1|E16|D4096
router-quick,router,flat_router_decode,torch_flat_router,,bf16,1,16,4096,,8,0,71,,select,eager,cuda_event_grouped_4,12.896,ok,,,,,4,20,torch_flat_router|B1|E16|D4096
router-quick,router,flat_router_decode,torch_flat_router,,bf16,1,16,4096,,8,0,72,,select,eager,cuda_event_grouped_4,11.92,ok,,,,,4,20,torch_flat_router|B1|E16|D4096
router-quick,router,flat_router_decode,torch_flat_router,,bf16,1,16,4096,,8,0,73,,select,eager,cuda_event_grouped_4,12.864,ok,,,,,4,20,torch_flat_router|B1|E16|D4096
router-quick,router,flat_router_decode,torch_flat_router,,bf16,1,16,4096,,8,0,74,,select,eager,cuda_event_grouped_4,12.16,ok,,,,,4,20,torch_flat_router|B1|E16|D4096
router-quick,router,flat_router_decode,torch_flat_router,,bf16,1,16,4096,,8,0,75,,select,eager,cuda_event_grouped_4,13.248,ok,,,,,4,20,torch_flat_router|B1|E16|D4096
router-quick,router,flat_router_decode,torch_flat_router,,bf16,1,16,4096,,8,0,76,,select,eager,cuda_event_grouped_4,12.536,ok,,,,,4,20,torch_flat_router|B1|E16|D4096
router-quick,router,flat_router_decode,torch_flat_router,,bf16,1,16,4096,,8,0,77,,select,eager,cuda_event_grouped_4,12.936,ok,,,,,4,20,torch_flat_router|B1|E16|D4096
router-quick,router,flat_router_decode,torch_flat_router,,bf16,1,16,4096,,8,0,78,,select,eager,cuda_event_grouped_4,12.512,ok,,,,,4,20,torch_flat_router|B1|E16|D4096
router-quick,router,flat_router_decode,torch_flat_router,,bf16,1,16,4096,,8,0,79,,select,eager,cuda_event_grouped_4,12.912,ok,,,,,4,20,torch_flat_router|B1|E16|D4096
router-quick,router,flat_router_decode,torch_flat_router,,bf16,1,16,4096,,8,0,80,,select,eager,cuda_event_grouped_4,12.024,ok,,,,,4,20,torch_flat_router|B1|E16|D4096
router-quick,router,flat_router_decode,torch_flat_router,,bf16,1,16,4096,,8,0,81,,select,eager,cuda_event_grouped_4,12.96,ok,,,,,4,20,torch_flat_router|B1|E16|D4096
router-quick,router,flat_router_decode,torch_flat_router,,bf16,1,16,4096,,8,0,82,,select,eager,cuda_event_grouped_4,12.136,ok,,,,,4,20,torch_flat_router|B1|E16|D4096
router-quick,router,flat_router_decode,torch_flat_router,,bf16,1,16,4096,,8,0,83,,select,eager,cuda_event_grouped_4,13.408,ok,,,,,4,20,torch_flat_router|B1|E16|D4096
router-quick,router,flat_router_decode,torch_flat_router,,bf16,1,16,4096,,8,0,84,,select,eager,cuda_event_grouped_4,12.544,ok,,,,,4,20,torch_flat_router|B1|E16|D4096
router-quick,router,flat_router_decode,torch_flat_router,,bf16,1,16,4096,,8,0,85,,select,eager,cuda_event_grouped_4,12.096,ok,,,,,4,20,torch_flat_router|B1|E16|D4096
router-quick,router,flat_router_decode,torch_flat_router,,bf16,1,16,4096,,8,0,86,,select,eager,cuda_event_grouped_4,12.4,ok,,,,,4,20,torch_flat_router|B1|E16|D4096
router-quick,router,flat_router_decode,torch_flat_router,,bf16,1,16,4096,,8,0,87,,select,eager,cuda_event_grouped_4,12.912,ok,,,,,4,20,torch_flat_router|B1|E16|D4096
router-quick,router,flat_router_decode,torch_flat_router,,bf16,1,16,4096,,8,0,88,,select,eager,cuda_event_grouped_4,11.952,ok,,,,,4,20,torch_flat_router|B1|E16|D4096
router-quick,router,flat_router_decode,torch_flat_router,,bf16,1,16,4096,,8,0,89,,select,eager,cuda_event_grouped_4,12.768,ok,,,,,4,20,torch_flat_router|B1|E16|D4096
router-quick,router,flat_router_decode,torch_flat_router,,bf16,1,16,4096,,8,0,90,,select,eager,cuda_event_grouped_4,12.064,ok,,,,,4,20,torch_flat_router|B1|E16|D4096
router-quick,router,flat_router_decode,torch_flat_router,,bf16,1,16,4096,,8,0,91,,select,eager,cuda_event_grouped_4,13.288,ok,,,,,4,20,torch_flat_router|B1|E16|D4096
router-quick,router,flat_router_decode,torch_flat_router,,bf16,1,16,4096,,8,0,92,,select,eager,cuda_event_grouped_4,13.016,ok,,,,,4,20,torch_flat_router|B1|E16|D4096
router-quick,router,flat_router_decode,torch_flat_router,,bf16,1,16,4096,,8,0,93,,select,eager,cuda_event_grouped_4,12.28,ok,,,,,4,20,torch_flat_router|B1|E16|D4096
router-quick,router,flat_router_decode,torch_flat_router,,bf16,1,16,4096,,8,0,94,,select,eager,cuda_event_grouped_4,12.584,ok,,,,,4,20,torch_flat_router|B1|E16|D4096
router-quick,router,flat_router_decode,torch_flat_router,,bf16,1,16,4096,,8,0,95,,select,eager,cuda_event_grouped_4,12.944,ok,,,,,4,20,torch_flat_router|B1|E16|D4096
router-quick,router,flat_router_decode,torch_flat_router,,bf16,1,16,4096,,8,0,96,,select,eager,cuda_event_grouped_4,11.912,ok,,,,,4,20,torch_flat_router|B1|E16|D4096
router-quick,router,flat_router_decode,torch_flat_router,,bf16,1,16,4096,,8,0,97,,select,eager,cuda_event_grouped_4,12.912,ok,,,,,4,20,torch_flat_router|B1|E16|D4096
router-quick,router,flat_router_decode,torch_flat_router,,bf16,1,16,4096,,8,0,98,,select,eager,cuda_event_grouped_4,12.112,ok,,,,,4,20,torch_flat_router|B1|E16|D4096
router-quick,router,flat_router_decode,torch_flat_router,,bf16,1,16,4096,,8,0,99,,select,eager,cuda_event_grouped_4,13.184,ok,,,,,4,20,torch_flat_router|B1|E16|D4096
router-quick,router,flat_router_decode,torch_flat_router,,bf16,1,16,4096,,8,0,0,,combined,eager,cuda_event_grouped_3,23.8933,ok,,,,,3,20,torch_flat_router|B1|E16|D4096
router-quick,router,flat_router_decode,torch_flat_router,,bf16,1,16,4096,,8,0,1,,combined,eager,cuda_event_grouped_3,24.7147,ok,,,,,3,20,torch_flat_router|B1|E16|D4096
router-quick,router,flat_router_decode,torch_flat_router,,bf16,1,16,4096,,8,0,2,,combined,eager,cuda_event_grouped_3,23.104,ok,,,,,3,20,torch_flat_router|B1|E16|D4096
router-quick,router,flat_router_decode,torch_flat_router,,bf16,1,16,4096,,8,0,3,,combined,eager,cuda_event_grouped_3,22.9867,ok,,,,,3,20,torch_flat_router|B1|E16|D4096
router-quick,router,flat_router_decode,torch_flat_router,,bf16,1,16,4096,,8,0,4,,combined,eager,cuda_event_grouped_3,23.2,ok,,,,,3,20,torch_flat_router|B1|E16|D4096
router-quick,router,flat_router_decode,torch_flat_router,,bf16,1,16,4096,,8,0,5,,combined,eager,cuda_event_grouped_3,23.0827,ok,,,,,3,20,torch_flat_router|B1|E16|D4096
router-quick,router,flat_router_decode,torch_flat_router,,bf16,1,16,4096,,8,0,6,,combined,eager,cuda_event_grouped_3,23.392,ok,,,,,3,20,torch_flat_router|B1|E16|D4096
router-quick,router,flat_router_decode,torch_flat_router,,bf16,1,16,4096,,8,0,7,,combined,eager,cuda_event_grouped_3,22.9547,ok,,,,,3,20,torch_flat_router|B1|E16|D4096
router-quick,router,flat_router_decode,torch_flat_router,,bf16,1,16,4096,,8,0,8,,combined,eager,cuda_event_grouped_3,25.3227,ok,,,,,3,20,torch_flat_router|B1|E16|D4096
router-quick,router,flat_router_decode,torch_flat_router,,bf16,1,16,4096,,8,0,9,,combined,eager,cuda_event_grouped_3,23.1253,ok,,,,,3,20,torch_flat_router|B1|E16|D4096
router-quick,router,flat_router_decode,torch_flat_router,,bf16,1,16,4096,,8,0,10,,combined,eager,cuda_event_grouped_3,23.136,ok,,,,,3,20,torch_flat_router|B1|E16|D4096
router-quick,router,flat_router_decode,torch_flat_router,,bf16,1,16,4096,,8,0,11,,combined,eager,cuda_event_grouped_3,23.2427,ok,,,,,3,20,torch_flat_router|B1|E16|D4096
router-quick,router,flat_router_decode,torch_flat_router,,bf16,1,16,4096,,8,0,12,,combined,eager,cuda_event_grouped_3,23.5627,ok,,,,,3,20,torch_flat_router|B1|E16|D4096
router-quick,router,flat_router_decode,torch_flat_router,,bf16,1,16,4096,,8,0,13,,combined,eager,cuda_event_grouped_3,23.04,ok,,,,,3,20,torch_flat_router|B1|E16|D4096
router-quick,router,flat_router_decode,torch_flat_router,,bf16,1,16,4096,,8,0,14,,combined,eager,cuda_event_grouped_3,23.2533,ok,,,,,3,20,torch_flat_router|B1|E16|D4096
router-quick,router,flat_router_decode,torch_flat_router,,bf16,1,16,4096,,8,0,15,,combined,eager,cuda_event_grouped_3,23.008,ok,,,,,3,20,torch_flat_router|B1|E16|D4096
router-quick,router,flat_router_decode,torch_flat_router,,bf16,1,16,4096,,8,0,16,,combined,eager,cuda_event_grouped_3,23.104,ok,,,,,3,20,torch_flat_router|B1|E16|D4096
router-quick,router,flat_router_decode,torch_flat_router,,bf16,1,16,4096,,8,0,17,,combined,eager,cuda_event_grouped_3,27.3707,ok,,,,,3,20,torch_flat_router|B1|E16|D4096
router-quick,router,flat_router_decode,torch_flat_router,,bf16,1,16,4096,,8,0,18,,combined,eager,cuda_event_grouped_3,22.816,ok,,,,,3,20,torch_flat_router|B1|E16|D4096
router-quick,router,flat_router_decode,torch_flat_router,,bf16,1,16,4096,,8,0,19,,combined,eager,cuda_event_grouped_3,24.0853,ok,,,,,3,20,torch_flat_router|B1|E16|D4096
router-quick,router,flat_router_decode,torch_flat_router,,bf16,1,16,4096,,8,0,20,,combined,eager,cuda_event_grouped_3,23.072,ok,,,,,3,20,torch_flat_router|B1|E16|D4096
router-quick,router,flat_router_decode,torch_flat_router,,bf16,1,16,4096,,8,0,21,,combined,eager,cuda_event_grouped_3,23.2427,ok,,,,,3,20,torch_flat_router|B1|E16|D4096
router-quick,router,flat_router_decode,torch_flat_router,,bf16,1,16,4096,,8,0,22,,combined,eager,cuda_event_grouped_3,23.2427,ok,,,,,3,20,torch_flat_router|B1|E16|D4096
router-quick,router,flat_router_decode,torch_flat_router,,bf16,1,16,4096,,8,0,23,,combined,eager,cuda_event_grouped_3,23.2213,ok,,,,,3,20,torch_flat_router|B1|E16|D4096
router-quick,router,flat_router_decode,torch_flat_router,,bf16,1,16,4096,,8,0,24,,combined,eager,cuda_event_grouped_3,23.5627,ok,,,,,3,20,torch_flat_router|B1|E16|D4096
router-quick,router,flat_router_decode,torch_flat_router,,bf16,1,16,4096,,8,0,25,,combined,eager,cuda_event_grouped_3,23.04,ok,,,,,3,20,torch_flat_router|B1|E16|D4096
router-quick,router,flat_router_decode,torch_flat_router,,bf16,1,16,4096,,8,0,26,,combined,eager,cuda_event_grouped_3,22.624,ok,,,,,3,20,torch_flat_router|B1|E16|D4096
router-quick,router,flat_router_decode,torch_flat_router,,bf16,1,16,4096,,8,0,27,,combined,eager,cuda_event_grouped_3,22.9013,ok,,,,,3,20,torch_flat_router|B1|E16|D4096
router-quick,router,flat_router_decode,torch_flat_router,,bf16,1,16,4096,,8,0,28,,combined,eager,cuda_event_grouped_3,23.488,ok,,,,,3,20,torch_flat_router|B1|E16|D4096
router-quick,router,flat_router_decode,torch_flat_router,,bf16,1,16,4096,,8,0,29,,combined,eager,cuda_event_grouped_3,23.5307,ok,,,,,3,20,torch_flat_router|B1|E16|D4096
router-quick,router,flat_router_decode,torch_flat_router,,bf16,1,16,4096,,8,0,30,,combined,eager,cuda_event_grouped_3,23.0187,ok,,,,,3,20,torch_flat_router|B1|E16|D4096
router-quick,router,flat_router_decode,torch_flat_router,,bf16,1,16,4096,,8,0,31,,combined,eager,cuda_event_grouped_3,23.8827,ok,,,,,3,20,torch_flat_router|B1|E16|D4096
router-quick,router,flat_router_decode,torch_flat_router,,bf16,1,16,4096,,8,0,32,,combined,eager,cuda_event_grouped_3,22.8907,ok,,,,,3,20,torch_flat_router|B1|E16|D4096
router-quick,router,flat_router_decode,torch_flat_router,,bf16,1,16,4096,,8,0,33,,combined,eager,cuda_event_grouped_3,25.376,ok,,,,,3,20,torch_flat_router|B1|E16|D4096
router-quick,router,flat_router_decode,torch_flat_router,,bf16,1,16,4096,,8,0,34,,combined,eager,cuda_event_grouped_3,22.8587,ok,,,,,3,20,torch_flat_router|B1|E16|D4096
router-quick,router,flat_router_decode,torch_flat_router,,bf16,1,16,4096,,8,0,35,,combined,eager,cuda_event_grouped_3,23.6053,ok,,,,,3,20,torch_flat_router|B1|E16|D4096
router-quick,router,flat_router_decode,torch_flat_router,,bf16,1,16,4096,,8,0,36,,combined,eager,cuda_event_grouped_3,23.3173,ok,,,,,3,20,torch_flat_router|B1|E16|D4096
router-quick,router,flat_router_decode,torch_flat_router,,bf16,1,16,4096,,8,0,37,,combined,eager,cuda_event_grouped_3,22.7947,ok,,,,,3,20,torch_flat_router|B1|E16|D4096
router-quick,router,flat_router_decode,torch_flat_router,,bf16,1,16,4096,,8,0,38,,combined,eager,cuda_event_grouped_3,22.5707,ok,,,,,3,20,torch_flat_router|B1|E16|D4096
router-quick,router,flat_router_decode,torch_flat_router,,bf16,1,16,4096,,8,0,39,,combined,eager,cuda_event_grouped_3,23.5307,ok,,,,,3,20,torch_flat_router|B1|E16|D4096
router-quick,router,flat_router_decode,torch_flat_router,,bf16,1,16,4096,,8,0,40,,combined,eager,cuda_event_grouped_3,23.6267,ok,,,,,3,20,torch_flat_router|B1|E16|D4096
router-quick,router,flat_router_decode,torch_flat_router,,bf16,1,16,4096,,8,0,41,,combined,eager,cuda_event_grouped_3,23.3707,ok,,,,,3,20,torch_flat_router|B1|E16|D4096
router-quick,router,flat_router_decode,torch_flat_router,,bf16,1,16,4096,,8,0,42,,combined,eager,cuda_event_grouped_3,24.2773,ok,,,,,3,20,torch_flat_router|B1|E16|D4096
router-quick,router,flat_router_decode,torch_flat_router,,bf16,1,16,4096,,8,0,43,,combined,eager,cuda_event_grouped_3,23.2213,ok,,,,,3,20,torch_flat_router|B1|E16|D4096
router-quick,router,flat_router_decode,torch_flat_router,,bf16,1,16,4096,,8,0,44,,combined,eager,cuda_event_grouped_3,23.1573,ok,,,,,3,20,torch_flat_router|B1|E16|D4096
router-quick,router,flat_router_decode,torch_flat_router,,bf16,1,16,4096,,8,0,45,,combined,eager,cuda_event_grouped_3,22.976,ok,,,,,3,20,torch_flat_router|B1|E16|D4096
router-quick,router,flat_router_decode,torch_flat_router,,bf16,1,16,4096,,8,0,46,,combined,eager,cuda_event_grouped_3,22.24,ok,,,,,3,20,torch_flat_router|B1|E16|D4096
router-quick,router,flat_router_decode,torch_flat_router,,bf16,1,16,4096,,8,0,47,,combined,eager,cuda_event_grouped_3,22.24,ok,,,,,3,20,torch_flat_router|B1|E16|D4096
router-quick,router,flat_router_decode,torch_flat_router,,bf16,1,16,4096,,8,0,48,,combined,eager,cuda_event_grouped_3,22.112,ok,,,,,3,20,torch_flat_router|B1|E16|D4096
router-quick,router,flat_router_decode,torch_flat_router,,bf16,1,16,4096,,8,0,49,,combined,eager,cuda_event_grouped_3,23.1253,ok,,,,,3,20,torch_flat_router|B1|E16|D4096
router-quick,router,flat_router_decode,torch_flat_router,,bf16,1,16,4096,,8,0,50,,combined,eager,cuda_event_grouped_3,23.1147,ok,,,,,3,20,torch_flat_router|B1|E16|D4096
router-quick,router,flat_router_decode,torch_flat_router,,bf16,1,16,4096,,8,0,51,,combined,eager,cuda_event_grouped_3,22.0693,ok,,,,,3,20,torch_flat_router|B1|E16|D4096
router-quick,router,flat_router_decode,torch_flat_router,,bf16,1,16,4096,,8,0,52,,combined,eager,cuda_event_grouped_3,22.6453,ok,,,,,3,20,torch_flat_router|B1|E16|D4096
router-quick,router,flat_router_decode,torch_flat_router,,bf16,1,16,4096,,8,0,53,,combined,eager,cuda_event_grouped_3,22.4427,ok,,,,,3,20,torch_flat_router|B1|E16|D4096
router-quick,router,flat_router_decode,torch_flat_router,,bf16,1,16,4096,,8,0,54,,combined,eager,cuda_event_grouped_3,23.0827,ok,,,,,3,20,torch_flat_router|B1|E16|D4096
router-quick,router,flat_router_decode,torch_flat_router,,bf16,1,16,4096,,8,0,55,,combined,eager,cuda_event_grouped_3,22.7627,ok,,,,,3,20,torch_flat_router|B1|E16|D4096
router-quick,router,flat_router_decode,torch_flat_router,,bf16,1,16,4096,,8,0,56,,combined,eager,cuda_event_grouped_3,22.3253,ok,,,,,3,20,torch_flat_router|B1|E16|D4096
router-quick,router,flat_router_decode,torch_flat_router,,bf16,1,16,4096,,8,0,57,,combined,eager,cuda_event_grouped_3,22.5493,ok,,,,,3,20,torch_flat_router|B1|E16|D4096
router-quick,router,flat_router_decode,torch_flat_router,,bf16,1,16,4096,,8,0,58,,combined,eager,cuda_event_grouped_3,22.7413,ok,,,,,3,20,torch_flat_router|B1|E16|D4096
router-quick,router,flat_router_decode,torch_flat_router,,bf16,1,16,4096,,8,0,59,,combined,eager,cuda_event_grouped_3,22.08,ok,,,,,3,20,torch_flat_router|B1|E16|D4096
router-quick,router,flat_router_decode,torch_flat_router,,bf16,1,16,4096,,8,0,60,,combined,eager,cuda_event_grouped_3,22.368,ok,,,,,3,20,torch_flat_router|B1|E16|D4096
router-quick,router,flat_router_decode,torch_flat_router,,bf16,1,16,4096,,8,0,61,,combined,eager,cuda_event_grouped_3,22.976,ok,,,,,3,20,torch_flat_router|B1|E16|D4096
router-quick,router,flat_router_decode,torch_flat_router,,bf16,1,16,4096,,8,0,62,,combined,eager,cuda_event_grouped_3,22.368,ok,,,,,3,20,torch_flat_router|B1|E16|D4096
router-quick,router,flat_router_decode,torch_flat_router,,bf16,1,16,4096,,8,0,63,,combined,eager,cuda_event_grouped_3,22.144,ok,,,,,3,20,torch_flat_router|B1|E16|D4096
router-quick,router,flat_router_decode,torch_flat_router,,bf16,1,16,4096,,8,0,64,,combined,eager,cuda_event_grouped_3,22.4533,ok,,,,,3,20,torch_flat_router|B1|E16|D4096
router-quick,router,flat_router_decode,torch_flat_router,,bf16,1,16,4096,,8,0,65,,combined,eager,cuda_event_grouped_3,23.456,ok,,,,,3,20,torch_flat_router|B1|E16|D4096
router-quick,router,flat_router_decode,torch_flat_router,,bf16,1,16,4096,,8,0,66,,combined,eager,cuda_event_grouped_3,23.1573,ok,,,,,3,20,torch_flat_router|B1|E16|D4096
router-quick,router,flat_router_decode,torch_flat_router,,bf16,1,16,4096,,8,0,67,,combined,eager,cuda_event_grouped_3,22.624,ok,,,,,3,20,torch_flat_router|B1|E16|D4096
router-quick,router,flat_router_decode,torch_flat_router,,bf16,1,16,4096,,8,0,68,,combined,eager,cuda_event_grouped_3,22.8907,ok,,,,,3,20,torch_flat_router|B1|E16|D4096
router-quick,router,flat_router_decode,torch_flat_router,,bf16,1,16,4096,,8,0,69,,combined,eager,cuda_event_grouped_3,21.984,ok,,,,,3,20,torch_flat_router|B1|E16|D4096
router-quick,router,flat_router_decode,torch_flat_router,,bf16,1,16,4096,,8,0,70,,combined,eager,cuda_event_grouped_3,22.112,ok,,,,,3,20,torch_flat_router|B1|E16|D4096
router-quick,router,flat_router_decode,torch_flat_router,,bf16,1,16,4096,,8,0,71,,combined,eager,cuda_event_grouped_3,22.8373,ok,,,,,3,20,torch_flat_router|B1|E16|D4096
router-quick,router,flat_router_decode,torch_flat_router,,bf16,1,16,4096,,8,0,72,,combined,eager,cuda_event_grouped_3,22.4213,ok,,,,,3,20,torch_flat_router|B1|E16|D4096
router-quick,router,flat_router_decode,torch_flat_router,,bf16,1,16,4096,,8,0,73,,combined,eager,cuda_event_grouped_3,22.08,ok,,,,,3,20,torch_flat_router|B1|E16|D4096
router-quick,router,flat_router_decode,torch_flat_router,,bf16,1,16,4096,,8,0,74,,combined,eager,cuda_event_grouped_3,22.944,ok,,,,,3,20,torch_flat_router|B1|E16|D4096
router-quick,router,flat_router_decode,torch_flat_router,,bf16,1,16,4096,,8,0,75,,combined,eager,cuda_event_grouped_3,22.176,ok,,,,,3,20,torch_flat_router|B1|E16|D4096
router-quick,router,flat_router_decode,torch_flat_router,,bf16,1,16,4096,,8,0,76,,combined,eager,cuda_event_grouped_3,22.3787,ok,,,,,3,20,torch_flat_router|B1|E16|D4096
router-quick,router,flat_router_decode,torch_flat_router,,bf16,1,16,4096,,8,0,77,,combined,eager,cuda_event_grouped_3,22.624,ok,,,,,3,20,torch_flat_router|B1|E16|D4096
router-quick,router,flat_router_decode,torch_flat_router,,bf16,1,16,4096,,8,0,78,,combined,eager,cuda_event_grouped_3,23.072,ok,,,,,3,20,torch_flat_router|B1|E16|D4096
router-quick,router,flat_router_decode,torch_flat_router,,bf16,1,16,4096,,8,0,79,,combined,eager,cuda_event_grouped_3,22.1227,ok,,,,,3,20,torch_flat_router|B1|E16|D4096
router-quick,router,flat_router_decode,torch_flat_router,,bf16,1,16,4096,,8,0,80,,combined,eager,cuda_event_grouped_3,22.2933,ok,,,,,3,20,torch_flat_router|B1|E16|D4096
router-quick,router,flat_router_decode,torch_flat_router,,bf16,1,16,4096,,8,0,81,,combined,eager,cuda_event_grouped_3,27.0293,ok,,,,,3,20,torch_flat_router|B1|E16|D4096
router-quick,router,flat_router_decode,torch_flat_router,,bf16,1,16,4096,,8,0,82,,combined,eager,cuda_event_grouped_3,22.2933,ok,,,,,3,20,torch_flat_router|B1|E16|D4096
router-quick,router,flat_router_decode,torch_flat_router,,bf16,1,16,4096,,8,0,83,,combined,eager,cuda_event_grouped_3,25.0987,ok,,,,,3,20,torch_flat_router|B1|E16|D4096
router-quick,router,flat_router_decode,torch_flat_router,,bf16,1,16,4096,,8,0,84,,combined,eager,cuda_event_grouped_3,23.04,ok,,,,,3,20,torch_flat_router|B1|E16|D4096
router-quick,router,flat_router_decode,torch_flat_router,,bf16,1,16,4096,,8,0,85,,combined,eager,cuda_event_grouped_3,22.464,ok,,,,,3,20,torch_flat_router|B1|E16|D4096
router-quick,router,flat_router_decode,torch_flat_router,,bf16,1,16,4096,,8,0,86,,combined,eager,cuda_event_grouped_3,22.4747,ok,,,,,3,20,torch_flat_router|B1|E16|D4096
router-quick,router,flat_router_decode,torch_flat_router,,bf16,1,16,4096,,8,0,87,,combined,eager,cuda_event_grouped_3,23.2533,ok,,,,,3,20,torch_flat_router|B1|E16|D4096
router-quick,router,flat_router_decode,torch_flat_router,,bf16,1,16,4096,,8,0,88,,combined,eager,cuda_event_grouped_3,22.6773,ok,,,,,3,20,torch_flat_router|B1|E16|D4096
router-quick,router,flat_router_decode,torch_flat_router,,bf16,1,16,4096,,8,0,89,,combined,eager,cuda_event_grouped_3,22.2827,ok,,,,,3,20,torch_flat_router|B1|E16|D4096
router-quick,router,flat_router_decode,torch_flat_router,,bf16,1,16,4096,,8,0,90,,combined,eager,cuda_event_grouped_3,23.7333,ok,,,,,3,20,torch_flat_router|B1|E16|D4096
router-quick,router,flat_router_decode,torch_flat_router,,bf16,1,16,4096,,8,0,91,,combined,eager,cuda_event_grouped_3,22.2293,ok,,,,,3,20,torch_flat_router|B1|E16|D4096
router-quick,router,flat_router_decode,torch_flat_router,,bf16,1,16,4096,,8,0,92,,combined,eager,cuda_event_grouped_3,22.1867,ok,,,,,3,20,torch_flat_router|B1|E16|D4096
router-quick,router,flat_router_decode,torch_flat_router,,bf16,1,16,4096,,8,0,93,,combined,eager,cuda_event_grouped_3,22.9333,ok,,,,,3,20,torch_flat_router|B1|E16|D4096
router-quick,router,flat_router_decode,torch_flat_router,,bf16,1,16,4096,,8,0,94,,combined,eager,cuda_event_grouped_3,22.2507,ok,,,,,3,20,torch_flat_router|B1|E16|D4096
router-quick,router,flat_router_decode,torch_flat_router,,bf16,1,16,4096,,8,0,95,,combined,eager,cuda_event_grouped_3,22.432,ok,,,,,3,20,torch_flat_router|B1|E16|D4096
router-quick,router,flat_router_decode,torch_flat_router,,bf16,1,16,4096,,8,0,96,,combined,eager,cuda_event_grouped_3,22.6133,ok,,,,,3,20,torch_flat_router|B1|E16|D4096
router-quick,router,flat_router_decode,torch_flat_router,,bf16,1,16,4096,,8,0,97,,combined,eager,cuda_event_grouped_3,22.5067,ok,,,,,3,20,torch_flat_router|B1|E16|D4096
router-quick,router,flat_router_decode,torch_flat_router,,bf16,1,16,4096,,8,0,98,,combined,eager,cuda_event_grouped_3,22.1973,ok,,,,,3,20,torch_flat_router|B1|E16|D4096
router-quick,router,flat_router_decode,torch_flat_router,,bf16,1,16,4096,,8,0,99,,combined,eager,cuda_event_grouped_3,22.144,ok,,,,,3,20,torch_flat_router|B1|E16|D4096
router-quick,router,flat_router_decode,torch_flat_router,,bf16,1,16,4096,,8,0,0,,score,cudagraph,cuda_event_grouped_7,7.80343,ok,,,,,7,20,torch_flat_router|B1|E16|D4096
router-quick,router,flat_router_decode,torch_flat_router,,bf16,1,16,4096,,8,0,1,,score,cudagraph,cuda_event_grouped_7,7.80343,ok,,,,,7,20,torch_flat_router|B1|E16|D4096
router-quick,router,flat_router_decode,torch_flat_router,,bf16,1,16,4096,,8,0,2,,score,cudagraph,cuda_event_grouped_7,7.69829,ok,,,,,7,20,torch_flat_router|B1|E16|D4096
router-quick,router,flat_router_decode,torch_flat_router,,bf16,1,16,4096,,8,0,3,,score,cudagraph,cuda_event_grouped_7,7.71657,ok,,,,,7,20,torch_flat_router|B1|E16|D4096
router-quick,router,flat_router_decode,torch_flat_router,,bf16,1,16,4096,,8,0,4,,score,cudagraph,cuda_event_grouped_7,7.81257,ok,,,,,7,20,torch_flat_router|B1|E16|D4096
router-quick,router,flat_router_decode,torch_flat_router,,bf16,1,16,4096,,8,0,5,,score,cudagraph,cuda_event_grouped_7,7.73029,ok,,,,,7,20,torch_flat_router|B1|E16|D4096
router-quick,router,flat_router_decode,torch_flat_router,,bf16,1,16,4096,,8,0,6,,score,cudagraph,cuda_event_grouped_7,7.744,ok,,,,,7,20,torch_flat_router|B1|E16|D4096
router-quick,router,flat_router_decode,torch_flat_router,,bf16,1,16,4096,,8,0,7,,score,cudagraph,cuda_event_grouped_7,7.80343,ok,,,,,7,20,torch_flat_router|B1|E16|D4096
router-quick,router,flat_router_decode,torch_flat_router,,bf16,1,16,4096,,8,0,8,,score,cudagraph,cuda_event_grouped_7,7.69829,ok,,,,,7,20,torch_flat_router|B1|E16|D4096
router-quick,router,flat_router_decode,torch_flat_router,,bf16,1,16,4096,,8,0,9,,score,cudagraph,cuda_event_grouped_7,7.744,ok,,,,,7,20,torch_flat_router|B1|E16|D4096
router-quick,router,flat_router_decode,torch_flat_router,,bf16,1,16,4096,,8,0,10,,score,cudagraph,cuda_event_grouped_7,7.68914,ok,,,,,7,20,torch_flat_router|B1|E16|D4096
router-quick,router,flat_router_decode,torch_flat_router,,bf16,1,16,4096,,8,0,11,,score,cudagraph,cuda_event_grouped_7,7.776,ok,,,,,7,20,torch_flat_router|B1|E16|D4096
router-quick,router,flat_router_decode,torch_flat_router,,bf16,1,16,4096,,8,0,12,,score,cudagraph,cuda_event_grouped_7,7.70286,ok,,,,,7,20,torch_flat_router|B1|E16|D4096
router-quick,router,flat_router_decode,torch_flat_router,,bf16,1,16,4096,,8,0,13,,score,cudagraph,cuda_event_grouped_7,7.73486,ok,,,,,7,20,torch_flat_router|B1|E16|D4096
router-quick,router,flat_router_decode,torch_flat_router,,bf16,1,16,4096,,8,0,14,,score,cudagraph,cuda_event_grouped_7,7.75771,ok,,,,,7,20,torch_flat_router|B1|E16|D4096
router-quick,router,flat_router_decode,torch_flat_router,,bf16,1,16,4096,,8,0,15,,score,cudagraph,cuda_event_grouped_7,7.74857,ok,,,,,7,20,torch_flat_router|B1|E16|D4096
router-quick,router,flat_router_decode,torch_flat_router,,bf16,1,16,4096,,8,0,16,,score,cudagraph,cuda_event_grouped_7,7.70743,ok,,,,,7,20,torch_flat_router|B1|E16|D4096
router-quick,router,flat_router_decode,torch_flat_router,,bf16,1,16,4096,,8,0,17,,score,cudagraph,cuda_event_grouped_7,7.72571,ok,,,,,7,20,torch_flat_router|B1|E16|D4096
router-quick,router,flat_router_decode,torch_flat_router,,bf16,1,16,4096,,8,0,18,,score,cudagraph,cuda_event_grouped_7,7.776,ok,,,,,7,20,torch_flat_router|B1|E16|D4096
router-quick,router,flat_router_decode,torch_flat_router,,bf16,1,16,4096,,8,0,19,,score,cudagraph,cuda_event_grouped_7,7.69829,ok,,,,,7,20,torch_flat_router|B1|E16|D4096
router-quick,router,flat_router_decode,torch_flat_router,,bf16,1,16,4096,,8,0,20,,score,cudagraph,cuda_event_grouped_7,7.69829,ok,,,,,7,20,torch_flat_router|B1|E16|D4096
router-quick,router,flat_router_decode,torch_flat_router,,bf16,1,16,4096,,8,0,21,,score,cudagraph,cuda_event_grouped_7,7.69829,ok,,,,,7,20,torch_flat_router|B1|E16|D4096
router-quick,router,flat_router_decode,torch_flat_router,,bf16,1,16,4096,,8,0,22,,score,cudagraph,cuda_event_grouped_7,7.68914,ok,,,,,7,20,torch_flat_router|B1|E16|D4096
router-quick,router,flat_router_decode,torch_flat_router,,bf16,1,16,4096,,8,0,23,,score,cudagraph,cuda_event_grouped_7,7.72571,ok,,,,,7,20,torch_flat_router|B1|E16|D4096
router-quick,router,flat_router_decode,torch_flat_router,,bf16,1,16,4096,,8,0,24,,score,cudagraph,cuda_event_grouped_7,7.744,ok,,,,,7,20,torch_flat_router|B1|E16|D4096
router-quick,router,flat_router_decode,torch_flat_router,,bf16,1,16,4096,,8,0,25,,score,cudagraph,cuda_event_grouped_7,7.68914,ok,,,,,7,20,torch_flat_router|B1|E16|D4096
router-quick,router,flat_router_decode,torch_flat_router,,bf16,1,16,4096,,8,0,26,,score,cudagraph,cuda_event_grouped_7,7.73943,ok,,,,,7,20,torch_flat_router|B1|E16|D4096
router-quick,router,flat_router_decode,torch_flat_router,,bf16,1,16,4096,,8,0,27,,score,cudagraph,cuda_event_grouped_7,7.73486,ok,,,,,7,20,torch_flat_router|B1|E16|D4096
router-quick,router,flat_router_decode,torch_flat_router,,bf16,1,16,4096,,8,0,28,,score,cudagraph,cuda_event_grouped_7,7.73029,ok,,,,,7,20,torch_flat_router|B1|E16|D4096
router-quick,router,flat_router_decode,torch_flat_router,,bf16,1,16,4096,,8,0,29,,score,cudagraph,cuda_event_grouped_7,7.70743,ok,,,,,7,20,torch_flat_router|B1|E16|D4096
router-quick,router,flat_router_decode,torch_flat_router,,bf16,1,16,4096,,8,0,30,,score,cudagraph,cuda_event_grouped_7,7.78057,ok,,,,,7,20,torch_flat_router|B1|E16|D4096
router-quick,router,flat_router_decode,torch_flat_router,,bf16,1,16,4096,,8,0,31,,score,cudagraph,cuda_event_grouped_7,7.76229,ok,,,,,7,20,torch_flat_router|B1|E16|D4096
router-quick,router,flat_router_decode,torch_flat_router,,bf16,1,16,4096,,8,0,32,,score,cudagraph,cuda_event_grouped_7,7.84914,ok,,,,,7,20,torch_flat_router|B1|E16|D4096
router-quick,router,flat_router_decode,torch_flat_router,,bf16,1,16,4096,,8,0,33,,score,cudagraph,cuda_event_grouped_7,7.75771,ok,,,,,7,20,torch_flat_router|B1|E16|D4096
router-quick,router,flat_router_decode,torch_flat_router,,bf16,1,16,4096,,8,0,34,,score,cudagraph,cuda_event_grouped_7,7.79429,ok,,,,,7,20,torch_flat_router|B1|E16|D4096
router-quick,router,flat_router_decode,torch_flat_router,,bf16,1,16,4096,,8,0,35,,score,cudagraph,cuda_event_grouped_7,7.72571,ok,,,,,7,20,torch_flat_router|B1|E16|D4096
router-quick,router,flat_router_decode,torch_flat_router,,bf16,1,16,4096,,8,0,36,,score,cudagraph,cuda_event_grouped_7,7.78514,ok,,,,,7,20,torch_flat_router|B1|E16|D4096
router-quick,router,flat_router_decode,torch_flat_router,,bf16,1,16,4096,,8,0,37,,score,cudagraph,cuda_event_grouped_7,7.76229,ok,,,,,7,20,torch_flat_router|B1|E16|D4096
router-quick,router,flat_router_decode,torch_flat_router,,bf16,1,16,4096,,8,0,38,,score,cudagraph,cuda_event_grouped_7,7.73029,ok,,,,,7,20,torch_flat_router|B1|E16|D4096
router-quick,router,flat_router_decode,torch_flat_router,,bf16,1,16,4096,,8,0,39,,score,cudagraph,cuda_event_grouped_7,7.74857,ok,,,,,7,20,torch_flat_router|B1|E16|D4096
router-quick,router,flat_router_decode,torch_flat_router,,bf16,1,16,4096,,8,0,40,,score,cudagraph,cuda_event_grouped_7,7.81714,ok,,,,,7,20,torch_flat_router|B1|E16|D4096
router-quick,router,flat_router_decode,torch_flat_router,,bf16,1,16,4096,,8,0,41,,score,cudagraph,cuda_event_grouped_7,7.71657,ok,,,,,7,20,torch_flat_router|B1|E16|D4096
router-quick,router,flat_router_decode,torch_flat_router,,bf16,1,16,4096,,8,0,42,,score,cudagraph,cuda_event_grouped_7,7.75314,ok,,,,,7,20,torch_flat_router|B1|E16|D4096
router-quick,router,flat_router_decode,torch_flat_router,,bf16,1,16,4096,,8,0,43,,score,cudagraph,cuda_event_grouped_7,7.69829,ok,,,,,7,20,torch_flat_router|B1|E16|D4096
router-quick,router,flat_router_decode,torch_flat_router,,bf16,1,16,4096,,8,0,44,,score,cudagraph,cuda_event_grouped_7,7.72114,ok,,,,,7,20,torch_flat_router|B1|E16|D4096
router-quick,router,flat_router_decode,torch_flat_router,,bf16,1,16,4096,,8,0,45,,score,cudagraph,cuda_event_grouped_7,7.76686,ok,,,,,7,20,torch_flat_router|B1|E16|D4096
router-quick,router,flat_router_decode,torch_flat_router,,bf16,1,16,4096,,8,0,46,,score,cudagraph,cuda_event_grouped_7,7.74857,ok,,,,,7,20,torch_flat_router|B1|E16|D4096
router-quick,router,flat_router_decode,torch_flat_router,,bf16,1,16,4096,,8,0,47,,score,cudagraph,cuda_event_grouped_7,7.72571,ok,,,,,7,20,torch_flat_router|B1|E16|D4096
router-quick,router,flat_router_decode,torch_flat_router,,bf16,1,16,4096,,8,0,48,,score,cudagraph,cuda_event_grouped_7,7.76686,ok,,,,,7,20,torch_flat_router|B1|E16|D4096
router-quick,router,flat_router_decode,torch_flat_router,,bf16,1,16,4096,,8,0,49,,score,cudagraph,cuda_event_grouped_7,7.78971,ok,,,,,7,20,torch_flat_router|B1|E16|D4096
router-quick,router,flat_router_decode,torch_flat_router,,bf16,1,16,4096,,8,0,50,,score,cudagraph,cuda_event_grouped_7,7.75314,ok,,,,,7,20,torch_flat_router|B1|E16|D4096
router-quick,router,flat_router_decode,torch_flat_router,,bf16,1,16,4096,,8,0,51,,score,cudagraph,cuda_event_grouped_7,7.70743,ok,,,,,7,20,torch_flat_router|B1|E16|D4096
router-quick,router,flat_router_decode,torch_flat_router,,bf16,1,16,4096,,8,0,52,,score,cudagraph,cuda_event_grouped_7,7.72114,ok,,,,,7,20,torch_flat_router|B1|E16|D4096
router-quick,router,flat_router_decode,torch_flat_router,,bf16,1,16,4096,,8,0,53,,score,cudagraph,cuda_event_grouped_7,7.73486,ok,,,,,7,20,torch_flat_router|B1|E16|D4096
router-quick,router,flat_router_decode,torch_flat_router,,bf16,1,16,4096,,8,0,54,,score,cudagraph,cuda_event_grouped_7,7.76229,ok,,,,,7,20,torch_flat_router|B1|E16|D4096
router-quick,router,flat_router_decode,torch_flat_router,,bf16,1,16,4096,,8,0,55,,score,cudagraph,cuda_event_grouped_7,7.75314,ok,,,,,7,20,torch_flat_router|B1|E16|D4096
router-quick,router,flat_router_decode,torch_flat_router,,bf16,1,16,4096,,8,0,56,,score,cudagraph,cuda_event_grouped_7,7.72571,ok,,,,,7,20,torch_flat_router|B1|E16|D4096
router-quick,router,flat_router_decode,torch_flat_router,,bf16,1,16,4096,,8,0,57,,score,cudagraph,cuda_event_grouped_7,7.712,ok,,,,,7,20,torch_flat_router|B1|E16|D4096
router-quick,router,flat_router_decode,torch_flat_router,,bf16,1,16,4096,,8,0,58,,score,cudagraph,cuda_event_grouped_7,7.74857,ok,,,,,7,20,torch_flat_router|B1|E16|D4096
router-quick,router,flat_router_decode,torch_flat_router,,bf16,1,16,4096,,8,0,59,,score,cudagraph,cuda_event_grouped_7,7.78514,ok,,,,,7,20,torch_flat_router|B1|E16|D4096
router-quick,router,flat_router_decode,torch_flat_router,,bf16,1,16,4096,,8,0,60,,score,cudagraph,cuda_event_grouped_7,7.68,ok,,,,,7,20,torch_flat_router|B1|E16|D4096
router-quick,router,flat_router_decode,torch_flat_router,,bf16,1,16,4096,,8,0,61,,score,cudagraph,cuda_event_grouped_7,7.76229,ok,,,,,7,20,torch_flat_router|B1|E16|D4096
router-quick,router,flat_router_decode,torch_flat_router,,bf16,1,16,4096,,8,0,62,,score,cudagraph,cuda_event_grouped_7,7.73943,ok,,,,,7,20,torch_flat_router|B1|E16|D4096
router-quick,router,flat_router_decode,torch_flat_router,,bf16,1,16,4096,,8,0,63,,score,cudagraph,cuda_event_grouped_7,7.73486,ok,,,,,7,20,torch_flat_router|B1|E16|D4096
router-quick,router,flat_router_decode,torch_flat_router,,bf16,1,16,4096,,8,0,64,,score,cudagraph,cuda_event_grouped_7,7.68914,ok,,,,,7,20,torch_flat_router|B1|E16|D4096
router-quick,router,flat_router_decode,torch_flat_router,,bf16,1,16,4096,,8,0,65,,score,cudagraph,cuda_event_grouped_7,7.73029,ok,,,,,7,20,torch_flat_router|B1|E16|D4096
router-quick,router,flat_router_decode,torch_flat_router,,bf16,1,16,4096,,8,0,66,,score,cudagraph,cuda_event_grouped_7,7.69829,ok,,,,,7,20,torch_flat_router|B1|E16|D4096
router-quick,router,flat_router_decode,torch_flat_router,,bf16,1,16,4096,,8,0,67,,score,cudagraph,cuda_event_grouped_7,7.712,ok,,,,,7,20,torch_flat_router|B1|E16|D4096
router-quick,router,flat_router_decode,torch_flat_router,,bf16,1,16,4096,,8,0,68,,score,cudagraph,cuda_event_grouped_7,7.64343,ok,,,,,7,20,torch_flat_router|B1|E16|D4096
router-quick,router,flat_router_decode,torch_flat_router,,bf16,1,16,4096,,8,0,69,,score,cudagraph,cuda_event_grouped_7,7.73029,ok,,,,,7,20,torch_flat_router|B1|E16|D4096
router-quick,router,flat_router_decode,torch_flat_router,,bf16,1,16,4096,,8,0,70,,score,cudagraph,cuda_event_grouped_7,7.63886,ok,,,,,7,20,torch_flat_router|B1|E16|D4096
router-quick,router,flat_router_decode,torch_flat_router,,bf16,1,16,4096,,8,0,71,,score,cudagraph,cuda_event_grouped_7,7.712,ok,,,,,7,20,torch_flat_router|B1|E16|D4096
router-quick,router,flat_router_decode,torch_flat_router,,bf16,1,16,4096,,8,0,72,,score,cudagraph,cuda_event_grouped_7,7.712,ok,,,,,7,20,torch_flat_router|B1|E16|D4096
router-quick,router,flat_router_decode,torch_flat_router,,bf16,1,16,4096,,8,0,73,,score,cudagraph,cuda_event_grouped_7,7.67086,ok,,,,,7,20,torch_flat_router|B1|E16|D4096
router-quick,router,flat_router_decode,torch_flat_router,,bf16,1,16,4096,,8,0,74,,score,cudagraph,cuda_event_grouped_7,7.69829,ok,,,,,7,20,torch_flat_router|B1|E16|D4096
router-quick,router,flat_router_decode,torch_flat_router,,bf16,1,16,4096,,8,0,75,,score,cudagraph,cuda_event_grouped_7,7.74857,ok,,,,,7,20,torch_flat_router|B1|E16|D4096
router-quick,router,flat_router_decode,torch_flat_router,,bf16,1,16,4096,,8,0,76,,score,cudagraph,cuda_event_grouped_7,7.66629,ok,,,,,7,20,torch_flat_router|B1|E16|D4096
router-quick,router,flat_router_decode,torch_flat_router,,bf16,1,16,4096,,8,0,77,,score,cudagraph,cuda_event_grouped_7,7.70286,ok,,,,,7,20,torch_flat_router|B1|E16|D4096
router-quick,router,flat_router_decode,torch_flat_router,,bf16,1,16,4096,,8,0,78,,score,cudagraph,cuda_event_grouped_7,7.712,ok,,,,,7,20,torch_flat_router|B1|E16|D4096
router-quick,router,flat_router_decode,torch_flat_router,,bf16,1,16,4096,,8,0,79,,score,cudagraph,cuda_event_grouped_7,7.73029,ok,,,,,7,20,torch_flat_router|B1|E16|D4096
router-quick,router,flat_router_decode,torch_flat_router,,bf16,1,16,4096,,8,0,80,,score,cudagraph,cuda_event_grouped_7,7.712,ok,,,,,7,20,torch_flat_router|B1|E16|D4096
router-quick,router,flat_router_decode,torch_flat_router,,bf16,1,16,4096,,8,0,81,,score,cudagraph,cuda_event_grouped_7,7.712,ok,,,,,7,20,torch_flat_router|B1|E16|D4096
router-quick,router,flat_router_decode,torch_flat_router,,bf16,1,16,4096,,8,0,82,,score,cudagraph,cuda_event_grouped_7,7.73943,ok,,,,,7,20,torch_flat_router|B1|E16|D4096
router-quick,router,flat_router_decode,torch_flat_router,,bf16,1,16,4096,,8,0,83,,score,cudagraph,cuda_event_grouped_7,7.73943,ok,,,,,7,20,torch_flat_router|B1|E16|D4096
router-quick,router,flat_router_decode,torch_flat_router,,bf16,1,16,4096,,8,0,84,,score,cudagraph,cuda_event_grouped_7,7.69829,ok,,,,,7,20,torch_flat_router|B1|E16|D4096
router-quick,router,flat_router_decode,torch_flat_router,,bf16,1,16,4096,,8,0,85,,score,cudagraph,cuda_event_grouped_7,7.65714,ok,,,,,7,20,torch_flat_router|B1|E16|D4096
router-quick,router,flat_router_decode,torch_flat_router,,bf16,1,16,4096,,8,0,86,,score,cudagraph,cuda_event_grouped_7,7.76229,ok,,,,,7,20,torch_flat_router|B1|E16|D4096
router-quick,router,flat_router_decode,torch_flat_router,,bf16,1,16,4096,,8,0,87,,score,cudagraph,cuda_event_grouped_7,7.712,ok,,,,,7,20,torch_flat_router|B1|E16|D4096
router-quick,router,flat_router_decode,torch_flat_router,,bf16,1,16,4096,,8,0,88,,score,cudagraph,cuda_event_grouped_7,7.75314,ok,,,,,7,20,torch_flat_router|B1|E16|D4096
router-quick,router,flat_router_decode,torch_flat_router,,bf16,1,16,4096,,8,0,89,,score,cudagraph,cuda_event_grouped_7,7.712,ok,,,,,7,20,torch_flat_router|B1|E16|D4096
router-quick,router,flat_router_decode,torch_flat_router,,bf16,1,16,4096,,8,0,90,,score,cudagraph,cuda_event_grouped_7,7.76229,ok,,,,,7,20,torch_flat_router|B1|E16|D4096
router-quick,router,flat_router_decode,torch_flat_router,,bf16,1,16,4096,,8,0,91,,score,cudagraph,cuda_event_grouped_7,7.68457,ok,,,,,7,20,torch_flat_router|B1|E16|D4096
router-quick,router,flat_router_decode,torch_flat_router,,bf16,1,16,4096,,8,0,92,,score,cudagraph,cuda_event_grouped_7,7.70743,ok,,,,,7,20,torch_flat_router|B1|E16|D4096
router-quick,router,flat_router_decode,torch_flat_router,,bf16,1,16,4096,,8,0,93,,score,cudagraph,cuda_event_grouped_7,7.744,ok,,,,,7,20,torch_flat_router|B1|E16|D4096
router-quick,router,flat_router_decode,torch_flat_router,,bf16,1,16,4096,,8,0,94,,score,cudagraph,cuda_event_grouped_7,7.75771,ok,,,,,7,20,torch_flat_router|B1|E16|D4096
router-quick,router,flat_router_decode,torch_flat_router,,bf16,1,16,4096,,8,0,95,,score,cudagraph,cuda_event_grouped_7,7.68457,ok,,,,,7,20,torch_flat_router|B1|E16|D4096
router-quick,router,flat_router_decode,torch_flat_router,,bf16,1,16,4096,,8,0,96,,score,cudagraph,cuda_event_grouped_7,7.76229,ok,,,,,7,20,torch_flat_router|B1|E16|D4096
router-quick,router,flat_router_decode,torch_flat_router,,bf16,1,16,4096,,8,0,97,,score,cudagraph,cuda_event_grouped_7,7.71657,ok,,,,,7,20,torch_flat_router|B1|E16|D4096
router-quick,router,flat_router_decode,torch_flat_router,,bf16,1,16,4096,,8,0,98,,score,cudagraph,cuda_event_grouped_7,7.744,ok,,,,,7,20,torch_flat_router|B1|E16|D4096
router-quick,router,flat_router_decode,torch_flat_router,,bf16,1,16,4096,,8,0,99,,score,cudagraph,cuda_event_grouped_7,7.76686,ok,,,,,7,20,torch_flat_router|B1|E16|D4096
router-quick,router,flat_router_decode,torch_flat_router,,bf16,1,16,4096,,8,0,0,,select,cudagraph,cuda_event_grouped_5,10.4192,ok,,,,,5,20,torch_flat_router|B1|E16|D4096
router-quick,router,flat_router_decode,torch_flat_router,,bf16,1,16,4096,,8,0,1,,select,cudagraph,cuda_event_grouped_5,11.6416,ok,,,,,5,20,torch_flat_router|B1|E16|D4096
router-quick,router,flat_router_decode,torch_flat_router,,bf16,1,16,4096,,8,0,2,,select,cudagraph,cuda_event_grouped_5,10.88,ok,,,,,5,20,torch_flat_router|B1|E16|D4096
router-quick,router,flat_router_decode,torch_flat_router,,bf16,1,16,4096,,8,0,3,,select,cudagraph,cuda_event_grouped_5,12.0384,ok,,,,,5,20,torch_flat_router|B1|E16|D4096
router-quick,router,flat_router_decode,torch_flat_router,,bf16,1,16,4096,,8,0,4,,select,cudagraph,cuda_event_grouped_5,11.2512,ok,,,,,5,20,torch_flat_router|B1|E16|D4096
router-quick,router,flat_router_decode,torch_flat_router,,bf16,1,16,4096,,8,0,5,,select,cudagraph,cuda_event_grouped_5,10.8736,ok,,,,,5,20,torch_flat_router|B1|E16|D4096
router-quick,router,flat_router_decode,torch_flat_router,,bf16,1,16,4096,,8,0,6,,select,cudagraph,cuda_event_grouped_5,11.136,ok,,,,,5,20,torch_flat_router|B1|E16|D4096
router-quick,router,flat_router_decode,torch_flat_router,,bf16,1,16,4096,,8,0,7,,select,cudagraph,cuda_event_grouped_5,11.6224,ok,,,,,5,20,torch_flat_router|B1|E16|D4096
router-quick,router,flat_router_decode,torch_flat_router,,bf16,1,16,4096,,8,0,8,,select,cudagraph,cuda_event_grouped_5,10.3168,ok,,,,,5,20,torch_flat_router|B1|E16|D4096
router-quick,router,flat_router_decode,torch_flat_router,,bf16,1,16,4096,,8,0,9,,select,cudagraph,cuda_event_grouped_5,11.6288,ok,,,,,5,20,torch_flat_router|B1|E16|D4096
router-quick,router,flat_router_decode,torch_flat_router,,bf16,1,16,4096,,8,0,10,,select,cudagraph,cuda_event_grouped_5,10.9312,ok,,,,,5,20,torch_flat_router|B1|E16|D4096
router-quick,router,flat_router_decode,torch_flat_router,,bf16,1,16,4096,,8,0,11,,select,cudagraph,cuda_event_grouped_5,12.0064,ok,,,,,5,20,torch_flat_router|B1|E16|D4096
router-quick,router,flat_router_decode,torch_flat_router,,bf16,1,16,4096,,8,0,12,,select,cudagraph,cuda_event_grouped_5,11.2384,ok,,,,,5,20,torch_flat_router|B1|E16|D4096
router-quick,router,flat_router_decode,torch_flat_router,,bf16,1,16,4096,,8,0,13,,select,cudagraph,cuda_event_grouped_5,10.8288,ok,,,,,5,20,torch_flat_router|B1|E16|D4096
router-quick,router,flat_router_decode,torch_flat_router,,bf16,1,16,4096,,8,0,14,,select,cudagraph,cuda_event_grouped_5,11.072,ok,,,,,5,20,torch_flat_router|B1|E16|D4096
router-quick,router,flat_router_decode,torch_flat_router,,bf16,1,16,4096,,8,0,15,,select,cudagraph,cuda_event_grouped_5,11.6416,ok,,,,,5,20,torch_flat_router|B1|E16|D4096
router-quick,router,flat_router_decode,torch_flat_router,,bf16,1,16,4096,,8,0,16,,select,cudagraph,cuda_event_grouped_5,10.2912,ok,,,,,5,20,torch_flat_router|B1|E16|D4096
router-quick,router,flat_router_decode,torch_flat_router,,bf16,1,16,4096,,8,0,17,,select,cudagraph,cuda_event_grouped_5,11.5712,ok,,,,,5,20,torch_flat_router|B1|E16|D4096
router-quick,router,flat_router_decode,torch_flat_router,,bf16,1,16,4096,,8,0,18,,select,cudagraph,cuda_event_grouped_5,10.8544,ok,,,,,5,20,torch_flat_router|B1|E16|D4096
router-quick,router,flat_router_decode,torch_flat_router,,bf16,1,16,4096,,8,0,19,,select,cudagraph,cuda_event_grouped_5,12.0256,ok,,,,,5,20,torch_flat_router|B1|E16|D4096
router-quick,router,flat_router_decode,torch_flat_router,,bf16,1,16,4096,,8,0,20,,select,cudagraph,cuda_event_grouped_5,11.2256,ok,,,,,5,20,torch_flat_router|B1|E16|D4096
router-quick,router,flat_router_decode,torch_flat_router,,bf16,1,16,4096,,8,0,21,,select,cudagraph,cuda_event_grouped_5,10.8736,ok,,,,,5,20,torch_flat_router|B1|E16|D4096
router-quick,router,flat_router_decode,torch_flat_router,,bf16,1,16,4096,,8,0,22,,select,cudagraph,cuda_event_grouped_5,11.1104,ok,,,,,5,20,torch_flat_router|B1|E16|D4096
router-quick,router,flat_router_decode,torch_flat_router,,bf16,1,16,4096,,8,0,23,,select,cudagraph,cuda_event_grouped_5,11.584,ok,,,,,5,20,torch_flat_router|B1|E16|D4096
router-quick,router,flat_router_decode,torch_flat_router,,bf16,1,16,4096,,8,0,24,,select,cudagraph,cuda_event_grouped_5,10.3104,ok,,,,,5,20,torch_flat_router|B1|E16|D4096
router-quick,router,flat_router_decode,torch_flat_router,,bf16,1,16,4096,,8,0,25,,select,cudagraph,cuda_event_grouped_5,11.648,ok,,,,,5,20,torch_flat_router|B1|E16|D4096
router-quick,router,flat_router_decode,torch_flat_router,,bf16,1,16,4096,,8,0,26,,select,cudagraph,cuda_event_grouped_5,11.1936,ok,,,,,5,20,torch_flat_router|B1|E16|D4096
router-quick,router,flat_router_decode,torch_flat_router,,bf16,1,16,4096,,8,0,27,,select,cudagraph,cuda_event_grouped_5,12.0192,ok,,,,,5,20,torch_flat_router|B1|E16|D4096
router-quick,router,flat_router_decode,torch_flat_router,,bf16,1,16,4096,,8,0,28,,select,cudagraph,cuda_event_grouped_5,11.2384,ok,,,,,5,20,torch_flat_router|B1|E16|D4096
router-quick,router,flat_router_decode,torch_flat_router,,bf16,1,16,4096,,8,0,29,,select,cudagraph,cuda_event_grouped_5,10.8288,ok,,,,,5,20,torch_flat_router|B1|E16|D4096
router-quick,router,flat_router_decode,torch_flat_router,,bf16,1,16,4096,,8,0,30,,select,cudagraph,cuda_event_grouped_5,11.1168,ok,,,,,5,20,torch_flat_router|B1|E16|D4096
router-quick,router,flat_router_decode,torch_flat_router,,bf16,1,16,4096,,8,0,31,,select,cudagraph,cuda_event_grouped_5,11.6416,ok,,,,,5,20,torch_flat_router|B1|E16|D4096
router-quick,router,flat_router_decode,torch_flat_router,,bf16,1,16,4096,,8,0,32,,select,cudagraph,cuda_event_grouped_5,10.3616,ok,,,,,5,20,torch_flat_router|B1|E16|D4096
router-quick,router,flat_router_decode,torch_flat_router,,bf16,1,16,4096,,8,0,33,,select,cudagraph,cuda_event_grouped_5,11.5712,ok,,,,,5,20,torch_flat_router|B1|E16|D4096
router-quick,router,flat_router_decode,torch_flat_router,,bf16,1,16,4096,,8,0,34,,select,cudagraph,cuda_event_grouped_5,10.8352,ok,,,,,5,20,torch_flat_router|B1|E16|D4096
router-quick,router,flat_router_decode,torch_flat_router,,bf16,1,16,4096,,8,0,35,,select,cudagraph,cuda_event_grouped_5,12.0128,ok,,,,,5,20,torch_flat_router|B1|E16|D4096
router-quick,router,flat_router_decode,torch_flat_router,,bf16,1,16,4096,,8,0,36,,select,cudagraph,cuda_event_grouped_5,11.2512,ok,,,,,5,20,torch_flat_router|B1|E16|D4096
router-quick,router,flat_router_decode,torch_flat_router,,bf16,1,16,4096,,8,0,37,,select,cudagraph,cuda_event_grouped_5,10.8224,ok,,,,,5,20,torch_flat_router|B1|E16|D4096
router-quick,router,flat_router_decode,torch_flat_router,,bf16,1,16,4096,,8,0,38,,select,cudagraph,cuda_event_grouped_5,11.1168,ok,,,,,5,20,torch_flat_router|B1|E16|D4096
router-quick,router,flat_router_decode,torch_flat_router,,bf16,1,16,4096,,8,0,39,,select,cudagraph,cuda_event_grouped_5,11.616,ok,,,,,5,20,torch_flat_router|B1|E16|D4096
router-quick,router,flat_router_decode,torch_flat_router,,bf16,1,16,4096,,8,0,40,,select,cudagraph,cuda_event_grouped_5,10.3232,ok,,,,,5,20,torch_flat_router|B1|E16|D4096
router-quick,router,flat_router_decode,torch_flat_router,,bf16,1,16,4096,,8,0,41,,select,cudagraph,cuda_event_grouped_5,11.616,ok,,,,,5,20,torch_flat_router|B1|E16|D4096
router-quick,router,flat_router_decode,torch_flat_router,,bf16,1,16,4096,,8,0,42,,select,cudagraph,cuda_event_grouped_5,10.848,ok,,,,,5,20,torch_flat_router|B1|E16|D4096
router-quick,router,flat_router_decode,torch_flat_router,,bf16,1,16,4096,,8,0,43,,select,cudagraph,cuda_event_grouped_5,12,ok,,,,,5,20,torch_flat_router|B1|E16|D4096
router-quick,router,flat_router_decode,torch_flat_router,,bf16,1,16,4096,,8,0,44,,select,cudagraph,cuda_event_grouped_5,11.296,ok,,,,,5,20,torch_flat_router|B1|E16|D4096
router-quick,router,flat_router_decode,torch_flat_router,,bf16,1,16,4096,,8,0,45,,select,cudagraph,cuda_event_grouped_5,10.8608,ok,,,,,5,20,torch_flat_router|B1|E16|D4096
router-quick,router,flat_router_decode,torch_flat_router,,bf16,1,16,4096,,8,0,46,,select,cudagraph,cuda_event_grouped_5,11.0656,ok,,,,,5,20,torch_flat_router|B1|E16|D4096
router-quick,router,flat_router_decode,torch_flat_router,,bf16,1,16,4096,,8,0,47,,select,cudagraph,cuda_event_grouped_5,11.6608,ok,,,,,5,20,torch_flat_router|B1|E16|D4096
router-quick,router,flat_router_decode,torch_flat_router,,bf16,1,16,4096,,8,0,48,,select,cudagraph,cuda_event_grouped_5,10.2848,ok,,,,,5,20,torch_flat_router|B1|E16|D4096
router-quick,router,flat_router_decode,torch_flat_router,,bf16,1,16,4096,,8,0,49,,select,cudagraph,cuda_event_grouped_5,11.5584,ok,,,,,5,20,torch_flat_router|B1|E16|D4096
router-quick,router,flat_router_decode,torch_flat_router,,bf16,1,16,4096,,8,0,50,,select,cudagraph,cuda_event_grouped_5,10.8672,ok,,,,,5,20,torch_flat_router|B1|E16|D4096
router-quick,router,flat_router_decode,torch_flat_router,,bf16,1,16,4096,,8,0,51,,select,cudagraph,cuda_event_grouped_5,12.0192,ok,,,,,5,20,torch_flat_router|B1|E16|D4096
router-quick,router,flat_router_decode,torch_flat_router,,bf16,1,16,4096,,8,0,52,,select,cudagraph,cuda_event_grouped_5,11.2192,ok,,,,,5,20,torch_flat_router|B1|E16|D4096
router-quick,router,flat_router_decode,torch_flat_router,,bf16,1,16,4096,,8,0,53,,select,cudagraph,cuda_event_grouped_5,10.8416,ok,,,,,5,20,torch_flat_router|B1|E16|D4096
router-quick,router,flat_router_decode,torch_flat_router,,bf16,1,16,4096,,8,0,54,,select,cudagraph,cuda_event_grouped_5,11.0656,ok,,,,,5,20,torch_flat_router|B1|E16|D4096
router-quick,router,flat_router_decode,torch_flat_router,,bf16,1,16,4096,,8,0,55,,select,cudagraph,cuda_event_grouped_5,11.616,ok,,,,,5,20,torch_flat_router|B1|E16|D4096
router-quick,router,flat_router_decode,torch_flat_router,,bf16,1,16,4096,,8,0,56,,select,cudagraph,cuda_event_grouped_5,10.2976,ok,,,,,5,20,torch_flat_router|B1|E16|D4096
router-quick,router,flat_router_decode,torch_flat_router,,bf16,1,16,4096,,8,0,57,,select,cudagraph,cuda_event_grouped_5,11.6032,ok,,,,,5,20,torch_flat_router|B1|E16|D4096
router-quick,router,flat_router_decode,torch_flat_router,,bf16,1,16,4096,,8,0,58,,select,cudagraph,cuda_event_grouped_5,10.9312,ok,,,,,5,20,torch_flat_router|B1|E16|D4096
router-quick,router,flat_router_decode,torch_flat_router,,bf16,1,16,4096,,8,0,59,,select,cudagraph,cuda_event_grouped_5,12.0704,ok,,,,,5,20,torch_flat_router|B1|E16|D4096
router-quick,router,flat_router_decode,torch_flat_router,,bf16,1,16,4096,,8,0,60,,select,cudagraph,cuda_event_grouped_5,11.2512,ok,,,,,5,20,torch_flat_router|B1|E16|D4096
router-quick,router,flat_router_decode,torch_flat_router,,bf16,1,16,4096,,8,0,61,,select,cudagraph,cuda_event_grouped_5,10.784,ok,,,,,5,20,torch_flat_router|B1|E16|D4096
router-quick,router,flat_router_decode,torch_flat_router,,bf16,1,16,4096,,8,0,62,,select,cudagraph,cuda_event_grouped_5,10.9952,ok,,,,,5,20,torch_flat_router|B1|E16|D4096
router-quick,router,flat_router_decode,torch_flat_router,,bf16,1,16,4096,,8,0,63,,select,cudagraph,cuda_event_grouped_5,11.648,ok,,,,,5,20,torch_flat_router|B1|E16|D4096
router-quick,router,flat_router_decode,torch_flat_router,,bf16,1,16,4096,,8,0,64,,select,cudagraph,cuda_event_grouped_5,10.304,ok,,,,,5,20,torch_flat_router|B1|E16|D4096
router-quick,router,flat_router_decode,torch_flat_router,,bf16,1,16,4096,,8,0,65,,select,cudagraph,cuda_event_grouped_5,11.584,ok,,,,,5,20,torch_flat_router|B1|E16|D4096
router-quick,router,flat_router_decode,torch_flat_router,,bf16,1,16,4096,,8,0,66,,select,cudagraph,cuda_event_grouped_5,10.8736,ok,,,,,5,20,torch_flat_router|B1|E16|D4096
router-quick,router,flat_router_decode,torch_flat_router,,bf16,1,16,4096,,8,0,67,,select,cudagraph,cuda_event_grouped_5,12.0256,ok,,,,,5,20,torch_flat_router|B1|E16|D4096
router-quick,router,flat_router_decode,torch_flat_router,,bf16,1,16,4096,,8,0,68,,select,cudagraph,cuda_event_grouped_5,11.2576,ok,,,,,5,20,torch_flat_router|B1|E16|D4096
router-quick,router,flat_router_decode,torch_flat_router,,bf16,1,16,4096,,8,0,69,,select,cudagraph,cuda_event_grouped_5,10.8224,ok,,,,,5,20,torch_flat_router|B1|E16|D4096
router-quick,router,flat_router_decode,torch_flat_router,,bf16,1,16,4096,,8,0,70,,select,cudagraph,cuda_event_grouped_5,11.04,ok,,,,,5,20,torch_flat_router|B1|E16|D4096
router-quick,router,flat_router_decode,torch_flat_router,,bf16,1,16,4096,,8,0,71,,select,cudagraph,cuda_event_grouped_5,11.6224,ok,,,,,5,20,torch_flat_router|B1|E16|D4096
router-quick,router,flat_router_decode,torch_flat_router,,bf16,1,16,4096,,8,0,72,,select,cudagraph,cuda_event_grouped_5,10.3488,ok,,,,,5,20,torch_flat_router|B1|E16|D4096
router-quick,router,flat_router_decode,torch_flat_router,,bf16,1,16,4096,,8,0,73,,select,cudagraph,cuda_event_grouped_5,11.6352,ok,,,,,5,20,torch_flat_router|B1|E16|D4096
router-quick,router,flat_router_decode,torch_flat_router,,bf16,1,16,4096,,8,0,74,,select,cudagraph,cuda_event_grouped_5,10.8416,ok,,,,,5,20,torch_flat_router|B1|E16|D4096
router-quick,router,flat_router_decode,torch_flat_router,,bf16,1,16,4096,,8,0,75,,select,cudagraph,cuda_event_grouped_5,12.0384,ok,,,,,5,20,torch_flat_router|B1|E16|D4096
router-quick,router,flat_router_decode,torch_flat_router,,bf16,1,16,4096,,8,0,76,,select,cudagraph,cuda_event_grouped_5,11.2512,ok,,,,,5,20,torch_flat_router|B1|E16|D4096
router-quick,router,flat_router_decode,torch_flat_router,,bf16,1,16,4096,,8,0,77,,select,cudagraph,cuda_event_grouped_5,10.8224,ok,,,,,5,20,torch_flat_router|B1|E16|D4096
router-quick,router,flat_router_decode,torch_flat_router,,bf16,1,16,4096,,8,0,78,,select,cudagraph,cuda_event_grouped_5,11.104,ok,,,,,5,20,torch_flat_router|B1|E16|D4096
router-quick,router,flat_router_decode,torch_flat_router,,bf16,1,16,4096,,8,0,79,,select,cudagraph,cuda_event_grouped_5,11.648,ok,,,,,5,20,torch_flat_router|B1|E16|D4096
router-quick,router,flat_router_decode,torch_flat_router,,bf16,1,16,4096,,8,0,80,,select,cudagraph,cuda_event_grouped_5,10.336,ok,,,,,5,20,torch_flat_router|B1|E16|D4096
router-quick,router,flat_router_decode,torch_flat_router,,bf16,1,16,4096,,8,0,81,,select,cudagraph,cuda_event_grouped_5,11.584,ok,,,,,5,20,torch_flat_router|B1|E16|D4096
router-quick,router,flat_router_decode,torch_flat_router,,bf16,1,16,4096,,8,0,82,,select,cudagraph,cuda_event_grouped_5,10.8352,ok,,,,,5,20,torch_flat_router|B1|E16|D4096
router-quick,router,flat_router_decode,torch_flat_router,,bf16,1,16,4096,,8,0,83,,select,cudagraph,cuda_event_grouped_5,12.1216,ok,,,,,5,20,torch_flat_router|B1|E16|D4096
router-quick,router,flat_router_decode,torch_flat_router,,bf16,1,16,4096,,8,0,84,,select,cudagraph,cuda_event_grouped_5,11.2832,ok,,,,,5,20,torch_flat_router|B1|E16|D4096
router-quick,router,flat_router_decode,torch_flat_router,,bf16,1,16,4096,,8,0,85,,select,cudagraph,cuda_event_grouped_5,10.912,ok,,,,,5,20,torch_flat_router|B1|E16|D4096
router-quick,router,flat_router_decode,torch_flat_router,,bf16,1,16,4096,,8,0,86,,select,cudagraph,cuda_event_grouped_5,11.0592,ok,,,,,5,20,torch_flat_router|B1|E16|D4096
router-quick,router,flat_router_decode,torch_flat_router,,bf16,1,16,4096,,8,0,87,,select,cudagraph,cuda_event_grouped_5,11.6608,ok,,,,,5,20,torch_flat_router|B1|E16|D4096
router-quick,router,flat_router_decode,torch_flat_router,,bf16,1,16,4096,,8,0,88,,select,cudagraph,cuda_event_grouped_5,10.3808,ok,,,,,5,20,torch_flat_router|B1|E16|D4096
router-quick,router,flat_router_decode,torch_flat_router,,bf16,1,16,4096,,8,0,89,,select,cudagraph,cuda_event_grouped_5,11.6736,ok,,,,,5,20,torch_flat_router|B1|E16|D4096
router-quick,router,flat_router_decode,torch_flat_router,,bf16,1,16,4096,,8,0,90,,select,cudagraph,cuda_event_grouped_5,10.8736,ok,,,,,5,20,torch_flat_router|B1|E16|D4096
router-quick,router,flat_router_decode,torch_flat_router,,bf16,1,16,4096,,8,0,91,,select,cudagraph,cuda_event_grouped_5,12.0832,ok,,,,,5,20,torch_flat_router|B1|E16|D4096
router-quick,router,flat_router_decode,torch_flat_router,,bf16,1,16,4096,,8,0,92,,select,cudagraph,cuda_event_grouped_5,11.3344,ok,,,,,5,20,torch_flat_router|B1|E16|D4096
router-quick,router,flat_router_decode,torch_flat_router,,bf16,1,16,4096,,8,0,93,,select,cudagraph,cuda_event_grouped_5,10.8864,ok,,,,,5,20,torch_flat_router|B1|E16|D4096
router-quick,router,flat_router_decode,torch_flat_router,,bf16,1,16,4096,,8,0,94,,select,cudagraph,cuda_event_grouped_5,11.0912,ok,,,,,5,20,torch_flat_router|B1|E16|D4096
router-quick,router,flat_router_decode,torch_flat_router,,bf16,1,16,4096,,8,0,95,,select,cudagraph,cuda_event_grouped_5,11.6416,ok,,,,,5,20,torch_flat_router|B1|E16|D4096
router-quick,router,flat_router_decode,torch_flat_router,,bf16,1,16,4096,,8,0,96,,select,cudagraph,cuda_event_grouped_5,10.3744,ok,,,,,5,20,torch_flat_router|B1|E16|D4096
router-quick,router,flat_router_decode,torch_flat_router,,bf16,1,16,4096,,8,0,97,,select,cudagraph,cuda_event_grouped_5,11.6416,ok,,,,,5,20,torch_flat_router|B1|E16|D4096
router-quick,router,flat_router_decode,torch_flat_router,,bf16,1,16,4096,,8,0,98,,select,cudagraph,cuda_event_grouped_5,10.8672,ok,,,,,5,20,torch_flat_router|B1|E16|D4096
router-quick,router,flat_router_decode,torch_flat_router,,bf16,1,16,4096,,8,0,99,,select,cudagraph,cuda_event_grouped_5,12.0576,ok,,,,,5,20,torch_flat_router|B1|E16|D4096
router-quick,router,flat_router_decode,torch_flat_router,,bf16,1,16,4096,,8,0,0,,combined,cudagraph,cuda_event_grouped_3,18.2933,ok,,,,,3,20,torch_flat_router|B1|E16|D4096
router-quick,router,flat_router_decode,torch_flat_router,,bf16,1,16,4096,,8,0,1,,combined,cudagraph,cuda_event_grouped_3,18.0053,ok,,,,,3,20,torch_flat_router|B1|E16|D4096
router-quick,router,flat_router_decode,torch_flat_router,,bf16,1,16,4096,,8,0,2,,combined,cudagraph,cuda_event_grouped_3,18.2187,ok,,,,,3,20,torch_flat_router|B1|E16|D4096
router-quick,router,flat_router_decode,torch_flat_router,,bf16,1,16,4096,,8,0,3,,combined,cudagraph,cuda_event_grouped_3,17.856,ok,,,,,3,20,torch_flat_router|B1|E16|D4096
router-quick,router,flat_router_decode,torch_flat_router,,bf16,1,16,4096,,8,0,4,,combined,cudagraph,cuda_event_grouped_3,17.472,ok,,,,,3,20,torch_flat_router|B1|E16|D4096
router-quick,router,flat_router_decode,torch_flat_router,,bf16,1,16,4096,,8,0,5,,combined,cudagraph,cuda_event_grouped_3,17.6107,ok,,,,,3,20,torch_flat_router|B1|E16|D4096
router-quick,router,flat_router_decode,torch_flat_router,,bf16,1,16,4096,,8,0,6,,combined,cudagraph,cuda_event_grouped_3,18.944,ok,,,,,3,20,torch_flat_router|B1|E16|D4096
router-quick,router,flat_router_decode,torch_flat_router,,bf16,1,16,4096,,8,0,7,,combined,cudagraph,cuda_event_grouped_3,17.9627,ok,,,,,3,20,torch_flat_router|B1|E16|D4096
router-quick,router,flat_router_decode,torch_flat_router,,bf16,1,16,4096,,8,0,8,,combined,cudagraph,cuda_event_grouped_3,17.8453,ok,,,,,3,20,torch_flat_router|B1|E16|D4096
router-quick,router,flat_router_decode,torch_flat_router,,bf16,1,16,4096,,8,0,9,,combined,cudagraph,cuda_event_grouped_3,17.5893,ok,,,,,3,20,torch_flat_router|B1|E16|D4096
router-quick,router,flat_router_decode,torch_flat_router,,bf16,1,16,4096,,8,0,10,,combined,cudagraph,cuda_event_grouped_3,17.536,ok,,,,,3,20,torch_flat_router|B1|E16|D4096
router-quick,router,flat_router_decode,torch_flat_router,,bf16,1,16,4096,,8,0,11,,combined,cudagraph,cuda_event_grouped_3,17.3547,ok,,,,,3,20,torch_flat_router|B1|E16|D4096
router-quick,router,flat_router_decode,torch_flat_router,,bf16,1,16,4096,,8,0,12,,combined,cudagraph,cuda_event_grouped_3,17.7813,ok,,,,,3,20,torch_flat_router|B1|E16|D4096
router-quick,router,flat_router_decode,torch_flat_router,,bf16,1,16,4096,,8,0,13,,combined,cudagraph,cuda_event_grouped_3,17.952,ok,,,,,3,20,torch_flat_router|B1|E16|D4096
router-quick,router,flat_router_decode,torch_flat_router,,bf16,1,16,4096,,8,0,14,,combined,cudagraph,cuda_event_grouped_3,17.9413,ok,,,,,3,20,torch_flat_router|B1|E16|D4096
router-quick,router,flat_router_decode,torch_flat_router,,bf16,1,16,4096,,8,0,15,,combined,cudagraph,cuda_event_grouped_3,18.432,ok,,,,,3,20,torch_flat_router|B1|E16|D4096
router-quick,router,flat_router_decode,torch_flat_router,,bf16,1,16,4096,,8,0,16,,combined,cudagraph,cuda_event_grouped_3,17.5253,ok,,,,,3,20,torch_flat_router|B1|E16|D4096
router-quick,router,flat_router_decode,torch_flat_router,,bf16,1,16,4096,,8,0,17,,combined,cudagraph,cuda_event_grouped_3,17.9947,ok,,,,,3,20,torch_flat_router|B1|E16|D4096
router-quick,router,flat_router_decode,torch_flat_router,,bf16,1,16,4096,,8,0,18,,combined,cudagraph,cuda_event_grouped_3,17.7387,ok,,,,,3,20,torch_flat_router|B1|E16|D4096
router-quick,router,flat_router_decode,torch_flat_router,,bf16,1,16,4096,,8,0,19,,combined,cudagraph,cuda_event_grouped_3,18.7947,ok,,,,,3,20,torch_flat_router|B1|E16|D4096
router-quick,router,flat_router_decode,torch_flat_router,,bf16,1,16,4096,,8,0,20,,combined,cudagraph,cuda_event_grouped_3,17.7493,ok,,,,,3,20,torch_flat_router|B1|E16|D4096
router-quick,router,flat_router_decode,torch_flat_router,,bf16,1,16,4096,,8,0,21,,combined,cudagraph,cuda_event_grouped_3,18.3147,ok,,,,,3,20,torch_flat_router|B1|E16|D4096
router-quick,router,flat_router_decode,torch_flat_router,,bf16,1,16,4096,,8,0,22,,combined,cudagraph,cuda_event_grouped_3,17.5467,ok,,,,,3,20,torch_flat_router|B1|E16|D4096
router-quick,router,flat_router_decode,torch_flat_router,,bf16,1,16,4096,,8,0,23,,combined,cudagraph,cuda_event_grouped_3,17.8453,ok,,,,,3,20,torch_flat_router|B1|E16|D4096
router-quick,router,flat_router_decode,torch_flat_router,,bf16,1,16,4096,,8,0,24,,combined,cudagraph,cuda_event_grouped_3,17.4507,ok,,,,,3,20,torch_flat_router|B1|E16|D4096
router-quick,router,flat_router_decode,torch_flat_router,,bf16,1,16,4096,,8,0,25,,combined,cudagraph,cuda_event_grouped_3,17.824,ok,,,,,3,20,torch_flat_router|B1|E16|D4096
router-quick,router,flat_router_decode,torch_flat_router,,bf16,1,16,4096,,8,0,26,,combined,cudagraph,cuda_event_grouped_3,17.888,ok,,,,,3,20,torch_flat_router|B1|E16|D4096
router-quick,router,flat_router_decode,torch_flat_router,,bf16,1,16,4096,,8,0,27,,combined,cudagraph,cuda_event_grouped_3,18.3787,ok,,,,,3,20,torch_flat_router|B1|E16|D4096
router-quick,router,flat_router_decode,torch_flat_router,,bf16,1,16,4096,,8,0,28,,combined,cudagraph,cuda_event_grouped_3,17.5787,ok,,,,,3,20,torch_flat_router|B1|E16|D4096
router-quick,router,flat_router_decode,torch_flat_router,,bf16,1,16,4096,,8,0,29,,combined,cudagraph,cuda_event_grouped_3,18.5387,ok,,,,,3,20,torch_flat_router|B1|E16|D4096
router-quick,router,flat_router_decode,torch_flat_router,,bf16,1,16,4096,,8,0,30,,combined,cudagraph,cuda_event_grouped_3,18.6987,ok,,,,,3,20,torch_flat_router|B1|E16|D4096
router-quick,router,flat_router_decode,torch_flat_router,,bf16,1,16,4096,,8,0,31,,combined,cudagraph,cuda_event_grouped_3,18.0373,ok,,,,,3,20,torch_flat_router|B1|E16|D4096
router-quick,router,flat_router_decode,torch_flat_router,,bf16,1,16,4096,,8,0,32,,combined,cudagraph,cuda_event_grouped_3,17.92,ok,,,,,3,20,torch_flat_router|B1|E16|D4096
router-quick,router,flat_router_decode,torch_flat_router,,bf16,1,16,4096,,8,0,33,,combined,cudagraph,cuda_event_grouped_3,17.92,ok,,,,,3,20,torch_flat_router|B1|E16|D4096
router-quick,router,flat_router_decode,torch_flat_router,,bf16,1,16,4096,,8,0,34,,combined,cudagraph,cuda_event_grouped_3,18.2293,ok,,,,,3,20,torch_flat_router|B1|E16|D4096
router-quick,router,flat_router_decode,torch_flat_router,,bf16,1,16,4096,,8,0,35,,combined,cudagraph,cuda_event_grouped_3,18.016,ok,,,,,3,20,torch_flat_router|B1|E16|D4096
router-quick,router,flat_router_decode,torch_flat_router,,bf16,1,16,4096,,8,0,36,,combined,cudagraph,cuda_event_grouped_3,18.208,ok,,,,,3,20,torch_flat_router|B1|E16|D4096
router-quick,router,flat_router_decode,torch_flat_router,,bf16,1,16,4096,,8,0,37,,combined,cudagraph,cuda_event_grouped_3,18.6453,ok,,,,,3,20,torch_flat_router|B1|E16|D4096
router-quick,router,flat_router_decode,torch_flat_router,,bf16,1,16,4096,,8,0,38,,combined,cudagraph,cuda_event_grouped_3,17.8347,ok,,,,,3,20,torch_flat_router|B1|E16|D4096
router-quick,router,flat_router_decode,torch_flat_router,,bf16,1,16,4096,,8,0,39,,combined,cudagraph,cuda_event_grouped_3,18.0053,ok,,,,,3,20,torch_flat_router|B1|E16|D4096
router-quick,router,flat_router_decode,torch_flat_router,,bf16,1,16,4096,,8,0,40,,combined,cudagraph,cuda_event_grouped_3,17.92,ok,,,,,3,20,torch_flat_router|B1|E16|D4096
router-quick,router,flat_router_decode,torch_flat_router,,bf16,1,16,4096,,8,0,41,,combined,cudagraph,cuda_event_grouped_3,17.8773,ok,,,,,3,20,torch_flat_router|B1|E16|D4096
router-quick,router,flat_router_decode,torch_flat_router,,bf16,1,16,4096,,8,0,42,,combined,cudagraph,cuda_event_grouped_3,18.24,ok,,,,,3,20,torch_flat_router|B1|E16|D4096
router-quick,router,flat_router_decode,torch_flat_router,,bf16,1,16,4096,,8,0,43,,combined,cudagraph,cuda_event_grouped_3,18.1867,ok,,,,,3,20,torch_flat_router|B1|E16|D4096
router-quick,router,flat_router_decode,torch_flat_router,,bf16,1,16,4096,,8,0,44,,combined,cudagraph,cuda_event_grouped_3,18.656,ok,,,,,3,20,torch_flat_router|B1|E16|D4096
router-quick,router,flat_router_decode,torch_flat_router,,bf16,1,16,4096,,8,0,45,,combined,cudagraph,cuda_event_grouped_3,18.464,ok,,,,,3,20,torch_flat_router|B1|E16|D4096
router-quick,router,flat_router_decode,torch_flat_router,,bf16,1,16,4096,,8,0,46,,combined,cudagraph,cuda_event_grouped_3,17.0987,ok,,,,,3,20,torch_flat_router|B1|E16|D4096
router-quick,router,flat_router_decode,torch_flat_router,,bf16,1,16,4096,,8,0,47,,combined,cudagraph,cuda_event_grouped_3,17.3653,ok,,,,,3,20,torch_flat_router|B1|E16|D4096
router-quick,router,flat_router_decode,torch_flat_router,,bf16,1,16,4096,,8,0,48,,combined,cudagraph,cuda_event_grouped_3,17.8133,ok,,,,,3,20,torch_flat_router|B1|E16|D4096
router-quick,router,flat_router_decode,torch_flat_router,,bf16,1,16,4096,,8,0,49,,combined,cudagraph,cuda_event_grouped_3,18.432,ok,,,,,3,20,torch_flat_router|B1|E16|D4096
router-quick,router,flat_router_decode,torch_flat_router,,bf16,1,16,4096,,8,0,50,,combined,cudagraph,cuda_event_grouped_3,17.8667,ok,,,,,3,20,torch_flat_router|B1|E16|D4096
router-quick,router,flat_router_decode,torch_flat_router,,bf16,1,16,4096,,8,0,51,,combined,cudagraph,cuda_event_grouped_3,17.984,ok,,,,,3,20,torch_flat_router|B1|E16|D4096
router-quick,router,flat_router_decode,torch_flat_router,,bf16,1,16,4096,,8,0,52,,combined,cudagraph,cuda_event_grouped_3,17.4827,ok,,,,,3,20,torch_flat_router|B1|E16|D4096
router-quick,router,flat_router_decode,torch_flat_router,,bf16,1,16,4096,,8,0,53,,combined,cudagraph,cuda_event_grouped_3,17.8667,ok,,,,,3,20,torch_flat_router|B1|E16|D4096
router-quick,router,flat_router_decode,torch_flat_router,,bf16,1,16,4096,,8,0,54,,combined,cudagraph,cuda_event_grouped_3,19.1787,ok,,,,,3,20,torch_flat_router|B1|E16|D4096
router-quick,router,flat_router_decode,torch_flat_router,,bf16,1,16,4096,,8,0,55,,combined,cudagraph,cuda_event_grouped_3,17.5787,ok,,,,,3,20,torch_flat_router|B1|E16|D4096
router-quick,router,flat_router_decode,torch_flat_router,,bf16,1,16,4096,,8,0,56,,combined,cudagraph,cuda_event_grouped_3,17.632,ok,,,,,3,20,torch_flat_router|B1|E16|D4096
router-quick,router,flat_router_decode,torch_flat_router,,bf16,1,16,4096,,8,0,57,,combined,cudagraph,cuda_event_grouped_3,17.5467,ok,,,,,3,20,torch_flat_router|B1|E16|D4096
router-quick,router,flat_router_decode,torch_flat_router,,bf16,1,16,4096,,8,0,58,,combined,cudagraph,cuda_event_grouped_3,17.536,ok,,,,,3,20,torch_flat_router|B1|E16|D4096
router-quick,router,flat_router_decode,torch_flat_router,,bf16,1,16,4096,,8,0,59,,combined,cudagraph,cuda_event_grouped_3,18.7413,ok,,,,,3,20,torch_flat_router|B1|E16|D4096
router-quick,router,flat_router_decode,torch_flat_router,,bf16,1,16,4096,,8,0,60,,combined,cudagraph,cuda_event_grouped_3,18.144,ok,,,,,3,20,torch_flat_router|B1|E16|D4096
router-quick,router,flat_router_decode,torch_flat_router,,bf16,1,16,4096,,8,0,61,,combined,cudagraph,cuda_event_grouped_3,18.2827,ok,,,,,3,20,torch_flat_router|B1|E16|D4096
router-quick,router,flat_router_decode,torch_flat_router,,bf16,1,16,4096,,8,0,62,,combined,cudagraph,cuda_event_grouped_3,18.1227,ok,,,,,3,20,torch_flat_router|B1|E16|D4096
router-quick,router,flat_router_decode,torch_flat_router,,bf16,1,16,4096,,8,0,63,,combined,cudagraph,cuda_event_grouped_3,18.272,ok,,,,,3,20,torch_flat_router|B1|E16|D4096
router-quick,router,flat_router_decode,torch_flat_router,,bf16,1,16,4096,,8,0,64,,combined,cudagraph,cuda_event_grouped_3,18.56,ok,,,,,3,20,torch_flat_router|B1|E16|D4096
router-quick,router,flat_router_decode,torch_flat_router,,bf16,1,16,4096,,8,0,65,,combined,cudagraph,cuda_event_grouped_3,17.376,ok,,,,,3,20,torch_flat_router|B1|E16|D4096
router-quick,router,flat_router_decode,torch_flat_router,,bf16,1,16,4096,,8,0,66,,combined,cudagraph,cuda_event_grouped_3,18.1653,ok,,,,,3,20,torch_flat_router|B1|E16|D4096
router-quick,router,flat_router_decode,torch_flat_router,,bf16,1,16,4096,,8,0,67,,combined,cudagraph,cuda_event_grouped_3,18.112,ok,,,,,3,20,torch_flat_router|B1|E16|D4096
router-quick,router,flat_router_decode,torch_flat_router,,bf16,1,16,4096,,8,0,68,,combined,cudagraph,cuda_event_grouped_3,17.4933,ok,,,,,3,20,torch_flat_router|B1|E16|D4096
router-quick,router,flat_router_decode,torch_flat_router,,bf16,1,16,4096,,8,0,69,,combined,cudagraph,cuda_event_grouped_3,19.2533,ok,,,,,3,20,torch_flat_router|B1|E16|D4096
router-quick,router,flat_router_decode,torch_flat_router,,bf16,1,16,4096,,8,0,70,,combined,cudagraph,cuda_event_grouped_3,17.9733,ok,,,,,3,20,torch_flat_router|B1|E16|D4096
router-quick,router,flat_router_decode,torch_flat_router,,bf16,1,16,4096,,8,0,71,,combined,cudagraph,cuda_event_grouped_3,17.9413,ok,,,,,3,20,torch_flat_router|B1|E16|D4096
router-quick,router,flat_router_decode,torch_flat_router,,bf16,1,16,4096,,8,0,72,,combined,cudagraph,cuda_event_grouped_3,18.1867,ok,,,,,3,20,torch_flat_router|B1|E16|D4096
router-quick,router,flat_router_decode,torch_flat_router,,bf16,1,16,4096,,8,0,73,,combined,cudagraph,cuda_event_grouped_3,18.592,ok,,,,,3,20,torch_flat_router|B1|E16|D4096
router-quick,router,flat_router_decode,torch_flat_router,,bf16,1,16,4096,,8,0,74,,combined,cudagraph,cuda_event_grouped_3,17.3333,ok,,,,,3,20,torch_flat_router|B1|E16|D4096
router-quick,router,flat_router_decode,torch_flat_router,,bf16,1,16,4096,,8,0,75,,combined,cudagraph,cuda_event_grouped_3,17.76,ok,,,,,3,20,torch_flat_router|B1|E16|D4096
router-quick,router,flat_router_decode,torch_flat_router,,bf16,1,16,4096,,8,0,76,,combined,cudagraph,cuda_event_grouped_3,18.2613,ok,,,,,3,20,torch_flat_router|B1|E16|D4096
router-quick,router,flat_router_decode,torch_flat_router,,bf16,1,16,4096,,8,0,77,,combined,cudagraph,cuda_event_grouped_3,17.9413,ok,,,,,3,20,torch_flat_router|B1|E16|D4096
router-quick,router,flat_router_decode,torch_flat_router,,bf16,1,16,4096,,8,0,78,,combined,cudagraph,cuda_event_grouped_3,18.2187,ok,,,,,3,20,torch_flat_router|B1|E16|D4096
router-quick,router,flat_router_decode,torch_flat_router,,bf16,1,16,4096,,8,0,79,,combined,cudagraph,cuda_event_grouped_3,17.824,ok,,,,,3,20,torch_flat_router|B1|E16|D4096
router-quick,router,flat_router_decode,torch_flat_router,,bf16,1,16,4096,,8,0,80,,combined,cudagraph,cuda_event_grouped_3,18.1867,ok,,,,,3,20,torch_flat_router|B1|E16|D4096
router-quick,router,flat_router_decode,torch_flat_router,,bf16,1,16,4096,,8,0,81,,combined,cudagraph,cuda_event_grouped_3,18.7947,ok,,,,,3,20,torch_flat_router|B1|E16|D4096
router-quick,router,flat_router_decode,torch_flat_router,,bf16,1,16,4096,,8,0,82,,combined,cudagraph,cuda_event_grouped_3,18.3467,ok,,,,,3,20,torch_flat_router|B1|E16|D4096
router-quick,router,flat_router_decode,torch_flat_router,,bf16,1,16,4096,,8,0,83,,combined,cudagraph,cuda_event_grouped_3,18.1547,ok,,,,,3,20,torch_flat_router|B1|E16|D4096
router-quick,router,flat_router_decode,torch_flat_router,,bf16,1,16,4096,,8,0,84,,combined,cudagraph,cuda_event_grouped_3,17.408,ok,,,,,3,20,torch_flat_router|B1|E16|D4096
router-quick,router,flat_router_decode,torch_flat_router,,bf16,1,16,4096,,8,0,85,,combined,cudagraph,cuda_event_grouped_3,17.504,ok,,,,,3,20,torch_flat_router|B1|E16|D4096
router-quick,router,flat_router_decode,torch_flat_router,,bf16,1,16,4096,,8,0,86,,combined,cudagraph,cuda_event_grouped_3,17.248,ok,,,,,3,20,torch_flat_router|B1|E16|D4096
router-quick,router,flat_router_decode,torch_flat_router,,bf16,1,16,4096,,8,0,87,,combined,cudagraph,cuda_event_grouped_3,18.9333,ok,,,,,3,20,torch_flat_router|B1|E16|D4096
router-quick,router,flat_router_decode,torch_flat_router,,bf16,1,16,4096,,8,0,88,,combined,cudagraph,cuda_event_grouped_3,18.1227,ok,,,,,3,20,torch_flat_router|B1|E16|D4096
router-quick,router,flat_router_decode,torch_flat_router,,bf16,1,16,4096,,8,0,89,,combined,cudagraph,cuda_event_grouped_3,17.952,ok,,,,,3,20,torch_flat_router|B1|E16|D4096
router-quick,router,flat_router_decode,torch_flat_router,,bf16,1,16,4096,,8,0,90,,combined,cudagraph,cuda_event_grouped_3,18.144,ok,,,,,3,20,torch_flat_router|B1|E16|D4096
router-quick,router,flat_router_decode,torch_flat_router,,bf16,1,16,4096,,8,0,91,,combined,cudagraph,cuda_event_grouped_3,18.1013,ok,,,,,3,20,torch_flat_router|B1|E16|D4096
router-quick,router,flat_router_decode,torch_flat_router,,bf16,1,16,4096,,8,0,92,,combined,cudagraph,cuda_event_grouped_3,17.8027,ok,,,,,3,20,torch_flat_router|B1|E16|D4096
router-quick,router,flat_router_decode,torch_flat_router,,bf16,1,16,4096,,8,0,93,,combined,cudagraph,cuda_event_grouped_3,17.3973,ok,,,,,3,20,torch_flat_router|B1|E16|D4096
router-quick,router,flat_router_decode,torch_flat_router,,bf16,1,16,4096,,8,0,94,,combined,cudagraph,cuda_event_grouped_3,18.0053,ok,,,,,3,20,torch_flat_router|B1|E16|D4096
router-quick,router,flat_router_decode,torch_flat_router,,bf16,1,16,4096,,8,0,95,,combined,cudagraph,cuda_event_grouped_3,17.728,ok,,,,,3,20,torch_flat_router|B1|E16|D4096
router-quick,router,flat_router_decode,torch_flat_router,,bf16,1,16,4096,,8,0,96,,combined,cudagraph,cuda_event_grouped_3,16.96,ok,,,,,3,20,torch_flat_router|B1|E16|D4096
router-quick,router,flat_router_decode,torch_flat_router,,bf16,1,16,4096,,8,0,97,,combined,cudagraph,cuda_event_grouped_3,17.8133,ok,,,,,3,20,torch_flat_router|B1|E16|D4096
router-quick,router,flat_router_decode,torch_flat_router,,bf16,1,16,4096,,8,0,98,,combined,cudagraph,cuda_event_grouped_3,17.8453,ok,,,,,3,20,torch_flat_router|B1|E16|D4096
router-quick,router,flat_router_decode,torch_flat_router,,bf16,1,16,4096,,8,0,99,,combined,cudagraph,cuda_event_grouped_3,17.984,ok,,,,,3,20,torch_flat_router|B1|E16|D4096
router-quick,router,flat_router_decode,torch_flat_router,,bf16,1,256,4096,,8,0,0,,score,eager,cuda_event_grouped_5,11.04,ok,,,,,5,20,torch_flat_router|B1|E256|D4096
router-quick,router,flat_router_decode,torch_flat_router,,bf16,1,256,4096,,8,0,1,,score,eager,cuda_event_grouped_5,10.4768,ok,,,,,5,20,torch_flat_router|B1|E256|D4096
router-quick,router,flat_router_decode,torch_flat_router,,bf16,1,256,4096,,8,0,2,,score,eager,cuda_event_grouped_5,10.4256,ok,,,,,5,20,torch_flat_router|B1|E256|D4096
router-quick,router,flat_router_decode,torch_flat_router,,bf16,1,256,4096,,8,0,3,,score,eager,cuda_event_grouped_5,10.4128,ok,,,,,5,20,torch_flat_router|B1|E256|D4096
router-quick,router,flat_router_decode,torch_flat_router,,bf16,1,256,4096,,8,0,4,,score,eager,cuda_event_grouped_5,10.4064,ok,,,,,5,20,torch_flat_router|B1|E256|D4096
router-quick,router,flat_router_decode,torch_flat_router,,bf16,1,256,4096,,8,0,5,,score,eager,cuda_event_grouped_5,10.3808,ok,,,,,5,20,torch_flat_router|B1|E256|D4096
router-quick,router,flat_router_decode,torch_flat_router,,bf16,1,256,4096,,8,0,6,,score,eager,cuda_event_grouped_5,10.5152,ok,,,,,5,20,torch_flat_router|B1|E256|D4096
router-quick,router,flat_router_decode,torch_flat_router,,bf16,1,256,4096,,8,0,7,,score,eager,cuda_event_grouped_5,10.3616,ok,,,,,5,20,torch_flat_router|B1|E256|D4096
router-quick,router,flat_router_decode,torch_flat_router,,bf16,1,256,4096,,8,0,8,,score,eager,cuda_event_grouped_5,10.5216,ok,,,,,5,20,torch_flat_router|B1|E256|D4096
router-quick,router,flat_router_decode,torch_flat_router,,bf16,1,256,4096,,8,0,9,,score,eager,cuda_event_grouped_5,10.2912,ok,,,,,5,20,torch_flat_router|B1|E256|D4096
router-quick,router,flat_router_decode,torch_flat_router,,bf16,1,256,4096,,8,0,10,,score,eager,cuda_event_grouped_5,10.4704,ok,,,,,5,20,torch_flat_router|B1|E256|D4096
router-quick,router,flat_router_decode,torch_flat_router,,bf16,1,256,4096,,8,0,11,,score,eager,cuda_event_grouped_5,10.3232,ok,,,,,5,20,torch_flat_router|B1|E256|D4096
router-quick,router,flat_router_decode,torch_flat_router,,bf16,1,256,4096,,8,0,12,,score,eager,cuda_event_grouped_5,10.5792,ok,,,,,5,20,torch_flat_router|B1|E256|D4096
router-quick,router,flat_router_decode,torch_flat_router,,bf16,1,256,4096,,8,0,13,,score,eager,cuda_event_grouped_5,10.3744,ok,,,,,5,20,torch_flat_router|B1|E256|D4096
router-quick,router,flat_router_decode,torch_flat_router,,bf16,1,256,4096,,8,0,14,,score,eager,cuda_event_grouped_5,10.3296,ok,,,,,5,20,torch_flat_router|B1|E256|D4096
router-quick,router,flat_router_decode,torch_flat_router,,bf16,1,256,4096,,8,0,15,,score,eager,cuda_event_grouped_5,10.3232,ok,,,,,5,20,torch_flat_router|B1|E256|D4096
router-quick,router,flat_router_decode,torch_flat_router,,bf16,1,256,4096,,8,0,16,,score,eager,cuda_event_grouped_5,10.5024,ok,,,,,5,20,torch_flat_router|B1|E256|D4096
router-quick,router,flat_router_decode,torch_flat_router,,bf16,1,256,4096,,8,0,17,,score,eager,cuda_event_grouped_5,10.3552,ok,,,,,5,20,torch_flat_router|B1|E256|D4096
router-quick,router,flat_router_decode,torch_flat_router,,bf16,1,256,4096,,8,0,18,,score,eager,cuda_event_grouped_5,10.3296,ok,,,,,5,20,torch_flat_router|B1|E256|D4096
router-quick,router,flat_router_decode,torch_flat_router,,bf16,1,256,4096,,8,0,19,,score,eager,cuda_event_grouped_5,10.2848,ok,,,,,5,20,torch_flat_router|B1|E256|D4096
router-quick,router,flat_router_decode,torch_flat_router,,bf16,1,256,4096,,8,0,20,,score,eager,cuda_event_grouped_5,10.4512,ok,,,,,5,20,torch_flat_router|B1|E256|D4096
router-quick,router,flat_router_decode,torch_flat_router,,bf16,1,256,4096,,8,0,21,,score,eager,cuda_event_grouped_5,10.3808,ok,,,,,5,20,torch_flat_router|B1|E256|D4096
router-quick,router,flat_router_decode,torch_flat_router,,bf16,1,256,4096,,8,0,22,,score,eager,cuda_event_grouped_5,10.56,ok,,,,,5,20,torch_flat_router|B1|E256|D4096
router-quick,router,flat_router_decode,torch_flat_router,,bf16,1,256,4096,,8,0,23,,score,eager,cuda_event_grouped_5,10.3424,ok,,,,,5,20,torch_flat_router|B1|E256|D4096
router-quick,router,flat_router_decode,torch_flat_router,,bf16,1,256,4096,,8,0,24,,score,eager,cuda_event_grouped_5,10.3488,ok,,,,,5,20,torch_flat_router|B1|E256|D4096
router-quick,router,flat_router_decode,torch_flat_router,,bf16,1,256,4096,,8,0,25,,score,eager,cuda_event_grouped_5,10.7328,ok,,,,,5,20,torch_flat_router|B1|E256|D4096
router-quick,router,flat_router_decode,torch_flat_router,,bf16,1,256,4096,,8,0,26,,score,eager,cuda_event_grouped_5,10.4128,ok,,,,,5,20,torch_flat_router|B1|E256|D4096
router-quick,router,flat_router_decode,torch_flat_router,,bf16,1,256,4096,,8,0,27,,score,eager,cuda_event_grouped_5,10.304,ok,,,,,5,20,torch_flat_router|B1|E256|D4096
router-quick,router,flat_router_decode,torch_flat_router,,bf16,1,256,4096,,8,0,28,,score,eager,cuda_event_grouped_5,10.4768,ok,,,,,5,20,torch_flat_router|B1|E256|D4096
router-quick,router,flat_router_decode,torch_flat_router,,bf16,1,256,4096,,8,0,29,,score,eager,cuda_event_grouped_5,10.6368,ok,,,,,5,20,torch_flat_router|B1|E256|D4096
router-quick,router,flat_router_decode,torch_flat_router,,bf16,1,256,4096,,8,0,30,,score,eager,cuda_event_grouped_5,10.4512,ok,,,,,5,20,torch_flat_router|B1|E256|D4096
router-quick,router,flat_router_decode,torch_flat_router,,bf16,1,256,4096,,8,0,31,,score,eager,cuda_event_grouped_5,12.16,ok,,,,,5,20,torch_flat_router|B1|E256|D4096
router-quick,router,flat_router_decode,torch_flat_router,,bf16,1,256,4096,,8,0,32,,score,eager,cuda_event_grouped_5,10.7712,ok,,,,,5,20,torch_flat_router|B1|E256|D4096
router-quick,router,flat_router_decode,torch_flat_router,,bf16,1,256,4096,,8,0,33,,score,eager,cuda_event_grouped_5,10.4256,ok,,,,,5,20,torch_flat_router|B1|E256|D4096
router-quick,router,flat_router_decode,torch_flat_router,,bf16,1,256,4096,,8,0,34,,score,eager,cuda_event_grouped_5,10.6496,ok,,,,,5,20,torch_flat_router|B1|E256|D4096
router-quick,router,flat_router_decode,torch_flat_router,,bf16,1,256,4096,,8,0,35,,score,eager,cuda_event_grouped_5,10.3872,ok,,,,,5,20,torch_flat_router|B1|E256|D4096
router-quick,router,flat_router_decode,torch_flat_router,,bf16,1,256,4096,,8,0,36,,score,eager,cuda_event_grouped_5,10.3168,ok,,,,,5,20,torch_flat_router|B1|E256|D4096
router-quick,router,flat_router_decode,torch_flat_router,,bf16,1,256,4096,,8,0,37,,score,eager,cuda_event_grouped_5,10.368,ok,,,,,5,20,torch_flat_router|B1|E256|D4096
router-quick,router,flat_router_decode,torch_flat_router,,bf16,1,256,4096,,8,0,38,,score,eager,cuda_event_grouped_5,10.3872,ok,,,,,5,20,torch_flat_router|B1|E256|D4096
router-quick,router,flat_router_decode,torch_flat_router,,bf16,1,256,4096,,8,0,39,,score,eager,cuda_event_grouped_5,10.336,ok,,,,,5,20,torch_flat_router|B1|E256|D4096
router-quick,router,flat_router_decode,torch_flat_router,,bf16,1,256,4096,,8,0,40,,score,eager,cuda_event_grouped_5,10.4064,ok,,,,,5,20,torch_flat_router|B1|E256|D4096
router-quick,router,flat_router_decode,torch_flat_router,,bf16,1,256,4096,,8,0,41,,score,eager,cuda_event_grouped_5,10.3872,ok,,,,,5,20,torch_flat_router|B1|E256|D4096
router-quick,router,flat_router_decode,torch_flat_router,,bf16,1,256,4096,,8,0,42,,score,eager,cuda_event_grouped_5,10.272,ok,,,,,5,20,torch_flat_router|B1|E256|D4096
router-quick,router,flat_router_decode,torch_flat_router,,bf16,1,256,4096,,8,0,43,,score,eager,cuda_event_grouped_5,10.3488,ok,,,,,5,20,torch_flat_router|B1|E256|D4096
router-quick,router,flat_router_decode,torch_flat_router,,bf16,1,256,4096,,8,0,44,,score,eager,cuda_event_grouped_5,10.3808,ok,,,,,5,20,torch_flat_router|B1|E256|D4096
router-quick,router,flat_router_decode,torch_flat_router,,bf16,1,256,4096,,8,0,45,,score,eager,cuda_event_grouped_5,10.2784,ok,,,,,5,20,torch_flat_router|B1|E256|D4096
router-quick,router,flat_router_decode,torch_flat_router,,bf16,1,256,4096,,8,0,46,,score,eager,cuda_event_grouped_5,10.368,ok,,,,,5,20,torch_flat_router|B1|E256|D4096
router-quick,router,flat_router_decode,torch_flat_router,,bf16,1,256,4096,,8,0,47,,score,eager,cuda_event_grouped_5,10.3296,ok,,,,,5,20,torch_flat_router|B1|E256|D4096
router-quick,router,flat_router_decode,torch_flat_router,,bf16,1,256,4096,,8,0,48,,score,eager,cuda_event_grouped_5,10.4192,ok,,,,,5,20,torch_flat_router|B1|E256|D4096
router-quick,router,flat_router_decode,torch_flat_router,,bf16,1,256,4096,,8,0,49,,score,eager,cuda_event_grouped_5,10.4,ok,,,,,5,20,torch_flat_router|B1|E256|D4096
router-quick,router,flat_router_decode,torch_flat_router,,bf16,1,256,4096,,8,0,50,,score,eager,cuda_event_grouped_5,10.4768,ok,,,,,5,20,torch_flat_router|B1|E256|D4096
router-quick,router,flat_router_decode,torch_flat_router,,bf16,1,256,4096,,8,0,51,,score,eager,cuda_event_grouped_5,10.272,ok,,,,,5,20,torch_flat_router|B1|E256|D4096
router-quick,router,flat_router_decode,torch_flat_router,,bf16,1,256,4096,,8,0,52,,score,eager,cuda_event_grouped_5,10.4192,ok,,,,,5,20,torch_flat_router|B1|E256|D4096
router-quick,router,flat_router_decode,torch_flat_router,,bf16,1,256,4096,,8,0,53,,score,eager,cuda_event_grouped_5,10.2592,ok,,,,,5,20,torch_flat_router|B1|E256|D4096
router-quick,router,flat_router_decode,torch_flat_router,,bf16,1,256,4096,,8,0,54,,score,eager,cuda_event_grouped_5,10.7968,ok,,,,,5,20,torch_flat_router|B1|E256|D4096
router-quick,router,flat_router_decode,torch_flat_router,,bf16,1,256,4096,,8,0,55,,score,eager,cuda_event_grouped_5,10.4192,ok,,,,,5,20,torch_flat_router|B1|E256|D4096
router-quick,router,flat_router_decode,torch_flat_router,,bf16,1,256,4096,,8,0,56,,score,eager,cuda_event_grouped_5,10.3296,ok,,,,,5,20,torch_flat_router|B1|E256|D4096
router-quick,router,flat_router_decode,torch_flat_router,,bf16,1,256,4096,,8,0,57,,score,eager,cuda_event_grouped_5,10.3488,ok,,,,,5,20,torch_flat_router|B1|E256|D4096
router-quick,router,flat_router_decode,torch_flat_router,,bf16,1,256,4096,,8,0,58,,score,eager,cuda_event_grouped_5,10.4384,ok,,,,,5,20,torch_flat_router|B1|E256|D4096
router-quick,router,flat_router_decode,torch_flat_router,,bf16,1,256,4096,,8,0,59,,score,eager,cuda_event_grouped_5,10.3104,ok,,,,,5,20,torch_flat_router|B1|E256|D4096
router-quick,router,flat_router_decode,torch_flat_router,,bf16,1,256,4096,,8,0,60,,score,eager,cuda_event_grouped_5,10.5536,ok,,,,,5,20,torch_flat_router|B1|E256|D4096
router-quick,router,flat_router_decode,torch_flat_router,,bf16,1,256,4096,,8,0,61,,score,eager,cuda_event_grouped_5,10.3232,ok,,,,,5,20,torch_flat_router|B1|E256|D4096
router-quick,router,flat_router_decode,torch_flat_router,,bf16,1,256,4096,,8,0,62,,score,eager,cuda_event_grouped_5,10.3424,ok,,,,,5,20,torch_flat_router|B1|E256|D4096
router-quick,router,flat_router_decode,torch_flat_router,,bf16,1,256,4096,,8,0,63,,score,eager,cuda_event_grouped_5,10.2784,ok,,,,,5,20,torch_flat_router|B1|E256|D4096
router-quick,router,flat_router_decode,torch_flat_router,,bf16,1,256,4096,,8,0,64,,score,eager,cuda_event_grouped_5,10.3936,ok,,,,,5,20,torch_flat_router|B1|E256|D4096
router-quick,router,flat_router_decode,torch_flat_router,,bf16,1,256,4096,,8,0,65,,score,eager,cuda_event_grouped_5,10.3424,ok,,,,,5,20,torch_flat_router|B1|E256|D4096
router-quick,router,flat_router_decode,torch_flat_router,,bf16,1,256,4096,,8,0,66,,score,eager,cuda_event_grouped_5,10.336,ok,,,,,5,20,torch_flat_router|B1|E256|D4096
router-quick,router,flat_router_decode,torch_flat_router,,bf16,1,256,4096,,8,0,67,,score,eager,cuda_event_grouped_5,10.2912,ok,,,,,5,20,torch_flat_router|B1|E256|D4096
router-quick,router,flat_router_decode,torch_flat_router,,bf16,1,256,4096,,8,0,68,,score,eager,cuda_event_grouped_5,10.3744,ok,,,,,5,20,torch_flat_router|B1|E256|D4096
router-quick,router,flat_router_decode,torch_flat_router,,bf16,1,256,4096,,8,0,69,,score,eager,cuda_event_grouped_5,10.7264,ok,,,,,5,20,torch_flat_router|B1|E256|D4096
router-quick,router,flat_router_decode,torch_flat_router,,bf16,1,256,4096,,8,0,70,,score,eager,cuda_event_grouped_5,10.4384,ok,,,,,5,20,torch_flat_router|B1|E256|D4096
router-quick,router,flat_router_decode,torch_flat_router,,bf16,1,256,4096,,8,0,71,,score,eager,cuda_event_grouped_5,10.2976,ok,,,,,5,20,torch_flat_router|B1|E256|D4096
router-quick,router,flat_router_decode,torch_flat_router,,bf16,1,256,4096,,8,0,72,,score,eager,cuda_event_grouped_5,12.2112,ok,,,,,5,20,torch_flat_router|B1|E256|D4096
router-quick,router,flat_router_decode,torch_flat_router,,bf16,1,256,4096,,8,0,73,,score,eager,cuda_event_grouped_5,10.304,ok,,,,,5,20,torch_flat_router|B1|E256|D4096
router-quick,router,flat_router_decode,torch_flat_router,,bf16,1,256,4096,,8,0,74,,score,eager,cuda_event_grouped_5,10.4384,ok,,,,,5,20,torch_flat_router|B1|E256|D4096
router-quick,router,flat_router_decode,torch_flat_router,,bf16,1,256,4096,,8,0,75,,score,eager,cuda_event_grouped_5,10.656,ok,,,,,5,20,torch_flat_router|B1|E256|D4096
router-quick,router,flat_router_decode,torch_flat_router,,bf16,1,256,4096,,8,0,76,,score,eager,cuda_event_grouped_5,10.4256,ok,,,,,5,20,torch_flat_router|B1|E256|D4096
router-quick,router,flat_router_decode,torch_flat_router,,bf16,1,256,4096,,8,0,77,,score,eager,cuda_event_grouped_5,10.336,ok,,,,,5,20,torch_flat_router|B1|E256|D4096
router-quick,router,flat_router_decode,torch_flat_router,,bf16,1,256,4096,,8,0,78,,score,eager,cuda_event_grouped_5,10.432,ok,,,,,5,20,torch_flat_router|B1|E256|D4096
router-quick,router,flat_router_decode,torch_flat_router,,bf16,1,256,4096,,8,0,79,,score,eager,cuda_event_grouped_5,10.3552,ok,,,,,5,20,torch_flat_router|B1|E256|D4096
router-quick,router,flat_router_decode,torch_flat_router,,bf16,1,256,4096,,8,0,80,,score,eager,cuda_event_grouped_5,10.4448,ok,,,,,5,20,torch_flat_router|B1|E256|D4096
router-quick,router,flat_router_decode,torch_flat_router,,bf16,1,256,4096,,8,0,81,,score,eager,cuda_event_grouped_5,10.4064,ok,,,,,5,20,torch_flat_router|B1|E256|D4096
router-quick,router,flat_router_decode,torch_flat_router,,bf16,1,256,4096,,8,0,82,,score,eager,cuda_event_grouped_5,10.3232,ok,,,,,5,20,torch_flat_router|B1|E256|D4096
router-quick,router,flat_router_decode,torch_flat_router,,bf16,1,256,4096,,8,0,83,,score,eager,cuda_event_grouped_5,10.368,ok,,,,,5,20,torch_flat_router|B1|E256|D4096
router-quick,router,flat_router_decode,torch_flat_router,,bf16,1,256,4096,,8,0,84,,score,eager,cuda_event_grouped_5,10.4704,ok,,,,,5,20,torch_flat_router|B1|E256|D4096
router-quick,router,flat_router_decode,torch_flat_router,,bf16,1,256,4096,,8,0,85,,score,eager,cuda_event_grouped_5,10.3936,ok,,,,,5,20,torch_flat_router|B1|E256|D4096
router-quick,router,flat_router_decode,torch_flat_router,,bf16,1,256,4096,,8,0,86,,score,eager,cuda_event_grouped_5,10.3808,ok,,,,,5,20,torch_flat_router|B1|E256|D4096
router-quick,router,flat_router_decode,torch_flat_router,,bf16,1,256,4096,,8,0,87,,score,eager,cuda_event_grouped_5,10.3616,ok,,,,,5,20,torch_flat_router|B1|E256|D4096
router-quick,router,flat_router_decode,torch_flat_router,,bf16,1,256,4096,,8,0,88,,score,eager,cuda_event_grouped_5,10.464,ok,,,,,5,20,torch_flat_router|B1|E256|D4096
router-quick,router,flat_router_decode,torch_flat_router,,bf16,1,256,4096,,8,0,89,,score,eager,cuda_event_grouped_5,10.3872,ok,,,,,5,20,torch_flat_router|B1|E256|D4096
router-quick,router,flat_router_decode,torch_flat_router,,bf16,1,256,4096,,8,0,90,,score,eager,cuda_event_grouped_5,10.4,ok,,,,,5,20,torch_flat_router|B1|E256|D4096
router-quick,router,flat_router_decode,torch_flat_router,,bf16,1,256,4096,,8,0,91,,score,eager,cuda_event_grouped_5,10.4128,ok,,,,,5,20,torch_flat_router|B1|E256|D4096
router-quick,router,flat_router_decode,torch_flat_router,,bf16,1,256,4096,,8,0,92,,score,eager,cuda_event_grouped_5,10.4064,ok,,,,,5,20,torch_flat_router|B1|E256|D4096
router-quick,router,flat_router_decode,torch_flat_router,,bf16,1,256,4096,,8,0,93,,score,eager,cuda_event_grouped_5,10.3936,ok,,,,,5,20,torch_flat_router|B1|E256|D4096
router-quick,router,flat_router_decode,torch_flat_router,,bf16,1,256,4096,,8,0,94,,score,eager,cuda_event_grouped_5,10.4128,ok,,,,,5,20,torch_flat_router|B1|E256|D4096
router-quick,router,flat_router_decode,torch_flat_router,,bf16,1,256,4096,,8,0,95,,score,eager,cuda_event_grouped_5,10.3808,ok,,,,,5,20,torch_flat_router|B1|E256|D4096
router-quick,router,flat_router_decode,torch_flat_router,,bf16,1,256,4096,,8,0,96,,score,eager,cuda_event_grouped_5,10.4512,ok,,,,,5,20,torch_flat_router|B1|E256|D4096
router-quick,router,flat_router_decode,torch_flat_router,,bf16,1,256,4096,,8,0,97,,score,eager,cuda_event_grouped_5,10.3872,ok,,,,,5,20,torch_flat_router|B1|E256|D4096
router-quick,router,flat_router_decode,torch_flat_router,,bf16,1,256,4096,,8,0,98,,score,eager,cuda_event_grouped_5,10.6368,ok,,,,,5,20,torch_flat_router|B1|E256|D4096
router-quick,router,flat_router_decode,torch_flat_router,,bf16,1,256,4096,,8,0,99,,score,eager,cuda_event_grouped_5,10.3424,ok,,,,,5,20,torch_flat_router|B1|E256|D4096
router-quick,router,flat_router_decode,torch_flat_router,,bf16,1,256,4096,,8,0,0,,select,eager,cuda_event_grouped_4,13.616,ok,,,,,4,20,torch_flat_router|B1|E256|D4096
router-quick,router,flat_router_decode,torch_flat_router,,bf16,1,256,4096,,8,0,1,,select,eager,cuda_event_grouped_4,14.4,ok,,,,,4,20,torch_flat_router|B1|E256|D4096
router-quick,router,flat_router_decode,torch_flat_router,,bf16,1,256,4096,,8,0,2,,select,eager,cuda_event_grouped_4,14.096,ok,,,,,4,20,torch_flat_router|B1|E256|D4096
router-quick,router,flat_router_decode,torch_flat_router,,bf16,1,256,4096,,8,0,3,,select,eager,cuda_event_grouped_4,14.696,ok,,,,,4,20,torch_flat_router|B1|E256|D4096
router-quick,router,flat_router_decode,torch_flat_router,,bf16,1,256,4096,,8,0,4,,select,eager,cuda_event_grouped_4,14.912,ok,,,,,4,20,torch_flat_router|B1|E256|D4096
router-quick,router,flat_router_decode,torch_flat_router,,bf16,1,256,4096,,8,0,5,,select,eager,cuda_event_grouped_4,14.328,ok,,,,,4,20,torch_flat_router|B1|E256|D4096
router-quick,router,flat_router_decode,torch_flat_router,,bf16,1,256,4096,,8,0,6,,select,eager,cuda_event_grouped_4,14.328,ok,,,,,4,20,torch_flat_router|B1|E256|D4096
router-quick,router,flat_router_decode,torch_flat_router,,bf16,1,256,4096,,8,0,7,,select,eager,cuda_event_grouped_4,14.336,ok,,,,,4,20,torch_flat_router|B1|E256|D4096
router-quick,router,flat_router_decode,torch_flat_router,,bf16,1,256,4096,,8,0,8,,select,eager,cuda_event_grouped_4,13.416,ok,,,,,4,20,torch_flat_router|B1|E256|D4096
router-quick,router,flat_router_decode,torch_flat_router,,bf16,1,256,4096,,8,0,9,,select,eager,cuda_event_grouped_4,14.336,ok,,,,,4,20,torch_flat_router|B1|E256|D4096
router-quick,router,flat_router_decode,torch_flat_router,,bf16,1,256,4096,,8,0,10,,select,eager,cuda_event_grouped_4,13.936,ok,,,,,4,20,torch_flat_router|B1|E256|D4096
router-quick,router,flat_router_decode,torch_flat_router,,bf16,1,256,4096,,8,0,11,,select,eager,cuda_event_grouped_4,14.6,ok,,,,,4,20,torch_flat_router|B1|E256|D4096
router-quick,router,flat_router_decode,torch_flat_router,,bf16,1,256,4096,,8,0,12,,select,eager,cuda_event_grouped_4,14.728,ok,,,,,4,20,torch_flat_router|B1|E256|D4096
router-quick,router,flat_router_decode,torch_flat_router,,bf16,1,256,4096,,8,0,13,,select,eager,cuda_event_grouped_4,14.28,ok,,,,,4,20,torch_flat_router|B1|E256|D4096
router-quick,router,flat_router_decode,torch_flat_router,,bf16,1,256,4096,,8,0,14,,select,eager,cuda_event_grouped_4,14.216,ok,,,,,4,20,torch_flat_router|B1|E256|D4096
router-quick,router,flat_router_decode,torch_flat_router,,bf16,1,256,4096,,8,0,15,,select,eager,cuda_event_grouped_4,14.296,ok,,,,,4,20,torch_flat_router|B1|E256|D4096
router-quick,router,flat_router_decode,torch_flat_router,,bf16,1,256,4096,,8,0,16,,select,eager,cuda_event_grouped_4,13.456,ok,,,,,4,20,torch_flat_router|B1|E256|D4096
router-quick,router,flat_router_decode,torch_flat_router,,bf16,1,256,4096,,8,0,17,,select,eager,cuda_event_grouped_4,14.408,ok,,,,,4,20,torch_flat_router|B1|E256|D4096
router-quick,router,flat_router_decode,torch_flat_router,,bf16,1,256,4096,,8,0,18,,select,eager,cuda_event_grouped_4,13.944,ok,,,,,4,20,torch_flat_router|B1|E256|D4096
router-quick,router,flat_router_decode,torch_flat_router,,bf16,1,256,4096,,8,0,19,,select,eager,cuda_event_grouped_4,14.752,ok,,,,,4,20,torch_flat_router|B1|E256|D4096
router-quick,router,flat_router_decode,torch_flat_router,,bf16,1,256,4096,,8,0,20,,select,eager,cuda_event_grouped_4,14.872,ok,,,,,4,20,torch_flat_router|B1|E256|D4096
router-quick,router,flat_router_decode,torch_flat_router,,bf16,1,256,4096,,8,0,21,,select,eager,cuda_event_grouped_4,14.36,ok,,,,,4,20,torch_flat_router|B1|E256|D4096
router-quick,router,flat_router_decode,torch_flat_router,,bf16,1,256,4096,,8,0,22,,select,eager,cuda_event_grouped_4,14.392,ok,,,,,4,20,torch_flat_router|B1|E256|D4096
router-quick,router,flat_router_decode,torch_flat_router,,bf16,1,256,4096,,8,0,23,,select,eager,cuda_event_grouped_4,14.44,ok,,,,,4,20,torch_flat_router|B1|E256|D4096
router-quick,router,flat_router_decode,torch_flat_router,,bf16,1,256,4096,,8,0,24,,select,eager,cuda_event_grouped_4,13.608,ok,,,,,4,20,torch_flat_router|B1|E256|D4096
router-quick,router,flat_router_decode,torch_flat_router,,bf16,1,256,4096,,8,0,25,,select,eager,cuda_event_grouped_4,14.44,ok,,,,,4,20,torch_flat_router|B1|E256|D4096
router-quick,router,flat_router_decode,torch_flat_router,,bf16,1,256,4096,,8,0,26,,select,eager,cuda_event_grouped_4,13.912,ok,,,,,4,20,torch_flat_router|B1|E256|D4096
router-quick,router,flat_router_decode,torch_flat_router,,bf16,1,256,4096,,8,0,27,,select,eager,cuda_event_grouped_4,14.744,ok,,,,,4,20,torch_flat_router|B1|E256|D4096
router-quick,router,flat_router_decode,torch_flat_router,,bf16,1,256,4096,,8,0,28,,select,eager,cuda_event_grouped_4,14.64,ok,,,,,4,20,torch_flat_router|B1|E256|D4096
router-quick,router,flat_router_decode,torch_flat_router,,bf16,1,256,4096,,8,0,29,,select,eager,cuda_event_grouped_4,14.368,ok,,,,,4,20,torch_flat_router|B1|E256|D4096
router-quick,router,flat_router_decode,torch_flat_router,,bf16,1,256,4096,,8,0,30,,select,eager,cuda_event_grouped_4,14.408,ok,,,,,4,20,torch_flat_router|B1|E256|D4096
router-quick,router,flat_router_decode,torch_flat_router,,bf16,1,256,4096,,8,0,31,,select,eager,cuda_event_grouped_4,14.376,ok,,,,,4,20,torch_flat_router|B1|E256|D4096
router-quick,router,flat_router_decode,torch_flat_router,,bf16,1,256,4096,,8,0,32,,select,eager,cuda_event_grouped_4,13.496,ok,,,,,4,20,torch_flat_router|B1|E256|D4096
router-quick,router,flat_router_decode,torch_flat_router,,bf16,1,256,4096,,8,0,33,,select,eager,cuda_event_grouped_4,14.304,ok,,,,,4,20,torch_flat_router|B1|E256|D4096
router-quick,router,flat_router_decode,torch_flat_router,,bf16,1,256,4096,,8,0,34,,select,eager,cuda_event_grouped_4,13.912,ok,,,,,4,20,torch_flat_router|B1|E256|D4096
router-quick,router,flat_router_decode,torch_flat_router,,bf16,1,256,4096,,8,0,35,,select,eager,cuda_event_grouped_4,16.224,ok,,,,,4,20,torch_flat_router|B1|E256|D4096
router-quick,router,flat_router_decode,torch_flat_router,,bf16,1,256,4096,,8,0,36,,select,eager,cuda_event_grouped_4,14.784,ok,,,,,4,20,torch_flat_router|B1|E256|D4096
router-quick,router,flat_router_decode,torch_flat_router,,bf16,1,256,4096,,8,0,37,,select,eager,cuda_event_grouped_4,14.48,ok,,,,,4,20,torch_flat_router|B1|E256|D4096
router-quick,router,flat_router_decode,torch_flat_router,,bf16,1,256,4096,,8,0,38,,select,eager,cuda_event_grouped_4,14.424,ok,,,,,4,20,torch_flat_router|B1|E256|D4096
router-quick,router,flat_router_decode,torch_flat_router,,bf16,1,256,4096,,8,0,39,,select,eager,cuda_event_grouped_4,14.36,ok,,,,,4,20,torch_flat_router|B1|E256|D4096
router-quick,router,flat_router_decode,torch_flat_router,,bf16,1,256,4096,,8,0,40,,select,eager,cuda_event_grouped_4,13.68,ok,,,,,4,20,torch_flat_router|B1|E256|D4096
router-quick,router,flat_router_decode,torch_flat_router,,bf16,1,256,4096,,8,0,41,,select,eager,cuda_event_grouped_4,14.472,ok,,,,,4,20,torch_flat_router|B1|E256|D4096
router-quick,router,flat_router_decode,torch_flat_router,,bf16,1,256,4096,,8,0,42,,select,eager,cuda_event_grouped_4,13.936,ok,,,,,4,20,torch_flat_router|B1|E256|D4096
router-quick,router,flat_router_decode,torch_flat_router,,bf16,1,256,4096,,8,0,43,,select,eager,cuda_event_grouped_4,14.68,ok,,,,,4,20,torch_flat_router|B1|E256|D4096
router-quick,router,flat_router_decode,torch_flat_router,,bf16,1,256,4096,,8,0,44,,select,eager,cuda_event_grouped_4,14.752,ok,,,,,4,20,torch_flat_router|B1|E256|D4096
router-quick,router,flat_router_decode,torch_flat_router,,bf16,1,256,4096,,8,0,45,,select,eager,cuda_event_grouped_4,14.24,ok,,,,,4,20,torch_flat_router|B1|E256|D4096
router-quick,router,flat_router_decode,torch_flat_router,,bf16,1,256,4096,,8,0,46,,select,eager,cuda_event_grouped_4,14.344,ok,,,,,4,20,torch_flat_router|B1|E256|D4096
router-quick,router,flat_router_decode,torch_flat_router,,bf16,1,256,4096,,8,0,47,,select,eager,cuda_event_grouped_4,14.488,ok,,,,,4,20,torch_flat_router|B1|E256|D4096
router-quick,router,flat_router_decode,torch_flat_router,,bf16,1,256,4096,,8,0,48,,select,eager,cuda_event_grouped_4,13.68,ok,,,,,4,20,torch_flat_router|B1|E256|D4096
router-quick,router,flat_router_decode,torch_flat_router,,bf16,1,256,4096,,8,0,49,,select,eager,cuda_event_grouped_4,14.56,ok,,,,,4,20,torch_flat_router|B1|E256|D4096
router-quick,router,flat_router_decode,torch_flat_router,,bf16,1,256,4096,,8,0,50,,select,eager,cuda_event_grouped_4,14.2,ok,,,,,4,20,torch_flat_router|B1|E256|D4096
router-quick,router,flat_router_decode,torch_flat_router,,bf16,1,256,4096,,8,0,51,,select,eager,cuda_event_grouped_4,14.824,ok,,,,,4,20,torch_flat_router|B1|E256|D4096
router-quick,router,flat_router_decode,torch_flat_router,,bf16,1,256,4096,,8,0,52,,select,eager,cuda_event_grouped_4,15.064,ok,,,,,4,20,torch_flat_router|B1|E256|D4096
router-quick,router,flat_router_decode,torch_flat_router,,bf16,1,256,4096,,8,0,53,,select,eager,cuda_event_grouped_4,14.504,ok,,,,,4,20,torch_flat_router|B1|E256|D4096
router-quick,router,flat_router_decode,torch_flat_router,,bf16,1,256,4096,,8,0,54,,select,eager,cuda_event_grouped_4,14.4,ok,,,,,4,20,torch_flat_router|B1|E256|D4096
router-quick,router,flat_router_decode,torch_flat_router,,bf16,1,256,4096,,8,0,55,,select,eager,cuda_event_grouped_4,14.488,ok,,,,,4,20,torch_flat_router|B1|E256|D4096
router-quick,router,flat_router_decode,torch_flat_router,,bf16,1,256,4096,,8,0,56,,select,eager,cuda_event_grouped_4,13.456,ok,,,,,4,20,torch_flat_router|B1|E256|D4096
router-quick,router,flat_router_decode,torch_flat_router,,bf16,1,256,4096,,8,0,57,,select,eager,cuda_event_grouped_4,14.424,ok,,,,,4,20,torch_flat_router|B1|E256|D4096
router-quick,router,flat_router_decode,torch_flat_router,,bf16,1,256,4096,,8,0,58,,select,eager,cuda_event_grouped_4,13.864,ok,,,,,4,20,torch_flat_router|B1|E256|D4096
router-quick,router,flat_router_decode,torch_flat_router,,bf16,1,256,4096,,8,0,59,,select,eager,cuda_event_grouped_4,14.616,ok,,,,,4,20,torch_flat_router|B1|E256|D4096
router-quick,router,flat_router_decode,torch_flat_router,,bf16,1,256,4096,,8,0,60,,select,eager,cuda_event_grouped_4,14.728,ok,,,,,4,20,torch_flat_router|B1|E256|D4096
router-quick,router,flat_router_decode,torch_flat_router,,bf16,1,256,4096,,8,0,61,,select,eager,cuda_event_grouped_4,14.336,ok,,,,,4,20,torch_flat_router|B1|E256|D4096
router-quick,router,flat_router_decode,torch_flat_router,,bf16,1,256,4096,,8,0,62,,select,eager,cuda_event_grouped_4,14.368,ok,,,,,4,20,torch_flat_router|B1|E256|D4096
router-quick,router,flat_router_decode,torch_flat_router,,bf16,1,256,4096,,8,0,63,,select,eager,cuda_event_grouped_4,14.424,ok,,,,,4,20,torch_flat_router|B1|E256|D4096
router-quick,router,flat_router_decode,torch_flat_router,,bf16,1,256,4096,,8,0,64,,select,eager,cuda_event_grouped_4,13.544,ok,,,,,4,20,torch_flat_router|B1|E256|D4096
router-quick,router,flat_router_decode,torch_flat_router,,bf16,1,256,4096,,8,0,65,,select,eager,cuda_event_grouped_4,14.352,ok,,,,,4,20,torch_flat_router|B1|E256|D4096
router-quick,router,flat_router_decode,torch_flat_router,,bf16,1,256,4096,,8,0,66,,select,eager,cuda_event_grouped_4,13.904,ok,,,,,4,20,torch_flat_router|B1|E256|D4096
router-quick,router,flat_router_decode,torch_flat_router,,bf16,1,256,4096,,8,0,67,,select,eager,cuda_event_grouped_4,14.784,ok,,,,,4,20,torch_flat_router|B1|E256|D4096
router-quick,router,flat_router_decode,torch_flat_router,,bf16,1,256,4096,,8,0,68,,select,eager,cuda_event_grouped_4,14.776,ok,,,,,4,20,torch_flat_router|B1|E256|D4096
router-quick,router,flat_router_decode,torch_flat_router,,bf16,1,256,4096,,8,0,69,,select,eager,cuda_event_grouped_4,14.224,ok,,,,,4,20,torch_flat_router|B1|E256|D4096
router-quick,router,flat_router_decode,torch_flat_router,,bf16,1,256,4096,,8,0,70,,select,eager,cuda_event_grouped_4,14.376,ok,,,,,4,20,torch_flat_router|B1|E256|D4096
router-quick,router,flat_router_decode,torch_flat_router,,bf16,1,256,4096,,8,0,71,,select,eager,cuda_event_grouped_4,14.296,ok,,,,,4,20,torch_flat_router|B1|E256|D4096
router-quick,router,flat_router_decode,torch_flat_router,,bf16,1,256,4096,,8,0,72,,select,eager,cuda_event_grouped_4,13.6,ok,,,,,4,20,torch_flat_router|B1|E256|D4096
router-quick,router,flat_router_decode,torch_flat_router,,bf16,1,256,4096,,8,0,73,,select,eager,cuda_event_grouped_4,14.304,ok,,,,,4,20,torch_flat_router|B1|E256|D4096
router-quick,router,flat_router_decode,torch_flat_router,,bf16,1,256,4096,,8,0,74,,select,eager,cuda_event_grouped_4,13.976,ok,,,,,4,20,torch_flat_router|B1|E256|D4096
router-quick,router,flat_router_decode,torch_flat_router,,bf16,1,256,4096,,8,0,75,,select,eager,cuda_event_grouped_4,14.688,ok,,,,,4,20,torch_flat_router|B1|E256|D4096
router-quick,router,flat_router_decode,torch_flat_router,,bf16,1,256,4096,,8,0,76,,select,eager,cuda_event_grouped_4,14.84,ok,,,,,4,20,torch_flat_router|B1|E256|D4096
router-quick,router,flat_router_decode,torch_flat_router,,bf16,1,256,4096,,8,0,77,,select,eager,cuda_event_grouped_4,14.416,ok,,,,,4,20,torch_flat_router|B1|E256|D4096
router-quick,router,flat_router_decode,torch_flat_router,,bf16,1,256,4096,,8,0,78,,select,eager,cuda_event_grouped_4,14.36,ok,,,,,4,20,torch_flat_router|B1|E256|D4096
router-quick,router,flat_router_decode,torch_flat_router,,bf16,1,256,4096,,8,0,79,,select,eager,cuda_event_grouped_4,14.296,ok,,,,,4,20,torch_flat_router|B1|E256|D4096
router-quick,router,flat_router_decode,torch_flat_router,,bf16,1,256,4096,,8,0,80,,select,eager,cuda_event_grouped_4,13.488,ok,,,,,4,20,torch_flat_router|B1|E256|D4096
router-quick,router,flat_router_decode,torch_flat_router,,bf16,1,256,4096,,8,0,81,,select,eager,cuda_event_grouped_4,14.496,ok,,,,,4,20,torch_flat_router|B1|E256|D4096
router-quick,router,flat_router_decode,torch_flat_router,,bf16,1,256,4096,,8,0,82,,select,eager,cuda_event_grouped_4,14.024,ok,,,,,4,20,torch_flat_router|B1|E256|D4096
router-quick,router,flat_router_decode,torch_flat_router,,bf16,1,256,4096,,8,0,83,,select,eager,cuda_event_grouped_4,14.824,ok,,,,,4,20,torch_flat_router|B1|E256|D4096
router-quick,router,flat_router_decode,torch_flat_router,,bf16,1,256,4096,,8,0,84,,select,eager,cuda_event_grouped_4,14.872,ok,,,,,4,20,torch_flat_router|B1|E256|D4096
router-quick,router,flat_router_decode,torch_flat_router,,bf16,1,256,4096,,8,0,85,,select,eager,cuda_event_grouped_4,14.312,ok,,,,,4,20,torch_flat_router|B1|E256|D4096
router-quick,router,flat_router_decode,torch_flat_router,,bf16,1,256,4096,,8,0,86,,select,eager,cuda_event_grouped_4,14.336,ok,,,,,4,20,torch_flat_router|B1|E256|D4096
router-quick,router,flat_router_decode,torch_flat_router,,bf16,1,256,4096,,8,0,87,,select,eager,cuda_event_grouped_4,14.448,ok,,,,,4,20,torch_flat_router|B1|E256|D4096
router-quick,router,flat_router_decode,torch_flat_router,,bf16,1,256,4096,,8,0,88,,select,eager,cuda_event_grouped_4,13.504,ok,,,,,4,20,torch_flat_router|B1|E256|D4096
router-quick,router,flat_router_decode,torch_flat_router,,bf16,1,256,4096,,8,0,89,,select,eager,cuda_event_grouped_4,14.52,ok,,,,,4,20,torch_flat_router|B1|E256|D4096
router-quick,router,flat_router_decode,torch_flat_router,,bf16,1,256,4096,,8,0,90,,select,eager,cuda_event_grouped_4,13.832,ok,,,,,4,20,torch_flat_router|B1|E256|D4096
router-quick,router,flat_router_decode,torch_flat_router,,bf16,1,256,4096,,8,0,91,,select,eager,cuda_event_grouped_4,14.728,ok,,,,,4,20,torch_flat_router|B1|E256|D4096
router-quick,router,flat_router_decode,torch_flat_router,,bf16,1,256,4096,,8,0,92,,select,eager,cuda_event_grouped_4,14.824,ok,,,,,4,20,torch_flat_router|B1|E256|D4096
router-quick,router,flat_router_decode,torch_flat_router,,bf16,1,256,4096,,8,0,93,,select,eager,cuda_event_grouped_4,14.304,ok,,,,,4,20,torch_flat_router|B1|E256|D4096
router-quick,router,flat_router_decode,torch_flat_router,,bf16,1,256,4096,,8,0,94,,select,eager,cuda_event_grouped_4,14.328,ok,,,,,4,20,torch_flat_router|B1|E256|D4096
router-quick,router,flat_router_decode,torch_flat_router,,bf16,1,256,4096,,8,0,95,,select,eager,cuda_event_grouped_4,14.264,ok,,,,,4,20,torch_flat_router|B1|E256|D4096
router-quick,router,flat_router_decode,torch_flat_router,,bf16,1,256,4096,,8,0,96,,select,eager,cuda_event_grouped_4,13.504,ok,,,,,4,20,torch_flat_router|B1|E256|D4096
router-quick,router,flat_router_decode,torch_flat_router,,bf16,1,256,4096,,8,0,97,,select,eager,cuda_event_grouped_4,14.352,ok,,,,,4,20,torch_flat_router|B1|E256|D4096
router-quick,router,flat_router_decode,torch_flat_router,,bf16,1,256,4096,,8,0,98,,select,eager,cuda_event_grouped_4,13.88,ok,,,,,4,20,torch_flat_router|B1|E256|D4096
router-quick,router,flat_router_decode,torch_flat_router,,bf16,1,256,4096,,8,0,99,,select,eager,cuda_event_grouped_4,14.672,ok,,,,,4,20,torch_flat_router|B1|E256|D4096
router-quick,router,flat_router_decode,torch_flat_router,,bf16,1,256,4096,,8,0,0,,combined,eager,cuda_event_grouped_3,24.2453,ok,,,,,3,20,torch_flat_router|B1|E256|D4096
router-quick,router,flat_router_decode,torch_flat_router,,bf16,1,256,4096,,8,0,1,,combined,eager,cuda_event_grouped_3,25.5787,ok,,,,,3,20,torch_flat_router|B1|E256|D4096
router-quick,router,flat_router_decode,torch_flat_router,,bf16,1,256,4096,,8,0,2,,combined,eager,cuda_event_grouped_3,23.936,ok,,,,,3,20,torch_flat_router|B1|E256|D4096
router-quick,router,flat_router_decode,torch_flat_router,,bf16,1,256,4096,,8,0,3,,combined,eager,cuda_event_grouped_3,24.16,ok,,,,,3,20,torch_flat_router|B1|E256|D4096
router-quick,router,flat_router_decode,torch_flat_router,,bf16,1,256,4096,,8,0,4,,combined,eager,cuda_event_grouped_3,24.2773,ok,,,,,3,20,torch_flat_router|B1|E256|D4096
router-quick,router,flat_router_decode,torch_flat_router,,bf16,1,256,4096,,8,0,5,,combined,eager,cuda_event_grouped_3,23.616,ok,,,,,3,20,torch_flat_router|B1|E256|D4096
router-quick,router,flat_router_decode,torch_flat_router,,bf16,1,256,4096,,8,0,6,,combined,eager,cuda_event_grouped_3,24.1813,ok,,,,,3,20,torch_flat_router|B1|E256|D4096
router-quick,router,flat_router_decode,torch_flat_router,,bf16,1,256,4096,,8,0,7,,combined,eager,cuda_event_grouped_3,23.8187,ok,,,,,3,20,torch_flat_router|B1|E256|D4096
router-quick,router,flat_router_decode,torch_flat_router,,bf16,1,256,4096,,8,0,8,,combined,eager,cuda_event_grouped_3,23.9893,ok,,,,,3,20,torch_flat_router|B1|E256|D4096
router-quick,router,flat_router_decode,torch_flat_router,,bf16,1,256,4096,,8,0,9,,combined,eager,cuda_event_grouped_3,24.0107,ok,,,,,3,20,torch_flat_router|B1|E256|D4096
router-quick,router,flat_router_decode,torch_flat_router,,bf16,1,256,4096,,8,0,10,,combined,eager,cuda_event_grouped_3,24.096,ok,,,,,3,20,torch_flat_router|B1|E256|D4096
router-quick,router,flat_router_decode,torch_flat_router,,bf16,1,256,4096,,8,0,11,,combined,eager,cuda_event_grouped_3,24.192,ok,,,,,3,20,torch_flat_router|B1|E256|D4096
router-quick,router,flat_router_decode,torch_flat_router,,bf16,1,256,4096,,8,0,12,,combined,eager,cuda_event_grouped_3,25.0027,ok,,,,,3,20,torch_flat_router|B1|E256|D4096
router-quick,router,flat_router_decode,torch_flat_router,,bf16,1,256,4096,,8,0,13,,combined,eager,cuda_event_grouped_3,24.352,ok,,,,,3,20,torch_flat_router|B1|E256|D4096
router-quick,router,flat_router_decode,torch_flat_router,,bf16,1,256,4096,,8,0,14,,combined,eager,cuda_event_grouped_3,23.7547,ok,,,,,3,20,torch_flat_router|B1|E256|D4096
router-quick,router,flat_router_decode,torch_flat_router,,bf16,1,256,4096,,8,0,15,,combined,eager,cuda_event_grouped_3,24.1493,ok,,,,,3,20,torch_flat_router|B1|E256|D4096
router-quick,router,flat_router_decode,torch_flat_router,,bf16,1,256,4096,,8,0,16,,combined,eager,cuda_event_grouped_3,24.288,ok,,,,,3,20,torch_flat_router|B1|E256|D4096
router-quick,router,flat_router_decode,torch_flat_router,,bf16,1,256,4096,,8,0,17,,combined,eager,cuda_event_grouped_3,24.256,ok,,,,,3,20,torch_flat_router|B1|E256|D4096
router-quick,router,flat_router_decode,torch_flat_router,,bf16,1,256,4096,,8,0,18,,combined,eager,cuda_event_grouped_3,23.712,ok,,,,,3,20,torch_flat_router|B1|E256|D4096
router-quick,router,flat_router_decode,torch_flat_router,,bf16,1,256,4096,,8,0,19,,combined,eager,cuda_event_grouped_3,23.84,ok,,,,,3,20,torch_flat_router|B1|E256|D4096
router-quick,router,flat_router_decode,torch_flat_router,,bf16,1,256,4096,,8,0,20,,combined,eager,cuda_event_grouped_3,23.8293,ok,,,,,3,20,torch_flat_router|B1|E256|D4096
router-quick,router,flat_router_decode,torch_flat_router,,bf16,1,256,4096,,8,0,21,,combined,eager,cuda_event_grouped_3,24.3307,ok,,,,,3,20,torch_flat_router|B1|E256|D4096
router-quick,router,flat_router_decode,torch_flat_router,,bf16,1,256,4096,,8,0,22,,combined,eager,cuda_event_grouped_3,24.0107,ok,,,,,3,20,torch_flat_router|B1|E256|D4096
router-quick,router,flat_router_decode,torch_flat_router,,bf16,1,256,4096,,8,0,23,,combined,eager,cuda_event_grouped_3,24.0427,ok,,,,,3,20,torch_flat_router|B1|E256|D4096
router-quick,router,flat_router_decode,torch_flat_router,,bf16,1,256,4096,,8,0,24,,combined,eager,cuda_event_grouped_3,24.384,ok,,,,,3,20,torch_flat_router|B1|E256|D4096
router-quick,router,flat_router_decode,torch_flat_router,,bf16,1,256,4096,,8,0,25,,combined,eager,cuda_event_grouped_3,24.1387,ok,,,,,3,20,torch_flat_router|B1|E256|D4096
router-quick,router,flat_router_decode,torch_flat_router,,bf16,1,256,4096,,8,0,26,,combined,eager,cuda_event_grouped_3,24.0747,ok,,,,,3,20,torch_flat_router|B1|E256|D4096
router-quick,router,flat_router_decode,torch_flat_router,,bf16,1,256,4096,,8,0,27,,combined,eager,cuda_event_grouped_3,28.256,ok,,,,,3,20,torch_flat_router|B1|E256|D4096
router-quick,router,flat_router_decode,torch_flat_router,,bf16,1,256,4096,,8,0,28,,combined,eager,cuda_event_grouped_3,23.9893,ok,,,,,3,20,torch_flat_router|B1|E256|D4096
router-quick,router,flat_router_decode,torch_flat_router,,bf16,1,256,4096,,8,0,29,,combined,eager,cuda_event_grouped_3,24.2453,ok,,,,,3,20,torch_flat_router|B1|E256|D4096
router-quick,router,flat_router_decode,torch_flat_router,,bf16,1,256,4096,,8,0,30,,combined,eager,cuda_event_grouped_3,23.7867,ok,,,,,3,20,torch_flat_router|B1|E256|D4096
router-quick,router,flat_router_decode,torch_flat_router,,bf16,1,256,4096,,8,0,31,,combined,eager,cuda_event_grouped_3,23.9893,ok,,,,,3,20,torch_flat_router|B1|E256|D4096
router-quick,router,flat_router_decode,torch_flat_router,,bf16,1,256,4096,,8,0,32,,combined,eager,cuda_event_grouped_3,24.48,ok,,,,,3,20,torch_flat_router|B1|E256|D4096
router-quick,router,flat_router_decode,torch_flat_router,,bf16,1,256,4096,,8,0,33,,combined,eager,cuda_event_grouped_3,24,ok,,,,,3,20,torch_flat_router|B1|E256|D4096
router-quick,router,flat_router_decode,torch_flat_router,,bf16,1,256,4096,,8,0,34,,combined,eager,cuda_event_grouped_3,23.8507,ok,,,,,3,20,torch_flat_router|B1|E256|D4096
router-quick,router,flat_router_decode,torch_flat_router,,bf16,1,256,4096,,8,0,35,,combined,eager,cuda_event_grouped_3,24.576,ok,,,,,3,20,torch_flat_router|B1|E256|D4096
router-quick,router,flat_router_decode,torch_flat_router,,bf16,1,256,4096,,8,0,36,,combined,eager,cuda_event_grouped_3,25.1093,ok,,,,,3,20,torch_flat_router|B1|E256|D4096
router-quick,router,flat_router_decode,torch_flat_router,,bf16,1,256,4096,,8,0,37,,combined,eager,cuda_event_grouped_3,24.224,ok,,,,,3,20,torch_flat_router|B1|E256|D4096
router-quick,router,flat_router_decode,torch_flat_router,,bf16,1,256,4096,,8,0,38,,combined,eager,cuda_event_grouped_3,24.1067,ok,,,,,3,20,torch_flat_router|B1|E256|D4096
router-quick,router,flat_router_decode,torch_flat_router,,bf16,1,256,4096,,8,0,39,,combined,eager,cuda_event_grouped_3,24.4373,ok,,,,,3,20,torch_flat_router|B1|E256|D4096
router-quick,router,flat_router_decode,torch_flat_router,,bf16,1,256,4096,,8,0,40,,combined,eager,cuda_event_grouped_3,23.584,ok,,,,,3,20,torch_flat_router|B1|E256|D4096
router-quick,router,flat_router_decode,torch_flat_router,,bf16,1,256,4096,,8,0,41,,combined,eager,cuda_event_grouped_3,23.3173,ok,,,,,3,20,torch_flat_router|B1|E256|D4096
router-quick,router,flat_router_decode,torch_flat_router,,bf16,1,256,4096,,8,0,42,,combined,eager,cuda_event_grouped_3,24.0853,ok,,,,,3,20,torch_flat_router|B1|E256|D4096
router-quick,router,flat_router_decode,torch_flat_router,,bf16,1,256,4096,,8,0,43,,combined,eager,cuda_event_grouped_3,24.8533,ok,,,,,3,20,torch_flat_router|B1|E256|D4096
router-quick,router,flat_router_decode,torch_flat_router,,bf16,1,256,4096,,8,0,44,,combined,eager,cuda_event_grouped_3,24.7893,ok,,,,,3,20,torch_flat_router|B1|E256|D4096
router-quick,router,flat_router_decode,torch_flat_router,,bf16,1,256,4096,,8,0,45,,combined,eager,cuda_event_grouped_3,23.7013,ok,,,,,3,20,torch_flat_router|B1|E256|D4096
router-quick,router,flat_router_decode,torch_flat_router,,bf16,1,256,4096,,8,0,46,,combined,eager,cuda_event_grouped_3,23.8507,ok,,,,,3,20,torch_flat_router|B1|E256|D4096
router-quick,router,flat_router_decode,torch_flat_router,,bf16,1,256,4096,,8,0,47,,combined,eager,cuda_event_grouped_3,23.7867,ok,,,,,3,20,torch_flat_router|B1|E256|D4096
router-quick,router,flat_router_decode,torch_flat_router,,bf16,1,256,4096,,8,0,48,,combined,eager,cuda_event_grouped_3,24.4267,ok,,,,,3,20,torch_flat_router|B1|E256|D4096
router-quick,router,flat_router_decode,torch_flat_router,,bf16,1,256,4096,,8,0,49,,combined,eager,cuda_event_grouped_3,24.16,ok,,,,,3,20,torch_flat_router|B1|E256|D4096
router-quick,router,flat_router_decode,torch_flat_router,,bf16,1,256,4096,,8,0,50,,combined,eager,cuda_event_grouped_3,23.7227,ok,,,,,3,20,torch_flat_router|B1|E256|D4096
router-quick,router,flat_router_decode,torch_flat_router,,bf16,1,256,4096,,8,0,51,,combined,eager,cuda_event_grouped_3,23.7653,ok,,,,,3,20,torch_flat_router|B1|E256|D4096
router-quick,router,flat_router_decode,torch_flat_router,,bf16,1,256,4096,,8,0,52,,combined,eager,cuda_event_grouped_3,24.5013,ok,,,,,3,20,torch_flat_router|B1|E256|D4096
router-quick,router,flat_router_decode,torch_flat_router,,bf16,1,256,4096,,8,0,53,,combined,eager,cuda_event_grouped_3,23.744,ok,,,,,3,20,torch_flat_router|B1|E256|D4096
router-quick,router,flat_router_decode,torch_flat_router,,bf16,1,256,4096,,8,0,54,,combined,eager,cuda_event_grouped_3,24.064,ok,,,,,3,20,torch_flat_router|B1|E256|D4096
router-quick,router,flat_router_decode,torch_flat_router,,bf16,1,256,4096,,8,0,55,,combined,eager,cuda_event_grouped_3,24.032,ok,,,,,3,20,torch_flat_router|B1|E256|D4096
router-quick,router,flat_router_decode,torch_flat_router,,bf16,1,256,4096,,8,0,56,,combined,eager,cuda_event_grouped_3,23.84,ok,,,,,3,20,torch_flat_router|B1|E256|D4096
router-quick,router,flat_router_decode,torch_flat_router,,bf16,1,256,4096,,8,0,57,,combined,eager,cuda_event_grouped_3,24.7893,ok,,,,,3,20,torch_flat_router|B1|E256|D4096
router-quick,router,flat_router_decode,torch_flat_router,,bf16,1,256,4096,,8,0,58,,combined,eager,cuda_event_grouped_3,24.3947,ok,,,,,3,20,torch_flat_router|B1|E256|D4096
router-quick,router,flat_router_decode,torch_flat_router,,bf16,1,256,4096,,8,0,59,,combined,eager,cuda_event_grouped_3,24.064,ok,,,,,3,20,torch_flat_router|B1|E256|D4096
router-quick,router,flat_router_decode,torch_flat_router,,bf16,1,256,4096,,8,0,60,,combined,eager,cuda_event_grouped_3,27.8613,ok,,,,,3,20,torch_flat_router|B1|E256|D4096
router-quick,router,flat_router_decode,torch_flat_router,,bf16,1,256,4096,,8,0,61,,combined,eager,cuda_event_grouped_3,23.808,ok,,,,,3,20,torch_flat_router|B1|E256|D4096
router-quick,router,flat_router_decode,torch_flat_router,,bf16,1,256,4096,,8,0,62,,combined,eager,cuda_event_grouped_3,23.36,ok,,,,,3,20,torch_flat_router|B1|E256|D4096
router-quick,router,flat_router_decode,torch_flat_router,,bf16,1,256,4096,,8,0,63,,combined,eager,cuda_event_grouped_3,24.576,ok,,,,,3,20,torch_flat_router|B1|E256|D4096
router-quick,router,flat_router_decode,torch_flat_router,,bf16,1,256,4096,,8,0,64,,combined,eager,cuda_event_grouped_3,23.7973,ok,,,,,3,20,torch_flat_router|B1|E256|D4096
router-quick,router,flat_router_decode,torch_flat_router,,bf16,1,256,4096,,8,0,65,,combined,eager,cuda_event_grouped_3,23.392,ok,,,,,3,20,torch_flat_router|B1|E256|D4096
router-quick,router,flat_router_decode,torch_flat_router,,bf16,1,256,4096,,8,0,66,,combined,eager,cuda_event_grouped_3,23.232,ok,,,,,3,20,torch_flat_router|B1|E256|D4096
router-quick,router,flat_router_decode,torch_flat_router,,bf16,1,256,4096,,8,0,67,,combined,eager,cuda_event_grouped_3,24.8747,ok,,,,,3,20,torch_flat_router|B1|E256|D4096
router-quick,router,flat_router_decode,torch_flat_router,,bf16,1,256,4096,,8,0,68,,combined,eager,cuda_event_grouped_3,24.384,ok,,,,,3,20,torch_flat_router|B1|E256|D4096
router-quick,router,flat_router_decode,torch_flat_router,,bf16,1,256,4096,,8,0,69,,combined,eager,cuda_event_grouped_3,23.7973,ok,,,,,3,20,torch_flat_router|B1|E256|D4096
router-quick,router,flat_router_decode,torch_flat_router,,bf16,1,256,4096,,8,0,70,,combined,eager,cuda_event_grouped_3,23.6907,ok,,,,,3,20,torch_flat_router|B1|E256|D4096
router-quick,router,flat_router_decode,torch_flat_router,,bf16,1,256,4096,,8,0,71,,combined,eager,cuda_event_grouped_3,24.1493,ok,,,,,3,20,torch_flat_router|B1|E256|D4096
router-quick,router,flat_router_decode,torch_flat_router,,bf16,1,256,4096,,8,0,72,,combined,eager,cuda_event_grouped_3,24.1813,ok,,,,,3,20,torch_flat_router|B1|E256|D4096
router-quick,router,flat_router_decode,torch_flat_router,,bf16,1,256,4096,,8,0,73,,combined,eager,cuda_event_grouped_3,23.4667,ok,,,,,3,20,torch_flat_router|B1|E256|D4096
router-quick,router,flat_router_decode,torch_flat_router,,bf16,1,256,4096,,8,0,74,,combined,eager,cuda_event_grouped_3,24.0533,ok,,,,,3,20,torch_flat_router|B1|E256|D4096
router-quick,router,flat_router_decode,torch_flat_router,,bf16,1,256,4096,,8,0,75,,combined,eager,cuda_event_grouped_3,24.736,ok,,,,,3,20,torch_flat_router|B1|E256|D4096
router-quick,router,flat_router_decode,torch_flat_router,,bf16,1,256,4096,,8,0,76,,combined,eager,cuda_event_grouped_3,23.8293,ok,,,,,3,20,torch_flat_router|B1|E256|D4096
router-quick,router,flat_router_decode,torch_flat_router,,bf16,1,256,4096,,8,0,77,,combined,eager,cuda_event_grouped_3,23.2533,ok,,,,,3,20,torch_flat_router|B1|E256|D4096
router-quick,router,flat_router_decode,torch_flat_router,,bf16,1,256,4096,,8,0,78,,combined,eager,cuda_event_grouped_3,23.9147,ok,,,,,3,20,torch_flat_router|B1|E256|D4096
router-quick,router,flat_router_decode,torch_flat_router,,bf16,1,256,4096,,8,0,79,,combined,eager,cuda_event_grouped_3,24.544,ok,,,,,3,20,torch_flat_router|B1|E256|D4096
router-quick,router,flat_router_decode,torch_flat_router,,bf16,1,256,4096,,8,0,80,,combined,eager,cuda_event_grouped_3,23.5413,ok,,,,,3,20,torch_flat_router|B1|E256|D4096
router-quick,router,flat_router_decode,torch_flat_router,,bf16,1,256,4096,,8,0,81,,combined,eager,cuda_event_grouped_3,23.8187,ok,,,,,3,20,torch_flat_router|B1|E256|D4096
router-quick,router,flat_router_decode,torch_flat_router,,bf16,1,256,4096,,8,0,82,,combined,eager,cuda_event_grouped_3,23.584,ok,,,,,3,20,torch_flat_router|B1|E256|D4096
router-quick,router,flat_router_decode,torch_flat_router,,bf16,1,256,4096,,8,0,83,,combined,eager,cuda_event_grouped_3,24.3413,ok,,,,,3,20,torch_flat_router|B1|E256|D4096
router-quick,router,flat_router_decode,torch_flat_router,,bf16,1,256,4096,,8,0,84,,combined,eager,cuda_event_grouped_3,23.9467,ok,,,,,3,20,torch_flat_router|B1|E256|D4096
router-quick,router,flat_router_decode,torch_flat_router,,bf16,1,256,4096,,8,0,85,,combined,eager,cuda_event_grouped_3,24.352,ok,,,,,3,20,torch_flat_router|B1|E256|D4096
router-quick,router,flat_router_decode,torch_flat_router,,bf16,1,256,4096,,8,0,86,,combined,eager,cuda_event_grouped_3,24.544,ok,,,,,3,20,torch_flat_router|B1|E256|D4096
router-quick,router,flat_router_decode,torch_flat_router,,bf16,1,256,4096,,8,0,87,,combined,eager,cuda_event_grouped_3,24,ok,,,,,3,20,torch_flat_router|B1|E256|D4096
router-quick,router,flat_router_decode,torch_flat_router,,bf16,1,256,4096,,8,0,88,,combined,eager,cuda_event_grouped_3,24.4267,ok,,,,,3,20,torch_flat_router|B1|E256|D4096
router-quick,router,flat_router_decode,torch_flat_router,,bf16,1,256,4096,,8,0,89,,combined,eager,cuda_event_grouped_3,24.128,ok,,,,,3,20,torch_flat_router|B1|E256|D4096
router-quick,router,flat_router_decode,torch_flat_router,,bf16,1,256,4096,,8,0,90,,combined,eager,cuda_event_grouped_3,23.7013,ok,,,,,3,20,torch_flat_router|B1|E256|D4096
router-quick,router,flat_router_decode,torch_flat_router,,bf16,1,256,4096,,8,0,91,,combined,eager,cuda_event_grouped_3,24.352,ok,,,,,3,20,torch_flat_router|B1|E256|D4096
router-quick,router,flat_router_decode,torch_flat_router,,bf16,1,256,4096,,8,0,92,,combined,eager,cuda_event_grouped_3,24.128,ok,,,,,3,20,torch_flat_router|B1|E256|D4096
router-quick,router,flat_router_decode,torch_flat_router,,bf16,1,256,4096,,8,0,93,,combined,eager,cuda_event_grouped_3,25.2693,ok,,,,,3,20,torch_flat_router|B1|E256|D4096
router-quick,router,flat_router_decode,torch_flat_router,,bf16,1,256,4096,,8,0,94,,combined,eager,cuda_event_grouped_3,24.7253,ok,,,,,3,20,torch_flat_router|B1|E256|D4096
router-quick,router,flat_router_decode,torch_flat_router,,bf16,1,256,4096,,8,0,95,,combined,eager,cuda_event_grouped_3,24.16,ok,,,,,3,20,torch_flat_router|B1|E256|D4096
router-quick,router,flat_router_decode,torch_flat_router,,bf16,1,256,4096,,8,0,96,,combined,eager,cuda_event_grouped_3,24.3627,ok,,,,,3,20,torch_flat_router|B1|E256|D4096
router-quick,router,flat_router_decode,torch_flat_router,,bf16,1,256,4096,,8,0,97,,combined,eager,cuda_event_grouped_3,23.9147,ok,,,,,3,20,torch_flat_router|B1|E256|D4096
router-quick,router,flat_router_decode,torch_flat_router,,bf16,1,256,4096,,8,0,98,,combined,eager,cuda_event_grouped_3,23.9467,ok,,,,,3,20,torch_flat_router|B1|E256|D4096
router-quick,router,flat_router_decode,torch_flat_router,,bf16,1,256,4096,,8,0,99,,combined,eager,cuda_event_grouped_3,24.6507,ok,,,,,3,20,torch_flat_router|B1|E256|D4096
router-quick,router,flat_router_decode,torch_flat_router,,bf16,1,256,4096,,8,0,0,,score,cudagraph,cuda_event_grouped_7,8.32,ok,,,,,7,20,torch_flat_router|B1|E256|D4096
router-quick,router,flat_router_decode,torch_flat_router,,bf16,1,256,4096,,8,0,1,,score,cudagraph,cuda_event_grouped_7,8.23314,ok,,,,,7,20,torch_flat_router|B1|E256|D4096
router-quick,router,flat_router_decode,torch_flat_router,,bf16,1,256,4096,,8,0,2,,score,cudagraph,cuda_event_grouped_7,8.18286,ok,,,,,7,20,torch_flat_router|B1|E256|D4096
router-quick,router,flat_router_decode,torch_flat_router,,bf16,1,256,4096,,8,0,3,,score,cudagraph,cuda_event_grouped_7,8.22857,ok,,,,,7,20,torch_flat_router|B1|E256|D4096
router-quick,router,flat_router_decode,torch_flat_router,,bf16,1,256,4096,,8,0,4,,score,cudagraph,cuda_event_grouped_7,8.16914,ok,,,,,7,20,torch_flat_router|B1|E256|D4096
router-quick,router,flat_router_decode,torch_flat_router,,bf16,1,256,4096,,8,0,5,,score,cudagraph,cuda_event_grouped_7,8.23771,ok,,,,,7,20,torch_flat_router|B1|E256|D4096
router-quick,router,flat_router_decode,torch_flat_router,,bf16,1,256,4096,,8,0,6,,score,cudagraph,cuda_event_grouped_7,8.29714,ok,,,,,7,20,torch_flat_router|B1|E256|D4096
router-quick,router,flat_router_decode,torch_flat_router,,bf16,1,256,4096,,8,0,7,,score,cudagraph,cuda_event_grouped_7,8.21943,ok,,,,,7,20,torch_flat_router|B1|E256|D4096
router-quick,router,flat_router_decode,torch_flat_router,,bf16,1,256,4096,,8,0,8,,score,cudagraph,cuda_event_grouped_7,8.22857,ok,,,,,7,20,torch_flat_router|B1|E256|D4096
router-quick,router,flat_router_decode,torch_flat_router,,bf16,1,256,4096,,8,0,9,,score,cudagraph,cuda_event_grouped_7,8.24686,ok,,,,,7,20,torch_flat_router|B1|E256|D4096
router-quick,router,flat_router_decode,torch_flat_router,,bf16,1,256,4096,,8,0,10,,score,cudagraph,cuda_event_grouped_7,8.26514,ok,,,,,7,20,torch_flat_router|B1|E256|D4096
router-quick,router,flat_router_decode,torch_flat_router,,bf16,1,256,4096,,8,0,11,,score,cudagraph,cuda_event_grouped_7,8.26971,ok,,,,,7,20,torch_flat_router|B1|E256|D4096
router-quick,router,flat_router_decode,torch_flat_router,,bf16,1,256,4096,,8,0,12,,score,cudagraph,cuda_event_grouped_7,8.27429,ok,,,,,7,20,torch_flat_router|B1|E256|D4096
router-quick,router,flat_router_decode,torch_flat_router,,bf16,1,256,4096,,8,0,13,,score,cudagraph,cuda_event_grouped_7,8.24229,ok,,,,,7,20,torch_flat_router|B1|E256|D4096
router-quick,router,flat_router_decode,torch_flat_router,,bf16,1,256,4096,,8,0,14,,score,cudagraph,cuda_event_grouped_7,8.256,ok,,,,,7,20,torch_flat_router|B1|E256|D4096
router-quick,router,flat_router_decode,torch_flat_router,,bf16,1,256,4096,,8,0,15,,score,cudagraph,cuda_event_grouped_7,8.26057,ok,,,,,7,20,torch_flat_router|B1|E256|D4096
router-quick,router,flat_router_decode,torch_flat_router,,bf16,1,256,4096,,8,0,16,,score,cudagraph,cuda_event_grouped_7,8.26057,ok,,,,,7,20,torch_flat_router|B1|E256|D4096
router-quick,router,flat_router_decode,torch_flat_router,,bf16,1,256,4096,,8,0,17,,score,cudagraph,cuda_event_grouped_7,8.26514,ok,,,,,7,20,torch_flat_router|B1|E256|D4096
router-quick,router,flat_router_decode,torch_flat_router,,bf16,1,256,4096,,8,0,18,,score,cudagraph,cuda_event_grouped_7,8.29257,ok,,,,,7,20,torch_flat_router|B1|E256|D4096
router-quick,router,flat_router_decode,torch_flat_router,,bf16,1,256,4096,,8,0,19,,score,cudagraph,cuda_event_grouped_7,8.256,ok,,,,,7,20,torch_flat_router|B1|E256|D4096
router-quick,router,flat_router_decode,torch_flat_router,,bf16,1,256,4096,,8,0,20,,score,cudagraph,cuda_event_grouped_7,8.24686,ok,,,,,7,20,torch_flat_router|B1|E256|D4096
router-quick,router,flat_router_decode,torch_flat_router,,bf16,1,256,4096,,8,0,21,,score,cudagraph,cuda_event_grouped_7,8.26057,ok,,,,,7,20,torch_flat_router|B1|E256|D4096
router-quick,router,flat_router_decode,torch_flat_router,,bf16,1,256,4096,,8,0,22,,score,cudagraph,cuda_event_grouped_7,8.23771,ok,,,,,7,20,torch_flat_router|B1|E256|D4096
router-quick,router,flat_router_decode,torch_flat_router,,bf16,1,256,4096,,8,0,23,,score,cudagraph,cuda_event_grouped_7,8.22857,ok,,,,,7,20,torch_flat_router|B1|E256|D4096
router-quick,router,flat_router_decode,torch_flat_router,,bf16,1,256,4096,,8,0,24,,score,cudagraph,cuda_event_grouped_7,8.23771,ok,,,,,7,20,torch_flat_router|B1|E256|D4096
router-quick,router,flat_router_decode,torch_flat_router,,bf16,1,256,4096,,8,0,25,,score,cudagraph,cuda_event_grouped_7,8.25143,ok,,,,,7,20,torch_flat_router|B1|E256|D4096
router-quick,router,flat_router_decode,torch_flat_router,,bf16,1,256,4096,,8,0,26,,score,cudagraph,cuda_event_grouped_7,8.24229,ok,,,,,7,20,torch_flat_router|B1|E256|D4096
router-quick,router,flat_router_decode,torch_flat_router,,bf16,1,256,4096,,8,0,27,,score,cudagraph,cuda_event_grouped_7,8.26514,ok,,,,,7,20,torch_flat_router|B1|E256|D4096
router-quick,router,flat_router_decode,torch_flat_router,,bf16,1,256,4096,,8,0,28,,score,cudagraph,cuda_event_grouped_7,8.256,ok,,,,,7,20,torch_flat_router|B1|E256|D4096
router-quick,router,flat_router_decode,torch_flat_router,,bf16,1,256,4096,,8,0,29,,score,cudagraph,cuda_event_grouped_7,8.24686,ok,,,,,7,20,torch_flat_router|B1|E256|D4096
router-quick,router,flat_router_decode,torch_flat_router,,bf16,1,256,4096,,8,0,30,,score,cudagraph,cuda_event_grouped_7,8.24229,ok,,,,,7,20,torch_flat_router|B1|E256|D4096
router-quick,router,flat_router_decode,torch_flat_router,,bf16,1,256,4096,,8,0,31,,score,cudagraph,cuda_event_grouped_7,8.23771,ok,,,,,7,20,torch_flat_router|B1|E256|D4096
router-quick,router,flat_router_decode,torch_flat_router,,bf16,1,256,4096,,8,0,32,,score,cudagraph,cuda_event_grouped_7,8.26057,ok,,,,,7,20,torch_flat_router|B1|E256|D4096
router-quick,router,flat_router_decode,torch_flat_router,,bf16,1,256,4096,,8,0,33,,score,cudagraph,cuda_event_grouped_7,8.27429,ok,,,,,7,20,torch_flat_router|B1|E256|D4096
router-quick,router,flat_router_decode,torch_flat_router,,bf16,1,256,4096,,8,0,34,,score,cudagraph,cuda_event_grouped_7,8.30629,ok,,,,,7,20,torch_flat_router|B1|E256|D4096
router-quick,router,flat_router_decode,torch_flat_router,,bf16,1,256,4096,,8,0,35,,score,cudagraph,cuda_event_grouped_7,8.23771,ok,,,,,7,20,torch_flat_router|B1|E256|D4096
router-quick,router,flat_router_decode,torch_flat_router,,bf16,1,256,4096,,8,0,36,,score,cudagraph,cuda_event_grouped_7,8.26057,ok,,,,,7,20,torch_flat_router|B1|E256|D4096
router-quick,router,flat_router_decode,torch_flat_router,,bf16,1,256,4096,,8,0,37,,score,cudagraph,cuda_event_grouped_7,8.24686,ok,,,,,7,20,torch_flat_router|B1|E256|D4096
router-quick,router,flat_router_decode,torch_flat_router,,bf16,1,256,4096,,8,0,38,,score,cudagraph,cuda_event_grouped_7,8.27886,ok,,,,,7,20,torch_flat_router|B1|E256|D4096
router-quick,router,flat_router_decode,torch_flat_router,,bf16,1,256,4096,,8,0,39,,score,cudagraph,cuda_event_grouped_7,8.256,ok,,,,,7,20,torch_flat_router|B1|E256|D4096
router-quick,router,flat_router_decode,torch_flat_router,,bf16,1,256,4096,,8,0,40,,score,cudagraph,cuda_event_grouped_7,8.29257,ok,,,,,7,20,torch_flat_router|B1|E256|D4096
router-quick,router,flat_router_decode,torch_flat_router,,bf16,1,256,4096,,8,0,41,,score,cudagraph,cuda_event_grouped_7,8.26057,ok,,,,,7,20,torch_flat_router|B1|E256|D4096
router-quick,router,flat_router_decode,torch_flat_router,,bf16,1,256,4096,,8,0,42,,score,cudagraph,cuda_event_grouped_7,8.18743,ok,,,,,7,20,torch_flat_router|B1|E256|D4096
router-quick,router,flat_router_decode,torch_flat_router,,bf16,1,256,4096,,8,0,43,,score,cudagraph,cuda_event_grouped_7,8.29714,ok,,,,,7,20,torch_flat_router|B1|E256|D4096
router-quick,router,flat_router_decode,torch_flat_router,,bf16,1,256,4096,,8,0,44,,score,cudagraph,cuda_event_grouped_7,8.22857,ok,,,,,7,20,torch_flat_router|B1|E256|D4096
router-quick,router,flat_router_decode,torch_flat_router,,bf16,1,256,4096,,8,0,45,,score,cudagraph,cuda_event_grouped_7,8.20571,ok,,,,,7,20,torch_flat_router|B1|E256|D4096
router-quick,router,flat_router_decode,torch_flat_router,,bf16,1,256,4096,,8,0,46,,score,cudagraph,cuda_event_grouped_7,8.224,ok,,,,,7,20,torch_flat_router|B1|E256|D4096
router-quick,router,flat_router_decode,torch_flat_router,,bf16,1,256,4096,,8,0,47,,score,cudagraph,cuda_event_grouped_7,8.21943,ok,,,,,7,20,torch_flat_router|B1|E256|D4096
router-quick,router,flat_router_decode,torch_flat_router,,bf16,1,256,4096,,8,0,48,,score,cudagraph,cuda_event_grouped_7,8.24686,ok,,,,,7,20,torch_flat_router|B1|E256|D4096
router-quick,router,flat_router_decode,torch_flat_router,,bf16,1,256,4096,,8,0,49,,score,cudagraph,cuda_event_grouped_7,8.18743,ok,,,,,7,20,torch_flat_router|B1|E256|D4096
router-quick,router,flat_router_decode,torch_flat_router,,bf16,1,256,4096,,8,0,50,,score,cudagraph,cuda_event_grouped_7,8.21943,ok,,,,,7,20,torch_flat_router|B1|E256|D4096
router-quick,router,flat_router_decode,torch_flat_router,,bf16,1,256,4096,,8,0,51,,score,cudagraph,cuda_event_grouped_7,8.27429,ok,,,,,7,20,torch_flat_router|B1|E256|D4096
router-quick,router,flat_router_decode,torch_flat_router,,bf16,1,256,4096,,8,0,52,,score,cudagraph,cuda_event_grouped_7,8.21029,ok,,,,,7,20,torch_flat_router|B1|E256|D4096
router-quick,router,flat_router_decode,torch_flat_router,,bf16,1,256,4096,,8,0,53,,score,cudagraph,cuda_event_grouped_7,8.26057,ok,,,,,7,20,torch_flat_router|B1|E256|D4096
router-quick,router,flat_router_decode,torch_flat_router,,bf16,1,256,4096,,8,0,54,,score,cudagraph,cuda_event_grouped_7,8.256,ok,,,,,7,20,torch_flat_router|B1|E256|D4096
router-quick,router,flat_router_decode,torch_flat_router,,bf16,1,256,4096,,8,0,55,,score,cudagraph,cuda_event_grouped_7,8.23314,ok,,,,,7,20,torch_flat_router|B1|E256|D4096
router-quick,router,flat_router_decode,torch_flat_router,,bf16,1,256,4096,,8,0,56,,score,cudagraph,cuda_event_grouped_7,8.25143,ok,,,,,7,20,torch_flat_router|B1|E256|D4096
router-quick,router,flat_router_decode,torch_flat_router,,bf16,1,256,4096,,8,0,57,,score,cudagraph,cuda_event_grouped_7,8.256,ok,,,,,7,20,torch_flat_router|B1|E256|D4096
router-quick,router,flat_router_decode,torch_flat_router,,bf16,1,256,4096,,8,0,58,,score,cudagraph,cuda_event_grouped_7,8.21943,ok,,,,,7,20,torch_flat_router|B1|E256|D4096
router-quick,router,flat_router_decode,torch_flat_router,,bf16,1,256,4096,,8,0,59,,score,cudagraph,cuda_event_grouped_7,8.20571,ok,,,,,7,20,torch_flat_router|B1|E256|D4096
router-quick,router,flat_router_decode,torch_flat_router,,bf16,1,256,4096,,8,0,60,,score,cudagraph,cuda_event_grouped_7,8.192,ok,,,,,7,20,torch_flat_router|B1|E256|D4096
router-quick,router,flat_router_decode,torch_flat_router,,bf16,1,256,4096,,8,0,61,,score,cudagraph,cuda_event_grouped_7,8.21486,ok,,,,,7,20,torch_flat_router|B1|E256|D4096
router-quick,router,flat_router_decode,torch_flat_router,,bf16,1,256,4096,,8,0,62,,score,cudagraph,cuda_event_grouped_7,8.22857,ok,,,,,7,20,torch_flat_router|B1|E256|D4096
router-quick,router,flat_router_decode,torch_flat_router,,bf16,1,256,4096,,8,0,63,,score,cudagraph,cuda_event_grouped_7,8.21943,ok,,,,,7,20,torch_flat_router|B1|E256|D4096
router-quick,router,flat_router_decode,torch_flat_router,,bf16,1,256,4096,,8,0,64,,score,cudagraph,cuda_event_grouped_7,8.22857,ok,,,,,7,20,torch_flat_router|B1|E256|D4096
router-quick,router,flat_router_decode,torch_flat_router,,bf16,1,256,4096,,8,0,65,,score,cudagraph,cuda_event_grouped_7,8.22857,ok,,,,,7,20,torch_flat_router|B1|E256|D4096
router-quick,router,flat_router_decode,torch_flat_router,,bf16,1,256,4096,,8,0,66,,score,cudagraph,cuda_event_grouped_7,8.26971,ok,,,,,7,20,torch_flat_router|B1|E256|D4096
router-quick,router,flat_router_decode,torch_flat_router,,bf16,1,256,4096,,8,0,67,,score,cudagraph,cuda_event_grouped_7,8.24686,ok,,,,,7,20,torch_flat_router|B1|E256|D4096
router-quick,router,flat_router_decode,torch_flat_router,,bf16,1,256,4096,,8,0,68,,score,cudagraph,cuda_event_grouped_7,8.25143,ok,,,,,7,20,torch_flat_router|B1|E256|D4096
router-quick,router,flat_router_decode,torch_flat_router,,bf16,1,256,4096,,8,0,69,,score,cudagraph,cuda_event_grouped_7,8.27429,ok,,,,,7,20,torch_flat_router|B1|E256|D4096
router-quick,router,flat_router_decode,torch_flat_router,,bf16,1,256,4096,,8,0,70,,score,cudagraph,cuda_event_grouped_7,8.24229,ok,,,,,7,20,torch_flat_router|B1|E256|D4096
router-quick,router,flat_router_decode,torch_flat_router,,bf16,1,256,4096,,8,0,71,,score,cudagraph,cuda_event_grouped_7,8.19657,ok,,,,,7,20,torch_flat_router|B1|E256|D4096
router-quick,router,flat_router_decode,torch_flat_router,,bf16,1,256,4096,,8,0,72,,score,cudagraph,cuda_event_grouped_7,8.27886,ok,,,,,7,20,torch_flat_router|B1|E256|D4096
router-quick,router,flat_router_decode,torch_flat_router,,bf16,1,256,4096,,8,0,73,,score,cudagraph,cuda_event_grouped_7,8.224,ok,,,,,7,20,torch_flat_router|B1|E256|D4096
router-quick,router,flat_router_decode,torch_flat_router,,bf16,1,256,4096,,8,0,74,,score,cudagraph,cuda_event_grouped_7,8.26057,ok,,,,,7,20,torch_flat_router|B1|E256|D4096
router-quick,router,flat_router_decode,torch_flat_router,,bf16,1,256,4096,,8,0,75,,score,cudagraph,cuda_event_grouped_7,8.26057,ok,,,,,7,20,torch_flat_router|B1|E256|D4096
router-quick,router,flat_router_decode,torch_flat_router,,bf16,1,256,4096,,8,0,76,,score,cudagraph,cuda_event_grouped_7,8.26057,ok,,,,,7,20,torch_flat_router|B1|E256|D4096
router-quick,router,flat_router_decode,torch_flat_router,,bf16,1,256,4096,,8,0,77,,score,cudagraph,cuda_event_grouped_7,8.256,ok,,,,,7,20,torch_flat_router|B1|E256|D4096
router-quick,router,flat_router_decode,torch_flat_router,,bf16,1,256,4096,,8,0,78,,score,cudagraph,cuda_event_grouped_7,8.25143,ok,,,,,7,20,torch_flat_router|B1|E256|D4096
router-quick,router,flat_router_decode,torch_flat_router,,bf16,1,256,4096,,8,0,79,,score,cudagraph,cuda_event_grouped_7,8.23314,ok,,,,,7,20,torch_flat_router|B1|E256|D4096
router-quick,router,flat_router_decode,torch_flat_router,,bf16,1,256,4096,,8,0,80,,score,cudagraph,cuda_event_grouped_7,8.24686,ok,,,,,7,20,torch_flat_router|B1|E256|D4096
router-quick,router,flat_router_decode,torch_flat_router,,bf16,1,256,4096,,8,0,81,,score,cudagraph,cuda_event_grouped_7,8.23771,ok,,,,,7,20,torch_flat_router|B1|E256|D4096
router-quick,router,flat_router_decode,torch_flat_router,,bf16,1,256,4096,,8,0,82,,score,cudagraph,cuda_event_grouped_7,8.21943,ok,,,,,7,20,torch_flat_router|B1|E256|D4096
router-quick,router,flat_router_decode,torch_flat_router,,bf16,1,256,4096,,8,0,83,,score,cudagraph,cuda_event_grouped_7,8.23314,ok,,,,,7,20,torch_flat_router|B1|E256|D4096
router-quick,router,flat_router_decode,torch_flat_router,,bf16,1,256,4096,,8,0,84,,score,cudagraph,cuda_event_grouped_7,8.21486,ok,,,,,7,20,torch_flat_router|B1|E256|D4096
router-quick,router,flat_router_decode,torch_flat_router,,bf16,1,256,4096,,8,0,85,,score,cudagraph,cuda_event_grouped_7,8.22857,ok,,,,,7,20,torch_flat_router|B1|E256|D4096
router-quick,router,flat_router_decode,torch_flat_router,,bf16,1,256,4096,,8,0,86,,score,cudagraph,cuda_event_grouped_7,8.256,ok,,,,,7,20,torch_flat_router|B1|E256|D4096
router-quick,router,flat_router_decode,torch_flat_router,,bf16,1,256,4096,,8,0,87,,score,cudagraph,cuda_event_grouped_7,8.21029,ok,,,,,7,20,torch_flat_router|B1|E256|D4096
router-quick,router,flat_router_decode,torch_flat_router,,bf16,1,256,4096,,8,0,88,,score,cudagraph,cuda_event_grouped_7,8.23771,ok,,,,,7,20,torch_flat_router|B1|E256|D4096
router-quick,router,flat_router_decode,torch_flat_router,,bf16,1,256,4096,,8,0,89,,score,cudagraph,cuda_event_grouped_7,8.27886,ok,,,,,7,20,torch_flat_router|B1|E256|D4096
router-quick,router,flat_router_decode,torch_flat_router,,bf16,1,256,4096,,8,0,90,,score,cudagraph,cuda_event_grouped_7,8.22857,ok,,,,,7,20,torch_flat_router|B1|E256|D4096
router-quick,router,flat_router_decode,torch_flat_router,,bf16,1,256,4096,,8,0,91,,score,cudagraph,cuda_event_grouped_7,8.21029,ok,,,,,7,20,torch_flat_router|B1|E256|D4096
router-quick,router,flat_router_decode,torch_flat_router,,bf16,1,256,4096,,8,0,92,,score,cudagraph,cuda_event_grouped_7,8.23314,ok,,,,,7,20,torch_flat_router|B1|E256|D4096
router-quick,router,flat_router_decode,torch_flat_router,,bf16,1,256,4096,,8,0,93,,score,cudagraph,cuda_event_grouped_7,8.26057,ok,,,,,7,20,torch_flat_router|B1|E256|D4096
router-quick,router,flat_router_decode,torch_flat_router,,bf16,1,256,4096,,8,0,94,,score,cudagraph,cuda_event_grouped_7,8.18286,ok,,,,,7,20,torch_flat_router|B1|E256|D4096
router-quick,router,flat_router_decode,torch_flat_router,,bf16,1,256,4096,,8,0,95,,score,cudagraph,cuda_event_grouped_7,8.26057,ok,,,,,7,20,torch_flat_router|B1|E256|D4096
router-quick,router,flat_router_decode,torch_flat_router,,bf16,1,256,4096,,8,0,96,,score,cudagraph,cuda_event_grouped_7,8.21029,ok,,,,,7,20,torch_flat_router|B1|E256|D4096
router-quick,router,flat_router_decode,torch_flat_router,,bf16,1,256,4096,,8,0,97,,score,cudagraph,cuda_event_grouped_7,8.20571,ok,,,,,7,20,torch_flat_router|B1|E256|D4096
router-quick,router,flat_router_decode,torch_flat_router,,bf16,1,256,4096,,8,0,98,,score,cudagraph,cuda_event_grouped_7,8.27429,ok,,,,,7,20,torch_flat_router|B1|E256|D4096
router-quick,router,flat_router_decode,torch_flat_router,,bf16,1,256,4096,,8,0,99,,score,cudagraph,cuda_event_grouped_7,8.256,ok,,,,,7,20,torch_flat_router|B1|E256|D4096
router-quick,router,flat_router_decode,torch_flat_router,,bf16,1,256,4096,,8,0,0,,select,cudagraph,cuda_event_grouped_4,12.256,ok,,,,,4,20,torch_flat_router|B1|E256|D4096
router-quick,router,flat_router_decode,torch_flat_router,,bf16,1,256,4096,,8,0,1,,select,cudagraph,cuda_event_grouped_4,13.048,ok,,,,,4,20,torch_flat_router|B1|E256|D4096
router-quick,router,flat_router_decode,torch_flat_router,,bf16,1,256,4096,,8,0,2,,select,cudagraph,cuda_event_grouped_4,12.48,ok,,,,,4,20,torch_flat_router|B1|E256|D4096
router-quick,router,flat_router_decode,torch_flat_router,,bf16,1,256,4096,,8,0,3,,select,cudagraph,cuda_event_grouped_4,13.32,ok,,,,,4,20,torch_flat_router|B1|E256|D4096
router-quick,router,flat_router_decode,torch_flat_router,,bf16,1,256,4096,,8,0,4,,select,cudagraph,cuda_event_grouped_4,13.408,ok,,,,,4,20,torch_flat_router|B1|E256|D4096
router-quick,router,flat_router_decode,torch_flat_router,,bf16,1,256,4096,,8,0,5,,select,cudagraph,cuda_event_grouped_4,12.88,ok,,,,,4,20,torch_flat_router|B1|E256|D4096
router-quick,router,flat_router_decode,torch_flat_router,,bf16,1,256,4096,,8,0,6,,select,cudagraph,cuda_event_grouped_4,12.984,ok,,,,,4,20,torch_flat_router|B1|E256|D4096
router-quick,router,flat_router_decode,torch_flat_router,,bf16,1,256,4096,,8,0,7,,select,cudagraph,cuda_event_grouped_4,12.928,ok,,,,,4,20,torch_flat_router|B1|E256|D4096
router-quick,router,flat_router_decode,torch_flat_router,,bf16,1,256,4096,,8,0,8,,select,cudagraph,cuda_event_grouped_4,12.088,ok,,,,,4,20,torch_flat_router|B1|E256|D4096
router-quick,router,flat_router_decode,torch_flat_router,,bf16,1,256,4096,,8,0,9,,select,cudagraph,cuda_event_grouped_4,12.984,ok,,,,,4,20,torch_flat_router|B1|E256|D4096
router-quick,router,flat_router_decode,torch_flat_router,,bf16,1,256,4096,,8,0,10,,select,cudagraph,cuda_event_grouped_4,12.496,ok,,,,,4,20,torch_flat_router|B1|E256|D4096
router-quick,router,flat_router_decode,torch_flat_router,,bf16,1,256,4096,,8,0,11,,select,cudagraph,cuda_event_grouped_4,13.28,ok,,,,,4,20,torch_flat_router|B1|E256|D4096
router-quick,router,flat_router_decode,torch_flat_router,,bf16,1,256,4096,,8,0,12,,select,cudagraph,cuda_event_grouped_4,13.416,ok,,,,,4,20,torch_flat_router|B1|E256|D4096
router-quick,router,flat_router_decode,torch_flat_router,,bf16,1,256,4096,,8,0,13,,select,cudagraph,cuda_event_grouped_4,12.88,ok,,,,,4,20,torch_flat_router|B1|E256|D4096
router-quick,router,flat_router_decode,torch_flat_router,,bf16,1,256,4096,,8,0,14,,select,cudagraph,cuda_event_grouped_4,12.88,ok,,,,,4,20,torch_flat_router|B1|E256|D4096
router-quick,router,flat_router_decode,torch_flat_router,,bf16,1,256,4096,,8,0,15,,select,cudagraph,cuda_event_grouped_4,12.952,ok,,,,,4,20,torch_flat_router|B1|E256|D4096
router-quick,router,flat_router_decode,torch_flat_router,,bf16,1,256,4096,,8,0,16,,select,cudagraph,cuda_event_grouped_4,12.072,ok,,,,,4,20,torch_flat_router|B1|E256|D4096
router-quick,router,flat_router_decode,torch_flat_router,,bf16,1,256,4096,,8,0,17,,select,cudagraph,cuda_event_grouped_4,12.912,ok,,,,,4,20,torch_flat_router|B1|E256|D4096
router-quick,router,flat_router_decode,torch_flat_router,,bf16,1,256,4096,,8,0,18,,select,cudagraph,cuda_event_grouped_4,12.544,ok,,,,,4,20,torch_flat_router|B1|E256|D4096
router-quick,router,flat_router_decode,torch_flat_router,,bf16,1,256,4096,,8,0,19,,select,cudagraph,cuda_event_grouped_4,13.352,ok,,,,,4,20,torch_flat_router|B1|E256|D4096
router-quick,router,flat_router_decode,torch_flat_router,,bf16,1,256,4096,,8,0,20,,select,cudagraph,cuda_event_grouped_4,13.432,ok,,,,,4,20,torch_flat_router|B1|E256|D4096
router-quick,router,flat_router_decode,torch_flat_router,,bf16,1,256,4096,,8,0,21,,select,cudagraph,cuda_event_grouped_4,12.896,ok,,,,,4,20,torch_flat_router|B1|E256|D4096
router-quick,router,flat_router_decode,torch_flat_router,,bf16,1,256,4096,,8,0,22,,select,cudagraph,cuda_event_grouped_4,12.984,ok,,,,,4,20,torch_flat_router|B1|E256|D4096
router-quick,router,flat_router_decode,torch_flat_router,,bf16,1,256,4096,,8,0,23,,select,cudagraph,cuda_event_grouped_4,12.896,ok,,,,,4,20,torch_flat_router|B1|E256|D4096
router-quick,router,flat_router_decode,torch_flat_router,,bf16,1,256,4096,,8,0,24,,select,cudagraph,cuda_event_grouped_4,12.024,ok,,,,,4,20,torch_flat_router|B1|E256|D4096
router-quick,router,flat_router_decode,torch_flat_router,,bf16,1,256,4096,,8,0,25,,select,cudagraph,cuda_event_grouped_4,12.976,ok,,,,,4,20,torch_flat_router|B1|E256|D4096
router-quick,router,flat_router_decode,torch_flat_router,,bf16,1,256,4096,,8,0,26,,select,cudagraph,cuda_event_grouped_4,12.472,ok,,,,,4,20,torch_flat_router|B1|E256|D4096
router-quick,router,flat_router_decode,torch_flat_router,,bf16,1,256,4096,,8,0,27,,select,cudagraph,cuda_event_grouped_4,13.272,ok,,,,,4,20,torch_flat_router|B1|E256|D4096
router-quick,router,flat_router_decode,torch_flat_router,,bf16,1,256,4096,,8,0,28,,select,cudagraph,cuda_event_grouped_4,13.328,ok,,,,,4,20,torch_flat_router|B1|E256|D4096
router-quick,router,flat_router_decode,torch_flat_router,,bf16,1,256,4096,,8,0,29,,select,cudagraph,cuda_event_grouped_4,12.864,ok,,,,,4,20,torch_flat_router|B1|E256|D4096
router-quick,router,flat_router_decode,torch_flat_router,,bf16,1,256,4096,,8,0,30,,select,cudagraph,cuda_event_grouped_4,12.792,ok,,,,,4,20,torch_flat_router|B1|E256|D4096
router-quick,router,flat_router_decode,torch_flat_router,,bf16,1,256,4096,,8,0,31,,select,cudagraph,cuda_event_grouped_4,12.888,ok,,,,,4,20,torch_flat_router|B1|E256|D4096
router-quick,router,flat_router_decode,torch_flat_router,,bf16,1,256,4096,,8,0,32,,select,cudagraph,cuda_event_grouped_4,12.008,ok,,,,,4,20,torch_flat_router|B1|E256|D4096
router-quick,router,flat_router_decode,torch_flat_router,,bf16,1,256,4096,,8,0,33,,select,cudagraph,cuda_event_grouped_4,12.848,ok,,,,,4,20,torch_flat_router|B1|E256|D4096
router-quick,router,flat_router_decode,torch_flat_router,,bf16,1,256,4096,,8,0,34,,select,cudagraph,cuda_event_grouped_4,12.424,ok,,,,,4,20,torch_flat_router|B1|E256|D4096
router-quick,router,flat_router_decode,torch_flat_router,,bf16,1,256,4096,,8,0,35,,select,cudagraph,cuda_event_grouped_4,13.24,ok,,,,,4,20,torch_flat_router|B1|E256|D4096
router-quick,router,flat_router_decode,torch_flat_router,,bf16,1,256,4096,,8,0,36,,select,cudagraph,cuda_event_grouped_4,13.344,ok,,,,,4,20,torch_flat_router|B1|E256|D4096
router-quick,router,flat_router_decode,torch_flat_router,,bf16,1,256,4096,,8,0,37,,select,cudagraph,cuda_event_grouped_4,12.888,ok,,,,,4,20,torch_flat_router|B1|E256|D4096
router-quick,router,flat_router_decode,torch_flat_router,,bf16,1,256,4096,,8,0,38,,select,cudagraph,cuda_event_grouped_4,12.896,ok,,,,,4,20,torch_flat_router|B1|E256|D4096
router-quick,router,flat_router_decode,torch_flat_router,,bf16,1,256,4096,,8,0,39,,select,cudagraph,cuda_event_grouped_4,12.912,ok,,,,,4,20,torch_flat_router|B1|E256|D4096
router-quick,router,flat_router_decode,torch_flat_router,,bf16,1,256,4096,,8,0,40,,select,cudagraph,cuda_event_grouped_4,12,ok,,,,,4,20,torch_flat_router|B1|E256|D4096
router-quick,router,flat_router_decode,torch_flat_router,,bf16,1,256,4096,,8,0,41,,select,cudagraph,cuda_event_grouped_4,12.88,ok,,,,,4,20,torch_flat_router|B1|E256|D4096
router-quick,router,flat_router_decode,torch_flat_router,,bf16,1,256,4096,,8,0,42,,select,cudagraph,cuda_event_grouped_4,12.456,ok,,,,,4,20,torch_flat_router|B1|E256|D4096
router-quick,router,flat_router_decode,torch_flat_router,,bf16,1,256,4096,,8,0,43,,select,cudagraph,cuda_event_grouped_4,13.272,ok,,,,,4,20,torch_flat_router|B1|E256|D4096
router-quick,router,flat_router_decode,torch_flat_router,,bf16,1,256,4096,,8,0,44,,select,cudagraph,cuda_event_grouped_4,13.264,ok,,,,,4,20,torch_flat_router|B1|E256|D4096
router-quick,router,flat_router_decode,torch_flat_router,,bf16,1,256,4096,,8,0,45,,select,cudagraph,cuda_event_grouped_4,12.888,ok,,,,,4,20,torch_flat_router|B1|E256|D4096
router-quick,router,flat_router_decode,torch_flat_router,,bf16,1,256,4096,,8,0,46,,select,cudagraph,cuda_event_grouped_4,12.88,ok,,,,,4,20,torch_flat_router|B1|E256|D4096
router-quick,router,flat_router_decode,torch_flat_router,,bf16,1,256,4096,,8,0,47,,select,cudagraph,cuda_event_grouped_4,12.896,ok,,,,,4,20,torch_flat_router|B1|E256|D4096
router-quick,router,flat_router_decode,torch_flat_router,,bf16,1,256,4096,,8,0,48,,select,cudagraph,cuda_event_grouped_4,12.024,ok,,,,,4,20,torch_flat_router|B1|E256|D4096
router-quick,router,flat_router_decode,torch_flat_router,,bf16,1,256,4096,,8,0,49,,select,cudagraph,cuda_event_grouped_4,12.92,ok,,,,,4,20,torch_flat_router|B1|E256|D4096
router-quick,router,flat_router_decode,torch_flat_router,,bf16,1,256,4096,,8,0,50,,select,cudagraph,cuda_event_grouped_4,12.416,ok,,,,,4,20,torch_flat_router|B1|E256|D4096
router-quick,router,flat_router_decode,torch_flat_router,,bf16,1,256,4096,,8,0,51,,select,cudagraph,cuda_event_grouped_4,13.232,ok,,,,,4,20,torch_flat_router|B1|E256|D4096
router-quick,router,flat_router_decode,torch_flat_router,,bf16,1,256,4096,,8,0,52,,select,cudagraph,cuda_event_grouped_4,13.336,ok,,,,,4,20,torch_flat_router|B1|E256|D4096
router-quick,router,flat_router_decode,torch_flat_router,,bf16,1,256,4096,,8,0,53,,select,cudagraph,cuda_event_grouped_4,12.864,ok,,,,,4,20,torch_flat_router|B1|E256|D4096
router-quick,router,flat_router_decode,torch_flat_router,,bf16,1,256,4096,,8,0,54,,select,cudagraph,cuda_event_grouped_4,12.864,ok,,,,,4,20,torch_flat_router|B1|E256|D4096
router-quick,router,flat_router_decode,torch_flat_router,,bf16,1,256,4096,,8,0,55,,select,cudagraph,cuda_event_grouped_4,12.912,ok,,,,,4,20,torch_flat_router|B1|E256|D4096
router-quick,router,flat_router_decode,torch_flat_router,,bf16,1,256,4096,,8,0,56,,select,cudagraph,cuda_event_grouped_4,11.992,ok,,,,,4,20,torch_flat_router|B1|E256|D4096
router-quick,router,flat_router_decode,torch_flat_router,,bf16,1,256,4096,,8,0,57,,select,cudagraph,cuda_event_grouped_4,12.848,ok,,,,,4,20,torch_flat_router|B1|E256|D4096
router-quick,router,flat_router_decode,torch_flat_router,,bf16,1,256,4096,,8,0,58,,select,cudagraph,cuda_event_grouped_4,12.416,ok,,,,,4,20,torch_flat_router|B1|E256|D4096
router-quick,router,flat_router_decode,torch_flat_router,,bf16,1,256,4096,,8,0,59,,select,cudagraph,cuda_event_grouped_4,13.272,ok,,,,,4,20,torch_flat_router|B1|E256|D4096
router-quick,router,flat_router_decode,torch_flat_router,,bf16,1,256,4096,,8,0,60,,select,cudagraph,cuda_event_grouped_4,13.272,ok,,,,,4,20,torch_flat_router|B1|E256|D4096
router-quick,router,flat_router_decode,torch_flat_router,,bf16,1,256,4096,,8,0,61,,select,cudagraph,cuda_event_grouped_4,12.872,ok,,,,,4,20,torch_flat_router|B1|E256|D4096
router-quick,router,flat_router_decode,torch_flat_router,,bf16,1,256,4096,,8,0,62,,select,cudagraph,cuda_event_grouped_4,12.864,ok,,,,,4,20,torch_flat_router|B1|E256|D4096
router-quick,router,flat_router_decode,torch_flat_router,,bf16,1,256,4096,,8,0,63,,select,cudagraph,cuda_event_grouped_4,12.896,ok,,,,,4,20,torch_flat_router|B1|E256|D4096
router-quick,router,flat_router_decode,torch_flat_router,,bf16,1,256,4096,,8,0,64,,select,cudagraph,cuda_event_grouped_4,12.072,ok,,,,,4,20,torch_flat_router|B1|E256|D4096
router-quick,router,flat_router_decode,torch_flat_router,,bf16,1,256,4096,,8,0,65,,select,cudagraph,cuda_event_grouped_4,12.896,ok,,,,,4,20,torch_flat_router|B1|E256|D4096
router-quick,router,flat_router_decode,torch_flat_router,,bf16,1,256,4096,,8,0,66,,select,cudagraph,cuda_event_grouped_4,12.416,ok,,,,,4,20,torch_flat_router|B1|E256|D4096
router-quick,router,flat_router_decode,torch_flat_router,,bf16,1,256,4096,,8,0,67,,select,cudagraph,cuda_event_grouped_4,13.256,ok,,,,,4,20,torch_flat_router|B1|E256|D4096
router-quick,router,flat_router_decode,torch_flat_router,,bf16,1,256,4096,,8,0,68,,select,cudagraph,cuda_event_grouped_4,13.304,ok,,,,,4,20,torch_flat_router|B1|E256|D4096
router-quick,router,flat_router_decode,torch_flat_router,,bf16,1,256,4096,,8,0,69,,select,cudagraph,cuda_event_grouped_4,12.88,ok,,,,,4,20,torch_flat_router|B1|E256|D4096
router-quick,router,flat_router_decode,torch_flat_router,,bf16,1,256,4096,,8,0,70,,select,cudagraph,cuda_event_grouped_4,12.84,ok,,,,,4,20,torch_flat_router|B1|E256|D4096
router-quick,router,flat_router_decode,torch_flat_router,,bf16,1,256,4096,,8,0,71,,select,cudagraph,cuda_event_grouped_4,12.936,ok,,,,,4,20,torch_flat_router|B1|E256|D4096
router-quick,router,flat_router_decode,torch_flat_router,,bf16,1,256,4096,,8,0,72,,select,cudagraph,cuda_event_grouped_4,12.032,ok,,,,,4,20,torch_flat_router|B1|E256|D4096
router-quick,router,flat_router_decode,torch_flat_router,,bf16,1,256,4096,,8,0,73,,select,cudagraph,cuda_event_grouped_4,12.88,ok,,,,,4,20,torch_flat_router|B1|E256|D4096
router-quick,router,flat_router_decode,torch_flat_router,,bf16,1,256,4096,,8,0,74,,select,cudagraph,cuda_event_grouped_4,12.36,ok,,,,,4,20,torch_flat_router|B1|E256|D4096
router-quick,router,flat_router_decode,torch_flat_router,,bf16,1,256,4096,,8,0,75,,select,cudagraph,cuda_event_grouped_4,13.144,ok,,,,,4,20,torch_flat_router|B1|E256|D4096
router-quick,router,flat_router_decode,torch_flat_router,,bf16,1,256,4096,,8,0,76,,select,cudagraph,cuda_event_grouped_4,13.256,ok,,,,,4,20,torch_flat_router|B1|E256|D4096
router-quick,router,flat_router_decode,torch_flat_router,,bf16,1,256,4096,,8,0,77,,select,cudagraph,cuda_event_grouped_4,12.888,ok,,,,,4,20,torch_flat_router|B1|E256|D4096
router-quick,router,flat_router_decode,torch_flat_router,,bf16,1,256,4096,,8,0,78,,select,cudagraph,cuda_event_grouped_4,12.88,ok,,,,,4,20,torch_flat_router|B1|E256|D4096
router-quick,router,flat_router_decode,torch_flat_router,,bf16,1,256,4096,,8,0,79,,select,cudagraph,cuda_event_grouped_4,12.888,ok,,,,,4,20,torch_flat_router|B1|E256|D4096
router-quick,router,flat_router_decode,torch_flat_router,,bf16,1,256,4096,,8,0,80,,select,cudagraph,cuda_event_grouped_4,12.072,ok,,,,,4,20,torch_flat_router|B1|E256|D4096
router-quick,router,flat_router_decode,torch_flat_router,,bf16,1,256,4096,,8,0,81,,select,cudagraph,cuda_event_grouped_4,12.848,ok,,,,,4,20,torch_flat_router|B1|E256|D4096
router-quick,router,flat_router_decode,torch_flat_router,,bf16,1,256,4096,,8,0,82,,select,cudagraph,cuda_event_grouped_4,12.408,ok,,,,,4,20,torch_flat_router|B1|E256|D4096
router-quick,router,flat_router_decode,torch_flat_router,,bf16,1,256,4096,,8,0,83,,select,cudagraph,cuda_event_grouped_4,13.224,ok,,,,,4,20,torch_flat_router|B1|E256|D4096
router-quick,router,flat_router_decode,torch_flat_router,,bf16,1,256,4096,,8,0,84,,select,cudagraph,cuda_event_grouped_4,13.312,ok,,,,,4,20,torch_flat_router|B1|E256|D4096
router-quick,router,flat_router_decode,torch_flat_router,,bf16,1,256,4096,,8,0,85,,select,cudagraph,cuda_event_grouped_4,12.872,ok,,,,,4,20,torch_flat_router|B1|E256|D4096
router-quick,router,flat_router_decode,torch_flat_router,,bf16,1,256,4096,,8,0,86,,select,cudagraph,cuda_event_grouped_4,12.888,ok,,,,,4,20,torch_flat_router|B1|E256|D4096
router-quick,router,flat_router_decode,torch_flat_router,,bf16,1,256,4096,,8,0,87,,select,cudagraph,cuda_event_grouped_4,12.904,ok,,,,,4,20,torch_flat_router|B1|E256|D4096
router-quick,router,flat_router_decode,torch_flat_router,,bf16,1,256,4096,,8,0,88,,select,cudagraph,cuda_event_grouped_4,12.032,ok,,,,,4,20,torch_flat_router|B1|E256|D4096
router-quick,router,flat_router_decode,torch_flat_router,,bf16,1,256,4096,,8,0,89,,select,cudagraph,cuda_event_grouped_4,12.832,ok,,,,,4,20,torch_flat_router|B1|E256|D4096
router-quick,router,flat_router_decode,torch_flat_router,,bf16,1,256,4096,,8,0,90,,select,cudagraph,cuda_event_grouped_4,12.384,ok,,,,,4,20,torch_flat_router|B1|E256|D4096
router-quick,router,flat_router_decode,torch_flat_router,,bf16,1,256,4096,,8,0,91,,select,cudagraph,cuda_event_grouped_4,13.28,ok,,,,,4,20,torch_flat_router|B1|E256|D4096
router-quick,router,flat_router_decode,torch_flat_router,,bf16,1,256,4096,,8,0,92,,select,cudagraph,cuda_event_grouped_4,13.304,ok,,,,,4,20,torch_flat_router|B1|E256|D4096
router-quick,router,flat_router_decode,torch_flat_router,,bf16,1,256,4096,,8,0,93,,select,cudagraph,cuda_event_grouped_4,12.84,ok,,,,,4,20,torch_flat_router|B1|E256|D4096
router-quick,router,flat_router_decode,torch_flat_router,,bf16,1,256,4096,,8,0,94,,select,cudagraph,cuda_event_grouped_4,12.896,ok,,,,,4,20,torch_flat_router|B1|E256|D4096
router-quick,router,flat_router_decode,torch_flat_router,,bf16,1,256,4096,,8,0,95,,select,cudagraph,cuda_event_grouped_4,12.856,ok,,,,,4,20,torch_flat_router|B1|E256|D4096
router-quick,router,flat_router_decode,torch_flat_router,,bf16,1,256,4096,,8,0,96,,select,cudagraph,cuda_event_grouped_4,12.088,ok,,,,,4,20,torch_flat_router|B1|E256|D4096
router-quick,router,flat_router_decode,torch_flat_router,,bf16,1,256,4096,,8,0,97,,select,cudagraph,cuda_event_grouped_4,12.936,ok,,,,,4,20,torch_flat_router|B1|E256|D4096
router-quick,router,flat_router_decode,torch_flat_router,,bf16,1,256,4096,,8,0,98,,select,cudagraph,cuda_event_grouped_4,12.48,ok,,,,,4,20,torch_flat_router|B1|E256|D4096
router-quick,router,flat_router_decode,torch_flat_router,,bf16,1,256,4096,,8,0,99,,select,cudagraph,cuda_event_grouped_4,13.288,ok,,,,,4,20,torch_flat_router|B1|E256|D4096
router-quick,router,flat_router_decode,torch_flat_router,,bf16,1,256,4096,,8,0,0,,combined,cudagraph,cuda_event_grouped_3,19.712,ok,,,,,3,20,torch_flat_router|B1|E256|D4096
router-quick,router,flat_router_decode,torch_flat_router,,bf16,1,256,4096,,8,0,1,,combined,cudagraph,cuda_event_grouped_3,19.52,ok,,,,,3,20,torch_flat_router|B1|E256|D4096
router-quick,router,flat_router_decode,torch_flat_router,,bf16,1,256,4096,,8,0,2,,combined,cudagraph,cuda_event_grouped_3,19.2107,ok,,,,,3,20,torch_flat_router|B1|E256|D4096
router-quick,router,flat_router_decode,torch_flat_router,,bf16,1,256,4096,,8,0,3,,combined,cudagraph,cuda_event_grouped_3,19.392,ok,,,,,3,20,torch_flat_router|B1|E256|D4096
router-quick,router,flat_router_decode,torch_flat_router,,bf16,1,256,4096,,8,0,4,,combined,cudagraph,cuda_event_grouped_3,19.8187,ok,,,,,3,20,torch_flat_router|B1|E256|D4096
router-quick,router,flat_router_decode,torch_flat_router,,bf16,1,256,4096,,8,0,5,,combined,cudagraph,cuda_event_grouped_3,19.7973,ok,,,,,3,20,torch_flat_router|B1|E256|D4096
router-quick,router,flat_router_decode,torch_flat_router,,bf16,1,256,4096,,8,0,6,,combined,cudagraph,cuda_event_grouped_3,19.4027,ok,,,,,3,20,torch_flat_router|B1|E256|D4096
router-quick,router,flat_router_decode,torch_flat_router,,bf16,1,256,4096,,8,0,7,,combined,cudagraph,cuda_event_grouped_3,19.4453,ok,,,,,3,20,torch_flat_router|B1|E256|D4096
router-quick,router,flat_router_decode,torch_flat_router,,bf16,1,256,4096,,8,0,8,,combined,cudagraph,cuda_event_grouped_3,19.6267,ok,,,,,3,20,torch_flat_router|B1|E256|D4096
router-quick,router,flat_router_decode,torch_flat_router,,bf16,1,256,4096,,8,0,9,,combined,cudagraph,cuda_event_grouped_3,19.296,ok,,,,,3,20,torch_flat_router|B1|E256|D4096
router-quick,router,flat_router_decode,torch_flat_router,,bf16,1,256,4096,,8,0,10,,combined,cudagraph,cuda_event_grouped_3,19.3707,ok,,,,,3,20,torch_flat_router|B1|E256|D4096
router-quick,router,flat_router_decode,torch_flat_router,,bf16,1,256,4096,,8,0,11,,combined,cudagraph,cuda_event_grouped_3,19.7333,ok,,,,,3,20,torch_flat_router|B1|E256|D4096
router-quick,router,flat_router_decode,torch_flat_router,,bf16,1,256,4096,,8,0,12,,combined,cudagraph,cuda_event_grouped_3,18.9973,ok,,,,,3,20,torch_flat_router|B1|E256|D4096
router-quick,router,flat_router_decode,torch_flat_router,,bf16,1,256,4096,,8,0,13,,combined,cudagraph,cuda_event_grouped_3,18.848,ok,,,,,3,20,torch_flat_router|B1|E256|D4096
router-quick,router,flat_router_decode,torch_flat_router,,bf16,1,256,4096,,8,0,14,,combined,cudagraph,cuda_event_grouped_3,19.296,ok,,,,,3,20,torch_flat_router|B1|E256|D4096
router-quick,router,flat_router_decode,torch_flat_router,,bf16,1,256,4096,,8,0,15,,combined,cudagraph,cuda_event_grouped_3,19.5947,ok,,,,,3,20,torch_flat_router|B1|E256|D4096
router-quick,router,flat_router_decode,torch_flat_router,,bf16,1,256,4096,,8,0,16,,combined,cudagraph,cuda_event_grouped_3,18.8693,ok,,,,,3,20,torch_flat_router|B1|E256|D4096
router-quick,router,flat_router_decode,torch_flat_router,,bf16,1,256,4096,,8,0,17,,combined,cudagraph,cuda_event_grouped_3,20.2987,ok,,,,,3,20,torch_flat_router|B1|E256|D4096
router-quick,router,flat_router_decode,torch_flat_router,,bf16,1,256,4096,,8,0,18,,combined,cudagraph,cuda_event_grouped_3,19.8187,ok,,,,,3,20,torch_flat_router|B1|E256|D4096
router-quick,router,flat_router_decode,torch_flat_router,,bf16,1,256,4096,,8,0,19,,combined,cudagraph,cuda_event_grouped_3,19.9253,ok,,,,,3,20,torch_flat_router|B1|E256|D4096
router-quick,router,flat_router_decode,torch_flat_router,,bf16,1,256,4096,,8,0,20,,combined,cudagraph,cuda_event_grouped_3,19.872,ok,,,,,3,20,torch_flat_router|B1|E256|D4096
router-quick,router,flat_router_decode,torch_flat_router,,bf16,1,256,4096,,8,0,21,,combined,cudagraph,cuda_event_grouped_3,19.52,ok,,,,,3,20,torch_flat_router|B1|E256|D4096
router-quick,router,flat_router_decode,torch_flat_router,,bf16,1,256,4096,,8,0,22,,combined,cudagraph,cuda_event_grouped_3,19.9253,ok,,,,,3,20,torch_flat_router|B1|E256|D4096
router-quick,router,flat_router_decode,torch_flat_router,,bf16,1,256,4096,,8,0,23,,combined,cudagraph,cuda_event_grouped_3,19.6053,ok,,,,,3,20,torch_flat_router|B1|E256|D4096
router-quick,router,flat_router_decode,torch_flat_router,,bf16,1,256,4096,,8,0,24,,combined,cudagraph,cuda_event_grouped_3,19.9893,ok,,,,,3,20,torch_flat_router|B1|E256|D4096
router-quick,router,flat_router_decode,torch_flat_router,,bf16,1,256,4096,,8,0,25,,combined,cudagraph,cuda_event_grouped_3,19.456,ok,,,,,3,20,torch_flat_router|B1|E256|D4096
router-quick,router,flat_router_decode,torch_flat_router,,bf16,1,256,4096,,8,0,26,,combined,cudagraph,cuda_event_grouped_3,19.4453,ok,,,,,3,20,torch_flat_router|B1|E256|D4096
router-quick,router,flat_router_decode,torch_flat_router,,bf16,1,256,4096,,8,0,27,,combined,cudagraph,cuda_event_grouped_3,20.32,ok,,,,,3,20,torch_flat_router|B1|E256|D4096
router-quick,router,flat_router_decode,torch_flat_router,,bf16,1,256,4096,,8,0,28,,combined,cudagraph,cuda_event_grouped_3,20.2133,ok,,,,,3,20,torch_flat_router|B1|E256|D4096
router-quick,router,flat_router_decode,torch_flat_router,,bf16,1,256,4096,,8,0,29,,combined,cudagraph,cuda_event_grouped_3,19.6267,ok,,,,,3,20,torch_flat_router|B1|E256|D4096
router-quick,router,flat_router_decode,torch_flat_router,,bf16,1,256,4096,,8,0,30,,combined,cudagraph,cuda_event_grouped_3,19.7867,ok,,,,,3,20,torch_flat_router|B1|E256|D4096
router-quick,router,flat_router_decode,torch_flat_router,,bf16,1,256,4096,,8,0,31,,combined,cudagraph,cuda_event_grouped_3,19.9147,ok,,,,,3,20,torch_flat_router|B1|E256|D4096
router-quick,router,flat_router_decode,torch_flat_router,,bf16,1,256,4096,,8,0,32,,combined,cudagraph,cuda_event_grouped_3,19.4347,ok,,,,,3,20,torch_flat_router|B1|E256|D4096
router-quick,router,flat_router_decode,torch_flat_router,,bf16,1,256,4096,,8,0,33,,combined,cudagraph,cuda_event_grouped_3,19.9787,ok,,,,,3,20,torch_flat_router|B1|E256|D4096
router-quick,router,flat_router_decode,torch_flat_router,,bf16,1,256,4096,,8,0,34,,combined,cudagraph,cuda_event_grouped_3,18.816,ok,,,,,3,20,torch_flat_router|B1|E256|D4096
router-quick,router,flat_router_decode,torch_flat_router,,bf16,1,256,4096,,8,0,35,,combined,cudagraph,cuda_event_grouped_3,19.6053,ok,,,,,3,20,torch_flat_router|B1|E256|D4096
router-quick,router,flat_router_decode,torch_flat_router,,bf16,1,256,4096,,8,0,36,,combined,cudagraph,cuda_event_grouped_3,20.128,ok,,,,,3,20,torch_flat_router|B1|E256|D4096
router-quick,router,flat_router_decode,torch_flat_router,,bf16,1,256,4096,,8,0,37,,combined,cudagraph,cuda_event_grouped_3,19.328,ok,,,,,3,20,torch_flat_router|B1|E256|D4096
router-quick,router,flat_router_decode,torch_flat_router,,bf16,1,256,4096,,8,0,38,,combined,cudagraph,cuda_event_grouped_3,19.744,ok,,,,,3,20,torch_flat_router|B1|E256|D4096
router-quick,router,flat_router_decode,torch_flat_router,,bf16,1,256,4096,,8,0,39,,combined,cudagraph,cuda_event_grouped_3,20.192,ok,,,,,3,20,torch_flat_router|B1|E256|D4096
router-quick,router,flat_router_decode,torch_flat_router,,bf16,1,256,4096,,8,0,40,,combined,cudagraph,cuda_event_grouped_3,19.3493,ok,,,,,3,20,torch_flat_router|B1|E256|D4096
router-quick,router,flat_router_decode,torch_flat_router,,bf16,1,256,4096,,8,0,41,,combined,cudagraph,cuda_event_grouped_3,19.8827,ok,,,,,3,20,torch_flat_router|B1|E256|D4096
router-quick,router,flat_router_decode,torch_flat_router,,bf16,1,256,4096,,8,0,42,,combined,cudagraph,cuda_event_grouped_3,18.9547,ok,,,,,3,20,torch_flat_router|B1|E256|D4096
router-quick,router,flat_router_decode,torch_flat_router,,bf16,1,256,4096,,8,0,43,,combined,cudagraph,cuda_event_grouped_3,19.4987,ok,,,,,3,20,torch_flat_router|B1|E256|D4096
router-quick,router,flat_router_decode,torch_flat_router,,bf16,1,256,4096,,8,0,44,,combined,cudagraph,cuda_event_grouped_3,19.392,ok,,,,,3,20,torch_flat_router|B1|E256|D4096
router-quick,router,flat_router_decode,torch_flat_router,,bf16,1,256,4096,,8,0,45,,combined,cudagraph,cuda_event_grouped_3,19.8293,ok,,,,,3,20,torch_flat_router|B1|E256|D4096
router-quick,router,flat_router_decode,torch_flat_router,,bf16,1,256,4096,,8,0,46,,combined,cudagraph,cuda_event_grouped_3,20.0427,ok,,,,,3,20,torch_flat_router|B1|E256|D4096
router-quick,router,flat_router_decode,torch_flat_router,,bf16,1,256,4096,,8,0,47,,combined,cudagraph,cuda_event_grouped_3,19.776,ok,,,,,3,20,torch_flat_router|B1|E256|D4096
router-quick,router,flat_router_decode,torch_flat_router,,bf16,1,256,4096,,8,0,48,,combined,cudagraph,cuda_event_grouped_3,19.4773,ok,,,,,3,20,torch_flat_router|B1|E256|D4096
router-quick,router,flat_router_decode,torch_flat_router,,bf16,1,256,4096,,8,0,49,,combined,cudagraph,cuda_event_grouped_3,19.9467,ok,,,,,3,20,torch_flat_router|B1|E256|D4096
router-quick,router,flat_router_decode,torch_flat_router,,bf16,1,256,4096,,8,0,50,,combined,cudagraph,cuda_event_grouped_3,19.424,ok,,,,,3,20,torch_flat_router|B1|E256|D4096
router-quick,router,flat_router_decode,torch_flat_router,,bf16,1,256,4096,,8,0,51,,combined,cudagraph,cuda_event_grouped_3,19.872,ok,,,,,3,20,torch_flat_router|B1|E256|D4096
router-quick,router,flat_router_decode,torch_flat_router,,bf16,1,256,4096,,8,0,52,,combined,cudagraph,cuda_event_grouped_3,19.648,ok,,,,,3,20,torch_flat_router|B1|E256|D4096
router-quick,router,flat_router_decode,torch_flat_router,,bf16,1,256,4096,,8,0,53,,combined,cudagraph,cuda_event_grouped_3,19.6267,ok,,,,,3,20,torch_flat_router|B1|E256|D4096
router-quick,router,flat_router_decode,torch_flat_router,,bf16,1,256,4096,,8,0,54,,combined,cudagraph,cuda_event_grouped_3,19.936,ok,,,,,3,20,torch_flat_router|B1|E256|D4096
router-quick,router,flat_router_decode,torch_flat_router,,bf16,1,256,4096,,8,0,55,,combined,cudagraph,cuda_event_grouped_3,19.392,ok,,,,,3,20,torch_flat_router|B1|E256|D4096
router-quick,router,flat_router_decode,torch_flat_router,,bf16,1,256,4096,,8,0,56,,combined,cudagraph,cuda_event_grouped_3,20.128,ok,,,,,3,20,torch_flat_router|B1|E256|D4096
router-quick,router,flat_router_decode,torch_flat_router,,bf16,1,256,4096,,8,0,57,,combined,cudagraph,cuda_event_grouped_3,19.3707,ok,,,,,3,20,torch_flat_router|B1|E256|D4096
router-quick,router,flat_router_decode,torch_flat_router,,bf16,1,256,4096,,8,0,58,,combined,cudagraph,cuda_event_grouped_3,18.976,ok,,,,,3,20,torch_flat_router|B1|E256|D4096
router-quick,router,flat_router_decode,torch_flat_router,,bf16,1,256,4096,,8,0,59,,combined,cudagraph,cuda_event_grouped_3,19.7013,ok,,,,,3,20,torch_flat_router|B1|E256|D4096
router-quick,router,flat_router_decode,torch_flat_router,,bf16,1,256,4096,,8,0,60,,combined,cudagraph,cuda_event_grouped_3,19.84,ok,,,,,3,20,torch_flat_router|B1|E256|D4096
router-quick,router,flat_router_decode,torch_flat_router,,bf16,1,256,4096,,8,0,61,,combined,cudagraph,cuda_event_grouped_3,19.744,ok,,,,,3,20,torch_flat_router|B1|E256|D4096
router-quick,router,flat_router_decode,torch_flat_router,,bf16,1,256,4096,,8,0,62,,combined,cudagraph,cuda_event_grouped_3,19.7653,ok,,,,,3,20,torch_flat_router|B1|E256|D4096
router-quick,router,flat_router_decode,torch_flat_router,,bf16,1,256,4096,,8,0,63,,combined,cudagraph,cuda_event_grouped_3,19.232,ok,,,,,3,20,torch_flat_router|B1|E256|D4096
router-quick,router,flat_router_decode,torch_flat_router,,bf16,1,256,4096,,8,0,64,,combined,cudagraph,cuda_event_grouped_3,19.456,ok,,,,,3,20,torch_flat_router|B1|E256|D4096
router-quick,router,flat_router_decode,torch_flat_router,,bf16,1,256,4096,,8,0,65,,combined,cudagraph,cuda_event_grouped_3,19.3813,ok,,,,,3,20,torch_flat_router|B1|E256|D4096
router-quick,router,flat_router_decode,torch_flat_router,,bf16,1,256,4096,,8,0,66,,combined,cudagraph,cuda_event_grouped_3,19.4133,ok,,,,,3,20,torch_flat_router|B1|E256|D4096
router-quick,router,flat_router_decode,torch_flat_router,,bf16,1,256,4096,,8,0,67,,combined,cudagraph,cuda_event_grouped_3,18.9547,ok,,,,,3,20,torch_flat_router|B1|E256|D4096
router-quick,router,flat_router_decode,torch_flat_router,,bf16,1,256,4096,,8,0,68,,combined,cudagraph,cuda_event_grouped_3,19.424,ok,,,,,3,20,torch_flat_router|B1|E256|D4096
router-quick,router,flat_router_decode,torch_flat_router,,bf16,1,256,4096,,8,0,69,,combined,cudagraph,cuda_event_grouped_3,19.744,ok,,,,,3,20,torch_flat_router|B1|E256|D4096
router-quick,router,flat_router_decode,torch_flat_router,,bf16,1,256,4096,,8,0,70,,combined,cudagraph,cuda_event_grouped_3,19.4453,ok,,,,,3,20,torch_flat_router|B1|E256|D4096
router-quick,router,flat_router_decode,torch_flat_router,,bf16,1,256,4096,,8,0,71,,combined,cudagraph,cuda_event_grouped_3,19.8187,ok,,,,,3,20,torch_flat_router|B1|E256|D4096
router-quick,router,flat_router_decode,torch_flat_router,,bf16,1,256,4096,,8,0,72,,combined,cudagraph,cuda_event_grouped_3,19.4453,ok,,,,,3,20,torch_flat_router|B1|E256|D4096
router-quick,router,flat_router_decode,torch_flat_router,,bf16,1,256,4096,,8,0,73,,combined,cudagraph,cuda_event_grouped_3,19.8507,ok,,,,,3,20,torch_flat_router|B1|E256|D4096
router-quick,router,flat_router_decode,torch_flat_router,,bf16,1,256,4096,,8,0,74,,combined,cudagraph,cuda_event_grouped_3,19.4987,ok,,,,,3,20,torch_flat_router|B1|E256|D4096
router-quick,router,flat_router_decode,torch_flat_router,,bf16,1,256,4096,,8,0,75,,combined,cudagraph,cuda_event_grouped_3,19.3173,ok,,,,,3,20,torch_flat_router|B1|E256|D4096
router-quick,router,flat_router_decode,torch_flat_router,,bf16,1,256,4096,,8,0,76,,combined,cudagraph,cuda_event_grouped_3,19.8187,ok,,,,,3,20,torch_flat_router|B1|E256|D4096
router-quick,router,flat_router_decode,torch_flat_router,,bf16,1,256,4096,,8,0,77,,combined,cudagraph,cuda_event_grouped_3,19.6587,ok,,,,,3,20,torch_flat_router|B1|E256|D4096
router-quick,router,flat_router_decode,torch_flat_router,,bf16,1,256,4096,,8,0,78,,combined,cudagraph,cuda_event_grouped_3,19.3493,ok,,,,,3,20,torch_flat_router|B1|E256|D4096
router-quick,router,flat_router_decode,torch_flat_router,,bf16,1,256,4096,,8,0,79,,combined,cudagraph,cuda_event_grouped_3,18.8587,ok,,,,,3,20,torch_flat_router|B1|E256|D4096
router-quick,router,flat_router_decode,torch_flat_router,,bf16,1,256,4096,,8,0,80,,combined,cudagraph,cuda_event_grouped_3,19.4453,ok,,,,,3,20,torch_flat_router|B1|E256|D4096
router-quick,router,flat_router_decode,torch_flat_router,,bf16,1,256,4096,,8,0,81,,combined,cudagraph,cuda_event_grouped_3,18.9013,ok,,,,,3,20,torch_flat_router|B1|E256|D4096
router-quick,router,flat_router_decode,torch_flat_router,,bf16,1,256,4096,,8,0,82,,combined,cudagraph,cuda_event_grouped_3,19.7227,ok,,,,,3,20,torch_flat_router|B1|E256|D4096
router-quick,router,flat_router_decode,torch_flat_router,,bf16,1,256,4096,,8,0,83,,combined,cudagraph,cuda_event_grouped_3,19.4453,ok,,,,,3,20,torch_flat_router|B1|E256|D4096
router-quick,router,flat_router_decode,torch_flat_router,,bf16,1,256,4096,,8,0,84,,combined,cudagraph,cuda_event_grouped_3,19.648,ok,,,,,3,20,torch_flat_router|B1|E256|D4096
router-quick,router,flat_router_decode,torch_flat_router,,bf16,1,256,4096,,8,0,85,,combined,cudagraph,cuda_event_grouped_3,19.6587,ok,,,,,3,20,torch_flat_router|B1|E256|D4096
router-quick,router,flat_router_decode,torch_flat_router,,bf16,1,256,4096,,8,0,86,,combined,cudagraph,cuda_event_grouped_3,20.2027,ok,,,,,3,20,torch_flat_router|B1|E256|D4096
router-quick,router,flat_router_decode,torch_flat_router,,bf16,1,256,4096,,8,0,87,,combined,cudagraph,cuda_event_grouped_3,19.2853,ok,,,,,3,20,torch_flat_router|B1|E256|D4096
router-quick,router,flat_router_decode,torch_flat_router,,bf16,1,256,4096,,8,0,88,,combined,cudagraph,cuda_event_grouped_3,20.1387,ok,,,,,3,20,torch_flat_router|B1|E256|D4096
router-quick,router,flat_router_decode,torch_flat_router,,bf16,1,256,4096,,8,0,89,,combined,cudagraph,cuda_event_grouped_3,19.3813,ok,,,,,3,20,torch_flat_router|B1|E256|D4096
router-quick,router,flat_router_decode,torch_flat_router,,bf16,1,256,4096,,8,0,90,,combined,cudagraph,cuda_event_grouped_3,19.4987,ok,,,,,3,20,torch_flat_router|B1|E256|D4096
router-quick,router,flat_router_decode,torch_flat_router,,bf16,1,256,4096,,8,0,91,,combined,cudagraph,cuda_event_grouped_3,20.1813,ok,,,,,3,20,torch_flat_router|B1|E256|D4096
router-quick,router,flat_router_decode,torch_flat_router,,bf16,1,256,4096,,8,0,92,,combined,cudagraph,cuda_event_grouped_3,19.3813,ok,,,,,3,20,torch_flat_router|B1|E256|D4096
router-quick,router,flat_router_decode,torch_flat_router,,bf16,1,256,4096,,8,0,93,,combined,cudagraph,cuda_event_grouped_3,19.968,ok,,,,,3,20,torch_flat_router|B1|E256|D4096
router-quick,router,flat_router_decode,torch_flat_router,,bf16,1,256,4096,,8,0,94,,combined,cudagraph,cuda_event_grouped_3,20.16,ok,,,,,3,20,torch_flat_router|B1|E256|D4096
router-quick,router,flat_router_decode,torch_flat_router,,bf16,1,256,4096,,8,0,95,,combined,cudagraph,cuda_event_grouped_3,19.744,ok,,,,,3,20,torch_flat_router|B1|E256|D4096
router-quick,router,flat_router_decode,torch_flat_router,,bf16,1,256,4096,,8,0,96,,combined,cudagraph,cuda_event_grouped_3,19.4667,ok,,,,,3,20,torch_flat_router|B1|E256|D4096
router-quick,router,flat_router_decode,torch_flat_router,,bf16,1,256,4096,,8,0,97,,combined,cudagraph,cuda_event_grouped_3,19.424,ok,,,,,3,20,torch_flat_router|B1|E256|D4096
router-quick,router,flat_router_decode,torch_flat_router,,bf16,1,256,4096,,8,0,98,,combined,cudagraph,cuda_event_grouped_3,20,ok,,,,,3,20,torch_flat_router|B1|E256|D4096
router-quick,router,flat_router_decode,torch_flat_router,,bf16,1,256,4096,,8,0,99,,combined,cudagraph,cuda_event_grouped_3,19.9787,ok,,,,,3,20,torch_flat_router|B1|E256|D4096
router-quick,router,flat_router_decode,torch_flat_router,,bf16,1,4096,4096,,8,0,0,,score,eager,cuda_event_grouped_4,13.96,ok,,,,,4,20,torch_flat_router|B1|E4096|D4096
router-quick,router,flat_router_decode,torch_flat_router,,bf16,1,4096,4096,,8,0,1,,score,eager,cuda_event_grouped_4,13.688,ok,,,,,4,20,torch_flat_router|B1|E4096|D4096
router-quick,router,flat_router_decode,torch_flat_router,,bf16,1,4096,4096,,8,0,2,,score,eager,cuda_event_grouped_4,13.632,ok,,,,,4,20,torch_flat_router|B1|E4096|D4096
router-quick,router,flat_router_decode,torch_flat_router,,bf16,1,4096,4096,,8,0,3,,score,eager,cuda_event_grouped_4,13.6,ok,,,,,4,20,torch_flat_router|B1|E4096|D4096
router-quick,router,flat_router_decode,torch_flat_router,,bf16,1,4096,4096,,8,0,4,,score,eager,cuda_event_grouped_4,13.584,ok,,,,,4,20,torch_flat_router|B1|E4096|D4096
router-quick,router,flat_router_decode,torch_flat_router,,bf16,1,4096,4096,,8,0,5,,score,eager,cuda_event_grouped_4,13.544,ok,,,,,4,20,torch_flat_router|B1|E4096|D4096
router-quick,router,flat_router_decode,torch_flat_router,,bf16,1,4096,4096,,8,0,6,,score,eager,cuda_event_grouped_4,13.56,ok,,,,,4,20,torch_flat_router|B1|E4096|D4096
router-quick,router,flat_router_decode,torch_flat_router,,bf16,1,4096,4096,,8,0,7,,score,eager,cuda_event_grouped_4,13.616,ok,,,,,4,20,torch_flat_router|B1|E4096|D4096
router-quick,router,flat_router_decode,torch_flat_router,,bf16,1,4096,4096,,8,0,8,,score,eager,cuda_event_grouped_4,13.64,ok,,,,,4,20,torch_flat_router|B1|E4096|D4096
router-quick,router,flat_router_decode,torch_flat_router,,bf16,1,4096,4096,,8,0,9,,score,eager,cuda_event_grouped_4,13.576,ok,,,,,4,20,torch_flat_router|B1|E4096|D4096
router-quick,router,flat_router_decode,torch_flat_router,,bf16,1,4096,4096,,8,0,10,,score,eager,cuda_event_grouped_4,13.48,ok,,,,,4,20,torch_flat_router|B1|E4096|D4096
router-quick,router,flat_router_decode,torch_flat_router,,bf16,1,4096,4096,,8,0,11,,score,eager,cuda_event_grouped_4,14.232,ok,,,,,4,20,torch_flat_router|B1|E4096|D4096
router-quick,router,flat_router_decode,torch_flat_router,,bf16,1,4096,4096,,8,0,12,,score,eager,cuda_event_grouped_4,13.632,ok,,,,,4,20,torch_flat_router|B1|E4096|D4096
router-quick,router,flat_router_decode,torch_flat_router,,bf16,1,4096,4096,,8,0,13,,score,eager,cuda_event_grouped_4,13.584,ok,,,,,4,20,torch_flat_router|B1|E4096|D4096
router-quick,router,flat_router_decode,torch_flat_router,,bf16,1,4096,4096,,8,0,14,,score,eager,cuda_event_grouped_4,13.528,ok,,,,,4,20,torch_flat_router|B1|E4096|D4096
router-quick,router,flat_router_decode,torch_flat_router,,bf16,1,4096,4096,,8,0,15,,score,eager,cuda_event_grouped_4,13.568,ok,,,,,4,20,torch_flat_router|B1|E4096|D4096
router-quick,router,flat_router_decode,torch_flat_router,,bf16,1,4096,4096,,8,0,16,,score,eager,cuda_event_grouped_4,13.616,ok,,,,,4,20,torch_flat_router|B1|E4096|D4096
router-quick,router,flat_router_decode,torch_flat_router,,bf16,1,4096,4096,,8,0,17,,score,eager,cuda_event_grouped_4,13.584,ok,,,,,4,20,torch_flat_router|B1|E4096|D4096
router-quick,router,flat_router_decode,torch_flat_router,,bf16,1,4096,4096,,8,0,18,,score,eager,cuda_event_grouped_4,13.504,ok,,,,,4,20,torch_flat_router|B1|E4096|D4096
router-quick,router,flat_router_decode,torch_flat_router,,bf16,1,4096,4096,,8,0,19,,score,eager,cuda_event_grouped_4,13.6,ok,,,,,4,20,torch_flat_router|B1|E4096|D4096
router-quick,router,flat_router_decode,torch_flat_router,,bf16,1,4096,4096,,8,0,20,,score,eager,cuda_event_grouped_4,13.552,ok,,,,,4,20,torch_flat_router|B1|E4096|D4096
router-quick,router,flat_router_decode,torch_flat_router,,bf16,1,4096,4096,,8,0,21,,score,eager,cuda_event_grouped_4,13.528,ok,,,,,4,20,torch_flat_router|B1|E4096|D4096
router-quick,router,flat_router_decode,torch_flat_router,,bf16,1,4096,4096,,8,0,22,,score,eager,cuda_event_grouped_4,13.464,ok,,,,,4,20,torch_flat_router|B1|E4096|D4096
router-quick,router,flat_router_decode,torch_flat_router,,bf16,1,4096,4096,,8,0,23,,score,eager,cuda_event_grouped_4,13.52,ok,,,,,4,20,torch_flat_router|B1|E4096|D4096
router-quick,router,flat_router_decode,torch_flat_router,,bf16,1,4096,4096,,8,0,24,,score,eager,cuda_event_grouped_4,13.632,ok,,,,,4,20,torch_flat_router|B1|E4096|D4096
router-quick,router,flat_router_decode,torch_flat_router,,bf16,1,4096,4096,,8,0,25,,score,eager,cuda_event_grouped_4,13.512,ok,,,,,4,20,torch_flat_router|B1|E4096|D4096
router-quick,router,flat_router_decode,torch_flat_router,,bf16,1,4096,4096,,8,0,26,,score,eager,cuda_event_grouped_4,13.504,ok,,,,,4,20,torch_flat_router|B1|E4096|D4096
router-quick,router,flat_router_decode,torch_flat_router,,bf16,1,4096,4096,,8,0,27,,score,eager,cuda_event_grouped_4,13.528,ok,,,,,4,20,torch_flat_router|B1|E4096|D4096
router-quick,router,flat_router_decode,torch_flat_router,,bf16,1,4096,4096,,8,0,28,,score,eager,cuda_event_grouped_4,13.616,ok,,,,,4,20,torch_flat_router|B1|E4096|D4096
router-quick,router,flat_router_decode,torch_flat_router,,bf16,1,4096,4096,,8,0,29,,score,eager,cuda_event_grouped_4,13.432,ok,,,,,4,20,torch_flat_router|B1|E4096|D4096
router-quick,router,flat_router_decode,torch_flat_router,,bf16,1,4096,4096,,8,0,30,,score,eager,cuda_event_grouped_4,13.52,ok,,,,,4,20,torch_flat_router|B1|E4096|D4096
router-quick,router,flat_router_decode,torch_flat_router,,bf16,1,4096,4096,,8,0,31,,score,eager,cuda_event_grouped_4,13.544,ok,,,,,4,20,torch_flat_router|B1|E4096|D4096
router-quick,router,flat_router_decode,torch_flat_router,,bf16,1,4096,4096,,8,0,32,,score,eager,cuda_event_grouped_4,13.672,ok,,,,,4,20,torch_flat_router|B1|E4096|D4096
router-quick,router,flat_router_decode,torch_flat_router,,bf16,1,4096,4096,,8,0,33,,score,eager,cuda_event_grouped_4,13.584,ok,,,,,4,20,torch_flat_router|B1|E4096|D4096
router-quick,router,flat_router_decode,torch_flat_router,,bf16,1,4096,4096,,8,0,34,,score,eager,cuda_event_grouped_4,13.528,ok,,,,,4,20,torch_flat_router|B1|E4096|D4096
router-quick,router,flat_router_decode,torch_flat_router,,bf16,1,4096,4096,,8,0,35,,score,eager,cuda_event_grouped_4,13.56,ok,,,,,4,20,torch_flat_router|B1|E4096|D4096
router-quick,router,flat_router_decode,torch_flat_router,,bf16,1,4096,4096,,8,0,36,,score,eager,cuda_event_grouped_4,13.6,ok,,,,,4,20,torch_flat_router|B1|E4096|D4096
router-quick,router,flat_router_decode,torch_flat_router,,bf16,1,4096,4096,,8,0,37,,score,eager,cuda_event_grouped_4,13.592,ok,,,,,4,20,torch_flat_router|B1|E4096|D4096
router-quick,router,flat_router_decode,torch_flat_router,,bf16,1,4096,4096,,8,0,38,,score,eager,cuda_event_grouped_4,13.504,ok,,,,,4,20,torch_flat_router|B1|E4096|D4096
router-quick,router,flat_router_decode,torch_flat_router,,bf16,1,4096,4096,,8,0,39,,score,eager,cuda_event_grouped_4,13.544,ok,,,,,4,20,torch_flat_router|B1|E4096|D4096
router-quick,router,flat_router_decode,torch_flat_router,,bf16,1,4096,4096,,8,0,40,,score,eager,cuda_event_grouped_4,13.608,ok,,,,,4,20,torch_flat_router|B1|E4096|D4096
router-quick,router,flat_router_decode,torch_flat_router,,bf16,1,4096,4096,,8,0,41,,score,eager,cuda_event_grouped_4,13.672,ok,,,,,4,20,torch_flat_router|B1|E4096|D4096
router-quick,router,flat_router_decode,torch_flat_router,,bf16,1,4096,4096,,8,0,42,,score,eager,cuda_event_grouped_4,13.56,ok,,,,,4,20,torch_flat_router|B1|E4096|D4096
router-quick,router,flat_router_decode,torch_flat_router,,bf16,1,4096,4096,,8,0,43,,score,eager,cuda_event_grouped_4,13.536,ok,,,,,4,20,torch_flat_router|B1|E4096|D4096
router-quick,router,flat_router_decode,torch_flat_router,,bf16,1,4096,4096,,8,0,44,,score,eager,cuda_event_grouped_4,13.712,ok,,,,,4,20,torch_flat_router|B1|E4096|D4096
router-quick,router,flat_router_decode,torch_flat_router,,bf16,1,4096,4096,,8,0,45,,score,eager,cuda_event_grouped_4,13.728,ok,,,,,4,20,torch_flat_router|B1|E4096|D4096
router-quick,router,flat_router_decode,torch_flat_router,,bf16,1,4096,4096,,8,0,46,,score,eager,cuda_event_grouped_4,13.392,ok,,,,,4,20,torch_flat_router|B1|E4096|D4096
router-quick,router,flat_router_decode,torch_flat_router,,bf16,1,4096,4096,,8,0,47,,score,eager,cuda_event_grouped_4,13.624,ok,,,,,4,20,torch_flat_router|B1|E4096|D4096
router-quick,router,flat_router_decode,torch_flat_router,,bf16,1,4096,4096,,8,0,48,,score,eager,cuda_event_grouped_4,13.624,ok,,,,,4,20,torch_flat_router|B1|E4096|D4096
router-quick,router,flat_router_decode,torch_flat_router,,bf16,1,4096,4096,,8,0,49,,score,eager,cuda_event_grouped_4,13.608,ok,,,,,4,20,torch_flat_router|B1|E4096|D4096
router-quick,router,flat_router_decode,torch_flat_router,,bf16,1,4096,4096,,8,0,50,,score,eager,cuda_event_grouped_4,13.576,ok,,,,,4,20,torch_flat_router|B1|E4096|D4096
router-quick,router,flat_router_decode,torch_flat_router,,bf16,1,4096,4096,,8,0,51,,score,eager,cuda_event_grouped_4,13.568,ok,,,,,4,20,torch_flat_router|B1|E4096|D4096
router-quick,router,flat_router_decode,torch_flat_router,,bf16,1,4096,4096,,8,0,52,,score,eager,cuda_event_grouped_4,13.632,ok,,,,,4,20,torch_flat_router|B1|E4096|D4096
router-quick,router,flat_router_decode,torch_flat_router,,bf16,1,4096,4096,,8,0,53,,score,eager,cuda_event_grouped_4,13.544,ok,,,,,4,20,torch_flat_router|B1|E4096|D4096
router-quick,router,flat_router_decode,torch_flat_router,,bf16,1,4096,4096,,8,0,54,,score,eager,cuda_event_grouped_4,13.472,ok,,,,,4,20,torch_flat_router|B1|E4096|D4096
router-quick,router,flat_router_decode,torch_flat_router,,bf16,1,4096,4096,,8,0,55,,score,eager,cuda_event_grouped_4,13.576,ok,,,,,4,20,torch_flat_router|B1|E4096|D4096
router-quick,router,flat_router_decode,torch_flat_router,,bf16,1,4096,4096,,8,0,56,,score,eager,cuda_event_grouped_4,13.68,ok,,,,,4,20,torch_flat_router|B1|E4096|D4096
router-quick,router,flat_router_decode,torch_flat_router,,bf16,1,4096,4096,,8,0,57,,score,eager,cuda_event_grouped_4,13.688,ok,,,,,4,20,torch_flat_router|B1|E4096|D4096
router-quick,router,flat_router_decode,torch_flat_router,,bf16,1,4096,4096,,8,0,58,,score,eager,cuda_event_grouped_4,13.448,ok,,,,,4,20,torch_flat_router|B1|E4096|D4096
router-quick,router,flat_router_decode,torch_flat_router,,bf16,1,4096,4096,,8,0,59,,score,eager,cuda_event_grouped_4,13.56,ok,,,,,4,20,torch_flat_router|B1|E4096|D4096
router-quick,router,flat_router_decode,torch_flat_router,,bf16,1,4096,4096,,8,0,60,,score,eager,cuda_event_grouped_4,13.736,ok,,,,,4,20,torch_flat_router|B1|E4096|D4096
router-quick,router,flat_router_decode,torch_flat_router,,bf16,1,4096,4096,,8,0,61,,score,eager,cuda_event_grouped_4,13.552,ok,,,,,4,20,torch_flat_router|B1|E4096|D4096
router-quick,router,flat_router_decode,torch_flat_router,,bf16,1,4096,4096,,8,0,62,,score,eager,cuda_event_grouped_4,13.456,ok,,,,,4,20,torch_flat_router|B1|E4096|D4096
router-quick,router,flat_router_decode,torch_flat_router,,bf16,1,4096,4096,,8,0,63,,score,eager,cuda_event_grouped_4,13.64,ok,,,,,4,20,torch_flat_router|B1|E4096|D4096
router-quick,router,flat_router_decode,torch_flat_router,,bf16,1,4096,4096,,8,0,64,,score,eager,cuda_event_grouped_4,13.664,ok,,,,,4,20,torch_flat_router|B1|E4096|D4096
router-quick,router,flat_router_decode,torch_flat_router,,bf16,1,4096,4096,,8,0,65,,score,eager,cuda_event_grouped_4,13.576,ok,,,,,4,20,torch_flat_router|B1|E4096|D4096
router-quick,router,flat_router_decode,torch_flat_router,,bf16,1,4096,4096,,8,0,66,,score,eager,cuda_event_grouped_4,13.64,ok,,,,,4,20,torch_flat_router|B1|E4096|D4096
router-quick,router,flat_router_decode,torch_flat_router,,bf16,1,4096,4096,,8,0,67,,score,eager,cuda_event_grouped_4,13.552,ok,,,,,4,20,torch_flat_router|B1|E4096|D4096
router-quick,router,flat_router_decode,torch_flat_router,,bf16,1,4096,4096,,8,0,68,,score,eager,cuda_event_grouped_4,13.536,ok,,,,,4,20,torch_flat_router|B1|E4096|D4096
router-quick,router,flat_router_decode,torch_flat_router,,bf16,1,4096,4096,,8,0,69,,score,eager,cuda_event_grouped_4,13.528,ok,,,,,4,20,torch_flat_router|B1|E4096|D4096
router-quick,router,flat_router_decode,torch_flat_router,,bf16,1,4096,4096,,8,0,70,,score,eager,cuda_event_grouped_4,13.552,ok,,,,,4,20,torch_flat_router|B1|E4096|D4096
router-quick,router,flat_router_decode,torch_flat_router,,bf16,1,4096,4096,,8,0,71,,score,eager,cuda_event_grouped_4,13.608,ok,,,,,4,20,torch_flat_router|B1|E4096|D4096
router-quick,router,flat_router_decode,torch_flat_router,,bf16,1,4096,4096,,8,0,72,,score,eager,cuda_event_grouped_4,13.712,ok,,,,,4,20,torch_flat_router|B1|E4096|D4096
router-quick,router,flat_router_decode,torch_flat_router,,bf16,1,4096,4096,,8,0,73,,score,eager,cuda_event_grouped_4,13.648,ok,,,,,4,20,torch_flat_router|B1|E4096|D4096
router-quick,router,flat_router_decode,torch_flat_router,,bf16,1,4096,4096,,8,0,74,,score,eager,cuda_event_grouped_4,13.576,ok,,,,,4,20,torch_flat_router|B1|E4096|D4096
router-quick,router,flat_router_decode,torch_flat_router,,bf16,1,4096,4096,,8,0,75,,score,eager,cuda_event_grouped_4,13.568,ok,,,,,4,20,torch_flat_router|B1|E4096|D4096
router-quick,router,flat_router_decode,torch_flat_router,,bf16,1,4096,4096,,8,0,76,,score,eager,cuda_event_grouped_4,13.616,ok,,,,,4,20,torch_flat_router|B1|E4096|D4096
router-quick,router,flat_router_decode,torch_flat_router,,bf16,1,4096,4096,,8,0,77,,score,eager,cuda_event_grouped_4,13.536,ok,,,,,4,20,torch_flat_router|B1|E4096|D4096
router-quick,router,flat_router_decode,torch_flat_router,,bf16,1,4096,4096,,8,0,78,,score,eager,cuda_event_grouped_4,13.52,ok,,,,,4,20,torch_flat_router|B1|E4096|D4096
router-quick,router,flat_router_decode,torch_flat_router,,bf16,1,4096,4096,,8,0,79,,score,eager,cuda_event_grouped_4,13.488,ok,,,,,4,20,torch_flat_router|B1|E4096|D4096
router-quick,router,flat_router_decode,torch_flat_router,,bf16,1,4096,4096,,8,0,80,,score,eager,cuda_event_grouped_4,13.568,ok,,,,,4,20,torch_flat_router|B1|E4096|D4096
router-quick,router,flat_router_decode,torch_flat_router,,bf16,1,4096,4096,,8,0,81,,score,eager,cuda_event_grouped_4,13.568,ok,,,,,4,20,torch_flat_router|B1|E4096|D4096
router-quick,router,flat_router_decode,torch_flat_router,,bf16,1,4096,4096,,8,0,82,,score,eager,cuda_event_grouped_4,13.488,ok,,,,,4,20,torch_flat_router|B1|E4096|D4096
router-quick,router,flat_router_decode,torch_flat_router,,bf16,1,4096,4096,,8,0,83,,score,eager,cuda_event_grouped_4,13.656,ok,,,,,4,20,torch_flat_router|B1|E4096|D4096
router-quick,router,flat_router_decode,torch_flat_router,,bf16,1,4096,4096,,8,0,84,,score,eager,cuda_event_grouped_4,13.648,ok,,,,,4,20,torch_flat_router|B1|E4096|D4096
router-quick,router,flat_router_decode,torch_flat_router,,bf16,1,4096,4096,,8,0,85,,score,eager,cuda_event_grouped_4,13.56,ok,,,,,4,20,torch_flat_router|B1|E4096|D4096
router-quick,router,flat_router_decode,torch_flat_router,,bf16,1,4096,4096,,8,0,86,,score,eager,cuda_event_grouped_4,13.56,ok,,,,,4,20,torch_flat_router|B1|E4096|D4096
router-quick,router,flat_router_decode,torch_flat_router,,bf16,1,4096,4096,,8,0,87,,score,eager,cuda_event_grouped_4,15.824,ok,,,,,4,20,torch_flat_router|B1|E4096|D4096
router-quick,router,flat_router_decode,torch_flat_router,,bf16,1,4096,4096,,8,0,88,,score,eager,cuda_event_grouped_4,13.576,ok,,,,,4,20,torch_flat_router|B1|E4096|D4096
router-quick,router,flat_router_decode,torch_flat_router,,bf16,1,4096,4096,,8,0,89,,score,eager,cuda_event_grouped_4,13.52,ok,,,,,4,20,torch_flat_router|B1|E4096|D4096
router-quick,router,flat_router_decode,torch_flat_router,,bf16,1,4096,4096,,8,0,90,,score,eager,cuda_event_grouped_4,13.488,ok,,,,,4,20,torch_flat_router|B1|E4096|D4096
router-quick,router,flat_router_decode,torch_flat_router,,bf16,1,4096,4096,,8,0,91,,score,eager,cuda_event_grouped_4,13.608,ok,,,,,4,20,torch_flat_router|B1|E4096|D4096
router-quick,router,flat_router_decode,torch_flat_router,,bf16,1,4096,4096,,8,0,92,,score,eager,cuda_event_grouped_4,13.688,ok,,,,,4,20,torch_flat_router|B1|E4096|D4096
router-quick,router,flat_router_decode,torch_flat_router,,bf16,1,4096,4096,,8,0,93,,score,eager,cuda_event_grouped_4,13.536,ok,,,,,4,20,torch_flat_router|B1|E4096|D4096
router-quick,router,flat_router_decode,torch_flat_router,,bf16,1,4096,4096,,8,0,94,,score,eager,cuda_event_grouped_4,13.464,ok,,,,,4,20,torch_flat_router|B1|E4096|D4096
router-quick,router,flat_router_decode,torch_flat_router,,bf16,1,4096,4096,,8,0,95,,score,eager,cuda_event_grouped_4,13.584,ok,,,,,4,20,torch_flat_router|B1|E4096|D4096
router-quick,router,flat_router_decode,torch_flat_router,,bf16,1,4096,4096,,8,0,96,,score,eager,cuda_event_grouped_4,13.624,ok,,,,,4,20,torch_flat_router|B1|E4096|D4096
router-quick,router,flat_router_decode,torch_flat_router,,bf16,1,4096,4096,,8,0,97,,score,eager,cuda_event_grouped_4,13.648,ok,,,,,4,20,torch_flat_router|B1|E4096|D4096
router-quick,router,flat_router_decode,torch_flat_router,,bf16,1,4096,4096,,8,0,98,,score,eager,cuda_event_grouped_4,13.472,ok,,,,,4,20,torch_flat_router|B1|E4096|D4096
router-quick,router,flat_router_decode,torch_flat_router,,bf16,1,4096,4096,,8,0,99,,score,eager,cuda_event_grouped_4,13.576,ok,,,,,4,20,torch_flat_router|B1|E4096|D4096
router-quick,router,flat_router_decode,torch_flat_router,,bf16,1,4096,4096,,8,0,0,,select,eager,cuda_event_grouped_2,32.4,ok,,,,,2,20,torch_flat_router|B1|E4096|D4096
router-quick,router,flat_router_decode,torch_flat_router,,bf16,1,4096,4096,,8,0,1,,select,eager,cuda_event_grouped_2,31.408,ok,,,,,2,20,torch_flat_router|B1|E4096|D4096
router-quick,router,flat_router_decode,torch_flat_router,,bf16,1,4096,4096,,8,0,2,,select,eager,cuda_event_grouped_2,32.16,ok,,,,,2,20,torch_flat_router|B1|E4096|D4096
router-quick,router,flat_router_decode,torch_flat_router,,bf16,1,4096,4096,,8,0,3,,select,eager,cuda_event_grouped_2,30.688,ok,,,,,2,20,torch_flat_router|B1|E4096|D4096
router-quick,router,flat_router_decode,torch_flat_router,,bf16,1,4096,4096,,8,0,4,,select,eager,cuda_event_grouped_2,30.032,ok,,,,,2,20,torch_flat_router|B1|E4096|D4096
router-quick,router,flat_router_decode,torch_flat_router,,bf16,1,4096,4096,,8,0,5,,select,eager,cuda_event_grouped_2,30.288,ok,,,,,2,20,torch_flat_router|B1|E4096|D4096
router-quick,router,flat_router_decode,torch_flat_router,,bf16,1,4096,4096,,8,0,6,,select,eager,cuda_event_grouped_2,31.728,ok,,,,,2,20,torch_flat_router|B1|E4096|D4096
router-quick,router,flat_router_decode,torch_flat_router,,bf16,1,4096,4096,,8,0,7,,select,eager,cuda_event_grouped_2,31.008,ok,,,,,2,20,torch_flat_router|B1|E4096|D4096
router-quick,router,flat_router_decode,torch_flat_router,,bf16,1,4096,4096,,8,0,8,,select,eager,cuda_event_grouped_2,31.888,ok,,,,,2,20,torch_flat_router|B1|E4096|D4096
router-quick,router,flat_router_decode,torch_flat_router,,bf16,1,4096,4096,,8,0,9,,select,eager,cuda_event_grouped_2,31.024,ok,,,,,2,20,torch_flat_router|B1|E4096|D4096
router-quick,router,flat_router_decode,torch_flat_router,,bf16,1,4096,4096,,8,0,10,,select,eager,cuda_event_grouped_2,31.872,ok,,,,,2,20,torch_flat_router|B1|E4096|D4096
router-quick,router,flat_router_decode,torch_flat_router,,bf16,1,4096,4096,,8,0,11,,select,eager,cuda_event_grouped_2,30.704,ok,,,,,2,20,torch_flat_router|B1|E4096|D4096
router-quick,router,flat_router_decode,torch_flat_router,,bf16,1,4096,4096,,8,0,12,,select,eager,cuda_event_grouped_2,30.176,ok,,,,,2,20,torch_flat_router|B1|E4096|D4096
router-quick,router,flat_router_decode,torch_flat_router,,bf16,1,4096,4096,,8,0,13,,select,eager,cuda_event_grouped_2,30.256,ok,,,,,2,20,torch_flat_router|B1|E4096|D4096
router-quick,router,flat_router_decode,torch_flat_router,,bf16,1,4096,4096,,8,0,14,,select,eager,cuda_event_grouped_2,31.872,ok,,,,,2,20,torch_flat_router|B1|E4096|D4096
router-quick,router,flat_router_decode,torch_flat_router,,bf16,1,4096,4096,,8,0,15,,select,eager,cuda_event_grouped_2,31.024,ok,,,,,2,20,torch_flat_router|B1|E4096|D4096
router-quick,router,flat_router_decode,torch_flat_router,,bf16,1,4096,4096,,8,0,16,,select,eager,cuda_event_grouped_2,31.792,ok,,,,,2,20,torch_flat_router|B1|E4096|D4096
router-quick,router,flat_router_decode,torch_flat_router,,bf16,1,4096,4096,,8,0,17,,select,eager,cuda_event_grouped_2,30.912,ok,,,,,2,20,torch_flat_router|B1|E4096|D4096
router-quick,router,flat_router_decode,torch_flat_router,,bf16,1,4096,4096,,8,0,18,,select,eager,cuda_event_grouped_2,31.936,ok,,,,,2,20,torch_flat_router|B1|E4096|D4096
router-quick,router,flat_router_decode,torch_flat_router,,bf16,1,4096,4096,,8,0,19,,select,eager,cuda_event_grouped_2,30.672,ok,,,,,2,20,torch_flat_router|B1|E4096|D4096
router-quick,router,flat_router_decode,torch_flat_router,,bf16,1,4096,4096,,8,0,20,,select,eager,cuda_event_grouped_2,30.144,ok,,,,,2,20,torch_flat_router|B1|E4096|D4096
router-quick,router,flat_router_decode,torch_flat_router,,bf16,1,4096,4096,,8,0,21,,select,eager,cuda_event_grouped_2,30.288,ok,,,,,2,20,torch_flat_router|B1|E4096|D4096
router-quick,router,flat_router_decode,torch_flat_router,,bf16,1,4096,4096,,8,0,22,,select,eager,cuda_event_grouped_2,31.888,ok,,,,,2,20,torch_flat_router|B1|E4096|D4096
router-quick,router,flat_router_decode,torch_flat_router,,bf16,1,4096,4096,,8,0,23,,select,eager,cuda_event_grouped_2,30.8,ok,,,,,2,20,torch_flat_router|B1|E4096|D4096
router-quick,router,flat_router_decode,torch_flat_router,,bf16,1,4096,4096,,8,0,24,,select,eager,cuda_event_grouped_2,31.632,ok,,,,,2,20,torch_flat_router|B1|E4096|D4096
router-quick,router,flat_router_decode,torch_flat_router,,bf16,1,4096,4096,,8,0,25,,select,eager,cuda_event_grouped_2,31.04,ok,,,,,2,20,torch_flat_router|B1|E4096|D4096
router-quick,router,flat_router_decode,torch_flat_router,,bf16,1,4096,4096,,8,0,26,,select,eager,cuda_event_grouped_2,31.984,ok,,,,,2,20,torch_flat_router|B1|E4096|D4096
router-quick,router,flat_router_decode,torch_flat_router,,bf16,1,4096,4096,,8,0,27,,select,eager,cuda_event_grouped_2,30.624,ok,,,,,2,20,torch_flat_router|B1|E4096|D4096
router-quick,router,flat_router_decode,torch_flat_router,,bf16,1,4096,4096,,8,0,28,,select,eager,cuda_event_grouped_2,30.08,ok,,,,,2,20,torch_flat_router|B1|E4096|D4096
router-quick,router,flat_router_decode,torch_flat_router,,bf16,1,4096,4096,,8,0,29,,select,eager,cuda_event_grouped_2,30.112,ok,,,,,2,20,torch_flat_router|B1|E4096|D4096
router-quick,router,flat_router_decode,torch_flat_router,,bf16,1,4096,4096,,8,0,30,,select,eager,cuda_event_grouped_2,31.744,ok,,,,,2,20,torch_flat_router|B1|E4096|D4096
router-quick,router,flat_router_decode,torch_flat_router,,bf16,1,4096,4096,,8,0,31,,select,eager,cuda_event_grouped_2,30.88,ok,,,,,2,20,torch_flat_router|B1|E4096|D4096
router-quick,router,flat_router_decode,torch_flat_router,,bf16,1,4096,4096,,8,0,32,,select,eager,cuda_event_grouped_2,31.664,ok,,,,,2,20,torch_flat_router|B1|E4096|D4096
router-quick,router,flat_router_decode,torch_flat_router,,bf16,1,4096,4096,,8,0,33,,select,eager,cuda_event_grouped_2,31.04,ok,,,,,2,20,torch_flat_router|B1|E4096|D4096
router-quick,router,flat_router_decode,torch_flat_router,,bf16,1,4096,4096,,8,0,34,,select,eager,cuda_event_grouped_2,31.936,ok,,,,,2,20,torch_flat_router|B1|E4096|D4096
router-quick,router,flat_router_decode,torch_flat_router,,bf16,1,4096,4096,,8,0,35,,select,eager,cuda_event_grouped_2,30.736,ok,,,,,2,20,torch_flat_router|B1|E4096|D4096
router-quick,router,flat_router_decode,torch_flat_router,,bf16,1,4096,4096,,8,0,36,,select,eager,cuda_event_grouped_2,30.048,ok,,,,,2,20,torch_flat_router|B1|E4096|D4096
router-quick,router,flat_router_decode,torch_flat_router,,bf16,1,4096,4096,,8,0,37,,select,eager,cuda_event_grouped_2,30.208,ok,,,,,2,20,torch_flat_router|B1|E4096|D4096
router-quick,router,flat_router_decode,torch_flat_router,,bf16,1,4096,4096,,8,0,38,,select,eager,cuda_event_grouped_2,31.568,ok,,,,,2,20,torch_flat_router|B1|E4096|D4096
router-quick,router,flat_router_decode,torch_flat_router,,bf16,1,4096,4096,,8,0,39,,select,eager,cuda_event_grouped_2,30.768,ok,,,,,2,20,torch_flat_router|B1|E4096|D4096
router-quick,router,flat_router_decode,torch_flat_router,,bf16,1,4096,4096,,8,0,40,,select,eager,cuda_event_grouped_2,31.712,ok,,,,,2,20,torch_flat_router|B1|E4096|D4096
router-quick,router,flat_router_decode,torch_flat_router,,bf16,1,4096,4096,,8,0,41,,select,eager,cuda_event_grouped_2,31.232,ok,,,,,2,20,torch_flat_router|B1|E4096|D4096
router-quick,router,flat_router_decode,torch_flat_router,,bf16,1,4096,4096,,8,0,42,,select,eager,cuda_event_grouped_2,31.76,ok,,,,,2,20,torch_flat_router|B1|E4096|D4096
router-quick,router,flat_router_decode,torch_flat_router,,bf16,1,4096,4096,,8,0,43,,select,eager,cuda_event_grouped_2,30.608,ok,,,,,2,20,torch_flat_router|B1|E4096|D4096
router-quick,router,flat_router_decode,torch_flat_router,,bf16,1,4096,4096,,8,0,44,,select,eager,cuda_event_grouped_2,29.92,ok,,,,,2,20,torch_flat_router|B1|E4096|D4096
router-quick,router,flat_router_decode,torch_flat_router,,bf16,1,4096,4096,,8,0,45,,select,eager,cuda_event_grouped_2,30.208,ok,,,,,2,20,torch_flat_router|B1|E4096|D4096
router-quick,router,flat_router_decode,torch_flat_router,,bf16,1,4096,4096,,8,0,46,,select,eager,cuda_event_grouped_2,31.728,ok,,,,,2,20,torch_flat_router|B1|E4096|D4096
router-quick,router,flat_router_decode,torch_flat_router,,bf16,1,4096,4096,,8,0,47,,select,eager,cuda_event_grouped_2,30.912,ok,,,,,2,20,torch_flat_router|B1|E4096|D4096
router-quick,router,flat_router_decode,torch_flat_router,,bf16,1,4096,4096,,8,0,48,,select,eager,cuda_event_grouped_2,31.856,ok,,,,,2,20,torch_flat_router|B1|E4096|D4096
router-quick,router,flat_router_decode,torch_flat_router,,bf16,1,4096,4096,,8,0,49,,select,eager,cuda_event_grouped_2,31.104,ok,,,,,2,20,torch_flat_router|B1|E4096|D4096
router-quick,router,flat_router_decode,torch_flat_router,,bf16,1,4096,4096,,8,0,50,,select,eager,cuda_event_grouped_2,32.064,ok,,,,,2,20,torch_flat_router|B1|E4096|D4096
router-quick,router,flat_router_decode,torch_flat_router,,bf16,1,4096,4096,,8,0,51,,select,eager,cuda_event_grouped_2,30.56,ok,,,,,2,20,torch_flat_router|B1|E4096|D4096
router-quick,router,flat_router_decode,torch_flat_router,,bf16,1,4096,4096,,8,0,52,,select,eager,cuda_event_grouped_2,30.176,ok,,,,,2,20,torch_flat_router|B1|E4096|D4096
router-quick,router,flat_router_decode,torch_flat_router,,bf16,1,4096,4096,,8,0,53,,select,eager,cuda_event_grouped_2,30.128,ok,,,,,2,20,torch_flat_router|B1|E4096|D4096
router-quick,router,flat_router_decode,torch_flat_router,,bf16,1,4096,4096,,8,0,54,,select,eager,cuda_event_grouped_2,31.536,ok,,,,,2,20,torch_flat_router|B1|E4096|D4096
router-quick,router,flat_router_decode,torch_flat_router,,bf16,1,4096,4096,,8,0,55,,select,eager,cuda_event_grouped_2,31.072,ok,,,,,2,20,torch_flat_router|B1|E4096|D4096
router-quick,router,flat_router_decode,torch_flat_router,,bf16,1,4096,4096,,8,0,56,,select,eager,cuda_event_grouped_2,31.664,ok,,,,,2,20,torch_flat_router|B1|E4096|D4096
router-quick,router,flat_router_decode,torch_flat_router,,bf16,1,4096,4096,,8,0,57,,select,eager,cuda_event_grouped_2,31.296,ok,,,,,2,20,torch_flat_router|B1|E4096|D4096
router-quick,router,flat_router_decode,torch_flat_router,,bf16,1,4096,4096,,8,0,58,,select,eager,cuda_event_grouped_2,31.904,ok,,,,,2,20,torch_flat_router|B1|E4096|D4096
router-quick,router,flat_router_decode,torch_flat_router,,bf16,1,4096,4096,,8,0,59,,select,eager,cuda_event_grouped_2,30.8,ok,,,,,2,20,torch_flat_router|B1|E4096|D4096
router-quick,router,flat_router_decode,torch_flat_router,,bf16,1,4096,4096,,8,0,60,,select,eager,cuda_event_grouped_2,30.224,ok,,,,,2,20,torch_flat_router|B1|E4096|D4096
router-quick,router,flat_router_decode,torch_flat_router,,bf16,1,4096,4096,,8,0,61,,select,eager,cuda_event_grouped_2,30.272,ok,,,,,2,20,torch_flat_router|B1|E4096|D4096
router-quick,router,flat_router_decode,torch_flat_router,,bf16,1,4096,4096,,8,0,62,,select,eager,cuda_event_grouped_2,31.696,ok,,,,,2,20,torch_flat_router|B1|E4096|D4096
router-quick,router,flat_router_decode,torch_flat_router,,bf16,1,4096,4096,,8,0,63,,select,eager,cuda_event_grouped_2,31.024,ok,,,,,2,20,torch_flat_router|B1|E4096|D4096
router-quick,router,flat_router_decode,torch_flat_router,,bf16,1,4096,4096,,8,0,64,,select,eager,cuda_event_grouped_2,31.728,ok,,,,,2,20,torch_flat_router|B1|E4096|D4096
router-quick,router,flat_router_decode,torch_flat_router,,bf16,1,4096,4096,,8,0,65,,select,eager,cuda_event_grouped_2,31.04,ok,,,,,2,20,torch_flat_router|B1|E4096|D4096
router-quick,router,flat_router_decode,torch_flat_router,,bf16,1,4096,4096,,8,0,66,,select,eager,cuda_event_grouped_2,31.888,ok,,,,,2,20,torch_flat_router|B1|E4096|D4096
router-quick,router,flat_router_decode,torch_flat_router,,bf16,1,4096,4096,,8,0,67,,select,eager,cuda_event_grouped_2,30.672,ok,,,,,2,20,torch_flat_router|B1|E4096|D4096
router-quick,router,flat_router_decode,torch_flat_router,,bf16,1,4096,4096,,8,0,68,,select,eager,cuda_event_grouped_2,30.256,ok,,,,,2,20,torch_flat_router|B1|E4096|D4096
router-quick,router,flat_router_decode,torch_flat_router,,bf16,1,4096,4096,,8,0,69,,select,eager,cuda_event_grouped_2,30.208,ok,,,,,2,20,torch_flat_router|B1|E4096|D4096
router-quick,router,flat_router_decode,torch_flat_router,,bf16,1,4096,4096,,8,0,70,,select,eager,cuda_event_grouped_2,31.616,ok,,,,,2,20,torch_flat_router|B1|E4096|D4096
router-quick,router,flat_router_decode,torch_flat_router,,bf16,1,4096,4096,,8,0,71,,select,eager,cuda_event_grouped_2,31.232,ok,,,,,2,20,torch_flat_router|B1|E4096|D4096
router-quick,router,flat_router_decode,torch_flat_router,,bf16,1,4096,4096,,8,0,72,,select,eager,cuda_event_grouped_2,31.808,ok,,,,,2,20,torch_flat_router|B1|E4096|D4096
router-quick,router,flat_router_decode,torch_flat_router,,bf16,1,4096,4096,,8,0,73,,select,eager,cuda_event_grouped_2,31.056,ok,,,,,2,20,torch_flat_router|B1|E4096|D4096
router-quick,router,flat_router_decode,torch_flat_router,,bf16,1,4096,4096,,8,0,74,,select,eager,cuda_event_grouped_2,31.76,ok,,,,,2,20,torch_flat_router|B1|E4096|D4096
router-quick,router,flat_router_decode,torch_flat_router,,bf16,1,4096,4096,,8,0,75,,select,eager,cuda_event_grouped_2,30.608,ok,,,,,2,20,torch_flat_router|B1|E4096|D4096
router-quick,router,flat_router_decode,torch_flat_router,,bf16,1,4096,4096,,8,0,76,,select,eager,cuda_event_grouped_2,30.08,ok,,,,,2,20,torch_flat_router|B1|E4096|D4096
router-quick,router,flat_router_decode,torch_flat_router,,bf16,1,4096,4096,,8,0,77,,select,eager,cuda_event_grouped_2,30.288,ok,,,,,2,20,torch_flat_router|B1|E4096|D4096
router-quick,router,flat_router_decode,torch_flat_router,,bf16,1,4096,4096,,8,0,78,,select,eager,cuda_event_grouped_2,31.552,ok,,,,,2,20,torch_flat_router|B1|E4096|D4096
router-quick,router,flat_router_decode,torch_flat_router,,bf16,1,4096,4096,,8,0,79,,select,eager,cuda_event_grouped_2,30.912,ok,,,,,2,20,torch_flat_router|B1|E4096|D4096
router-quick,router,flat_router_decode,torch_flat_router,,bf16,1,4096,4096,,8,0,80,,select,eager,cuda_event_grouped_2,31.696,ok,,,,,2,20,torch_flat_router|B1|E4096|D4096
router-quick,router,flat_router_decode,torch_flat_router,,bf16,1,4096,4096,,8,0,81,,select,eager,cuda_event_grouped_2,30.992,ok,,,,,2,20,torch_flat_router|B1|E4096|D4096
router-quick,router,flat_router_decode,torch_flat_router,,bf16,1,4096,4096,,8,0,82,,select,eager,cuda_event_grouped_2,31.856,ok,,,,,2,20,torch_flat_router|B1|E4096|D4096
router-quick,router,flat_router_decode,torch_flat_router,,bf16,1,4096,4096,,8,0,83,,select,eager,cuda_event_grouped_2,30.624,ok,,,,,2,20,torch_flat_router|B1|E4096|D4096
router-quick,router,flat_router_decode,torch_flat_router,,bf16,1,4096,4096,,8,0,84,,select,eager,cuda_event_grouped_2,30.032,ok,,,,,2,20,torch_flat_router|B1|E4096|D4096
router-quick,router,flat_router_decode,torch_flat_router,,bf16,1,4096,4096,,8,0,85,,select,eager,cuda_event_grouped_2,30.288,ok,,,,,2,20,torch_flat_router|B1|E4096|D4096
router-quick,router,flat_router_decode,torch_flat_router,,bf16,1,4096,4096,,8,0,86,,select,eager,cuda_event_grouped_2,31.616,ok,,,,,2,20,torch_flat_router|B1|E4096|D4096
router-quick,router,flat_router_decode,torch_flat_router,,bf16,1,4096,4096,,8,0,87,,select,eager,cuda_event_grouped_2,31.28,ok,,,,,2,20,torch_flat_router|B1|E4096|D4096
router-quick,router,flat_router_decode,torch_flat_router,,bf16,1,4096,4096,,8,0,88,,select,eager,cuda_event_grouped_2,32,ok,,,,,2,20,torch_flat_router|B1|E4096|D4096
router-quick,router,flat_router_decode,torch_flat_router,,bf16,1,4096,4096,,8,0,89,,select,eager,cuda_event_grouped_2,31.36,ok,,,,,2,20,torch_flat_router|B1|E4096|D4096
router-quick,router,flat_router_decode,torch_flat_router,,bf16,1,4096,4096,,8,0,90,,select,eager,cuda_event_grouped_2,32.208,ok,,,,,2,20,torch_flat_router|B1|E4096|D4096
router-quick,router,flat_router_decode,torch_flat_router,,bf16,1,4096,4096,,8,0,91,,select,eager,cuda_event_grouped_2,30.896,ok,,,,,2,20,torch_flat_router|B1|E4096|D4096
router-quick,router,flat_router_decode,torch_flat_router,,bf16,1,4096,4096,,8,0,92,,select,eager,cuda_event_grouped_2,30.272,ok,,,,,2,20,torch_flat_router|B1|E4096|D4096
router-quick,router,flat_router_decode,torch_flat_router,,bf16,1,4096,4096,,8,0,93,,select,eager,cuda_event_grouped_2,30.576,ok,,,,,2,20,torch_flat_router|B1|E4096|D4096
router-quick,router,flat_router_decode,torch_flat_router,,bf16,1,4096,4096,,8,0,94,,select,eager,cuda_event_grouped_2,32.064,ok,,,,,2,20,torch_flat_router|B1|E4096|D4096
router-quick,router,flat_router_decode,torch_flat_router,,bf16,1,4096,4096,,8,0,95,,select,eager,cuda_event_grouped_2,31.152,ok,,,,,2,20,torch_flat_router|B1|E4096|D4096
router-quick,router,flat_router_decode,torch_flat_router,,bf16,1,4096,4096,,8,0,96,,select,eager,cuda_event_grouped_2,31.92,ok,,,,,2,20,torch_flat_router|B1|E4096|D4096
router-quick,router,flat_router_decode,torch_flat_router,,bf16,1,4096,4096,,8,0,97,,select,eager,cuda_event_grouped_2,30.992,ok,,,,,2,20,torch_flat_router|B1|E4096|D4096
router-quick,router,flat_router_decode,torch_flat_router,,bf16,1,4096,4096,,8,0,98,,select,eager,cuda_event_grouped_2,31.984,ok,,,,,2,20,torch_flat_router|B1|E4096|D4096
router-quick,router,flat_router_decode,torch_flat_router,,bf16,1,4096,4096,,8,0,99,,select,eager,cuda_event_grouped_2,30.784,ok,,,,,2,20,torch_flat_router|B1|E4096|D4096
router-quick,router,flat_router_decode,torch_flat_router,,bf16,1,4096,4096,,8,0,0,,combined,eager,cuda_event_grouped_2,45.232,ok,,,,,2,20,torch_flat_router|B1|E4096|D4096
router-quick,router,flat_router_decode,torch_flat_router,,bf16,1,4096,4096,,8,0,1,,combined,eager,cuda_event_grouped_2,44.112,ok,,,,,2,20,torch_flat_router|B1|E4096|D4096
router-quick,router,flat_router_decode,torch_flat_router,,bf16,1,4096,4096,,8,0,2,,combined,eager,cuda_event_grouped_2,44.864,ok,,,,,2,20,torch_flat_router|B1|E4096|D4096
router-quick,router,flat_router_decode,torch_flat_router,,bf16,1,4096,4096,,8,0,3,,combined,eager,cuda_event_grouped_2,45.888,ok,,,,,2,20,torch_flat_router|B1|E4096|D4096
router-quick,router,flat_router_decode,torch_flat_router,,bf16,1,4096,4096,,8,0,4,,combined,eager,cuda_event_grouped_2,44.736,ok,,,,,2,20,torch_flat_router|B1|E4096|D4096
router-quick,router,flat_router_decode,torch_flat_router,,bf16,1,4096,4096,,8,0,5,,combined,eager,cuda_event_grouped_2,41.184,ok,,,,,2,20,torch_flat_router|B1|E4096|D4096
router-quick,router,flat_router_decode,torch_flat_router,,bf16,1,4096,4096,,8,0,6,,combined,eager,cuda_event_grouped_2,44.032,ok,,,,,2,20,torch_flat_router|B1|E4096|D4096
router-quick,router,flat_router_decode,torch_flat_router,,bf16,1,4096,4096,,8,0,7,,combined,eager,cuda_event_grouped_2,44.8,ok,,,,,2,20,torch_flat_router|B1|E4096|D4096
router-quick,router,flat_router_decode,torch_flat_router,,bf16,1,4096,4096,,8,0,8,,combined,eager,cuda_event_grouped_2,40.928,ok,,,,,2,20,torch_flat_router|B1|E4096|D4096
router-quick,router,flat_router_decode,torch_flat_router,,bf16,1,4096,4096,,8,0,9,,combined,eager,cuda_event_grouped_2,44.032,ok,,,,,2,20,torch_flat_router|B1|E4096|D4096
router-quick,router,flat_router_decode,torch_flat_router,,bf16,1,4096,4096,,8,0,10,,combined,eager,cuda_event_grouped_2,46.112,ok,,,,,2,20,torch_flat_router|B1|E4096|D4096
router-quick,router,flat_router_decode,torch_flat_router,,bf16,1,4096,4096,,8,0,11,,combined,eager,cuda_event_grouped_2,42.784,ok,,,,,2,20,torch_flat_router|B1|E4096|D4096
router-quick,router,flat_router_decode,torch_flat_router,,bf16,1,4096,4096,,8,0,12,,combined,eager,cuda_event_grouped_2,42.032,ok,,,,,2,20,torch_flat_router|B1|E4096|D4096
router-quick,router,flat_router_decode,torch_flat_router,,bf16,1,4096,4096,,8,0,13,,combined,eager,cuda_event_grouped_2,44.704,ok,,,,,2,20,torch_flat_router|B1|E4096|D4096
router-quick,router,flat_router_decode,torch_flat_router,,bf16,1,4096,4096,,8,0,14,,combined,eager,cuda_event_grouped_2,45.248,ok,,,,,2,20,torch_flat_router|B1|E4096|D4096
router-quick,router,flat_router_decode,torch_flat_router,,bf16,1,4096,4096,,8,0,15,,combined,eager,cuda_event_grouped_2,44.944,ok,,,,,2,20,torch_flat_router|B1|E4096|D4096
router-quick,router,flat_router_decode,torch_flat_router,,bf16,1,4096,4096,,8,0,16,,combined,eager,cuda_event_grouped_2,42.192,ok,,,,,2,20,torch_flat_router|B1|E4096|D4096
router-quick,router,flat_router_decode,torch_flat_router,,bf16,1,4096,4096,,8,0,17,,combined,eager,cuda_event_grouped_2,42.24,ok,,,,,2,20,torch_flat_router|B1|E4096|D4096
router-quick,router,flat_router_decode,torch_flat_router,,bf16,1,4096,4096,,8,0,18,,combined,eager,cuda_event_grouped_2,42.752,ok,,,,,2,20,torch_flat_router|B1|E4096|D4096
router-quick,router,flat_router_decode,torch_flat_router,,bf16,1,4096,4096,,8,0,19,,combined,eager,cuda_event_grouped_2,46.4,ok,,,,,2,20,torch_flat_router|B1|E4096|D4096
router-quick,router,flat_router_decode,torch_flat_router,,bf16,1,4096,4096,,8,0,20,,combined,eager,cuda_event_grouped_2,43.648,ok,,,,,2,20,torch_flat_router|B1|E4096|D4096
router-quick,router,flat_router_decode,torch_flat_router,,bf16,1,4096,4096,,8,0,21,,combined,eager,cuda_event_grouped_2,44.016,ok,,,,,2,20,torch_flat_router|B1|E4096|D4096
router-quick,router,flat_router_decode,torch_flat_router,,bf16,1,4096,4096,,8,0,22,,combined,eager,cuda_event_grouped_2,42.592,ok,,,,,2,20,torch_flat_router|B1|E4096|D4096
router-quick,router,flat_router_decode,torch_flat_router,,bf16,1,4096,4096,,8,0,23,,combined,eager,cuda_event_grouped_2,43.344,ok,,,,,2,20,torch_flat_router|B1|E4096|D4096
router-quick,router,flat_router_decode,torch_flat_router,,bf16,1,4096,4096,,8,0,24,,combined,eager,cuda_event_grouped_2,40.72,ok,,,,,2,20,torch_flat_router|B1|E4096|D4096
router-quick,router,flat_router_decode,torch_flat_router,,bf16,1,4096,4096,,8,0,25,,combined,eager,cuda_event_grouped_2,43.984,ok,,,,,2,20,torch_flat_router|B1|E4096|D4096
router-quick,router,flat_router_decode,torch_flat_router,,bf16,1,4096,4096,,8,0,26,,combined,eager,cuda_event_grouped_2,45.872,ok,,,,,2,20,torch_flat_router|B1|E4096|D4096
router-quick,router,flat_router_decode,torch_flat_router,,bf16,1,4096,4096,,8,0,27,,combined,eager,cuda_event_grouped_2,44.752,ok,,,,,2,20,torch_flat_router|B1|E4096|D4096
router-quick,router,flat_router_decode,torch_flat_router,,bf16,1,4096,4096,,8,0,28,,combined,eager,cuda_event_grouped_2,44.896,ok,,,,,2,20,torch_flat_router|B1|E4096|D4096
router-quick,router,flat_router_decode,torch_flat_router,,bf16,1,4096,4096,,8,0,29,,combined,eager,cuda_event_grouped_2,42.976,ok,,,,,2,20,torch_flat_router|B1|E4096|D4096
router-quick,router,flat_router_decode,torch_flat_router,,bf16,1,4096,4096,,8,0,30,,combined,eager,cuda_event_grouped_2,44.896,ok,,,,,2,20,torch_flat_router|B1|E4096|D4096
router-quick,router,flat_router_decode,torch_flat_router,,bf16,1,4096,4096,,8,0,31,,combined,eager,cuda_event_grouped_2,42.784,ok,,,,,2,20,torch_flat_router|B1|E4096|D4096
router-quick,router,flat_router_decode,torch_flat_router,,bf16,1,4096,4096,,8,0,32,,combined,eager,cuda_event_grouped_2,45.728,ok,,,,,2,20,torch_flat_router|B1|E4096|D4096
router-quick,router,flat_router_decode,torch_flat_router,,bf16,1,4096,4096,,8,0,33,,combined,eager,cuda_event_grouped_2,42.112,ok,,,,,2,20,torch_flat_router|B1|E4096|D4096
router-quick,router,flat_router_decode,torch_flat_router,,bf16,1,4096,4096,,8,0,34,,combined,eager,cuda_event_grouped_2,46,ok,,,,,2,20,torch_flat_router|B1|E4096|D4096
router-quick,router,flat_router_decode,torch_flat_router,,bf16,1,4096,4096,,8,0,35,,combined,eager,cuda_event_grouped_2,44,ok,,,,,2,20,torch_flat_router|B1|E4096|D4096
router-quick,router,flat_router_decode,torch_flat_router,,bf16,1,4096,4096,,8,0,36,,combined,eager,cuda_event_grouped_2,45.728,ok,,,,,2,20,torch_flat_router|B1|E4096|D4096
router-quick,router,flat_router_decode,torch_flat_router,,bf16,1,4096,4096,,8,0,37,,combined,eager,cuda_event_grouped_2,43.936,ok,,,,,2,20,torch_flat_router|B1|E4096|D4096
router-quick,router,flat_router_decode,torch_flat_router,,bf16,1,4096,4096,,8,0,38,,combined,eager,cuda_event_grouped_2,44.656,ok,,,,,2,20,torch_flat_router|B1|E4096|D4096
router-quick,router,flat_router_decode,torch_flat_router,,bf16,1,4096,4096,,8,0,39,,combined,eager,cuda_event_grouped_2,44.96,ok,,,,,2,20,torch_flat_router|B1|E4096|D4096
router-quick,router,flat_router_decode,torch_flat_router,,bf16,1,4096,4096,,8,0,40,,combined,eager,cuda_event_grouped_2,46.112,ok,,,,,2,20,torch_flat_router|B1|E4096|D4096
router-quick,router,flat_router_decode,torch_flat_router,,bf16,1,4096,4096,,8,0,41,,combined,eager,cuda_event_grouped_2,41.808,ok,,,,,2,20,torch_flat_router|B1|E4096|D4096
router-quick,router,flat_router_decode,torch_flat_router,,bf16,1,4096,4096,,8,0,42,,combined,eager,cuda_event_grouped_2,42.544,ok,,,,,2,20,torch_flat_router|B1|E4096|D4096
router-quick,router,flat_router_decode,torch_flat_router,,bf16,1,4096,4096,,8,0,43,,combined,eager,cuda_event_grouped_2,45.696,ok,,,,,2,20,torch_flat_router|B1|E4096|D4096
router-quick,router,flat_router_decode,torch_flat_router,,bf16,1,4096,4096,,8,0,44,,combined,eager,cuda_event_grouped_2,44.096,ok,,,,,2,20,torch_flat_router|B1|E4096|D4096
router-quick,router,flat_router_decode,torch_flat_router,,bf16,1,4096,4096,,8,0,45,,combined,eager,cuda_event_grouped_2,41.904,ok,,,,,2,20,torch_flat_router|B1|E4096|D4096
router-quick,router,flat_router_decode,torch_flat_router,,bf16,1,4096,4096,,8,0,46,,combined,eager,cuda_event_grouped_2,42.208,ok,,,,,2,20,torch_flat_router|B1|E4096|D4096
router-quick,router,flat_router_decode,torch_flat_router,,bf16,1,4096,4096,,8,0,47,,combined,eager,cuda_event_grouped_2,44.704,ok,,,,,2,20,torch_flat_router|B1|E4096|D4096
router-quick,router,flat_router_decode,torch_flat_router,,bf16,1,4096,4096,,8,0,48,,combined,eager,cuda_event_grouped_2,45.664,ok,,,,,2,20,torch_flat_router|B1|E4096|D4096
router-quick,router,flat_router_decode,torch_flat_router,,bf16,1,4096,4096,,8,0,49,,combined,eager,cuda_event_grouped_2,42.88,ok,,,,,2,20,torch_flat_router|B1|E4096|D4096
router-quick,router,flat_router_decode,torch_flat_router,,bf16,1,4096,4096,,8,0,50,,combined,eager,cuda_event_grouped_2,44.224,ok,,,,,2,20,torch_flat_router|B1|E4096|D4096
router-quick,router,flat_router_decode,torch_flat_router,,bf16,1,4096,4096,,8,0,51,,combined,eager,cuda_event_grouped_2,42.896,ok,,,,,2,20,torch_flat_router|B1|E4096|D4096
router-quick,router,flat_router_decode,torch_flat_router,,bf16,1,4096,4096,,8,0,52,,combined,eager,cuda_event_grouped_2,43.904,ok,,,,,2,20,torch_flat_router|B1|E4096|D4096
router-quick,router,flat_router_decode,torch_flat_router,,bf16,1,4096,4096,,8,0,53,,combined,eager,cuda_event_grouped_2,43.2,ok,,,,,2,20,torch_flat_router|B1|E4096|D4096
router-quick,router,flat_router_decode,torch_flat_router,,bf16,1,4096,4096,,8,0,54,,combined,eager,cuda_event_grouped_2,45.008,ok,,,,,2,20,torch_flat_router|B1|E4096|D4096
router-quick,router,flat_router_decode,torch_flat_router,,bf16,1,4096,4096,,8,0,55,,combined,eager,cuda_event_grouped_2,44.464,ok,,,,,2,20,torch_flat_router|B1|E4096|D4096
router-quick,router,flat_router_decode,torch_flat_router,,bf16,1,4096,4096,,8,0,56,,combined,eager,cuda_event_grouped_2,43.984,ok,,,,,2,20,torch_flat_router|B1|E4096|D4096
router-quick,router,flat_router_decode,torch_flat_router,,bf16,1,4096,4096,,8,0,57,,combined,eager,cuda_event_grouped_2,44.816,ok,,,,,2,20,torch_flat_router|B1|E4096|D4096
router-quick,router,flat_router_decode,torch_flat_router,,bf16,1,4096,4096,,8,0,58,,combined,eager,cuda_event_grouped_2,42.992,ok,,,,,2,20,torch_flat_router|B1|E4096|D4096
router-quick,router,flat_router_decode,torch_flat_router,,bf16,1,4096,4096,,8,0,59,,combined,eager,cuda_event_grouped_2,44.128,ok,,,,,2,20,torch_flat_router|B1|E4096|D4096
router-quick,router,flat_router_decode,torch_flat_router,,bf16,1,4096,4096,,8,0,60,,combined,eager,cuda_event_grouped_2,42.384,ok,,,,,2,20,torch_flat_router|B1|E4096|D4096
router-quick,router,flat_router_decode,torch_flat_router,,bf16,1,4096,4096,,8,0,61,,combined,eager,cuda_event_grouped_2,43.728,ok,,,,,2,20,torch_flat_router|B1|E4096|D4096
router-quick,router,flat_router_decode,torch_flat_router,,bf16,1,4096,4096,,8,0,62,,combined,eager,cuda_event_grouped_2,42.08,ok,,,,,2,20,torch_flat_router|B1|E4096|D4096
router-quick,router,flat_router_decode,torch_flat_router,,bf16,1,4096,4096,,8,0,63,,combined,eager,cuda_event_grouped_2,44.16,ok,,,,,2,20,torch_flat_router|B1|E4096|D4096
router-quick,router,flat_router_decode,torch_flat_router,,bf16,1,4096,4096,,8,0,64,,combined,eager,cuda_event_grouped_2,45.856,ok,,,,,2,20,torch_flat_router|B1|E4096|D4096
router-quick,router,flat_router_decode,torch_flat_router,,bf16,1,4096,4096,,8,0,65,,combined,eager,cuda_event_grouped_2,42.112,ok,,,,,2,20,torch_flat_router|B1|E4096|D4096
router-quick,router,flat_router_decode,torch_flat_router,,bf16,1,4096,4096,,8,0,66,,combined,eager,cuda_event_grouped_2,44.048,ok,,,,,2,20,torch_flat_router|B1|E4096|D4096
router-quick,router,flat_router_decode,torch_flat_router,,bf16,1,4096,4096,,8,0,67,,combined,eager,cuda_event_grouped_2,42.496,ok,,,,,2,20,torch_flat_router|B1|E4096|D4096
router-quick,router,flat_router_decode,torch_flat_router,,bf16,1,4096,4096,,8,0,68,,combined,eager,cuda_event_grouped_2,45.728,ok,,,,,2,20,torch_flat_router|B1|E4096|D4096
router-quick,router,flat_router_decode,torch_flat_router,,bf16,1,4096,4096,,8,0,69,,combined,eager,cuda_event_grouped_2,42.928,ok,,,,,2,20,torch_flat_router|B1|E4096|D4096
router-quick,router,flat_router_decode,torch_flat_router,,bf16,1,4096,4096,,8,0,70,,combined,eager,cuda_event_grouped_2,44.704,ok,,,,,2,20,torch_flat_router|B1|E4096|D4096
router-quick,router,flat_router_decode,torch_flat_router,,bf16,1,4096,4096,,8,0,71,,combined,eager,cuda_event_grouped_2,45.728,ok,,,,,2,20,torch_flat_router|B1|E4096|D4096
router-quick,router,flat_router_decode,torch_flat_router,,bf16,1,4096,4096,,8,0,72,,combined,eager,cuda_event_grouped_2,42.096,ok,,,,,2,20,torch_flat_router|B1|E4096|D4096
router-quick,router,flat_router_decode,torch_flat_router,,bf16,1,4096,4096,,8,0,73,,combined,eager,cuda_event_grouped_2,42.464,ok,,,,,2,20,torch_flat_router|B1|E4096|D4096
router-quick,router,flat_router_decode,torch_flat_router,,bf16,1,4096,4096,,8,0,74,,combined,eager,cuda_event_grouped_2,44.496,ok,,,,,2,20,torch_flat_router|B1|E4096|D4096
router-quick,router,flat_router_decode,torch_flat_router,,bf16,1,4096,4096,,8,0,75,,combined,eager,cuda_event_grouped_2,43.6,ok,,,,,2,20,torch_flat_router|B1|E4096|D4096
router-quick,router,flat_router_decode,torch_flat_router,,bf16,1,4096,4096,,8,0,76,,combined,eager,cuda_event_grouped_2,42.544,ok,,,,,2,20,torch_flat_router|B1|E4096|D4096
router-quick,router,flat_router_decode,torch_flat_router,,bf16,1,4096,4096,,8,0,77,,combined,eager,cuda_event_grouped_2,43.808,ok,,,,,2,20,torch_flat_router|B1|E4096|D4096
router-quick,router,flat_router_decode,torch_flat_router,,bf16,1,4096,4096,,8,0,78,,combined,eager,cuda_event_grouped_2,42.88,ok,,,,,2,20,torch_flat_router|B1|E4096|D4096
router-quick,router,flat_router_decode,torch_flat_router,,bf16,1,4096,4096,,8,0,79,,combined,eager,cuda_event_grouped_2,44.016,ok,,,,,2,20,torch_flat_router|B1|E4096|D4096
router-quick,router,flat_router_decode,torch_flat_router,,bf16,1,4096,4096,,8,0,80,,combined,eager,cuda_event_grouped_2,45.792,ok,,,,,2,20,torch_flat_router|B1|E4096|D4096
router-quick,router,flat_router_decode,torch_flat_router,,bf16,1,4096,4096,,8,0,81,,combined,eager,cuda_event_grouped_2,43.44,ok,,,,,2,20,torch_flat_router|B1|E4096|D4096
router-quick,router,flat_router_decode,torch_flat_router,,bf16,1,4096,4096,,8,0,82,,combined,eager,cuda_event_grouped_2,43.696,ok,,,,,2,20,torch_flat_router|B1|E4096|D4096
router-quick,router,flat_router_decode,torch_flat_router,,bf16,1,4096,4096,,8,0,83,,combined,eager,cuda_event_grouped_2,43.872,ok,,,,,2,20,torch_flat_router|B1|E4096|D4096
router-quick,router,flat_router_decode,torch_flat_router,,bf16,1,4096,4096,,8,0,84,,combined,eager,cuda_event_grouped_2,43.312,ok,,,,,2,20,torch_flat_router|B1|E4096|D4096
router-quick,router,flat_router_decode,torch_flat_router,,bf16,1,4096,4096,,8,0,85,,combined,eager,cuda_event_grouped_2,44.8,ok,,,,,2,20,torch_flat_router|B1|E4096|D4096
router-quick,router,flat_router_decode,torch_flat_router,,bf16,1,4096,4096,,8,0,86,,combined,eager,cuda_event_grouped_2,43.072,ok,,,,,2,20,torch_flat_router|B1|E4096|D4096
router-quick,router,flat_router_decode,torch_flat_router,,bf16,1,4096,4096,,8,0,87,,combined,eager,cuda_event_grouped_2,44.576,ok,,,,,2,20,torch_flat_router|B1|E4096|D4096
router-quick,router,flat_router_decode,torch_flat_router,,bf16,1,4096,4096,,8,0,88,,combined,eager,cuda_event_grouped_2,44.128,ok,,,,,2,20,torch_flat_router|B1|E4096|D4096
router-quick,router,flat_router_decode,torch_flat_router,,bf16,1,4096,4096,,8,0,89,,combined,eager,cuda_event_grouped_2,43.808,ok,,,,,2,20,torch_flat_router|B1|E4096|D4096
router-quick,router,flat_router_decode,torch_flat_router,,bf16,1,4096,4096,,8,0,90,,combined,eager,cuda_event_grouped_2,42.464,ok,,,,,2,20,torch_flat_router|B1|E4096|D4096
router-quick,router,flat_router_decode,torch_flat_router,,bf16,1,4096,4096,,8,0,91,,combined,eager,cuda_event_grouped_2,41.264,ok,,,,,2,20,torch_flat_router|B1|E4096|D4096
router-quick,router,flat_router_decode,torch_flat_router,,bf16,1,4096,4096,,8,0,92,,combined,eager,cuda_event_grouped_2,42.752,ok,,,,,2,20,torch_flat_router|B1|E4096|D4096
router-quick,router,flat_router_decode,torch_flat_router,,bf16,1,4096,4096,,8,0,93,,combined,eager,cuda_event_grouped_2,45.584,ok,,,,,2,20,torch_flat_router|B1|E4096|D4096
router-quick,router,flat_router_decode,torch_flat_router,,bf16,1,4096,4096,,8,0,94,,combined,eager,cuda_event_grouped_2,45.728,ok,,,,,2,20,torch_flat_router|B1|E4096|D4096
router-quick,router,flat_router_decode,torch_flat_router,,bf16,1,4096,4096,,8,0,95,,combined,eager,cuda_event_grouped_2,40.848,ok,,,,,2,20,torch_flat_router|B1|E4096|D4096
router-quick,router,flat_router_decode,torch_flat_router,,bf16,1,4096,4096,,8,0,96,,combined,eager,cuda_event_grouped_2,44,ok,,,,,2,20,torch_flat_router|B1|E4096|D4096
router-quick,router,flat_router_decode,torch_flat_router,,bf16,1,4096,4096,,8,0,97,,combined,eager,cuda_event_grouped_2,42.64,ok,,,,,2,20,torch_flat_router|B1|E4096|D4096
router-quick,router,flat_router_decode,torch_flat_router,,bf16,1,4096,4096,,8,0,98,,combined,eager,cuda_event_grouped_2,42.192,ok,,,,,2,20,torch_flat_router|B1|E4096|D4096
router-quick,router,flat_router_decode,torch_flat_router,,bf16,1,4096,4096,,8,0,99,,combined,eager,cuda_event_grouped_2,43.328,ok,,,,,2,20,torch_flat_router|B1|E4096|D4096
router-quick,router,flat_router_decode,torch_flat_router,,bf16,1,4096,4096,,8,0,0,,score,cudagraph,cuda_event_grouped_5,12.384,ok,,,,,5,20,torch_flat_router|B1|E4096|D4096
router-quick,router,flat_router_decode,torch_flat_router,,bf16,1,4096,4096,,8,0,1,,score,cudagraph,cuda_event_grouped_5,12.3584,ok,,,,,5,20,torch_flat_router|B1|E4096|D4096
router-quick,router,flat_router_decode,torch_flat_router,,bf16,1,4096,4096,,8,0,2,,score,cudagraph,cuda_event_grouped_5,12.3008,ok,,,,,5,20,torch_flat_router|B1|E4096|D4096
router-quick,router,flat_router_decode,torch_flat_router,,bf16,1,4096,4096,,8,0,3,,score,cudagraph,cuda_event_grouped_5,12.288,ok,,,,,5,20,torch_flat_router|B1|E4096|D4096
router-quick,router,flat_router_decode,torch_flat_router,,bf16,1,4096,4096,,8,0,4,,score,cudagraph,cuda_event_grouped_5,12.2304,ok,,,,,5,20,torch_flat_router|B1|E4096|D4096
router-quick,router,flat_router_decode,torch_flat_router,,bf16,1,4096,4096,,8,0,5,,score,cudagraph,cuda_event_grouped_5,12.2816,ok,,,,,5,20,torch_flat_router|B1|E4096|D4096
router-quick,router,flat_router_decode,torch_flat_router,,bf16,1,4096,4096,,8,0,6,,score,cudagraph,cuda_event_grouped_5,12.256,ok,,,,,5,20,torch_flat_router|B1|E4096|D4096
router-quick,router,flat_router_decode,torch_flat_router,,bf16,1,4096,4096,,8,0,7,,score,cudagraph,cuda_event_grouped_5,12.3584,ok,,,,,5,20,torch_flat_router|B1|E4096|D4096
router-quick,router,flat_router_decode,torch_flat_router,,bf16,1,4096,4096,,8,0,8,,score,cudagraph,cuda_event_grouped_5,12.256,ok,,,,,5,20,torch_flat_router|B1|E4096|D4096
router-quick,router,flat_router_decode,torch_flat_router,,bf16,1,4096,4096,,8,0,9,,score,cudagraph,cuda_event_grouped_5,12.2176,ok,,,,,5,20,torch_flat_router|B1|E4096|D4096
router-quick,router,flat_router_decode,torch_flat_router,,bf16,1,4096,4096,,8,0,10,,score,cudagraph,cuda_event_grouped_5,12.2624,ok,,,,,5,20,torch_flat_router|B1|E4096|D4096
router-quick,router,flat_router_decode,torch_flat_router,,bf16,1,4096,4096,,8,0,11,,score,cudagraph,cuda_event_grouped_5,12.2304,ok,,,,,5,20,torch_flat_router|B1|E4096|D4096
router-quick,router,flat_router_decode,torch_flat_router,,bf16,1,4096,4096,,8,0,12,,score,cudagraph,cuda_event_grouped_5,12.2624,ok,,,,,5,20,torch_flat_router|B1|E4096|D4096
router-quick,router,flat_router_decode,torch_flat_router,,bf16,1,4096,4096,,8,0,13,,score,cudagraph,cuda_event_grouped_5,12.3008,ok,,,,,5,20,torch_flat_router|B1|E4096|D4096
router-quick,router,flat_router_decode,torch_flat_router,,bf16,1,4096,4096,,8,0,14,,score,cudagraph,cuda_event_grouped_5,12.2304,ok,,,,,5,20,torch_flat_router|B1|E4096|D4096
router-quick,router,flat_router_decode,torch_flat_router,,bf16,1,4096,4096,,8,0,15,,score,cudagraph,cuda_event_grouped_5,12.1664,ok,,,,,5,20,torch_flat_router|B1|E4096|D4096
router-quick,router,flat_router_decode,torch_flat_router,,bf16,1,4096,4096,,8,0,16,,score,cudagraph,cuda_event_grouped_5,12.1856,ok,,,,,5,20,torch_flat_router|B1|E4096|D4096
router-quick,router,flat_router_decode,torch_flat_router,,bf16,1,4096,4096,,8,0,17,,score,cudagraph,cuda_event_grouped_5,12.3392,ok,,,,,5,20,torch_flat_router|B1|E4096|D4096
router-quick,router,flat_router_decode,torch_flat_router,,bf16,1,4096,4096,,8,0,18,,score,cudagraph,cuda_event_grouped_5,12.1792,ok,,,,,5,20,torch_flat_router|B1|E4096|D4096
router-quick,router,flat_router_decode,torch_flat_router,,bf16,1,4096,4096,,8,0,19,,score,cudagraph,cuda_event_grouped_5,12.224,ok,,,,,5,20,torch_flat_router|B1|E4096|D4096
router-quick,router,flat_router_decode,torch_flat_router,,bf16,1,4096,4096,,8,0,20,,score,cudagraph,cuda_event_grouped_5,12.1792,ok,,,,,5,20,torch_flat_router|B1|E4096|D4096
router-quick,router,flat_router_decode,torch_flat_router,,bf16,1,4096,4096,,8,0,21,,score,cudagraph,cuda_event_grouped_5,12.2048,ok,,,,,5,20,torch_flat_router|B1|E4096|D4096
router-quick,router,flat_router_decode,torch_flat_router,,bf16,1,4096,4096,,8,0,22,,score,cudagraph,cuda_event_grouped_5,12.2496,ok,,,,,5,20,torch_flat_router|B1|E4096|D4096
router-quick,router,flat_router_decode,torch_flat_router,,bf16,1,4096,4096,,8,0,23,,score,cudagraph,cuda_event_grouped_5,12.2624,ok,,,,,5,20,torch_flat_router|B1|E4096|D4096
router-quick,router,flat_router_decode,torch_flat_router,,bf16,1,4096,4096,,8,0,24,,score,cudagraph,cuda_event_grouped_5,12.1856,ok,,,,,5,20,torch_flat_router|B1|E4096|D4096
router-quick,router,flat_router_decode,torch_flat_router,,bf16,1,4096,4096,,8,0,25,,score,cudagraph,cuda_event_grouped_5,12.2176,ok,,,,,5,20,torch_flat_router|B1|E4096|D4096
router-quick,router,flat_router_decode,torch_flat_router,,bf16,1,4096,4096,,8,0,26,,score,cudagraph,cuda_event_grouped_5,12.2688,ok,,,,,5,20,torch_flat_router|B1|E4096|D4096
router-quick,router,flat_router_decode,torch_flat_router,,bf16,1,4096,4096,,8,0,27,,score,cudagraph,cuda_event_grouped_5,12.224,ok,,,,,5,20,torch_flat_router|B1|E4096|D4096
router-quick,router,flat_router_decode,torch_flat_router,,bf16,1,4096,4096,,8,0,28,,score,cudagraph,cuda_event_grouped_5,12.2304,ok,,,,,5,20,torch_flat_router|B1|E4096|D4096
router-quick,router,flat_router_decode,torch_flat_router,,bf16,1,4096,4096,,8,0,29,,score,cudagraph,cuda_event_grouped_5,12.1984,ok,,,,,5,20,torch_flat_router|B1|E4096|D4096
router-quick,router,flat_router_decode,torch_flat_router,,bf16,1,4096,4096,,8,0,30,,score,cudagraph,cuda_event_grouped_5,12.288,ok,,,,,5,20,torch_flat_router|B1|E4096|D4096
router-quick,router,flat_router_decode,torch_flat_router,,bf16,1,4096,4096,,8,0,31,,score,cudagraph,cuda_event_grouped_5,12.2176,ok,,,,,5,20,torch_flat_router|B1|E4096|D4096
router-quick,router,flat_router_decode,torch_flat_router,,bf16,1,4096,4096,,8,0,32,,score,cudagraph,cuda_event_grouped_5,12.2368,ok,,,,,5,20,torch_flat_router|B1|E4096|D4096
router-quick,router,flat_router_decode,torch_flat_router,,bf16,1,4096,4096,,8,0,33,,score,cudagraph,cuda_event_grouped_5,12.2112,ok,,,,,5,20,torch_flat_router|B1|E4096|D4096
router-quick,router,flat_router_decode,torch_flat_router,,bf16,1,4096,4096,,8,0,34,,score,cudagraph,cuda_event_grouped_5,12.2816,ok,,,,,5,20,torch_flat_router|B1|E4096|D4096
router-quick,router,flat_router_decode,torch_flat_router,,bf16,1,4096,4096,,8,0,35,,score,cudagraph,cuda_event_grouped_5,12.2304,ok,,,,,5,20,torch_flat_router|B1|E4096|D4096
router-quick,router,flat_router_decode,torch_flat_router,,bf16,1,4096,4096,,8,0,36,,score,cudagraph,cuda_event_grouped_5,12.2496,ok,,,,,5,20,torch_flat_router|B1|E4096|D4096
router-quick,router,flat_router_decode,torch_flat_router,,bf16,1,4096,4096,,8,0,37,,score,cudagraph,cuda_event_grouped_5,12.1536,ok,,,,,5,20,torch_flat_router|B1|E4096|D4096
router-quick,router,flat_router_decode,torch_flat_router,,bf16,1,4096,4096,,8,0,38,,score,cudagraph,cuda_event_grouped_5,12.3072,ok,,,,,5,20,torch_flat_router|B1|E4096|D4096
router-quick,router,flat_router_decode,torch_flat_router,,bf16,1,4096,4096,,8,0,39,,score,cudagraph,cuda_event_grouped_5,12.288,ok,,,,,5,20,torch_flat_router|B1|E4096|D4096
router-quick,router,flat_router_decode,torch_flat_router,,bf16,1,4096,4096,,8,0,40,,score,cudagraph,cuda_event_grouped_5,12.2176,ok,,,,,5,20,torch_flat_router|B1|E4096|D4096
router-quick,router,flat_router_decode,torch_flat_router,,bf16,1,4096,4096,,8,0,41,,score,cudagraph,cuda_event_grouped_5,12.224,ok,,,,,5,20,torch_flat_router|B1|E4096|D4096
router-quick,router,flat_router_decode,torch_flat_router,,bf16,1,4096,4096,,8,0,42,,score,cudagraph,cuda_event_grouped_5,12.2752,ok,,,,,5,20,torch_flat_router|B1|E4096|D4096
router-quick,router,flat_router_decode,torch_flat_router,,bf16,1,4096,4096,,8,0,43,,score,cudagraph,cuda_event_grouped_5,12.1984,ok,,,,,5,20,torch_flat_router|B1|E4096|D4096
router-quick,router,flat_router_decode,torch_flat_router,,bf16,1,4096,4096,,8,0,44,,score,cudagraph,cuda_event_grouped_5,12.256,ok,,,,,5,20,torch_flat_router|B1|E4096|D4096
router-quick,router,flat_router_decode,torch_flat_router,,bf16,1,4096,4096,,8,0,45,,score,cudagraph,cuda_event_grouped_5,12.2304,ok,,,,,5,20,torch_flat_router|B1|E4096|D4096
router-quick,router,flat_router_decode,torch_flat_router,,bf16,1,4096,4096,,8,0,46,,score,cudagraph,cuda_event_grouped_5,12.2368,ok,,,,,5,20,torch_flat_router|B1|E4096|D4096
router-quick,router,flat_router_decode,torch_flat_router,,bf16,1,4096,4096,,8,0,47,,score,cudagraph,cuda_event_grouped_5,12.1664,ok,,,,,5,20,torch_flat_router|B1|E4096|D4096
router-quick,router,flat_router_decode,torch_flat_router,,bf16,1,4096,4096,,8,0,48,,score,cudagraph,cuda_event_grouped_5,12.1984,ok,,,,,5,20,torch_flat_router|B1|E4096|D4096
router-quick,router,flat_router_decode,torch_flat_router,,bf16,1,4096,4096,,8,0,49,,score,cudagraph,cuda_event_grouped_5,12.2048,ok,,,,,5,20,torch_flat_router|B1|E4096|D4096
router-quick,router,flat_router_decode,torch_flat_router,,bf16,1,4096,4096,,8,0,50,,score,cudagraph,cuda_event_grouped_5,12.2368,ok,,,,,5,20,torch_flat_router|B1|E4096|D4096
router-quick,router,flat_router_decode,torch_flat_router,,bf16,1,4096,4096,,8,0,51,,score,cudagraph,cuda_event_grouped_5,12.2624,ok,,,,,5,20,torch_flat_router|B1|E4096|D4096
router-quick,router,flat_router_decode,torch_flat_router,,bf16,1,4096,4096,,8,0,52,,score,cudagraph,cuda_event_grouped_5,12.2368,ok,,,,,5,20,torch_flat_router|B1|E4096|D4096
router-quick,router,flat_router_decode,torch_flat_router,,bf16,1,4096,4096,,8,0,53,,score,cudagraph,cuda_event_grouped_5,12.2496,ok,,,,,5,20,torch_flat_router|B1|E4096|D4096
router-quick,router,flat_router_decode,torch_flat_router,,bf16,1,4096,4096,,8,0,54,,score,cudagraph,cuda_event_grouped_5,12.2432,ok,,,,,5,20,torch_flat_router|B1|E4096|D4096
router-quick,router,flat_router_decode,torch_flat_router,,bf16,1,4096,4096,,8,0,55,,score,cudagraph,cuda_event_grouped_5,12.2624,ok,,,,,5,20,torch_flat_router|B1|E4096|D4096
router-quick,router,flat_router_decode,torch_flat_router,,bf16,1,4096,4096,,8,0,56,,score,cudagraph,cuda_event_grouped_5,12.1856,ok,,,,,5,20,torch_flat_router|B1|E4096|D4096
router-quick,router,flat_router_decode,torch_flat_router,,bf16,1,4096,4096,,8,0,57,,score,cudagraph,cuda_event_grouped_5,12.2752,ok,,,,,5,20,torch_flat_router|B1|E4096|D4096
router-quick,router,flat_router_decode,torch_flat_router,,bf16,1,4096,4096,,8,0,58,,score,cudagraph,cuda_event_grouped_5,12.1856,ok,,,,,5,20,torch_flat_router|B1|E4096|D4096
router-quick,router,flat_router_decode,torch_flat_router,,bf16,1,4096,4096,,8,0,59,,score,cudagraph,cuda_event_grouped_5,12.1984,ok,,,,,5,20,torch_flat_router|B1|E4096|D4096
router-quick,router,flat_router_decode,torch_flat_router,,bf16,1,4096,4096,,8,0,60,,score,cudagraph,cuda_event_grouped_5,12.2624,ok,,,,,5,20,torch_flat_router|B1|E4096|D4096
router-quick,router,flat_router_decode,torch_flat_router,,bf16,1,4096,4096,,8,0,61,,score,cudagraph,cuda_event_grouped_5,12.1984,ok,,,,,5,20,torch_flat_router|B1|E4096|D4096
router-quick,router,flat_router_decode,torch_flat_router,,bf16,1,4096,4096,,8,0,62,,score,cudagraph,cuda_event_grouped_5,12.3264,ok,,,,,5,20,torch_flat_router|B1|E4096|D4096
router-quick,router,flat_router_decode,torch_flat_router,,bf16,1,4096,4096,,8,0,63,,score,cudagraph,cuda_event_grouped_5,12.2624,ok,,,,,5,20,torch_flat_router|B1|E4096|D4096
router-quick,router,flat_router_decode,torch_flat_router,,bf16,1,4096,4096,,8,0,64,,score,cudagraph,cuda_event_grouped_5,12.2432,ok,,,,,5,20,torch_flat_router|B1|E4096|D4096
router-quick,router,flat_router_decode,torch_flat_router,,bf16,1,4096,4096,,8,0,65,,score,cudagraph,cuda_event_grouped_5,12.3072,ok,,,,,5,20,torch_flat_router|B1|E4096|D4096
router-quick,router,flat_router_decode,torch_flat_router,,bf16,1,4096,4096,,8,0,66,,score,cudagraph,cuda_event_grouped_5,12.256,ok,,,,,5,20,torch_flat_router|B1|E4096|D4096
router-quick,router,flat_router_decode,torch_flat_router,,bf16,1,4096,4096,,8,0,67,,score,cudagraph,cuda_event_grouped_5,12.32,ok,,,,,5,20,torch_flat_router|B1|E4096|D4096
router-quick,router,flat_router_decode,torch_flat_router,,bf16,1,4096,4096,,8,0,68,,score,cudagraph,cuda_event_grouped_5,12.2688,ok,,,,,5,20,torch_flat_router|B1|E4096|D4096
router-quick,router,flat_router_decode,torch_flat_router,,bf16,1,4096,4096,,8,0,69,,score,cudagraph,cuda_event_grouped_5,12.2624,ok,,,,,5,20,torch_flat_router|B1|E4096|D4096
router-quick,router,flat_router_decode,torch_flat_router,,bf16,1,4096,4096,,8,0,70,,score,cudagraph,cuda_event_grouped_5,12.2048,ok,,,,,5,20,torch_flat_router|B1|E4096|D4096
router-quick,router,flat_router_decode,torch_flat_router,,bf16,1,4096,4096,,8,0,71,,score,cudagraph,cuda_event_grouped_5,12.2432,ok,,,,,5,20,torch_flat_router|B1|E4096|D4096
router-quick,router,flat_router_decode,torch_flat_router,,bf16,1,4096,4096,,8,0,72,,score,cudagraph,cuda_event_grouped_5,12.288,ok,,,,,5,20,torch_flat_router|B1|E4096|D4096
router-quick,router,flat_router_decode,torch_flat_router,,bf16,1,4096,4096,,8,0,73,,score,cudagraph,cuda_event_grouped_5,12.2752,ok,,,,,5,20,torch_flat_router|B1|E4096|D4096
router-quick,router,flat_router_decode,torch_flat_router,,bf16,1,4096,4096,,8,0,74,,score,cudagraph,cuda_event_grouped_5,12.256,ok,,,,,5,20,torch_flat_router|B1|E4096|D4096
router-quick,router,flat_router_decode,torch_flat_router,,bf16,1,4096,4096,,8,0,75,,score,cudagraph,cuda_event_grouped_5,12.224,ok,,,,,5,20,torch_flat_router|B1|E4096|D4096
router-quick,router,flat_router_decode,torch_flat_router,,bf16,1,4096,4096,,8,0,76,,score,cudagraph,cuda_event_grouped_5,12.3072,ok,,,,,5,20,torch_flat_router|B1|E4096|D4096
router-quick,router,flat_router_decode,torch_flat_router,,bf16,1,4096,4096,,8,0,77,,score,cudagraph,cuda_event_grouped_5,12.288,ok,,,,,5,20,torch_flat_router|B1|E4096|D4096
router-quick,router,flat_router_decode,torch_flat_router,,bf16,1,4096,4096,,8,0,78,,score,cudagraph,cuda_event_grouped_5,12.2048,ok,,,,,5,20,torch_flat_router|B1|E4096|D4096
router-quick,router,flat_router_decode,torch_flat_router,,bf16,1,4096,4096,,8,0,79,,score,cudagraph,cuda_event_grouped_5,12.2944,ok,,,,,5,20,torch_flat_router|B1|E4096|D4096
router-quick,router,flat_router_decode,torch_flat_router,,bf16,1,4096,4096,,8,0,80,,score,cudagraph,cuda_event_grouped_5,12.3136,ok,,,,,5,20,torch_flat_router|B1|E4096|D4096
router-quick,router,flat_router_decode,torch_flat_router,,bf16,1,4096,4096,,8,0,81,,score,cudagraph,cuda_event_grouped_5,12.2432,ok,,,,,5,20,torch_flat_router|B1|E4096|D4096
router-quick,router,flat_router_decode,torch_flat_router,,bf16,1,4096,4096,,8,0,82,,score,cudagraph,cuda_event_grouped_5,12.2048,ok,,,,,5,20,torch_flat_router|B1|E4096|D4096
router-quick,router,flat_router_decode,torch_flat_router,,bf16,1,4096,4096,,8,0,83,,score,cudagraph,cuda_event_grouped_5,12.256,ok,,,,,5,20,torch_flat_router|B1|E4096|D4096
router-quick,router,flat_router_decode,torch_flat_router,,bf16,1,4096,4096,,8,0,84,,score,cudagraph,cuda_event_grouped_5,12.2432,ok,,,,,5,20,torch_flat_router|B1|E4096|D4096
router-quick,router,flat_router_decode,torch_flat_router,,bf16,1,4096,4096,,8,0,85,,score,cudagraph,cuda_event_grouped_5,12.3776,ok,,,,,5,20,torch_flat_router|B1|E4096|D4096
router-quick,router,flat_router_decode,torch_flat_router,,bf16,1,4096,4096,,8,0,86,,score,cudagraph,cuda_event_grouped_5,12.1728,ok,,,,,5,20,torch_flat_router|B1|E4096|D4096
router-quick,router,flat_router_decode,torch_flat_router,,bf16,1,4096,4096,,8,0,87,,score,cudagraph,cuda_event_grouped_5,12.2368,ok,,,,,5,20,torch_flat_router|B1|E4096|D4096
router-quick,router,flat_router_decode,torch_flat_router,,bf16,1,4096,4096,,8,0,88,,score,cudagraph,cuda_event_grouped_5,12.2688,ok,,,,,5,20,torch_flat_router|B1|E4096|D4096
router-quick,router,flat_router_decode,torch_flat_router,,bf16,1,4096,4096,,8,0,89,,score,cudagraph,cuda_event_grouped_5,12.2496,ok,,,,,5,20,torch_flat_router|B1|E4096|D4096
router-quick,router,flat_router_decode,torch_flat_router,,bf16,1,4096,4096,,8,0,90,,score,cudagraph,cuda_event_grouped_5,12.2432,ok,,,,,5,20,torch_flat_router|B1|E4096|D4096
router-quick,router,flat_router_decode,torch_flat_router,,bf16,1,4096,4096,,8,0,91,,score,cudagraph,cuda_event_grouped_5,12.224,ok,,,,,5,20,torch_flat_router|B1|E4096|D4096
router-quick,router,flat_router_decode,torch_flat_router,,bf16,1,4096,4096,,8,0,92,,score,cudagraph,cuda_event_grouped_5,12.2944,ok,,,,,5,20,torch_flat_router|B1|E4096|D4096
router-quick,router,flat_router_decode,torch_flat_router,,bf16,1,4096,4096,,8,0,93,,score,cudagraph,cuda_event_grouped_5,12.2688,ok,,,,,5,20,torch_flat_router|B1|E4096|D4096
router-quick,router,flat_router_decode,torch_flat_router,,bf16,1,4096,4096,,8,0,94,,score,cudagraph,cuda_event_grouped_5,12.192,ok,,,,,5,20,torch_flat_router|B1|E4096|D4096
router-quick,router,flat_router_decode,torch_flat_router,,bf16,1,4096,4096,,8,0,95,,score,cudagraph,cuda_event_grouped_5,12.2624,ok,,,,,5,20,torch_flat_router|B1|E4096|D4096
router-quick,router,flat_router_decode,torch_flat_router,,bf16,1,4096,4096,,8,0,96,,score,cudagraph,cuda_event_grouped_5,12.32,ok,,,,,5,20,torch_flat_router|B1|E4096|D4096
router-quick,router,flat_router_decode,torch_flat_router,,bf16,1,4096,4096,,8,0,97,,score,cudagraph,cuda_event_grouped_5,12.2368,ok,,,,,5,20,torch_flat_router|B1|E4096|D4096
router-quick,router,flat_router_decode,torch_flat_router,,bf16,1,4096,4096,,8,0,98,,score,cudagraph,cuda_event_grouped_5,12.192,ok,,,,,5,20,torch_flat_router|B1|E4096|D4096
router-quick,router,flat_router_decode,torch_flat_router,,bf16,1,4096,4096,,8,0,99,,score,cudagraph,cuda_event_grouped_5,12.256,ok,,,,,5,20,torch_flat_router|B1|E4096|D4096
router-quick,router,flat_router_decode,torch_flat_router,,bf16,1,4096,4096,,8,0,0,,select,cudagraph,cuda_event_grouped_2,29.696,ok,,,,,2,20,torch_flat_router|B1|E4096|D4096
router-quick,router,flat_router_decode,torch_flat_router,,bf16,1,4096,4096,,8,0,1,,select,cudagraph,cuda_event_grouped_2,28.736,ok,,,,,2,20,torch_flat_router|B1|E4096|D4096
router-quick,router,flat_router_decode,torch_flat_router,,bf16,1,4096,4096,,8,0,2,,select,cudagraph,cuda_event_grouped_2,29.76,ok,,,,,2,20,torch_flat_router|B1|E4096|D4096
router-quick,router,flat_router_decode,torch_flat_router,,bf16,1,4096,4096,,8,0,3,,select,cudagraph,cuda_event_grouped_2,28.48,ok,,,,,2,20,torch_flat_router|B1|E4096|D4096
router-quick,router,flat_router_decode,torch_flat_router,,bf16,1,4096,4096,,8,0,4,,select,cudagraph,cuda_event_grouped_2,27.648,ok,,,,,2,20,torch_flat_router|B1|E4096|D4096
router-quick,router,flat_router_decode,torch_flat_router,,bf16,1,4096,4096,,8,0,5,,select,cudagraph,cuda_event_grouped_2,27.664,ok,,,,,2,20,torch_flat_router|B1|E4096|D4096
router-quick,router,flat_router_decode,torch_flat_router,,bf16,1,4096,4096,,8,0,6,,select,cudagraph,cuda_event_grouped_2,29.344,ok,,,,,2,20,torch_flat_router|B1|E4096|D4096
router-quick,router,flat_router_decode,torch_flat_router,,bf16,1,4096,4096,,8,0,7,,select,cudagraph,cuda_event_grouped_2,28.624,ok,,,,,2,20,torch_flat_router|B1|E4096|D4096
router-quick,router,flat_router_decode,torch_flat_router,,bf16,1,4096,4096,,8,0,8,,select,cudagraph,cuda_event_grouped_2,29.44,ok,,,,,2,20,torch_flat_router|B1|E4096|D4096
router-quick,router,flat_router_decode,torch_flat_router,,bf16,1,4096,4096,,8,0,9,,select,cudagraph,cuda_event_grouped_2,28.512,ok,,,,,2,20,torch_flat_router|B1|E4096|D4096
router-quick,router,flat_router_decode,torch_flat_router,,bf16,1,4096,4096,,8,0,10,,select,cudagraph,cuda_event_grouped_2,29.616,ok,,,,,2,20,torch_flat_router|B1|E4096|D4096
router-quick,router,flat_router_decode,torch_flat_router,,bf16,1,4096,4096,,8,0,11,,select,cudagraph,cuda_event_grouped_2,28.4,ok,,,,,2,20,torch_flat_router|B1|E4096|D4096
router-quick,router,flat_router_decode,torch_flat_router,,bf16,1,4096,4096,,8,0,12,,select,cudagraph,cuda_event_grouped_2,27.568,ok,,,,,2,20,torch_flat_router|B1|E4096|D4096
router-quick,router,flat_router_decode,torch_flat_router,,bf16,1,4096,4096,,8,0,13,,select,cudagraph,cuda_event_grouped_2,27.6,ok,,,,,2,20,torch_flat_router|B1|E4096|D4096
router-quick,router,flat_router_decode,torch_flat_router,,bf16,1,4096,4096,,8,0,14,,select,cudagraph,cuda_event_grouped_2,29.328,ok,,,,,2,20,torch_flat_router|B1|E4096|D4096
router-quick,router,flat_router_decode,torch_flat_router,,bf16,1,4096,4096,,8,0,15,,select,cudagraph,cuda_event_grouped_2,28.544,ok,,,,,2,20,torch_flat_router|B1|E4096|D4096
router-quick,router,flat_router_decode,torch_flat_router,,bf16,1,4096,4096,,8,0,16,,select,cudagraph,cuda_event_grouped_2,29.472,ok,,,,,2,20,torch_flat_router|B1|E4096|D4096
router-quick,router,flat_router_decode,torch_flat_router,,bf16,1,4096,4096,,8,0,17,,select,cudagraph,cuda_event_grouped_2,28.688,ok,,,,,2,20,torch_flat_router|B1|E4096|D4096
router-quick,router,flat_router_decode,torch_flat_router,,bf16,1,4096,4096,,8,0,18,,select,cudagraph,cuda_event_grouped_2,29.6,ok,,,,,2,20,torch_flat_router|B1|E4096|D4096
router-quick,router,flat_router_decode,torch_flat_router,,bf16,1,4096,4096,,8,0,19,,select,cudagraph,cuda_event_grouped_2,28.176,ok,,,,,2,20,torch_flat_router|B1|E4096|D4096
router-quick,router,flat_router_decode,torch_flat_router,,bf16,1,4096,4096,,8,0,20,,select,cudagraph,cuda_event_grouped_2,27.648,ok,,,,,2,20,torch_flat_router|B1|E4096|D4096
router-quick,router,flat_router_decode,torch_flat_router,,bf16,1,4096,4096,,8,0,21,,select,cudagraph,cuda_event_grouped_2,27.632,ok,,,,,2,20,torch_flat_router|B1|E4096|D4096
router-quick,router,flat_router_decode,torch_flat_router,,bf16,1,4096,4096,,8,0,22,,select,cudagraph,cuda_event_grouped_2,29.392,ok,,,,,2,20,torch_flat_router|B1|E4096|D4096
router-quick,router,flat_router_decode,torch_flat_router,,bf16,1,4096,4096,,8,0,23,,select,cudagraph,cuda_event_grouped_2,28.704,ok,,,,,2,20,torch_flat_router|B1|E4096|D4096
router-quick,router,flat_router_decode,torch_flat_router,,bf16,1,4096,4096,,8,0,24,,select,cudagraph,cuda_event_grouped_2,29.408,ok,,,,,2,20,torch_flat_router|B1|E4096|D4096
router-quick,router,flat_router_decode,torch_flat_router,,bf16,1,4096,4096,,8,0,25,,select,cudagraph,cuda_event_grouped_2,28.64,ok,,,,,2,20,torch_flat_router|B1|E4096|D4096
router-quick,router,flat_router_decode,torch_flat_router,,bf16,1,4096,4096,,8,0,26,,select,cudagraph,cuda_event_grouped_2,29.488,ok,,,,,2,20,torch_flat_router|B1|E4096|D4096
router-quick,router,flat_router_decode,torch_flat_router,,bf16,1,4096,4096,,8,0,27,,select,cudagraph,cuda_event_grouped_2,28.336,ok,,,,,2,20,torch_flat_router|B1|E4096|D4096
router-quick,router,flat_router_decode,torch_flat_router,,bf16,1,4096,4096,,8,0,28,,select,cudagraph,cuda_event_grouped_2,27.632,ok,,,,,2,20,torch_flat_router|B1|E4096|D4096
router-quick,router,flat_router_decode,torch_flat_router,,bf16,1,4096,4096,,8,0,29,,select,cudagraph,cuda_event_grouped_2,27.616,ok,,,,,2,20,torch_flat_router|B1|E4096|D4096
router-quick,router,flat_router_decode,torch_flat_router,,bf16,1,4096,4096,,8,0,30,,select,cudagraph,cuda_event_grouped_2,29.312,ok,,,,,2,20,torch_flat_router|B1|E4096|D4096
router-quick,router,flat_router_decode,torch_flat_router,,bf16,1,4096,4096,,8,0,31,,select,cudagraph,cuda_event_grouped_2,28.72,ok,,,,,2,20,torch_flat_router|B1|E4096|D4096
router-quick,router,flat_router_decode,torch_flat_router,,bf16,1,4096,4096,,8,0,32,,select,cudagraph,cuda_event_grouped_2,29.408,ok,,,,,2,20,torch_flat_router|B1|E4096|D4096
router-quick,router,flat_router_decode,torch_flat_router,,bf16,1,4096,4096,,8,0,33,,select,cudagraph,cuda_event_grouped_2,28.656,ok,,,,,2,20,torch_flat_router|B1|E4096|D4096
router-quick,router,flat_router_decode,torch_flat_router,,bf16,1,4096,4096,,8,0,34,,select,cudagraph,cuda_event_grouped_2,29.552,ok,,,,,2,20,torch_flat_router|B1|E4096|D4096
router-quick,router,flat_router_decode,torch_flat_router,,bf16,1,4096,4096,,8,0,35,,select,cudagraph,cuda_event_grouped_2,28.4,ok,,,,,2,20,torch_flat_router|B1|E4096|D4096
router-quick,router,flat_router_decode,torch_flat_router,,bf16,1,4096,4096,,8,0,36,,select,cudagraph,cuda_event_grouped_2,27.696,ok,,,,,2,20,torch_flat_router|B1|E4096|D4096
router-quick,router,flat_router_decode,torch_flat_router,,bf16,1,4096,4096,,8,0,37,,select,cudagraph,cuda_event_grouped_2,27.76,ok,,,,,2,20,torch_flat_router|B1|E4096|D4096
router-quick,router,flat_router_decode,torch_flat_router,,bf16,1,4096,4096,,8,0,38,,select,cudagraph,cuda_event_grouped_2,29.344,ok,,,,,2,20,torch_flat_router|B1|E4096|D4096
router-quick,router,flat_router_decode,torch_flat_router,,bf16,1,4096,4096,,8,0,39,,select,cudagraph,cuda_event_grouped_2,28.64,ok,,,,,2,20,torch_flat_router|B1|E4096|D4096
router-quick,router,flat_router_decode,torch_flat_router,,bf16,1,4096,4096,,8,0,40,,select,cudagraph,cuda_event_grouped_2,29.248,ok,,,,,2,20,torch_flat_router|B1|E4096|D4096
router-quick,router,flat_router_decode,torch_flat_router,,bf16,1,4096,4096,,8,0,41,,select,cudagraph,cuda_event_grouped_2,28.464,ok,,,,,2,20,torch_flat_router|B1|E4096|D4096
router-quick,router,flat_router_decode,torch_flat_router,,bf16,1,4096,4096,,8,0,42,,select,cudagraph,cuda_event_grouped_2,29.632,ok,,,,,2,20,torch_flat_router|B1|E4096|D4096
router-quick,router,flat_router_decode,torch_flat_router,,bf16,1,4096,4096,,8,0,43,,select,cudagraph,cuda_event_grouped_2,28.32,ok,,,,,2,20,torch_flat_router|B1|E4096|D4096
router-quick,router,flat_router_decode,torch_flat_router,,bf16,1,4096,4096,,8,0,44,,select,cudagraph,cuda_event_grouped_2,27.6,ok,,,,,2,20,torch_flat_router|B1|E4096|D4096
router-quick,router,flat_router_decode,torch_flat_router,,bf16,1,4096,4096,,8,0,45,,select,cudagraph,cuda_event_grouped_2,27.648,ok,,,,,2,20,torch_flat_router|B1|E4096|D4096
router-quick,router,flat_router_decode,torch_flat_router,,bf16,1,4096,4096,,8,0,46,,select,cudagraph,cuda_event_grouped_2,29.328,ok,,,,,2,20,torch_flat_router|B1|E4096|D4096
router-quick,router,flat_router_decode,torch_flat_router,,bf16,1,4096,4096,,8,0,47,,select,cudagraph,cuda_event_grouped_2,28.688,ok,,,,,2,20,torch_flat_router|B1|E4096|D4096
router-quick,router,flat_router_decode,torch_flat_router,,bf16,1,4096,4096,,8,0,48,,select,cudagraph,cuda_event_grouped_2,29.488,ok,,,,,2,20,torch_flat_router|B1|E4096|D4096
router-quick,router,flat_router_decode,torch_flat_router,,bf16,1,4096,4096,,8,0,49,,select,cudagraph,cuda_event_grouped_2,28.576,ok,,,,,2,20,torch_flat_router|B1|E4096|D4096
router-quick,router,flat_router_decode,torch_flat_router,,bf16,1,4096,4096,,8,0,50,,select,cudagraph,cuda_event_grouped_2,29.408,ok,,,,,2,20,torch_flat_router|B1|E4096|D4096
router-quick,router,flat_router_decode,torch_flat_router,,bf16,1,4096,4096,,8,0,51,,select,cudagraph,cuda_event_grouped_2,28.464,ok,,,,,2,20,torch_flat_router|B1|E4096|D4096
router-quick,router,flat_router_decode,torch_flat_router,,bf16,1,4096,4096,,8,0,52,,select,cudagraph,cuda_event_grouped_2,27.712,ok,,,,,2,20,torch_flat_router|B1|E4096|D4096
router-quick,router,flat_router_decode,torch_flat_router,,bf16,1,4096,4096,,8,0,53,,select,cudagraph,cuda_event_grouped_2,27.536,ok,,,,,2,20,torch_flat_router|B1|E4096|D4096
router-quick,router,flat_router_decode,torch_flat_router,,bf16,1,4096,4096,,8,0,54,,select,cudagraph,cuda_event_grouped_2,29.36,ok,,,,,2,20,torch_flat_router|B1|E4096|D4096
router-quick,router,flat_router_decode,torch_flat_router,,bf16,1,4096,4096,,8,0,55,,select,cudagraph,cuda_event_grouped_2,28.608,ok,,,,,2,20,torch_flat_router|B1|E4096|D4096
router-quick,router,flat_router_decode,torch_flat_router,,bf16,1,4096,4096,,8,0,56,,select,cudagraph,cuda_event_grouped_2,29.36,ok,,,,,2,20,torch_flat_router|B1|E4096|D4096
router-quick,router,flat_router_decode,torch_flat_router,,bf16,1,4096,4096,,8,0,57,,select,cudagraph,cuda_event_grouped_2,28.72,ok,,,,,2,20,torch_flat_router|B1|E4096|D4096
router-quick,router,flat_router_decode,torch_flat_router,,bf16,1,4096,4096,,8,0,58,,select,cudagraph,cuda_event_grouped_2,29.536,ok,,,,,2,20,torch_flat_router|B1|E4096|D4096
router-quick,router,flat_router_decode,torch_flat_router,,bf16,1,4096,4096,,8,0,59,,select,cudagraph,cuda_event_grouped_2,28.336,ok,,,,,2,20,torch_flat_router|B1|E4096|D4096
router-quick,router,flat_router_decode,torch_flat_router,,bf16,1,4096,4096,,8,0,60,,select,cudagraph,cuda_event_grouped_2,27.568,ok,,,,,2,20,torch_flat_router|B1|E4096|D4096
router-quick,router,flat_router_decode,torch_flat_router,,bf16,1,4096,4096,,8,0,61,,select,cudagraph,cuda_event_grouped_2,27.632,ok,,,,,2,20,torch_flat_router|B1|E4096|D4096
router-quick,router,flat_router_decode,torch_flat_router,,bf16,1,4096,4096,,8,0,62,,select,cudagraph,cuda_event_grouped_2,29.312,ok,,,,,2,20,torch_flat_router|B1|E4096|D4096
router-quick,router,flat_router_decode,torch_flat_router,,bf16,1,4096,4096,,8,0,63,,select,cudagraph,cuda_event_grouped_2,28.624,ok,,,,,2,20,torch_flat_router|B1|E4096|D4096
router-quick,router,flat_router_decode,torch_flat_router,,bf16,1,4096,4096,,8,0,64,,select,cudagraph,cuda_event_grouped_2,29.264,ok,,,,,2,20,torch_flat_router|B1|E4096|D4096
router-quick,router,flat_router_decode,torch_flat_router,,bf16,1,4096,4096,,8,0,65,,select,cudagraph,cuda_event_grouped_2,28.56,ok,,,,,2,20,torch_flat_router|B1|E4096|D4096
router-quick,router,flat_router_decode,torch_flat_router,,bf16,1,4096,4096,,8,0,66,,select,cudagraph,cuda_event_grouped_2,29.568,ok,,,,,2,20,torch_flat_router|B1|E4096|D4096
router-quick,router,flat_router_decode,torch_flat_router,,bf16,1,4096,4096,,8,0,67,,select,cudagraph,cuda_event_grouped_2,28.416,ok,,,,,2,20,torch_flat_router|B1|E4096|D4096
router-quick,router,flat_router_decode,torch_flat_router,,bf16,1,4096,4096,,8,0,68,,select,cudagraph,cuda_event_grouped_2,27.632,ok,,,,,2,20,torch_flat_router|B1|E4096|D4096
router-quick,router,flat_router_decode,torch_flat_router,,bf16,1,4096,4096,,8,0,69,,select,cudagraph,cuda_event_grouped_2,27.616,ok,,,,,2,20,torch_flat_router|B1|E4096|D4096
router-quick,router,flat_router_decode,torch_flat_router,,bf16,1,4096,4096,,8,0,70,,select,cudagraph,cuda_event_grouped_2,30.672,ok,,,,,2,20,torch_flat_router|B1|E4096|D4096
router-quick,router,flat_router_decode,torch_flat_router,,bf16,1,4096,4096,,8,0,71,,select,cudagraph,cuda_event_grouped_2,28.672,ok,,,,,2,20,torch_flat_router|B1|E4096|D4096
router-quick,router,flat_router_decode,torch_flat_router,,bf16,1,4096,4096,,8,0,72,,select,cudagraph,cuda_event_grouped_2,29.344,ok,,,,,2,20,torch_flat_router|B1|E4096|D4096
router-quick,router,flat_router_decode,torch_flat_router,,bf16,1,4096,4096,,8,0,73,,select,cudagraph,cuda_event_grouped_2,28.528,ok,,,,,2,20,torch_flat_router|B1|E4096|D4096
router-quick,router,flat_router_decode,torch_flat_router,,bf16,1,4096,4096,,8,0,74,,select,cudagraph,cuda_event_grouped_2,29.6,ok,,,,,2,20,torch_flat_router|B1|E4096|D4096
router-quick,router,flat_router_decode,torch_flat_router,,bf16,1,4096,4096,,8,0,75,,select,cudagraph,cuda_event_grouped_2,28.4,ok,,,,,2,20,torch_flat_router|B1|E4096|D4096
router-quick,router,flat_router_decode,torch_flat_router,,bf16,1,4096,4096,,8,0,76,,select,cudagraph,cuda_event_grouped_2,27.552,ok,,,,,2,20,torch_flat_router|B1|E4096|D4096
router-quick,router,flat_router_decode,torch_flat_router,,bf16,1,4096,4096,,8,0,77,,select,cudagraph,cuda_event_grouped_2,27.584,ok,,,,,2,20,torch_flat_router|B1|E4096|D4096
router-quick,router,flat_router_decode,torch_flat_router,,bf16,1,4096,4096,,8,0,78,,select,cudagraph,cuda_event_grouped_2,29.344,ok,,,,,2,20,torch_flat_router|B1|E4096|D4096
router-quick,router,flat_router_decode,torch_flat_router,,bf16,1,4096,4096,,8,0,79,,select,cudagraph,cuda_event_grouped_2,28.528,ok,,,,,2,20,torch_flat_router|B1|E4096|D4096
router-quick,router,flat_router_decode,torch_flat_router,,bf16,1,4096,4096,,8,0,80,,select,cudagraph,cuda_event_grouped_2,29.44,ok,,,,,2,20,torch_flat_router|B1|E4096|D4096
router-quick,router,flat_router_decode,torch_flat_router,,bf16,1,4096,4096,,8,0,81,,select,cudagraph,cuda_event_grouped_2,28.656,ok,,,,,2,20,torch_flat_router|B1|E4096|D4096
router-quick,router,flat_router_decode,torch_flat_router,,bf16,1,4096,4096,,8,0,82,,select,cudagraph,cuda_event_grouped_2,29.568,ok,,,,,2,20,torch_flat_router|B1|E4096|D4096
router-quick,router,flat_router_decode,torch_flat_router,,bf16,1,4096,4096,,8,0,83,,select,cudagraph,cuda_event_grouped_2,28.448,ok,,,,,2,20,torch_flat_router|B1|E4096|D4096
router-quick,router,flat_router_decode,torch_flat_router,,bf16,1,4096,4096,,8,0,84,,select,cudagraph,cuda_event_grouped_2,27.696,ok,,,,,2,20,torch_flat_router|B1|E4096|D4096
router-quick,router,flat_router_decode,torch_flat_router,,bf16,1,4096,4096,,8,0,85,,select,cudagraph,cuda_event_grouped_2,27.664,ok,,,,,2,20,torch_flat_router|B1|E4096|D4096
router-quick,router,flat_router_decode,torch_flat_router,,bf16,1,4096,4096,,8,0,86,,select,cudagraph,cuda_event_grouped_2,29.36,ok,,,,,2,20,torch_flat_router|B1|E4096|D4096
router-quick,router,flat_router_decode,torch_flat_router,,bf16,1,4096,4096,,8,0,87,,select,cudagraph,cuda_event_grouped_2,28.72,ok,,,,,2,20,torch_flat_router|B1|E4096|D4096
router-quick,router,flat_router_decode,torch_flat_router,,bf16,1,4096,4096,,8,0,88,,select,cudagraph,cuda_event_grouped_2,29.456,ok,,,,,2,20,torch_flat_router|B1|E4096|D4096
router-quick,router,flat_router_decode,torch_flat_router,,bf16,1,4096,4096,,8,0,89,,select,cudagraph,cuda_event_grouped_2,28.48,ok,,,,,2,20,torch_flat_router|B1|E4096|D4096
router-quick,router,flat_router_decode,torch_flat_router,,bf16,1,4096,4096,,8,0,90,,select,cudagraph,cuda_event_grouped_2,29.456,ok,,,,,2,20,torch_flat_router|B1|E4096|D4096
router-quick,router,flat_router_decode,torch_flat_router,,bf16,1,4096,4096,,8,0,91,,select,cudagraph,cuda_event_grouped_2,28.384,ok,,,,,2,20,torch_flat_router|B1|E4096|D4096
router-quick,router,flat_router_decode,torch_flat_router,,bf16,1,4096,4096,,8,0,92,,select,cudagraph,cuda_event_grouped_2,27.584,ok,,,,,2,20,torch_flat_router|B1|E4096|D4096
router-quick,router,flat_router_decode,torch_flat_router,,bf16,1,4096,4096,,8,0,93,,select,cudagraph,cuda_event_grouped_2,27.696,ok,,,,,2,20,torch_flat_router|B1|E4096|D4096
router-quick,router,flat_router_decode,torch_flat_router,,bf16,1,4096,4096,,8,0,94,,select,cudagraph,cuda_event_grouped_2,29.344,ok,,,,,2,20,torch_flat_router|B1|E4096|D4096
router-quick,router,flat_router_decode,torch_flat_router,,bf16,1,4096,4096,,8,0,95,,select,cudagraph,cuda_event_grouped_2,28.736,ok,,,,,2,20,torch_flat_router|B1|E4096|D4096
router-quick,router,flat_router_decode,torch_flat_router,,bf16,1,4096,4096,,8,0,96,,select,cudagraph,cuda_event_grouped_2,29.536,ok,,,,,2,20,torch_flat_router|B1|E4096|D4096
router-quick,router,flat_router_decode,torch_flat_router,,bf16,1,4096,4096,,8,0,97,,select,cudagraph,cuda_event_grouped_2,28.752,ok,,,,,2,20,torch_flat_router|B1|E4096|D4096
router-quick,router,flat_router_decode,torch_flat_router,,bf16,1,4096,4096,,8,0,98,,select,cudagraph,cuda_event_grouped_2,29.6,ok,,,,,2,20,torch_flat_router|B1|E4096|D4096
router-quick,router,flat_router_decode,torch_flat_router,,bf16,1,4096,4096,,8,0,99,,select,cudagraph,cuda_event_grouped_2,28.448,ok,,,,,2,20,torch_flat_router|B1|E4096|D4096
router-quick,router,flat_router_decode,torch_flat_router,,bf16,1,4096,4096,,8,0,0,,combined,cudagraph,cuda_event_grouped_2,39.184,ok,,,,,2,20,torch_flat_router|B1|E4096|D4096
router-quick,router,flat_router_decode,torch_flat_router,,bf16,1,4096,4096,,8,0,1,,combined,cudagraph,cuda_event_grouped_2,38.976,ok,,,,,2,20,torch_flat_router|B1|E4096|D4096
router-quick,router,flat_router_decode,torch_flat_router,,bf16,1,4096,4096,,8,0,2,,combined,cudagraph,cuda_event_grouped_2,39.024,ok,,,,,2,20,torch_flat_router|B1|E4096|D4096
router-quick,router,flat_router_decode,torch_flat_router,,bf16,1,4096,4096,,8,0,3,,combined,cudagraph,cuda_event_grouped_2,40.912,ok,,,,,2,20,torch_flat_router|B1|E4096|D4096
router-quick,router,flat_router_decode,torch_flat_router,,bf16,1,4096,4096,,8,0,4,,combined,cudagraph,cuda_event_grouped_2,38.688,ok,,,,,2,20,torch_flat_router|B1|E4096|D4096
router-quick,router,flat_router_decode,torch_flat_router,,bf16,1,4096,4096,,8,0,5,,combined,cudagraph,cuda_event_grouped_2,42.096,ok,,,,,2,20,torch_flat_router|B1|E4096|D4096
router-quick,router,flat_router_decode,torch_flat_router,,bf16,1,4096,4096,,8,0,6,,combined,cudagraph,cuda_event_grouped_2,42.016,ok,,,,,2,20,torch_flat_router|B1|E4096|D4096
router-quick,router,flat_router_decode,torch_flat_router,,bf16,1,4096,4096,,8,0,7,,combined,cudagraph,cuda_event_grouped_2,39.152,ok,,,,,2,20,torch_flat_router|B1|E4096|D4096
router-quick,router,flat_router_decode,torch_flat_router,,bf16,1,4096,4096,,8,0,8,,combined,cudagraph,cuda_event_grouped_2,40.032,ok,,,,,2,20,torch_flat_router|B1|E4096|D4096
router-quick,router,flat_router_decode,torch_flat_router,,bf16,1,4096,4096,,8,0,9,,combined,cudagraph,cuda_event_grouped_2,39.984,ok,,,,,2,20,torch_flat_router|B1|E4096|D4096
router-quick,router,flat_router_decode,torch_flat_router,,bf16,1,4096,4096,,8,0,10,,combined,cudagraph,cuda_event_grouped_2,40.624,ok,,,,,2,20,torch_flat_router|B1|E4096|D4096
router-quick,router,flat_router_decode,torch_flat_router,,bf16,1,4096,4096,,8,0,11,,combined,cudagraph,cuda_event_grouped_2,37.408,ok,,,,,2,20,torch_flat_router|B1|E4096|D4096
router-quick,router,flat_router_decode,torch_flat_router,,bf16,1,4096,4096,,8,0,12,,combined,cudagraph,cuda_event_grouped_2,38.416,ok,,,,,2,20,torch_flat_router|B1|E4096|D4096
router-quick,router,flat_router_decode,torch_flat_router,,bf16,1,4096,4096,,8,0,13,,combined,cudagraph,cuda_event_grouped_2,38.784,ok,,,,,2,20,torch_flat_router|B1|E4096|D4096
router-quick,router,flat_router_decode,torch_flat_router,,bf16,1,4096,4096,,8,0,14,,combined,cudagraph,cuda_event_grouped_2,39.312,ok,,,,,2,20,torch_flat_router|B1|E4096|D4096
router-quick,router,flat_router_decode,torch_flat_router,,bf16,1,4096,4096,,8,0,15,,combined,cudagraph,cuda_event_grouped_2,38.928,ok,,,,,2,20,torch_flat_router|B1|E4096|D4096
router-quick,router,flat_router_decode,torch_flat_router,,bf16,1,4096,4096,,8,0,16,,combined,cudagraph,cuda_event_grouped_2,40.752,ok,,,,,2,20,torch_flat_router|B1|E4096|D4096
router-quick,router,flat_router_decode,torch_flat_router,,bf16,1,4096,4096,,8,0,17,,combined,cudagraph,cuda_event_grouped_2,41.008,ok,,,,,2,20,torch_flat_router|B1|E4096|D4096
router-quick,router,flat_router_decode,torch_flat_router,,bf16,1,4096,4096,,8,0,18,,combined,cudagraph,cuda_event_grouped_2,39.328,ok,,,,,2,20,torch_flat_router|B1|E4096|D4096
router-quick,router,flat_router_decode,torch_flat_router,,bf16,1,4096,4096,,8,0,19,,combined,cudagraph,cuda_event_grouped_2,39.728,ok,,,,,2,20,torch_flat_router|B1|E4096|D4096
router-quick,router,flat_router_decode,torch_flat_router,,bf16,1,4096,4096,,8,0,20,,combined,cudagraph,cuda_event_grouped_2,40.224,ok,,,,,2,20,torch_flat_router|B1|E4096|D4096
router-quick,router,flat_router_decode,torch_flat_router,,bf16,1,4096,4096,,8,0,21,,combined,cudagraph,cuda_event_grouped_2,39.936,ok,,,,,2,20,torch_flat_router|B1|E4096|D4096
router-quick,router,flat_router_decode,torch_flat_router,,bf16,1,4096,4096,,8,0,22,,combined,cudagraph,cuda_event_grouped_2,39.088,ok,,,,,2,20,torch_flat_router|B1|E4096|D4096
router-quick,router,flat_router_decode,torch_flat_router,,bf16,1,4096,4096,,8,0,23,,combined,cudagraph,cuda_event_grouped_2,40.224,ok,,,,,2,20,torch_flat_router|B1|E4096|D4096
router-quick,router,flat_router_decode,torch_flat_router,,bf16,1,4096,4096,,8,0,24,,combined,cudagraph,cuda_event_grouped_2,39.856,ok,,,,,2,20,torch_flat_router|B1|E4096|D4096
router-quick,router,flat_router_decode,torch_flat_router,,bf16,1,4096,4096,,8,0,25,,combined,cudagraph,cuda_event_grouped_2,39.168,ok,,,,,2,20,torch_flat_router|B1|E4096|D4096
router-quick,router,flat_router_decode,torch_flat_router,,bf16,1,4096,4096,,8,0,26,,combined,cudagraph,cuda_event_grouped_2,40.88,ok,,,,,2,20,torch_flat_router|B1|E4096|D4096
router-quick,router,flat_router_decode,torch_flat_router,,bf16,1,4096,4096,,8,0,27,,combined,cudagraph,cuda_event_grouped_2,42.096,ok,,,,,2,20,torch_flat_router|B1|E4096|D4096
router-quick,router,flat_router_decode,torch_flat_router,,bf16,1,4096,4096,,8,0,28,,combined,cudagraph,cuda_event_grouped_2,40.032,ok,,,,,2,20,torch_flat_router|B1|E4096|D4096
router-quick,router,flat_router_decode,torch_flat_router,,bf16,1,4096,4096,,8,0,29,,combined,cudagraph,cuda_event_grouped_2,37.056,ok,,,,,2,20,torch_flat_router|B1|E4096|D4096
router-quick,router,flat_router_decode,torch_flat_router,,bf16,1,4096,4096,,8,0,30,,combined,cudagraph,cuda_event_grouped_2,38.288,ok,,,,,2,20,torch_flat_router|B1|E4096|D4096
router-quick,router,flat_router_decode,torch_flat_router,,bf16,1,4096,4096,,8,0,31,,combined,cudagraph,cuda_event_grouped_2,38.448,ok,,,,,2,20,torch_flat_router|B1|E4096|D4096
router-quick,router,flat_router_decode,torch_flat_router,,bf16,1,4096,4096,,8,0,32,,combined,cudagraph,cuda_event_grouped_2,39.2,ok,,,,,2,20,torch_flat_router|B1|E4096|D4096
router-quick,router,flat_router_decode,torch_flat_router,,bf16,1,4096,4096,,8,0,33,,combined,cudagraph,cuda_event_grouped_2,38.48,ok,,,,,2,20,torch_flat_router|B1|E4096|D4096
router-quick,router,flat_router_decode,torch_flat_router,,bf16,1,4096,4096,,8,0,34,,combined,cudagraph,cuda_event_grouped_2,39.024,ok,,,,,2,20,torch_flat_router|B1|E4096|D4096
router-quick,router,flat_router_decode,torch_flat_router,,bf16,1,4096,4096,,8,0,35,,combined,cudagraph,cuda_event_grouped_2,38.416,ok,,,,,2,20,torch_flat_router|B1|E4096|D4096
router-quick,router,flat_router_decode,torch_flat_router,,bf16,1,4096,4096,,8,0,36,,combined,cudagraph,cuda_event_grouped_2,39.728,ok,,,,,2,20,torch_flat_router|B1|E4096|D4096
router-quick,router,flat_router_decode,torch_flat_router,,bf16,1,4096,4096,,8,0,37,,combined,cudagraph,cuda_event_grouped_2,40.128,ok,,,,,2,20,torch_flat_router|B1|E4096|D4096
router-quick,router,flat_router_decode,torch_flat_router,,bf16,1,4096,4096,,8,0,38,,combined,cudagraph,cuda_event_grouped_2,38.576,ok,,,,,2,20,torch_flat_router|B1|E4096|D4096
router-quick,router,flat_router_decode,torch_flat_router,,bf16,1,4096,4096,,8,0,39,,combined,cudagraph,cuda_event_grouped_2,42.016,ok,,,,,2,20,torch_flat_router|B1|E4096|D4096
router-quick,router,flat_router_decode,torch_flat_router,,bf16,1,4096,4096,,8,0,40,,combined,cudagraph,cuda_event_grouped_2,40.496,ok,,,,,2,20,torch_flat_router|B1|E4096|D4096
router-quick,router,flat_router_decode,torch_flat_router,,bf16,1,4096,4096,,8,0,41,,combined,cudagraph,cuda_event_grouped_2,40.4,ok,,,,,2,20,torch_flat_router|B1|E4096|D4096
router-quick,router,flat_router_decode,torch_flat_router,,bf16,1,4096,4096,,8,0,42,,combined,cudagraph,cuda_event_grouped_2,39.28,ok,,,,,2,20,torch_flat_router|B1|E4096|D4096
router-quick,router,flat_router_decode,torch_flat_router,,bf16,1,4096,4096,,8,0,43,,combined,cudagraph,cuda_event_grouped_2,39.072,ok,,,,,2,20,torch_flat_router|B1|E4096|D4096
router-quick,router,flat_router_decode,torch_flat_router,,bf16,1,4096,4096,,8,0,44,,combined,cudagraph,cuda_event_grouped_2,39.056,ok,,,,,2,20,torch_flat_router|B1|E4096|D4096
router-quick,router,flat_router_decode,torch_flat_router,,bf16,1,4096,4096,,8,0,45,,combined,cudagraph,cuda_event_grouped_2,40.24,ok,,,,,2,20,torch_flat_router|B1|E4096|D4096
router-quick,router,flat_router_decode,torch_flat_router,,bf16,1,4096,4096,,8,0,46,,combined,cudagraph,cuda_event_grouped_2,41.072,ok,,,,,2,20,torch_flat_router|B1|E4096|D4096
router-quick,router,flat_router_decode,torch_flat_router,,bf16,1,4096,4096,,8,0,47,,combined,cudagraph,cuda_event_grouped_2,42.016,ok,,,,,2,20,torch_flat_router|B1|E4096|D4096
router-quick,router,flat_router_decode,torch_flat_router,,bf16,1,4096,4096,,8,0,48,,combined,cudagraph,cuda_event_grouped_2,40.96,ok,,,,,2,20,torch_flat_router|B1|E4096|D4096
router-quick,router,flat_router_decode,torch_flat_router,,bf16,1,4096,4096,,8,0,49,,combined,cudagraph,cuda_event_grouped_2,40.768,ok,,,,,2,20,torch_flat_router|B1|E4096|D4096
router-quick,router,flat_router_decode,torch_flat_router,,bf16,1,4096,4096,,8,0,50,,combined,cudagraph,cuda_event_grouped_2,40.8,ok,,,,,2,20,torch_flat_router|B1|E4096|D4096
router-quick,router,flat_router_decode,torch_flat_router,,bf16,1,4096,4096,,8,0,51,,combined,cudagraph,cuda_event_grouped_2,39.952,ok,,,,,2,20,torch_flat_router|B1|E4096|D4096
router-quick,router,flat_router_decode,torch_flat_router,,bf16,1,4096,4096,,8,0,52,,combined,cudagraph,cuda_event_grouped_2,39.968,ok,,,,,2,20,torch_flat_router|B1|E4096|D4096
router-quick,router,flat_router_decode,torch_flat_router,,bf16,1,4096,4096,,8,0,53,,combined,cudagraph,cuda_event_grouped_2,40.928,ok,,,,,2,20,torch_flat_router|B1|E4096|D4096
router-quick,router,flat_router_decode,torch_flat_router,,bf16,1,4096,4096,,8,0,54,,combined,cudagraph,cuda_event_grouped_2,40.896,ok,,,,,2,20,torch_flat_router|B1|E4096|D4096
router-quick,router,flat_router_decode,torch_flat_router,,bf16,1,4096,4096,,8,0,55,,combined,cudagraph,cuda_event_grouped_2,37.232,ok,,,,,2,20,torch_flat_router|B1|E4096|D4096
router-quick,router,flat_router_decode,torch_flat_router,,bf16,1,4096,4096,,8,0,56,,combined,cudagraph,cuda_event_grouped_2,38.672,ok,,,,,2,20,torch_flat_router|B1|E4096|D4096
router-quick,router,flat_router_decode,torch_flat_router,,bf16,1,4096,4096,,8,0,57,,combined,cudagraph,cuda_event_grouped_2,38.928,ok,,,,,2,20,torch_flat_router|B1|E4096|D4096
router-quick,router,flat_router_decode,torch_flat_router,,bf16,1,4096,4096,,8,0,58,,combined,cudagraph,cuda_event_grouped_2,40.512,ok,,,,,2,20,torch_flat_router|B1|E4096|D4096
router-quick,router,flat_router_decode,torch_flat_router,,bf16,1,4096,4096,,8,0,59,,combined,cudagraph,cuda_event_grouped_2,39.696,ok,,,,,2,20,torch_flat_router|B1|E4096|D4096
router-quick,router,flat_router_decode,torch_flat_router,,bf16,1,4096,4096,,8,0,60,,combined,cudagraph,cuda_event_grouped_2,38.4,ok,,,,,2,20,torch_flat_router|B1|E4096|D4096
router-quick,router,flat_router_decode,torch_flat_router,,bf16,1,4096,4096,,8,0,61,,combined,cudagraph,cuda_event_grouped_2,38.928,ok,,,,,2,20,torch_flat_router|B1|E4096|D4096
router-quick,router,flat_router_decode,torch_flat_router,,bf16,1,4096,4096,,8,0,62,,combined,cudagraph,cuda_event_grouped_2,39.712,ok,,,,,2,20,torch_flat_router|B1|E4096|D4096
router-quick,router,flat_router_decode,torch_flat_router,,bf16,1,4096,4096,,8,0,63,,combined,cudagraph,cuda_event_grouped_2,38.816,ok,,,,,2,20,torch_flat_router|B1|E4096|D4096
router-quick,router,flat_router_decode,torch_flat_router,,bf16,1,4096,4096,,8,0,64,,combined,cudagraph,cuda_event_grouped_2,40.192,ok,,,,,2,20,torch_flat_router|B1|E4096|D4096
router-quick,router,flat_router_decode,torch_flat_router,,bf16,1,4096,4096,,8,0,65,,combined,cudagraph,cuda_event_grouped_2,38.992,ok,,,,,2,20,torch_flat_router|B1|E4096|D4096
router-quick,router,flat_router_decode,torch_flat_router,,bf16,1,4096,4096,,8,0,66,,combined,cudagraph,cuda_event_grouped_2,38.848,ok,,,,,2,20,torch_flat_router|B1|E4096|D4096
router-quick,router,flat_router_decode,torch_flat_router,,bf16,1,4096,4096,,8,0,67,,combined,cudagraph,cuda_event_grouped_2,40.032,ok,,,,,2,20,torch_flat_router|B1|E4096|D4096
router-quick,router,flat_router_decode,torch_flat_router,,bf16,1,4096,4096,,8,0,68,,combined,cudagraph,cuda_event_grouped_2,39.792,ok,,,,,2,20,torch_flat_router|B1|E4096|D4096
router-quick,router,flat_router_decode,torch_flat_router,,bf16,1,4096,4096,,8,0,69,,combined,cudagraph,cuda_event_grouped_2,38.432,ok,,,,,2,20,torch_flat_router|B1|E4096|D4096
router-quick,router,flat_router_decode,torch_flat_router,,bf16,1,4096,4096,,8,0,70,,combined,cudagraph,cuda_event_grouped_2,40.48,ok,,,,,2,20,torch_flat_router|B1|E4096|D4096
router-quick,router,flat_router_decode,torch_flat_router,,bf16,1,4096,4096,,8,0,71,,combined,cudagraph,cuda_event_grouped_2,39.008,ok,,,,,2,20,torch_flat_router|B1|E4096|D4096
router-quick,router,flat_router_decode,torch_flat_router,,bf16,1,4096,4096,,8,0,72,,combined,cudagraph,cuda_event_grouped_2,40.16,ok,,,,,2,20,torch_flat_router|B1|E4096|D4096
router-quick,router,flat_router_decode,torch_flat_router,,bf16,1,4096,4096,,8,0,73,,combined,cudagraph,cuda_event_grouped_2,37.216,ok,,,,,2,20,torch_flat_router|B1|E4096|D4096
router-quick,router,flat_router_decode,torch_flat_router,,bf16,1,4096,4096,,8,0,74,,combined,cudagraph,cuda_event_grouped_2,40,ok,,,,,2,20,torch_flat_router|B1|E4096|D4096
router-quick,router,flat_router_decode,torch_flat_router,,bf16,1,4096,4096,,8,0,75,,combined,cudagraph,cuda_event_grouped_2,39.2,ok,,,,,2,20,torch_flat_router|B1|E4096|D4096
router-quick,router,flat_router_decode,torch_flat_router,,bf16,1,4096,4096,,8,0,76,,combined,cudagraph,cuda_event_grouped_2,39.92,ok,,,,,2,20,torch_flat_router|B1|E4096|D4096
router-quick,router,flat_router_decode,torch_flat_router,,bf16,1,4096,4096,,8,0,77,,combined,cudagraph,cuda_event_grouped_2,40.448,ok,,,,,2,20,torch_flat_router|B1|E4096|D4096
router-quick,router,flat_router_decode,torch_flat_router,,bf16,1,4096,4096,,8,0,78,,combined,cudagraph,cuda_event_grouped_2,40.64,ok,,,,,2,20,torch_flat_router|B1|E4096|D4096
router-quick,router,flat_router_decode,torch_flat_router,,bf16,1,4096,4096,,8,0,79,,combined,cudagraph,cuda_event_grouped_2,40.784,ok,,,,,2,20,torch_flat_router|B1|E4096|D4096
router-quick,router,flat_router_decode,torch_flat_router,,bf16,1,4096,4096,,8,0,80,,combined,cudagraph,cuda_event_grouped_2,40.784,ok,,,,,2,20,torch_flat_router|B1|E4096|D4096
router-quick,router,flat_router_decode,torch_flat_router,,bf16,1,4096,4096,,8,0,81,,combined,cudagraph,cuda_event_grouped_2,37.184,ok,,,,,2,20,torch_flat_router|B1|E4096|D4096
router-quick,router,flat_router_decode,torch_flat_router,,bf16,1,4096,4096,,8,0,82,,combined,cudagraph,cuda_event_grouped_2,39.2,ok,,,,,2,20,torch_flat_router|B1|E4096|D4096
router-quick,router,flat_router_decode,torch_flat_router,,bf16,1,4096,4096,,8,0,83,,combined,cudagraph,cuda_event_grouped_2,38.576,ok,,,,,2,20,torch_flat_router|B1|E4096|D4096
router-quick,router,flat_router_decode,torch_flat_router,,bf16,1,4096,4096,,8,0,84,,combined,cudagraph,cuda_event_grouped_2,40.432,ok,,,,,2,20,torch_flat_router|B1|E4096|D4096
router-quick,router,flat_router_decode,torch_flat_router,,bf16,1,4096,4096,,8,0,85,,combined,cudagraph,cuda_event_grouped_2,42.016,ok,,,,,2,20,torch_flat_router|B1|E4096|D4096
router-quick,router,flat_router_decode,torch_flat_router,,bf16,1,4096,4096,,8,0,86,,combined,cudagraph,cuda_event_grouped_2,38.72,ok,,,,,2,20,torch_flat_router|B1|E4096|D4096
router-quick,router,flat_router_decode,torch_flat_router,,bf16,1,4096,4096,,8,0,87,,combined,cudagraph,cuda_event_grouped_2,39.008,ok,,,,,2,20,torch_flat_router|B1|E4096|D4096
router-quick,router,flat_router_decode,torch_flat_router,,bf16,1,4096,4096,,8,0,88,,combined,cudagraph,cuda_event_grouped_2,41.824,ok,,,,,2,20,torch_flat_router|B1|E4096|D4096
router-quick,router,flat_router_decode,torch_flat_router,,bf16,1,4096,4096,,8,0,89,,combined,cudagraph,cuda_event_grouped_2,40.944,ok,,,,,2,20,torch_flat_router|B1|E4096|D4096
router-quick,router,flat_router_decode,torch_flat_router,,bf16,1,4096,4096,,8,0,90,,combined,cudagraph,cuda_event_grouped_2,39.936,ok,,,,,2,20,torch_flat_router|B1|E4096|D4096
router-quick,router,flat_router_decode,torch_flat_router,,bf16,1,4096,4096,,8,0,91,,combined,cudagraph,cuda_event_grouped_2,37.072,ok,,,,,2,20,torch_flat_router|B1|E4096|D4096
router-quick,router,flat_router_decode,torch_flat_router,,bf16,1,4096,4096,,8,0,92,,combined,cudagraph,cuda_event_grouped_2,39.072,ok,,,,,2,20,torch_flat_router|B1|E4096|D4096
router-quick,router,flat_router_decode,torch_flat_router,,bf16,1,4096,4096,,8,0,93,,combined,cudagraph,cuda_event_grouped_2,38.208,ok,,,,,2,20,torch_flat_router|B1|E4096|D4096
router-quick,router,flat_router_decode,torch_flat_router,,bf16,1,4096,4096,,8,0,94,,combined,cudagraph,cuda_event_grouped_2,40.64,ok,,,,,2,20,torch_flat_router|B1|E4096|D4096
router-quick,router,flat_router_decode,torch_flat_router,,bf16,1,4096,4096,,8,0,95,,combined,cudagraph,cuda_event_grouped_2,40.272,ok,,,,,2,20,torch_flat_router|B1|E4096|D4096
router-quick,router,flat_router_decode,torch_flat_router,,bf16,1,4096,4096,,8,0,96,,combined,cudagraph,cuda_event_grouped_2,42.064,ok,,,,,2,20,torch_flat_router|B1|E4096|D4096
router-quick,router,flat_router_decode,torch_flat_router,,bf16,1,4096,4096,,8,0,97,,combined,cudagraph,cuda_event_grouped_2,38.448,ok,,,,,2,20,torch_flat_router|B1|E4096|D4096
router-quick,router,flat_router_decode,torch_flat_router,,bf16,1,4096,4096,,8,0,98,,combined,cudagraph,cuda_event_grouped_2,39.856,ok,,,,,2,20,torch_flat_router|B1|E4096|D4096
router-quick,router,flat_router_decode,torch_flat_router,,bf16,1,4096,4096,,8,0,99,,combined,cudagraph,cuda_event_grouped_2,38.24,ok,,,,,2,20,torch_flat_router|B1|E4096|D4096
