run_id,workload,mode,backend,backend_commit,dtype,batch_size,candidate_count,dimension,indexer_heads,k,seed,trial,decode_step,stage,graph_mode,timing_method,elapsed_us,status,error,context_len_actual,block_kv,steps,group_size,warmup,config_id
dsa-quick,dsa,fixed,torch_bf16,,bf16,1,8192,128,64,2048,0,0,,score,eager,cuda_event_grouped_2,41.936,ok,,8192,,,2,20,torch_bf16|fixed|B1|N8192
dsa-quick,dsa,fixed,torch_bf16,,bf16,1,8192,128,64,2048,0,1,,score,eager,cuda_event_grouped_2,39.776,ok,,8192,,,2,20,torch_bf16|fixed|B1|N8192
dsa-quick,dsa,fixed,torch_bf16,,bf16,1,8192,128,64,2048,0,2,,score,eager,cuda_event_grouped_2,39.008,ok,,8192,,,2,20,torch_bf16|fixed|B1|N8192
dsa-quick,dsa,fixed,torch_bf16,,bf16,1,8192,128,64,2048,0,3,,score,eager,cuda_event_grouped_2,39.024,ok,,8192,,,2,20,torch_bf16|fixed|B1|N8192
dsa-quick,dsa,fixed,torch_bf16,,bf16,1,8192,128,64,2048,0,4,,score,eager,cuda_event_grouped_2,38.896,ok,,8192,,,2,20,torch_bf16|fixed|B1|N8192
dsa-quick,dsa,fixed,torch_bf16,,bf16,1,8192,128,64,2048,0,5,,score,eager,cuda_event_grouped_2,39.056,ok,,8192,,,2,20,torch_bf16|fixed|B1|N8192
dsa-quick,dsa,fixed,torch_bf16,,bf16,1,8192,128,64,2048,0,6,,score,eager,cuda_event_grouped_2,38.592,ok,,8192,,,2,20,torch_bf16|fixed|B1|N8192
dsa-quick,dsa,fixed,torch_bf16,,bf16,1,8192,128,64,2048,0,7,,score,eager,cuda_event_grouped_2,38.704,ok,,8192,,,2,20,torch_bf16|fixed|B1|N8192
dsa-quick,dsa,fixed,torch_bf16,,bf16,1,8192,128,64,2048,0,8,,score,eager,cuda_event_grouped_2,38.944,ok,,8192,,,2,20,torch_bf16|fixed|B1|N8192
dsa-quick,dsa,fixed,torch_bf16,,bf16,1,8192,128,64,2048,0,9,,score,eager,cuda_event_grouped_2,38.592,ok,,8192,,,2,20,torch_bf16|fixed|B1|N8192
dsa-quick,dsa,fixed,torch_bf16,,bf16,1,8192,128,64,2048,0,10,,score,eager,cuda_event_grouped_2,40.144,ok,,8192,,,2,20,torch_bf16|fixed|B1|N8192
dsa-quick,dsa,fixed,torch_bf16,,bf16,1,8192,128,64,2048,0,11,,score,eager,cuda_event_grouped_2,38.848,ok,,8192,,,2,20,torch_bf16|fixed|B1|N8192
dsa-quick,dsa,fixed,torch_bf16,,bf16,1,8192,128,64,2048,0,12,,score,eager,cuda_event_grouped_2,38.768,ok,,8192,,,2,20,torch_bf16|fixed|B1|N8192
dsa-quick,dsa,fixed,torch_bf16,,bf16,1,8192,128,64,2048,0,13,,score,eager,cuda_event_grouped_2,39.088,ok,,8192,,,2,20,torch_bf16|fixed|B1|N8192
dsa-quick,dsa,fixed,torch_bf16,,bf16,1,8192,128,64,2048,0,14,,score,eager,cuda_event_grouped_2,38.592,ok,,8192,,,2,20,torch_bf16|fixed|B1|N8192
dsa-quick,dsa,fixed,torch_bf16,,bf16,1,8192,128,64,2048,0,15,,score,eager,cuda_event_grouped_2,38.544,ok,,8192,,,2,20,torch_bf16|fixed|B1|N8192
dsa-quick,dsa,fixed,torch_bf16,,bf16,1,8192,128,64,2048,0,16,,score,eager,cuda_event_grouped_2,38.208,ok,,8192,,,2,20,torch_bf16|fixed|B1|N8192
dsa-quick,dsa,fixed,torch_bf16,,bf16,1,8192,128,64,2048,0,17,,score,eager,cuda_event_grouped_2,38.288,ok,,8192,,,2,20,torch_bf16|fixed|B1|N8192
dsa-quick,dsa,fixed,torch_bf16,,bf16,1,8192,128,64,2048,0,18,,score,eager,cuda_event_grouped_2,40,ok,,8192,,,2,20,torch_bf16|fixed|B1|N8192
dsa-quick,dsa,fixed,torch_bf16,,bf16,1,8192,128,64,2048,0,19,,score,eager,cuda_event_grouped_2,38.528,ok,,8192,,,2,20,torch_bf16|fixed|B1|N8192
dsa-quick,dsa,fixed,torch_bf16,,bf16,1,8192,128,64,2048,0,20,,score,eager,cuda_event_grouped_2,39.632,ok,,8192,,,2,20,torch_bf16|fixed|B1|N8192
dsa-quick,dsa,fixed,torch_bf16,,bf16,1,8192,128,64,2048,0,21,,score,eager,cuda_event_grouped_2,38.672,ok,,8192,,,2,20,torch_bf16|fixed|B1|N8192
dsa-quick,dsa,fixed,torch_bf16,,bf16,1,8192,128,64,2048,0,22,,score,eager,cuda_event_grouped_2,38.08,ok,,8192,,,2,20,torch_bf16|fixed|B1|N8192
dsa-quick,dsa,fixed,torch_bf16,,bf16,1,8192,128,64,2048,0,23,,score,eager,cuda_event_grouped_2,38.624,ok,,8192,,,2,20,torch_bf16|fixed|B1|N8192
dsa-quick,dsa,fixed,torch_bf16,,bf16,1,8192,128,64,2048,0,24,,score,eager,cuda_event_grouped_2,38.56,ok,,8192,,,2,20,torch_bf16|fixed|B1|N8192
dsa-quick,dsa,fixed,torch_bf16,,bf16,1,8192,128,64,2048,0,25,,score,eager,cuda_event_grouped_2,38.304,ok,,8192,,,2,20,torch_bf16|fixed|B1|N8192
dsa-quick,dsa,fixed,torch_bf16,,bf16,1,8192,128,64,2048,0,26,,score,eager,cuda_event_grouped_2,38.528,ok,,8192,,,2,20,torch_bf16|fixed|B1|N8192
dsa-quick,dsa,fixed,torch_bf16,,bf16,1,8192,128,64,2048,0,27,,score,eager,cuda_event_grouped_2,39.04,ok,,8192,,,2,20,torch_bf16|fixed|B1|N8192
dsa-quick,dsa,fixed,torch_bf16,,bf16,1,8192,128,64,2048,0,28,,score,eager,cuda_event_grouped_2,38.976,ok,,8192,,,2,20,torch_bf16|fixed|B1|N8192
dsa-quick,dsa,fixed,torch_bf16,,bf16,1,8192,128,64,2048,0,29,,score,eager,cuda_event_grouped_2,38.144,ok,,8192,,,2,20,torch_bf16|fixed|B1|N8192
dsa-quick,dsa,fixed,torch_bf16,,bf16,1,8192,128,64,2048,0,30,,score,eager,cuda_event_grouped_2,39.52,ok,,8192,,,2,20,torch_bf16|fixed|B1|N8192
dsa-quick,dsa,fixed,torch_bf16,,bf16,1,8192,128,64,2048,0,31,,score,eager,cuda_event_grouped_2,38.8,ok,,8192,,,2,20,torch_bf16|fixed|B1|N8192
dsa-quick,dsa,fixed,torch_bf16,,bf16,1,8192,128,64,2048,0,32,,score,eager,cuda_event_grouped_2,38.224,ok,,8192,,,2,20,torch_bf16|fixed|B1|N8192
dsa-quick,dsa,fixed,torch_bf16,,bf16,1,8192,128,64,2048,0,33,,score,eager,cuda_event_grouped_2,39.088,ok,,8192,,,2,20,torch_bf16|fixed|B1|N8192
dsa-quick,dsa,fixed,torch_bf16,,bf16,1,8192,128,64,2048,0,34,,score,eager,cuda_event_grouped_2,38.768,ok,,8192,,,2,20,torch_bf16|fixed|B1|N8192
dsa-quick,dsa,fixed,torch_bf16,,bf16,1,8192,128,64,2048,0,35,,score,eager,cuda_event_grouped_2,38.464,ok,,8192,,,2,20,torch_bf16|fixed|B1|N8192
dsa-quick,dsa,fixed,torch_bf16,,bf16,1,8192,128,64,2048,0,36,,score,eager,cuda_event_grouped_2,38.096,ok,,8192,,,2,20,torch_bf16|fixed|B1|N8192
dsa-quick,dsa,fixed,torch_bf16,,bf16,1,8192,128,64,2048,0,37,,score,eager,cuda_event_grouped_2,38.512,ok,,8192,,,2,20,torch_bf16|fixed|B1|N8192
dsa-quick,dsa,fixed,torch_bf16,,bf16,1,8192,128,64,2048,0,38,,score,eager,cuda_event_grouped_2,38.704,ok,,8192,,,2,20,torch_bf16|fixed|B1|N8192
dsa-quick,dsa,fixed,torch_bf16,,bf16,1,8192,128,64,2048,0,39,,score,eager,cuda_event_grouped_2,38.88,ok,,8192,,,2,20,torch_bf16|fixed|B1|N8192
dsa-quick,dsa,fixed,torch_bf16,,bf16,1,8192,128,64,2048,0,40,,score,eager,cuda_event_grouped_2,39.632,ok,,8192,,,2,20,torch_bf16|fixed|B1|N8192
dsa-quick,dsa,fixed,torch_bf16,,bf16,1,8192,128,64,2048,0,41,,score,eager,cuda_event_grouped_2,38.288,ok,,8192,,,2,20,torch_bf16|fixed|B1|N8192
dsa-quick,dsa,fixed,torch_bf16,,bf16,1,8192,128,64,2048,0,42,,score,eager,cuda_event_grouped_2,38.24,ok,,8192,,,2,20,torch_bf16|fixed|B1|N8192
dsa-quick,dsa,fixed,torch_bf16,,bf16,1,8192,128,64,2048,0,43,,score,eager,cuda_event_grouped_2,38.432,ok,,8192,,,2,20,torch_bf16|fixed|B1|N8192
dsa-quick,dsa,fixed,torch_bf16,,bf16,1,8192,128,64,2048,0,44,,score,eager,cuda_event_grouped_2,38.336,ok,,8192,,,2,20,torch_bf16|fixed|B1|N8192
dsa-quick,dsa,fixed,torch_bf16,,bf16,1,8192,128,64,2048,0,45,,score,eager,cuda_event_grouped_2,38.016,ok,,8192,,,2,20,torch_bf16|fixed|B1|N8192
dsa-quick,dsa,fixed,torch_bf16,,bf16,1,8192,128,64,2048,0,46,,score,eager,cuda_event_grouped_2,45.936,ok,,8192,,,2,20,torch_bf16|fixed|B1|N8192
dsa-quick,dsa,fixed,torch_bf16,,bf16,1,8192,128,64,2048,0,47,,score,eager,cuda_event_grouped_2,38.96,ok,,8192,,,2,20,torch_bf16|fixed|B1|N8192
dsa-quick,dsa,fixed,torch_bf16,,bf16,1,8192,128,64,2048,0,48,,score,eager,cuda_event_grouped_2,37.008,ok,,8192,,,2,20,torch_bf16|fixed|B1|N8192
dsa-quick,dsa,fixed,torch_bf16,,bf16,1,8192,128,64,2048,0,49,,score,eager,cuda_event_grouped_2,37.36,ok,,8192,,,2,20,torch_bf16|fixed|B1|N8192
dsa-quick,dsa,fixed,torch_bf16,,bf16,1,8192,128,64,2048,0,50,,score,eager,cuda_event_grouped_2,38.56,ok,,8192,,,2,20,torch_bf16|fixed|B1|N8192
dsa-quick,dsa,fixed,torch_bf16,,bf16,1,8192,128,64,2048,0,51,,score,eager,cuda_event_grouped_2,37.344,ok,,8192,,,2,20,torch_bf16|fixed|B1|N8192
dsa-quick,dsa,fixed,torch_bf16,,bf16,1,8192,128,64,2048,0,52,,score,eager,cuda_event_grouped_2,37.168,ok,,8192,,,2,20,torch_bf16|fixed|B1|N8192
dsa-quick,dsa,fixed,torch_bf16,,bf16,1,8192,128,64,2048,0,53,,score,eager,cuda_event_grouped_2,37.2,ok,,8192,,,2,20,torch_bf16|fixed|B1|N8192
dsa-quick,dsa,fixed,torch_bf16,,bf16,1,8192,128,64,2048,0,54,,score,eager,cuda_event_grouped_2,37.152,ok,,8192,,,2,20,torch_bf16|fixed|B1|N8192
dsa-quick,dsa,fixed,torch_bf16,,bf16,1,8192,128,64,2048,0,55,,score,eager,cuda_event_grouped_2,37.232,ok,,8192,,,2,20,torch_bf16|fixed|B1|N8192
dsa-quick,dsa,fixed,torch_bf16,,bf16,1,8192,128,64,2048,0,56,,score,eager,cuda_event_grouped_2,37.376,ok,,8192,,,2,20,torch_bf16|fixed|B1|N8192
dsa-quick,dsa,fixed,torch_bf16,,bf16,1,8192,128,64,2048,0,57,,score,eager,cuda_event_grouped_2,37.408,ok,,8192,,,2,20,torch_bf16|fixed|B1|N8192
dsa-quick,dsa,fixed,torch_bf16,,bf16,1,8192,128,64,2048,0,58,,score,eager,cuda_event_grouped_2,37.264,ok,,8192,,,2,20,torch_bf16|fixed|B1|N8192
dsa-quick,dsa,fixed,torch_bf16,,bf16,1,8192,128,64,2048,0,59,,score,eager,cuda_event_grouped_2,37.28,ok,,8192,,,2,20,torch_bf16|fixed|B1|N8192
dsa-quick,dsa,fixed,torch_bf16,,bf16,1,8192,128,64,2048,0,60,,score,eager,cuda_event_grouped_2,38.544,ok,,8192,,,2,20,torch_bf16|fixed|B1|N8192
dsa-quick,dsa,fixed,torch_bf16,,bf16,1,8192,128,64,2048,0,61,,score,eager,cuda_event_grouped_2,37.408,ok,,8192,,,2,20,torch_bf16|fixed|B1|N8192
dsa-quick,dsa,fixed,torch_bf16,,bf16,1,8192,128,64,2048,0,62,,score,eager,cuda_event_grouped_2,37.248,ok,,8192,,,2,20,torch_bf16|fixed|B1|N8192
dsa-quick,dsa,fixed,torch_bf16,,bf16,1,8192,128,64,2048,0,63,,score,eager,cuda_event_grouped_2,37.424,ok,,8192,,,2,20,torch_bf16|fixed|B1|N8192
dsa-quick,dsa,fixed,torch_bf16,,bf16,1,8192,128,64,2048,0,64,,score,eager,cuda_event_grouped_2,37.472,ok,,8192,,,2,20,torch_bf16|fixed|B1|N8192
dsa-quick,dsa,fixed,torch_bf16,,bf16,1,8192,128,64,2048,0,65,,score,eager,cuda_event_grouped_2,37.52,ok,,8192,,,2,20,torch_bf16|fixed|B1|N8192
dsa-quick,dsa,fixed,torch_bf16,,bf16,1,8192,128,64,2048,0,66,,score,eager,cuda_event_grouped_2,37.152,ok,,8192,,,2,20,torch_bf16|fixed|B1|N8192
dsa-quick,dsa,fixed,torch_bf16,,bf16,1,8192,128,64,2048,0,67,,score,eager,cuda_event_grouped_2,37.12,ok,,8192,,,2,20,torch_bf16|fixed|B1|N8192
dsa-quick,dsa,fixed,torch_bf16,,bf16,1,8192,128,64,2048,0,68,,score,eager,cuda_event_grouped_2,40.944,ok,,8192,,,2,20,torch_bf16|fixed|B1|N8192
dsa-quick,dsa,fixed,torch_bf16,,bf16,1,8192,128,64,2048,0,69,,score,eager,cuda_event_grouped_2,38.48,ok,,8192,,,2,20,torch_bf16|fixed|B1|N8192
dsa-quick,dsa,fixed,torch_bf16,,bf16,1,8192,128,64,2048,0,70,,score,eager,cuda_event_grouped_2,38.368,ok,,8192,,,2,20,torch_bf16|fixed|B1|N8192
dsa-quick,dsa,fixed,torch_bf16,,bf16,1,8192,128,64,2048,0,71,,score,eager,cuda_event_grouped_2,37.408,ok,,8192,,,2,20,torch_bf16|fixed|B1|N8192
dsa-quick,dsa,fixed,torch_bf16,,bf16,1,8192,128,64,2048,0,72,,score,eager,cuda_event_grouped_2,37.392,ok,,8192,,,2,20,torch_bf16|fixed|B1|N8192
dsa-quick,dsa,fixed,torch_bf16,,bf16,1,8192,128,64,2048,0,73,,score,eager,cuda_event_grouped_2,37.488,ok,,8192,,,2,20,torch_bf16|fixed|B1|N8192
dsa-quick,dsa,fixed,torch_bf16,,bf16,1,8192,128,64,2048,0,74,,score,eager,cuda_event_grouped_2,43.648,ok,,8192,,,2,20,torch_bf16|fixed|B1|N8192
dsa-quick,dsa,fixed,torch_bf16,,bf16,1,8192,128,64,2048,0,75,,score,eager,cuda_event_grouped_2,37.36,ok,,8192,,,2,20,torch_bf16|fixed|B1|N8192
dsa-quick,dsa,fixed,torch_bf16,,bf16,1,8192,128,64,2048,0,76,,score,eager,cuda_event_grouped_2,37.216,ok,,8192,,,2,20,torch_bf16|fixed|B1|N8192
dsa-quick,dsa,fixed,torch_bf16,,bf16,1,8192,128,64,2048,0,77,,score,eager,cuda_event_grouped_2,37.584,ok,,8192,,,2,20,torch_bf16|fixed|B1|N8192
dsa-quick,dsa,fixed,torch_bf16,,bf16,1,8192,128,64,2048,0,78,,score,eager,cuda_event_grouped_2,37.312,ok,,8192,,,2,20,torch_bf16|fixed|B1|N8192
dsa-quick,dsa,fixed,torch_bf16,,bf16,1,8192,128,64,2048,0,79,,score,eager,cuda_event_grouped_2,37.296,ok,,8192,,,2,20,torch_bf16|fixed|B1|N8192
dsa-quick,dsa,fixed,torch_bf16,,bf16,1,8192,128,64,2048,0,80,,score,eager,cuda_event_grouped_2,36.944,ok,,8192,,,2,20,torch_bf16|fixed|B1|N8192
dsa-quick,dsa,fixed,torch_bf16,,bf16,1,8192,128,64,2048,0,81,,score,eager,cuda_event_grouped_2,37.168,ok,,8192,,,2,20,torch_bf16|fixed|B1|N8192
dsa-quick,dsa,fixed,torch_bf16,,bf16,1,8192,128,64,2048,0,82,,score,eager,cuda_event_grouped_2,37.344,ok,,8192,,,2,20,torch_bf16|fixed|B1|N8192
dsa-quick,dsa,fixed,torch_bf16,,bf16,1,8192,128,64,2048,0,83,,score,eager,cuda_event_grouped_2,37.184,ok,,8192,,,2,20,torch_bf16|fixed|B1|N8192
dsa-quick,dsa,fixed,torch_bf16,,bf16,1,8192,128,64,2048,0,84,,score,eager,cuda_event_grouped_2,37.104,ok,,8192,,,2,20,torch_bf16|fixed|B1|N8192
dsa-quick,dsa,fixed,torch_bf16,,bf16,1,8192,128,64,2048,0,85,,score,eager,cuda_event_grouped_2,37.264,ok,,8192,,,2,20,torch_bf16|fixed|B1|N8192
dsa-quick,dsa,fixed,torch_bf16,,bf16,1,8192,128,64,2048,0,86,,score,eager,cuda_event_grouped_2,37.296,ok,,8192,,,2,20,torch_bf16|fixed|B1|N8192
dsa-quick,dsa,fixed,torch_bf16,,bf16,1,8192,128,64,2048,0,87,,score,eager,cuda_event_grouped_2,37.216,ok,,8192,,,2,20,torch_bf16|fixed|B1|N8192
dsa-quick,dsa,fixed,torch_bf16,,bf16,1,8192,128,64,2048,0,88,,score,eager,cuda_event_grouped_2,37.392,ok,,8192,,,2,20,torch_bf16|fixed|B1|N8192
dsa-quick,dsa,fixed,torch_bf16,,bf16,1,8192,128,64,2048,0,89,,score,eager,cuda_event_grouped_2,37.392,ok,,8192,,,2,20,torch_bf16|fixed|B1|N8192
dsa-quick,dsa,fixed,torch_bf16,,bf16,1,8192,128,64,2048,0,90,,score,eager,cuda_event_grouped_2,37.072,ok,,8192,,,2,20,torch_bf16|fixed|B1|N8192
dsa-quick,dsa,fixed,torch_bf16,,bf16,1,8192,128,64,2048,0,91,,score,eager,cuda_event_grouped_2,37.808,ok,,8192,,,2,20,torch_bf16|fixed|B1|N8192
dsa-quick,dsa,fixed,torch_bf16,,bf16,1,8192,128,64,2048,0,92,,score,eager,cuda_event_grouped_2,37.424,ok,,8192,,,2,20,torch_bf16|fixed|B1|N8192
dsa-quick,dsa,fixed,torch_bf16,,bf16,1,8192,128,64,2048,0,93,,score,eager,cuda_event_grouped_2,37.424,ok,,8192,,,2,20,torch_bf16|fixed|B1|N8192
dsa-quick,dsa,fixed,torch_bf16,,bf16,1,8192,128,64,2048,0,94,,score,eager,cuda_event_grouped_2,37.184,ok,,8192,,,2,20,torch_bf16|fixed|B1|N8192
dsa-quick,dsa,fixed,torch_bf16,,bf16,1,8192,128,64,2048,0,95,,score,eager,cuda_event_grouped_2,37.168,ok,,8192,,,2,20,torch_bf16|fixed|B1|N8192
dsa-quick,dsa,fixed,torch_bf16,,bf16,1,8192,128,64,2048,0,96,,score,eager,cuda_event_grouped_2,37.376,ok,,8192,,,2,20,torch_bf16|fixed|B1|N8192
dsa-quick,dsa,fixed,torch_bf16,,bf16,1,8192,128,64,2048,0,97,,score,eager,cuda_event_grouped_2,36.992,ok,,8192,,,2,20,torch_bf16|fixed|B1|N8192
dsa-quick,dsa,fixed,torch_bf16,,bf16,1,8192,128,64,2048,0,98,,score,eager,cuda_event_grouped_2,37.248,ok,,8192,,,2,20,torch_bf16|fixed|B1|N8192
dsa-quick,dsa,fixed,torch_bf16,,bf16,1,8192,128,64,2048,0,99,,score,eager,cuda_event_grouped_2,37.52,ok,,8192,,,2,20,torch_bf16|fixed|B1|N8192
dsa-quick,dsa,fixed,torch_bf16,,bf16,1,8192,128,64,2048,0,0,,select,eager,cuda_event_per_iter,54.592,ok,,8192,,,1,20,torch_bf16|fixed|B1|N8192
dsa-quick,dsa,fixed,torch_bf16,,bf16,1,8192,128,64,2048,0,1,,select,eager,cuda_event_per_iter,51.328,ok,,8192,,,1,20,torch_bf16|fixed|B1|N8192
dsa-quick,dsa,fixed,torch_bf16,,bf16,1,8192,128,64,2048,0,2,,select,eager,cuda_event_per_iter,62.528,ok,,8192,,,1,20,torch_bf16|fixed|B1|N8192
dsa-quick,dsa,fixed,torch_bf16,,bf16,1,8192,128,64,2048,0,3,,select,eager,cuda_event_per_iter,62.24,ok,,8192,,,1,20,torch_bf16|fixed|B1|N8192
dsa-quick,dsa,fixed,torch_bf16,,bf16,1,8192,128,64,2048,0,4,,select,eager,cuda_event_per_iter,55.424,ok,,8192,,,1,20,torch_bf16|fixed|B1|N8192
dsa-quick,dsa,fixed,torch_bf16,,bf16,1,8192,128,64,2048,0,5,,select,eager,cuda_event_per_iter,52.288,ok,,8192,,,1,20,torch_bf16|fixed|B1|N8192
dsa-quick,dsa,fixed,torch_bf16,,bf16,1,8192,128,64,2048,0,6,,select,eager,cuda_event_per_iter,52.032,ok,,8192,,,1,20,torch_bf16|fixed|B1|N8192
dsa-quick,dsa,fixed,torch_bf16,,bf16,1,8192,128,64,2048,0,7,,select,eager,cuda_event_per_iter,55.904,ok,,8192,,,1,20,torch_bf16|fixed|B1|N8192
dsa-quick,dsa,fixed,torch_bf16,,bf16,1,8192,128,64,2048,0,8,,select,eager,cuda_event_per_iter,53.632,ok,,8192,,,1,20,torch_bf16|fixed|B1|N8192
dsa-quick,dsa,fixed,torch_bf16,,bf16,1,8192,128,64,2048,0,9,,select,eager,cuda_event_per_iter,51.328,ok,,8192,,,1,20,torch_bf16|fixed|B1|N8192
dsa-quick,dsa,fixed,torch_bf16,,bf16,1,8192,128,64,2048,0,10,,select,eager,cuda_event_per_iter,62.336,ok,,8192,,,1,20,torch_bf16|fixed|B1|N8192
dsa-quick,dsa,fixed,torch_bf16,,bf16,1,8192,128,64,2048,0,11,,select,eager,cuda_event_per_iter,62.912,ok,,8192,,,1,20,torch_bf16|fixed|B1|N8192
dsa-quick,dsa,fixed,torch_bf16,,bf16,1,8192,128,64,2048,0,12,,select,eager,cuda_event_per_iter,55.456,ok,,8192,,,1,20,torch_bf16|fixed|B1|N8192
dsa-quick,dsa,fixed,torch_bf16,,bf16,1,8192,128,64,2048,0,13,,select,eager,cuda_event_per_iter,52.8,ok,,8192,,,1,20,torch_bf16|fixed|B1|N8192
dsa-quick,dsa,fixed,torch_bf16,,bf16,1,8192,128,64,2048,0,14,,select,eager,cuda_event_per_iter,52.064,ok,,8192,,,1,20,torch_bf16|fixed|B1|N8192
dsa-quick,dsa,fixed,torch_bf16,,bf16,1,8192,128,64,2048,0,15,,select,eager,cuda_event_per_iter,56.224,ok,,8192,,,1,20,torch_bf16|fixed|B1|N8192
dsa-quick,dsa,fixed,torch_bf16,,bf16,1,8192,128,64,2048,0,16,,select,eager,cuda_event_per_iter,53.44,ok,,8192,,,1,20,torch_bf16|fixed|B1|N8192
dsa-quick,dsa,fixed,torch_bf16,,bf16,1,8192,128,64,2048,0,17,,select,eager,cuda_event_per_iter,51.552,ok,,8192,,,1,20,torch_bf16|fixed|B1|N8192
dsa-quick,dsa,fixed,torch_bf16,,bf16,1,8192,128,64,2048,0,18,,select,eager,cuda_event_per_iter,62.464,ok,,8192,,,1,20,torch_bf16|fixed|B1|N8192
dsa-quick,dsa,fixed,torch_bf16,,bf16,1,8192,128,64,2048,0,19,,select,eager,cuda_event_per_iter,62.496,ok,,8192,,,1,20,torch_bf16|fixed|B1|N8192
dsa-quick,dsa,fixed,torch_bf16,,bf16,1,8192,128,64,2048,0,20,,select,eager,cuda_event_per_iter,55.68,ok,,8192,,,1,20,torch_bf16|fixed|B1|N8192
dsa-quick,dsa,fixed,torch_bf16,,bf16,1,8192,128,64,2048,0,21,,select,eager,cuda_event_per_iter,52.64,ok,,8192,,,1,20,torch_bf16|fixed|B1|N8192
dsa-quick,dsa,fixed,torch_bf16,,bf16,1,8192,128,64,2048,0,22,,select,eager,cuda_event_per_iter,52,ok,,8192,,,1,20,torch_bf16|fixed|B1|N8192
dsa-quick,dsa,fixed,torch_bf16,,bf16,1,8192,128,64,2048,0,23,,select,eager,cuda_event_per_iter,56.032,ok,,8192,,,1,20,torch_bf16|fixed|B1|N8192
dsa-quick,dsa,fixed,torch_bf16,,bf16,1,8192,128,64,2048,0,24,,select,eager,cuda_event_per_iter,53.888,ok,,8192,,,1,20,torch_bf16|fixed|B1|N8192
dsa-quick,dsa,fixed,torch_bf16,,bf16,1,8192,128,64,2048,0,25,,select,eager,cuda_event_per_iter,51.488,ok,,8192,,,1,20,torch_bf16|fixed|B1|N8192
dsa-quick,dsa,fixed,torch_bf16,,bf16,1,8192,128,64,2048,0,26,,select,eager,cuda_event_per_iter,62.24,ok,,8192,,,1,20,torch_bf16|fixed|B1|N8192
dsa-quick,dsa,fixed,torch_bf16,,bf16,1,8192,128,64,2048,0,27,,select,eager,cuda_event_per_iter,62.272,ok,,8192,,,1,20,torch_bf16|fixed|B1|N8192
dsa-quick,dsa,fixed,torch_bf16,,bf16,1,8192,128,64,2048,0,28,,select,eager,cuda_event_per_iter,55.424,ok,,8192,,,1,20,torch_bf16|fixed|B1|N8192
dsa-quick,dsa,fixed,torch_bf16,,bf16,1,8192,128,64,2048,0,29,,select,eager,cuda_event_per_iter,52.608,ok,,8192,,,1,20,torch_bf16|fixed|B1|N8192
dsa-quick,dsa,fixed,torch_bf16,,bf16,1,8192,128,64,2048,0,30,,select,eager,cuda_event_per_iter,51.872,ok,,8192,,,1,20,torch_bf16|fixed|B1|N8192
dsa-quick,dsa,fixed,torch_bf16,,bf16,1,8192,128,64,2048,0,31,,select,eager,cuda_event_per_iter,55.968,ok,,8192,,,1,20,torch_bf16|fixed|B1|N8192
dsa-quick,dsa,fixed,torch_bf16,,bf16,1,8192,128,64,2048,0,32,,select,eager,cuda_event_per_iter,53.344,ok,,8192,,,1,20,torch_bf16|fixed|B1|N8192
dsa-quick,dsa,fixed,torch_bf16,,bf16,1,8192,128,64,2048,0,33,,select,eager,cuda_event_per_iter,51.424,ok,,8192,,,1,20,torch_bf16|fixed|B1|N8192
dsa-quick,dsa,fixed,torch_bf16,,bf16,1,8192,128,64,2048,0,34,,select,eager,cuda_event_per_iter,62.272,ok,,8192,,,1,20,torch_bf16|fixed|B1|N8192
dsa-quick,dsa,fixed,torch_bf16,,bf16,1,8192,128,64,2048,0,35,,select,eager,cuda_event_per_iter,62.368,ok,,8192,,,1,20,torch_bf16|fixed|B1|N8192
dsa-quick,dsa,fixed,torch_bf16,,bf16,1,8192,128,64,2048,0,36,,select,eager,cuda_event_per_iter,55.232,ok,,8192,,,1,20,torch_bf16|fixed|B1|N8192
dsa-quick,dsa,fixed,torch_bf16,,bf16,1,8192,128,64,2048,0,37,,select,eager,cuda_event_per_iter,52.576,ok,,8192,,,1,20,torch_bf16|fixed|B1|N8192
dsa-quick,dsa,fixed,torch_bf16,,bf16,1,8192,128,64,2048,0,38,,select,eager,cuda_event_per_iter,51.968,ok,,8192,,,1,20,torch_bf16|fixed|B1|N8192
dsa-quick,dsa,fixed,torch_bf16,,bf16,1,8192,128,64,2048,0,39,,select,eager,cuda_event_per_iter,55.968,ok,,8192,,,1,20,torch_bf16|fixed|B1|N8192
dsa-quick,dsa,fixed,torch_bf16,,bf16,1,8192,128,64,2048,0,40,,select,eager,cuda_event_per_iter,53.408,ok,,8192,,,1,20,torch_bf16|fixed|B1|N8192
dsa-quick,dsa,fixed,torch_bf16,,bf16,1,8192,128,64,2048,0,41,,select,eager,cuda_event_per_iter,51.328,ok,,8192,,,1,20,torch_bf16|fixed|B1|N8192
dsa-quick,dsa,fixed,torch_bf16,,bf16,1,8192,128,64,2048,0,42,,select,eager,cuda_event_per_iter,62.816,ok,,8192,,,1,20,torch_bf16|fixed|B1|N8192
dsa-quick,dsa,fixed,torch_bf16,,bf16,1,8192,128,64,2048,0,43,,select,eager,cuda_event_per_iter,62.336,ok,,8192,,,1,20,torch_bf16|fixed|B1|N8192
dsa-quick,dsa,fixed,torch_bf16,,bf16,1,8192,128,64,2048,0,44,,select,eager,cuda_event_per_iter,55.456,ok,,8192,,,1,20,torch_bf16|fixed|B1|N8192
dsa-quick,dsa,fixed,torch_bf16,,bf16,1,8192,128,64,2048,0,45,,select,eager,cuda_event_per_iter,52.672,ok,,8192,,,1,20,torch_bf16|fixed|B1|N8192
dsa-quick,dsa,fixed,torch_bf16,,bf16,1,8192,128,64,2048,0,46,,select,eager,cuda_event_per_iter,52.128,ok,,8192,,,1,20,torch_bf16|fixed|B1|N8192
dsa-quick,dsa,fixed,torch_bf16,,bf16,1,8192,128,64,2048,0,47,,select,eager,cuda_event_per_iter,56,ok,,8192,,,1,20,torch_bf16|fixed|B1|N8192
dsa-quick,dsa,fixed,torch_bf16,,bf16,1,8192,128,64,2048,0,48,,select,eager,cuda_event_per_iter,53.504,ok,,8192,,,1,20,torch_bf16|fixed|B1|N8192
dsa-quick,dsa,fixed,torch_bf16,,bf16,1,8192,128,64,2048,0,49,,select,eager,cuda_event_per_iter,51.456,ok,,8192,,,1,20,torch_bf16|fixed|B1|N8192
dsa-quick,dsa,fixed,torch_bf16,,bf16,1,8192,128,64,2048,0,50,,select,eager,cuda_event_per_iter,60.96,ok,,8192,,,1,20,torch_bf16|fixed|B1|N8192
dsa-quick,dsa,fixed,torch_bf16,,bf16,1,8192,128,64,2048,0,51,,select,eager,cuda_event_per_iter,62.56,ok,,8192,,,1,20,torch_bf16|fixed|B1|N8192
dsa-quick,dsa,fixed,torch_bf16,,bf16,1,8192,128,64,2048,0,52,,select,eager,cuda_event_per_iter,55.328,ok,,8192,,,1,20,torch_bf16|fixed|B1|N8192
dsa-quick,dsa,fixed,torch_bf16,,bf16,1,8192,128,64,2048,0,53,,select,eager,cuda_event_per_iter,52.672,ok,,8192,,,1,20,torch_bf16|fixed|B1|N8192
dsa-quick,dsa,fixed,torch_bf16,,bf16,1,8192,128,64,2048,0,54,,select,eager,cuda_event_per_iter,51.936,ok,,8192,,,1,20,torch_bf16|fixed|B1|N8192
dsa-quick,dsa,fixed,torch_bf16,,bf16,1,8192,128,64,2048,0,55,,select,eager,cuda_event_per_iter,56.032,ok,,8192,,,1,20,torch_bf16|fixed|B1|N8192
dsa-quick,dsa,fixed,torch_bf16,,bf16,1,8192,128,64,2048,0,56,,select,eager,cuda_event_per_iter,53.632,ok,,8192,,,1,20,torch_bf16|fixed|B1|N8192
dsa-quick,dsa,fixed,torch_bf16,,bf16,1,8192,128,64,2048,0,57,,select,eager,cuda_event_per_iter,51.456,ok,,8192,,,1,20,torch_bf16|fixed|B1|N8192
dsa-quick,dsa,fixed,torch_bf16,,bf16,1,8192,128,64,2048,0,58,,select,eager,cuda_event_per_iter,62.336,ok,,8192,,,1,20,torch_bf16|fixed|B1|N8192
dsa-quick,dsa,fixed,torch_bf16,,bf16,1,8192,128,64,2048,0,59,,select,eager,cuda_event_per_iter,62.304,ok,,8192,,,1,20,torch_bf16|fixed|B1|N8192
dsa-quick,dsa,fixed,torch_bf16,,bf16,1,8192,128,64,2048,0,60,,select,eager,cuda_event_per_iter,55.232,ok,,8192,,,1,20,torch_bf16|fixed|B1|N8192
dsa-quick,dsa,fixed,torch_bf16,,bf16,1,8192,128,64,2048,0,61,,select,eager,cuda_event_per_iter,52.512,ok,,8192,,,1,20,torch_bf16|fixed|B1|N8192
dsa-quick,dsa,fixed,torch_bf16,,bf16,1,8192,128,64,2048,0,62,,select,eager,cuda_event_per_iter,51.968,ok,,8192,,,1,20,torch_bf16|fixed|B1|N8192
dsa-quick,dsa,fixed,torch_bf16,,bf16,1,8192,128,64,2048,0,63,,select,eager,cuda_event_per_iter,56.16,ok,,8192,,,1,20,torch_bf16|fixed|B1|N8192
dsa-quick,dsa,fixed,torch_bf16,,bf16,1,8192,128,64,2048,0,64,,select,eager,cuda_event_per_iter,53.376,ok,,8192,,,1,20,torch_bf16|fixed|B1|N8192
dsa-quick,dsa,fixed,torch_bf16,,bf16,1,8192,128,64,2048,0,65,,select,eager,cuda_event_per_iter,51.392,ok,,8192,,,1,20,torch_bf16|fixed|B1|N8192
dsa-quick,dsa,fixed,torch_bf16,,bf16,1,8192,128,64,2048,0,66,,select,eager,cuda_event_per_iter,62.08,ok,,8192,,,1,20,torch_bf16|fixed|B1|N8192
dsa-quick,dsa,fixed,torch_bf16,,bf16,1,8192,128,64,2048,0,67,,select,eager,cuda_event_per_iter,62.304,ok,,8192,,,1,20,torch_bf16|fixed|B1|N8192
dsa-quick,dsa,fixed,torch_bf16,,bf16,1,8192,128,64,2048,0,68,,select,eager,cuda_event_per_iter,55.232,ok,,8192,,,1,20,torch_bf16|fixed|B1|N8192
dsa-quick,dsa,fixed,torch_bf16,,bf16,1,8192,128,64,2048,0,69,,select,eager,cuda_event_per_iter,52.544,ok,,8192,,,1,20,torch_bf16|fixed|B1|N8192
dsa-quick,dsa,fixed,torch_bf16,,bf16,1,8192,128,64,2048,0,70,,select,eager,cuda_event_per_iter,51.616,ok,,8192,,,1,20,torch_bf16|fixed|B1|N8192
dsa-quick,dsa,fixed,torch_bf16,,bf16,1,8192,128,64,2048,0,71,,select,eager,cuda_event_per_iter,55.904,ok,,8192,,,1,20,torch_bf16|fixed|B1|N8192
dsa-quick,dsa,fixed,torch_bf16,,bf16,1,8192,128,64,2048,0,72,,select,eager,cuda_event_per_iter,53.632,ok,,8192,,,1,20,torch_bf16|fixed|B1|N8192
dsa-quick,dsa,fixed,torch_bf16,,bf16,1,8192,128,64,2048,0,73,,select,eager,cuda_event_per_iter,51.328,ok,,8192,,,1,20,torch_bf16|fixed|B1|N8192
dsa-quick,dsa,fixed,torch_bf16,,bf16,1,8192,128,64,2048,0,74,,select,eager,cuda_event_per_iter,62.208,ok,,8192,,,1,20,torch_bf16|fixed|B1|N8192
dsa-quick,dsa,fixed,torch_bf16,,bf16,1,8192,128,64,2048,0,75,,select,eager,cuda_event_per_iter,62.24,ok,,8192,,,1,20,torch_bf16|fixed|B1|N8192
dsa-quick,dsa,fixed,torch_bf16,,bf16,1,8192,128,64,2048,0,76,,select,eager,cuda_event_per_iter,55.232,ok,,8192,,,1,20,torch_bf16|fixed|B1|N8192
dsa-quick,dsa,fixed,torch_bf16,,bf16,1,8192,128,64,2048,0,77,,select,eager,cuda_event_per_iter,52.32,ok,,8192,,,1,20,torch_bf16|fixed|B1|N8192
dsa-quick,dsa,fixed,torch_bf16,,bf16,1,8192,128,64,2048,0,78,,select,eager,cuda_event_per_iter,52.192,ok,,8192,,,1,20,torch_bf16|fixed|B1|N8192
dsa-quick,dsa,fixed,torch_bf16,,bf16,1,8192,128,64,2048,0,79,,select,eager,cuda_event_per_iter,55.904,ok,,8192,,,1,20,torch_bf16|fixed|B1|N8192
dsa-quick,dsa,fixed,torch_bf16,,bf16,1,8192,128,64,2048,0,80,,select,eager,cuda_event_per_iter,53.472,ok,,8192,,,1,20,torch_bf16|fixed|B1|N8192
dsa-quick,dsa,fixed,torch_bf16,,bf16,1,8192,128,64,2048,0,81,,select,eager,cuda_event_per_iter,51.488,ok,,8192,,,1,20,torch_bf16|fixed|B1|N8192
dsa-quick,dsa,fixed,torch_bf16,,bf16,1,8192,128,64,2048,0,82,,select,eager,cuda_event_per_iter,62.272,ok,,8192,,,1,20,torch_bf16|fixed|B1|N8192
dsa-quick,dsa,fixed,torch_bf16,,bf16,1,8192,128,64,2048,0,83,,select,eager,cuda_event_per_iter,62.432,ok,,8192,,,1,20,torch_bf16|fixed|B1|N8192
dsa-quick,dsa,fixed,torch_bf16,,bf16,1,8192,128,64,2048,0,84,,select,eager,cuda_event_per_iter,55.2,ok,,8192,,,1,20,torch_bf16|fixed|B1|N8192
dsa-quick,dsa,fixed,torch_bf16,,bf16,1,8192,128,64,2048,0,85,,select,eager,cuda_event_per_iter,52.608,ok,,8192,,,1,20,torch_bf16|fixed|B1|N8192
dsa-quick,dsa,fixed,torch_bf16,,bf16,1,8192,128,64,2048,0,86,,select,eager,cuda_event_per_iter,52,ok,,8192,,,1,20,torch_bf16|fixed|B1|N8192
dsa-quick,dsa,fixed,torch_bf16,,bf16,1,8192,128,64,2048,0,87,,select,eager,cuda_event_per_iter,56.352,ok,,8192,,,1,20,torch_bf16|fixed|B1|N8192
dsa-quick,dsa,fixed,torch_bf16,,bf16,1,8192,128,64,2048,0,88,,select,eager,cuda_event_per_iter,53.6,ok,,8192,,,1,20,torch_bf16|fixed|B1|N8192
dsa-quick,dsa,fixed,torch_bf16,,bf16,1,8192,128,64,2048,0,89,,select,eager,cuda_event_per_iter,51.264,ok,,8192,,,1,20,torch_bf16|fixed|B1|N8192
dsa-quick,dsa,fixed,torch_bf16,,bf16,1,8192,128,64,2048,0,90,,select,eager,cuda_event_per_iter,62.144,ok,,8192,,,1,20,torch_bf16|fixed|B1|N8192
dsa-quick,dsa,fixed,torch_bf16,,bf16,1,8192,128,64,2048,0,91,,select,eager,cuda_event_per_iter,62.56,ok,,8192,,,1,20,torch_bf16|fixed|B1|N8192
dsa-quick,dsa,fixed,torch_bf16,,bf16,1,8192,128,64,2048,0,92,,select,eager,cuda_event_per_iter,55.424,ok,,8192,,,1,20,torch_bf16|fixed|B1|N8192
dsa-quick,dsa,fixed,torch_bf16,,bf16,1,8192,128,64,2048,0,93,,select,eager,cuda_event_per_iter,52.48,ok,,8192,,,1,20,torch_bf16|fixed|B1|N8192
dsa-quick,dsa,fixed,torch_bf16,,bf16,1,8192,128,64,2048,0,94,,select,eager,cuda_event_per_iter,52,ok,,8192,,,1,20,torch_bf16|fixed|B1|N8192
dsa-quick,dsa,fixed,torch_bf16,,bf16,1,8192,128,64,2048,0,95,,select,eager,cuda_event_per_iter,55.84,ok,,8192,,,1,20,torch_bf16|fixed|B1|N8192
dsa-quick,dsa,fixed,torch_bf16,,bf16,1,8192,128,64,2048,0,96,,select,eager,cuda_event_per_iter,53.568,ok,,8192,,,1,20,torch_bf16|fixed|B1|N8192
dsa-quick,dsa,fixed,torch_bf16,,bf16,1,8192,128,64,2048,0,97,,select,eager,cuda_event_per_iter,51.52,ok,,8192,,,1,20,torch_bf16|fixed|B1|N8192
dsa-quick,dsa,fixed,torch_bf16,,bf16,1,8192,128,64,2048,0,98,,select,eager,cuda_event_per_iter,62.208,ok,,8192,,,1,20,torch_bf16|fixed|B1|N8192
dsa-quick,dsa,fixed,torch_bf16,,bf16,1,8192,128,64,2048,0,99,,select,eager,cuda_event_per_iter,63.424,ok,,8192,,,1,20,torch_bf16|fixed|B1|N8192
dsa-quick,dsa,fixed,torch_bf16,,bf16,1,8192,128,64,2048,0,0,,combined,eager,cuda_event_per_iter,98.816,ok,,8192,,,1,20,torch_bf16|fixed|B1|N8192
dsa-quick,dsa,fixed,torch_bf16,,bf16,1,8192,128,64,2048,0,1,,combined,eager,cuda_event_per_iter,93.216,ok,,8192,,,1,20,torch_bf16|fixed|B1|N8192
dsa-quick,dsa,fixed,torch_bf16,,bf16,1,8192,128,64,2048,0,2,,combined,eager,cuda_event_per_iter,101.344,ok,,8192,,,1,20,torch_bf16|fixed|B1|N8192
dsa-quick,dsa,fixed,torch_bf16,,bf16,1,8192,128,64,2048,0,3,,combined,eager,cuda_event_per_iter,93.088,ok,,8192,,,1,20,torch_bf16|fixed|B1|N8192
dsa-quick,dsa,fixed,torch_bf16,,bf16,1,8192,128,64,2048,0,4,,combined,eager,cuda_event_per_iter,84.416,ok,,8192,,,1,20,torch_bf16|fixed|B1|N8192
dsa-quick,dsa,fixed,torch_bf16,,bf16,1,8192,128,64,2048,0,5,,combined,eager,cuda_event_per_iter,88.032,ok,,8192,,,1,20,torch_bf16|fixed|B1|N8192
dsa-quick,dsa,fixed,torch_bf16,,bf16,1,8192,128,64,2048,0,6,,combined,eager,cuda_event_per_iter,90.208,ok,,8192,,,1,20,torch_bf16|fixed|B1|N8192
dsa-quick,dsa,fixed,torch_bf16,,bf16,1,8192,128,64,2048,0,7,,combined,eager,cuda_event_per_iter,98.464,ok,,8192,,,1,20,torch_bf16|fixed|B1|N8192
dsa-quick,dsa,fixed,torch_bf16,,bf16,1,8192,128,64,2048,0,8,,combined,eager,cuda_event_per_iter,93.728,ok,,8192,,,1,20,torch_bf16|fixed|B1|N8192
dsa-quick,dsa,fixed,torch_bf16,,bf16,1,8192,128,64,2048,0,9,,combined,eager,cuda_event_per_iter,89.728,ok,,8192,,,1,20,torch_bf16|fixed|B1|N8192
dsa-quick,dsa,fixed,torch_bf16,,bf16,1,8192,128,64,2048,0,10,,combined,eager,cuda_event_per_iter,96.544,ok,,8192,,,1,20,torch_bf16|fixed|B1|N8192
dsa-quick,dsa,fixed,torch_bf16,,bf16,1,8192,128,64,2048,0,11,,combined,eager,cuda_event_per_iter,92.864,ok,,8192,,,1,20,torch_bf16|fixed|B1|N8192
dsa-quick,dsa,fixed,torch_bf16,,bf16,1,8192,128,64,2048,0,12,,combined,eager,cuda_event_per_iter,96.832,ok,,8192,,,1,20,torch_bf16|fixed|B1|N8192
dsa-quick,dsa,fixed,torch_bf16,,bf16,1,8192,128,64,2048,0,13,,combined,eager,cuda_event_per_iter,84.064,ok,,8192,,,1,20,torch_bf16|fixed|B1|N8192
dsa-quick,dsa,fixed,torch_bf16,,bf16,1,8192,128,64,2048,0,14,,combined,eager,cuda_event_per_iter,84.288,ok,,8192,,,1,20,torch_bf16|fixed|B1|N8192
dsa-quick,dsa,fixed,torch_bf16,,bf16,1,8192,128,64,2048,0,15,,combined,eager,cuda_event_per_iter,89.312,ok,,8192,,,1,20,torch_bf16|fixed|B1|N8192
dsa-quick,dsa,fixed,torch_bf16,,bf16,1,8192,128,64,2048,0,16,,combined,eager,cuda_event_per_iter,93.888,ok,,8192,,,1,20,torch_bf16|fixed|B1|N8192
dsa-quick,dsa,fixed,torch_bf16,,bf16,1,8192,128,64,2048,0,17,,combined,eager,cuda_event_per_iter,96.736,ok,,8192,,,1,20,torch_bf16|fixed|B1|N8192
dsa-quick,dsa,fixed,torch_bf16,,bf16,1,8192,128,64,2048,0,18,,combined,eager,cuda_event_per_iter,103.392,ok,,8192,,,1,20,torch_bf16|fixed|B1|N8192
dsa-quick,dsa,fixed,torch_bf16,,bf16,1,8192,128,64,2048,0,19,,combined,eager,cuda_event_per_iter,87.84,ok,,8192,,,1,20,torch_bf16|fixed|B1|N8192
dsa-quick,dsa,fixed,torch_bf16,,bf16,1,8192,128,64,2048,0,20,,combined,eager,cuda_event_per_iter,90.016,ok,,8192,,,1,20,torch_bf16|fixed|B1|N8192
dsa-quick,dsa,fixed,torch_bf16,,bf16,1,8192,128,64,2048,0,21,,combined,eager,cuda_event_per_iter,92.128,ok,,8192,,,1,20,torch_bf16|fixed|B1|N8192
dsa-quick,dsa,fixed,torch_bf16,,bf16,1,8192,128,64,2048,0,22,,combined,eager,cuda_event_per_iter,84.256,ok,,8192,,,1,20,torch_bf16|fixed|B1|N8192
dsa-quick,dsa,fixed,torch_bf16,,bf16,1,8192,128,64,2048,0,23,,combined,eager,cuda_event_per_iter,86.24,ok,,8192,,,1,20,torch_bf16|fixed|B1|N8192
dsa-quick,dsa,fixed,torch_bf16,,bf16,1,8192,128,64,2048,0,24,,combined,eager,cuda_event_per_iter,87.008,ok,,8192,,,1,20,torch_bf16|fixed|B1|N8192
dsa-quick,dsa,fixed,torch_bf16,,bf16,1,8192,128,64,2048,0,25,,combined,eager,cuda_event_per_iter,87.232,ok,,8192,,,1,20,torch_bf16|fixed|B1|N8192
dsa-quick,dsa,fixed,torch_bf16,,bf16,1,8192,128,64,2048,0,26,,combined,eager,cuda_event_per_iter,91.104,ok,,8192,,,1,20,torch_bf16|fixed|B1|N8192
dsa-quick,dsa,fixed,torch_bf16,,bf16,1,8192,128,64,2048,0,27,,combined,eager,cuda_event_per_iter,92.48,ok,,8192,,,1,20,torch_bf16|fixed|B1|N8192
dsa-quick,dsa,fixed,torch_bf16,,bf16,1,8192,128,64,2048,0,28,,combined,eager,cuda_event_per_iter,92.48,ok,,8192,,,1,20,torch_bf16|fixed|B1|N8192
dsa-quick,dsa,fixed,torch_bf16,,bf16,1,8192,128,64,2048,0,29,,combined,eager,cuda_event_per_iter,92.736,ok,,8192,,,1,20,torch_bf16|fixed|B1|N8192
dsa-quick,dsa,fixed,torch_bf16,,bf16,1,8192,128,64,2048,0,30,,combined,eager,cuda_event_per_iter,89.248,ok,,8192,,,1,20,torch_bf16|fixed|B1|N8192
dsa-quick,dsa,fixed,torch_bf16,,bf16,1,8192,128,64,2048,0,31,,combined,eager,cuda_event_per_iter,86.912,ok,,8192,,,1,20,torch_bf16|fixed|B1|N8192
dsa-quick,dsa,fixed,torch_bf16,,bf16,1,8192,128,64,2048,0,32,,combined,eager,cuda_event_per_iter,89.12,ok,,8192,,,1,20,torch_bf16|fixed|B1|N8192
dsa-quick,dsa,fixed,torch_bf16,,bf16,1,8192,128,64,2048,0,33,,combined,eager,cuda_event_per_iter,95.744,ok,,8192,,,1,20,torch_bf16|fixed|B1|N8192
dsa-quick,dsa,fixed,torch_bf16,,bf16,1,8192,128,64,2048,0,34,,combined,eager,cuda_event_per_iter,91.2,ok,,8192,,,1,20,torch_bf16|fixed|B1|N8192
dsa-quick,dsa,fixed,torch_bf16,,bf16,1,8192,128,64,2048,0,35,,combined,eager,cuda_event_per_iter,90.208,ok,,8192,,,1,20,torch_bf16|fixed|B1|N8192
dsa-quick,dsa,fixed,torch_bf16,,bf16,1,8192,128,64,2048,0,36,,combined,eager,cuda_event_per_iter,93.088,ok,,8192,,,1,20,torch_bf16|fixed|B1|N8192
dsa-quick,dsa,fixed,torch_bf16,,bf16,1,8192,128,64,2048,0,37,,combined,eager,cuda_event_per_iter,88.064,ok,,8192,,,1,20,torch_bf16|fixed|B1|N8192
dsa-quick,dsa,fixed,torch_bf16,,bf16,1,8192,128,64,2048,0,38,,combined,eager,cuda_event_per_iter,89.664,ok,,8192,,,1,20,torch_bf16|fixed|B1|N8192
dsa-quick,dsa,fixed,torch_bf16,,bf16,1,8192,128,64,2048,0,39,,combined,eager,cuda_event_per_iter,93.568,ok,,8192,,,1,20,torch_bf16|fixed|B1|N8192
dsa-quick,dsa,fixed,torch_bf16,,bf16,1,8192,128,64,2048,0,40,,combined,eager,cuda_event_per_iter,91.776,ok,,8192,,,1,20,torch_bf16|fixed|B1|N8192
dsa-quick,dsa,fixed,torch_bf16,,bf16,1,8192,128,64,2048,0,41,,combined,eager,cuda_event_per_iter,92.832,ok,,8192,,,1,20,torch_bf16|fixed|B1|N8192
dsa-quick,dsa,fixed,torch_bf16,,bf16,1,8192,128,64,2048,0,42,,combined,eager,cuda_event_per_iter,92.512,ok,,8192,,,1,20,torch_bf16|fixed|B1|N8192
dsa-quick,dsa,fixed,torch_bf16,,bf16,1,8192,128,64,2048,0,43,,combined,eager,cuda_event_per_iter,94.496,ok,,8192,,,1,20,torch_bf16|fixed|B1|N8192
dsa-quick,dsa,fixed,torch_bf16,,bf16,1,8192,128,64,2048,0,44,,combined,eager,cuda_event_per_iter,95.616,ok,,8192,,,1,20,torch_bf16|fixed|B1|N8192
dsa-quick,dsa,fixed,torch_bf16,,bf16,1,8192,128,64,2048,0,45,,combined,eager,cuda_event_per_iter,97.6,ok,,8192,,,1,20,torch_bf16|fixed|B1|N8192
dsa-quick,dsa,fixed,torch_bf16,,bf16,1,8192,128,64,2048,0,46,,combined,eager,cuda_event_per_iter,93.12,ok,,8192,,,1,20,torch_bf16|fixed|B1|N8192
dsa-quick,dsa,fixed,torch_bf16,,bf16,1,8192,128,64,2048,0,47,,combined,eager,cuda_event_per_iter,87.68,ok,,8192,,,1,20,torch_bf16|fixed|B1|N8192
dsa-quick,dsa,fixed,torch_bf16,,bf16,1,8192,128,64,2048,0,48,,combined,eager,cuda_event_per_iter,95.968,ok,,8192,,,1,20,torch_bf16|fixed|B1|N8192
dsa-quick,dsa,fixed,torch_bf16,,bf16,1,8192,128,64,2048,0,49,,combined,eager,cuda_event_per_iter,95.488,ok,,8192,,,1,20,torch_bf16|fixed|B1|N8192
dsa-quick,dsa,fixed,torch_bf16,,bf16,1,8192,128,64,2048,0,50,,combined,eager,cuda_event_per_iter,93.664,ok,,8192,,,1,20,torch_bf16|fixed|B1|N8192
dsa-quick,dsa,fixed,torch_bf16,,bf16,1,8192,128,64,2048,0,51,,combined,eager,cuda_event_per_iter,94.336,ok,,8192,,,1,20,torch_bf16|fixed|B1|N8192
dsa-quick,dsa,fixed,torch_bf16,,bf16,1,8192,128,64,2048,0,52,,combined,eager,cuda_event_per_iter,88.544,ok,,8192,,,1,20,torch_bf16|fixed|B1|N8192
dsa-quick,dsa,fixed,torch_bf16,,bf16,1,8192,128,64,2048,0,53,,combined,eager,cuda_event_per_iter,91.104,ok,,8192,,,1,20,torch_bf16|fixed|B1|N8192
dsa-quick,dsa,fixed,torch_bf16,,bf16,1,8192,128,64,2048,0,54,,combined,eager,cuda_event_per_iter,93.44,ok,,8192,,,1,20,torch_bf16|fixed|B1|N8192
dsa-quick,dsa,fixed,torch_bf16,,bf16,1,8192,128,64,2048,0,55,,combined,eager,cuda_event_per_iter,92.896,ok,,8192,,,1,20,torch_bf16|fixed|B1|N8192
dsa-quick,dsa,fixed,torch_bf16,,bf16,1,8192,128,64,2048,0,56,,combined,eager,cuda_event_per_iter,95.04,ok,,8192,,,1,20,torch_bf16|fixed|B1|N8192
dsa-quick,dsa,fixed,torch_bf16,,bf16,1,8192,128,64,2048,0,57,,combined,eager,cuda_event_per_iter,90.88,ok,,8192,,,1,20,torch_bf16|fixed|B1|N8192
dsa-quick,dsa,fixed,torch_bf16,,bf16,1,8192,128,64,2048,0,58,,combined,eager,cuda_event_per_iter,97.248,ok,,8192,,,1,20,torch_bf16|fixed|B1|N8192
dsa-quick,dsa,fixed,torch_bf16,,bf16,1,8192,128,64,2048,0,59,,combined,eager,cuda_event_per_iter,92.352,ok,,8192,,,1,20,torch_bf16|fixed|B1|N8192
dsa-quick,dsa,fixed,torch_bf16,,bf16,1,8192,128,64,2048,0,60,,combined,eager,cuda_event_per_iter,93.824,ok,,8192,,,1,20,torch_bf16|fixed|B1|N8192
dsa-quick,dsa,fixed,torch_bf16,,bf16,1,8192,128,64,2048,0,61,,combined,eager,cuda_event_per_iter,90.464,ok,,8192,,,1,20,torch_bf16|fixed|B1|N8192
dsa-quick,dsa,fixed,torch_bf16,,bf16,1,8192,128,64,2048,0,62,,combined,eager,cuda_event_per_iter,92.736,ok,,8192,,,1,20,torch_bf16|fixed|B1|N8192
dsa-quick,dsa,fixed,torch_bf16,,bf16,1,8192,128,64,2048,0,63,,combined,eager,cuda_event_per_iter,92.448,ok,,8192,,,1,20,torch_bf16|fixed|B1|N8192
dsa-quick,dsa,fixed,torch_bf16,,bf16,1,8192,128,64,2048,0,64,,combined,eager,cuda_event_per_iter,98.304,ok,,8192,,,1,20,torch_bf16|fixed|B1|N8192
dsa-quick,dsa,fixed,torch_bf16,,bf16,1,8192,128,64,2048,0,65,,combined,eager,cuda_event_per_iter,87.84,ok,,8192,,,1,20,torch_bf16|fixed|B1|N8192
dsa-quick,dsa,fixed,torch_bf16,,bf16,1,8192,128,64,2048,0,66,,combined,eager,cuda_event_per_iter,97.44,ok,,8192,,,1,20,torch_bf16|fixed|B1|N8192
dsa-quick,dsa,fixed,torch_bf16,,bf16,1,8192,128,64,2048,0,67,,combined,eager,cuda_event_per_iter,96.256,ok,,8192,,,1,20,torch_bf16|fixed|B1|N8192
dsa-quick,dsa,fixed,torch_bf16,,bf16,1,8192,128,64,2048,0,68,,combined,eager,cuda_event_per_iter,89.504,ok,,8192,,,1,20,torch_bf16|fixed|B1|N8192
dsa-quick,dsa,fixed,torch_bf16,,bf16,1,8192,128,64,2048,0,69,,combined,eager,cuda_event_per_iter,95.456,ok,,8192,,,1,20,torch_bf16|fixed|B1|N8192
dsa-quick,dsa,fixed,torch_bf16,,bf16,1,8192,128,64,2048,0,70,,combined,eager,cuda_event_per_iter,88.544,ok,,8192,,,1,20,torch_bf16|fixed|B1|N8192
dsa-quick,dsa,fixed,torch_bf16,,bf16,1,8192,128,64,2048,0,71,,combined,eager,cuda_event_per_iter,85.504,ok,,8192,,,1,20,torch_bf16|fixed|B1|N8192
dsa-quick,dsa,fixed,torch_bf16,,bf16,1,8192,128,64,2048,0,72,,combined,eager,cuda_event_per_iter,90.688,ok,,8192,,,1,20,torch_bf16|fixed|B1|N8192
dsa-quick,dsa,fixed,torch_bf16,,bf16,1,8192,128,64,2048,0,73,,combined,eager,cuda_event_per_iter,94.112,ok,,8192,,,1,20,torch_bf16|fixed|B1|N8192
dsa-quick,dsa,fixed,torch_bf16,,bf16,1,8192,128,64,2048,0,74,,combined,eager,cuda_event_per_iter,95.936,ok,,8192,,,1,20,torch_bf16|fixed|B1|N8192
dsa-quick,dsa,fixed,torch_bf16,,bf16,1,8192,128,64,2048,0,75,,combined,eager,cuda_event_per_iter,98.976,ok,,8192,,,1,20,torch_bf16|fixed|B1|N8192
dsa-quick,dsa,fixed,torch_bf16,,bf16,1,8192,128,64,2048,0,76,,combined,eager,cuda_event_per_iter,103.296,ok,,8192,,,1,20,torch_bf16|fixed|B1|N8192
dsa-quick,dsa,fixed,torch_bf16,,bf16,1,8192,128,64,2048,0,77,,combined,eager,cuda_event_per_iter,94.464,ok,,8192,,,1,20,torch_bf16|fixed|B1|N8192
dsa-quick,dsa,fixed,torch_bf16,,bf16,1,8192,128,64,2048,0,78,,combined,eager,cuda_event_per_iter,99.648,ok,,8192,,,1,20,torch_bf16|fixed|B1|N8192
dsa-quick,dsa,fixed,torch_bf16,,bf16,1,8192,128,64,2048,0,79,,combined,eager,cuda_event_per_iter,94.464,ok,,8192,,,1,20,torch_bf16|fixed|B1|N8192
dsa-quick,dsa,fixed,torch_bf16,,bf16,1,8192,128,64,2048,0,80,,combined,eager,cuda_event_per_iter,99.488,ok,,8192,,,1,20,torch_bf16|fixed|B1|N8192
dsa-quick,dsa,fixed,torch_bf16,,bf16,1,8192,128,64,2048,0,81,,combined,eager,cuda_event_per_iter,101.056,ok,,8192,,,1,20,torch_bf16|fixed|B1|N8192
dsa-quick,dsa,fixed,torch_bf16,,bf16,1,8192,128,64,2048,0,82,,combined,eager,cuda_event_per_iter,95.136,ok,,8192,,,1,20,torch_bf16|fixed|B1|N8192
dsa-quick,dsa,fixed,torch_bf16,,bf16,1,8192,128,64,2048,0,83,,combined,eager,cuda_event_per_iter,98.592,ok,,8192,,,1,20,torch_bf16|fixed|B1|N8192
dsa-quick,dsa,fixed,torch_bf16,,bf16,1,8192,128,64,2048,0,84,,combined,eager,cuda_event_per_iter,99.008,ok,,8192,,,1,20,torch_bf16|fixed|B1|N8192
dsa-quick,dsa,fixed,torch_bf16,,bf16,1,8192,128,64,2048,0,85,,combined,eager,cuda_event_per_iter,93.312,ok,,8192,,,1,20,torch_bf16|fixed|B1|N8192
dsa-quick,dsa,fixed,torch_bf16,,bf16,1,8192,128,64,2048,0,86,,combined,eager,cuda_event_per_iter,94.432,ok,,8192,,,1,20,torch_bf16|fixed|B1|N8192
dsa-quick,dsa,fixed,torch_bf16,,bf16,1,8192,128,64,2048,0,87,,combined,eager,cuda_event_per_iter,93.184,ok,,8192,,,1,20,torch_bf16|fixed|B1|N8192
dsa-quick,dsa,fixed,torch_bf16,,bf16,1,8192,128,64,2048,0,88,,combined,eager,cuda_event_per_iter,93.472,ok,,8192,,,1,20,torch_bf16|fixed|B1|N8192
dsa-quick,dsa,fixed,torch_bf16,,bf16,1,8192,128,64,2048,0,89,,combined,eager,cuda_event_per_iter,96.8,ok,,8192,,,1,20,torch_bf16|fixed|B1|N8192
dsa-quick,dsa,fixed,torch_bf16,,bf16,1,8192,128,64,2048,0,90,,combined,eager,cuda_event_per_iter,106.464,ok,,8192,,,1,20,torch_bf16|fixed|B1|N8192
dsa-quick,dsa,fixed,torch_bf16,,bf16,1,8192,128,64,2048,0,91,,combined,eager,cuda_event_per_iter,91.52,ok,,8192,,,1,20,torch_bf16|fixed|B1|N8192
dsa-quick,dsa,fixed,torch_bf16,,bf16,1,8192,128,64,2048,0,92,,combined,eager,cuda_event_per_iter,92.416,ok,,8192,,,1,20,torch_bf16|fixed|B1|N8192
dsa-quick,dsa,fixed,torch_bf16,,bf16,1,8192,128,64,2048,0,93,,combined,eager,cuda_event_per_iter,103.776,ok,,8192,,,1,20,torch_bf16|fixed|B1|N8192
dsa-quick,dsa,fixed,torch_bf16,,bf16,1,8192,128,64,2048,0,94,,combined,eager,cuda_event_per_iter,96.128,ok,,8192,,,1,20,torch_bf16|fixed|B1|N8192
dsa-quick,dsa,fixed,torch_bf16,,bf16,1,8192,128,64,2048,0,95,,combined,eager,cuda_event_per_iter,100.032,ok,,8192,,,1,20,torch_bf16|fixed|B1|N8192
dsa-quick,dsa,fixed,torch_bf16,,bf16,1,8192,128,64,2048,0,96,,combined,eager,cuda_event_per_iter,96.448,ok,,8192,,,1,20,torch_bf16|fixed|B1|N8192
dsa-quick,dsa,fixed,torch_bf16,,bf16,1,8192,128,64,2048,0,97,,combined,eager,cuda_event_per_iter,95.04,ok,,8192,,,1,20,torch_bf16|fixed|B1|N8192
dsa-quick,dsa,fixed,torch_bf16,,bf16,1,8192,128,64,2048,0,98,,combined,eager,cuda_event_per_iter,90.592,ok,,8192,,,1,20,torch_bf16|fixed|B1|N8192
dsa-quick,dsa,fixed,torch_bf16,,bf16,1,8192,128,64,2048,0,99,,combined,eager,cuda_event_per_iter,104.416,ok,,8192,,,1,20,torch_bf16|fixed|B1|N8192
dsa-quick,dsa,fixed,torch_bf16,,bf16,1,8192,128,64,2048,0,0,,score,cudagraph,cuda_event_grouped_3,19.904,ok,,8192,,,3,20,torch_bf16|fixed|B1|N8192
dsa-quick,dsa,fixed,torch_bf16,,bf16,1,8192,128,64,2048,0,1,,score,cudagraph,cuda_event_grouped_3,19.7547,ok,,8192,,,3,20,torch_bf16|fixed|B1|N8192
dsa-quick,dsa,fixed,torch_bf16,,bf16,1,8192,128,64,2048,0,2,,score,cudagraph,cuda_event_grouped_3,19.6267,ok,,8192,,,3,20,torch_bf16|fixed|B1|N8192
dsa-quick,dsa,fixed,torch_bf16,,bf16,1,8192,128,64,2048,0,3,,score,cudagraph,cuda_event_grouped_3,19.584,ok,,8192,,,3,20,torch_bf16|fixed|B1|N8192
dsa-quick,dsa,fixed,torch_bf16,,bf16,1,8192,128,64,2048,0,4,,score,cudagraph,cuda_event_grouped_3,19.552,ok,,8192,,,3,20,torch_bf16|fixed|B1|N8192
dsa-quick,dsa,fixed,torch_bf16,,bf16,1,8192,128,64,2048,0,5,,score,cudagraph,cuda_event_grouped_3,19.6587,ok,,8192,,,3,20,torch_bf16|fixed|B1|N8192
dsa-quick,dsa,fixed,torch_bf16,,bf16,1,8192,128,64,2048,0,6,,score,cudagraph,cuda_event_grouped_3,19.456,ok,,8192,,,3,20,torch_bf16|fixed|B1|N8192
dsa-quick,dsa,fixed,torch_bf16,,bf16,1,8192,128,64,2048,0,7,,score,cudagraph,cuda_event_grouped_3,19.712,ok,,8192,,,3,20,torch_bf16|fixed|B1|N8192
dsa-quick,dsa,fixed,torch_bf16,,bf16,1,8192,128,64,2048,0,8,,score,cudagraph,cuda_event_grouped_3,19.648,ok,,8192,,,3,20,torch_bf16|fixed|B1|N8192
dsa-quick,dsa,fixed,torch_bf16,,bf16,1,8192,128,64,2048,0,9,,score,cudagraph,cuda_event_grouped_3,19.6693,ok,,8192,,,3,20,torch_bf16|fixed|B1|N8192
dsa-quick,dsa,fixed,torch_bf16,,bf16,1,8192,128,64,2048,0,10,,score,cudagraph,cuda_event_grouped_3,19.6373,ok,,8192,,,3,20,torch_bf16|fixed|B1|N8192
dsa-quick,dsa,fixed,torch_bf16,,bf16,1,8192,128,64,2048,0,11,,score,cudagraph,cuda_event_grouped_3,19.5733,ok,,8192,,,3,20,torch_bf16|fixed|B1|N8192
dsa-quick,dsa,fixed,torch_bf16,,bf16,1,8192,128,64,2048,0,12,,score,cudagraph,cuda_event_grouped_3,19.5733,ok,,8192,,,3,20,torch_bf16|fixed|B1|N8192
dsa-quick,dsa,fixed,torch_bf16,,bf16,1,8192,128,64,2048,0,13,,score,cudagraph,cuda_event_grouped_3,19.584,ok,,8192,,,3,20,torch_bf16|fixed|B1|N8192
dsa-quick,dsa,fixed,torch_bf16,,bf16,1,8192,128,64,2048,0,14,,score,cudagraph,cuda_event_grouped_3,19.5093,ok,,8192,,,3,20,torch_bf16|fixed|B1|N8192
dsa-quick,dsa,fixed,torch_bf16,,bf16,1,8192,128,64,2048,0,15,,score,cudagraph,cuda_event_grouped_3,19.5947,ok,,8192,,,3,20,torch_bf16|fixed|B1|N8192
dsa-quick,dsa,fixed,torch_bf16,,bf16,1,8192,128,64,2048,0,16,,score,cudagraph,cuda_event_grouped_3,19.6693,ok,,8192,,,3,20,torch_bf16|fixed|B1|N8192
dsa-quick,dsa,fixed,torch_bf16,,bf16,1,8192,128,64,2048,0,17,,score,cudagraph,cuda_event_grouped_3,19.4987,ok,,8192,,,3,20,torch_bf16|fixed|B1|N8192
dsa-quick,dsa,fixed,torch_bf16,,bf16,1,8192,128,64,2048,0,18,,score,cudagraph,cuda_event_grouped_3,19.6053,ok,,8192,,,3,20,torch_bf16|fixed|B1|N8192
dsa-quick,dsa,fixed,torch_bf16,,bf16,1,8192,128,64,2048,0,19,,score,cudagraph,cuda_event_grouped_3,19.52,ok,,8192,,,3,20,torch_bf16|fixed|B1|N8192
dsa-quick,dsa,fixed,torch_bf16,,bf16,1,8192,128,64,2048,0,20,,score,cudagraph,cuda_event_grouped_3,19.5733,ok,,8192,,,3,20,torch_bf16|fixed|B1|N8192
dsa-quick,dsa,fixed,torch_bf16,,bf16,1,8192,128,64,2048,0,21,,score,cudagraph,cuda_event_grouped_3,19.5947,ok,,8192,,,3,20,torch_bf16|fixed|B1|N8192
dsa-quick,dsa,fixed,torch_bf16,,bf16,1,8192,128,64,2048,0,22,,score,cudagraph,cuda_event_grouped_3,19.5093,ok,,8192,,,3,20,torch_bf16|fixed|B1|N8192
dsa-quick,dsa,fixed,torch_bf16,,bf16,1,8192,128,64,2048,0,23,,score,cudagraph,cuda_event_grouped_3,19.5947,ok,,8192,,,3,20,torch_bf16|fixed|B1|N8192
dsa-quick,dsa,fixed,torch_bf16,,bf16,1,8192,128,64,2048,0,24,,score,cudagraph,cuda_event_grouped_3,19.5413,ok,,8192,,,3,20,torch_bf16|fixed|B1|N8192
dsa-quick,dsa,fixed,torch_bf16,,bf16,1,8192,128,64,2048,0,25,,score,cudagraph,cuda_event_grouped_3,19.552,ok,,8192,,,3,20,torch_bf16|fixed|B1|N8192
dsa-quick,dsa,fixed,torch_bf16,,bf16,1,8192,128,64,2048,0,26,,score,cudagraph,cuda_event_grouped_3,19.776,ok,,8192,,,3,20,torch_bf16|fixed|B1|N8192
dsa-quick,dsa,fixed,torch_bf16,,bf16,1,8192,128,64,2048,0,27,,score,cudagraph,cuda_event_grouped_3,19.6587,ok,,8192,,,3,20,torch_bf16|fixed|B1|N8192
dsa-quick,dsa,fixed,torch_bf16,,bf16,1,8192,128,64,2048,0,28,,score,cudagraph,cuda_event_grouped_3,19.4773,ok,,8192,,,3,20,torch_bf16|fixed|B1|N8192
dsa-quick,dsa,fixed,torch_bf16,,bf16,1,8192,128,64,2048,0,29,,score,cudagraph,cuda_event_grouped_3,19.552,ok,,8192,,,3,20,torch_bf16|fixed|B1|N8192
dsa-quick,dsa,fixed,torch_bf16,,bf16,1,8192,128,64,2048,0,30,,score,cudagraph,cuda_event_grouped_3,19.4133,ok,,8192,,,3,20,torch_bf16|fixed|B1|N8192
dsa-quick,dsa,fixed,torch_bf16,,bf16,1,8192,128,64,2048,0,31,,score,cudagraph,cuda_event_grouped_3,19.6373,ok,,8192,,,3,20,torch_bf16|fixed|B1|N8192
dsa-quick,dsa,fixed,torch_bf16,,bf16,1,8192,128,64,2048,0,32,,score,cudagraph,cuda_event_grouped_3,19.584,ok,,8192,,,3,20,torch_bf16|fixed|B1|N8192
dsa-quick,dsa,fixed,torch_bf16,,bf16,1,8192,128,64,2048,0,33,,score,cudagraph,cuda_event_grouped_3,19.5627,ok,,8192,,,3,20,torch_bf16|fixed|B1|N8192
dsa-quick,dsa,fixed,torch_bf16,,bf16,1,8192,128,64,2048,0,34,,score,cudagraph,cuda_event_grouped_3,19.5627,ok,,8192,,,3,20,torch_bf16|fixed|B1|N8192
dsa-quick,dsa,fixed,torch_bf16,,bf16,1,8192,128,64,2048,0,35,,score,cudagraph,cuda_event_grouped_3,19.4667,ok,,8192,,,3,20,torch_bf16|fixed|B1|N8192
dsa-quick,dsa,fixed,torch_bf16,,bf16,1,8192,128,64,2048,0,36,,score,cudagraph,cuda_event_grouped_3,19.488,ok,,8192,,,3,20,torch_bf16|fixed|B1|N8192
dsa-quick,dsa,fixed,torch_bf16,,bf16,1,8192,128,64,2048,0,37,,score,cudagraph,cuda_event_grouped_3,19.68,ok,,8192,,,3,20,torch_bf16|fixed|B1|N8192
dsa-quick,dsa,fixed,torch_bf16,,bf16,1,8192,128,64,2048,0,38,,score,cudagraph,cuda_event_grouped_3,19.616,ok,,8192,,,3,20,torch_bf16|fixed|B1|N8192
dsa-quick,dsa,fixed,torch_bf16,,bf16,1,8192,128,64,2048,0,39,,score,cudagraph,cuda_event_grouped_3,19.4667,ok,,8192,,,3,20,torch_bf16|fixed|B1|N8192
dsa-quick,dsa,fixed,torch_bf16,,bf16,1,8192,128,64,2048,0,40,,score,cudagraph,cuda_event_grouped_3,19.552,ok,,8192,,,3,20,torch_bf16|fixed|B1|N8192
dsa-quick,dsa,fixed,torch_bf16,,bf16,1,8192,128,64,2048,0,41,,score,cudagraph,cuda_event_grouped_3,19.488,ok,,8192,,,3,20,torch_bf16|fixed|B1|N8192
dsa-quick,dsa,fixed,torch_bf16,,bf16,1,8192,128,64,2048,0,42,,score,cudagraph,cuda_event_grouped_3,19.488,ok,,8192,,,3,20,torch_bf16|fixed|B1|N8192
dsa-quick,dsa,fixed,torch_bf16,,bf16,1,8192,128,64,2048,0,43,,score,cudagraph,cuda_event_grouped_3,19.5413,ok,,8192,,,3,20,torch_bf16|fixed|B1|N8192
dsa-quick,dsa,fixed,torch_bf16,,bf16,1,8192,128,64,2048,0,44,,score,cudagraph,cuda_event_grouped_3,19.552,ok,,8192,,,3,20,torch_bf16|fixed|B1|N8192
dsa-quick,dsa,fixed,torch_bf16,,bf16,1,8192,128,64,2048,0,45,,score,cudagraph,cuda_event_grouped_3,19.4987,ok,,8192,,,3,20,torch_bf16|fixed|B1|N8192
dsa-quick,dsa,fixed,torch_bf16,,bf16,1,8192,128,64,2048,0,46,,score,cudagraph,cuda_event_grouped_3,19.456,ok,,8192,,,3,20,torch_bf16|fixed|B1|N8192
dsa-quick,dsa,fixed,torch_bf16,,bf16,1,8192,128,64,2048,0,47,,score,cudagraph,cuda_event_grouped_3,19.5947,ok,,8192,,,3,20,torch_bf16|fixed|B1|N8192
dsa-quick,dsa,fixed,torch_bf16,,bf16,1,8192,128,64,2048,0,48,,score,cudagraph,cuda_event_grouped_3,19.5947,ok,,8192,,,3,20,torch_bf16|fixed|B1|N8192
dsa-quick,dsa,fixed,torch_bf16,,bf16,1,8192,128,64,2048,0,49,,score,cudagraph,cuda_event_grouped_3,19.4987,ok,,8192,,,3,20,torch_bf16|fixed|B1|N8192
dsa-quick,dsa,fixed,torch_bf16,,bf16,1,8192,128,64,2048,0,50,,score,cudagraph,cuda_event_grouped_3,19.4773,ok,,8192,,,3,20,torch_bf16|fixed|B1|N8192
dsa-quick,dsa,fixed,torch_bf16,,bf16,1,8192,128,64,2048,0,51,,score,cudagraph,cuda_event_grouped_3,19.5093,ok,,8192,,,3,20,torch_bf16|fixed|B1|N8192
dsa-quick,dsa,fixed,torch_bf16,,bf16,1,8192,128,64,2048,0,52,,score,cudagraph,cuda_event_grouped_3,19.5307,ok,,8192,,,3,20,torch_bf16|fixed|B1|N8192
dsa-quick,dsa,fixed,torch_bf16,,bf16,1,8192,128,64,2048,0,53,,score,cudagraph,cuda_event_grouped_3,19.616,ok,,8192,,,3,20,torch_bf16|fixed|B1|N8192
dsa-quick,dsa,fixed,torch_bf16,,bf16,1,8192,128,64,2048,0,54,,score,cudagraph,cuda_event_grouped_3,19.52,ok,,8192,,,3,20,torch_bf16|fixed|B1|N8192
dsa-quick,dsa,fixed,torch_bf16,,bf16,1,8192,128,64,2048,0,55,,score,cudagraph,cuda_event_grouped_3,19.4667,ok,,8192,,,3,20,torch_bf16|fixed|B1|N8192
dsa-quick,dsa,fixed,torch_bf16,,bf16,1,8192,128,64,2048,0,56,,score,cudagraph,cuda_event_grouped_3,19.5093,ok,,8192,,,3,20,torch_bf16|fixed|B1|N8192
dsa-quick,dsa,fixed,torch_bf16,,bf16,1,8192,128,64,2048,0,57,,score,cudagraph,cuda_event_grouped_3,19.392,ok,,8192,,,3,20,torch_bf16|fixed|B1|N8192
dsa-quick,dsa,fixed,torch_bf16,,bf16,1,8192,128,64,2048,0,58,,score,cudagraph,cuda_event_grouped_3,19.4773,ok,,8192,,,3,20,torch_bf16|fixed|B1|N8192
dsa-quick,dsa,fixed,torch_bf16,,bf16,1,8192,128,64,2048,0,59,,score,cudagraph,cuda_event_grouped_3,19.648,ok,,8192,,,3,20,torch_bf16|fixed|B1|N8192
dsa-quick,dsa,fixed,torch_bf16,,bf16,1,8192,128,64,2048,0,60,,score,cudagraph,cuda_event_grouped_3,19.4987,ok,,8192,,,3,20,torch_bf16|fixed|B1|N8192
dsa-quick,dsa,fixed,torch_bf16,,bf16,1,8192,128,64,2048,0,61,,score,cudagraph,cuda_event_grouped_3,19.488,ok,,8192,,,3,20,torch_bf16|fixed|B1|N8192
dsa-quick,dsa,fixed,torch_bf16,,bf16,1,8192,128,64,2048,0,62,,score,cudagraph,cuda_event_grouped_3,19.4347,ok,,8192,,,3,20,torch_bf16|fixed|B1|N8192
dsa-quick,dsa,fixed,torch_bf16,,bf16,1,8192,128,64,2048,0,63,,score,cudagraph,cuda_event_grouped_3,19.584,ok,,8192,,,3,20,torch_bf16|fixed|B1|N8192
dsa-quick,dsa,fixed,torch_bf16,,bf16,1,8192,128,64,2048,0,64,,score,cudagraph,cuda_event_grouped_3,19.5413,ok,,8192,,,3,20,torch_bf16|fixed|B1|N8192
dsa-quick,dsa,fixed,torch_bf16,,bf16,1,8192,128,64,2048,0,65,,score,cudagraph,cuda_event_grouped_3,19.4773,ok,,8192,,,3,20,torch_bf16|fixed|B1|N8192
dsa-quick,dsa,fixed,torch_bf16,,bf16,1,8192,128,64,2048,0,66,,score,cudagraph,cuda_event_grouped_3,19.4773,ok,,8192,,,3,20,torch_bf16|fixed|B1|N8192
dsa-quick,dsa,fixed,torch_bf16,,bf16,1,8192,128,64,2048,0,67,,score,cudagraph,cuda_event_grouped_3,19.5947,ok,,8192,,,3,20,torch_bf16|fixed|B1|N8192
dsa-quick,dsa,fixed,torch_bf16,,bf16,1,8192,128,64,2048,0,68,,score,cudagraph,cuda_event_grouped_3,19.648,ok,,8192,,,3,20,torch_bf16|fixed|B1|N8192
dsa-quick,dsa,fixed,torch_bf16,,bf16,1,8192,128,64,2048,0,69,,score,cudagraph,cuda_event_grouped_3,19.4987,ok,,8192,,,3,20,torch_bf16|fixed|B1|N8192
dsa-quick,dsa,fixed,torch_bf16,,bf16,1,8192,128,64,2048,0,70,,score,cudagraph,cuda_event_grouped_3,19.5413,ok,,8192,,,3,20,torch_bf16|fixed|B1|N8192
dsa-quick,dsa,fixed,torch_bf16,,bf16,1,8192,128,64,2048,0,71,,score,cudagraph,cuda_event_grouped_3,19.7013,ok,,8192,,,3,20,torch_bf16|fixed|B1|N8192
dsa-quick,dsa,fixed,torch_bf16,,bf16,1,8192,128,64,2048,0,72,,score,cudagraph,cuda_event_grouped_3,19.5733,ok,,8192,,,3,20,torch_bf16|fixed|B1|N8192
dsa-quick,dsa,fixed,torch_bf16,,bf16,1,8192,128,64,2048,0,73,,score,cudagraph,cuda_event_grouped_3,19.5947,ok,,8192,,,3,20,torch_bf16|fixed|B1|N8192
dsa-quick,dsa,fixed,torch_bf16,,bf16,1,8192,128,64,2048,0,74,,score,cudagraph,cuda_event_grouped_3,19.488,ok,,8192,,,3,20,torch_bf16|fixed|B1|N8192
dsa-quick,dsa,fixed,torch_bf16,,bf16,1,8192,128,64,2048,0,75,,score,cudagraph,cuda_event_grouped_3,19.4987,ok,,8192,,,3,20,torch_bf16|fixed|B1|N8192
dsa-quick,dsa,fixed,torch_bf16,,bf16,1,8192,128,64,2048,0,76,,score,cudagraph,cuda_event_grouped_3,19.5733,ok,,8192,,,3,20,torch_bf16|fixed|B1|N8192
dsa-quick,dsa,fixed,torch_bf16,,bf16,1,8192,128,64,2048,0,77,,score,cudagraph,cuda_event_grouped_3,19.488,ok,,8192,,,3,20,torch_bf16|fixed|B1|N8192
dsa-quick,dsa,fixed,torch_bf16,,bf16,1,8192,128,64,2048,0,78,,score,cudagraph,cuda_event_grouped_3,19.4453,ok,,8192,,,3,20,torch_bf16|fixed|B1|N8192
dsa-quick,dsa,fixed,torch_bf16,,bf16,1,8192,128,64,2048,0,79,,score,cudagraph,cuda_event_grouped_3,19.552,ok,,8192,,,3,20,torch_bf16|fixed|B1|N8192
dsa-quick,dsa,fixed,torch_bf16,,bf16,1,8192,128,64,2048,0,80,,score,cudagraph,cuda_event_grouped_3,19.4347,ok,,8192,,,3,20,torch_bf16|fixed|B1|N8192
dsa-quick,dsa,fixed,torch_bf16,,bf16,1,8192,128,64,2048,0,81,,score,cudagraph,cuda_event_grouped_3,19.4347,ok,,8192,,,3,20,torch_bf16|fixed|B1|N8192
dsa-quick,dsa,fixed,torch_bf16,,bf16,1,8192,128,64,2048,0,82,,score,cudagraph,cuda_event_grouped_3,19.648,ok,,8192,,,3,20,torch_bf16|fixed|B1|N8192
dsa-quick,dsa,fixed,torch_bf16,,bf16,1,8192,128,64,2048,0,83,,score,cudagraph,cuda_event_grouped_3,19.5627,ok,,8192,,,3,20,torch_bf16|fixed|B1|N8192
dsa-quick,dsa,fixed,torch_bf16,,bf16,1,8192,128,64,2048,0,84,,score,cudagraph,cuda_event_grouped_3,19.52,ok,,8192,,,3,20,torch_bf16|fixed|B1|N8192
dsa-quick,dsa,fixed,torch_bf16,,bf16,1,8192,128,64,2048,0,85,,score,cudagraph,cuda_event_grouped_3,19.584,ok,,8192,,,3,20,torch_bf16|fixed|B1|N8192
dsa-quick,dsa,fixed,torch_bf16,,bf16,1,8192,128,64,2048,0,86,,score,cudagraph,cuda_event_grouped_3,19.52,ok,,8192,,,3,20,torch_bf16|fixed|B1|N8192
dsa-quick,dsa,fixed,torch_bf16,,bf16,1,8192,128,64,2048,0,87,,score,cudagraph,cuda_event_grouped_3,19.5307,ok,,8192,,,3,20,torch_bf16|fixed|B1|N8192
dsa-quick,dsa,fixed,torch_bf16,,bf16,1,8192,128,64,2048,0,88,,score,cudagraph,cuda_event_grouped_3,19.552,ok,,8192,,,3,20,torch_bf16|fixed|B1|N8192
dsa-quick,dsa,fixed,torch_bf16,,bf16,1,8192,128,64,2048,0,89,,score,cudagraph,cuda_event_grouped_3,19.616,ok,,8192,,,3,20,torch_bf16|fixed|B1|N8192
dsa-quick,dsa,fixed,torch_bf16,,bf16,1,8192,128,64,2048,0,90,,score,cudagraph,cuda_event_grouped_3,19.4667,ok,,8192,,,3,20,torch_bf16|fixed|B1|N8192
dsa-quick,dsa,fixed,torch_bf16,,bf16,1,8192,128,64,2048,0,91,,score,cudagraph,cuda_event_grouped_3,19.5733,ok,,8192,,,3,20,torch_bf16|fixed|B1|N8192
dsa-quick,dsa,fixed,torch_bf16,,bf16,1,8192,128,64,2048,0,92,,score,cudagraph,cuda_event_grouped_3,19.5947,ok,,8192,,,3,20,torch_bf16|fixed|B1|N8192
dsa-quick,dsa,fixed,torch_bf16,,bf16,1,8192,128,64,2048,0,93,,score,cudagraph,cuda_event_grouped_3,19.584,ok,,8192,,,3,20,torch_bf16|fixed|B1|N8192
dsa-quick,dsa,fixed,torch_bf16,,bf16,1,8192,128,64,2048,0,94,,score,cudagraph,cuda_event_grouped_3,19.424,ok,,8192,,,3,20,torch_bf16|fixed|B1|N8192
dsa-quick,dsa,fixed,torch_bf16,,bf16,1,8192,128,64,2048,0,95,,score,cudagraph,cuda_event_grouped_3,19.712,ok,,8192,,,3,20,torch_bf16|fixed|B1|N8192
dsa-quick,dsa,fixed,torch_bf16,,bf16,1,8192,128,64,2048,0,96,,score,cudagraph,cuda_event_grouped_3,19.6587,ok,,8192,,,3,20,torch_bf16|fixed|B1|N8192
dsa-quick,dsa,fixed,torch_bf16,,bf16,1,8192,128,64,2048,0,97,,score,cudagraph,cuda_event_grouped_3,19.52,ok,,8192,,,3,20,torch_bf16|fixed|B1|N8192
dsa-quick,dsa,fixed,torch_bf16,,bf16,1,8192,128,64,2048,0,98,,score,cudagraph,cuda_event_grouped_3,19.5733,ok,,8192,,,3,20,torch_bf16|fixed|B1|N8192
dsa-quick,dsa,fixed,torch_bf16,,bf16,1,8192,128,64,2048,0,99,,score,cudagraph,cuda_event_grouped_3,19.4773,ok,,8192,,,3,20,torch_bf16|fixed|B1|N8192
dsa-quick,dsa,fixed,torch_bf16,,bf16,1,8192,128,64,2048,0,0,,select,cudagraph,cuda_event_per_iter,51.488,ok,,8192,,,1,20,torch_bf16|fixed|B1|N8192
dsa-quick,dsa,fixed,torch_bf16,,bf16,1,8192,128,64,2048,0,1,,select,cudagraph,cuda_event_per_iter,49.12,ok,,8192,,,1,20,torch_bf16|fixed|B1|N8192
dsa-quick,dsa,fixed,torch_bf16,,bf16,1,8192,128,64,2048,0,2,,select,cudagraph,cuda_event_per_iter,59.872,ok,,8192,,,1,20,torch_bf16|fixed|B1|N8192
dsa-quick,dsa,fixed,torch_bf16,,bf16,1,8192,128,64,2048,0,3,,select,cudagraph,cuda_event_per_iter,59.968,ok,,8192,,,1,20,torch_bf16|fixed|B1|N8192
dsa-quick,dsa,fixed,torch_bf16,,bf16,1,8192,128,64,2048,0,4,,select,cudagraph,cuda_event_per_iter,52.384,ok,,8192,,,1,20,torch_bf16|fixed|B1|N8192
dsa-quick,dsa,fixed,torch_bf16,,bf16,1,8192,128,64,2048,0,5,,select,cudagraph,cuda_event_per_iter,49.76,ok,,8192,,,1,20,torch_bf16|fixed|B1|N8192
dsa-quick,dsa,fixed,torch_bf16,,bf16,1,8192,128,64,2048,0,6,,select,cudagraph,cuda_event_per_iter,49.184,ok,,8192,,,1,20,torch_bf16|fixed|B1|N8192
dsa-quick,dsa,fixed,torch_bf16,,bf16,1,8192,128,64,2048,0,7,,select,cudagraph,cuda_event_per_iter,53.664,ok,,8192,,,1,20,torch_bf16|fixed|B1|N8192
dsa-quick,dsa,fixed,torch_bf16,,bf16,1,8192,128,64,2048,0,8,,select,cudagraph,cuda_event_per_iter,50.944,ok,,8192,,,1,20,torch_bf16|fixed|B1|N8192
dsa-quick,dsa,fixed,torch_bf16,,bf16,1,8192,128,64,2048,0,9,,select,cudagraph,cuda_event_per_iter,48.576,ok,,8192,,,1,20,torch_bf16|fixed|B1|N8192
dsa-quick,dsa,fixed,torch_bf16,,bf16,1,8192,128,64,2048,0,10,,select,cudagraph,cuda_event_per_iter,59.808,ok,,8192,,,1,20,torch_bf16|fixed|B1|N8192
dsa-quick,dsa,fixed,torch_bf16,,bf16,1,8192,128,64,2048,0,11,,select,cudagraph,cuda_event_per_iter,59.872,ok,,8192,,,1,20,torch_bf16|fixed|B1|N8192
dsa-quick,dsa,fixed,torch_bf16,,bf16,1,8192,128,64,2048,0,12,,select,cudagraph,cuda_event_per_iter,52.672,ok,,8192,,,1,20,torch_bf16|fixed|B1|N8192
dsa-quick,dsa,fixed,torch_bf16,,bf16,1,8192,128,64,2048,0,13,,select,cudagraph,cuda_event_per_iter,50.016,ok,,8192,,,1,20,torch_bf16|fixed|B1|N8192
dsa-quick,dsa,fixed,torch_bf16,,bf16,1,8192,128,64,2048,0,14,,select,cudagraph,cuda_event_per_iter,49.184,ok,,8192,,,1,20,torch_bf16|fixed|B1|N8192
dsa-quick,dsa,fixed,torch_bf16,,bf16,1,8192,128,64,2048,0,15,,select,cudagraph,cuda_event_per_iter,53.376,ok,,8192,,,1,20,torch_bf16|fixed|B1|N8192
dsa-quick,dsa,fixed,torch_bf16,,bf16,1,8192,128,64,2048,0,16,,select,cudagraph,cuda_event_per_iter,50.752,ok,,8192,,,1,20,torch_bf16|fixed|B1|N8192
dsa-quick,dsa,fixed,torch_bf16,,bf16,1,8192,128,64,2048,0,17,,select,cudagraph,cuda_event_per_iter,48.768,ok,,8192,,,1,20,torch_bf16|fixed|B1|N8192
dsa-quick,dsa,fixed,torch_bf16,,bf16,1,8192,128,64,2048,0,18,,select,cudagraph,cuda_event_per_iter,59.68,ok,,8192,,,1,20,torch_bf16|fixed|B1|N8192
dsa-quick,dsa,fixed,torch_bf16,,bf16,1,8192,128,64,2048,0,19,,select,cudagraph,cuda_event_per_iter,59.84,ok,,8192,,,1,20,torch_bf16|fixed|B1|N8192
dsa-quick,dsa,fixed,torch_bf16,,bf16,1,8192,128,64,2048,0,20,,select,cudagraph,cuda_event_per_iter,52.352,ok,,8192,,,1,20,torch_bf16|fixed|B1|N8192
dsa-quick,dsa,fixed,torch_bf16,,bf16,1,8192,128,64,2048,0,21,,select,cudagraph,cuda_event_per_iter,49.824,ok,,8192,,,1,20,torch_bf16|fixed|B1|N8192
dsa-quick,dsa,fixed,torch_bf16,,bf16,1,8192,128,64,2048,0,22,,select,cudagraph,cuda_event_per_iter,49.6,ok,,8192,,,1,20,torch_bf16|fixed|B1|N8192
dsa-quick,dsa,fixed,torch_bf16,,bf16,1,8192,128,64,2048,0,23,,select,cudagraph,cuda_event_per_iter,53.408,ok,,8192,,,1,20,torch_bf16|fixed|B1|N8192
dsa-quick,dsa,fixed,torch_bf16,,bf16,1,8192,128,64,2048,0,24,,select,cudagraph,cuda_event_per_iter,50.848,ok,,8192,,,1,20,torch_bf16|fixed|B1|N8192
dsa-quick,dsa,fixed,torch_bf16,,bf16,1,8192,128,64,2048,0,25,,select,cudagraph,cuda_event_per_iter,48.608,ok,,8192,,,1,20,torch_bf16|fixed|B1|N8192
dsa-quick,dsa,fixed,torch_bf16,,bf16,1,8192,128,64,2048,0,26,,select,cudagraph,cuda_event_per_iter,59.808,ok,,8192,,,1,20,torch_bf16|fixed|B1|N8192
dsa-quick,dsa,fixed,torch_bf16,,bf16,1,8192,128,64,2048,0,27,,select,cudagraph,cuda_event_per_iter,59.872,ok,,8192,,,1,20,torch_bf16|fixed|B1|N8192
dsa-quick,dsa,fixed,torch_bf16,,bf16,1,8192,128,64,2048,0,28,,select,cudagraph,cuda_event_per_iter,52.64,ok,,8192,,,1,20,torch_bf16|fixed|B1|N8192
dsa-quick,dsa,fixed,torch_bf16,,bf16,1,8192,128,64,2048,0,29,,select,cudagraph,cuda_event_per_iter,49.952,ok,,8192,,,1,20,torch_bf16|fixed|B1|N8192
dsa-quick,dsa,fixed,torch_bf16,,bf16,1,8192,128,64,2048,0,30,,select,cudagraph,cuda_event_per_iter,49.28,ok,,8192,,,1,20,torch_bf16|fixed|B1|N8192
dsa-quick,dsa,fixed,torch_bf16,,bf16,1,8192,128,64,2048,0,31,,select,cudagraph,cuda_event_per_iter,53.408,ok,,8192,,,1,20,torch_bf16|fixed|B1|N8192
dsa-quick,dsa,fixed,torch_bf16,,bf16,1,8192,128,64,2048,0,32,,select,cudagraph,cuda_event_per_iter,51.04,ok,,8192,,,1,20,torch_bf16|fixed|B1|N8192
dsa-quick,dsa,fixed,torch_bf16,,bf16,1,8192,128,64,2048,0,33,,select,cudagraph,cuda_event_per_iter,48.864,ok,,8192,,,1,20,torch_bf16|fixed|B1|N8192
dsa-quick,dsa,fixed,torch_bf16,,bf16,1,8192,128,64,2048,0,34,,select,cudagraph,cuda_event_per_iter,59.808,ok,,8192,,,1,20,torch_bf16|fixed|B1|N8192
dsa-quick,dsa,fixed,torch_bf16,,bf16,1,8192,128,64,2048,0,35,,select,cudagraph,cuda_event_per_iter,59.872,ok,,8192,,,1,20,torch_bf16|fixed|B1|N8192
dsa-quick,dsa,fixed,torch_bf16,,bf16,1,8192,128,64,2048,0,36,,select,cudagraph,cuda_event_per_iter,52.448,ok,,8192,,,1,20,torch_bf16|fixed|B1|N8192
dsa-quick,dsa,fixed,torch_bf16,,bf16,1,8192,128,64,2048,0,37,,select,cudagraph,cuda_event_per_iter,50.08,ok,,8192,,,1,20,torch_bf16|fixed|B1|N8192
dsa-quick,dsa,fixed,torch_bf16,,bf16,1,8192,128,64,2048,0,38,,select,cudagraph,cuda_event_per_iter,49.344,ok,,8192,,,1,20,torch_bf16|fixed|B1|N8192
dsa-quick,dsa,fixed,torch_bf16,,bf16,1,8192,128,64,2048,0,39,,select,cudagraph,cuda_event_per_iter,53.536,ok,,8192,,,1,20,torch_bf16|fixed|B1|N8192
dsa-quick,dsa,fixed,torch_bf16,,bf16,1,8192,128,64,2048,0,40,,select,cudagraph,cuda_event_per_iter,52.736,ok,,8192,,,1,20,torch_bf16|fixed|B1|N8192
dsa-quick,dsa,fixed,torch_bf16,,bf16,1,8192,128,64,2048,0,41,,select,cudagraph,cuda_event_per_iter,49.12,ok,,8192,,,1,20,torch_bf16|fixed|B1|N8192
dsa-quick,dsa,fixed,torch_bf16,,bf16,1,8192,128,64,2048,0,42,,select,cudagraph,cuda_event_per_iter,59.904,ok,,8192,,,1,20,torch_bf16|fixed|B1|N8192
dsa-quick,dsa,fixed,torch_bf16,,bf16,1,8192,128,64,2048,0,43,,select,cudagraph,cuda_event_per_iter,59.872,ok,,8192,,,1,20,torch_bf16|fixed|B1|N8192
dsa-quick,dsa,fixed,torch_bf16,,bf16,1,8192,128,64,2048,0,44,,select,cudagraph,cuda_event_per_iter,52.768,ok,,8192,,,1,20,torch_bf16|fixed|B1|N8192
dsa-quick,dsa,fixed,torch_bf16,,bf16,1,8192,128,64,2048,0,45,,select,cudagraph,cuda_event_per_iter,50.08,ok,,8192,,,1,20,torch_bf16|fixed|B1|N8192
dsa-quick,dsa,fixed,torch_bf16,,bf16,1,8192,128,64,2048,0,46,,select,cudagraph,cuda_event_per_iter,49.248,ok,,8192,,,1,20,torch_bf16|fixed|B1|N8192
dsa-quick,dsa,fixed,torch_bf16,,bf16,1,8192,128,64,2048,0,47,,select,cudagraph,cuda_event_per_iter,53.472,ok,,8192,,,1,20,torch_bf16|fixed|B1|N8192
dsa-quick,dsa,fixed,torch_bf16,,bf16,1,8192,128,64,2048,0,48,,select,cudagraph,cuda_event_per_iter,50.88,ok,,8192,,,1,20,torch_bf16|fixed|B1|N8192
dsa-quick,dsa,fixed,torch_bf16,,bf16,1,8192,128,64,2048,0,49,,select,cudagraph,cuda_event_per_iter,49.024,ok,,8192,,,1,20,torch_bf16|fixed|B1|N8192
dsa-quick,dsa,fixed,torch_bf16,,bf16,1,8192,128,64,2048,0,50,,select,cudagraph,cuda_event_per_iter,59.616,ok,,8192,,,1,20,torch_bf16|fixed|B1|N8192
dsa-quick,dsa,fixed,torch_bf16,,bf16,1,8192,128,64,2048,0,51,,select,cudagraph,cuda_event_per_iter,59.872,ok,,8192,,,1,20,torch_bf16|fixed|B1|N8192
dsa-quick,dsa,fixed,torch_bf16,,bf16,1,8192,128,64,2048,0,52,,select,cudagraph,cuda_event_per_iter,52.32,ok,,8192,,,1,20,torch_bf16|fixed|B1|N8192
dsa-quick,dsa,fixed,torch_bf16,,bf16,1,8192,128,64,2048,0,53,,select,cudagraph,cuda_event_per_iter,49.792,ok,,8192,,,1,20,torch_bf16|fixed|B1|N8192
dsa-quick,dsa,fixed,torch_bf16,,bf16,1,8192,128,64,2048,0,54,,select,cudagraph,cuda_event_per_iter,49.376,ok,,8192,,,1,20,torch_bf16|fixed|B1|N8192
dsa-quick,dsa,fixed,torch_bf16,,bf16,1,8192,128,64,2048,0,55,,select,cudagraph,cuda_event_per_iter,53.536,ok,,8192,,,1,20,torch_bf16|fixed|B1|N8192
dsa-quick,dsa,fixed,torch_bf16,,bf16,1,8192,128,64,2048,0,56,,select,cudagraph,cuda_event_per_iter,51.072,ok,,8192,,,1,20,torch_bf16|fixed|B1|N8192
dsa-quick,dsa,fixed,torch_bf16,,bf16,1,8192,128,64,2048,0,57,,select,cudagraph,cuda_event_per_iter,48.416,ok,,8192,,,1,20,torch_bf16|fixed|B1|N8192
dsa-quick,dsa,fixed,torch_bf16,,bf16,1,8192,128,64,2048,0,58,,select,cudagraph,cuda_event_per_iter,60.064,ok,,8192,,,1,20,torch_bf16|fixed|B1|N8192
dsa-quick,dsa,fixed,torch_bf16,,bf16,1,8192,128,64,2048,0,59,,select,cudagraph,cuda_event_per_iter,59.84,ok,,8192,,,1,20,torch_bf16|fixed|B1|N8192
dsa-quick,dsa,fixed,torch_bf16,,bf16,1,8192,128,64,2048,0,60,,select,cudagraph,cuda_event_per_iter,52.96,ok,,8192,,,1,20,torch_bf16|fixed|B1|N8192
dsa-quick,dsa,fixed,torch_bf16,,bf16,1,8192,128,64,2048,0,61,,select,cudagraph,cuda_event_per_iter,50.368,ok,,8192,,,1,20,torch_bf16|fixed|B1|N8192
dsa-quick,dsa,fixed,torch_bf16,,bf16,1,8192,128,64,2048,0,62,,select,cudagraph,cuda_event_per_iter,49.472,ok,,8192,,,1,20,torch_bf16|fixed|B1|N8192
dsa-quick,dsa,fixed,torch_bf16,,bf16,1,8192,128,64,2048,0,63,,select,cudagraph,cuda_event_per_iter,53.504,ok,,8192,,,1,20,torch_bf16|fixed|B1|N8192
dsa-quick,dsa,fixed,torch_bf16,,bf16,1,8192,128,64,2048,0,64,,select,cudagraph,cuda_event_per_iter,50.88,ok,,8192,,,1,20,torch_bf16|fixed|B1|N8192
dsa-quick,dsa,fixed,torch_bf16,,bf16,1,8192,128,64,2048,0,65,,select,cudagraph,cuda_event_per_iter,48.96,ok,,8192,,,1,20,torch_bf16|fixed|B1|N8192
dsa-quick,dsa,fixed,torch_bf16,,bf16,1,8192,128,64,2048,0,66,,select,cudagraph,cuda_event_per_iter,60,ok,,8192,,,1,20,torch_bf16|fixed|B1|N8192
dsa-quick,dsa,fixed,torch_bf16,,bf16,1,8192,128,64,2048,0,67,,select,cudagraph,cuda_event_per_iter,59.936,ok,,8192,,,1,20,torch_bf16|fixed|B1|N8192
dsa-quick,dsa,fixed,torch_bf16,,bf16,1,8192,128,64,2048,0,68,,select,cudagraph,cuda_event_per_iter,52.48,ok,,8192,,,1,20,torch_bf16|fixed|B1|N8192
dsa-quick,dsa,fixed,torch_bf16,,bf16,1,8192,128,64,2048,0,69,,select,cudagraph,cuda_event_per_iter,49.824,ok,,8192,,,1,20,torch_bf16|fixed|B1|N8192
dsa-quick,dsa,fixed,torch_bf16,,bf16,1,8192,128,64,2048,0,70,,select,cudagraph,cuda_event_per_iter,49.472,ok,,8192,,,1,20,torch_bf16|fixed|B1|N8192
dsa-quick,dsa,fixed,torch_bf16,,bf16,1,8192,128,64,2048,0,71,,select,cudagraph,cuda_event_per_iter,53.568,ok,,8192,,,1,20,torch_bf16|fixed|B1|N8192
dsa-quick,dsa,fixed,torch_bf16,,bf16,1,8192,128,64,2048,0,72,,select,cudagraph,cuda_event_per_iter,51.008,ok,,8192,,,1,20,torch_bf16|fixed|B1|N8192
dsa-quick,dsa,fixed,torch_bf16,,bf16,1,8192,128,64,2048,0,73,,select,cudagraph,cuda_event_per_iter,48.768,ok,,8192,,,1,20,torch_bf16|fixed|B1|N8192
dsa-quick,dsa,fixed,torch_bf16,,bf16,1,8192,128,64,2048,0,74,,select,cudagraph,cuda_event_per_iter,59.776,ok,,8192,,,1,20,torch_bf16|fixed|B1|N8192
dsa-quick,dsa,fixed,torch_bf16,,bf16,1,8192,128,64,2048,0,75,,select,cudagraph,cuda_event_per_iter,60.128,ok,,8192,,,1,20,torch_bf16|fixed|B1|N8192
dsa-quick,dsa,fixed,torch_bf16,,bf16,1,8192,128,64,2048,0,76,,select,cudagraph,cuda_event_per_iter,52.416,ok,,8192,,,1,20,torch_bf16|fixed|B1|N8192
dsa-quick,dsa,fixed,torch_bf16,,bf16,1,8192,128,64,2048,0,77,,select,cudagraph,cuda_event_per_iter,49.792,ok,,8192,,,1,20,torch_bf16|fixed|B1|N8192
dsa-quick,dsa,fixed,torch_bf16,,bf16,1,8192,128,64,2048,0,78,,select,cudagraph,cuda_event_per_iter,49.216,ok,,8192,,,1,20,torch_bf16|fixed|B1|N8192
dsa-quick,dsa,fixed,torch_bf16,,bf16,1,8192,128,64,2048,0,79,,select,cudagraph,cuda_event_per_iter,53.408,ok,,8192,,,1,20,torch_bf16|fixed|B1|N8192
dsa-quick,dsa,fixed,torch_bf16,,bf16,1,8192,128,64,2048,0,80,,select,cudagraph,cuda_event_per_iter,51.328,ok,,8192,,,1,20,torch_bf16|fixed|B1|N8192
dsa-quick,dsa,fixed,torch_bf16,,bf16,1,8192,128,64,2048,0,81,,select,cudagraph,cuda_event_per_iter,49.184,ok,,8192,,,1,20,torch_bf16|fixed|B1|N8192
dsa-quick,dsa,fixed,torch_bf16,,bf16,1,8192,128,64,2048,0,82,,select,cudagraph,cuda_event_per_iter,59.936,ok,,8192,,,1,20,torch_bf16|fixed|B1|N8192
dsa-quick,dsa,fixed,torch_bf16,,bf16,1,8192,128,64,2048,0,83,,select,cudagraph,cuda_event_per_iter,59.68,ok,,8192,,,1,20,torch_bf16|fixed|B1|N8192
dsa-quick,dsa,fixed,torch_bf16,,bf16,1,8192,128,64,2048,0,84,,select,cudagraph,cuda_event_per_iter,52.64,ok,,8192,,,1,20,torch_bf16|fixed|B1|N8192
dsa-quick,dsa,fixed,torch_bf16,,bf16,1,8192,128,64,2048,0,85,,select,cudagraph,cuda_event_per_iter,49.728,ok,,8192,,,1,20,torch_bf16|fixed|B1|N8192
dsa-quick,dsa,fixed,torch_bf16,,bf16,1,8192,128,64,2048,0,86,,select,cudagraph,cuda_event_per_iter,49.184,ok,,8192,,,1,20,torch_bf16|fixed|B1|N8192
dsa-quick,dsa,fixed,torch_bf16,,bf16,1,8192,128,64,2048,0,87,,select,cudagraph,cuda_event_per_iter,53.536,ok,,8192,,,1,20,torch_bf16|fixed|B1|N8192
dsa-quick,dsa,fixed,torch_bf16,,bf16,1,8192,128,64,2048,0,88,,select,cudagraph,cuda_event_per_iter,50.848,ok,,8192,,,1,20,torch_bf16|fixed|B1|N8192
dsa-quick,dsa,fixed,torch_bf16,,bf16,1,8192,128,64,2048,0,89,,select,cudagraph,cuda_event_per_iter,48.896,ok,,8192,,,1,20,torch_bf16|fixed|B1|N8192
dsa-quick,dsa,fixed,torch_bf16,,bf16,1,8192,128,64,2048,0,90,,select,cudagraph,cuda_event_per_iter,59.968,ok,,8192,,,1,20,torch_bf16|fixed|B1|N8192
dsa-quick,dsa,fixed,torch_bf16,,bf16,1,8192,128,64,2048,0,91,,select,cudagraph,cuda_event_per_iter,60.032,ok,,8192,,,1,20,torch_bf16|fixed|B1|N8192
dsa-quick,dsa,fixed,torch_bf16,,bf16,1,8192,128,64,2048,0,92,,select,cudagraph,cuda_event_per_iter,52.672,ok,,8192,,,1,20,torch_bf16|fixed|B1|N8192
dsa-quick,dsa,fixed,torch_bf16,,bf16,1,8192,128,64,2048,0,93,,select,cudagraph,cuda_event_per_iter,49.92,ok,,8192,,,1,20,torch_bf16|fixed|B1|N8192
dsa-quick,dsa,fixed,torch_bf16,,bf16,1,8192,128,64,2048,0,94,,select,cudagraph,cuda_event_per_iter,49.408,ok,,8192,,,1,20,torch_bf16|fixed|B1|N8192
dsa-quick,dsa,fixed,torch_bf16,,bf16,1,8192,128,64,2048,0,95,,select,cudagraph,cuda_event_per_iter,53.44,ok,,8192,,,1,20,torch_bf16|fixed|B1|N8192
dsa-quick,dsa,fixed,torch_bf16,,bf16,1,8192,128,64,2048,0,96,,select,cudagraph,cuda_event_per_iter,50.944,ok,,8192,,,1,20,torch_bf16|fixed|B1|N8192
dsa-quick,dsa,fixed,torch_bf16,,bf16,1,8192,128,64,2048,0,97,,select,cudagraph,cuda_event_per_iter,48.8,ok,,8192,,,1,20,torch_bf16|fixed|B1|N8192
dsa-quick,dsa,fixed,torch_bf16,,bf16,1,8192,128,64,2048,0,98,,select,cudagraph,cuda_event_per_iter,60.032,ok,,8192,,,1,20,torch_bf16|fixed|B1|N8192
dsa-quick,dsa,fixed,torch_bf16,,bf16,1,8192,128,64,2048,0,99,,select,cudagraph,cuda_event_per_iter,59.872,ok,,8192,,,1,20,torch_bf16|fixed|B1|N8192
dsa-quick,dsa,fixed,torch_bf16,,bf16,1,8192,128,64,2048,0,0,,combined,cudagraph,cuda_event_per_iter,67.776,ok,,8192,,,1,20,torch_bf16|fixed|B1|N8192
dsa-quick,dsa,fixed,torch_bf16,,bf16,1,8192,128,64,2048,0,1,,combined,cudagraph,cuda_event_per_iter,70.528,ok,,8192,,,1,20,torch_bf16|fixed|B1|N8192
dsa-quick,dsa,fixed,torch_bf16,,bf16,1,8192,128,64,2048,0,2,,combined,cudagraph,cuda_event_per_iter,67.776,ok,,8192,,,1,20,torch_bf16|fixed|B1|N8192
dsa-quick,dsa,fixed,torch_bf16,,bf16,1,8192,128,64,2048,0,3,,combined,cudagraph,cuda_event_per_iter,66.144,ok,,8192,,,1,20,torch_bf16|fixed|B1|N8192
dsa-quick,dsa,fixed,torch_bf16,,bf16,1,8192,128,64,2048,0,4,,combined,cudagraph,cuda_event_per_iter,71.808,ok,,8192,,,1,20,torch_bf16|fixed|B1|N8192
dsa-quick,dsa,fixed,torch_bf16,,bf16,1,8192,128,64,2048,0,5,,combined,cudagraph,cuda_event_per_iter,70.208,ok,,8192,,,1,20,torch_bf16|fixed|B1|N8192
dsa-quick,dsa,fixed,torch_bf16,,bf16,1,8192,128,64,2048,0,6,,combined,cudagraph,cuda_event_per_iter,69.632,ok,,8192,,,1,20,torch_bf16|fixed|B1|N8192
dsa-quick,dsa,fixed,torch_bf16,,bf16,1,8192,128,64,2048,0,7,,combined,cudagraph,cuda_event_per_iter,69.216,ok,,8192,,,1,20,torch_bf16|fixed|B1|N8192
dsa-quick,dsa,fixed,torch_bf16,,bf16,1,8192,128,64,2048,0,8,,combined,cudagraph,cuda_event_per_iter,74.432,ok,,8192,,,1,20,torch_bf16|fixed|B1|N8192
dsa-quick,dsa,fixed,torch_bf16,,bf16,1,8192,128,64,2048,0,9,,combined,cudagraph,cuda_event_per_iter,64.576,ok,,8192,,,1,20,torch_bf16|fixed|B1|N8192
dsa-quick,dsa,fixed,torch_bf16,,bf16,1,8192,128,64,2048,0,10,,combined,cudagraph,cuda_event_per_iter,63.84,ok,,8192,,,1,20,torch_bf16|fixed|B1|N8192
dsa-quick,dsa,fixed,torch_bf16,,bf16,1,8192,128,64,2048,0,11,,combined,cudagraph,cuda_event_per_iter,69.216,ok,,8192,,,1,20,torch_bf16|fixed|B1|N8192
dsa-quick,dsa,fixed,torch_bf16,,bf16,1,8192,128,64,2048,0,12,,combined,cudagraph,cuda_event_per_iter,69.696,ok,,8192,,,1,20,torch_bf16|fixed|B1|N8192
dsa-quick,dsa,fixed,torch_bf16,,bf16,1,8192,128,64,2048,0,13,,combined,cudagraph,cuda_event_per_iter,65.184,ok,,8192,,,1,20,torch_bf16|fixed|B1|N8192
dsa-quick,dsa,fixed,torch_bf16,,bf16,1,8192,128,64,2048,0,14,,combined,cudagraph,cuda_event_per_iter,68.384,ok,,8192,,,1,20,torch_bf16|fixed|B1|N8192
dsa-quick,dsa,fixed,torch_bf16,,bf16,1,8192,128,64,2048,0,15,,combined,cudagraph,cuda_event_per_iter,70.88,ok,,8192,,,1,20,torch_bf16|fixed|B1|N8192
dsa-quick,dsa,fixed,torch_bf16,,bf16,1,8192,128,64,2048,0,16,,combined,cudagraph,cuda_event_per_iter,68.16,ok,,8192,,,1,20,torch_bf16|fixed|B1|N8192
dsa-quick,dsa,fixed,torch_bf16,,bf16,1,8192,128,64,2048,0,17,,combined,cudagraph,cuda_event_per_iter,66.784,ok,,8192,,,1,20,torch_bf16|fixed|B1|N8192
dsa-quick,dsa,fixed,torch_bf16,,bf16,1,8192,128,64,2048,0,18,,combined,cudagraph,cuda_event_per_iter,70.464,ok,,8192,,,1,20,torch_bf16|fixed|B1|N8192
dsa-quick,dsa,fixed,torch_bf16,,bf16,1,8192,128,64,2048,0,19,,combined,cudagraph,cuda_event_per_iter,62.4,ok,,8192,,,1,20,torch_bf16|fixed|B1|N8192
dsa-quick,dsa,fixed,torch_bf16,,bf16,1,8192,128,64,2048,0,20,,combined,cudagraph,cuda_event_per_iter,73.504,ok,,8192,,,1,20,torch_bf16|fixed|B1|N8192
dsa-quick,dsa,fixed,torch_bf16,,bf16,1,8192,128,64,2048,0,21,,combined,cudagraph,cuda_event_per_iter,62.816,ok,,8192,,,1,20,torch_bf16|fixed|B1|N8192
dsa-quick,dsa,fixed,torch_bf16,,bf16,1,8192,128,64,2048,0,22,,combined,cudagraph,cuda_event_per_iter,67.68,ok,,8192,,,1,20,torch_bf16|fixed|B1|N8192
dsa-quick,dsa,fixed,torch_bf16,,bf16,1,8192,128,64,2048,0,23,,combined,cudagraph,cuda_event_per_iter,69.792,ok,,8192,,,1,20,torch_bf16|fixed|B1|N8192
dsa-quick,dsa,fixed,torch_bf16,,bf16,1,8192,128,64,2048,0,24,,combined,cudagraph,cuda_event_per_iter,67.456,ok,,8192,,,1,20,torch_bf16|fixed|B1|N8192
dsa-quick,dsa,fixed,torch_bf16,,bf16,1,8192,128,64,2048,0,25,,combined,cudagraph,cuda_event_per_iter,68.96,ok,,8192,,,1,20,torch_bf16|fixed|B1|N8192
dsa-quick,dsa,fixed,torch_bf16,,bf16,1,8192,128,64,2048,0,26,,combined,cudagraph,cuda_event_per_iter,67.936,ok,,8192,,,1,20,torch_bf16|fixed|B1|N8192
dsa-quick,dsa,fixed,torch_bf16,,bf16,1,8192,128,64,2048,0,27,,combined,cudagraph,cuda_event_per_iter,66.112,ok,,8192,,,1,20,torch_bf16|fixed|B1|N8192
dsa-quick,dsa,fixed,torch_bf16,,bf16,1,8192,128,64,2048,0,28,,combined,cudagraph,cuda_event_per_iter,67.68,ok,,8192,,,1,20,torch_bf16|fixed|B1|N8192
dsa-quick,dsa,fixed,torch_bf16,,bf16,1,8192,128,64,2048,0,29,,combined,cudagraph,cuda_event_per_iter,63.616,ok,,8192,,,1,20,torch_bf16|fixed|B1|N8192
dsa-quick,dsa,fixed,torch_bf16,,bf16,1,8192,128,64,2048,0,30,,combined,cudagraph,cuda_event_per_iter,71.84,ok,,8192,,,1,20,torch_bf16|fixed|B1|N8192
dsa-quick,dsa,fixed,torch_bf16,,bf16,1,8192,128,64,2048,0,31,,combined,cudagraph,cuda_event_per_iter,69.056,ok,,8192,,,1,20,torch_bf16|fixed|B1|N8192
dsa-quick,dsa,fixed,torch_bf16,,bf16,1,8192,128,64,2048,0,32,,combined,cudagraph,cuda_event_per_iter,65.696,ok,,8192,,,1,20,torch_bf16|fixed|B1|N8192
dsa-quick,dsa,fixed,torch_bf16,,bf16,1,8192,128,64,2048,0,33,,combined,cudagraph,cuda_event_per_iter,68.768,ok,,8192,,,1,20,torch_bf16|fixed|B1|N8192
dsa-quick,dsa,fixed,torch_bf16,,bf16,1,8192,128,64,2048,0,34,,combined,cudagraph,cuda_event_per_iter,71.008,ok,,8192,,,1,20,torch_bf16|fixed|B1|N8192
dsa-quick,dsa,fixed,torch_bf16,,bf16,1,8192,128,64,2048,0,35,,combined,cudagraph,cuda_event_per_iter,66.912,ok,,8192,,,1,20,torch_bf16|fixed|B1|N8192
dsa-quick,dsa,fixed,torch_bf16,,bf16,1,8192,128,64,2048,0,36,,combined,cudagraph,cuda_event_per_iter,66.72,ok,,8192,,,1,20,torch_bf16|fixed|B1|N8192
dsa-quick,dsa,fixed,torch_bf16,,bf16,1,8192,128,64,2048,0,37,,combined,cudagraph,cuda_event_per_iter,74.88,ok,,8192,,,1,20,torch_bf16|fixed|B1|N8192
dsa-quick,dsa,fixed,torch_bf16,,bf16,1,8192,128,64,2048,0,38,,combined,cudagraph,cuda_event_per_iter,66.72,ok,,8192,,,1,20,torch_bf16|fixed|B1|N8192
dsa-quick,dsa,fixed,torch_bf16,,bf16,1,8192,128,64,2048,0,39,,combined,cudagraph,cuda_event_per_iter,69.6,ok,,8192,,,1,20,torch_bf16|fixed|B1|N8192
dsa-quick,dsa,fixed,torch_bf16,,bf16,1,8192,128,64,2048,0,40,,combined,cudagraph,cuda_event_per_iter,69.952,ok,,8192,,,1,20,torch_bf16|fixed|B1|N8192
dsa-quick,dsa,fixed,torch_bf16,,bf16,1,8192,128,64,2048,0,41,,combined,cudagraph,cuda_event_per_iter,67.072,ok,,8192,,,1,20,torch_bf16|fixed|B1|N8192
dsa-quick,dsa,fixed,torch_bf16,,bf16,1,8192,128,64,2048,0,42,,combined,cudagraph,cuda_event_per_iter,64.704,ok,,8192,,,1,20,torch_bf16|fixed|B1|N8192
dsa-quick,dsa,fixed,torch_bf16,,bf16,1,8192,128,64,2048,0,43,,combined,cudagraph,cuda_event_per_iter,68.192,ok,,8192,,,1,20,torch_bf16|fixed|B1|N8192
dsa-quick,dsa,fixed,torch_bf16,,bf16,1,8192,128,64,2048,0,44,,combined,cudagraph,cuda_event_per_iter,61.952,ok,,8192,,,1,20,torch_bf16|fixed|B1|N8192
dsa-quick,dsa,fixed,torch_bf16,,bf16,1,8192,128,64,2048,0,45,,combined,cudagraph,cuda_event_per_iter,66.88,ok,,8192,,,1,20,torch_bf16|fixed|B1|N8192
dsa-quick,dsa,fixed,torch_bf16,,bf16,1,8192,128,64,2048,0,46,,combined,cudagraph,cuda_event_per_iter,67.904,ok,,8192,,,1,20,torch_bf16|fixed|B1|N8192
dsa-quick,dsa,fixed,torch_bf16,,bf16,1,8192,128,64,2048,0,47,,combined,cudagraph,cuda_event_per_iter,62.272,ok,,8192,,,1,20,torch_bf16|fixed|B1|N8192
dsa-quick,dsa,fixed,torch_bf16,,bf16,1,8192,128,64,2048,0,48,,combined,cudagraph,cuda_event_per_iter,67.808,ok,,8192,,,1,20,torch_bf16|fixed|B1|N8192
dsa-quick,dsa,fixed,torch_bf16,,bf16,1,8192,128,64,2048,0,49,,combined,cudagraph,cuda_event_per_iter,67.04,ok,,8192,,,1,20,torch_bf16|fixed|B1|N8192
dsa-quick,dsa,fixed,torch_bf16,,bf16,1,8192,128,64,2048,0,50,,combined,cudagraph,cuda_event_per_iter,67.232,ok,,8192,,,1,20,torch_bf16|fixed|B1|N8192
dsa-quick,dsa,fixed,torch_bf16,,bf16,1,8192,128,64,2048,0,51,,combined,cudagraph,cuda_event_per_iter,69.696,ok,,8192,,,1,20,torch_bf16|fixed|B1|N8192
dsa-quick,dsa,fixed,torch_bf16,,bf16,1,8192,128,64,2048,0,52,,combined,cudagraph,cuda_event_per_iter,63.808,ok,,8192,,,1,20,torch_bf16|fixed|B1|N8192
dsa-quick,dsa,fixed,torch_bf16,,bf16,1,8192,128,64,2048,0,53,,combined,cudagraph,cuda_event_per_iter,68.96,ok,,8192,,,1,20,torch_bf16|fixed|B1|N8192
dsa-quick,dsa,fixed,torch_bf16,,bf16,1,8192,128,64,2048,0,54,,combined,cudagraph,cuda_event_per_iter,68,ok,,8192,,,1,20,torch_bf16|fixed|B1|N8192
dsa-quick,dsa,fixed,torch_bf16,,bf16,1,8192,128,64,2048,0,55,,combined,cudagraph,cuda_event_per_iter,65.152,ok,,8192,,,1,20,torch_bf16|fixed|B1|N8192
dsa-quick,dsa,fixed,torch_bf16,,bf16,1,8192,128,64,2048,0,56,,combined,cudagraph,cuda_event_per_iter,67.264,ok,,8192,,,1,20,torch_bf16|fixed|B1|N8192
dsa-quick,dsa,fixed,torch_bf16,,bf16,1,8192,128,64,2048,0,57,,combined,cudagraph,cuda_event_per_iter,69.28,ok,,8192,,,1,20,torch_bf16|fixed|B1|N8192
dsa-quick,dsa,fixed,torch_bf16,,bf16,1,8192,128,64,2048,0,58,,combined,cudagraph,cuda_event_per_iter,76.032,ok,,8192,,,1,20,torch_bf16|fixed|B1|N8192
dsa-quick,dsa,fixed,torch_bf16,,bf16,1,8192,128,64,2048,0,59,,combined,cudagraph,cuda_event_per_iter,63.04,ok,,8192,,,1,20,torch_bf16|fixed|B1|N8192
dsa-quick,dsa,fixed,torch_bf16,,bf16,1,8192,128,64,2048,0,60,,combined,cudagraph,cuda_event_per_iter,77.408,ok,,8192,,,1,20,torch_bf16|fixed|B1|N8192
dsa-quick,dsa,fixed,torch_bf16,,bf16,1,8192,128,64,2048,0,61,,combined,cudagraph,cuda_event_per_iter,65.76,ok,,8192,,,1,20,torch_bf16|fixed|B1|N8192
dsa-quick,dsa,fixed,torch_bf16,,bf16,1,8192,128,64,2048,0,62,,combined,cudagraph,cuda_event_per_iter,67.68,ok,,8192,,,1,20,torch_bf16|fixed|B1|N8192
dsa-quick,dsa,fixed,torch_bf16,,bf16,1,8192,128,64,2048,0,63,,combined,cudagraph,cuda_event_per_iter,70.72,ok,,8192,,,1,20,torch_bf16|fixed|B1|N8192
dsa-quick,dsa,fixed,torch_bf16,,bf16,1,8192,128,64,2048,0,64,,combined,cudagraph,cuda_event_per_iter,67.136,ok,,8192,,,1,20,torch_bf16|fixed|B1|N8192
dsa-quick,dsa,fixed,torch_bf16,,bf16,1,8192,128,64,2048,0,65,,combined,cudagraph,cuda_event_per_iter,71.712,ok,,8192,,,1,20,torch_bf16|fixed|B1|N8192
dsa-quick,dsa,fixed,torch_bf16,,bf16,1,8192,128,64,2048,0,66,,combined,cudagraph,cuda_event_per_iter,73.92,ok,,8192,,,1,20,torch_bf16|fixed|B1|N8192
dsa-quick,dsa,fixed,torch_bf16,,bf16,1,8192,128,64,2048,0,67,,combined,cudagraph,cuda_event_per_iter,61.92,ok,,8192,,,1,20,torch_bf16|fixed|B1|N8192
dsa-quick,dsa,fixed,torch_bf16,,bf16,1,8192,128,64,2048,0,68,,combined,cudagraph,cuda_event_per_iter,63.904,ok,,8192,,,1,20,torch_bf16|fixed|B1|N8192
dsa-quick,dsa,fixed,torch_bf16,,bf16,1,8192,128,64,2048,0,69,,combined,cudagraph,cuda_event_per_iter,69.248,ok,,8192,,,1,20,torch_bf16|fixed|B1|N8192
dsa-quick,dsa,fixed,torch_bf16,,bf16,1,8192,128,64,2048,0,70,,combined,cudagraph,cuda_event_per_iter,71.936,ok,,8192,,,1,20,torch_bf16|fixed|B1|N8192
dsa-quick,dsa,fixed,torch_bf16,,bf16,1,8192,128,64,2048,0,71,,combined,cudagraph,cuda_event_per_iter,71.808,ok,,8192,,,1,20,torch_bf16|fixed|B1|N8192
dsa-quick,dsa,fixed,torch_bf16,,bf16,1,8192,128,64,2048,0,72,,combined,cudagraph,cuda_event_per_iter,68,ok,,8192,,,1,20,torch_bf16|fixed|B1|N8192
dsa-quick,dsa,fixed,torch_bf16,,bf16,1,8192,128,64,2048,0,73,,combined,cudagraph,cuda_event_per_iter,66.688,ok,,8192,,,1,20,torch_bf16|fixed|B1|N8192
dsa-quick,dsa,fixed,torch_bf16,,bf16,1,8192,128,64,2048,0,74,,combined,cudagraph,cuda_event_per_iter,66.336,ok,,8192,,,1,20,torch_bf16|fixed|B1|N8192
dsa-quick,dsa,fixed,torch_bf16,,bf16,1,8192,128,64,2048,0,75,,combined,cudagraph,cuda_event_per_iter,67.04,ok,,8192,,,1,20,torch_bf16|fixed|B1|N8192
dsa-quick,dsa,fixed,torch_bf16,,bf16,1,8192,128,64,2048,0,76,,combined,cudagraph,cuda_event_per_iter,66.144,ok,,8192,,,1,20,torch_bf16|fixed|B1|N8192
dsa-quick,dsa,fixed,torch_bf16,,bf16,1,8192,128,64,2048,0,77,,combined,cudagraph,cuda_event_per_iter,65.888,ok,,8192,,,1,20,torch_bf16|fixed|B1|N8192
dsa-quick,dsa,fixed,torch_bf16,,bf16,1,8192,128,64,2048,0,78,,combined,cudagraph,cuda_event_per_iter,73.632,ok,,8192,,,1,20,torch_bf16|fixed|B1|N8192
dsa-quick,dsa,fixed,torch_bf16,,bf16,1,8192,128,64,2048,0,79,,combined,cudagraph,cuda_event_per_iter,63.104,ok,,8192,,,1,20,torch_bf16|fixed|B1|N8192
dsa-quick,dsa,fixed,torch_bf16,,bf16,1,8192,128,64,2048,0,80,,combined,cudagraph,cuda_event_per_iter,68.576,ok,,8192,,,1,20,torch_bf16|fixed|B1|N8192
dsa-quick,dsa,fixed,torch_bf16,,bf16,1,8192,128,64,2048,0,81,,combined,cudagraph,cuda_event_per_iter,64.768,ok,,8192,,,1,20,torch_bf16|fixed|B1|N8192
dsa-quick,dsa,fixed,torch_bf16,,bf16,1,8192,128,64,2048,0,82,,combined,cudagraph,cuda_event_per_iter,69.312,ok,,8192,,,1,20,torch_bf16|fixed|B1|N8192
dsa-quick,dsa,fixed,torch_bf16,,bf16,1,8192,128,64,2048,0,83,,combined,cudagraph,cuda_event_per_iter,71.808,ok,,8192,,,1,20,torch_bf16|fixed|B1|N8192
dsa-quick,dsa,fixed,torch_bf16,,bf16,1,8192,128,64,2048,0,84,,combined,cudagraph,cuda_event_per_iter,74.592,ok,,8192,,,1,20,torch_bf16|fixed|B1|N8192
dsa-quick,dsa,fixed,torch_bf16,,bf16,1,8192,128,64,2048,0,85,,combined,cudagraph,cuda_event_per_iter,65.024,ok,,8192,,,1,20,torch_bf16|fixed|B1|N8192
dsa-quick,dsa,fixed,torch_bf16,,bf16,1,8192,128,64,2048,0,86,,combined,cudagraph,cuda_event_per_iter,74.592,ok,,8192,,,1,20,torch_bf16|fixed|B1|N8192
dsa-quick,dsa,fixed,torch_bf16,,bf16,1,8192,128,64,2048,0,87,,combined,cudagraph,cuda_event_per_iter,63.2,ok,,8192,,,1,20,torch_bf16|fixed|B1|N8192
dsa-quick,dsa,fixed,torch_bf16,,bf16,1,8192,128,64,2048,0,88,,combined,cudagraph,cuda_event_per_iter,72.928,ok,,8192,,,1,20,torch_bf16|fixed|B1|N8192
dsa-quick,dsa,fixed,torch_bf16,,bf16,1,8192,128,64,2048,0,89,,combined,cudagraph,cuda_event_per_iter,74.528,ok,,8192,,,1,20,torch_bf16|fixed|B1|N8192
dsa-quick,dsa,fixed,torch_bf16,,bf16,1,8192,128,64,2048,0,90,,combined,cudagraph,cuda_event_per_iter,65.152,ok,,8192,,,1,20,torch_bf16|fixed|B1|N8192
dsa-quick,dsa,fixed,torch_bf16,,bf16,1,8192,128,64,2048,0,91,,combined,cudagraph,cuda_event_per_iter,66.528,ok,,8192,,,1,20,torch_bf16|fixed|B1|N8192
dsa-quick,dsa,fixed,torch_bf16,,bf16,1,8192,128,64,2048,0,92,,combined,cudagraph,cuda_event_per_iter,68.352,ok,,8192,,,1,20,torch_bf16|fixed|B1|N8192
dsa-quick,dsa,fixed,torch_bf16,,bf16,1,8192,128,64,2048,0,93,,combined,cudagraph,cuda_event_per_iter,67.136,ok,,8192,,,1,20,torch_bf16|fixed|B1|N8192
dsa-quick,dsa,fixed,torch_bf16,,bf16,1,8192,128,64,2048,0,94,,combined,cudagraph,cuda_event_per_iter,68.512,ok,,8192,,,1,20,torch_bf16|fixed|B1|N8192
dsa-quick,dsa,fixed,torch_bf16,,bf16,1,8192,128,64,2048,0,95,,combined,cudagraph,cuda_event_per_iter,61.696,ok,,8192,,,1,20,torch_bf16|fixed|B1|N8192
dsa-quick,dsa,fixed,torch_bf16,,bf16,1,8192,128,64,2048,0,96,,combined,cudagraph,cuda_event_per_iter,63.968,ok,,8192,,,1,20,torch_bf16|fixed|B1|N8192
dsa-quick,dsa,fixed,torch_bf16,,bf16,1,8192,128,64,2048,0,97,,combined,cudagraph,cuda_event_per_iter,74.624,ok,,8192,,,1,20,torch_bf16|fixed|B1|N8192
dsa-quick,dsa,fixed,torch_bf16,,bf16,1,8192,128,64,2048,0,98,,combined,cudagraph,cuda_event_per_iter,74.976,ok,,8192,,,1,20,torch_bf16|fixed|B1|N8192
dsa-quick,dsa,fixed,torch_bf16,,bf16,1,8192,128,64,2048,0,99,,combined,cudagraph,cuda_event_per_iter,64.8,ok,,8192,,,1,20,torch_bf16|fixed|B1|N8192
dsa-quick,dsa,fixed,torch_bf16,,bf16,1,32768,128,64,2048,0,0,,score,eager,cuda_event_grouped_2,57.248,ok,,32768,,,2,20,torch_bf16|fixed|B1|N32768
dsa-quick,dsa,fixed,torch_bf16,,bf16,1,32768,128,64,2048,0,1,,score,eager,cuda_event_grouped_2,47.824,ok,,32768,,,2,20,torch_bf16|fixed|B1|N32768
dsa-quick,dsa,fixed,torch_bf16,,bf16,1,32768,128,64,2048,0,2,,score,eager,cuda_event_grouped_2,47.84,ok,,32768,,,2,20,torch_bf16|fixed|B1|N32768
dsa-quick,dsa,fixed,torch_bf16,,bf16,1,32768,128,64,2048,0,3,,score,eager,cuda_event_grouped_2,48,ok,,32768,,,2,20,torch_bf16|fixed|B1|N32768
dsa-quick,dsa,fixed,torch_bf16,,bf16,1,32768,128,64,2048,0,4,,score,eager,cuda_event_grouped_2,47.248,ok,,32768,,,2,20,torch_bf16|fixed|B1|N32768
dsa-quick,dsa,fixed,torch_bf16,,bf16,1,32768,128,64,2048,0,5,,score,eager,cuda_event_grouped_2,47.424,ok,,32768,,,2,20,torch_bf16|fixed|B1|N32768
dsa-quick,dsa,fixed,torch_bf16,,bf16,1,32768,128,64,2048,0,6,,score,eager,cuda_event_grouped_2,47.616,ok,,32768,,,2,20,torch_bf16|fixed|B1|N32768
dsa-quick,dsa,fixed,torch_bf16,,bf16,1,32768,128,64,2048,0,7,,score,eager,cuda_event_grouped_2,48.144,ok,,32768,,,2,20,torch_bf16|fixed|B1|N32768
dsa-quick,dsa,fixed,torch_bf16,,bf16,1,32768,128,64,2048,0,8,,score,eager,cuda_event_grouped_2,47.28,ok,,32768,,,2,20,torch_bf16|fixed|B1|N32768
dsa-quick,dsa,fixed,torch_bf16,,bf16,1,32768,128,64,2048,0,9,,score,eager,cuda_event_grouped_2,48.816,ok,,32768,,,2,20,torch_bf16|fixed|B1|N32768
dsa-quick,dsa,fixed,torch_bf16,,bf16,1,32768,128,64,2048,0,10,,score,eager,cuda_event_grouped_2,47.616,ok,,32768,,,2,20,torch_bf16|fixed|B1|N32768
dsa-quick,dsa,fixed,torch_bf16,,bf16,1,32768,128,64,2048,0,11,,score,eager,cuda_event_grouped_2,47.92,ok,,32768,,,2,20,torch_bf16|fixed|B1|N32768
dsa-quick,dsa,fixed,torch_bf16,,bf16,1,32768,128,64,2048,0,12,,score,eager,cuda_event_grouped_2,47.328,ok,,32768,,,2,20,torch_bf16|fixed|B1|N32768
dsa-quick,dsa,fixed,torch_bf16,,bf16,1,32768,128,64,2048,0,13,,score,eager,cuda_event_grouped_2,47.392,ok,,32768,,,2,20,torch_bf16|fixed|B1|N32768
dsa-quick,dsa,fixed,torch_bf16,,bf16,1,32768,128,64,2048,0,14,,score,eager,cuda_event_grouped_2,47.76,ok,,32768,,,2,20,torch_bf16|fixed|B1|N32768
dsa-quick,dsa,fixed,torch_bf16,,bf16,1,32768,128,64,2048,0,15,,score,eager,cuda_event_grouped_2,47.52,ok,,32768,,,2,20,torch_bf16|fixed|B1|N32768
dsa-quick,dsa,fixed,torch_bf16,,bf16,1,32768,128,64,2048,0,16,,score,eager,cuda_event_grouped_2,47.712,ok,,32768,,,2,20,torch_bf16|fixed|B1|N32768
dsa-quick,dsa,fixed,torch_bf16,,bf16,1,32768,128,64,2048,0,17,,score,eager,cuda_event_grouped_2,47.536,ok,,32768,,,2,20,torch_bf16|fixed|B1|N32768
dsa-quick,dsa,fixed,torch_bf16,,bf16,1,32768,128,64,2048,0,18,,score,eager,cuda_event_grouped_2,48.576,ok,,32768,,,2,20,torch_bf16|fixed|B1|N32768
dsa-quick,dsa,fixed,torch_bf16,,bf16,1,32768,128,64,2048,0,19,,score,eager,cuda_event_grouped_2,48.128,ok,,32768,,,2,20,torch_bf16|fixed|B1|N32768
dsa-quick,dsa,fixed,torch_bf16,,bf16,1,32768,128,64,2048,0,20,,score,eager,cuda_event_grouped_2,47.584,ok,,32768,,,2,20,torch_bf16|fixed|B1|N32768
dsa-quick,dsa,fixed,torch_bf16,,bf16,1,32768,128,64,2048,0,21,,score,eager,cuda_event_grouped_2,47.248,ok,,32768,,,2,20,torch_bf16|fixed|B1|N32768
dsa-quick,dsa,fixed,torch_bf16,,bf16,1,32768,128,64,2048,0,22,,score,eager,cuda_event_grouped_2,47.616,ok,,32768,,,2,20,torch_bf16|fixed|B1|N32768
dsa-quick,dsa,fixed,torch_bf16,,bf16,1,32768,128,64,2048,0,23,,score,eager,cuda_event_grouped_2,47.744,ok,,32768,,,2,20,torch_bf16|fixed|B1|N32768
dsa-quick,dsa,fixed,torch_bf16,,bf16,1,32768,128,64,2048,0,24,,score,eager,cuda_event_grouped_2,47.408,ok,,32768,,,2,20,torch_bf16|fixed|B1|N32768
dsa-quick,dsa,fixed,torch_bf16,,bf16,1,32768,128,64,2048,0,25,,score,eager,cuda_event_grouped_2,47.76,ok,,32768,,,2,20,torch_bf16|fixed|B1|N32768
dsa-quick,dsa,fixed,torch_bf16,,bf16,1,32768,128,64,2048,0,26,,score,eager,cuda_event_grouped_2,47.616,ok,,32768,,,2,20,torch_bf16|fixed|B1|N32768
dsa-quick,dsa,fixed,torch_bf16,,bf16,1,32768,128,64,2048,0,27,,score,eager,cuda_event_grouped_2,48.208,ok,,32768,,,2,20,torch_bf16|fixed|B1|N32768
dsa-quick,dsa,fixed,torch_bf16,,bf16,1,32768,128,64,2048,0,28,,score,eager,cuda_event_grouped_2,47.728,ok,,32768,,,2,20,torch_bf16|fixed|B1|N32768
dsa-quick,dsa,fixed,torch_bf16,,bf16,1,32768,128,64,2048,0,29,,score,eager,cuda_event_grouped_2,47.632,ok,,32768,,,2,20,torch_bf16|fixed|B1|N32768
dsa-quick,dsa,fixed,torch_bf16,,bf16,1,32768,128,64,2048,0,30,,score,eager,cuda_event_grouped_2,47.392,ok,,32768,,,2,20,torch_bf16|fixed|B1|N32768
dsa-quick,dsa,fixed,torch_bf16,,bf16,1,32768,128,64,2048,0,31,,score,eager,cuda_event_grouped_2,47.904,ok,,32768,,,2,20,torch_bf16|fixed|B1|N32768
dsa-quick,dsa,fixed,torch_bf16,,bf16,1,32768,128,64,2048,0,32,,score,eager,cuda_event_grouped_2,47.424,ok,,32768,,,2,20,torch_bf16|fixed|B1|N32768
dsa-quick,dsa,fixed,torch_bf16,,bf16,1,32768,128,64,2048,0,33,,score,eager,cuda_event_grouped_2,47.68,ok,,32768,,,2,20,torch_bf16|fixed|B1|N32768
dsa-quick,dsa,fixed,torch_bf16,,bf16,1,32768,128,64,2048,0,34,,score,eager,cuda_event_grouped_2,47.68,ok,,32768,,,2,20,torch_bf16|fixed|B1|N32768
dsa-quick,dsa,fixed,torch_bf16,,bf16,1,32768,128,64,2048,0,35,,score,eager,cuda_event_grouped_2,47.888,ok,,32768,,,2,20,torch_bf16|fixed|B1|N32768
dsa-quick,dsa,fixed,torch_bf16,,bf16,1,32768,128,64,2048,0,36,,score,eager,cuda_event_grouped_2,47.648,ok,,32768,,,2,20,torch_bf16|fixed|B1|N32768
dsa-quick,dsa,fixed,torch_bf16,,bf16,1,32768,128,64,2048,0,37,,score,eager,cuda_event_grouped_2,47.312,ok,,32768,,,2,20,torch_bf16|fixed|B1|N32768
dsa-quick,dsa,fixed,torch_bf16,,bf16,1,32768,128,64,2048,0,38,,score,eager,cuda_event_grouped_2,48.24,ok,,32768,,,2,20,torch_bf16|fixed|B1|N32768
dsa-quick,dsa,fixed,torch_bf16,,bf16,1,32768,128,64,2048,0,39,,score,eager,cuda_event_grouped_2,47.84,ok,,32768,,,2,20,torch_bf16|fixed|B1|N32768
dsa-quick,dsa,fixed,torch_bf16,,bf16,1,32768,128,64,2048,0,40,,score,eager,cuda_event_grouped_2,47.872,ok,,32768,,,2,20,torch_bf16|fixed|B1|N32768
dsa-quick,dsa,fixed,torch_bf16,,bf16,1,32768,128,64,2048,0,41,,score,eager,cuda_event_grouped_2,48.192,ok,,32768,,,2,20,torch_bf16|fixed|B1|N32768
dsa-quick,dsa,fixed,torch_bf16,,bf16,1,32768,128,64,2048,0,42,,score,eager,cuda_event_grouped_2,48.336,ok,,32768,,,2,20,torch_bf16|fixed|B1|N32768
dsa-quick,dsa,fixed,torch_bf16,,bf16,1,32768,128,64,2048,0,43,,score,eager,cuda_event_grouped_2,48.32,ok,,32768,,,2,20,torch_bf16|fixed|B1|N32768
dsa-quick,dsa,fixed,torch_bf16,,bf16,1,32768,128,64,2048,0,44,,score,eager,cuda_event_grouped_2,47.904,ok,,32768,,,2,20,torch_bf16|fixed|B1|N32768
dsa-quick,dsa,fixed,torch_bf16,,bf16,1,32768,128,64,2048,0,45,,score,eager,cuda_event_grouped_2,48.848,ok,,32768,,,2,20,torch_bf16|fixed|B1|N32768
dsa-quick,dsa,fixed,torch_bf16,,bf16,1,32768,128,64,2048,0,46,,score,eager,cuda_event_grouped_2,47.664,ok,,32768,,,2,20,torch_bf16|fixed|B1|N32768
dsa-quick,dsa,fixed,torch_bf16,,bf16,1,32768,128,64,2048,0,47,,score,eager,cuda_event_grouped_2,47.344,ok,,32768,,,2,20,torch_bf16|fixed|B1|N32768
dsa-quick,dsa,fixed,torch_bf16,,bf16,1,32768,128,64,2048,0,48,,score,eager,cuda_event_grouped_2,47.712,ok,,32768,,,2,20,torch_bf16|fixed|B1|N32768
dsa-quick,dsa,fixed,torch_bf16,,bf16,1,32768,128,64,2048,0,49,,score,eager,cuda_event_grouped_2,47.376,ok,,32768,,,2,20,torch_bf16|fixed|B1|N32768
dsa-quick,dsa,fixed,torch_bf16,,bf16,1,32768,128,64,2048,0,50,,score,eager,cuda_event_grouped_2,47.584,ok,,32768,,,2,20,torch_bf16|fixed|B1|N32768
dsa-quick,dsa,fixed,torch_bf16,,bf16,1,32768,128,64,2048,0,51,,score,eager,cuda_event_grouped_2,47.68,ok,,32768,,,2,20,torch_bf16|fixed|B1|N32768
dsa-quick,dsa,fixed,torch_bf16,,bf16,1,32768,128,64,2048,0,52,,score,eager,cuda_event_grouped_2,47.36,ok,,32768,,,2,20,torch_bf16|fixed|B1|N32768
dsa-quick,dsa,fixed,torch_bf16,,bf16,1,32768,128,64,2048,0,53,,score,eager,cuda_event_grouped_2,47.568,ok,,32768,,,2,20,torch_bf16|fixed|B1|N32768
dsa-quick,dsa,fixed,torch_bf16,,bf16,1,32768,128,64,2048,0,54,,score,eager,cuda_event_grouped_2,47.408,ok,,32768,,,2,20,torch_bf16|fixed|B1|N32768
dsa-quick,dsa,fixed,torch_bf16,,bf16,1,32768,128,64,2048,0,55,,score,eager,cuda_event_grouped_2,48.112,ok,,32768,,,2,20,torch_bf16|fixed|B1|N32768
dsa-quick,dsa,fixed,torch_bf16,,bf16,1,32768,128,64,2048,0,56,,score,eager,cuda_event_grouped_2,47.296,ok,,32768,,,2,20,torch_bf16|fixed|B1|N32768
dsa-quick,dsa,fixed,torch_bf16,,bf16,1,32768,128,64,2048,0,57,,score,eager,cuda_event_grouped_2,47.472,ok,,32768,,,2,20,torch_bf16|fixed|B1|N32768
dsa-quick,dsa,fixed,torch_bf16,,bf16,1,32768,128,64,2048,0,58,,score,eager,cuda_event_grouped_2,47.024,ok,,32768,,,2,20,torch_bf16|fixed|B1|N32768
dsa-quick,dsa,fixed,torch_bf16,,bf16,1,32768,128,64,2048,0,59,,score,eager,cuda_event_grouped_2,48.064,ok,,32768,,,2,20,torch_bf16|fixed|B1|N32768
dsa-quick,dsa,fixed,torch_bf16,,bf16,1,32768,128,64,2048,0,60,,score,eager,cuda_event_grouped_2,47.44,ok,,32768,,,2,20,torch_bf16|fixed|B1|N32768
dsa-quick,dsa,fixed,torch_bf16,,bf16,1,32768,128,64,2048,0,61,,score,eager,cuda_event_grouped_2,47.264,ok,,32768,,,2,20,torch_bf16|fixed|B1|N32768
dsa-quick,dsa,fixed,torch_bf16,,bf16,1,32768,128,64,2048,0,62,,score,eager,cuda_event_grouped_2,47.68,ok,,32768,,,2,20,torch_bf16|fixed|B1|N32768
dsa-quick,dsa,fixed,torch_bf16,,bf16,1,32768,128,64,2048,0,63,,score,eager,cuda_event_grouped_2,48,ok,,32768,,,2,20,torch_bf16|fixed|B1|N32768
dsa-quick,dsa,fixed,torch_bf16,,bf16,1,32768,128,64,2048,0,64,,score,eager,cuda_event_grouped_2,47.504,ok,,32768,,,2,20,torch_bf16|fixed|B1|N32768
dsa-quick,dsa,fixed,torch_bf16,,bf16,1,32768,128,64,2048,0,65,,score,eager,cuda_event_grouped_2,47.12,ok,,32768,,,2,20,torch_bf16|fixed|B1|N32768
dsa-quick,dsa,fixed,torch_bf16,,bf16,1,32768,128,64,2048,0,66,,score,eager,cuda_event_grouped_2,47.584,ok,,32768,,,2,20,torch_bf16|fixed|B1|N32768
dsa-quick,dsa,fixed,torch_bf16,,bf16,1,32768,128,64,2048,0,67,,score,eager,cuda_event_grouped_2,47.904,ok,,32768,,,2,20,torch_bf16|fixed|B1|N32768
dsa-quick,dsa,fixed,torch_bf16,,bf16,1,32768,128,64,2048,0,68,,score,eager,cuda_event_grouped_2,47.456,ok,,32768,,,2,20,torch_bf16|fixed|B1|N32768
dsa-quick,dsa,fixed,torch_bf16,,bf16,1,32768,128,64,2048,0,69,,score,eager,cuda_event_grouped_2,47.648,ok,,32768,,,2,20,torch_bf16|fixed|B1|N32768
dsa-quick,dsa,fixed,torch_bf16,,bf16,1,32768,128,64,2048,0,70,,score,eager,cuda_event_grouped_2,47.536,ok,,32768,,,2,20,torch_bf16|fixed|B1|N32768
dsa-quick,dsa,fixed,torch_bf16,,bf16,1,32768,128,64,2048,0,71,,score,eager,cuda_event_grouped_2,47.248,ok,,32768,,,2,20,torch_bf16|fixed|B1|N32768
dsa-quick,dsa,fixed,torch_bf16,,bf16,1,32768,128,64,2048,0,72,,score,eager,cuda_event_grouped_2,47.408,ok,,32768,,,2,20,torch_bf16|fixed|B1|N32768
dsa-quick,dsa,fixed,torch_bf16,,bf16,1,32768,128,64,2048,0,73,,score,eager,cuda_event_grouped_2,47.68,ok,,32768,,,2,20,torch_bf16|fixed|B1|N32768
dsa-quick,dsa,fixed,torch_bf16,,bf16,1,32768,128,64,2048,0,74,,score,eager,cuda_event_grouped_2,47.44,ok,,32768,,,2,20,torch_bf16|fixed|B1|N32768
dsa-quick,dsa,fixed,torch_bf16,,bf16,1,32768,128,64,2048,0,75,,score,eager,cuda_event_grouped_2,47.92,ok,,32768,,,2,20,torch_bf16|fixed|B1|N32768
dsa-quick,dsa,fixed,torch_bf16,,bf16,1,32768,128,64,2048,0,76,,score,eager,cuda_event_grouped_2,49.68,ok,,32768,,,2,20,torch_bf16|fixed|B1|N32768
dsa-quick,dsa,fixed,torch_bf16,,bf16,1,32768,128,64,2048,0,77,,score,eager,cuda_event_grouped_2,47.536,ok,,32768,,,2,20,torch_bf16|fixed|B1|N32768
dsa-quick,dsa,fixed,torch_bf16,,bf16,1,32768,128,64,2048,0,78,,score,eager,cuda_event_grouped_2,47.616,ok,,32768,,,2,20,torch_bf16|fixed|B1|N32768
dsa-quick,dsa,fixed,torch_bf16,,bf16,1,32768,128,64,2048,0,79,,score,eager,cuda_event_grouped_2,47.968,ok,,32768,,,2,20,torch_bf16|fixed|B1|N32768
dsa-quick,dsa,fixed,torch_bf16,,bf16,1,32768,128,64,2048,0,80,,score,eager,cuda_event_grouped_2,47.6,ok,,32768,,,2,20,torch_bf16|fixed|B1|N32768
dsa-quick,dsa,fixed,torch_bf16,,bf16,1,32768,128,64,2048,0,81,,score,eager,cuda_event_grouped_2,47.632,ok,,32768,,,2,20,torch_bf16|fixed|B1|N32768
dsa-quick,dsa,fixed,torch_bf16,,bf16,1,32768,128,64,2048,0,82,,score,eager,cuda_event_grouped_2,47.6,ok,,32768,,,2,20,torch_bf16|fixed|B1|N32768
dsa-quick,dsa,fixed,torch_bf16,,bf16,1,32768,128,64,2048,0,83,,score,eager,cuda_event_grouped_2,47.952,ok,,32768,,,2,20,torch_bf16|fixed|B1|N32768
dsa-quick,dsa,fixed,torch_bf16,,bf16,1,32768,128,64,2048,0,84,,score,eager,cuda_event_grouped_2,47.28,ok,,32768,,,2,20,torch_bf16|fixed|B1|N32768
dsa-quick,dsa,fixed,torch_bf16,,bf16,1,32768,128,64,2048,0,85,,score,eager,cuda_event_grouped_2,47.376,ok,,32768,,,2,20,torch_bf16|fixed|B1|N32768
dsa-quick,dsa,fixed,torch_bf16,,bf16,1,32768,128,64,2048,0,86,,score,eager,cuda_event_grouped_2,47.472,ok,,32768,,,2,20,torch_bf16|fixed|B1|N32768
dsa-quick,dsa,fixed,torch_bf16,,bf16,1,32768,128,64,2048,0,87,,score,eager,cuda_event_grouped_2,47.52,ok,,32768,,,2,20,torch_bf16|fixed|B1|N32768
dsa-quick,dsa,fixed,torch_bf16,,bf16,1,32768,128,64,2048,0,88,,score,eager,cuda_event_grouped_2,47.856,ok,,32768,,,2,20,torch_bf16|fixed|B1|N32768
dsa-quick,dsa,fixed,torch_bf16,,bf16,1,32768,128,64,2048,0,89,,score,eager,cuda_event_grouped_2,47.664,ok,,32768,,,2,20,torch_bf16|fixed|B1|N32768
dsa-quick,dsa,fixed,torch_bf16,,bf16,1,32768,128,64,2048,0,90,,score,eager,cuda_event_grouped_2,47.664,ok,,32768,,,2,20,torch_bf16|fixed|B1|N32768
dsa-quick,dsa,fixed,torch_bf16,,bf16,1,32768,128,64,2048,0,91,,score,eager,cuda_event_grouped_2,48.496,ok,,32768,,,2,20,torch_bf16|fixed|B1|N32768
dsa-quick,dsa,fixed,torch_bf16,,bf16,1,32768,128,64,2048,0,92,,score,eager,cuda_event_grouped_2,47.392,ok,,32768,,,2,20,torch_bf16|fixed|B1|N32768
dsa-quick,dsa,fixed,torch_bf16,,bf16,1,32768,128,64,2048,0,93,,score,eager,cuda_event_grouped_2,47.504,ok,,32768,,,2,20,torch_bf16|fixed|B1|N32768
dsa-quick,dsa,fixed,torch_bf16,,bf16,1,32768,128,64,2048,0,94,,score,eager,cuda_event_grouped_2,47.856,ok,,32768,,,2,20,torch_bf16|fixed|B1|N32768
dsa-quick,dsa,fixed,torch_bf16,,bf16,1,32768,128,64,2048,0,95,,score,eager,cuda_event_grouped_2,47.808,ok,,32768,,,2,20,torch_bf16|fixed|B1|N32768
dsa-quick,dsa,fixed,torch_bf16,,bf16,1,32768,128,64,2048,0,96,,score,eager,cuda_event_grouped_2,47.28,ok,,32768,,,2,20,torch_bf16|fixed|B1|N32768
dsa-quick,dsa,fixed,torch_bf16,,bf16,1,32768,128,64,2048,0,97,,score,eager,cuda_event_grouped_2,47.696,ok,,32768,,,2,20,torch_bf16|fixed|B1|N32768
dsa-quick,dsa,fixed,torch_bf16,,bf16,1,32768,128,64,2048,0,98,,score,eager,cuda_event_grouped_2,47.568,ok,,32768,,,2,20,torch_bf16|fixed|B1|N32768
dsa-quick,dsa,fixed,torch_bf16,,bf16,1,32768,128,64,2048,0,99,,score,eager,cuda_event_grouped_2,48.032,ok,,32768,,,2,20,torch_bf16|fixed|B1|N32768
dsa-quick,dsa,fixed,torch_bf16,,bf16,1,32768,128,64,2048,0,0,,select,eager,cuda_event_per_iter,73.184,ok,,32768,,,1,20,torch_bf16|fixed|B1|N32768
dsa-quick,dsa,fixed,torch_bf16,,bf16,1,32768,128,64,2048,0,1,,select,eager,cuda_event_per_iter,72.928,ok,,32768,,,1,20,torch_bf16|fixed|B1|N32768
dsa-quick,dsa,fixed,torch_bf16,,bf16,1,32768,128,64,2048,0,2,,select,eager,cuda_event_per_iter,73.408,ok,,32768,,,1,20,torch_bf16|fixed|B1|N32768
dsa-quick,dsa,fixed,torch_bf16,,bf16,1,32768,128,64,2048,0,3,,select,eager,cuda_event_per_iter,71.968,ok,,32768,,,1,20,torch_bf16|fixed|B1|N32768
dsa-quick,dsa,fixed,torch_bf16,,bf16,1,32768,128,64,2048,0,4,,select,eager,cuda_event_per_iter,73.088,ok,,32768,,,1,20,torch_bf16|fixed|B1|N32768
dsa-quick,dsa,fixed,torch_bf16,,bf16,1,32768,128,64,2048,0,5,,select,eager,cuda_event_per_iter,72.16,ok,,32768,,,1,20,torch_bf16|fixed|B1|N32768
dsa-quick,dsa,fixed,torch_bf16,,bf16,1,32768,128,64,2048,0,6,,select,eager,cuda_event_per_iter,72.832,ok,,32768,,,1,20,torch_bf16|fixed|B1|N32768
dsa-quick,dsa,fixed,torch_bf16,,bf16,1,32768,128,64,2048,0,7,,select,eager,cuda_event_per_iter,72.768,ok,,32768,,,1,20,torch_bf16|fixed|B1|N32768
dsa-quick,dsa,fixed,torch_bf16,,bf16,1,32768,128,64,2048,0,8,,select,eager,cuda_event_per_iter,72.512,ok,,32768,,,1,20,torch_bf16|fixed|B1|N32768
dsa-quick,dsa,fixed,torch_bf16,,bf16,1,32768,128,64,2048,0,9,,select,eager,cuda_event_per_iter,72.8,ok,,32768,,,1,20,torch_bf16|fixed|B1|N32768
dsa-quick,dsa,fixed,torch_bf16,,bf16,1,32768,128,64,2048,0,10,,select,eager,cuda_event_per_iter,72.928,ok,,32768,,,1,20,torch_bf16|fixed|B1|N32768
dsa-quick,dsa,fixed,torch_bf16,,bf16,1,32768,128,64,2048,0,11,,select,eager,cuda_event_per_iter,72.896,ok,,32768,,,1,20,torch_bf16|fixed|B1|N32768
dsa-quick,dsa,fixed,torch_bf16,,bf16,1,32768,128,64,2048,0,12,,select,eager,cuda_event_per_iter,72.416,ok,,32768,,,1,20,torch_bf16|fixed|B1|N32768
dsa-quick,dsa,fixed,torch_bf16,,bf16,1,32768,128,64,2048,0,13,,select,eager,cuda_event_per_iter,72.256,ok,,32768,,,1,20,torch_bf16|fixed|B1|N32768
dsa-quick,dsa,fixed,torch_bf16,,bf16,1,32768,128,64,2048,0,14,,select,eager,cuda_event_per_iter,72.704,ok,,32768,,,1,20,torch_bf16|fixed|B1|N32768
dsa-quick,dsa,fixed,torch_bf16,,bf16,1,32768,128,64,2048,0,15,,select,eager,cuda_event_per_iter,73.312,ok,,32768,,,1,20,torch_bf16|fixed|B1|N32768
dsa-quick,dsa,fixed,torch_bf16,,bf16,1,32768,128,64,2048,0,16,,select,eager,cuda_event_per_iter,71.552,ok,,32768,,,1,20,torch_bf16|fixed|B1|N32768
dsa-quick,dsa,fixed,torch_bf16,,bf16,1,32768,128,64,2048,0,17,,select,eager,cuda_event_per_iter,72.8,ok,,32768,,,1,20,torch_bf16|fixed|B1|N32768
dsa-quick,dsa,fixed,torch_bf16,,bf16,1,32768,128,64,2048,0,18,,select,eager,cuda_event_per_iter,72.768,ok,,32768,,,1,20,torch_bf16|fixed|B1|N32768
dsa-quick,dsa,fixed,torch_bf16,,bf16,1,32768,128,64,2048,0,19,,select,eager,cuda_event_per_iter,72.416,ok,,32768,,,1,20,torch_bf16|fixed|B1|N32768
dsa-quick,dsa,fixed,torch_bf16,,bf16,1,32768,128,64,2048,0,20,,select,eager,cuda_event_per_iter,74.24,ok,,32768,,,1,20,torch_bf16|fixed|B1|N32768
dsa-quick,dsa,fixed,torch_bf16,,bf16,1,32768,128,64,2048,0,21,,select,eager,cuda_event_per_iter,72.832,ok,,32768,,,1,20,torch_bf16|fixed|B1|N32768
dsa-quick,dsa,fixed,torch_bf16,,bf16,1,32768,128,64,2048,0,22,,select,eager,cuda_event_per_iter,72.32,ok,,32768,,,1,20,torch_bf16|fixed|B1|N32768
dsa-quick,dsa,fixed,torch_bf16,,bf16,1,32768,128,64,2048,0,23,,select,eager,cuda_event_per_iter,72.736,ok,,32768,,,1,20,torch_bf16|fixed|B1|N32768
dsa-quick,dsa,fixed,torch_bf16,,bf16,1,32768,128,64,2048,0,24,,select,eager,cuda_event_per_iter,71.84,ok,,32768,,,1,20,torch_bf16|fixed|B1|N32768
dsa-quick,dsa,fixed,torch_bf16,,bf16,1,32768,128,64,2048,0,25,,select,eager,cuda_event_per_iter,72.896,ok,,32768,,,1,20,torch_bf16|fixed|B1|N32768
dsa-quick,dsa,fixed,torch_bf16,,bf16,1,32768,128,64,2048,0,26,,select,eager,cuda_event_per_iter,72.224,ok,,32768,,,1,20,torch_bf16|fixed|B1|N32768
dsa-quick,dsa,fixed,torch_bf16,,bf16,1,32768,128,64,2048,0,27,,select,eager,cuda_event_per_iter,72.384,ok,,32768,,,1,20,torch_bf16|fixed|B1|N32768
dsa-quick,dsa,fixed,torch_bf16,,bf16,1,32768,128,64,2048,0,28,,select,eager,cuda_event_per_iter,72.48,ok,,32768,,,1,20,torch_bf16|fixed|B1|N32768
dsa-quick,dsa,fixed,torch_bf16,,bf16,1,32768,128,64,2048,0,29,,select,eager,cuda_event_per_iter,79.776,ok,,32768,,,1,20,torch_bf16|fixed|B1|N32768
dsa-quick,dsa,fixed,torch_bf16,,bf16,1,32768,128,64,2048,0,30,,select,eager,cuda_event_per_iter,72.608,ok,,32768,,,1,20,torch_bf16|fixed|B1|N32768
dsa-quick,dsa,fixed,torch_bf16,,bf16,1,32768,128,64,2048,0,31,,select,eager,cuda_event_per_iter,73.12,ok,,32768,,,1,20,torch_bf16|fixed|B1|N32768
dsa-quick,dsa,fixed,torch_bf16,,bf16,1,32768,128,64,2048,0,32,,select,eager,cuda_event_per_iter,72.448,ok,,32768,,,1,20,torch_bf16|fixed|B1|N32768
dsa-quick,dsa,fixed,torch_bf16,,bf16,1,32768,128,64,2048,0,33,,select,eager,cuda_event_per_iter,72.192,ok,,32768,,,1,20,torch_bf16|fixed|B1|N32768
dsa-quick,dsa,fixed,torch_bf16,,bf16,1,32768,128,64,2048,0,34,,select,eager,cuda_event_per_iter,72.8,ok,,32768,,,1,20,torch_bf16|fixed|B1|N32768
dsa-quick,dsa,fixed,torch_bf16,,bf16,1,32768,128,64,2048,0,35,,select,eager,cuda_event_per_iter,73.024,ok,,32768,,,1,20,torch_bf16|fixed|B1|N32768
dsa-quick,dsa,fixed,torch_bf16,,bf16,1,32768,128,64,2048,0,36,,select,eager,cuda_event_per_iter,72.768,ok,,32768,,,1,20,torch_bf16|fixed|B1|N32768
dsa-quick,dsa,fixed,torch_bf16,,bf16,1,32768,128,64,2048,0,37,,select,eager,cuda_event_per_iter,72.256,ok,,32768,,,1,20,torch_bf16|fixed|B1|N32768
dsa-quick,dsa,fixed,torch_bf16,,bf16,1,32768,128,64,2048,0,38,,select,eager,cuda_event_per_iter,72.416,ok,,32768,,,1,20,torch_bf16|fixed|B1|N32768
dsa-quick,dsa,fixed,torch_bf16,,bf16,1,32768,128,64,2048,0,39,,select,eager,cuda_event_per_iter,73.152,ok,,32768,,,1,20,torch_bf16|fixed|B1|N32768
dsa-quick,dsa,fixed,torch_bf16,,bf16,1,32768,128,64,2048,0,40,,select,eager,cuda_event_per_iter,71.84,ok,,32768,,,1,20,torch_bf16|fixed|B1|N32768
dsa-quick,dsa,fixed,torch_bf16,,bf16,1,32768,128,64,2048,0,41,,select,eager,cuda_event_per_iter,72.48,ok,,32768,,,1,20,torch_bf16|fixed|B1|N32768
dsa-quick,dsa,fixed,torch_bf16,,bf16,1,32768,128,64,2048,0,42,,select,eager,cuda_event_per_iter,73.056,ok,,32768,,,1,20,torch_bf16|fixed|B1|N32768
dsa-quick,dsa,fixed,torch_bf16,,bf16,1,32768,128,64,2048,0,43,,select,eager,cuda_event_per_iter,75.2,ok,,32768,,,1,20,torch_bf16|fixed|B1|N32768
dsa-quick,dsa,fixed,torch_bf16,,bf16,1,32768,128,64,2048,0,44,,select,eager,cuda_event_per_iter,72.224,ok,,32768,,,1,20,torch_bf16|fixed|B1|N32768
dsa-quick,dsa,fixed,torch_bf16,,bf16,1,32768,128,64,2048,0,45,,select,eager,cuda_event_per_iter,73.728,ok,,32768,,,1,20,torch_bf16|fixed|B1|N32768
dsa-quick,dsa,fixed,torch_bf16,,bf16,1,32768,128,64,2048,0,46,,select,eager,cuda_event_per_iter,72.576,ok,,32768,,,1,20,torch_bf16|fixed|B1|N32768
dsa-quick,dsa,fixed,torch_bf16,,bf16,1,32768,128,64,2048,0,47,,select,eager,cuda_event_per_iter,72.16,ok,,32768,,,1,20,torch_bf16|fixed|B1|N32768
dsa-quick,dsa,fixed,torch_bf16,,bf16,1,32768,128,64,2048,0,48,,select,eager,cuda_event_per_iter,72.32,ok,,32768,,,1,20,torch_bf16|fixed|B1|N32768
dsa-quick,dsa,fixed,torch_bf16,,bf16,1,32768,128,64,2048,0,49,,select,eager,cuda_event_per_iter,72.256,ok,,32768,,,1,20,torch_bf16|fixed|B1|N32768
dsa-quick,dsa,fixed,torch_bf16,,bf16,1,32768,128,64,2048,0,50,,select,eager,cuda_event_per_iter,73.12,ok,,32768,,,1,20,torch_bf16|fixed|B1|N32768
dsa-quick,dsa,fixed,torch_bf16,,bf16,1,32768,128,64,2048,0,51,,select,eager,cuda_event_per_iter,72.32,ok,,32768,,,1,20,torch_bf16|fixed|B1|N32768
dsa-quick,dsa,fixed,torch_bf16,,bf16,1,32768,128,64,2048,0,52,,select,eager,cuda_event_per_iter,73.024,ok,,32768,,,1,20,torch_bf16|fixed|B1|N32768
dsa-quick,dsa,fixed,torch_bf16,,bf16,1,32768,128,64,2048,0,53,,select,eager,cuda_event_per_iter,72.352,ok,,32768,,,1,20,torch_bf16|fixed|B1|N32768
dsa-quick,dsa,fixed,torch_bf16,,bf16,1,32768,128,64,2048,0,54,,select,eager,cuda_event_per_iter,72.288,ok,,32768,,,1,20,torch_bf16|fixed|B1|N32768
dsa-quick,dsa,fixed,torch_bf16,,bf16,1,32768,128,64,2048,0,55,,select,eager,cuda_event_per_iter,72.672,ok,,32768,,,1,20,torch_bf16|fixed|B1|N32768
dsa-quick,dsa,fixed,torch_bf16,,bf16,1,32768,128,64,2048,0,56,,select,eager,cuda_event_per_iter,71.904,ok,,32768,,,1,20,torch_bf16|fixed|B1|N32768
dsa-quick,dsa,fixed,torch_bf16,,bf16,1,32768,128,64,2048,0,57,,select,eager,cuda_event_per_iter,72.608,ok,,32768,,,1,20,torch_bf16|fixed|B1|N32768
dsa-quick,dsa,fixed,torch_bf16,,bf16,1,32768,128,64,2048,0,58,,select,eager,cuda_event_per_iter,72.768,ok,,32768,,,1,20,torch_bf16|fixed|B1|N32768
dsa-quick,dsa,fixed,torch_bf16,,bf16,1,32768,128,64,2048,0,59,,select,eager,cuda_event_per_iter,73.696,ok,,32768,,,1,20,torch_bf16|fixed|B1|N32768
dsa-quick,dsa,fixed,torch_bf16,,bf16,1,32768,128,64,2048,0,60,,select,eager,cuda_event_per_iter,72.416,ok,,32768,,,1,20,torch_bf16|fixed|B1|N32768
dsa-quick,dsa,fixed,torch_bf16,,bf16,1,32768,128,64,2048,0,61,,select,eager,cuda_event_per_iter,72.352,ok,,32768,,,1,20,torch_bf16|fixed|B1|N32768
dsa-quick,dsa,fixed,torch_bf16,,bf16,1,32768,128,64,2048,0,62,,select,eager,cuda_event_per_iter,72.32,ok,,32768,,,1,20,torch_bf16|fixed|B1|N32768
dsa-quick,dsa,fixed,torch_bf16,,bf16,1,32768,128,64,2048,0,63,,select,eager,cuda_event_per_iter,72.992,ok,,32768,,,1,20,torch_bf16|fixed|B1|N32768
dsa-quick,dsa,fixed,torch_bf16,,bf16,1,32768,128,64,2048,0,64,,select,eager,cuda_event_per_iter,72.736,ok,,32768,,,1,20,torch_bf16|fixed|B1|N32768
dsa-quick,dsa,fixed,torch_bf16,,bf16,1,32768,128,64,2048,0,65,,select,eager,cuda_event_per_iter,72.416,ok,,32768,,,1,20,torch_bf16|fixed|B1|N32768
dsa-quick,dsa,fixed,torch_bf16,,bf16,1,32768,128,64,2048,0,66,,select,eager,cuda_event_per_iter,73.984,ok,,32768,,,1,20,torch_bf16|fixed|B1|N32768
dsa-quick,dsa,fixed,torch_bf16,,bf16,1,32768,128,64,2048,0,67,,select,eager,cuda_event_per_iter,72.768,ok,,32768,,,1,20,torch_bf16|fixed|B1|N32768
dsa-quick,dsa,fixed,torch_bf16,,bf16,1,32768,128,64,2048,0,68,,select,eager,cuda_event_per_iter,72.48,ok,,32768,,,1,20,torch_bf16|fixed|B1|N32768
dsa-quick,dsa,fixed,torch_bf16,,bf16,1,32768,128,64,2048,0,69,,select,eager,cuda_event_per_iter,73.056,ok,,32768,,,1,20,torch_bf16|fixed|B1|N32768
dsa-quick,dsa,fixed,torch_bf16,,bf16,1,32768,128,64,2048,0,70,,select,eager,cuda_event_per_iter,72.448,ok,,32768,,,1,20,torch_bf16|fixed|B1|N32768
dsa-quick,dsa,fixed,torch_bf16,,bf16,1,32768,128,64,2048,0,71,,select,eager,cuda_event_per_iter,73.504,ok,,32768,,,1,20,torch_bf16|fixed|B1|N32768
dsa-quick,dsa,fixed,torch_bf16,,bf16,1,32768,128,64,2048,0,72,,select,eager,cuda_event_per_iter,72.8,ok,,32768,,,1,20,torch_bf16|fixed|B1|N32768
dsa-quick,dsa,fixed,torch_bf16,,bf16,1,32768,128,64,2048,0,73,,select,eager,cuda_event_per_iter,74.24,ok,,32768,,,1,20,torch_bf16|fixed|B1|N32768
dsa-quick,dsa,fixed,torch_bf16,,bf16,1,32768,128,64,2048,0,74,,select,eager,cuda_event_per_iter,73.152,ok,,32768,,,1,20,torch_bf16|fixed|B1|N32768
dsa-quick,dsa,fixed,torch_bf16,,bf16,1,32768,128,64,2048,0,75,,select,eager,cuda_event_per_iter,73.536,ok,,32768,,,1,20,torch_bf16|fixed|B1|N32768
dsa-quick,dsa,fixed,torch_bf16,,bf16,1,32768,128,64,2048,0,76,,select,eager,cuda_event_per_iter,72.576,ok,,32768,,,1,20,torch_bf16|fixed|B1|N32768
dsa-quick,dsa,fixed,torch_bf16,,bf16,1,32768,128,64,2048,0,77,,select,eager,cuda_event_per_iter,72.512,ok,,32768,,,1,20,torch_bf16|fixed|B1|N32768
dsa-quick,dsa,fixed,torch_bf16,,bf16,1,32768,128,64,2048,0,78,,select,eager,cuda_event_per_iter,72.608,ok,,32768,,,1,20,torch_bf16|fixed|B1|N32768
dsa-quick,dsa,fixed,torch_bf16,,bf16,1,32768,128,64,2048,0,79,,select,eager,cuda_event_per_iter,73.024,ok,,32768,,,1,20,torch_bf16|fixed|B1|N32768
dsa-quick,dsa,fixed,torch_bf16,,bf16,1,32768,128,64,2048,0,80,,select,eager,cuda_event_per_iter,72.352,ok,,32768,,,1,20,torch_bf16|fixed|B1|N32768
dsa-quick,dsa,fixed,torch_bf16,,bf16,1,32768,128,64,2048,0,81,,select,eager,cuda_event_per_iter,72.256,ok,,32768,,,1,20,torch_bf16|fixed|B1|N32768
dsa-quick,dsa,fixed,torch_bf16,,bf16,1,32768,128,64,2048,0,82,,select,eager,cuda_event_per_iter,72.8,ok,,32768,,,1,20,torch_bf16|fixed|B1|N32768
dsa-quick,dsa,fixed,torch_bf16,,bf16,1,32768,128,64,2048,0,83,,select,eager,cuda_event_per_iter,72.736,ok,,32768,,,1,20,torch_bf16|fixed|B1|N32768
dsa-quick,dsa,fixed,torch_bf16,,bf16,1,32768,128,64,2048,0,84,,select,eager,cuda_event_per_iter,71.712,ok,,32768,,,1,20,torch_bf16|fixed|B1|N32768
dsa-quick,dsa,fixed,torch_bf16,,bf16,1,32768,128,64,2048,0,85,,select,eager,cuda_event_per_iter,72.064,ok,,32768,,,1,20,torch_bf16|fixed|B1|N32768
dsa-quick,dsa,fixed,torch_bf16,,bf16,1,32768,128,64,2048,0,86,,select,eager,cuda_event_per_iter,72.16,ok,,32768,,,1,20,torch_bf16|fixed|B1|N32768
dsa-quick,dsa,fixed,torch_bf16,,bf16,1,32768,128,64,2048,0,87,,select,eager,cuda_event_per_iter,72.928,ok,,32768,,,1,20,torch_bf16|fixed|B1|N32768
dsa-quick,dsa,fixed,torch_bf16,,bf16,1,32768,128,64,2048,0,88,,select,eager,cuda_event_per_iter,72.16,ok,,32768,,,1,20,torch_bf16|fixed|B1|N32768
dsa-quick,dsa,fixed,torch_bf16,,bf16,1,32768,128,64,2048,0,89,,select,eager,cuda_event_per_iter,76.128,ok,,32768,,,1,20,torch_bf16|fixed|B1|N32768
dsa-quick,dsa,fixed,torch_bf16,,bf16,1,32768,128,64,2048,0,90,,select,eager,cuda_event_per_iter,72.64,ok,,32768,,,1,20,torch_bf16|fixed|B1|N32768
dsa-quick,dsa,fixed,torch_bf16,,bf16,1,32768,128,64,2048,0,91,,select,eager,cuda_event_per_iter,72.896,ok,,32768,,,1,20,torch_bf16|fixed|B1|N32768
dsa-quick,dsa,fixed,torch_bf16,,bf16,1,32768,128,64,2048,0,92,,select,eager,cuda_event_per_iter,71.84,ok,,32768,,,1,20,torch_bf16|fixed|B1|N32768
dsa-quick,dsa,fixed,torch_bf16,,bf16,1,32768,128,64,2048,0,93,,select,eager,cuda_event_per_iter,72,ok,,32768,,,1,20,torch_bf16|fixed|B1|N32768
dsa-quick,dsa,fixed,torch_bf16,,bf16,1,32768,128,64,2048,0,94,,select,eager,cuda_event_per_iter,72.512,ok,,32768,,,1,20,torch_bf16|fixed|B1|N32768
dsa-quick,dsa,fixed,torch_bf16,,bf16,1,32768,128,64,2048,0,95,,select,eager,cuda_event_per_iter,73.024,ok,,32768,,,1,20,torch_bf16|fixed|B1|N32768
dsa-quick,dsa,fixed,torch_bf16,,bf16,1,32768,128,64,2048,0,96,,select,eager,cuda_event_per_iter,72.32,ok,,32768,,,1,20,torch_bf16|fixed|B1|N32768
dsa-quick,dsa,fixed,torch_bf16,,bf16,1,32768,128,64,2048,0,97,,select,eager,cuda_event_per_iter,72.672,ok,,32768,,,1,20,torch_bf16|fixed|B1|N32768
dsa-quick,dsa,fixed,torch_bf16,,bf16,1,32768,128,64,2048,0,98,,select,eager,cuda_event_per_iter,73.504,ok,,32768,,,1,20,torch_bf16|fixed|B1|N32768
dsa-quick,dsa,fixed,torch_bf16,,bf16,1,32768,128,64,2048,0,99,,select,eager,cuda_event_per_iter,73.216,ok,,32768,,,1,20,torch_bf16|fixed|B1|N32768
dsa-quick,dsa,fixed,torch_bf16,,bf16,1,32768,128,64,2048,0,0,,combined,eager,cuda_event_per_iter,127.84,ok,,32768,,,1,20,torch_bf16|fixed|B1|N32768
dsa-quick,dsa,fixed,torch_bf16,,bf16,1,32768,128,64,2048,0,1,,combined,eager,cuda_event_per_iter,124.384,ok,,32768,,,1,20,torch_bf16|fixed|B1|N32768
dsa-quick,dsa,fixed,torch_bf16,,bf16,1,32768,128,64,2048,0,2,,combined,eager,cuda_event_per_iter,122.848,ok,,32768,,,1,20,torch_bf16|fixed|B1|N32768
dsa-quick,dsa,fixed,torch_bf16,,bf16,1,32768,128,64,2048,0,3,,combined,eager,cuda_event_per_iter,132.192,ok,,32768,,,1,20,torch_bf16|fixed|B1|N32768
dsa-quick,dsa,fixed,torch_bf16,,bf16,1,32768,128,64,2048,0,4,,combined,eager,cuda_event_per_iter,122.24,ok,,32768,,,1,20,torch_bf16|fixed|B1|N32768
dsa-quick,dsa,fixed,torch_bf16,,bf16,1,32768,128,64,2048,0,5,,combined,eager,cuda_event_per_iter,123.2,ok,,32768,,,1,20,torch_bf16|fixed|B1|N32768
dsa-quick,dsa,fixed,torch_bf16,,bf16,1,32768,128,64,2048,0,6,,combined,eager,cuda_event_per_iter,121.728,ok,,32768,,,1,20,torch_bf16|fixed|B1|N32768
dsa-quick,dsa,fixed,torch_bf16,,bf16,1,32768,128,64,2048,0,7,,combined,eager,cuda_event_per_iter,121.28,ok,,32768,,,1,20,torch_bf16|fixed|B1|N32768
dsa-quick,dsa,fixed,torch_bf16,,bf16,1,32768,128,64,2048,0,8,,combined,eager,cuda_event_per_iter,121.76,ok,,32768,,,1,20,torch_bf16|fixed|B1|N32768
dsa-quick,dsa,fixed,torch_bf16,,bf16,1,32768,128,64,2048,0,9,,combined,eager,cuda_event_per_iter,122.176,ok,,32768,,,1,20,torch_bf16|fixed|B1|N32768
dsa-quick,dsa,fixed,torch_bf16,,bf16,1,32768,128,64,2048,0,10,,combined,eager,cuda_event_per_iter,121.856,ok,,32768,,,1,20,torch_bf16|fixed|B1|N32768
dsa-quick,dsa,fixed,torch_bf16,,bf16,1,32768,128,64,2048,0,11,,combined,eager,cuda_event_per_iter,122.592,ok,,32768,,,1,20,torch_bf16|fixed|B1|N32768
dsa-quick,dsa,fixed,torch_bf16,,bf16,1,32768,128,64,2048,0,12,,combined,eager,cuda_event_per_iter,123.296,ok,,32768,,,1,20,torch_bf16|fixed|B1|N32768
dsa-quick,dsa,fixed,torch_bf16,,bf16,1,32768,128,64,2048,0,13,,combined,eager,cuda_event_per_iter,122.592,ok,,32768,,,1,20,torch_bf16|fixed|B1|N32768
dsa-quick,dsa,fixed,torch_bf16,,bf16,1,32768,128,64,2048,0,14,,combined,eager,cuda_event_per_iter,121.632,ok,,32768,,,1,20,torch_bf16|fixed|B1|N32768
dsa-quick,dsa,fixed,torch_bf16,,bf16,1,32768,128,64,2048,0,15,,combined,eager,cuda_event_per_iter,121.568,ok,,32768,,,1,20,torch_bf16|fixed|B1|N32768
dsa-quick,dsa,fixed,torch_bf16,,bf16,1,32768,128,64,2048,0,16,,combined,eager,cuda_event_per_iter,121.6,ok,,32768,,,1,20,torch_bf16|fixed|B1|N32768
dsa-quick,dsa,fixed,torch_bf16,,bf16,1,32768,128,64,2048,0,17,,combined,eager,cuda_event_per_iter,122.144,ok,,32768,,,1,20,torch_bf16|fixed|B1|N32768
dsa-quick,dsa,fixed,torch_bf16,,bf16,1,32768,128,64,2048,0,18,,combined,eager,cuda_event_per_iter,122.464,ok,,32768,,,1,20,torch_bf16|fixed|B1|N32768
dsa-quick,dsa,fixed,torch_bf16,,bf16,1,32768,128,64,2048,0,19,,combined,eager,cuda_event_per_iter,120.736,ok,,32768,,,1,20,torch_bf16|fixed|B1|N32768
dsa-quick,dsa,fixed,torch_bf16,,bf16,1,32768,128,64,2048,0,20,,combined,eager,cuda_event_per_iter,121.824,ok,,32768,,,1,20,torch_bf16|fixed|B1|N32768
dsa-quick,dsa,fixed,torch_bf16,,bf16,1,32768,128,64,2048,0,21,,combined,eager,cuda_event_per_iter,121.824,ok,,32768,,,1,20,torch_bf16|fixed|B1|N32768
dsa-quick,dsa,fixed,torch_bf16,,bf16,1,32768,128,64,2048,0,22,,combined,eager,cuda_event_per_iter,122.016,ok,,32768,,,1,20,torch_bf16|fixed|B1|N32768
dsa-quick,dsa,fixed,torch_bf16,,bf16,1,32768,128,64,2048,0,23,,combined,eager,cuda_event_per_iter,120.064,ok,,32768,,,1,20,torch_bf16|fixed|B1|N32768
dsa-quick,dsa,fixed,torch_bf16,,bf16,1,32768,128,64,2048,0,24,,combined,eager,cuda_event_per_iter,121.44,ok,,32768,,,1,20,torch_bf16|fixed|B1|N32768
dsa-quick,dsa,fixed,torch_bf16,,bf16,1,32768,128,64,2048,0,25,,combined,eager,cuda_event_per_iter,122.592,ok,,32768,,,1,20,torch_bf16|fixed|B1|N32768
dsa-quick,dsa,fixed,torch_bf16,,bf16,1,32768,128,64,2048,0,26,,combined,eager,cuda_event_per_iter,122.08,ok,,32768,,,1,20,torch_bf16|fixed|B1|N32768
dsa-quick,dsa,fixed,torch_bf16,,bf16,1,32768,128,64,2048,0,27,,combined,eager,cuda_event_per_iter,121.664,ok,,32768,,,1,20,torch_bf16|fixed|B1|N32768
dsa-quick,dsa,fixed,torch_bf16,,bf16,1,32768,128,64,2048,0,28,,combined,eager,cuda_event_per_iter,121.952,ok,,32768,,,1,20,torch_bf16|fixed|B1|N32768
dsa-quick,dsa,fixed,torch_bf16,,bf16,1,32768,128,64,2048,0,29,,combined,eager,cuda_event_per_iter,122.016,ok,,32768,,,1,20,torch_bf16|fixed|B1|N32768
dsa-quick,dsa,fixed,torch_bf16,,bf16,1,32768,128,64,2048,0,30,,combined,eager,cuda_event_per_iter,122.368,ok,,32768,,,1,20,torch_bf16|fixed|B1|N32768
dsa-quick,dsa,fixed,torch_bf16,,bf16,1,32768,128,64,2048,0,31,,combined,eager,cuda_event_per_iter,121.632,ok,,32768,,,1,20,torch_bf16|fixed|B1|N32768
dsa-quick,dsa,fixed,torch_bf16,,bf16,1,32768,128,64,2048,0,32,,combined,eager,cuda_event_per_iter,121.856,ok,,32768,,,1,20,torch_bf16|fixed|B1|N32768
dsa-quick,dsa,fixed,torch_bf16,,bf16,1,32768,128,64,2048,0,33,,combined,eager,cuda_event_per_iter,122.4,ok,,32768,,,1,20,torch_bf16|fixed|B1|N32768
dsa-quick,dsa,fixed,torch_bf16,,bf16,1,32768,128,64,2048,0,34,,combined,eager,cuda_event_per_iter,122.048,ok,,32768,,,1,20,torch_bf16|fixed|B1|N32768
dsa-quick,dsa,fixed,torch_bf16,,bf16,1,32768,128,64,2048,0,35,,combined,eager,cuda_event_per_iter,121.792,ok,,32768,,,1,20,torch_bf16|fixed|B1|N32768
dsa-quick,dsa,fixed,torch_bf16,,bf16,1,32768,128,64,2048,0,36,,combined,eager,cuda_event_per_iter,121.76,ok,,32768,,,1,20,torch_bf16|fixed|B1|N32768
dsa-quick,dsa,fixed,torch_bf16,,bf16,1,32768,128,64,2048,0,37,,combined,eager,cuda_event_per_iter,122.144,ok,,32768,,,1,20,torch_bf16|fixed|B1|N32768
dsa-quick,dsa,fixed,torch_bf16,,bf16,1,32768,128,64,2048,0,38,,combined,eager,cuda_event_per_iter,120.64,ok,,32768,,,1,20,torch_bf16|fixed|B1|N32768
dsa-quick,dsa,fixed,torch_bf16,,bf16,1,32768,128,64,2048,0,39,,combined,eager,cuda_event_per_iter,121.344,ok,,32768,,,1,20,torch_bf16|fixed|B1|N32768
dsa-quick,dsa,fixed,torch_bf16,,bf16,1,32768,128,64,2048,0,40,,combined,eager,cuda_event_per_iter,121.76,ok,,32768,,,1,20,torch_bf16|fixed|B1|N32768
dsa-quick,dsa,fixed,torch_bf16,,bf16,1,32768,128,64,2048,0,41,,combined,eager,cuda_event_per_iter,122.176,ok,,32768,,,1,20,torch_bf16|fixed|B1|N32768
dsa-quick,dsa,fixed,torch_bf16,,bf16,1,32768,128,64,2048,0,42,,combined,eager,cuda_event_per_iter,120.96,ok,,32768,,,1,20,torch_bf16|fixed|B1|N32768
dsa-quick,dsa,fixed,torch_bf16,,bf16,1,32768,128,64,2048,0,43,,combined,eager,cuda_event_per_iter,121.312,ok,,32768,,,1,20,torch_bf16|fixed|B1|N32768
dsa-quick,dsa,fixed,torch_bf16,,bf16,1,32768,128,64,2048,0,44,,combined,eager,cuda_event_per_iter,122.72,ok,,32768,,,1,20,torch_bf16|fixed|B1|N32768
dsa-quick,dsa,fixed,torch_bf16,,bf16,1,32768,128,64,2048,0,45,,combined,eager,cuda_event_per_iter,121.952,ok,,32768,,,1,20,torch_bf16|fixed|B1|N32768
dsa-quick,dsa,fixed,torch_bf16,,bf16,1,32768,128,64,2048,0,46,,combined,eager,cuda_event_per_iter,121.248,ok,,32768,,,1,20,torch_bf16|fixed|B1|N32768
dsa-quick,dsa,fixed,torch_bf16,,bf16,1,32768,128,64,2048,0,47,,combined,eager,cuda_event_per_iter,121.376,ok,,32768,,,1,20,torch_bf16|fixed|B1|N32768
dsa-quick,dsa,fixed,torch_bf16,,bf16,1,32768,128,64,2048,0,48,,combined,eager,cuda_event_per_iter,122.464,ok,,32768,,,1,20,torch_bf16|fixed|B1|N32768
dsa-quick,dsa,fixed,torch_bf16,,bf16,1,32768,128,64,2048,0,49,,combined,eager,cuda_event_per_iter,122.016,ok,,32768,,,1,20,torch_bf16|fixed|B1|N32768
dsa-quick,dsa,fixed,torch_bf16,,bf16,1,32768,128,64,2048,0,50,,combined,eager,cuda_event_per_iter,123.168,ok,,32768,,,1,20,torch_bf16|fixed|B1|N32768
dsa-quick,dsa,fixed,torch_bf16,,bf16,1,32768,128,64,2048,0,51,,combined,eager,cuda_event_per_iter,122.336,ok,,32768,,,1,20,torch_bf16|fixed|B1|N32768
dsa-quick,dsa,fixed,torch_bf16,,bf16,1,32768,128,64,2048,0,52,,combined,eager,cuda_event_per_iter,122.88,ok,,32768,,,1,20,torch_bf16|fixed|B1|N32768
dsa-quick,dsa,fixed,torch_bf16,,bf16,1,32768,128,64,2048,0,53,,combined,eager,cuda_event_per_iter,123.52,ok,,32768,,,1,20,torch_bf16|fixed|B1|N32768
dsa-quick,dsa,fixed,torch_bf16,,bf16,1,32768,128,64,2048,0,54,,combined,eager,cuda_event_per_iter,122.432,ok,,32768,,,1,20,torch_bf16|fixed|B1|N32768
dsa-quick,dsa,fixed,torch_bf16,,bf16,1,32768,128,64,2048,0,55,,combined,eager,cuda_event_per_iter,122.016,ok,,32768,,,1,20,torch_bf16|fixed|B1|N32768
dsa-quick,dsa,fixed,torch_bf16,,bf16,1,32768,128,64,2048,0,56,,combined,eager,cuda_event_per_iter,120.832,ok,,32768,,,1,20,torch_bf16|fixed|B1|N32768
dsa-quick,dsa,fixed,torch_bf16,,bf16,1,32768,128,64,2048,0,57,,combined,eager,cuda_event_per_iter,121.312,ok,,32768,,,1,20,torch_bf16|fixed|B1|N32768
dsa-quick,dsa,fixed,torch_bf16,,bf16,1,32768,128,64,2048,0,58,,combined,eager,cuda_event_per_iter,121.824,ok,,32768,,,1,20,torch_bf16|fixed|B1|N32768
dsa-quick,dsa,fixed,torch_bf16,,bf16,1,32768,128,64,2048,0,59,,combined,eager,cuda_event_per_iter,121.408,ok,,32768,,,1,20,torch_bf16|fixed|B1|N32768
dsa-quick,dsa,fixed,torch_bf16,,bf16,1,32768,128,64,2048,0,60,,combined,eager,cuda_event_per_iter,121.664,ok,,32768,,,1,20,torch_bf16|fixed|B1|N32768
dsa-quick,dsa,fixed,torch_bf16,,bf16,1,32768,128,64,2048,0,61,,combined,eager,cuda_event_per_iter,121.632,ok,,32768,,,1,20,torch_bf16|fixed|B1|N32768
dsa-quick,dsa,fixed,torch_bf16,,bf16,1,32768,128,64,2048,0,62,,combined,eager,cuda_event_per_iter,121.76,ok,,32768,,,1,20,torch_bf16|fixed|B1|N32768
dsa-quick,dsa,fixed,torch_bf16,,bf16,1,32768,128,64,2048,0,63,,combined,eager,cuda_event_per_iter,121.664,ok,,32768,,,1,20,torch_bf16|fixed|B1|N32768
dsa-quick,dsa,fixed,torch_bf16,,bf16,1,32768,128,64,2048,0,64,,combined,eager,cuda_event_per_iter,125.248,ok,,32768,,,1,20,torch_bf16|fixed|B1|N32768
dsa-quick,dsa,fixed,torch_bf16,,bf16,1,32768,128,64,2048,0,65,,combined,eager,cuda_event_per_iter,121.792,ok,,32768,,,1,20,torch_bf16|fixed|B1|N32768
dsa-quick,dsa,fixed,torch_bf16,,bf16,1,32768,128,64,2048,0,66,,combined,eager,cuda_event_per_iter,121.472,ok,,32768,,,1,20,torch_bf16|fixed|B1|N32768
dsa-quick,dsa,fixed,torch_bf16,,bf16,1,32768,128,64,2048,0,67,,combined,eager,cuda_event_per_iter,122.336,ok,,32768,,,1,20,torch_bf16|fixed|B1|N32768
dsa-quick,dsa,fixed,torch_bf16,,bf16,1,32768,128,64,2048,0,68,,combined,eager,cuda_event_per_iter,121.792,ok,,32768,,,1,20,torch_bf16|fixed|B1|N32768
dsa-quick,dsa,fixed,torch_bf16,,bf16,1,32768,128,64,2048,0,69,,combined,eager,cuda_event_per_iter,121.6,ok,,32768,,,1,20,torch_bf16|fixed|B1|N32768
dsa-quick,dsa,fixed,torch_bf16,,bf16,1,32768,128,64,2048,0,70,,combined,eager,cuda_event_per_iter,121.504,ok,,32768,,,1,20,torch_bf16|fixed|B1|N32768
dsa-quick,dsa,fixed,torch_bf16,,bf16,1,32768,128,64,2048,0,71,,combined,eager,cuda_event_per_iter,122.016,ok,,32768,,,1,20,torch_bf16|fixed|B1|N32768
dsa-quick,dsa,fixed,torch_bf16,,bf16,1,32768,128,64,2048,0,72,,combined,eager,cuda_event_per_iter,122.048,ok,,32768,,,1,20,torch_bf16|fixed|B1|N32768
dsa-quick,dsa,fixed,torch_bf16,,bf16,1,32768,128,64,2048,0,73,,combined,eager,cuda_event_per_iter,121.856,ok,,32768,,,1,20,torch_bf16|fixed|B1|N32768
dsa-quick,dsa,fixed,torch_bf16,,bf16,1,32768,128,64,2048,0,74,,combined,eager,cuda_event_per_iter,120.96,ok,,32768,,,1,20,torch_bf16|fixed|B1|N32768
dsa-quick,dsa,fixed,torch_bf16,,bf16,1,32768,128,64,2048,0,75,,combined,eager,cuda_event_per_iter,123.424,ok,,32768,,,1,20,torch_bf16|fixed|B1|N32768
dsa-quick,dsa,fixed,torch_bf16,,bf16,1,32768,128,64,2048,0,76,,combined,eager,cuda_event_per_iter,123.776,ok,,32768,,,1,20,torch_bf16|fixed|B1|N32768
dsa-quick,dsa,fixed,torch_bf16,,bf16,1,32768,128,64,2048,0,77,,combined,eager,cuda_event_per_iter,122.144,ok,,32768,,,1,20,torch_bf16|fixed|B1|N32768
dsa-quick,dsa,fixed,torch_bf16,,bf16,1,32768,128,64,2048,0,78,,combined,eager,cuda_event_per_iter,121.792,ok,,32768,,,1,20,torch_bf16|fixed|B1|N32768
dsa-quick,dsa,fixed,torch_bf16,,bf16,1,32768,128,64,2048,0,79,,combined,eager,cuda_event_per_iter,121.344,ok,,32768,,,1,20,torch_bf16|fixed|B1|N32768
dsa-quick,dsa,fixed,torch_bf16,,bf16,1,32768,128,64,2048,0,80,,combined,eager,cuda_event_per_iter,121.248,ok,,32768,,,1,20,torch_bf16|fixed|B1|N32768
dsa-quick,dsa,fixed,torch_bf16,,bf16,1,32768,128,64,2048,0,81,,combined,eager,cuda_event_per_iter,123.584,ok,,32768,,,1,20,torch_bf16|fixed|B1|N32768
dsa-quick,dsa,fixed,torch_bf16,,bf16,1,32768,128,64,2048,0,82,,combined,eager,cuda_event_per_iter,122.272,ok,,32768,,,1,20,torch_bf16|fixed|B1|N32768
dsa-quick,dsa,fixed,torch_bf16,,bf16,1,32768,128,64,2048,0,83,,combined,eager,cuda_event_per_iter,121.632,ok,,32768,,,1,20,torch_bf16|fixed|B1|N32768
dsa-quick,dsa,fixed,torch_bf16,,bf16,1,32768,128,64,2048,0,84,,combined,eager,cuda_event_per_iter,123.488,ok,,32768,,,1,20,torch_bf16|fixed|B1|N32768
dsa-quick,dsa,fixed,torch_bf16,,bf16,1,32768,128,64,2048,0,85,,combined,eager,cuda_event_per_iter,122.816,ok,,32768,,,1,20,torch_bf16|fixed|B1|N32768
dsa-quick,dsa,fixed,torch_bf16,,bf16,1,32768,128,64,2048,0,86,,combined,eager,cuda_event_per_iter,121.984,ok,,32768,,,1,20,torch_bf16|fixed|B1|N32768
dsa-quick,dsa,fixed,torch_bf16,,bf16,1,32768,128,64,2048,0,87,,combined,eager,cuda_event_per_iter,121.28,ok,,32768,,,1,20,torch_bf16|fixed|B1|N32768
dsa-quick,dsa,fixed,torch_bf16,,bf16,1,32768,128,64,2048,0,88,,combined,eager,cuda_event_per_iter,121.28,ok,,32768,,,1,20,torch_bf16|fixed|B1|N32768
dsa-quick,dsa,fixed,torch_bf16,,bf16,1,32768,128,64,2048,0,89,,combined,eager,cuda_event_per_iter,122.432,ok,,32768,,,1,20,torch_bf16|fixed|B1|N32768
dsa-quick,dsa,fixed,torch_bf16,,bf16,1,32768,128,64,2048,0,90,,combined,eager,cuda_event_per_iter,121.152,ok,,32768,,,1,20,torch_bf16|fixed|B1|N32768
dsa-quick,dsa,fixed,torch_bf16,,bf16,1,32768,128,64,2048,0,91,,combined,eager,cuda_event_per_iter,121.216,ok,,32768,,,1,20,torch_bf16|fixed|B1|N32768
dsa-quick,dsa,fixed,torch_bf16,,bf16,1,32768,128,64,2048,0,92,,combined,eager,cuda_event_per_iter,122.24,ok,,32768,,,1,20,torch_bf16|fixed|B1|N32768
dsa-quick,dsa,fixed,torch_bf16,,bf16,1,32768,128,64,2048,0,93,,combined,eager,cuda_event_per_iter,122.528,ok,,32768,,,1,20,torch_bf16|fixed|B1|N32768
dsa-quick,dsa,fixed,torch_bf16,,bf16,1,32768,128,64,2048,0,94,,combined,eager,cuda_event_per_iter,122.08,ok,,32768,,,1,20,torch_bf16|fixed|B1|N32768
dsa-quick,dsa,fixed,torch_bf16,,bf16,1,32768,128,64,2048,0,95,,combined,eager,cuda_event_per_iter,120.832,ok,,32768,,,1,20,torch_bf16|fixed|B1|N32768
dsa-quick,dsa,fixed,torch_bf16,,bf16,1,32768,128,64,2048,0,96,,combined,eager,cuda_event_per_iter,121.696,ok,,32768,,,1,20,torch_bf16|fixed|B1|N32768
dsa-quick,dsa,fixed,torch_bf16,,bf16,1,32768,128,64,2048,0,97,,combined,eager,cuda_event_per_iter,121.952,ok,,32768,,,1,20,torch_bf16|fixed|B1|N32768
dsa-quick,dsa,fixed,torch_bf16,,bf16,1,32768,128,64,2048,0,98,,combined,eager,cuda_event_per_iter,124.256,ok,,32768,,,1,20,torch_bf16|fixed|B1|N32768
dsa-quick,dsa,fixed,torch_bf16,,bf16,1,32768,128,64,2048,0,99,,combined,eager,cuda_event_per_iter,121.568,ok,,32768,,,1,20,torch_bf16|fixed|B1|N32768
dsa-quick,dsa,fixed,torch_bf16,,bf16,1,32768,128,64,2048,0,0,,score,cudagraph,cuda_event_grouped_2,41.712,ok,,32768,,,2,20,torch_bf16|fixed|B1|N32768
dsa-quick,dsa,fixed,torch_bf16,,bf16,1,32768,128,64,2048,0,1,,score,cudagraph,cuda_event_grouped_2,40.784,ok,,32768,,,2,20,torch_bf16|fixed|B1|N32768
dsa-quick,dsa,fixed,torch_bf16,,bf16,1,32768,128,64,2048,0,2,,score,cudagraph,cuda_event_grouped_2,40.416,ok,,32768,,,2,20,torch_bf16|fixed|B1|N32768
dsa-quick,dsa,fixed,torch_bf16,,bf16,1,32768,128,64,2048,0,3,,score,cudagraph,cuda_event_grouped_2,39.84,ok,,32768,,,2,20,torch_bf16|fixed|B1|N32768
dsa-quick,dsa,fixed,torch_bf16,,bf16,1,32768,128,64,2048,0,4,,score,cudagraph,cuda_event_grouped_2,40.096,ok,,32768,,,2,20,torch_bf16|fixed|B1|N32768
dsa-quick,dsa,fixed,torch_bf16,,bf16,1,32768,128,64,2048,0,5,,score,cudagraph,cuda_event_grouped_2,40.464,ok,,32768,,,2,20,torch_bf16|fixed|B1|N32768
dsa-quick,dsa,fixed,torch_bf16,,bf16,1,32768,128,64,2048,0,6,,score,cudagraph,cuda_event_grouped_2,40.64,ok,,32768,,,2,20,torch_bf16|fixed|B1|N32768
dsa-quick,dsa,fixed,torch_bf16,,bf16,1,32768,128,64,2048,0,7,,score,cudagraph,cuda_event_grouped_2,39.728,ok,,32768,,,2,20,torch_bf16|fixed|B1|N32768
dsa-quick,dsa,fixed,torch_bf16,,bf16,1,32768,128,64,2048,0,8,,score,cudagraph,cuda_event_grouped_2,39.824,ok,,32768,,,2,20,torch_bf16|fixed|B1|N32768
dsa-quick,dsa,fixed,torch_bf16,,bf16,1,32768,128,64,2048,0,9,,score,cudagraph,cuda_event_grouped_2,39.808,ok,,32768,,,2,20,torch_bf16|fixed|B1|N32768
dsa-quick,dsa,fixed,torch_bf16,,bf16,1,32768,128,64,2048,0,10,,score,cudagraph,cuda_event_grouped_2,39.872,ok,,32768,,,2,20,torch_bf16|fixed|B1|N32768
dsa-quick,dsa,fixed,torch_bf16,,bf16,1,32768,128,64,2048,0,11,,score,cudagraph,cuda_event_grouped_2,39.712,ok,,32768,,,2,20,torch_bf16|fixed|B1|N32768
dsa-quick,dsa,fixed,torch_bf16,,bf16,1,32768,128,64,2048,0,12,,score,cudagraph,cuda_event_grouped_2,40.224,ok,,32768,,,2,20,torch_bf16|fixed|B1|N32768
dsa-quick,dsa,fixed,torch_bf16,,bf16,1,32768,128,64,2048,0,13,,score,cudagraph,cuda_event_grouped_2,40.064,ok,,32768,,,2,20,torch_bf16|fixed|B1|N32768
dsa-quick,dsa,fixed,torch_bf16,,bf16,1,32768,128,64,2048,0,14,,score,cudagraph,cuda_event_grouped_2,40.32,ok,,32768,,,2,20,torch_bf16|fixed|B1|N32768
dsa-quick,dsa,fixed,torch_bf16,,bf16,1,32768,128,64,2048,0,15,,score,cudagraph,cuda_event_grouped_2,40.24,ok,,32768,,,2,20,torch_bf16|fixed|B1|N32768
dsa-quick,dsa,fixed,torch_bf16,,bf16,1,32768,128,64,2048,0,16,,score,cudagraph,cuda_event_grouped_2,40.208,ok,,32768,,,2,20,torch_bf16|fixed|B1|N32768
dsa-quick,dsa,fixed,torch_bf16,,bf16,1,32768,128,64,2048,0,17,,score,cudagraph,cuda_event_grouped_2,40.416,ok,,32768,,,2,20,torch_bf16|fixed|B1|N32768
dsa-quick,dsa,fixed,torch_bf16,,bf16,1,32768,128,64,2048,0,18,,score,cudagraph,cuda_event_grouped_2,40.224,ok,,32768,,,2,20,torch_bf16|fixed|B1|N32768
dsa-quick,dsa,fixed,torch_bf16,,bf16,1,32768,128,64,2048,0,19,,score,cudagraph,cuda_event_grouped_2,40.256,ok,,32768,,,2,20,torch_bf16|fixed|B1|N32768
dsa-quick,dsa,fixed,torch_bf16,,bf16,1,32768,128,64,2048,0,20,,score,cudagraph,cuda_event_grouped_2,40.608,ok,,32768,,,2,20,torch_bf16|fixed|B1|N32768
dsa-quick,dsa,fixed,torch_bf16,,bf16,1,32768,128,64,2048,0,21,,score,cudagraph,cuda_event_grouped_2,40.048,ok,,32768,,,2,20,torch_bf16|fixed|B1|N32768
dsa-quick,dsa,fixed,torch_bf16,,bf16,1,32768,128,64,2048,0,22,,score,cudagraph,cuda_event_grouped_2,40.032,ok,,32768,,,2,20,torch_bf16|fixed|B1|N32768
dsa-quick,dsa,fixed,torch_bf16,,bf16,1,32768,128,64,2048,0,23,,score,cudagraph,cuda_event_grouped_2,39.84,ok,,32768,,,2,20,torch_bf16|fixed|B1|N32768
dsa-quick,dsa,fixed,torch_bf16,,bf16,1,32768,128,64,2048,0,24,,score,cudagraph,cuda_event_grouped_2,39.856,ok,,32768,,,2,20,torch_bf16|fixed|B1|N32768
dsa-quick,dsa,fixed,torch_bf16,,bf16,1,32768,128,64,2048,0,25,,score,cudagraph,cuda_event_grouped_2,40.128,ok,,32768,,,2,20,torch_bf16|fixed|B1|N32768
dsa-quick,dsa,fixed,torch_bf16,,bf16,1,32768,128,64,2048,0,26,,score,cudagraph,cuda_event_grouped_2,40.784,ok,,32768,,,2,20,torch_bf16|fixed|B1|N32768
dsa-quick,dsa,fixed,torch_bf16,,bf16,1,32768,128,64,2048,0,27,,score,cudagraph,cuda_event_grouped_2,40.352,ok,,32768,,,2,20,torch_bf16|fixed|B1|N32768
dsa-quick,dsa,fixed,torch_bf16,,bf16,1,32768,128,64,2048,0,28,,score,cudagraph,cuda_event_grouped_2,40.4,ok,,32768,,,2,20,torch_bf16|fixed|B1|N32768
dsa-quick,dsa,fixed,torch_bf16,,bf16,1,32768,128,64,2048,0,29,,score,cudagraph,cuda_event_grouped_2,39.728,ok,,32768,,,2,20,torch_bf16|fixed|B1|N32768
dsa-quick,dsa,fixed,torch_bf16,,bf16,1,32768,128,64,2048,0,30,,score,cudagraph,cuda_event_grouped_2,39.44,ok,,32768,,,2,20,torch_bf16|fixed|B1|N32768
dsa-quick,dsa,fixed,torch_bf16,,bf16,1,32768,128,64,2048,0,31,,score,cudagraph,cuda_event_grouped_2,39.904,ok,,32768,,,2,20,torch_bf16|fixed|B1|N32768
dsa-quick,dsa,fixed,torch_bf16,,bf16,1,32768,128,64,2048,0,32,,score,cudagraph,cuda_event_grouped_2,40.048,ok,,32768,,,2,20,torch_bf16|fixed|B1|N32768
dsa-quick,dsa,fixed,torch_bf16,,bf16,1,32768,128,64,2048,0,33,,score,cudagraph,cuda_event_grouped_2,43.36,ok,,32768,,,2,20,torch_bf16|fixed|B1|N32768
dsa-quick,dsa,fixed,torch_bf16,,bf16,1,32768,128,64,2048,0,34,,score,cudagraph,cuda_event_grouped_2,40.416,ok,,32768,,,2,20,torch_bf16|fixed|B1|N32768
dsa-quick,dsa,fixed,torch_bf16,,bf16,1,32768,128,64,2048,0,35,,score,cudagraph,cuda_event_grouped_2,39.936,ok,,32768,,,2,20,torch_bf16|fixed|B1|N32768
dsa-quick,dsa,fixed,torch_bf16,,bf16,1,32768,128,64,2048,0,36,,score,cudagraph,cuda_event_grouped_2,40.192,ok,,32768,,,2,20,torch_bf16|fixed|B1|N32768
dsa-quick,dsa,fixed,torch_bf16,,bf16,1,32768,128,64,2048,0,37,,score,cudagraph,cuda_event_grouped_2,39.968,ok,,32768,,,2,20,torch_bf16|fixed|B1|N32768
dsa-quick,dsa,fixed,torch_bf16,,bf16,1,32768,128,64,2048,0,38,,score,cudagraph,cuda_event_grouped_2,39.984,ok,,32768,,,2,20,torch_bf16|fixed|B1|N32768
dsa-quick,dsa,fixed,torch_bf16,,bf16,1,32768,128,64,2048,0,39,,score,cudagraph,cuda_event_grouped_2,39.776,ok,,32768,,,2,20,torch_bf16|fixed|B1|N32768
dsa-quick,dsa,fixed,torch_bf16,,bf16,1,32768,128,64,2048,0,40,,score,cudagraph,cuda_event_grouped_2,39.648,ok,,32768,,,2,20,torch_bf16|fixed|B1|N32768
dsa-quick,dsa,fixed,torch_bf16,,bf16,1,32768,128,64,2048,0,41,,score,cudagraph,cuda_event_grouped_2,39.568,ok,,32768,,,2,20,torch_bf16|fixed|B1|N32768
dsa-quick,dsa,fixed,torch_bf16,,bf16,1,32768,128,64,2048,0,42,,score,cudagraph,cuda_event_grouped_2,40.464,ok,,32768,,,2,20,torch_bf16|fixed|B1|N32768
dsa-quick,dsa,fixed,torch_bf16,,bf16,1,32768,128,64,2048,0,43,,score,cudagraph,cuda_event_grouped_2,40.16,ok,,32768,,,2,20,torch_bf16|fixed|B1|N32768
dsa-quick,dsa,fixed,torch_bf16,,bf16,1,32768,128,64,2048,0,44,,score,cudagraph,cuda_event_grouped_2,39.808,ok,,32768,,,2,20,torch_bf16|fixed|B1|N32768
dsa-quick,dsa,fixed,torch_bf16,,bf16,1,32768,128,64,2048,0,45,,score,cudagraph,cuda_event_grouped_2,40.208,ok,,32768,,,2,20,torch_bf16|fixed|B1|N32768
dsa-quick,dsa,fixed,torch_bf16,,bf16,1,32768,128,64,2048,0,46,,score,cudagraph,cuda_event_grouped_2,39.936,ok,,32768,,,2,20,torch_bf16|fixed|B1|N32768
dsa-quick,dsa,fixed,torch_bf16,,bf16,1,32768,128,64,2048,0,47,,score,cudagraph,cuda_event_grouped_2,40.096,ok,,32768,,,2,20,torch_bf16|fixed|B1|N32768
dsa-quick,dsa,fixed,torch_bf16,,bf16,1,32768,128,64,2048,0,48,,score,cudagraph,cuda_event_grouped_2,40.688,ok,,32768,,,2,20,torch_bf16|fixed|B1|N32768
dsa-quick,dsa,fixed,torch_bf16,,bf16,1,32768,128,64,2048,0,49,,score,cudagraph,cuda_event_grouped_2,40.752,ok,,32768,,,2,20,torch_bf16|fixed|B1|N32768
dsa-quick,dsa,fixed,torch_bf16,,bf16,1,32768,128,64,2048,0,50,,score,cudagraph,cuda_event_grouped_2,40.128,ok,,32768,,,2,20,torch_bf16|fixed|B1|N32768
dsa-quick,dsa,fixed,torch_bf16,,bf16,1,32768,128,64,2048,0,51,,score,cudagraph,cuda_event_grouped_2,40.576,ok,,32768,,,2,20,torch_bf16|fixed|B1|N32768
dsa-quick,dsa,fixed,torch_bf16,,bf16,1,32768,128,64,2048,0,52,,score,cudagraph,cuda_event_grouped_2,40.176,ok,,32768,,,2,20,torch_bf16|fixed|B1|N32768
dsa-quick,dsa,fixed,torch_bf16,,bf16,1,32768,128,64,2048,0,53,,score,cudagraph,cuda_event_grouped_2,39.936,ok,,32768,,,2,20,torch_bf16|fixed|B1|N32768
dsa-quick,dsa,fixed,torch_bf16,,bf16,1,32768,128,64,2048,0,54,,score,cudagraph,cuda_event_grouped_2,40.128,ok,,32768,,,2,20,torch_bf16|fixed|B1|N32768
dsa-quick,dsa,fixed,torch_bf16,,bf16,1,32768,128,64,2048,0,55,,score,cudagraph,cuda_event_grouped_2,40.416,ok,,32768,,,2,20,torch_bf16|fixed|B1|N32768
dsa-quick,dsa,fixed,torch_bf16,,bf16,1,32768,128,64,2048,0,56,,score,cudagraph,cuda_event_grouped_2,40.56,ok,,32768,,,2,20,torch_bf16|fixed|B1|N32768
dsa-quick,dsa,fixed,torch_bf16,,bf16,1,32768,128,64,2048,0,57,,score,cudagraph,cuda_event_grouped_2,40.384,ok,,32768,,,2,20,torch_bf16|fixed|B1|N32768
dsa-quick,dsa,fixed,torch_bf16,,bf16,1,32768,128,64,2048,0,58,,score,cudagraph,cuda_event_grouped_2,41.296,ok,,32768,,,2,20,torch_bf16|fixed|B1|N32768
dsa-quick,dsa,fixed,torch_bf16,,bf16,1,32768,128,64,2048,0,59,,score,cudagraph,cuda_event_grouped_2,40.032,ok,,32768,,,2,20,torch_bf16|fixed|B1|N32768
dsa-quick,dsa,fixed,torch_bf16,,bf16,1,32768,128,64,2048,0,60,,score,cudagraph,cuda_event_grouped_2,40.256,ok,,32768,,,2,20,torch_bf16|fixed|B1|N32768
dsa-quick,dsa,fixed,torch_bf16,,bf16,1,32768,128,64,2048,0,61,,score,cudagraph,cuda_event_grouped_2,40.272,ok,,32768,,,2,20,torch_bf16|fixed|B1|N32768
dsa-quick,dsa,fixed,torch_bf16,,bf16,1,32768,128,64,2048,0,62,,score,cudagraph,cuda_event_grouped_2,40.096,ok,,32768,,,2,20,torch_bf16|fixed|B1|N32768
dsa-quick,dsa,fixed,torch_bf16,,bf16,1,32768,128,64,2048,0,63,,score,cudagraph,cuda_event_grouped_2,40.208,ok,,32768,,,2,20,torch_bf16|fixed|B1|N32768
dsa-quick,dsa,fixed,torch_bf16,,bf16,1,32768,128,64,2048,0,64,,score,cudagraph,cuda_event_grouped_2,40.272,ok,,32768,,,2,20,torch_bf16|fixed|B1|N32768
dsa-quick,dsa,fixed,torch_bf16,,bf16,1,32768,128,64,2048,0,65,,score,cudagraph,cuda_event_grouped_2,40.352,ok,,32768,,,2,20,torch_bf16|fixed|B1|N32768
dsa-quick,dsa,fixed,torch_bf16,,bf16,1,32768,128,64,2048,0,66,,score,cudagraph,cuda_event_grouped_2,40.864,ok,,32768,,,2,20,torch_bf16|fixed|B1|N32768
dsa-quick,dsa,fixed,torch_bf16,,bf16,1,32768,128,64,2048,0,67,,score,cudagraph,cuda_event_grouped_2,39.984,ok,,32768,,,2,20,torch_bf16|fixed|B1|N32768
dsa-quick,dsa,fixed,torch_bf16,,bf16,1,32768,128,64,2048,0,68,,score,cudagraph,cuda_event_grouped_2,40.512,ok,,32768,,,2,20,torch_bf16|fixed|B1|N32768
dsa-quick,dsa,fixed,torch_bf16,,bf16,1,32768,128,64,2048,0,69,,score,cudagraph,cuda_event_grouped_2,40.56,ok,,32768,,,2,20,torch_bf16|fixed|B1|N32768
dsa-quick,dsa,fixed,torch_bf16,,bf16,1,32768,128,64,2048,0,70,,score,cudagraph,cuda_event_grouped_2,40.336,ok,,32768,,,2,20,torch_bf16|fixed|B1|N32768
dsa-quick,dsa,fixed,torch_bf16,,bf16,1,32768,128,64,2048,0,71,,score,cudagraph,cuda_event_grouped_2,39.808,ok,,32768,,,2,20,torch_bf16|fixed|B1|N32768
dsa-quick,dsa,fixed,torch_bf16,,bf16,1,32768,128,64,2048,0,72,,score,cudagraph,cuda_event_grouped_2,40.352,ok,,32768,,,2,20,torch_bf16|fixed|B1|N32768
dsa-quick,dsa,fixed,torch_bf16,,bf16,1,32768,128,64,2048,0,73,,score,cudagraph,cuda_event_grouped_2,40.528,ok,,32768,,,2,20,torch_bf16|fixed|B1|N32768
dsa-quick,dsa,fixed,torch_bf16,,bf16,1,32768,128,64,2048,0,74,,score,cudagraph,cuda_event_grouped_2,40.592,ok,,32768,,,2,20,torch_bf16|fixed|B1|N32768
dsa-quick,dsa,fixed,torch_bf16,,bf16,1,32768,128,64,2048,0,75,,score,cudagraph,cuda_event_grouped_2,40.576,ok,,32768,,,2,20,torch_bf16|fixed|B1|N32768
dsa-quick,dsa,fixed,torch_bf16,,bf16,1,32768,128,64,2048,0,76,,score,cudagraph,cuda_event_grouped_2,40.4,ok,,32768,,,2,20,torch_bf16|fixed|B1|N32768
dsa-quick,dsa,fixed,torch_bf16,,bf16,1,32768,128,64,2048,0,77,,score,cudagraph,cuda_event_grouped_2,39.776,ok,,32768,,,2,20,torch_bf16|fixed|B1|N32768
dsa-quick,dsa,fixed,torch_bf16,,bf16,1,32768,128,64,2048,0,78,,score,cudagraph,cuda_event_grouped_2,40.128,ok,,32768,,,2,20,torch_bf16|fixed|B1|N32768
dsa-quick,dsa,fixed,torch_bf16,,bf16,1,32768,128,64,2048,0,79,,score,cudagraph,cuda_event_grouped_2,40.192,ok,,32768,,,2,20,torch_bf16|fixed|B1|N32768
dsa-quick,dsa,fixed,torch_bf16,,bf16,1,32768,128,64,2048,0,80,,score,cudagraph,cuda_event_grouped_2,40.464,ok,,32768,,,2,20,torch_bf16|fixed|B1|N32768
dsa-quick,dsa,fixed,torch_bf16,,bf16,1,32768,128,64,2048,0,81,,score,cudagraph,cuda_event_grouped_2,40.384,ok,,32768,,,2,20,torch_bf16|fixed|B1|N32768
dsa-quick,dsa,fixed,torch_bf16,,bf16,1,32768,128,64,2048,0,82,,score,cudagraph,cuda_event_grouped_2,40.048,ok,,32768,,,2,20,torch_bf16|fixed|B1|N32768
dsa-quick,dsa,fixed,torch_bf16,,bf16,1,32768,128,64,2048,0,83,,score,cudagraph,cuda_event_grouped_2,40.496,ok,,32768,,,2,20,torch_bf16|fixed|B1|N32768
dsa-quick,dsa,fixed,torch_bf16,,bf16,1,32768,128,64,2048,0,84,,score,cudagraph,cuda_event_grouped_2,40.576,ok,,32768,,,2,20,torch_bf16|fixed|B1|N32768
dsa-quick,dsa,fixed,torch_bf16,,bf16,1,32768,128,64,2048,0,85,,score,cudagraph,cuda_event_grouped_2,40.208,ok,,32768,,,2,20,torch_bf16|fixed|B1|N32768
dsa-quick,dsa,fixed,torch_bf16,,bf16,1,32768,128,64,2048,0,86,,score,cudagraph,cuda_event_grouped_2,39.904,ok,,32768,,,2,20,torch_bf16|fixed|B1|N32768
dsa-quick,dsa,fixed,torch_bf16,,bf16,1,32768,128,64,2048,0,87,,score,cudagraph,cuda_event_grouped_2,40.08,ok,,32768,,,2,20,torch_bf16|fixed|B1|N32768
dsa-quick,dsa,fixed,torch_bf16,,bf16,1,32768,128,64,2048,0,88,,score,cudagraph,cuda_event_grouped_2,40.016,ok,,32768,,,2,20,torch_bf16|fixed|B1|N32768
dsa-quick,dsa,fixed,torch_bf16,,bf16,1,32768,128,64,2048,0,89,,score,cudagraph,cuda_event_grouped_2,40.032,ok,,32768,,,2,20,torch_bf16|fixed|B1|N32768
dsa-quick,dsa,fixed,torch_bf16,,bf16,1,32768,128,64,2048,0,90,,score,cudagraph,cuda_event_grouped_2,40.272,ok,,32768,,,2,20,torch_bf16|fixed|B1|N32768
dsa-quick,dsa,fixed,torch_bf16,,bf16,1,32768,128,64,2048,0,91,,score,cudagraph,cuda_event_grouped_2,40.256,ok,,32768,,,2,20,torch_bf16|fixed|B1|N32768
dsa-quick,dsa,fixed,torch_bf16,,bf16,1,32768,128,64,2048,0,92,,score,cudagraph,cuda_event_grouped_2,40.416,ok,,32768,,,2,20,torch_bf16|fixed|B1|N32768
dsa-quick,dsa,fixed,torch_bf16,,bf16,1,32768,128,64,2048,0,93,,score,cudagraph,cuda_event_grouped_2,40.112,ok,,32768,,,2,20,torch_bf16|fixed|B1|N32768
dsa-quick,dsa,fixed,torch_bf16,,bf16,1,32768,128,64,2048,0,94,,score,cudagraph,cuda_event_grouped_2,39.44,ok,,32768,,,2,20,torch_bf16|fixed|B1|N32768
dsa-quick,dsa,fixed,torch_bf16,,bf16,1,32768,128,64,2048,0,95,,score,cudagraph,cuda_event_grouped_2,40.544,ok,,32768,,,2,20,torch_bf16|fixed|B1|N32768
dsa-quick,dsa,fixed,torch_bf16,,bf16,1,32768,128,64,2048,0,96,,score,cudagraph,cuda_event_grouped_2,40,ok,,32768,,,2,20,torch_bf16|fixed|B1|N32768
dsa-quick,dsa,fixed,torch_bf16,,bf16,1,32768,128,64,2048,0,97,,score,cudagraph,cuda_event_grouped_2,40.448,ok,,32768,,,2,20,torch_bf16|fixed|B1|N32768
dsa-quick,dsa,fixed,torch_bf16,,bf16,1,32768,128,64,2048,0,98,,score,cudagraph,cuda_event_grouped_2,40.368,ok,,32768,,,2,20,torch_bf16|fixed|B1|N32768
dsa-quick,dsa,fixed,torch_bf16,,bf16,1,32768,128,64,2048,0,99,,score,cudagraph,cuda_event_grouped_2,40.64,ok,,32768,,,2,20,torch_bf16|fixed|B1|N32768
dsa-quick,dsa,fixed,torch_bf16,,bf16,1,32768,128,64,2048,0,0,,select,cudagraph,cuda_event_grouped_2,49.184,ok,,32768,,,2,20,torch_bf16|fixed|B1|N32768
dsa-quick,dsa,fixed,torch_bf16,,bf16,1,32768,128,64,2048,0,1,,select,cudagraph,cuda_event_grouped_2,49.2,ok,,32768,,,2,20,torch_bf16|fixed|B1|N32768
dsa-quick,dsa,fixed,torch_bf16,,bf16,1,32768,128,64,2048,0,2,,select,cudagraph,cuda_event_grouped_2,49.088,ok,,32768,,,2,20,torch_bf16|fixed|B1|N32768
dsa-quick,dsa,fixed,torch_bf16,,bf16,1,32768,128,64,2048,0,3,,select,cudagraph,cuda_event_grouped_2,49.152,ok,,32768,,,2,20,torch_bf16|fixed|B1|N32768
dsa-quick,dsa,fixed,torch_bf16,,bf16,1,32768,128,64,2048,0,4,,select,cudagraph,cuda_event_grouped_2,49.072,ok,,32768,,,2,20,torch_bf16|fixed|B1|N32768
dsa-quick,dsa,fixed,torch_bf16,,bf16,1,32768,128,64,2048,0,5,,select,cudagraph,cuda_event_grouped_2,49.12,ok,,32768,,,2,20,torch_bf16|fixed|B1|N32768
dsa-quick,dsa,fixed,torch_bf16,,bf16,1,32768,128,64,2048,0,6,,select,cudagraph,cuda_event_grouped_2,48.96,ok,,32768,,,2,20,torch_bf16|fixed|B1|N32768
dsa-quick,dsa,fixed,torch_bf16,,bf16,1,32768,128,64,2048,0,7,,select,cudagraph,cuda_event_grouped_2,49.072,ok,,32768,,,2,20,torch_bf16|fixed|B1|N32768
dsa-quick,dsa,fixed,torch_bf16,,bf16,1,32768,128,64,2048,0,8,,select,cudagraph,cuda_event_grouped_2,48.8,ok,,32768,,,2,20,torch_bf16|fixed|B1|N32768
dsa-quick,dsa,fixed,torch_bf16,,bf16,1,32768,128,64,2048,0,9,,select,cudagraph,cuda_event_grouped_2,49.072,ok,,32768,,,2,20,torch_bf16|fixed|B1|N32768
dsa-quick,dsa,fixed,torch_bf16,,bf16,1,32768,128,64,2048,0,10,,select,cudagraph,cuda_event_grouped_2,49.152,ok,,32768,,,2,20,torch_bf16|fixed|B1|N32768
dsa-quick,dsa,fixed,torch_bf16,,bf16,1,32768,128,64,2048,0,11,,select,cudagraph,cuda_event_grouped_2,49.136,ok,,32768,,,2,20,torch_bf16|fixed|B1|N32768
dsa-quick,dsa,fixed,torch_bf16,,bf16,1,32768,128,64,2048,0,12,,select,cudagraph,cuda_event_grouped_2,49.04,ok,,32768,,,2,20,torch_bf16|fixed|B1|N32768
dsa-quick,dsa,fixed,torch_bf16,,bf16,1,32768,128,64,2048,0,13,,select,cudagraph,cuda_event_grouped_2,49.008,ok,,32768,,,2,20,torch_bf16|fixed|B1|N32768
dsa-quick,dsa,fixed,torch_bf16,,bf16,1,32768,128,64,2048,0,14,,select,cudagraph,cuda_event_grouped_2,49.088,ok,,32768,,,2,20,torch_bf16|fixed|B1|N32768
dsa-quick,dsa,fixed,torch_bf16,,bf16,1,32768,128,64,2048,0,15,,select,cudagraph,cuda_event_grouped_2,49.168,ok,,32768,,,2,20,torch_bf16|fixed|B1|N32768
dsa-quick,dsa,fixed,torch_bf16,,bf16,1,32768,128,64,2048,0,16,,select,cudagraph,cuda_event_grouped_2,48.784,ok,,32768,,,2,20,torch_bf16|fixed|B1|N32768
dsa-quick,dsa,fixed,torch_bf16,,bf16,1,32768,128,64,2048,0,17,,select,cudagraph,cuda_event_grouped_2,49.072,ok,,32768,,,2,20,torch_bf16|fixed|B1|N32768
dsa-quick,dsa,fixed,torch_bf16,,bf16,1,32768,128,64,2048,0,18,,select,cudagraph,cuda_event_grouped_2,49.088,ok,,32768,,,2,20,torch_bf16|fixed|B1|N32768
dsa-quick,dsa,fixed,torch_bf16,,bf16,1,32768,128,64,2048,0,19,,select,cudagraph,cuda_event_grouped_2,49.024,ok,,32768,,,2,20,torch_bf16|fixed|B1|N32768
dsa-quick,dsa,fixed,torch_bf16,,bf16,1,32768,128,64,2048,0,20,,select,cudagraph,cuda_event_grouped_2,48.944,ok,,32768,,,2,20,torch_bf16|fixed|B1|N32768
dsa-quick,dsa,fixed,torch_bf16,,bf16,1,32768,128,64,2048,0,21,,select,cudagraph,cuda_event_grouped_2,49.024,ok,,32768,,,2,20,torch_bf16|fixed|B1|N32768
dsa-quick,dsa,fixed,torch_bf16,,bf16,1,32768,128,64,2048,0,22,,select,cudagraph,cuda_event_grouped_2,49.136,ok,,32768,,,2,20,torch_bf16|fixed|B1|N32768
dsa-quick,dsa,fixed,torch_bf16,,bf16,1,32768,128,64,2048,0,23,,select,cudagraph,cuda_event_grouped_2,49.072,ok,,32768,,,2,20,torch_bf16|fixed|B1|N32768
dsa-quick,dsa,fixed,torch_bf16,,bf16,1,32768,128,64,2048,0,24,,select,cudagraph,cuda_event_grouped_2,48.784,ok,,32768,,,2,20,torch_bf16|fixed|B1|N32768
dsa-quick,dsa,fixed,torch_bf16,,bf16,1,32768,128,64,2048,0,25,,select,cudagraph,cuda_event_grouped_2,49.104,ok,,32768,,,2,20,torch_bf16|fixed|B1|N32768
dsa-quick,dsa,fixed,torch_bf16,,bf16,1,32768,128,64,2048,0,26,,select,cudagraph,cuda_event_grouped_2,49.04,ok,,32768,,,2,20,torch_bf16|fixed|B1|N32768
dsa-quick,dsa,fixed,torch_bf16,,bf16,1,32768,128,64,2048,0,27,,select,cudagraph,cuda_event_grouped_2,49.104,ok,,32768,,,2,20,torch_bf16|fixed|B1|N32768
dsa-quick,dsa,fixed,torch_bf16,,bf16,1,32768,128,64,2048,0,28,,select,cudagraph,cuda_event_grouped_2,48.992,ok,,32768,,,2,20,torch_bf16|fixed|B1|N32768
dsa-quick,dsa,fixed,torch_bf16,,bf16,1,32768,128,64,2048,0,29,,select,cudagraph,cuda_event_grouped_2,49.056,ok,,32768,,,2,20,torch_bf16|fixed|B1|N32768
dsa-quick,dsa,fixed,torch_bf16,,bf16,1,32768,128,64,2048,0,30,,select,cudagraph,cuda_event_grouped_2,48.992,ok,,32768,,,2,20,torch_bf16|fixed|B1|N32768
dsa-quick,dsa,fixed,torch_bf16,,bf16,1,32768,128,64,2048,0,31,,select,cudagraph,cuda_event_grouped_2,49.088,ok,,32768,,,2,20,torch_bf16|fixed|B1|N32768
dsa-quick,dsa,fixed,torch_bf16,,bf16,1,32768,128,64,2048,0,32,,select,cudagraph,cuda_event_grouped_2,48.848,ok,,32768,,,2,20,torch_bf16|fixed|B1|N32768
dsa-quick,dsa,fixed,torch_bf16,,bf16,1,32768,128,64,2048,0,33,,select,cudagraph,cuda_event_grouped_2,49.056,ok,,32768,,,2,20,torch_bf16|fixed|B1|N32768
dsa-quick,dsa,fixed,torch_bf16,,bf16,1,32768,128,64,2048,0,34,,select,cudagraph,cuda_event_grouped_2,49.072,ok,,32768,,,2,20,torch_bf16|fixed|B1|N32768
dsa-quick,dsa,fixed,torch_bf16,,bf16,1,32768,128,64,2048,0,35,,select,cudagraph,cuda_event_grouped_2,49.152,ok,,32768,,,2,20,torch_bf16|fixed|B1|N32768
dsa-quick,dsa,fixed,torch_bf16,,bf16,1,32768,128,64,2048,0,36,,select,cudagraph,cuda_event_grouped_2,49.072,ok,,32768,,,2,20,torch_bf16|fixed|B1|N32768
dsa-quick,dsa,fixed,torch_bf16,,bf16,1,32768,128,64,2048,0,37,,select,cudagraph,cuda_event_grouped_2,48.992,ok,,32768,,,2,20,torch_bf16|fixed|B1|N32768
dsa-quick,dsa,fixed,torch_bf16,,bf16,1,32768,128,64,2048,0,38,,select,cudagraph,cuda_event_grouped_2,49.2,ok,,32768,,,2,20,torch_bf16|fixed|B1|N32768
dsa-quick,dsa,fixed,torch_bf16,,bf16,1,32768,128,64,2048,0,39,,select,cudagraph,cuda_event_grouped_2,49.088,ok,,32768,,,2,20,torch_bf16|fixed|B1|N32768
dsa-quick,dsa,fixed,torch_bf16,,bf16,1,32768,128,64,2048,0,40,,select,cudagraph,cuda_event_grouped_2,48.912,ok,,32768,,,2,20,torch_bf16|fixed|B1|N32768
dsa-quick,dsa,fixed,torch_bf16,,bf16,1,32768,128,64,2048,0,41,,select,cudagraph,cuda_event_grouped_2,49.056,ok,,32768,,,2,20,torch_bf16|fixed|B1|N32768
dsa-quick,dsa,fixed,torch_bf16,,bf16,1,32768,128,64,2048,0,42,,select,cudagraph,cuda_event_grouped_2,49.184,ok,,32768,,,2,20,torch_bf16|fixed|B1|N32768
dsa-quick,dsa,fixed,torch_bf16,,bf16,1,32768,128,64,2048,0,43,,select,cudagraph,cuda_event_grouped_2,69.696,ok,,32768,,,2,20,torch_bf16|fixed|B1|N32768
dsa-quick,dsa,fixed,torch_bf16,,bf16,1,32768,128,64,2048,0,44,,select,cudagraph,cuda_event_grouped_2,49.024,ok,,32768,,,2,20,torch_bf16|fixed|B1|N32768
dsa-quick,dsa,fixed,torch_bf16,,bf16,1,32768,128,64,2048,0,45,,select,cudagraph,cuda_event_grouped_2,48.944,ok,,32768,,,2,20,torch_bf16|fixed|B1|N32768
dsa-quick,dsa,fixed,torch_bf16,,bf16,1,32768,128,64,2048,0,46,,select,cudagraph,cuda_event_grouped_2,49.136,ok,,32768,,,2,20,torch_bf16|fixed|B1|N32768
dsa-quick,dsa,fixed,torch_bf16,,bf16,1,32768,128,64,2048,0,47,,select,cudagraph,cuda_event_grouped_2,49.056,ok,,32768,,,2,20,torch_bf16|fixed|B1|N32768
dsa-quick,dsa,fixed,torch_bf16,,bf16,1,32768,128,64,2048,0,48,,select,cudagraph,cuda_event_grouped_2,48.8,ok,,32768,,,2,20,torch_bf16|fixed|B1|N32768
dsa-quick,dsa,fixed,torch_bf16,,bf16,1,32768,128,64,2048,0,49,,select,cudagraph,cuda_event_grouped_2,49.088,ok,,32768,,,2,20,torch_bf16|fixed|B1|N32768
dsa-quick,dsa,fixed,torch_bf16,,bf16,1,32768,128,64,2048,0,50,,select,cudagraph,cuda_event_grouped_2,49.072,ok,,32768,,,2,20,torch_bf16|fixed|B1|N32768
dsa-quick,dsa,fixed,torch_bf16,,bf16,1,32768,128,64,2048,0,51,,select,cudagraph,cuda_event_grouped_2,49.152,ok,,32768,,,2,20,torch_bf16|fixed|B1|N32768
dsa-quick,dsa,fixed,torch_bf16,,bf16,1,32768,128,64,2048,0,52,,select,cudagraph,cuda_event_grouped_2,49.024,ok,,32768,,,2,20,torch_bf16|fixed|B1|N32768
dsa-quick,dsa,fixed,torch_bf16,,bf16,1,32768,128,64,2048,0,53,,select,cudagraph,cuda_event_grouped_2,48.976,ok,,32768,,,2,20,torch_bf16|fixed|B1|N32768
dsa-quick,dsa,fixed,torch_bf16,,bf16,1,32768,128,64,2048,0,54,,select,cudagraph,cuda_event_grouped_2,49.12,ok,,32768,,,2,20,torch_bf16|fixed|B1|N32768
dsa-quick,dsa,fixed,torch_bf16,,bf16,1,32768,128,64,2048,0,55,,select,cudagraph,cuda_event_grouped_2,49.184,ok,,32768,,,2,20,torch_bf16|fixed|B1|N32768
dsa-quick,dsa,fixed,torch_bf16,,bf16,1,32768,128,64,2048,0,56,,select,cudagraph,cuda_event_grouped_2,48.944,ok,,32768,,,2,20,torch_bf16|fixed|B1|N32768
dsa-quick,dsa,fixed,torch_bf16,,bf16,1,32768,128,64,2048,0,57,,select,cudagraph,cuda_event_grouped_2,49.04,ok,,32768,,,2,20,torch_bf16|fixed|B1|N32768
dsa-quick,dsa,fixed,torch_bf16,,bf16,1,32768,128,64,2048,0,58,,select,cudagraph,cuda_event_grouped_2,49.184,ok,,32768,,,2,20,torch_bf16|fixed|B1|N32768
dsa-quick,dsa,fixed,torch_bf16,,bf16,1,32768,128,64,2048,0,59,,select,cudagraph,cuda_event_grouped_2,49.12,ok,,32768,,,2,20,torch_bf16|fixed|B1|N32768
dsa-quick,dsa,fixed,torch_bf16,,bf16,1,32768,128,64,2048,0,60,,select,cudagraph,cuda_event_grouped_2,49.104,ok,,32768,,,2,20,torch_bf16|fixed|B1|N32768
dsa-quick,dsa,fixed,torch_bf16,,bf16,1,32768,128,64,2048,0,61,,select,cudagraph,cuda_event_grouped_2,48.976,ok,,32768,,,2,20,torch_bf16|fixed|B1|N32768
dsa-quick,dsa,fixed,torch_bf16,,bf16,1,32768,128,64,2048,0,62,,select,cudagraph,cuda_event_grouped_2,49.264,ok,,32768,,,2,20,torch_bf16|fixed|B1|N32768
dsa-quick,dsa,fixed,torch_bf16,,bf16,1,32768,128,64,2048,0,63,,select,cudagraph,cuda_event_grouped_2,49.04,ok,,32768,,,2,20,torch_bf16|fixed|B1|N32768
dsa-quick,dsa,fixed,torch_bf16,,bf16,1,32768,128,64,2048,0,64,,select,cudagraph,cuda_event_grouped_2,49.648,ok,,32768,,,2,20,torch_bf16|fixed|B1|N32768
dsa-quick,dsa,fixed,torch_bf16,,bf16,1,32768,128,64,2048,0,65,,select,cudagraph,cuda_event_grouped_2,48.96,ok,,32768,,,2,20,torch_bf16|fixed|B1|N32768
dsa-quick,dsa,fixed,torch_bf16,,bf16,1,32768,128,64,2048,0,66,,select,cudagraph,cuda_event_grouped_2,49.136,ok,,32768,,,2,20,torch_bf16|fixed|B1|N32768
dsa-quick,dsa,fixed,torch_bf16,,bf16,1,32768,128,64,2048,0,67,,select,cudagraph,cuda_event_grouped_2,49.024,ok,,32768,,,2,20,torch_bf16|fixed|B1|N32768
dsa-quick,dsa,fixed,torch_bf16,,bf16,1,32768,128,64,2048,0,68,,select,cudagraph,cuda_event_grouped_2,49.072,ok,,32768,,,2,20,torch_bf16|fixed|B1|N32768
dsa-quick,dsa,fixed,torch_bf16,,bf16,1,32768,128,64,2048,0,69,,select,cudagraph,cuda_event_grouped_2,48.992,ok,,32768,,,2,20,torch_bf16|fixed|B1|N32768
dsa-quick,dsa,fixed,torch_bf16,,bf16,1,32768,128,64,2048,0,70,,select,cudagraph,cuda_event_grouped_2,49.056,ok,,32768,,,2,20,torch_bf16|fixed|B1|N32768
dsa-quick,dsa,fixed,torch_bf16,,bf16,1,32768,128,64,2048,0,71,,select,cudagraph,cuda_event_grouped_2,49.024,ok,,32768,,,2,20,torch_bf16|fixed|B1|N32768
dsa-quick,dsa,fixed,torch_bf16,,bf16,1,32768,128,64,2048,0,72,,select,cudagraph,cuda_event_grouped_2,48.784,ok,,32768,,,2,20,torch_bf16|fixed|B1|N32768
dsa-quick,dsa,fixed,torch_bf16,,bf16,1,32768,128,64,2048,0,73,,select,cudagraph,cuda_event_grouped_2,49.072,ok,,32768,,,2,20,torch_bf16|fixed|B1|N32768
dsa-quick,dsa,fixed,torch_bf16,,bf16,1,32768,128,64,2048,0,74,,select,cudagraph,cuda_event_grouped_2,49.136,ok,,32768,,,2,20,torch_bf16|fixed|B1|N32768
dsa-quick,dsa,fixed,torch_bf16,,bf16,1,32768,128,64,2048,0,75,,select,cudagraph,cuda_event_grouped_2,49.072,ok,,32768,,,2,20,torch_bf16|fixed|B1|N32768
dsa-quick,dsa,fixed,torch_bf16,,bf16,1,32768,128,64,2048,0,76,,select,cudagraph,cuda_event_grouped_2,49.008,ok,,32768,,,2,20,torch_bf16|fixed|B1|N32768
dsa-quick,dsa,fixed,torch_bf16,,bf16,1,32768,128,64,2048,0,77,,select,cudagraph,cuda_event_grouped_2,48.864,ok,,32768,,,2,20,torch_bf16|fixed|B1|N32768
dsa-quick,dsa,fixed,torch_bf16,,bf16,1,32768,128,64,2048,0,78,,select,cudagraph,cuda_event_grouped_2,49.056,ok,,32768,,,2,20,torch_bf16|fixed|B1|N32768
dsa-quick,dsa,fixed,torch_bf16,,bf16,1,32768,128,64,2048,0,79,,select,cudagraph,cuda_event_grouped_2,49.04,ok,,32768,,,2,20,torch_bf16|fixed|B1|N32768
dsa-quick,dsa,fixed,torch_bf16,,bf16,1,32768,128,64,2048,0,80,,select,cudagraph,cuda_event_grouped_2,48.88,ok,,32768,,,2,20,torch_bf16|fixed|B1|N32768
dsa-quick,dsa,fixed,torch_bf16,,bf16,1,32768,128,64,2048,0,81,,select,cudagraph,cuda_event_grouped_2,49.104,ok,,32768,,,2,20,torch_bf16|fixed|B1|N32768
dsa-quick,dsa,fixed,torch_bf16,,bf16,1,32768,128,64,2048,0,82,,select,cudagraph,cuda_event_grouped_2,49.92,ok,,32768,,,2,20,torch_bf16|fixed|B1|N32768
dsa-quick,dsa,fixed,torch_bf16,,bf16,1,32768,128,64,2048,0,83,,select,cudagraph,cuda_event_grouped_2,48.896,ok,,32768,,,2,20,torch_bf16|fixed|B1|N32768
dsa-quick,dsa,fixed,torch_bf16,,bf16,1,32768,128,64,2048,0,84,,select,cudagraph,cuda_event_grouped_2,49.136,ok,,32768,,,2,20,torch_bf16|fixed|B1|N32768
dsa-quick,dsa,fixed,torch_bf16,,bf16,1,32768,128,64,2048,0,85,,select,cudagraph,cuda_event_grouped_2,48.88,ok,,32768,,,2,20,torch_bf16|fixed|B1|N32768
dsa-quick,dsa,fixed,torch_bf16,,bf16,1,32768,128,64,2048,0,86,,select,cudagraph,cuda_event_grouped_2,49.136,ok,,32768,,,2,20,torch_bf16|fixed|B1|N32768
dsa-quick,dsa,fixed,torch_bf16,,bf16,1,32768,128,64,2048,0,87,,select,cudagraph,cuda_event_grouped_2,49.152,ok,,32768,,,2,20,torch_bf16|fixed|B1|N32768
dsa-quick,dsa,fixed,torch_bf16,,bf16,1,32768,128,64,2048,0,88,,select,cudagraph,cuda_event_grouped_2,48.912,ok,,32768,,,2,20,torch_bf16|fixed|B1|N32768
dsa-quick,dsa,fixed,torch_bf16,,bf16,1,32768,128,64,2048,0,89,,select,cudagraph,cuda_event_grouped_2,49.024,ok,,32768,,,2,20,torch_bf16|fixed|B1|N32768
dsa-quick,dsa,fixed,torch_bf16,,bf16,1,32768,128,64,2048,0,90,,select,cudagraph,cuda_event_grouped_2,49.024,ok,,32768,,,2,20,torch_bf16|fixed|B1|N32768
dsa-quick,dsa,fixed,torch_bf16,,bf16,1,32768,128,64,2048,0,91,,select,cudagraph,cuda_event_grouped_2,49.12,ok,,32768,,,2,20,torch_bf16|fixed|B1|N32768
dsa-quick,dsa,fixed,torch_bf16,,bf16,1,32768,128,64,2048,0,92,,select,cudagraph,cuda_event_grouped_2,49.12,ok,,32768,,,2,20,torch_bf16|fixed|B1|N32768
dsa-quick,dsa,fixed,torch_bf16,,bf16,1,32768,128,64,2048,0,93,,select,cudagraph,cuda_event_grouped_2,48.944,ok,,32768,,,2,20,torch_bf16|fixed|B1|N32768
dsa-quick,dsa,fixed,torch_bf16,,bf16,1,32768,128,64,2048,0,94,,select,cudagraph,cuda_event_grouped_2,49.04,ok,,32768,,,2,20,torch_bf16|fixed|B1|N32768
dsa-quick,dsa,fixed,torch_bf16,,bf16,1,32768,128,64,2048,0,95,,select,cudagraph,cuda_event_grouped_2,48.944,ok,,32768,,,2,20,torch_bf16|fixed|B1|N32768
dsa-quick,dsa,fixed,torch_bf16,,bf16,1,32768,128,64,2048,0,96,,select,cudagraph,cuda_event_grouped_2,48.832,ok,,32768,,,2,20,torch_bf16|fixed|B1|N32768
dsa-quick,dsa,fixed,torch_bf16,,bf16,1,32768,128,64,2048,0,97,,select,cudagraph,cuda_event_grouped_2,49.088,ok,,32768,,,2,20,torch_bf16|fixed|B1|N32768
dsa-quick,dsa,fixed,torch_bf16,,bf16,1,32768,128,64,2048,0,98,,select,cudagraph,cuda_event_grouped_2,49.232,ok,,32768,,,2,20,torch_bf16|fixed|B1|N32768
dsa-quick,dsa,fixed,torch_bf16,,bf16,1,32768,128,64,2048,0,99,,select,cudagraph,cuda_event_grouped_2,49.04,ok,,32768,,,2,20,torch_bf16|fixed|B1|N32768
dsa-quick,dsa,fixed,torch_bf16,,bf16,1,32768,128,64,2048,0,0,,combined,cudagraph,cuda_event_per_iter,94.24,ok,,32768,,,1,20,torch_bf16|fixed|B1|N32768
dsa-quick,dsa,fixed,torch_bf16,,bf16,1,32768,128,64,2048,0,1,,combined,cudagraph,cuda_event_per_iter,93.792,ok,,32768,,,1,20,torch_bf16|fixed|B1|N32768
dsa-quick,dsa,fixed,torch_bf16,,bf16,1,32768,128,64,2048,0,2,,combined,cudagraph,cuda_event_per_iter,92.608,ok,,32768,,,1,20,torch_bf16|fixed|B1|N32768
dsa-quick,dsa,fixed,torch_bf16,,bf16,1,32768,128,64,2048,0,3,,combined,cudagraph,cuda_event_per_iter,93.152,ok,,32768,,,1,20,torch_bf16|fixed|B1|N32768
dsa-quick,dsa,fixed,torch_bf16,,bf16,1,32768,128,64,2048,0,4,,combined,cudagraph,cuda_event_per_iter,93.056,ok,,32768,,,1,20,torch_bf16|fixed|B1|N32768
dsa-quick,dsa,fixed,torch_bf16,,bf16,1,32768,128,64,2048,0,5,,combined,cudagraph,cuda_event_per_iter,93.792,ok,,32768,,,1,20,torch_bf16|fixed|B1|N32768
dsa-quick,dsa,fixed,torch_bf16,,bf16,1,32768,128,64,2048,0,6,,combined,cudagraph,cuda_event_per_iter,92.672,ok,,32768,,,1,20,torch_bf16|fixed|B1|N32768
dsa-quick,dsa,fixed,torch_bf16,,bf16,1,32768,128,64,2048,0,7,,combined,cudagraph,cuda_event_per_iter,93.248,ok,,32768,,,1,20,torch_bf16|fixed|B1|N32768
dsa-quick,dsa,fixed,torch_bf16,,bf16,1,32768,128,64,2048,0,8,,combined,cudagraph,cuda_event_per_iter,93.696,ok,,32768,,,1,20,torch_bf16|fixed|B1|N32768
dsa-quick,dsa,fixed,torch_bf16,,bf16,1,32768,128,64,2048,0,9,,combined,cudagraph,cuda_event_per_iter,92.704,ok,,32768,,,1,20,torch_bf16|fixed|B1|N32768
dsa-quick,dsa,fixed,torch_bf16,,bf16,1,32768,128,64,2048,0,10,,combined,cudagraph,cuda_event_per_iter,92.64,ok,,32768,,,1,20,torch_bf16|fixed|B1|N32768
dsa-quick,dsa,fixed,torch_bf16,,bf16,1,32768,128,64,2048,0,11,,combined,cudagraph,cuda_event_per_iter,92.608,ok,,32768,,,1,20,torch_bf16|fixed|B1|N32768
dsa-quick,dsa,fixed,torch_bf16,,bf16,1,32768,128,64,2048,0,12,,combined,cudagraph,cuda_event_per_iter,92.704,ok,,32768,,,1,20,torch_bf16|fixed|B1|N32768
dsa-quick,dsa,fixed,torch_bf16,,bf16,1,32768,128,64,2048,0,13,,combined,cudagraph,cuda_event_per_iter,91.744,ok,,32768,,,1,20,torch_bf16|fixed|B1|N32768
dsa-quick,dsa,fixed,torch_bf16,,bf16,1,32768,128,64,2048,0,14,,combined,cudagraph,cuda_event_per_iter,92.576,ok,,32768,,,1,20,torch_bf16|fixed|B1|N32768
dsa-quick,dsa,fixed,torch_bf16,,bf16,1,32768,128,64,2048,0,15,,combined,cudagraph,cuda_event_per_iter,93.568,ok,,32768,,,1,20,torch_bf16|fixed|B1|N32768
dsa-quick,dsa,fixed,torch_bf16,,bf16,1,32768,128,64,2048,0,16,,combined,cudagraph,cuda_event_per_iter,93.312,ok,,32768,,,1,20,torch_bf16|fixed|B1|N32768
dsa-quick,dsa,fixed,torch_bf16,,bf16,1,32768,128,64,2048,0,17,,combined,cudagraph,cuda_event_per_iter,93.536,ok,,32768,,,1,20,torch_bf16|fixed|B1|N32768
dsa-quick,dsa,fixed,torch_bf16,,bf16,1,32768,128,64,2048,0,18,,combined,cudagraph,cuda_event_per_iter,92.736,ok,,32768,,,1,20,torch_bf16|fixed|B1|N32768
dsa-quick,dsa,fixed,torch_bf16,,bf16,1,32768,128,64,2048,0,19,,combined,cudagraph,cuda_event_per_iter,92.64,ok,,32768,,,1,20,torch_bf16|fixed|B1|N32768
dsa-quick,dsa,fixed,torch_bf16,,bf16,1,32768,128,64,2048,0,20,,combined,cudagraph,cuda_event_per_iter,92.96,ok,,32768,,,1,20,torch_bf16|fixed|B1|N32768
dsa-quick,dsa,fixed,torch_bf16,,bf16,1,32768,128,64,2048,0,21,,combined,cudagraph,cuda_event_per_iter,94.624,ok,,32768,,,1,20,torch_bf16|fixed|B1|N32768
dsa-quick,dsa,fixed,torch_bf16,,bf16,1,32768,128,64,2048,0,22,,combined,cudagraph,cuda_event_per_iter,92.928,ok,,32768,,,1,20,torch_bf16|fixed|B1|N32768
dsa-quick,dsa,fixed,torch_bf16,,bf16,1,32768,128,64,2048,0,23,,combined,cudagraph,cuda_event_per_iter,91.584,ok,,32768,,,1,20,torch_bf16|fixed|B1|N32768
dsa-quick,dsa,fixed,torch_bf16,,bf16,1,32768,128,64,2048,0,24,,combined,cudagraph,cuda_event_per_iter,92.992,ok,,32768,,,1,20,torch_bf16|fixed|B1|N32768
dsa-quick,dsa,fixed,torch_bf16,,bf16,1,32768,128,64,2048,0,25,,combined,cudagraph,cuda_event_per_iter,93.152,ok,,32768,,,1,20,torch_bf16|fixed|B1|N32768
dsa-quick,dsa,fixed,torch_bf16,,bf16,1,32768,128,64,2048,0,26,,combined,cudagraph,cuda_event_per_iter,92.576,ok,,32768,,,1,20,torch_bf16|fixed|B1|N32768
dsa-quick,dsa,fixed,torch_bf16,,bf16,1,32768,128,64,2048,0,27,,combined,cudagraph,cuda_event_per_iter,92.096,ok,,32768,,,1,20,torch_bf16|fixed|B1|N32768
dsa-quick,dsa,fixed,torch_bf16,,bf16,1,32768,128,64,2048,0,28,,combined,cudagraph,cuda_event_per_iter,93.088,ok,,32768,,,1,20,torch_bf16|fixed|B1|N32768
dsa-quick,dsa,fixed,torch_bf16,,bf16,1,32768,128,64,2048,0,29,,combined,cudagraph,cuda_event_per_iter,91.904,ok,,32768,,,1,20,torch_bf16|fixed|B1|N32768
dsa-quick,dsa,fixed,torch_bf16,,bf16,1,32768,128,64,2048,0,30,,combined,cudagraph,cuda_event_per_iter,92.16,ok,,32768,,,1,20,torch_bf16|fixed|B1|N32768
dsa-quick,dsa,fixed,torch_bf16,,bf16,1,32768,128,64,2048,0,31,,combined,cudagraph,cuda_event_per_iter,93.184,ok,,32768,,,1,20,torch_bf16|fixed|B1|N32768
dsa-quick,dsa,fixed,torch_bf16,,bf16,1,32768,128,64,2048,0,32,,combined,cudagraph,cuda_event_per_iter,93.312,ok,,32768,,,1,20,torch_bf16|fixed|B1|N32768
dsa-quick,dsa,fixed,torch_bf16,,bf16,1,32768,128,64,2048,0,33,,combined,cudagraph,cuda_event_per_iter,93.152,ok,,32768,,,1,20,torch_bf16|fixed|B1|N32768
dsa-quick,dsa,fixed,torch_bf16,,bf16,1,32768,128,64,2048,0,34,,combined,cudagraph,cuda_event_per_iter,91.904,ok,,32768,,,1,20,torch_bf16|fixed|B1|N32768
dsa-quick,dsa,fixed,torch_bf16,,bf16,1,32768,128,64,2048,0,35,,combined,cudagraph,cuda_event_per_iter,93.728,ok,,32768,,,1,20,torch_bf16|fixed|B1|N32768
dsa-quick,dsa,fixed,torch_bf16,,bf16,1,32768,128,64,2048,0,36,,combined,cudagraph,cuda_event_per_iter,92.864,ok,,32768,,,1,20,torch_bf16|fixed|B1|N32768
dsa-quick,dsa,fixed,torch_bf16,,bf16,1,32768,128,64,2048,0,37,,combined,cudagraph,cuda_event_per_iter,93.376,ok,,32768,,,1,20,torch_bf16|fixed|B1|N32768
dsa-quick,dsa,fixed,torch_bf16,,bf16,1,32768,128,64,2048,0,38,,combined,cudagraph,cuda_event_per_iter,92.864,ok,,32768,,,1,20,torch_bf16|fixed|B1|N32768
dsa-quick,dsa,fixed,torch_bf16,,bf16,1,32768,128,64,2048,0,39,,combined,cudagraph,cuda_event_per_iter,93.6,ok,,32768,,,1,20,torch_bf16|fixed|B1|N32768
dsa-quick,dsa,fixed,torch_bf16,,bf16,1,32768,128,64,2048,0,40,,combined,cudagraph,cuda_event_per_iter,92.416,ok,,32768,,,1,20,torch_bf16|fixed|B1|N32768
dsa-quick,dsa,fixed,torch_bf16,,bf16,1,32768,128,64,2048,0,41,,combined,cudagraph,cuda_event_per_iter,92.16,ok,,32768,,,1,20,torch_bf16|fixed|B1|N32768
dsa-quick,dsa,fixed,torch_bf16,,bf16,1,32768,128,64,2048,0,42,,combined,cudagraph,cuda_event_per_iter,93.184,ok,,32768,,,1,20,torch_bf16|fixed|B1|N32768
dsa-quick,dsa,fixed,torch_bf16,,bf16,1,32768,128,64,2048,0,43,,combined,cudagraph,cuda_event_per_iter,93.888,ok,,32768,,,1,20,torch_bf16|fixed|B1|N32768
dsa-quick,dsa,fixed,torch_bf16,,bf16,1,32768,128,64,2048,0,44,,combined,cudagraph,cuda_event_per_iter,93.472,ok,,32768,,,1,20,torch_bf16|fixed|B1|N32768
dsa-quick,dsa,fixed,torch_bf16,,bf16,1,32768,128,64,2048,0,45,,combined,cudagraph,cuda_event_per_iter,93.088,ok,,32768,,,1,20,torch_bf16|fixed|B1|N32768
dsa-quick,dsa,fixed,torch_bf16,,bf16,1,32768,128,64,2048,0,46,,combined,cudagraph,cuda_event_per_iter,91.552,ok,,32768,,,1,20,torch_bf16|fixed|B1|N32768
dsa-quick,dsa,fixed,torch_bf16,,bf16,1,32768,128,64,2048,0,47,,combined,cudagraph,cuda_event_per_iter,93.728,ok,,32768,,,1,20,torch_bf16|fixed|B1|N32768
dsa-quick,dsa,fixed,torch_bf16,,bf16,1,32768,128,64,2048,0,48,,combined,cudagraph,cuda_event_per_iter,91.936,ok,,32768,,,1,20,torch_bf16|fixed|B1|N32768
dsa-quick,dsa,fixed,torch_bf16,,bf16,1,32768,128,64,2048,0,49,,combined,cudagraph,cuda_event_per_iter,92.16,ok,,32768,,,1,20,torch_bf16|fixed|B1|N32768
dsa-quick,dsa,fixed,torch_bf16,,bf16,1,32768,128,64,2048,0,50,,combined,cudagraph,cuda_event_per_iter,93.984,ok,,32768,,,1,20,torch_bf16|fixed|B1|N32768
dsa-quick,dsa,fixed,torch_bf16,,bf16,1,32768,128,64,2048,0,51,,combined,cudagraph,cuda_event_per_iter,92.768,ok,,32768,,,1,20,torch_bf16|fixed|B1|N32768
dsa-quick,dsa,fixed,torch_bf16,,bf16,1,32768,128,64,2048,0,52,,combined,cudagraph,cuda_event_per_iter,92.704,ok,,32768,,,1,20,torch_bf16|fixed|B1|N32768
dsa-quick,dsa,fixed,torch_bf16,,bf16,1,32768,128,64,2048,0,53,,combined,cudagraph,cuda_event_per_iter,91.968,ok,,32768,,,1,20,torch_bf16|fixed|B1|N32768
dsa-quick,dsa,fixed,torch_bf16,,bf16,1,32768,128,64,2048,0,54,,combined,cudagraph,cuda_event_per_iter,91.776,ok,,32768,,,1,20,torch_bf16|fixed|B1|N32768
dsa-quick,dsa,fixed,torch_bf16,,bf16,1,32768,128,64,2048,0,55,,combined,cudagraph,cuda_event_per_iter,92.416,ok,,32768,,,1,20,torch_bf16|fixed|B1|N32768
dsa-quick,dsa,fixed,torch_bf16,,bf16,1,32768,128,64,2048,0,56,,combined,cudagraph,cuda_event_per_iter,92.48,ok,,32768,,,1,20,torch_bf16|fixed|B1|N32768
dsa-quick,dsa,fixed,torch_bf16,,bf16,1,32768,128,64,2048,0,57,,combined,cudagraph,cuda_event_per_iter,92.48,ok,,32768,,,1,20,torch_bf16|fixed|B1|N32768
dsa-quick,dsa,fixed,torch_bf16,,bf16,1,32768,128,64,2048,0,58,,combined,cudagraph,cuda_event_per_iter,93.504,ok,,32768,,,1,20,torch_bf16|fixed|B1|N32768
dsa-quick,dsa,fixed,torch_bf16,,bf16,1,32768,128,64,2048,0,59,,combined,cudagraph,cuda_event_per_iter,93.184,ok,,32768,,,1,20,torch_bf16|fixed|B1|N32768
dsa-quick,dsa,fixed,torch_bf16,,bf16,1,32768,128,64,2048,0,60,,combined,cudagraph,cuda_event_per_iter,92.768,ok,,32768,,,1,20,torch_bf16|fixed|B1|N32768
dsa-quick,dsa,fixed,torch_bf16,,bf16,1,32768,128,64,2048,0,61,,combined,cudagraph,cuda_event_per_iter,91.84,ok,,32768,,,1,20,torch_bf16|fixed|B1|N32768
dsa-quick,dsa,fixed,torch_bf16,,bf16,1,32768,128,64,2048,0,62,,combined,cudagraph,cuda_event_per_iter,92.128,ok,,32768,,,1,20,torch_bf16|fixed|B1|N32768
dsa-quick,dsa,fixed,torch_bf16,,bf16,1,32768,128,64,2048,0,63,,combined,cudagraph,cuda_event_per_iter,92.896,ok,,32768,,,1,20,torch_bf16|fixed|B1|N32768
dsa-quick,dsa,fixed,torch_bf16,,bf16,1,32768,128,64,2048,0,64,,combined,cudagraph,cuda_event_per_iter,92.768,ok,,32768,,,1,20,torch_bf16|fixed|B1|N32768
dsa-quick,dsa,fixed,torch_bf16,,bf16,1,32768,128,64,2048,0,65,,combined,cudagraph,cuda_event_per_iter,93.088,ok,,32768,,,1,20,torch_bf16|fixed|B1|N32768
dsa-quick,dsa,fixed,torch_bf16,,bf16,1,32768,128,64,2048,0,66,,combined,cudagraph,cuda_event_per_iter,92.352,ok,,32768,,,1,20,torch_bf16|fixed|B1|N32768
dsa-quick,dsa,fixed,torch_bf16,,bf16,1,32768,128,64,2048,0,67,,combined,cudagraph,cuda_event_per_iter,93.024,ok,,32768,,,1,20,torch_bf16|fixed|B1|N32768
dsa-quick,dsa,fixed,torch_bf16,,bf16,1,32768,128,64,2048,0,68,,combined,cudagraph,cuda_event_per_iter,92.96,ok,,32768,,,1,20,torch_bf16|fixed|B1|N32768
dsa-quick,dsa,fixed,torch_bf16,,bf16,1,32768,128,64,2048,0,69,,combined,cudagraph,cuda_event_per_iter,94.112,ok,,32768,,,1,20,torch_bf16|fixed|B1|N32768
dsa-quick,dsa,fixed,torch_bf16,,bf16,1,32768,128,64,2048,0,70,,combined,cudagraph,cuda_event_per_iter,92.416,ok,,32768,,,1,20,torch_bf16|fixed|B1|N32768
dsa-quick,dsa,fixed,torch_bf16,,bf16,1,32768,128,64,2048,0,71,,combined,cudagraph,cuda_event_per_iter,93.472,ok,,32768,,,1,20,torch_bf16|fixed|B1|N32768
dsa-quick,dsa,fixed,torch_bf16,,bf16,1,32768,128,64,2048,0,72,,combined,cudagraph,cuda_event_per_iter,92.64,ok,,32768,,,1,20,torch_bf16|fixed|B1|N32768
dsa-quick,dsa,fixed,torch_bf16,,bf16,1,32768,128,64,2048,0,73,,combined,cudagraph,cuda_event_per_iter,93.6,ok,,32768,,,1,20,torch_bf16|fixed|B1|N32768
dsa-quick,dsa,fixed,torch_bf16,,bf16,1,32768,128,64,2048,0,74,,combined,cudagraph,cuda_event_per_iter,92.16,ok,,32768,,,1,20,torch_bf16|fixed|B1|N32768
dsa-quick,dsa,fixed,torch_bf16,,bf16,1,32768,128,64,2048,0,75,,combined,cudagraph,cuda_event_per_iter,93.12,ok,,32768,,,1,20,torch_bf16|fixed|B1|N32768
dsa-quick,dsa,fixed,torch_bf16,,bf16,1,32768,128,64,2048,0,76,,combined,cudagraph,cuda_event_per_iter,93.888,ok,,32768,,,1,20,torch_bf16|fixed|B1|N32768
dsa-quick,dsa,fixed,torch_bf16,,bf16,1,32768,128,64,2048,0,77,,combined,cudagraph,cuda_event_per_iter,92.224,ok,,32768,,,1,20,torch_bf16|fixed|B1|N32768
dsa-quick,dsa,fixed,torch_bf16,,bf16,1,32768,128,64,2048,0,78,,combined,cudagraph,cuda_event_per_iter,93.344,ok,,32768,,,1,20,torch_bf16|fixed|B1|N32768
dsa-quick,dsa,fixed,torch_bf16,,bf16,1,32768,128,64,2048,0,79,,combined,cudagraph,cuda_event_per_iter,93.12,ok,,32768,,,1,20,torch_bf16|fixed|B1|N32768
dsa-quick,dsa,fixed,torch_bf16,,bf16,1,32768,128,64,2048,0,80,,combined,cudagraph,cuda_event_per_iter,91.936,ok,,32768,,,1,20,torch_bf16|fixed|B1|N32768
dsa-quick,dsa,fixed,torch_bf16,,bf16,1,32768,128,64,2048,0,81,,combined,cudagraph,cuda_event_per_iter,92.224,ok,,32768,,,1,20,torch_bf16|fixed|B1|N32768
dsa-quick,dsa,fixed,torch_bf16,,bf16,1,32768,128,64,2048,0,82,,combined,cudagraph,cuda_event_per_iter,92.224,ok,,32768,,,1,20,torch_bf16|fixed|B1|N32768
dsa-quick,dsa,fixed,torch_bf16,,bf16,1,32768,128,64,2048,0,83,,combined,cudagraph,cuda_event_per_iter,93.984,ok,,32768,,,1,20,torch_bf16|fixed|B1|N32768
dsa-quick,dsa,fixed,torch_bf16,,bf16,1,32768,128,64,2048,0,84,,combined,cudagraph,cuda_event_per_iter,92.928,ok,,32768,,,1,20,torch_bf16|fixed|B1|N32768
dsa-quick,dsa,fixed,torch_bf16,,bf16,1,32768,128,64,2048,0,85,,combined,cudagraph,cuda_event_per_iter,91.808,ok,,32768,,,1,20,torch_bf16|fixed|B1|N32768
dsa-quick,dsa,fixed,torch_bf16,,bf16,1,32768,128,64,2048,0,86,,combined,cudagraph,cuda_event_per_iter,92.608,ok,,32768,,,1,20,torch_bf16|fixed|B1|N32768
dsa-quick,dsa,fixed,torch_bf16,,bf16,1,32768,128,64,2048,0,87,,combined,cudagraph,cuda_event_per_iter,93.824,ok,,32768,,,1,20,torch_bf16|fixed|B1|N32768
dsa-quick,dsa,fixed,torch_bf16,,bf16,1,32768,128,64,2048,0,88,,combined,cudagraph,cuda_event_per_iter,93.248,ok,,32768,,,1,20,torch_bf16|fixed|B1|N32768
dsa-quick,dsa,fixed,torch_bf16,,bf16,1,32768,128,64,2048,0,89,,combined,cudagraph,cuda_event_per_iter,92.96,ok,,32768,,,1,20,torch_bf16|fixed|B1|N32768
dsa-quick,dsa,fixed,torch_bf16,,bf16,1,32768,128,64,2048,0,90,,combined,cudagraph,cuda_event_per_iter,92.864,ok,,32768,,,1,20,torch_bf16|fixed|B1|N32768
dsa-quick,dsa,fixed,torch_bf16,,bf16,1,32768,128,64,2048,0,91,,combined,cudagraph,cuda_event_per_iter,92.256,ok,,32768,,,1,20,torch_bf16|fixed|B1|N32768
dsa-quick,dsa,fixed,torch_bf16,,bf16,1,32768,128,64,2048,0,92,,combined,cudagraph,cuda_event_per_iter,92.8,ok,,32768,,,1,20,torch_bf16|fixed|B1|N32768
dsa-quick,dsa,fixed,torch_bf16,,bf16,1,32768,128,64,2048,0,93,,combined,cudagraph,cuda_event_per_iter,91.296,ok,,32768,,,1,20,torch_bf16|fixed|B1|N32768
dsa-quick,dsa,fixed,torch_bf16,,bf16,1,32768,128,64,2048,0,94,,combined,cudagraph,cuda_event_per_iter,93.12,ok,,32768,,,1,20,torch_bf16|fixed|B1|N32768
dsa-quick,dsa,fixed,torch_bf16,,bf16,1,32768,128,64,2048,0,95,,combined,cudagraph,cuda_event_per_iter,92.672,ok,,32768,,,1,20,torch_bf16|fixed|B1|N32768
dsa-quick,dsa,fixed,torch_bf16,,bf16,1,32768,128,64,2048,0,96,,combined,cudagraph,cuda_event_per_iter,92.48,ok,,32768,,,1,20,torch_bf16|fixed|B1|N32768
dsa-quick,dsa,fixed,torch_bf16,,bf16,1,32768,128,64,2048,0,97,,combined,cudagraph,cuda_event_per_iter,91.776,ok,,32768,,,1,20,torch_bf16|fixed|B1|N32768
dsa-quick,dsa,fixed,torch_bf16,,bf16,1,32768,128,64,2048,0,98,,combined,cudagraph,cuda_event_per_iter,92.64,ok,,32768,,,1,20,torch_bf16|fixed|B1|N32768
dsa-quick,dsa,fixed,torch_bf16,,bf16,1,32768,128,64,2048,0,99,,combined,cudagraph,cuda_event_per_iter,93.216,ok,,32768,,,1,20,torch_bf16|fixed|B1|N32768
dsa-quick,dsa,incremental,torch_bf16,,bf16,1,8192,128,64,2048,0,0,,decode_loop,eager,cuda_event_per_iter,1305.5,ok,,8193..8208,,16,1,2,torch_bf16|incremental|B1|N8192
dsa-quick,dsa,incremental,torch_bf16,,bf16,1,8192,128,64,2048,0,1,,decode_loop,eager,cuda_event_per_iter,1300.1,ok,,8193..8208,,16,1,2,torch_bf16|incremental|B1|N8192
dsa-quick,dsa,incremental,torch_bf16,,bf16,1,8192,128,64,2048,0,2,,decode_loop,eager,cuda_event_per_iter,1297.22,ok,,8193..8208,,16,1,2,torch_bf16|incremental|B1|N8192
dsa-quick,dsa,incremental,torch_bf16,,bf16,1,8192,128,64,2048,0,3,,decode_loop,eager,cuda_event_per_iter,1298.08,ok,,8193..8208,,16,1,2,torch_bf16|incremental|B1|N8192
dsa-quick,dsa,incremental,torch_bf16,,bf16,1,8192,128,64,2048,0,4,,decode_loop,eager,cuda_event_per_iter,1297.12,ok,,8193..8208,,16,1,2,torch_bf16|incremental|B1|N8192
dsa-quick,dsa,incremental,torch_bf16,,bf16,1,8192,128,64,2048,0,5,,decode_loop,eager,cuda_event_per_iter,1306.4,ok,,8193..8208,,16,1,2,torch_bf16|incremental|B1|N8192
dsa-quick,dsa,incremental,torch_bf16,,bf16,1,8192,128,64,2048,0,6,,decode_loop,eager,cuda_event_per_iter,1309.76,ok,,8193..8208,,16,1,2,torch_bf16|incremental|B1|N8192
dsa-quick,dsa,incremental,torch_bf16,,bf16,1,8192,128,64,2048,0,7,,decode_loop,eager,cuda_event_per_iter,1309.66,ok,,8193..8208,,16,1,2,torch_bf16|incremental|B1|N8192
dsa-quick,dsa,incremental,torch_bf16,,bf16,1,8192,128,64,2048,0,8,,decode_loop,eager,cuda_event_per_iter,1304.83,ok,,8193..8208,,16,1,2,torch_bf16|incremental|B1|N8192
dsa-quick,dsa,incremental,torch_bf16,,bf16,1,8192,128,64,2048,0,9,,decode_loop,eager,cuda_event_per_iter,1306.08,ok,,8193..8208,,16,1,2,torch_bf16|incremental|B1|N8192
dsa-quick,dsa,incremental,torch_bf16,,bf16,1,8192,128,64,2048,0,10,,decode_loop,eager,cuda_event_per_iter,1304.54,ok,,8193..8208,,16,1,2,torch_bf16|incremental|B1|N8192
dsa-quick,dsa,incremental,torch_bf16,,bf16,1,8192,128,64,2048,0,11,,decode_loop,eager,cuda_event_per_iter,1304.32,ok,,8193..8208,,16,1,2,torch_bf16|incremental|B1|N8192
dsa-quick,dsa,incremental,torch_bf16,,bf16,1,8192,128,64,2048,0,12,,decode_loop,eager,cuda_event_per_iter,1303.9,ok,,8193..8208,,16,1,2,torch_bf16|incremental|B1|N8192
dsa-quick,dsa,incremental,torch_bf16,,bf16,1,8192,128,64,2048,0,13,,decode_loop,eager,cuda_event_per_iter,1298.82,ok,,8193..8208,,16,1,2,torch_bf16|incremental|B1|N8192
dsa-quick,dsa,incremental,torch_bf16,,bf16,1,8192,128,64,2048,0,14,,decode_loop,eager,cuda_event_per_iter,1299.58,ok,,8193..8208,,16,1,2,torch_bf16|incremental|B1|N8192
dsa-quick,dsa,incremental,torch_bf16,,bf16,1,8192,128,64,2048,0,15,,decode_loop,eager,cuda_event_per_iter,1299.78,ok,,8193..8208,,16,1,2,torch_bf16|incremental|B1|N8192
dsa-quick,dsa,incremental,torch_bf16,,bf16,1,8192,128,64,2048,0,16,,decode_loop,eager,cuda_event_per_iter,1299.52,ok,,8193..8208,,16,1,2,torch_bf16|incremental|B1|N8192
dsa-quick,dsa,incremental,torch_bf16,,bf16,1,8192,128,64,2048,0,17,,decode_loop,eager,cuda_event_per_iter,1300.64,ok,,8193..8208,,16,1,2,torch_bf16|incremental|B1|N8192
dsa-quick,dsa,incremental,torch_bf16,,bf16,1,8192,128,64,2048,0,18,,decode_loop,eager,cuda_event_per_iter,1301.73,ok,,8193..8208,,16,1,2,torch_bf16|incremental|B1|N8192
dsa-quick,dsa,incremental,torch_bf16,,bf16,1,8192,128,64,2048,0,19,,decode_loop,eager,cuda_event_per_iter,1298.69,ok,,8193..8208,,16,1,2,torch_bf16|incremental|B1|N8192
dsa-quick,dsa,incremental,torch_bf16,,bf16,1,32768,128,64,2048,0,0,,decode_loop,eager,cuda_event_per_iter,2290.3,ok,,32769..32784,,16,1,2,torch_bf16|incremental|B1|N32768
dsa-quick,dsa,incremental,torch_bf16,,bf16,1,32768,128,64,2048,0,1,,decode_loop,eager,cuda_event_per_iter,2267.26,ok,,32769..32784,,16,1,2,torch_bf16|incremental|B1|N32768
dsa-quick,dsa,incremental,torch_bf16,,bf16,1,32768,128,64,2048,0,2,,decode_loop,eager,cuda_event_per_iter,2268.74,ok,,32769..32784,,16,1,2,torch_bf16|incremental|B1|N32768
dsa-quick,dsa,incremental,torch_bf16,,bf16,1,32768,128,64,2048,0,3,,decode_loop,eager,cuda_event_per_iter,2271.1,ok,,32769..32784,,16,1,2,torch_bf16|incremental|B1|N32768
dsa-quick,dsa,incremental,torch_bf16,,bf16,1,32768,128,64,2048,0,4,,decode_loop,eager,cuda_event_per_iter,2263.17,ok,,32769..32784,,16,1,2,torch_bf16|incremental|B1|N32768
dsa-quick,dsa,incremental,torch_bf16,,bf16,1,32768,128,64,2048,0,5,,decode_loop,eager,cuda_event_per_iter,2263.46,ok,,32769..32784,,16,1,2,torch_bf16|incremental|B1|N32768
dsa-quick,dsa,incremental,torch_bf16,,bf16,1,32768,128,64,2048,0,6,,decode_loop,eager,cuda_event_per_iter,2261.18,ok,,32769..32784,,16,1,2,torch_bf16|incremental|B1|N32768
dsa-quick,dsa,incremental,torch_bf16,,bf16,1,32768,128,64,2048,0,7,,decode_loop,eager,cuda_event_per_iter,2265.63,ok,,32769..32784,,16,1,2,torch_bf16|incremental|B1|N32768
dsa-quick,dsa,incremental,torch_bf16,,bf16,1,32768,128,64,2048,0,8,,decode_loop,eager,cuda_event_per_iter,2262.94,ok,,32769..32784,,16,1,2,torch_bf16|incremental|B1|N32768
dsa-quick,dsa,incremental,torch_bf16,,bf16,1,32768,128,64,2048,0,9,,decode_loop,eager,cuda_event_per_iter,2259.68,ok,,32769..32784,,16,1,2,torch_bf16|incremental|B1|N32768
dsa-quick,dsa,incremental,torch_bf16,,bf16,1,32768,128,64,2048,0,10,,decode_loop,eager,cuda_event_per_iter,2258.82,ok,,32769..32784,,16,1,2,torch_bf16|incremental|B1|N32768
dsa-quick,dsa,incremental,torch_bf16,,bf16,1,32768,128,64,2048,0,11,,decode_loop,eager,cuda_event_per_iter,2266.46,ok,,32769..32784,,16,1,2,torch_bf16|incremental|B1|N32768
dsa-quick,dsa,incremental,torch_bf16,,bf16,1,32768,128,64,2048,0,12,,decode_loop,eager,cuda_event_per_iter,2261.38,ok,,32769..32784,,16,1,2,torch_bf16|incremental|B1|N32768
dsa-quick,dsa,incremental,torch_bf16,,bf16,1,32768,128,64,2048,0,13,,decode_loop,eager,cuda_event_per_iter,2273.18,ok,,32769..32784,,16,1,2,torch_bf16|incremental|B1|N32768
dsa-quick,dsa,incremental,torch_bf16,,bf16,1,32768,128,64,2048,0,14,,decode_loop,eager,cuda_event_per_iter,2261.38,ok,,32769..32784,,16,1,2,torch_bf16|incremental|B1|N32768
dsa-quick,dsa,incremental,torch_bf16,,bf16,1,32768,128,64,2048,0,15,,decode_loop,eager,cuda_event_per_iter,2252.54,ok,,32769..32784,,16,1,2,torch_bf16|incremental|B1|N32768
dsa-quick,dsa,incremental,torch_bf16,,bf16,1,32768,128,64,2048,0,16,,decode_loop,eager,cuda_event_per_iter,2258.14,ok,,32769..32784,,16,1,2,torch_bf16|incremental|B1|N32768
dsa-quick,dsa,incremental,torch_bf16,,bf16,1,32768,128,64,2048,0,17,,decode_loop,eager,cuda_event_per_iter,2256.77,ok,,32769..32784,,16,1,2,torch_bf16|incremental|B1|N32768
dsa-quick,dsa,incremental,torch_bf16,,bf16,1,32768,128,64,2048,0,18,,decode_loop,eager,cuda_event_per_iter,2259.14,ok,,32769..32784,,16,1,2,torch_bf16|incremental|B1|N32768
dsa-quick,dsa,incremental,torch_bf16,,bf16,1,32768,128,64,2048,0,19,,decode_loop,eager,cuda_event_per_iter,2259.68,ok,,32769..32784,,16,1,2,torch_bf16|incremental|B1|N32768
dsa-quick,dsa,fixed,deepgemm_fp8_paged_mqa,78b69000794d0937b47ae3387eff7663410264d1,fp8_e4m3_kv_fp8_q,1,8192,128,64,2048,0,0,,score,eager,cuda_event_grouped_3,21.632,ok,,8192,64,,3,20,deepgemm_fp8_paged_mqa|fixed|B1|N8192
dsa-quick,dsa,fixed,deepgemm_fp8_paged_mqa,78b69000794d0937b47ae3387eff7663410264d1,fp8_e4m3_kv_fp8_q,1,8192,128,64,2048,0,1,,score,eager,cuda_event_grouped_3,19.68,ok,,8192,64,,3,20,deepgemm_fp8_paged_mqa|fixed|B1|N8192
dsa-quick,dsa,fixed,deepgemm_fp8_paged_mqa,78b69000794d0937b47ae3387eff7663410264d1,fp8_e4m3_kv_fp8_q,1,8192,128,64,2048,0,2,,score,eager,cuda_event_grouped_3,19.3813,ok,,8192,64,,3,20,deepgemm_fp8_paged_mqa|fixed|B1|N8192
dsa-quick,dsa,fixed,deepgemm_fp8_paged_mqa,78b69000794d0937b47ae3387eff7663410264d1,fp8_e4m3_kv_fp8_q,1,8192,128,64,2048,0,3,,score,eager,cuda_event_grouped_3,19.1893,ok,,8192,64,,3,20,deepgemm_fp8_paged_mqa|fixed|B1|N8192
dsa-quick,dsa,fixed,deepgemm_fp8_paged_mqa,78b69000794d0937b47ae3387eff7663410264d1,fp8_e4m3_kv_fp8_q,1,8192,128,64,2048,0,4,,score,eager,cuda_event_grouped_3,18.9973,ok,,8192,64,,3,20,deepgemm_fp8_paged_mqa|fixed|B1|N8192
dsa-quick,dsa,fixed,deepgemm_fp8_paged_mqa,78b69000794d0937b47ae3387eff7663410264d1,fp8_e4m3_kv_fp8_q,1,8192,128,64,2048,0,5,,score,eager,cuda_event_grouped_3,19.0827,ok,,8192,64,,3,20,deepgemm_fp8_paged_mqa|fixed|B1|N8192
dsa-quick,dsa,fixed,deepgemm_fp8_paged_mqa,78b69000794d0937b47ae3387eff7663410264d1,fp8_e4m3_kv_fp8_q,1,8192,128,64,2048,0,6,,score,eager,cuda_event_grouped_3,20.576,ok,,8192,64,,3,20,deepgemm_fp8_paged_mqa|fixed|B1|N8192
dsa-quick,dsa,fixed,deepgemm_fp8_paged_mqa,78b69000794d0937b47ae3387eff7663410264d1,fp8_e4m3_kv_fp8_q,1,8192,128,64,2048,0,7,,score,eager,cuda_event_grouped_3,19.0507,ok,,8192,64,,3,20,deepgemm_fp8_paged_mqa|fixed|B1|N8192
dsa-quick,dsa,fixed,deepgemm_fp8_paged_mqa,78b69000794d0937b47ae3387eff7663410264d1,fp8_e4m3_kv_fp8_q,1,8192,128,64,2048,0,8,,score,eager,cuda_event_grouped_3,19.1253,ok,,8192,64,,3,20,deepgemm_fp8_paged_mqa|fixed|B1|N8192
dsa-quick,dsa,fixed,deepgemm_fp8_paged_mqa,78b69000794d0937b47ae3387eff7663410264d1,fp8_e4m3_kv_fp8_q,1,8192,128,64,2048,0,9,,score,eager,cuda_event_grouped_3,20.0107,ok,,8192,64,,3,20,deepgemm_fp8_paged_mqa|fixed|B1|N8192
dsa-quick,dsa,fixed,deepgemm_fp8_paged_mqa,78b69000794d0937b47ae3387eff7663410264d1,fp8_e4m3_kv_fp8_q,1,8192,128,64,2048,0,10,,score,eager,cuda_event_grouped_3,19.136,ok,,8192,64,,3,20,deepgemm_fp8_paged_mqa|fixed|B1|N8192
dsa-quick,dsa,fixed,deepgemm_fp8_paged_mqa,78b69000794d0937b47ae3387eff7663410264d1,fp8_e4m3_kv_fp8_q,1,8192,128,64,2048,0,11,,score,eager,cuda_event_grouped_3,19.232,ok,,8192,64,,3,20,deepgemm_fp8_paged_mqa|fixed|B1|N8192
dsa-quick,dsa,fixed,deepgemm_fp8_paged_mqa,78b69000794d0937b47ae3387eff7663410264d1,fp8_e4m3_kv_fp8_q,1,8192,128,64,2048,0,12,,score,eager,cuda_event_grouped_3,19.104,ok,,8192,64,,3,20,deepgemm_fp8_paged_mqa|fixed|B1|N8192
dsa-quick,dsa,fixed,deepgemm_fp8_paged_mqa,78b69000794d0937b47ae3387eff7663410264d1,fp8_e4m3_kv_fp8_q,1,8192,128,64,2048,0,13,,score,eager,cuda_event_grouped_3,18.88,ok,,8192,64,,3,20,deepgemm_fp8_paged_mqa|fixed|B1|N8192
dsa-quick,dsa,fixed,deepgemm_fp8_paged_mqa,78b69000794d0937b47ae3387eff7663410264d1,fp8_e4m3_kv_fp8_q,1,8192,128,64,2048,0,14,,score,eager,cuda_event_grouped_3,19.2427,ok,,8192,64,,3,20,deepgemm_fp8_paged_mqa|fixed|B1|N8192
dsa-quick,dsa,fixed,deepgemm_fp8_paged_mqa,78b69000794d0937b47ae3387eff7663410264d1,fp8_e4m3_kv_fp8_q,1,8192,128,64,2048,0,15,,score,eager,cuda_event_grouped_3,18.8907,ok,,8192,64,,3,20,deepgemm_fp8_paged_mqa|fixed|B1|N8192
dsa-quick,dsa,fixed,deepgemm_fp8_paged_mqa,78b69000794d0937b47ae3387eff7663410264d1,fp8_e4m3_kv_fp8_q,1,8192,128,64,2048,0,16,,score,eager,cuda_event_grouped_3,18.8693,ok,,8192,64,,3,20,deepgemm_fp8_paged_mqa|fixed|B1|N8192
dsa-quick,dsa,fixed,deepgemm_fp8_paged_mqa,78b69000794d0937b47ae3387eff7663410264d1,fp8_e4m3_kv_fp8_q,1,8192,128,64,2048,0,17,,score,eager,cuda_event_grouped_3,19.424,ok,,8192,64,,3,20,deepgemm_fp8_paged_mqa|fixed|B1|N8192
dsa-quick,dsa,fixed,deepgemm_fp8_paged_mqa,78b69000794d0937b47ae3387eff7663410264d1,fp8_e4m3_kv_fp8_q,1,8192,128,64,2048,0,18,,score,eager,cuda_event_grouped_3,20.2773,ok,,8192,64,,3,20,deepgemm_fp8_paged_mqa|fixed|B1|N8192
dsa-quick,dsa,fixed,deepgemm_fp8_paged_mqa,78b69000794d0937b47ae3387eff7663410264d1,fp8_e4m3_kv_fp8_q,1,8192,128,64,2048,0,19,,score,eager,cuda_event_grouped_3,19.04,ok,,8192,64,,3,20,deepgemm_fp8_paged_mqa|fixed|B1|N8192
dsa-quick,dsa,fixed,deepgemm_fp8_paged_mqa,78b69000794d0937b47ae3387eff7663410264d1,fp8_e4m3_kv_fp8_q,1,8192,128,64,2048,0,20,,score,eager,cuda_event_grouped_3,18.9973,ok,,8192,64,,3,20,deepgemm_fp8_paged_mqa|fixed|B1|N8192
dsa-quick,dsa,fixed,deepgemm_fp8_paged_mqa,78b69000794d0937b47ae3387eff7663410264d1,fp8_e4m3_kv_fp8_q,1,8192,128,64,2048,0,21,,score,eager,cuda_event_grouped_3,19.04,ok,,8192,64,,3,20,deepgemm_fp8_paged_mqa|fixed|B1|N8192
dsa-quick,dsa,fixed,deepgemm_fp8_paged_mqa,78b69000794d0937b47ae3387eff7663410264d1,fp8_e4m3_kv_fp8_q,1,8192,128,64,2048,0,22,,score,eager,cuda_event_grouped_3,18.976,ok,,8192,64,,3,20,deepgemm_fp8_paged_mqa|fixed|B1|N8192
dsa-quick,dsa,fixed,deepgemm_fp8_paged_mqa,78b69000794d0937b47ae3387eff7663410264d1,fp8_e4m3_kv_fp8_q,1,8192,128,64,2048,0,23,,score,eager,cuda_event_grouped_3,18.9867,ok,,8192,64,,3,20,deepgemm_fp8_paged_mqa|fixed|B1|N8192
dsa-quick,dsa,fixed,deepgemm_fp8_paged_mqa,78b69000794d0937b47ae3387eff7663410264d1,fp8_e4m3_kv_fp8_q,1,8192,128,64,2048,0,24,,score,eager,cuda_event_grouped_3,19.0613,ok,,8192,64,,3,20,deepgemm_fp8_paged_mqa|fixed|B1|N8192
dsa-quick,dsa,fixed,deepgemm_fp8_paged_mqa,78b69000794d0937b47ae3387eff7663410264d1,fp8_e4m3_kv_fp8_q,1,8192,128,64,2048,0,25,,score,eager,cuda_event_grouped_3,18.7947,ok,,8192,64,,3,20,deepgemm_fp8_paged_mqa|fixed|B1|N8192
dsa-quick,dsa,fixed,deepgemm_fp8_paged_mqa,78b69000794d0937b47ae3387eff7663410264d1,fp8_e4m3_kv_fp8_q,1,8192,128,64,2048,0,26,,score,eager,cuda_event_grouped_3,18.9973,ok,,8192,64,,3,20,deepgemm_fp8_paged_mqa|fixed|B1|N8192
dsa-quick,dsa,fixed,deepgemm_fp8_paged_mqa,78b69000794d0937b47ae3387eff7663410264d1,fp8_e4m3_kv_fp8_q,1,8192,128,64,2048,0,27,,score,eager,cuda_event_grouped_3,19.072,ok,,8192,64,,3,20,deepgemm_fp8_paged_mqa|fixed|B1|N8192
dsa-quick,dsa,fixed,deepgemm_fp8_paged_mqa,78b69000794d0937b47ae3387eff7663410264d1,fp8_e4m3_kv_fp8_q,1,8192,128,64,2048,0,28,,score,eager,cuda_event_grouped_3,19.072,ok,,8192,64,,3,20,deepgemm_fp8_paged_mqa|fixed|B1|N8192
dsa-quick,dsa,fixed,deepgemm_fp8_paged_mqa,78b69000794d0937b47ae3387eff7663410264d1,fp8_e4m3_kv_fp8_q,1,8192,128,64,2048,0,29,,score,eager,cuda_event_grouped_3,18.8373,ok,,8192,64,,3,20,deepgemm_fp8_paged_mqa|fixed|B1|N8192
dsa-quick,dsa,fixed,deepgemm_fp8_paged_mqa,78b69000794d0937b47ae3387eff7663410264d1,fp8_e4m3_kv_fp8_q,1,8192,128,64,2048,0,30,,score,eager,cuda_event_grouped_3,20.5227,ok,,8192,64,,3,20,deepgemm_fp8_paged_mqa|fixed|B1|N8192
dsa-quick,dsa,fixed,deepgemm_fp8_paged_mqa,78b69000794d0937b47ae3387eff7663410264d1,fp8_e4m3_kv_fp8_q,1,8192,128,64,2048,0,31,,score,eager,cuda_event_grouped_3,18.976,ok,,8192,64,,3,20,deepgemm_fp8_paged_mqa|fixed|B1|N8192
dsa-quick,dsa,fixed,deepgemm_fp8_paged_mqa,78b69000794d0937b47ae3387eff7663410264d1,fp8_e4m3_kv_fp8_q,1,8192,128,64,2048,0,32,,score,eager,cuda_event_grouped_3,18.9547,ok,,8192,64,,3,20,deepgemm_fp8_paged_mqa|fixed|B1|N8192
dsa-quick,dsa,fixed,deepgemm_fp8_paged_mqa,78b69000794d0937b47ae3387eff7663410264d1,fp8_e4m3_kv_fp8_q,1,8192,128,64,2048,0,33,,score,eager,cuda_event_grouped_3,19.2427,ok,,8192,64,,3,20,deepgemm_fp8_paged_mqa|fixed|B1|N8192
dsa-quick,dsa,fixed,deepgemm_fp8_paged_mqa,78b69000794d0937b47ae3387eff7663410264d1,fp8_e4m3_kv_fp8_q,1,8192,128,64,2048,0,34,,score,eager,cuda_event_grouped_3,18.88,ok,,8192,64,,3,20,deepgemm_fp8_paged_mqa|fixed|B1|N8192
dsa-quick,dsa,fixed,deepgemm_fp8_paged_mqa,78b69000794d0937b47ae3387eff7663410264d1,fp8_e4m3_kv_fp8_q,1,8192,128,64,2048,0,35,,score,eager,cuda_event_grouped_3,18.72,ok,,8192,64,,3,20,deepgemm_fp8_paged_mqa|fixed|B1|N8192
dsa-quick,dsa,fixed,deepgemm_fp8_paged_mqa,78b69000794d0937b47ae3387eff7663410264d1,fp8_e4m3_kv_fp8_q,1,8192,128,64,2048,0,36,,score,eager,cuda_event_grouped_3,19.136,ok,,8192,64,,3,20,deepgemm_fp8_paged_mqa|fixed|B1|N8192
dsa-quick,dsa,fixed,deepgemm_fp8_paged_mqa,78b69000794d0937b47ae3387eff7663410264d1,fp8_e4m3_kv_fp8_q,1,8192,128,64,2048,0,37,,score,eager,cuda_event_grouped_3,19.104,ok,,8192,64,,3,20,deepgemm_fp8_paged_mqa|fixed|B1|N8192
dsa-quick,dsa,fixed,deepgemm_fp8_paged_mqa,78b69000794d0937b47ae3387eff7663410264d1,fp8_e4m3_kv_fp8_q,1,8192,128,64,2048,0,38,,score,eager,cuda_event_grouped_3,18.9547,ok,,8192,64,,3,20,deepgemm_fp8_paged_mqa|fixed|B1|N8192
dsa-quick,dsa,fixed,deepgemm_fp8_paged_mqa,78b69000794d0937b47ae3387eff7663410264d1,fp8_e4m3_kv_fp8_q,1,8192,128,64,2048,0,39,,score,eager,cuda_event_grouped_3,18.7733,ok,,8192,64,,3,20,deepgemm_fp8_paged_mqa|fixed|B1|N8192
dsa-quick,dsa,fixed,deepgemm_fp8_paged_mqa,78b69000794d0937b47ae3387eff7663410264d1,fp8_e4m3_kv_fp8_q,1,8192,128,64,2048,0,40,,score,eager,cuda_event_grouped_3,18.9653,ok,,8192,64,,3,20,deepgemm_fp8_paged_mqa|fixed|B1|N8192
dsa-quick,dsa,fixed,deepgemm_fp8_paged_mqa,78b69000794d0937b47ae3387eff7663410264d1,fp8_e4m3_kv_fp8_q,1,8192,128,64,2048,0,41,,score,eager,cuda_event_grouped_3,18.816,ok,,8192,64,,3,20,deepgemm_fp8_paged_mqa|fixed|B1|N8192
dsa-quick,dsa,fixed,deepgemm_fp8_paged_mqa,78b69000794d0937b47ae3387eff7663410264d1,fp8_e4m3_kv_fp8_q,1,8192,128,64,2048,0,42,,score,eager,cuda_event_grouped_3,19.0933,ok,,8192,64,,3,20,deepgemm_fp8_paged_mqa|fixed|B1|N8192
dsa-quick,dsa,fixed,deepgemm_fp8_paged_mqa,78b69000794d0937b47ae3387eff7663410264d1,fp8_e4m3_kv_fp8_q,1,8192,128,64,2048,0,43,,score,eager,cuda_event_grouped_3,18.9653,ok,,8192,64,,3,20,deepgemm_fp8_paged_mqa|fixed|B1|N8192
dsa-quick,dsa,fixed,deepgemm_fp8_paged_mqa,78b69000794d0937b47ae3387eff7663410264d1,fp8_e4m3_kv_fp8_q,1,8192,128,64,2048,0,44,,score,eager,cuda_event_grouped_3,18.9333,ok,,8192,64,,3,20,deepgemm_fp8_paged_mqa|fixed|B1|N8192
dsa-quick,dsa,fixed,deepgemm_fp8_paged_mqa,78b69000794d0937b47ae3387eff7663410264d1,fp8_e4m3_kv_fp8_q,1,8192,128,64,2048,0,45,,score,eager,cuda_event_grouped_3,18.9333,ok,,8192,64,,3,20,deepgemm_fp8_paged_mqa|fixed|B1|N8192
dsa-quick,dsa,fixed,deepgemm_fp8_paged_mqa,78b69000794d0937b47ae3387eff7663410264d1,fp8_e4m3_kv_fp8_q,1,8192,128,64,2048,0,46,,score,eager,cuda_event_grouped_3,19.008,ok,,8192,64,,3,20,deepgemm_fp8_paged_mqa|fixed|B1|N8192
dsa-quick,dsa,fixed,deepgemm_fp8_paged_mqa,78b69000794d0937b47ae3387eff7663410264d1,fp8_e4m3_kv_fp8_q,1,8192,128,64,2048,0,47,,score,eager,cuda_event_grouped_3,18.912,ok,,8192,64,,3,20,deepgemm_fp8_paged_mqa|fixed|B1|N8192
dsa-quick,dsa,fixed,deepgemm_fp8_paged_mqa,78b69000794d0937b47ae3387eff7663410264d1,fp8_e4m3_kv_fp8_q,1,8192,128,64,2048,0,48,,score,eager,cuda_event_grouped_3,18.784,ok,,8192,64,,3,20,deepgemm_fp8_paged_mqa|fixed|B1|N8192
dsa-quick,dsa,fixed,deepgemm_fp8_paged_mqa,78b69000794d0937b47ae3387eff7663410264d1,fp8_e4m3_kv_fp8_q,1,8192,128,64,2048,0,49,,score,eager,cuda_event_grouped_3,21.1307,ok,,8192,64,,3,20,deepgemm_fp8_paged_mqa|fixed|B1|N8192
dsa-quick,dsa,fixed,deepgemm_fp8_paged_mqa,78b69000794d0937b47ae3387eff7663410264d1,fp8_e4m3_kv_fp8_q,1,8192,128,64,2048,0,50,,score,eager,cuda_event_grouped_3,18.6773,ok,,8192,64,,3,20,deepgemm_fp8_paged_mqa|fixed|B1|N8192
dsa-quick,dsa,fixed,deepgemm_fp8_paged_mqa,78b69000794d0937b47ae3387eff7663410264d1,fp8_e4m3_kv_fp8_q,1,8192,128,64,2048,0,51,,score,eager,cuda_event_grouped_3,18.9333,ok,,8192,64,,3,20,deepgemm_fp8_paged_mqa|fixed|B1|N8192
dsa-quick,dsa,fixed,deepgemm_fp8_paged_mqa,78b69000794d0937b47ae3387eff7663410264d1,fp8_e4m3_kv_fp8_q,1,8192,128,64,2048,0,52,,score,eager,cuda_event_grouped_3,19.1253,ok,,8192,64,,3,20,deepgemm_fp8_paged_mqa|fixed|B1|N8192
dsa-quick,dsa,fixed,deepgemm_fp8_paged_mqa,78b69000794d0937b47ae3387eff7663410264d1,fp8_e4m3_kv_fp8_q,1,8192,128,64,2048,0,53,,score,eager,cuda_event_grouped_3,18.88,ok,,8192,64,,3,20,deepgemm_fp8_paged_mqa|fixed|B1|N8192
dsa-quick,dsa,fixed,deepgemm_fp8_paged_mqa,78b69000794d0937b47ae3387eff7663410264d1,fp8_e4m3_kv_fp8_q,1,8192,128,64,2048,0,54,,score,eager,cuda_event_grouped_3,18.976,ok,,8192,64,,3,20,deepgemm_fp8_paged_mqa|fixed|B1|N8192
dsa-quick,dsa,fixed,deepgemm_fp8_paged_mqa,78b69000794d0937b47ae3387eff7663410264d1,fp8_e4m3_kv_fp8_q,1,8192,128,64,2048,0,55,,score,eager,cuda_event_grouped_3,18.912,ok,,8192,64,,3,20,deepgemm_fp8_paged_mqa|fixed|B1|N8192
dsa-quick,dsa,fixed,deepgemm_fp8_paged_mqa,78b69000794d0937b47ae3387eff7663410264d1,fp8_e4m3_kv_fp8_q,1,8192,128,64,2048,0,56,,score,eager,cuda_event_grouped_3,18.9013,ok,,8192,64,,3,20,deepgemm_fp8_paged_mqa|fixed|B1|N8192
dsa-quick,dsa,fixed,deepgemm_fp8_paged_mqa,78b69000794d0937b47ae3387eff7663410264d1,fp8_e4m3_kv_fp8_q,1,8192,128,64,2048,0,57,,score,eager,cuda_event_grouped_3,18.88,ok,,8192,64,,3,20,deepgemm_fp8_paged_mqa|fixed|B1|N8192
dsa-quick,dsa,fixed,deepgemm_fp8_paged_mqa,78b69000794d0937b47ae3387eff7663410264d1,fp8_e4m3_kv_fp8_q,1,8192,128,64,2048,0,58,,score,eager,cuda_event_grouped_3,18.9013,ok,,8192,64,,3,20,deepgemm_fp8_paged_mqa|fixed|B1|N8192
dsa-quick,dsa,fixed,deepgemm_fp8_paged_mqa,78b69000794d0937b47ae3387eff7663410264d1,fp8_e4m3_kv_fp8_q,1,8192,128,64,2048,0,59,,score,eager,cuda_event_grouped_3,18.9547,ok,,8192,64,,3,20,deepgemm_fp8_paged_mqa|fixed|B1|N8192
dsa-quick,dsa,fixed,deepgemm_fp8_paged_mqa,78b69000794d0937b47ae3387eff7663410264d1,fp8_e4m3_kv_fp8_q,1,8192,128,64,2048,0,60,,score,eager,cuda_event_grouped_3,18.848,ok,,8192,64,,3,20,deepgemm_fp8_paged_mqa|fixed|B1|N8192
dsa-quick,dsa,fixed,deepgemm_fp8_paged_mqa,78b69000794d0937b47ae3387eff7663410264d1,fp8_e4m3_kv_fp8_q,1,8192,128,64,2048,0,61,,score,eager,cuda_event_grouped_3,18.912,ok,,8192,64,,3,20,deepgemm_fp8_paged_mqa|fixed|B1|N8192
dsa-quick,dsa,fixed,deepgemm_fp8_paged_mqa,78b69000794d0937b47ae3387eff7663410264d1,fp8_e4m3_kv_fp8_q,1,8192,128,64,2048,0,62,,score,eager,cuda_event_grouped_3,19.0827,ok,,8192,64,,3,20,deepgemm_fp8_paged_mqa|fixed|B1|N8192
dsa-quick,dsa,fixed,deepgemm_fp8_paged_mqa,78b69000794d0937b47ae3387eff7663410264d1,fp8_e4m3_kv_fp8_q,1,8192,128,64,2048,0,63,,score,eager,cuda_event_grouped_3,18.944,ok,,8192,64,,3,20,deepgemm_fp8_paged_mqa|fixed|B1|N8192
dsa-quick,dsa,fixed,deepgemm_fp8_paged_mqa,78b69000794d0937b47ae3387eff7663410264d1,fp8_e4m3_kv_fp8_q,1,8192,128,64,2048,0,64,,score,eager,cuda_event_grouped_3,19.04,ok,,8192,64,,3,20,deepgemm_fp8_paged_mqa|fixed|B1|N8192
dsa-quick,dsa,fixed,deepgemm_fp8_paged_mqa,78b69000794d0937b47ae3387eff7663410264d1,fp8_e4m3_kv_fp8_q,1,8192,128,64,2048,0,65,,score,eager,cuda_event_grouped_3,18.9973,ok,,8192,64,,3,20,deepgemm_fp8_paged_mqa|fixed|B1|N8192
dsa-quick,dsa,fixed,deepgemm_fp8_paged_mqa,78b69000794d0937b47ae3387eff7663410264d1,fp8_e4m3_kv_fp8_q,1,8192,128,64,2048,0,66,,score,eager,cuda_event_grouped_3,18.9973,ok,,8192,64,,3,20,deepgemm_fp8_paged_mqa|fixed|B1|N8192
dsa-quick,dsa,fixed,deepgemm_fp8_paged_mqa,78b69000794d0937b47ae3387eff7663410264d1,fp8_e4m3_kv_fp8_q,1,8192,128,64,2048,0,67,,score,eager,cuda_event_grouped_3,18.9227,ok,,8192,64,,3,20,deepgemm_fp8_paged_mqa|fixed|B1|N8192
dsa-quick,dsa,fixed,deepgemm_fp8_paged_mqa,78b69000794d0937b47ae3387eff7663410264d1,fp8_e4m3_kv_fp8_q,1,8192,128,64,2048,0,68,,score,eager,cuda_event_grouped_3,19.232,ok,,8192,64,,3,20,deepgemm_fp8_paged_mqa|fixed|B1|N8192
dsa-quick,dsa,fixed,deepgemm_fp8_paged_mqa,78b69000794d0937b47ae3387eff7663410264d1,fp8_e4m3_kv_fp8_q,1,8192,128,64,2048,0,69,,score,eager,cuda_event_grouped_3,18.8267,ok,,8192,64,,3,20,deepgemm_fp8_paged_mqa|fixed|B1|N8192
dsa-quick,dsa,fixed,deepgemm_fp8_paged_mqa,78b69000794d0937b47ae3387eff7663410264d1,fp8_e4m3_kv_fp8_q,1,8192,128,64,2048,0,70,,score,eager,cuda_event_grouped_3,18.8267,ok,,8192,64,,3,20,deepgemm_fp8_paged_mqa|fixed|B1|N8192
dsa-quick,dsa,fixed,deepgemm_fp8_paged_mqa,78b69000794d0937b47ae3387eff7663410264d1,fp8_e4m3_kv_fp8_q,1,8192,128,64,2048,0,71,,score,eager,cuda_event_grouped_3,18.912,ok,,8192,64,,3,20,deepgemm_fp8_paged_mqa|fixed|B1|N8192
dsa-quick,dsa,fixed,deepgemm_fp8_paged_mqa,78b69000794d0937b47ae3387eff7663410264d1,fp8_e4m3_kv_fp8_q,1,8192,128,64,2048,0,72,,score,eager,cuda_event_grouped_3,18.9333,ok,,8192,64,,3,20,deepgemm_fp8_paged_mqa|fixed|B1|N8192
dsa-quick,dsa,fixed,deepgemm_fp8_paged_mqa,78b69000794d0937b47ae3387eff7663410264d1,fp8_e4m3_kv_fp8_q,1,8192,128,64,2048,0,73,,score,eager,cuda_event_grouped_3,18.88,ok,,8192,64,,3,20,deepgemm_fp8_paged_mqa|fixed|B1|N8192
dsa-quick,dsa,fixed,deepgemm_fp8_paged_mqa,78b69000794d0937b47ae3387eff7663410264d1,fp8_e4m3_kv_fp8_q,1,8192,128,64,2048,0,74,,score,eager,cuda_event_grouped_3,18.7093,ok,,8192,64,,3,20,deepgemm_fp8_paged_mqa|fixed|B1|N8192
dsa-quick,dsa,fixed,deepgemm_fp8_paged_mqa,78b69000794d0937b47ae3387eff7663410264d1,fp8_e4m3_kv_fp8_q,1,8192,128,64,2048,0,75,,score,eager,cuda_event_grouped_3,19.104,ok,,8192,64,,3,20,deepgemm_fp8_paged_mqa|fixed|B1|N8192
dsa-quick,dsa,fixed,deepgemm_fp8_paged_mqa,78b69000794d0937b47ae3387eff7663410264d1,fp8_e4m3_kv_fp8_q,1,8192,128,64,2048,0,76,,score,eager,cuda_event_grouped_3,18.8267,ok,,8192,64,,3,20,deepgemm_fp8_paged_mqa|fixed|B1|N8192
dsa-quick,dsa,fixed,deepgemm_fp8_paged_mqa,78b69000794d0937b47ae3387eff7663410264d1,fp8_e4m3_kv_fp8_q,1,8192,128,64,2048,0,77,,score,eager,cuda_event_grouped_3,20.5973,ok,,8192,64,,3,20,deepgemm_fp8_paged_mqa|fixed|B1|N8192
dsa-quick,dsa,fixed,deepgemm_fp8_paged_mqa,78b69000794d0937b47ae3387eff7663410264d1,fp8_e4m3_kv_fp8_q,1,8192,128,64,2048,0,78,,score,eager,cuda_event_grouped_3,19.392,ok,,8192,64,,3,20,deepgemm_fp8_paged_mqa|fixed|B1|N8192
dsa-quick,dsa,fixed,deepgemm_fp8_paged_mqa,78b69000794d0937b47ae3387eff7663410264d1,fp8_e4m3_kv_fp8_q,1,8192,128,64,2048,0,79,,score,eager,cuda_event_grouped_3,18.9653,ok,,8192,64,,3,20,deepgemm_fp8_paged_mqa|fixed|B1|N8192
dsa-quick,dsa,fixed,deepgemm_fp8_paged_mqa,78b69000794d0937b47ae3387eff7663410264d1,fp8_e4m3_kv_fp8_q,1,8192,128,64,2048,0,80,,score,eager,cuda_event_grouped_3,18.9333,ok,,8192,64,,3,20,deepgemm_fp8_paged_mqa|fixed|B1|N8192
dsa-quick,dsa,fixed,deepgemm_fp8_paged_mqa,78b69000794d0937b47ae3387eff7663410264d1,fp8_e4m3_kv_fp8_q,1,8192,128,64,2048,0,81,,score,eager,cuda_event_grouped_3,18.9867,ok,,8192,64,,3,20,deepgemm_fp8_paged_mqa|fixed|B1|N8192
dsa-quick,dsa,fixed,deepgemm_fp8_paged_mqa,78b69000794d0937b47ae3387eff7663410264d1,fp8_e4m3_kv_fp8_q,1,8192,128,64,2048,0,82,,score,eager,cuda_event_grouped_3,21.184,ok,,8192,64,,3,20,deepgemm_fp8_paged_mqa|fixed|B1|N8192
dsa-quick,dsa,fixed,deepgemm_fp8_paged_mqa,78b69000794d0937b47ae3387eff7663410264d1,fp8_e4m3_kv_fp8_q,1,8192,128,64,2048,0,83,,score,eager,cuda_event_grouped_3,18.8907,ok,,8192,64,,3,20,deepgemm_fp8_paged_mqa|fixed|B1|N8192
dsa-quick,dsa,fixed,deepgemm_fp8_paged_mqa,78b69000794d0937b47ae3387eff7663410264d1,fp8_e4m3_kv_fp8_q,1,8192,128,64,2048,0,84,,score,eager,cuda_event_grouped_3,19.3387,ok,,8192,64,,3,20,deepgemm_fp8_paged_mqa|fixed|B1|N8192
dsa-quick,dsa,fixed,deepgemm_fp8_paged_mqa,78b69000794d0937b47ae3387eff7663410264d1,fp8_e4m3_kv_fp8_q,1,8192,128,64,2048,0,85,,score,eager,cuda_event_grouped_3,18.8587,ok,,8192,64,,3,20,deepgemm_fp8_paged_mqa|fixed|B1|N8192
dsa-quick,dsa,fixed,deepgemm_fp8_paged_mqa,78b69000794d0937b47ae3387eff7663410264d1,fp8_e4m3_kv_fp8_q,1,8192,128,64,2048,0,86,,score,eager,cuda_event_grouped_3,18.7307,ok,,8192,64,,3,20,deepgemm_fp8_paged_mqa|fixed|B1|N8192
dsa-quick,dsa,fixed,deepgemm_fp8_paged_mqa,78b69000794d0937b47ae3387eff7663410264d1,fp8_e4m3_kv_fp8_q,1,8192,128,64,2048,0,87,,score,eager,cuda_event_grouped_3,18.9973,ok,,8192,64,,3,20,deepgemm_fp8_paged_mqa|fixed|B1|N8192
dsa-quick,dsa,fixed,deepgemm_fp8_paged_mqa,78b69000794d0937b47ae3387eff7663410264d1,fp8_e4m3_kv_fp8_q,1,8192,128,64,2048,0,88,,score,eager,cuda_event_grouped_3,19.1147,ok,,8192,64,,3,20,deepgemm_fp8_paged_mqa|fixed|B1|N8192
dsa-quick,dsa,fixed,deepgemm_fp8_paged_mqa,78b69000794d0937b47ae3387eff7663410264d1,fp8_e4m3_kv_fp8_q,1,8192,128,64,2048,0,89,,score,eager,cuda_event_grouped_3,20.4053,ok,,8192,64,,3,20,deepgemm_fp8_paged_mqa|fixed|B1|N8192
dsa-quick,dsa,fixed,deepgemm_fp8_paged_mqa,78b69000794d0937b47ae3387eff7663410264d1,fp8_e4m3_kv_fp8_q,1,8192,128,64,2048,0,90,,score,eager,cuda_event_grouped_3,18.944,ok,,8192,64,,3,20,deepgemm_fp8_paged_mqa|fixed|B1|N8192
dsa-quick,dsa,fixed,deepgemm_fp8_paged_mqa,78b69000794d0937b47ae3387eff7663410264d1,fp8_e4m3_kv_fp8_q,1,8192,128,64,2048,0,91,,score,eager,cuda_event_grouped_3,19.0613,ok,,8192,64,,3,20,deepgemm_fp8_paged_mqa|fixed|B1|N8192
dsa-quick,dsa,fixed,deepgemm_fp8_paged_mqa,78b69000794d0937b47ae3387eff7663410264d1,fp8_e4m3_kv_fp8_q,1,8192,128,64,2048,0,92,,score,eager,cuda_event_grouped_3,18.9227,ok,,8192,64,,3,20,deepgemm_fp8_paged_mqa|fixed|B1|N8192
dsa-quick,dsa,fixed,deepgemm_fp8_paged_mqa,78b69000794d0937b47ae3387eff7663410264d1,fp8_e4m3_kv_fp8_q,1,8192,128,64,2048,0,93,,score,eager,cuda_event_grouped_3,18.7627,ok,,8192,64,,3,20,deepgemm_fp8_paged_mqa|fixed|B1|N8192
dsa-quick,dsa,fixed,deepgemm_fp8_paged_mqa,78b69000794d0937b47ae3387eff7663410264d1,fp8_e4m3_kv_fp8_q,1,8192,128,64,2048,0,94,,score,eager,cuda_event_grouped_3,19.04,ok,,8192,64,,3,20,deepgemm_fp8_paged_mqa|fixed|B1|N8192
dsa-quick,dsa,fixed,deepgemm_fp8_paged_mqa,78b69000794d0937b47ae3387eff7663410264d1,fp8_e4m3_kv_fp8_q,1,8192,128,64,2048,0,95,,score,eager,cuda_event_grouped_3,18.9013,ok,,8192,64,,3,20,deepgemm_fp8_paged_mqa|fixed|B1|N8192
dsa-quick,dsa,fixed,deepgemm_fp8_paged_mqa,78b69000794d0937b47ae3387eff7663410264d1,fp8_e4m3_kv_fp8_q,1,8192,128,64,2048,0,96,,score,eager,cuda_event_grouped_3,18.848,ok,,8192,64,,3,20,deepgemm_fp8_paged_mqa|fixed|B1|N8192
dsa-quick,dsa,fixed,deepgemm_fp8_paged_mqa,78b69000794d0937b47ae3387eff7663410264d1,fp8_e4m3_kv_fp8_q,1,8192,128,64,2048,0,97,,score,eager,cuda_event_grouped_3,19.168,ok,,8192,64,,3,20,deepgemm_fp8_paged_mqa|fixed|B1|N8192
dsa-quick,dsa,fixed,deepgemm_fp8_paged_mqa,78b69000794d0937b47ae3387eff7663410264d1,fp8_e4m3_kv_fp8_q,1,8192,128,64,2048,0,98,,score,eager,cuda_event_grouped_3,18.848,ok,,8192,64,,3,20,deepgemm_fp8_paged_mqa|fixed|B1|N8192
dsa-quick,dsa,fixed,deepgemm_fp8_paged_mqa,78b69000794d0937b47ae3387eff7663410264d1,fp8_e4m3_kv_fp8_q,1,8192,128,64,2048,0,99,,score,eager,cuda_event_grouped_3,18.784,ok,,8192,64,,3,20,deepgemm_fp8_paged_mqa|fixed|B1|N8192
dsa-quick,dsa,fixed,deepgemm_fp8_paged_mqa,78b69000794d0937b47ae3387eff7663410264d1,fp8_e4m3_kv_fp8_q,1,8192,128,64,2048,0,0,,select,eager,cuda_event_per_iter,58.56,ok,,8192,64,,1,20,deepgemm_fp8_paged_mqa|fixed|B1|N8192
dsa-quick,dsa,fixed,deepgemm_fp8_paged_mqa,78b69000794d0937b47ae3387eff7663410264d1,fp8_e4m3_kv_fp8_q,1,8192,128,64,2048,0,1,,select,eager,cuda_event_per_iter,59.392,ok,,8192,64,,1,20,deepgemm_fp8_paged_mqa|fixed|B1|N8192
dsa-quick,dsa,fixed,deepgemm_fp8_paged_mqa,78b69000794d0937b47ae3387eff7663410264d1,fp8_e4m3_kv_fp8_q,1,8192,128,64,2048,0,2,,select,eager,cuda_event_per_iter,61.344,ok,,8192,64,,1,20,deepgemm_fp8_paged_mqa|fixed|B1|N8192
dsa-quick,dsa,fixed,deepgemm_fp8_paged_mqa,78b69000794d0937b47ae3387eff7663410264d1,fp8_e4m3_kv_fp8_q,1,8192,128,64,2048,0,3,,select,eager,cuda_event_per_iter,56.448,ok,,8192,64,,1,20,deepgemm_fp8_paged_mqa|fixed|B1|N8192
dsa-quick,dsa,fixed,deepgemm_fp8_paged_mqa,78b69000794d0937b47ae3387eff7663410264d1,fp8_e4m3_kv_fp8_q,1,8192,128,64,2048,0,4,,select,eager,cuda_event_per_iter,59.008,ok,,8192,64,,1,20,deepgemm_fp8_paged_mqa|fixed|B1|N8192
dsa-quick,dsa,fixed,deepgemm_fp8_paged_mqa,78b69000794d0937b47ae3387eff7663410264d1,fp8_e4m3_kv_fp8_q,1,8192,128,64,2048,0,5,,select,eager,cuda_event_per_iter,58.624,ok,,8192,64,,1,20,deepgemm_fp8_paged_mqa|fixed|B1|N8192
dsa-quick,dsa,fixed,deepgemm_fp8_paged_mqa,78b69000794d0937b47ae3387eff7663410264d1,fp8_e4m3_kv_fp8_q,1,8192,128,64,2048,0,6,,select,eager,cuda_event_per_iter,54.112,ok,,8192,64,,1,20,deepgemm_fp8_paged_mqa|fixed|B1|N8192
dsa-quick,dsa,fixed,deepgemm_fp8_paged_mqa,78b69000794d0937b47ae3387eff7663410264d1,fp8_e4m3_kv_fp8_q,1,8192,128,64,2048,0,7,,select,eager,cuda_event_per_iter,56.736,ok,,8192,64,,1,20,deepgemm_fp8_paged_mqa|fixed|B1|N8192
dsa-quick,dsa,fixed,deepgemm_fp8_paged_mqa,78b69000794d0937b47ae3387eff7663410264d1,fp8_e4m3_kv_fp8_q,1,8192,128,64,2048,0,8,,select,eager,cuda_event_per_iter,57.664,ok,,8192,64,,1,20,deepgemm_fp8_paged_mqa|fixed|B1|N8192
dsa-quick,dsa,fixed,deepgemm_fp8_paged_mqa,78b69000794d0937b47ae3387eff7663410264d1,fp8_e4m3_kv_fp8_q,1,8192,128,64,2048,0,9,,select,eager,cuda_event_per_iter,59.584,ok,,8192,64,,1,20,deepgemm_fp8_paged_mqa|fixed|B1|N8192
dsa-quick,dsa,fixed,deepgemm_fp8_paged_mqa,78b69000794d0937b47ae3387eff7663410264d1,fp8_e4m3_kv_fp8_q,1,8192,128,64,2048,0,10,,select,eager,cuda_event_per_iter,61.344,ok,,8192,64,,1,20,deepgemm_fp8_paged_mqa|fixed|B1|N8192
dsa-quick,dsa,fixed,deepgemm_fp8_paged_mqa,78b69000794d0937b47ae3387eff7663410264d1,fp8_e4m3_kv_fp8_q,1,8192,128,64,2048,0,11,,select,eager,cuda_event_per_iter,57.056,ok,,8192,64,,1,20,deepgemm_fp8_paged_mqa|fixed|B1|N8192
dsa-quick,dsa,fixed,deepgemm_fp8_paged_mqa,78b69000794d0937b47ae3387eff7663410264d1,fp8_e4m3_kv_fp8_q,1,8192,128,64,2048,0,12,,select,eager,cuda_event_per_iter,58.976,ok,,8192,64,,1,20,deepgemm_fp8_paged_mqa|fixed|B1|N8192
dsa-quick,dsa,fixed,deepgemm_fp8_paged_mqa,78b69000794d0937b47ae3387eff7663410264d1,fp8_e4m3_kv_fp8_q,1,8192,128,64,2048,0,13,,select,eager,cuda_event_per_iter,58.624,ok,,8192,64,,1,20,deepgemm_fp8_paged_mqa|fixed|B1|N8192
dsa-quick,dsa,fixed,deepgemm_fp8_paged_mqa,78b69000794d0937b47ae3387eff7663410264d1,fp8_e4m3_kv_fp8_q,1,8192,128,64,2048,0,14,,select,eager,cuda_event_per_iter,53.92,ok,,8192,64,,1,20,deepgemm_fp8_paged_mqa|fixed|B1|N8192
dsa-quick,dsa,fixed,deepgemm_fp8_paged_mqa,78b69000794d0937b47ae3387eff7663410264d1,fp8_e4m3_kv_fp8_q,1,8192,128,64,2048,0,15,,select,eager,cuda_event_per_iter,56.992,ok,,8192,64,,1,20,deepgemm_fp8_paged_mqa|fixed|B1|N8192
dsa-quick,dsa,fixed,deepgemm_fp8_paged_mqa,78b69000794d0937b47ae3387eff7663410264d1,fp8_e4m3_kv_fp8_q,1,8192,128,64,2048,0,16,,select,eager,cuda_event_per_iter,57.472,ok,,8192,64,,1,20,deepgemm_fp8_paged_mqa|fixed|B1|N8192
dsa-quick,dsa,fixed,deepgemm_fp8_paged_mqa,78b69000794d0937b47ae3387eff7663410264d1,fp8_e4m3_kv_fp8_q,1,8192,128,64,2048,0,17,,select,eager,cuda_event_per_iter,59.104,ok,,8192,64,,1,20,deepgemm_fp8_paged_mqa|fixed|B1|N8192
dsa-quick,dsa,fixed,deepgemm_fp8_paged_mqa,78b69000794d0937b47ae3387eff7663410264d1,fp8_e4m3_kv_fp8_q,1,8192,128,64,2048,0,18,,select,eager,cuda_event_per_iter,61.056,ok,,8192,64,,1,20,deepgemm_fp8_paged_mqa|fixed|B1|N8192
dsa-quick,dsa,fixed,deepgemm_fp8_paged_mqa,78b69000794d0937b47ae3387eff7663410264d1,fp8_e4m3_kv_fp8_q,1,8192,128,64,2048,0,19,,select,eager,cuda_event_per_iter,57.12,ok,,8192,64,,1,20,deepgemm_fp8_paged_mqa|fixed|B1|N8192
dsa-quick,dsa,fixed,deepgemm_fp8_paged_mqa,78b69000794d0937b47ae3387eff7663410264d1,fp8_e4m3_kv_fp8_q,1,8192,128,64,2048,0,20,,select,eager,cuda_event_per_iter,58.944,ok,,8192,64,,1,20,deepgemm_fp8_paged_mqa|fixed|B1|N8192
dsa-quick,dsa,fixed,deepgemm_fp8_paged_mqa,78b69000794d0937b47ae3387eff7663410264d1,fp8_e4m3_kv_fp8_q,1,8192,128,64,2048,0,21,,select,eager,cuda_event_per_iter,58.72,ok,,8192,64,,1,20,deepgemm_fp8_paged_mqa|fixed|B1|N8192
dsa-quick,dsa,fixed,deepgemm_fp8_paged_mqa,78b69000794d0937b47ae3387eff7663410264d1,fp8_e4m3_kv_fp8_q,1,8192,128,64,2048,0,22,,select,eager,cuda_event_per_iter,53.728,ok,,8192,64,,1,20,deepgemm_fp8_paged_mqa|fixed|B1|N8192
dsa-quick,dsa,fixed,deepgemm_fp8_paged_mqa,78b69000794d0937b47ae3387eff7663410264d1,fp8_e4m3_kv_fp8_q,1,8192,128,64,2048,0,23,,select,eager,cuda_event_per_iter,56.416,ok,,8192,64,,1,20,deepgemm_fp8_paged_mqa|fixed|B1|N8192
dsa-quick,dsa,fixed,deepgemm_fp8_paged_mqa,78b69000794d0937b47ae3387eff7663410264d1,fp8_e4m3_kv_fp8_q,1,8192,128,64,2048,0,24,,select,eager,cuda_event_per_iter,57.824,ok,,8192,64,,1,20,deepgemm_fp8_paged_mqa|fixed|B1|N8192
dsa-quick,dsa,fixed,deepgemm_fp8_paged_mqa,78b69000794d0937b47ae3387eff7663410264d1,fp8_e4m3_kv_fp8_q,1,8192,128,64,2048,0,25,,select,eager,cuda_event_per_iter,59.136,ok,,8192,64,,1,20,deepgemm_fp8_paged_mqa|fixed|B1|N8192
dsa-quick,dsa,fixed,deepgemm_fp8_paged_mqa,78b69000794d0937b47ae3387eff7663410264d1,fp8_e4m3_kv_fp8_q,1,8192,128,64,2048,0,26,,select,eager,cuda_event_per_iter,61.216,ok,,8192,64,,1,20,deepgemm_fp8_paged_mqa|fixed|B1|N8192
dsa-quick,dsa,fixed,deepgemm_fp8_paged_mqa,78b69000794d0937b47ae3387eff7663410264d1,fp8_e4m3_kv_fp8_q,1,8192,128,64,2048,0,27,,select,eager,cuda_event_per_iter,56.416,ok,,8192,64,,1,20,deepgemm_fp8_paged_mqa|fixed|B1|N8192
dsa-quick,dsa,fixed,deepgemm_fp8_paged_mqa,78b69000794d0937b47ae3387eff7663410264d1,fp8_e4m3_kv_fp8_q,1,8192,128,64,2048,0,28,,select,eager,cuda_event_per_iter,58.624,ok,,8192,64,,1,20,deepgemm_fp8_paged_mqa|fixed|B1|N8192
dsa-quick,dsa,fixed,deepgemm_fp8_paged_mqa,78b69000794d0937b47ae3387eff7663410264d1,fp8_e4m3_kv_fp8_q,1,8192,128,64,2048,0,29,,select,eager,cuda_event_per_iter,58.528,ok,,8192,64,,1,20,deepgemm_fp8_paged_mqa|fixed|B1|N8192
dsa-quick,dsa,fixed,deepgemm_fp8_paged_mqa,78b69000794d0937b47ae3387eff7663410264d1,fp8_e4m3_kv_fp8_q,1,8192,128,64,2048,0,30,,select,eager,cuda_event_per_iter,53.696,ok,,8192,64,,1,20,deepgemm_fp8_paged_mqa|fixed|B1|N8192
dsa-quick,dsa,fixed,deepgemm_fp8_paged_mqa,78b69000794d0937b47ae3387eff7663410264d1,fp8_e4m3_kv_fp8_q,1,8192,128,64,2048,0,31,,select,eager,cuda_event_per_iter,56.608,ok,,8192,64,,1,20,deepgemm_fp8_paged_mqa|fixed|B1|N8192
dsa-quick,dsa,fixed,deepgemm_fp8_paged_mqa,78b69000794d0937b47ae3387eff7663410264d1,fp8_e4m3_kv_fp8_q,1,8192,128,64,2048,0,32,,select,eager,cuda_event_per_iter,57.472,ok,,8192,64,,1,20,deepgemm_fp8_paged_mqa|fixed|B1|N8192
dsa-quick,dsa,fixed,deepgemm_fp8_paged_mqa,78b69000794d0937b47ae3387eff7663410264d1,fp8_e4m3_kv_fp8_q,1,8192,128,64,2048,0,33,,select,eager,cuda_event_per_iter,58.976,ok,,8192,64,,1,20,deepgemm_fp8_paged_mqa|fixed|B1|N8192
dsa-quick,dsa,fixed,deepgemm_fp8_paged_mqa,78b69000794d0937b47ae3387eff7663410264d1,fp8_e4m3_kv_fp8_q,1,8192,128,64,2048,0,34,,select,eager,cuda_event_per_iter,61.184,ok,,8192,64,,1,20,deepgemm_fp8_paged_mqa|fixed|B1|N8192
dsa-quick,dsa,fixed,deepgemm_fp8_paged_mqa,78b69000794d0937b47ae3387eff7663410264d1,fp8_e4m3_kv_fp8_q,1,8192,128,64,2048,0,35,,select,eager,cuda_event_per_iter,56.736,ok,,8192,64,,1,20,deepgemm_fp8_paged_mqa|fixed|B1|N8192
dsa-quick,dsa,fixed,deepgemm_fp8_paged_mqa,78b69000794d0937b47ae3387eff7663410264d1,fp8_e4m3_kv_fp8_q,1,8192,128,64,2048,0,36,,select,eager,cuda_event_per_iter,58.784,ok,,8192,64,,1,20,deepgemm_fp8_paged_mqa|fixed|B1|N8192
dsa-quick,dsa,fixed,deepgemm_fp8_paged_mqa,78b69000794d0937b47ae3387eff7663410264d1,fp8_e4m3_kv_fp8_q,1,8192,128,64,2048,0,37,,select,eager,cuda_event_per_iter,58.944,ok,,8192,64,,1,20,deepgemm_fp8_paged_mqa|fixed|B1|N8192
dsa-quick,dsa,fixed,deepgemm_fp8_paged_mqa,78b69000794d0937b47ae3387eff7663410264d1,fp8_e4m3_kv_fp8_q,1,8192,128,64,2048,0,38,,select,eager,cuda_event_per_iter,53.824,ok,,8192,64,,1,20,deepgemm_fp8_paged_mqa|fixed|B1|N8192
dsa-quick,dsa,fixed,deepgemm_fp8_paged_mqa,78b69000794d0937b47ae3387eff7663410264d1,fp8_e4m3_kv_fp8_q,1,8192,128,64,2048,0,39,,select,eager,cuda_event_per_iter,56.704,ok,,8192,64,,1,20,deepgemm_fp8_paged_mqa|fixed|B1|N8192
dsa-quick,dsa,fixed,deepgemm_fp8_paged_mqa,78b69000794d0937b47ae3387eff7663410264d1,fp8_e4m3_kv_fp8_q,1,8192,128,64,2048,0,40,,select,eager,cuda_event_per_iter,57.728,ok,,8192,64,,1,20,deepgemm_fp8_paged_mqa|fixed|B1|N8192
dsa-quick,dsa,fixed,deepgemm_fp8_paged_mqa,78b69000794d0937b47ae3387eff7663410264d1,fp8_e4m3_kv_fp8_q,1,8192,128,64,2048,0,41,,select,eager,cuda_event_per_iter,58.976,ok,,8192,64,,1,20,deepgemm_fp8_paged_mqa|fixed|B1|N8192
dsa-quick,dsa,fixed,deepgemm_fp8_paged_mqa,78b69000794d0937b47ae3387eff7663410264d1,fp8_e4m3_kv_fp8_q,1,8192,128,64,2048,0,42,,select,eager,cuda_event_per_iter,61.056,ok,,8192,64,,1,20,deepgemm_fp8_paged_mqa|fixed|B1|N8192
dsa-quick,dsa,fixed,deepgemm_fp8_paged_mqa,78b69000794d0937b47ae3387eff7663410264d1,fp8_e4m3_kv_fp8_q,1,8192,128,64,2048,0,43,,select,eager,cuda_event_per_iter,56.512,ok,,8192,64,,1,20,deepgemm_fp8_paged_mqa|fixed|B1|N8192
dsa-quick,dsa,fixed,deepgemm_fp8_paged_mqa,78b69000794d0937b47ae3387eff7663410264d1,fp8_e4m3_kv_fp8_q,1,8192,128,64,2048,0,44,,select,eager,cuda_event_per_iter,58.656,ok,,8192,64,,1,20,deepgemm_fp8_paged_mqa|fixed|B1|N8192
dsa-quick,dsa,fixed,deepgemm_fp8_paged_mqa,78b69000794d0937b47ae3387eff7663410264d1,fp8_e4m3_kv_fp8_q,1,8192,128,64,2048,0,45,,select,eager,cuda_event_per_iter,58.496,ok,,8192,64,,1,20,deepgemm_fp8_paged_mqa|fixed|B1|N8192
dsa-quick,dsa,fixed,deepgemm_fp8_paged_mqa,78b69000794d0937b47ae3387eff7663410264d1,fp8_e4m3_kv_fp8_q,1,8192,128,64,2048,0,46,,select,eager,cuda_event_per_iter,53.984,ok,,8192,64,,1,20,deepgemm_fp8_paged_mqa|fixed|B1|N8192
dsa-quick,dsa,fixed,deepgemm_fp8_paged_mqa,78b69000794d0937b47ae3387eff7663410264d1,fp8_e4m3_kv_fp8_q,1,8192,128,64,2048,0,47,,select,eager,cuda_event_per_iter,56.8,ok,,8192,64,,1,20,deepgemm_fp8_paged_mqa|fixed|B1|N8192
dsa-quick,dsa,fixed,deepgemm_fp8_paged_mqa,78b69000794d0937b47ae3387eff7663410264d1,fp8_e4m3_kv_fp8_q,1,8192,128,64,2048,0,48,,select,eager,cuda_event_per_iter,57.536,ok,,8192,64,,1,20,deepgemm_fp8_paged_mqa|fixed|B1|N8192
dsa-quick,dsa,fixed,deepgemm_fp8_paged_mqa,78b69000794d0937b47ae3387eff7663410264d1,fp8_e4m3_kv_fp8_q,1,8192,128,64,2048,0,49,,select,eager,cuda_event_per_iter,59.584,ok,,8192,64,,1,20,deepgemm_fp8_paged_mqa|fixed|B1|N8192
dsa-quick,dsa,fixed,deepgemm_fp8_paged_mqa,78b69000794d0937b47ae3387eff7663410264d1,fp8_e4m3_kv_fp8_q,1,8192,128,64,2048,0,50,,select,eager,cuda_event_per_iter,61.056,ok,,8192,64,,1,20,deepgemm_fp8_paged_mqa|fixed|B1|N8192
dsa-quick,dsa,fixed,deepgemm_fp8_paged_mqa,78b69000794d0937b47ae3387eff7663410264d1,fp8_e4m3_kv_fp8_q,1,8192,128,64,2048,0,51,,select,eager,cuda_event_per_iter,56.96,ok,,8192,64,,1,20,deepgemm_fp8_paged_mqa|fixed|B1|N8192
dsa-quick,dsa,fixed,deepgemm_fp8_paged_mqa,78b69000794d0937b47ae3387eff7663410264d1,fp8_e4m3_kv_fp8_q,1,8192,128,64,2048,0,52,,select,eager,cuda_event_per_iter,58.88,ok,,8192,64,,1,20,deepgemm_fp8_paged_mqa|fixed|B1|N8192
dsa-quick,dsa,fixed,deepgemm_fp8_paged_mqa,78b69000794d0937b47ae3387eff7663410264d1,fp8_e4m3_kv_fp8_q,1,8192,128,64,2048,0,53,,select,eager,cuda_event_per_iter,58.944,ok,,8192,64,,1,20,deepgemm_fp8_paged_mqa|fixed|B1|N8192
dsa-quick,dsa,fixed,deepgemm_fp8_paged_mqa,78b69000794d0937b47ae3387eff7663410264d1,fp8_e4m3_kv_fp8_q,1,8192,128,64,2048,0,54,,select,eager,cuda_event_per_iter,53.76,ok,,8192,64,,1,20,deepgemm_fp8_paged_mqa|fixed|B1|N8192
dsa-quick,dsa,fixed,deepgemm_fp8_paged_mqa,78b69000794d0937b47ae3387eff7663410264d1,fp8_e4m3_kv_fp8_q,1,8192,128,64,2048,0,55,,select,eager,cuda_event_per_iter,56.704,ok,,8192,64,,1,20,deepgemm_fp8_paged_mqa|fixed|B1|N8192
dsa-quick,dsa,fixed,deepgemm_fp8_paged_mqa,78b69000794d0937b47ae3387eff7663410264d1,fp8_e4m3_kv_fp8_q,1,8192,128,64,2048,0,56,,select,eager,cuda_event_per_iter,57.792,ok,,8192,64,,1,20,deepgemm_fp8_paged_mqa|fixed|B1|N8192
dsa-quick,dsa,fixed,deepgemm_fp8_paged_mqa,78b69000794d0937b47ae3387eff7663410264d1,fp8_e4m3_kv_fp8_q,1,8192,128,64,2048,0,57,,select,eager,cuda_event_per_iter,59.2,ok,,8192,64,,1,20,deepgemm_fp8_paged_mqa|fixed|B1|N8192
dsa-quick,dsa,fixed,deepgemm_fp8_paged_mqa,78b69000794d0937b47ae3387eff7663410264d1,fp8_e4m3_kv_fp8_q,1,8192,128,64,2048,0,58,,select,eager,cuda_event_per_iter,61.44,ok,,8192,64,,1,20,deepgemm_fp8_paged_mqa|fixed|B1|N8192
dsa-quick,dsa,fixed,deepgemm_fp8_paged_mqa,78b69000794d0937b47ae3387eff7663410264d1,fp8_e4m3_kv_fp8_q,1,8192,128,64,2048,0,59,,select,eager,cuda_event_per_iter,56.512,ok,,8192,64,,1,20,deepgemm_fp8_paged_mqa|fixed|B1|N8192
dsa-quick,dsa,fixed,deepgemm_fp8_paged_mqa,78b69000794d0937b47ae3387eff7663410264d1,fp8_e4m3_kv_fp8_q,1,8192,128,64,2048,0,60,,select,eager,cuda_event_per_iter,58.848,ok,,8192,64,,1,20,deepgemm_fp8_paged_mqa|fixed|B1|N8192
dsa-quick,dsa,fixed,deepgemm_fp8_paged_mqa,78b69000794d0937b47ae3387eff7663410264d1,fp8_e4m3_kv_fp8_q,1,8192,128,64,2048,0,61,,select,eager,cuda_event_per_iter,58.752,ok,,8192,64,,1,20,deepgemm_fp8_paged_mqa|fixed|B1|N8192
dsa-quick,dsa,fixed,deepgemm_fp8_paged_mqa,78b69000794d0937b47ae3387eff7663410264d1,fp8_e4m3_kv_fp8_q,1,8192,128,64,2048,0,62,,select,eager,cuda_event_per_iter,53.888,ok,,8192,64,,1,20,deepgemm_fp8_paged_mqa|fixed|B1|N8192
dsa-quick,dsa,fixed,deepgemm_fp8_paged_mqa,78b69000794d0937b47ae3387eff7663410264d1,fp8_e4m3_kv_fp8_q,1,8192,128,64,2048,0,63,,select,eager,cuda_event_per_iter,57.024,ok,,8192,64,,1,20,deepgemm_fp8_paged_mqa|fixed|B1|N8192
dsa-quick,dsa,fixed,deepgemm_fp8_paged_mqa,78b69000794d0937b47ae3387eff7663410264d1,fp8_e4m3_kv_fp8_q,1,8192,128,64,2048,0,64,,select,eager,cuda_event_per_iter,57.568,ok,,8192,64,,1,20,deepgemm_fp8_paged_mqa|fixed|B1|N8192
dsa-quick,dsa,fixed,deepgemm_fp8_paged_mqa,78b69000794d0937b47ae3387eff7663410264d1,fp8_e4m3_kv_fp8_q,1,8192,128,64,2048,0,65,,select,eager,cuda_event_per_iter,59.2,ok,,8192,64,,1,20,deepgemm_fp8_paged_mqa|fixed|B1|N8192
dsa-quick,dsa,fixed,deepgemm_fp8_paged_mqa,78b69000794d0937b47ae3387eff7663410264d1,fp8_e4m3_kv_fp8_q,1,8192,128,64,2048,0,66,,select,eager,cuda_event_per_iter,61.248,ok,,8192,64,,1,20,deepgemm_fp8_paged_mqa|fixed|B1|N8192
dsa-quick,dsa,fixed,deepgemm_fp8_paged_mqa,78b69000794d0937b47ae3387eff7663410264d1,fp8_e4m3_kv_fp8_q,1,8192,128,64,2048,0,67,,select,eager,cuda_event_per_iter,56.704,ok,,8192,64,,1,20,deepgemm_fp8_paged_mqa|fixed|B1|N8192
dsa-quick,dsa,fixed,deepgemm_fp8_paged_mqa,78b69000794d0937b47ae3387eff7663410264d1,fp8_e4m3_kv_fp8_q,1,8192,128,64,2048,0,68,,select,eager,cuda_event_per_iter,58.752,ok,,8192,64,,1,20,deepgemm_fp8_paged_mqa|fixed|B1|N8192
dsa-quick,dsa,fixed,deepgemm_fp8_paged_mqa,78b69000794d0937b47ae3387eff7663410264d1,fp8_e4m3_kv_fp8_q,1,8192,128,64,2048,0,69,,select,eager,cuda_event_per_iter,58.656,ok,,8192,64,,1,20,deepgemm_fp8_paged_mqa|fixed|B1|N8192
dsa-quick,dsa,fixed,deepgemm_fp8_paged_mqa,78b69000794d0937b47ae3387eff7663410264d1,fp8_e4m3_kv_fp8_q,1,8192,128,64,2048,0,70,,select,eager,cuda_event_per_iter,53.696,ok,,8192,64,,1,20,deepgemm_fp8_paged_mqa|fixed|B1|N8192
dsa-quick,dsa,fixed,deepgemm_fp8_paged_mqa,78b69000794d0937b47ae3387eff7663410264d1,fp8_e4m3_kv_fp8_q,1,8192,128,64,2048,0,71,,select,eager,cuda_event_per_iter,56.64,ok,,8192,64,,1,20,deepgemm_fp8_paged_mqa|fixed|B1|N8192
dsa-quick,dsa,fixed,deepgemm_fp8_paged_mqa,78b69000794d0937b47ae3387eff7663410264d1,fp8_e4m3_kv_fp8_q,1,8192,128,64,2048,0,72,,select,eager,cuda_event_per_iter,57.344,ok,,8192,64,,1,20,deepgemm_fp8_paged_mqa|fixed|B1|N8192
dsa-quick,dsa,fixed,deepgemm_fp8_paged_mqa,78b69000794d0937b47ae3387eff7663410264d1,fp8_e4m3_kv_fp8_q,1,8192,128,64,2048,0,73,,select,eager,cuda_event_per_iter,59.104,ok,,8192,64,,1,20,deepgemm_fp8_paged_mqa|fixed|B1|N8192
dsa-quick,dsa,fixed,deepgemm_fp8_paged_mqa,78b69000794d0937b47ae3387eff7663410264d1,fp8_e4m3_kv_fp8_q,1,8192,128,64,2048,0,74,,select,eager,cuda_event_per_iter,61.6,ok,,8192,64,,1,20,deepgemm_fp8_paged_mqa|fixed|B1|N8192
dsa-quick,dsa,fixed,deepgemm_fp8_paged_mqa,78b69000794d0937b47ae3387eff7663410264d1,fp8_e4m3_kv_fp8_q,1,8192,128,64,2048,0,75,,select,eager,cuda_event_per_iter,56.576,ok,,8192,64,,1,20,deepgemm_fp8_paged_mqa|fixed|B1|N8192
dsa-quick,dsa,fixed,deepgemm_fp8_paged_mqa,78b69000794d0937b47ae3387eff7663410264d1,fp8_e4m3_kv_fp8_q,1,8192,128,64,2048,0,76,,select,eager,cuda_event_per_iter,58.816,ok,,8192,64,,1,20,deepgemm_fp8_paged_mqa|fixed|B1|N8192
dsa-quick,dsa,fixed,deepgemm_fp8_paged_mqa,78b69000794d0937b47ae3387eff7663410264d1,fp8_e4m3_kv_fp8_q,1,8192,128,64,2048,0,77,,select,eager,cuda_event_per_iter,58.88,ok,,8192,64,,1,20,deepgemm_fp8_paged_mqa|fixed|B1|N8192
dsa-quick,dsa,fixed,deepgemm_fp8_paged_mqa,78b69000794d0937b47ae3387eff7663410264d1,fp8_e4m3_kv_fp8_q,1,8192,128,64,2048,0,78,,select,eager,cuda_event_per_iter,53.984,ok,,8192,64,,1,20,deepgemm_fp8_paged_mqa|fixed|B1|N8192
dsa-quick,dsa,fixed,deepgemm_fp8_paged_mqa,78b69000794d0937b47ae3387eff7663410264d1,fp8_e4m3_kv_fp8_q,1,8192,128,64,2048,0,79,,select,eager,cuda_event_per_iter,56.768,ok,,8192,64,,1,20,deepgemm_fp8_paged_mqa|fixed|B1|N8192
dsa-quick,dsa,fixed,deepgemm_fp8_paged_mqa,78b69000794d0937b47ae3387eff7663410264d1,fp8_e4m3_kv_fp8_q,1,8192,128,64,2048,0,80,,select,eager,cuda_event_per_iter,57.632,ok,,8192,64,,1,20,deepgemm_fp8_paged_mqa|fixed|B1|N8192
dsa-quick,dsa,fixed,deepgemm_fp8_paged_mqa,78b69000794d0937b47ae3387eff7663410264d1,fp8_e4m3_kv_fp8_q,1,8192,128,64,2048,0,81,,select,eager,cuda_event_per_iter,59.2,ok,,8192,64,,1,20,deepgemm_fp8_paged_mqa|fixed|B1|N8192
dsa-quick,dsa,fixed,deepgemm_fp8_paged_mqa,78b69000794d0937b47ae3387eff7663410264d1,fp8_e4m3_kv_fp8_q,1,8192,128,64,2048,0,82,,select,eager,cuda_event_per_iter,61.312,ok,,8192,64,,1,20,deepgemm_fp8_paged_mqa|fixed|B1|N8192
dsa-quick,dsa,fixed,deepgemm_fp8_paged_mqa,78b69000794d0937b47ae3387eff7663410264d1,fp8_e4m3_kv_fp8_q,1,8192,128,64,2048,0,83,,select,eager,cuda_event_per_iter,56.704,ok,,8192,64,,1,20,deepgemm_fp8_paged_mqa|fixed|B1|N8192
dsa-quick,dsa,fixed,deepgemm_fp8_paged_mqa,78b69000794d0937b47ae3387eff7663410264d1,fp8_e4m3_kv_fp8_q,1,8192,128,64,2048,0,84,,select,eager,cuda_event_per_iter,58.784,ok,,8192,64,,1,20,deepgemm_fp8_paged_mqa|fixed|B1|N8192
dsa-quick,dsa,fixed,deepgemm_fp8_paged_mqa,78b69000794d0937b47ae3387eff7663410264d1,fp8_e4m3_kv_fp8_q,1,8192,128,64,2048,0,85,,select,eager,cuda_event_per_iter,58.656,ok,,8192,64,,1,20,deepgemm_fp8_paged_mqa|fixed|B1|N8192
dsa-quick,dsa,fixed,deepgemm_fp8_paged_mqa,78b69000794d0937b47ae3387eff7663410264d1,fp8_e4m3_kv_fp8_q,1,8192,128,64,2048,0,86,,select,eager,cuda_event_per_iter,53.696,ok,,8192,64,,1,20,deepgemm_fp8_paged_mqa|fixed|B1|N8192
dsa-quick,dsa,fixed,deepgemm_fp8_paged_mqa,78b69000794d0937b47ae3387eff7663410264d1,fp8_e4m3_kv_fp8_q,1,8192,128,64,2048,0,87,,select,eager,cuda_event_per_iter,57.024,ok,,8192,64,,1,20,deepgemm_fp8_paged_mqa|fixed|B1|N8192
dsa-quick,dsa,fixed,deepgemm_fp8_paged_mqa,78b69000794d0937b47ae3387eff7663410264d1,fp8_e4m3_kv_fp8_q,1,8192,128,64,2048,0,88,,select,eager,cuda_event_per_iter,57.312,ok,,8192,64,,1,20,deepgemm_fp8_paged_mqa|fixed|B1|N8192
dsa-quick,dsa,fixed,deepgemm_fp8_paged_mqa,78b69000794d0937b47ae3387eff7663410264d1,fp8_e4m3_kv_fp8_q,1,8192,128,64,2048,0,89,,select,eager,cuda_event_per_iter,59.296,ok,,8192,64,,1,20,deepgemm_fp8_paged_mqa|fixed|B1|N8192
dsa-quick,dsa,fixed,deepgemm_fp8_paged_mqa,78b69000794d0937b47ae3387eff7663410264d1,fp8_e4m3_kv_fp8_q,1,8192,128,64,2048,0,90,,select,eager,cuda_event_per_iter,61.184,ok,,8192,64,,1,20,deepgemm_fp8_paged_mqa|fixed|B1|N8192
dsa-quick,dsa,fixed,deepgemm_fp8_paged_mqa,78b69000794d0937b47ae3387eff7663410264d1,fp8_e4m3_kv_fp8_q,1,8192,128,64,2048,0,91,,select,eager,cuda_event_per_iter,56.672,ok,,8192,64,,1,20,deepgemm_fp8_paged_mqa|fixed|B1|N8192
dsa-quick,dsa,fixed,deepgemm_fp8_paged_mqa,78b69000794d0937b47ae3387eff7663410264d1,fp8_e4m3_kv_fp8_q,1,8192,128,64,2048,0,92,,select,eager,cuda_event_per_iter,58.912,ok,,8192,64,,1,20,deepgemm_fp8_paged_mqa|fixed|B1|N8192
dsa-quick,dsa,fixed,deepgemm_fp8_paged_mqa,78b69000794d0937b47ae3387eff7663410264d1,fp8_e4m3_kv_fp8_q,1,8192,128,64,2048,0,93,,select,eager,cuda_event_per_iter,58.816,ok,,8192,64,,1,20,deepgemm_fp8_paged_mqa|fixed|B1|N8192
dsa-quick,dsa,fixed,deepgemm_fp8_paged_mqa,78b69000794d0937b47ae3387eff7663410264d1,fp8_e4m3_kv_fp8_q,1,8192,128,64,2048,0,94,,select,eager,cuda_event_per_iter,53.824,ok,,8192,64,,1,20,deepgemm_fp8_paged_mqa|fixed|B1|N8192
dsa-quick,dsa,fixed,deepgemm_fp8_paged_mqa,78b69000794d0937b47ae3387eff7663410264d1,fp8_e4m3_kv_fp8_q,1,8192,128,64,2048,0,95,,select,eager,cuda_event_per_iter,56.768,ok,,8192,64,,1,20,deepgemm_fp8_paged_mqa|fixed|B1|N8192
dsa-quick,dsa,fixed,deepgemm_fp8_paged_mqa,78b69000794d0937b47ae3387eff7663410264d1,fp8_e4m3_kv_fp8_q,1,8192,128,64,2048,0,96,,select,eager,cuda_event_per_iter,57.152,ok,,8192,64,,1,20,deepgemm_fp8_paged_mqa|fixed|B1|N8192
dsa-quick,dsa,fixed,deepgemm_fp8_paged_mqa,78b69000794d0937b47ae3387eff7663410264d1,fp8_e4m3_kv_fp8_q,1,8192,128,64,2048,0,97,,select,eager,cuda_event_per_iter,59.552,ok,,8192,64,,1,20,deepgemm_fp8_paged_mqa|fixed|B1|N8192
dsa-quick,dsa,fixed,deepgemm_fp8_paged_mqa,78b69000794d0937b47ae3387eff7663410264d1,fp8_e4m3_kv_fp8_q,1,8192,128,64,2048,0,98,,select,eager,cuda_event_per_iter,61.408,ok,,8192,64,,1,20,deepgemm_fp8_paged_mqa|fixed|B1|N8192
dsa-quick,dsa,fixed,deepgemm_fp8_paged_mqa,78b69000794d0937b47ae3387eff7663410264d1,fp8_e4m3_kv_fp8_q,1,8192,128,64,2048,0,99,,select,eager,cuda_event_per_iter,56.608,ok,,8192,64,,1,20,deepgemm_fp8_paged_mqa|fixed|B1|N8192
dsa-quick,dsa,fixed,deepgemm_fp8_paged_mqa,78b69000794d0937b47ae3387eff7663410264d1,fp8_e4m3_kv_fp8_q,1,8192,128,64,2048,0,0,,combined,eager,cuda_event_per_iter,86.656,ok,,8192,64,,1,20,deepgemm_fp8_paged_mqa|fixed|B1|N8192
dsa-quick,dsa,fixed,deepgemm_fp8_paged_mqa,78b69000794d0937b47ae3387eff7663410264d1,fp8_e4m3_kv_fp8_q,1,8192,128,64,2048,0,1,,combined,eager,cuda_event_per_iter,81.344,ok,,8192,64,,1,20,deepgemm_fp8_paged_mqa|fixed|B1|N8192
dsa-quick,dsa,fixed,deepgemm_fp8_paged_mqa,78b69000794d0937b47ae3387eff7663410264d1,fp8_e4m3_kv_fp8_q,1,8192,128,64,2048,0,2,,combined,eager,cuda_event_per_iter,82.208,ok,,8192,64,,1,20,deepgemm_fp8_paged_mqa|fixed|B1|N8192
dsa-quick,dsa,fixed,deepgemm_fp8_paged_mqa,78b69000794d0937b47ae3387eff7663410264d1,fp8_e4m3_kv_fp8_q,1,8192,128,64,2048,0,3,,combined,eager,cuda_event_per_iter,78.976,ok,,8192,64,,1,20,deepgemm_fp8_paged_mqa|fixed|B1|N8192
dsa-quick,dsa,fixed,deepgemm_fp8_paged_mqa,78b69000794d0937b47ae3387eff7663410264d1,fp8_e4m3_kv_fp8_q,1,8192,128,64,2048,0,4,,combined,eager,cuda_event_per_iter,75.296,ok,,8192,64,,1,20,deepgemm_fp8_paged_mqa|fixed|B1|N8192
dsa-quick,dsa,fixed,deepgemm_fp8_paged_mqa,78b69000794d0937b47ae3387eff7663410264d1,fp8_e4m3_kv_fp8_q,1,8192,128,64,2048,0,5,,combined,eager,cuda_event_per_iter,71.776,ok,,8192,64,,1,20,deepgemm_fp8_paged_mqa|fixed|B1|N8192
dsa-quick,dsa,fixed,deepgemm_fp8_paged_mqa,78b69000794d0937b47ae3387eff7663410264d1,fp8_e4m3_kv_fp8_q,1,8192,128,64,2048,0,6,,combined,eager,cuda_event_per_iter,69.632,ok,,8192,64,,1,20,deepgemm_fp8_paged_mqa|fixed|B1|N8192
dsa-quick,dsa,fixed,deepgemm_fp8_paged_mqa,78b69000794d0937b47ae3387eff7663410264d1,fp8_e4m3_kv_fp8_q,1,8192,128,64,2048,0,7,,combined,eager,cuda_event_per_iter,76.224,ok,,8192,64,,1,20,deepgemm_fp8_paged_mqa|fixed|B1|N8192
dsa-quick,dsa,fixed,deepgemm_fp8_paged_mqa,78b69000794d0937b47ae3387eff7663410264d1,fp8_e4m3_kv_fp8_q,1,8192,128,64,2048,0,8,,combined,eager,cuda_event_per_iter,71.488,ok,,8192,64,,1,20,deepgemm_fp8_paged_mqa|fixed|B1|N8192
dsa-quick,dsa,fixed,deepgemm_fp8_paged_mqa,78b69000794d0937b47ae3387eff7663410264d1,fp8_e4m3_kv_fp8_q,1,8192,128,64,2048,0,9,,combined,eager,cuda_event_per_iter,84.96,ok,,8192,64,,1,20,deepgemm_fp8_paged_mqa|fixed|B1|N8192
dsa-quick,dsa,fixed,deepgemm_fp8_paged_mqa,78b69000794d0937b47ae3387eff7663410264d1,fp8_e4m3_kv_fp8_q,1,8192,128,64,2048,0,10,,combined,eager,cuda_event_per_iter,73.28,ok,,8192,64,,1,20,deepgemm_fp8_paged_mqa|fixed|B1|N8192
dsa-quick,dsa,fixed,deepgemm_fp8_paged_mqa,78b69000794d0937b47ae3387eff7663410264d1,fp8_e4m3_kv_fp8_q,1,8192,128,64,2048,0,11,,combined,eager,cuda_event_per_iter,75.328,ok,,8192,64,,1,20,deepgemm_fp8_paged_mqa|fixed|B1|N8192
dsa-quick,dsa,fixed,deepgemm_fp8_paged_mqa,78b69000794d0937b47ae3387eff7663410264d1,fp8_e4m3_kv_fp8_q,1,8192,128,64,2048,0,12,,combined,eager,cuda_event_per_iter,76.352,ok,,8192,64,,1,20,deepgemm_fp8_paged_mqa|fixed|B1|N8192
dsa-quick,dsa,fixed,deepgemm_fp8_paged_mqa,78b69000794d0937b47ae3387eff7663410264d1,fp8_e4m3_kv_fp8_q,1,8192,128,64,2048,0,13,,combined,eager,cuda_event_per_iter,70.176,ok,,8192,64,,1,20,deepgemm_fp8_paged_mqa|fixed|B1|N8192
dsa-quick,dsa,fixed,deepgemm_fp8_paged_mqa,78b69000794d0937b47ae3387eff7663410264d1,fp8_e4m3_kv_fp8_q,1,8192,128,64,2048,0,14,,combined,eager,cuda_event_per_iter,74.752,ok,,8192,64,,1,20,deepgemm_fp8_paged_mqa|fixed|B1|N8192
dsa-quick,dsa,fixed,deepgemm_fp8_paged_mqa,78b69000794d0937b47ae3387eff7663410264d1,fp8_e4m3_kv_fp8_q,1,8192,128,64,2048,0,15,,combined,eager,cuda_event_per_iter,80.96,ok,,8192,64,,1,20,deepgemm_fp8_paged_mqa|fixed|B1|N8192
dsa-quick,dsa,fixed,deepgemm_fp8_paged_mqa,78b69000794d0937b47ae3387eff7663410264d1,fp8_e4m3_kv_fp8_q,1,8192,128,64,2048,0,16,,combined,eager,cuda_event_per_iter,72.576,ok,,8192,64,,1,20,deepgemm_fp8_paged_mqa|fixed|B1|N8192
dsa-quick,dsa,fixed,deepgemm_fp8_paged_mqa,78b69000794d0937b47ae3387eff7663410264d1,fp8_e4m3_kv_fp8_q,1,8192,128,64,2048,0,17,,combined,eager,cuda_event_per_iter,78.528,ok,,8192,64,,1,20,deepgemm_fp8_paged_mqa|fixed|B1|N8192
dsa-quick,dsa,fixed,deepgemm_fp8_paged_mqa,78b69000794d0937b47ae3387eff7663410264d1,fp8_e4m3_kv_fp8_q,1,8192,128,64,2048,0,18,,combined,eager,cuda_event_per_iter,69.728,ok,,8192,64,,1,20,deepgemm_fp8_paged_mqa|fixed|B1|N8192
dsa-quick,dsa,fixed,deepgemm_fp8_paged_mqa,78b69000794d0937b47ae3387eff7663410264d1,fp8_e4m3_kv_fp8_q,1,8192,128,64,2048,0,19,,combined,eager,cuda_event_per_iter,82.304,ok,,8192,64,,1,20,deepgemm_fp8_paged_mqa|fixed|B1|N8192
dsa-quick,dsa,fixed,deepgemm_fp8_paged_mqa,78b69000794d0937b47ae3387eff7663410264d1,fp8_e4m3_kv_fp8_q,1,8192,128,64,2048,0,20,,combined,eager,cuda_event_per_iter,76.896,ok,,8192,64,,1,20,deepgemm_fp8_paged_mqa|fixed|B1|N8192
dsa-quick,dsa,fixed,deepgemm_fp8_paged_mqa,78b69000794d0937b47ae3387eff7663410264d1,fp8_e4m3_kv_fp8_q,1,8192,128,64,2048,0,21,,combined,eager,cuda_event_per_iter,71.424,ok,,8192,64,,1,20,deepgemm_fp8_paged_mqa|fixed|B1|N8192
dsa-quick,dsa,fixed,deepgemm_fp8_paged_mqa,78b69000794d0937b47ae3387eff7663410264d1,fp8_e4m3_kv_fp8_q,1,8192,128,64,2048,0,22,,combined,eager,cuda_event_per_iter,70.016,ok,,8192,64,,1,20,deepgemm_fp8_paged_mqa|fixed|B1|N8192
dsa-quick,dsa,fixed,deepgemm_fp8_paged_mqa,78b69000794d0937b47ae3387eff7663410264d1,fp8_e4m3_kv_fp8_q,1,8192,128,64,2048,0,23,,combined,eager,cuda_event_per_iter,76.896,ok,,8192,64,,1,20,deepgemm_fp8_paged_mqa|fixed|B1|N8192
dsa-quick,dsa,fixed,deepgemm_fp8_paged_mqa,78b69000794d0937b47ae3387eff7663410264d1,fp8_e4m3_kv_fp8_q,1,8192,128,64,2048,0,24,,combined,eager,cuda_event_per_iter,76.192,ok,,8192,64,,1,20,deepgemm_fp8_paged_mqa|fixed|B1|N8192
dsa-quick,dsa,fixed,deepgemm_fp8_paged_mqa,78b69000794d0937b47ae3387eff7663410264d1,fp8_e4m3_kv_fp8_q,1,8192,128,64,2048,0,25,,combined,eager,cuda_event_per_iter,74.656,ok,,8192,64,,1,20,deepgemm_fp8_paged_mqa|fixed|B1|N8192
dsa-quick,dsa,fixed,deepgemm_fp8_paged_mqa,78b69000794d0937b47ae3387eff7663410264d1,fp8_e4m3_kv_fp8_q,1,8192,128,64,2048,0,26,,combined,eager,cuda_event_per_iter,69.76,ok,,8192,64,,1,20,deepgemm_fp8_paged_mqa|fixed|B1|N8192
dsa-quick,dsa,fixed,deepgemm_fp8_paged_mqa,78b69000794d0937b47ae3387eff7663410264d1,fp8_e4m3_kv_fp8_q,1,8192,128,64,2048,0,27,,combined,eager,cuda_event_per_iter,72.544,ok,,8192,64,,1,20,deepgemm_fp8_paged_mqa|fixed|B1|N8192
dsa-quick,dsa,fixed,deepgemm_fp8_paged_mqa,78b69000794d0937b47ae3387eff7663410264d1,fp8_e4m3_kv_fp8_q,1,8192,128,64,2048,0,28,,combined,eager,cuda_event_per_iter,74.976,ok,,8192,64,,1,20,deepgemm_fp8_paged_mqa|fixed|B1|N8192
dsa-quick,dsa,fixed,deepgemm_fp8_paged_mqa,78b69000794d0937b47ae3387eff7663410264d1,fp8_e4m3_kv_fp8_q,1,8192,128,64,2048,0,29,,combined,eager,cuda_event_per_iter,85.952,ok,,8192,64,,1,20,deepgemm_fp8_paged_mqa|fixed|B1|N8192
dsa-quick,dsa,fixed,deepgemm_fp8_paged_mqa,78b69000794d0937b47ae3387eff7663410264d1,fp8_e4m3_kv_fp8_q,1,8192,128,64,2048,0,30,,combined,eager,cuda_event_per_iter,73.76,ok,,8192,64,,1,20,deepgemm_fp8_paged_mqa|fixed|B1|N8192
dsa-quick,dsa,fixed,deepgemm_fp8_paged_mqa,78b69000794d0937b47ae3387eff7663410264d1,fp8_e4m3_kv_fp8_q,1,8192,128,64,2048,0,31,,combined,eager,cuda_event_per_iter,88.064,ok,,8192,64,,1,20,deepgemm_fp8_paged_mqa|fixed|B1|N8192
dsa-quick,dsa,fixed,deepgemm_fp8_paged_mqa,78b69000794d0937b47ae3387eff7663410264d1,fp8_e4m3_kv_fp8_q,1,8192,128,64,2048,0,32,,combined,eager,cuda_event_per_iter,71.648,ok,,8192,64,,1,20,deepgemm_fp8_paged_mqa|fixed|B1|N8192
dsa-quick,dsa,fixed,deepgemm_fp8_paged_mqa,78b69000794d0937b47ae3387eff7663410264d1,fp8_e4m3_kv_fp8_q,1,8192,128,64,2048,0,33,,combined,eager,cuda_event_per_iter,71.36,ok,,8192,64,,1,20,deepgemm_fp8_paged_mqa|fixed|B1|N8192
dsa-quick,dsa,fixed,deepgemm_fp8_paged_mqa,78b69000794d0937b47ae3387eff7663410264d1,fp8_e4m3_kv_fp8_q,1,8192,128,64,2048,0,34,,combined,eager,cuda_event_per_iter,78.592,ok,,8192,64,,1,20,deepgemm_fp8_paged_mqa|fixed|B1|N8192
dsa-quick,dsa,fixed,deepgemm_fp8_paged_mqa,78b69000794d0937b47ae3387eff7663410264d1,fp8_e4m3_kv_fp8_q,1,8192,128,64,2048,0,35,,combined,eager,cuda_event_per_iter,73.504,ok,,8192,64,,1,20,deepgemm_fp8_paged_mqa|fixed|B1|N8192
dsa-quick,dsa,fixed,deepgemm_fp8_paged_mqa,78b69000794d0937b47ae3387eff7663410264d1,fp8_e4m3_kv_fp8_q,1,8192,128,64,2048,0,36,,combined,eager,cuda_event_per_iter,71.264,ok,,8192,64,,1,20,deepgemm_fp8_paged_mqa|fixed|B1|N8192
dsa-quick,dsa,fixed,deepgemm_fp8_paged_mqa,78b69000794d0937b47ae3387eff7663410264d1,fp8_e4m3_kv_fp8_q,1,8192,128,64,2048,0,37,,combined,eager,cuda_event_per_iter,77.632,ok,,8192,64,,1,20,deepgemm_fp8_paged_mqa|fixed|B1|N8192
dsa-quick,dsa,fixed,deepgemm_fp8_paged_mqa,78b69000794d0937b47ae3387eff7663410264d1,fp8_e4m3_kv_fp8_q,1,8192,128,64,2048,0,38,,combined,eager,cuda_event_per_iter,78.304,ok,,8192,64,,1,20,deepgemm_fp8_paged_mqa|fixed|B1|N8192
dsa-quick,dsa,fixed,deepgemm_fp8_paged_mqa,78b69000794d0937b47ae3387eff7663410264d1,fp8_e4m3_kv_fp8_q,1,8192,128,64,2048,0,39,,combined,eager,cuda_event_per_iter,73.376,ok,,8192,64,,1,20,deepgemm_fp8_paged_mqa|fixed|B1|N8192
dsa-quick,dsa,fixed,deepgemm_fp8_paged_mqa,78b69000794d0937b47ae3387eff7663410264d1,fp8_e4m3_kv_fp8_q,1,8192,128,64,2048,0,40,,combined,eager,cuda_event_per_iter,87.264,ok,,8192,64,,1,20,deepgemm_fp8_paged_mqa|fixed|B1|N8192
dsa-quick,dsa,fixed,deepgemm_fp8_paged_mqa,78b69000794d0937b47ae3387eff7663410264d1,fp8_e4m3_kv_fp8_q,1,8192,128,64,2048,0,41,,combined,eager,cuda_event_per_iter,81.184,ok,,8192,64,,1,20,deepgemm_fp8_paged_mqa|fixed|B1|N8192
dsa-quick,dsa,fixed,deepgemm_fp8_paged_mqa,78b69000794d0937b47ae3387eff7663410264d1,fp8_e4m3_kv_fp8_q,1,8192,128,64,2048,0,42,,combined,eager,cuda_event_per_iter,72.192,ok,,8192,64,,1,20,deepgemm_fp8_paged_mqa|fixed|B1|N8192
dsa-quick,dsa,fixed,deepgemm_fp8_paged_mqa,78b69000794d0937b47ae3387eff7663410264d1,fp8_e4m3_kv_fp8_q,1,8192,128,64,2048,0,43,,combined,eager,cuda_event_per_iter,77.344,ok,,8192,64,,1,20,deepgemm_fp8_paged_mqa|fixed|B1|N8192
dsa-quick,dsa,fixed,deepgemm_fp8_paged_mqa,78b69000794d0937b47ae3387eff7663410264d1,fp8_e4m3_kv_fp8_q,1,8192,128,64,2048,0,44,,combined,eager,cuda_event_per_iter,74.784,ok,,8192,64,,1,20,deepgemm_fp8_paged_mqa|fixed|B1|N8192
dsa-quick,dsa,fixed,deepgemm_fp8_paged_mqa,78b69000794d0937b47ae3387eff7663410264d1,fp8_e4m3_kv_fp8_q,1,8192,128,64,2048,0,45,,combined,eager,cuda_event_per_iter,75.84,ok,,8192,64,,1,20,deepgemm_fp8_paged_mqa|fixed|B1|N8192
dsa-quick,dsa,fixed,deepgemm_fp8_paged_mqa,78b69000794d0937b47ae3387eff7663410264d1,fp8_e4m3_kv_fp8_q,1,8192,128,64,2048,0,46,,combined,eager,cuda_event_per_iter,77.632,ok,,8192,64,,1,20,deepgemm_fp8_paged_mqa|fixed|B1|N8192
dsa-quick,dsa,fixed,deepgemm_fp8_paged_mqa,78b69000794d0937b47ae3387eff7663410264d1,fp8_e4m3_kv_fp8_q,1,8192,128,64,2048,0,47,,combined,eager,cuda_event_per_iter,77.632,ok,,8192,64,,1,20,deepgemm_fp8_paged_mqa|fixed|B1|N8192
dsa-quick,dsa,fixed,deepgemm_fp8_paged_mqa,78b69000794d0937b47ae3387eff7663410264d1,fp8_e4m3_kv_fp8_q,1,8192,128,64,2048,0,48,,combined,eager,cuda_event_per_iter,73.024,ok,,8192,64,,1,20,deepgemm_fp8_paged_mqa|fixed|B1|N8192
dsa-quick,dsa,fixed,deepgemm_fp8_paged_mqa,78b69000794d0937b47ae3387eff7663410264d1,fp8_e4m3_kv_fp8_q,1,8192,128,64,2048,0,49,,combined,eager,cuda_event_per_iter,81.472,ok,,8192,64,,1,20,deepgemm_fp8_paged_mqa|fixed|B1|N8192
dsa-quick,dsa,fixed,deepgemm_fp8_paged_mqa,78b69000794d0937b47ae3387eff7663410264d1,fp8_e4m3_kv_fp8_q,1,8192,128,64,2048,0,50,,combined,eager,cuda_event_per_iter,69.664,ok,,8192,64,,1,20,deepgemm_fp8_paged_mqa|fixed|B1|N8192
dsa-quick,dsa,fixed,deepgemm_fp8_paged_mqa,78b69000794d0937b47ae3387eff7663410264d1,fp8_e4m3_kv_fp8_q,1,8192,128,64,2048,0,51,,combined,eager,cuda_event_per_iter,75.904,ok,,8192,64,,1,20,deepgemm_fp8_paged_mqa|fixed|B1|N8192
dsa-quick,dsa,fixed,deepgemm_fp8_paged_mqa,78b69000794d0937b47ae3387eff7663410264d1,fp8_e4m3_kv_fp8_q,1,8192,128,64,2048,0,52,,combined,eager,cuda_event_per_iter,73.824,ok,,8192,64,,1,20,deepgemm_fp8_paged_mqa|fixed|B1|N8192
dsa-quick,dsa,fixed,deepgemm_fp8_paged_mqa,78b69000794d0937b47ae3387eff7663410264d1,fp8_e4m3_kv_fp8_q,1,8192,128,64,2048,0,53,,combined,eager,cuda_event_per_iter,73.92,ok,,8192,64,,1,20,deepgemm_fp8_paged_mqa|fixed|B1|N8192
dsa-quick,dsa,fixed,deepgemm_fp8_paged_mqa,78b69000794d0937b47ae3387eff7663410264d1,fp8_e4m3_kv_fp8_q,1,8192,128,64,2048,0,54,,combined,eager,cuda_event_per_iter,73.696,ok,,8192,64,,1,20,deepgemm_fp8_paged_mqa|fixed|B1|N8192
dsa-quick,dsa,fixed,deepgemm_fp8_paged_mqa,78b69000794d0937b47ae3387eff7663410264d1,fp8_e4m3_kv_fp8_q,1,8192,128,64,2048,0,55,,combined,eager,cuda_event_per_iter,76.896,ok,,8192,64,,1,20,deepgemm_fp8_paged_mqa|fixed|B1|N8192
dsa-quick,dsa,fixed,deepgemm_fp8_paged_mqa,78b69000794d0937b47ae3387eff7663410264d1,fp8_e4m3_kv_fp8_q,1,8192,128,64,2048,0,56,,combined,eager,cuda_event_per_iter,75.424,ok,,8192,64,,1,20,deepgemm_fp8_paged_mqa|fixed|B1|N8192
dsa-quick,dsa,fixed,deepgemm_fp8_paged_mqa,78b69000794d0937b47ae3387eff7663410264d1,fp8_e4m3_kv_fp8_q,1,8192,128,64,2048,0,57,,combined,eager,cuda_event_per_iter,76.096,ok,,8192,64,,1,20,deepgemm_fp8_paged_mqa|fixed|B1|N8192
dsa-quick,dsa,fixed,deepgemm_fp8_paged_mqa,78b69000794d0937b47ae3387eff7663410264d1,fp8_e4m3_kv_fp8_q,1,8192,128,64,2048,0,58,,combined,eager,cuda_event_per_iter,69.312,ok,,8192,64,,1,20,deepgemm_fp8_paged_mqa|fixed|B1|N8192
dsa-quick,dsa,fixed,deepgemm_fp8_paged_mqa,78b69000794d0937b47ae3387eff7663410264d1,fp8_e4m3_kv_fp8_q,1,8192,128,64,2048,0,59,,combined,eager,cuda_event_per_iter,79.712,ok,,8192,64,,1,20,deepgemm_fp8_paged_mqa|fixed|B1|N8192
dsa-quick,dsa,fixed,deepgemm_fp8_paged_mqa,78b69000794d0937b47ae3387eff7663410264d1,fp8_e4m3_kv_fp8_q,1,8192,128,64,2048,0,60,,combined,eager,cuda_event_per_iter,81.28,ok,,8192,64,,1,20,deepgemm_fp8_paged_mqa|fixed|B1|N8192
dsa-quick,dsa,fixed,deepgemm_fp8_paged_mqa,78b69000794d0937b47ae3387eff7663410264d1,fp8_e4m3_kv_fp8_q,1,8192,128,64,2048,0,61,,combined,eager,cuda_event_per_iter,73.728,ok,,8192,64,,1,20,deepgemm_fp8_paged_mqa|fixed|B1|N8192
dsa-quick,dsa,fixed,deepgemm_fp8_paged_mqa,78b69000794d0937b47ae3387eff7663410264d1,fp8_e4m3_kv_fp8_q,1,8192,128,64,2048,0,62,,combined,eager,cuda_event_per_iter,92.672,ok,,8192,64,,1,20,deepgemm_fp8_paged_mqa|fixed|B1|N8192
dsa-quick,dsa,fixed,deepgemm_fp8_paged_mqa,78b69000794d0937b47ae3387eff7663410264d1,fp8_e4m3_kv_fp8_q,1,8192,128,64,2048,0,63,,combined,eager,cuda_event_per_iter,74.336,ok,,8192,64,,1,20,deepgemm_fp8_paged_mqa|fixed|B1|N8192
dsa-quick,dsa,fixed,deepgemm_fp8_paged_mqa,78b69000794d0937b47ae3387eff7663410264d1,fp8_e4m3_kv_fp8_q,1,8192,128,64,2048,0,64,,combined,eager,cuda_event_per_iter,70.816,ok,,8192,64,,1,20,deepgemm_fp8_paged_mqa|fixed|B1|N8192
dsa-quick,dsa,fixed,deepgemm_fp8_paged_mqa,78b69000794d0937b47ae3387eff7663410264d1,fp8_e4m3_kv_fp8_q,1,8192,128,64,2048,0,65,,combined,eager,cuda_event_per_iter,72.608,ok,,8192,64,,1,20,deepgemm_fp8_paged_mqa|fixed|B1|N8192
dsa-quick,dsa,fixed,deepgemm_fp8_paged_mqa,78b69000794d0937b47ae3387eff7663410264d1,fp8_e4m3_kv_fp8_q,1,8192,128,64,2048,0,66,,combined,eager,cuda_event_per_iter,71.232,ok,,8192,64,,1,20,deepgemm_fp8_paged_mqa|fixed|B1|N8192
dsa-quick,dsa,fixed,deepgemm_fp8_paged_mqa,78b69000794d0937b47ae3387eff7663410264d1,fp8_e4m3_kv_fp8_q,1,8192,128,64,2048,0,67,,combined,eager,cuda_event_per_iter,75.488,ok,,8192,64,,1,20,deepgemm_fp8_paged_mqa|fixed|B1|N8192
dsa-quick,dsa,fixed,deepgemm_fp8_paged_mqa,78b69000794d0937b47ae3387eff7663410264d1,fp8_e4m3_kv_fp8_q,1,8192,128,64,2048,0,68,,combined,eager,cuda_event_per_iter,71.008,ok,,8192,64,,1,20,deepgemm_fp8_paged_mqa|fixed|B1|N8192
dsa-quick,dsa,fixed,deepgemm_fp8_paged_mqa,78b69000794d0937b47ae3387eff7663410264d1,fp8_e4m3_kv_fp8_q,1,8192,128,64,2048,0,69,,combined,eager,cuda_event_per_iter,74.688,ok,,8192,64,,1,20,deepgemm_fp8_paged_mqa|fixed|B1|N8192
dsa-quick,dsa,fixed,deepgemm_fp8_paged_mqa,78b69000794d0937b47ae3387eff7663410264d1,fp8_e4m3_kv_fp8_q,1,8192,128,64,2048,0,70,,combined,eager,cuda_event_per_iter,76.672,ok,,8192,64,,1,20,deepgemm_fp8_paged_mqa|fixed|B1|N8192
dsa-quick,dsa,fixed,deepgemm_fp8_paged_mqa,78b69000794d0937b47ae3387eff7663410264d1,fp8_e4m3_kv_fp8_q,1,8192,128,64,2048,0,71,,combined,eager,cuda_event_per_iter,72.672,ok,,8192,64,,1,20,deepgemm_fp8_paged_mqa|fixed|B1|N8192
dsa-quick,dsa,fixed,deepgemm_fp8_paged_mqa,78b69000794d0937b47ae3387eff7663410264d1,fp8_e4m3_kv_fp8_q,1,8192,128,64,2048,0,72,,combined,eager,cuda_event_per_iter,68.032,ok,,8192,64,,1,20,deepgemm_fp8_paged_mqa|fixed|B1|N8192
dsa-quick,dsa,fixed,deepgemm_fp8_paged_mqa,78b69000794d0937b47ae3387eff7663410264d1,fp8_e4m3_kv_fp8_q,1,8192,128,64,2048,0,73,,combined,eager,cuda_event_per_iter,73.696,ok,,8192,64,,1,20,deepgemm_fp8_paged_mqa|fixed|B1|N8192
dsa-quick,dsa,fixed,deepgemm_fp8_paged_mqa,78b69000794d0937b47ae3387eff7663410264d1,fp8_e4m3_kv_fp8_q,1,8192,128,64,2048,0,74,,combined,eager,cuda_event_per_iter,72.48,ok,,8192,64,,1,20,deepgemm_fp8_paged_mqa|fixed|B1|N8192
dsa-quick,dsa,fixed,deepgemm_fp8_paged_mqa,78b69000794d0937b47ae3387eff7663410264d1,fp8_e4m3_kv_fp8_q,1,8192,128,64,2048,0,75,,combined,eager,cuda_event_per_iter,69.664,ok,,8192,64,,1,20,deepgemm_fp8_paged_mqa|fixed|B1|N8192
dsa-quick,dsa,fixed,deepgemm_fp8_paged_mqa,78b69000794d0937b47ae3387eff7663410264d1,fp8_e4m3_kv_fp8_q,1,8192,128,64,2048,0,76,,combined,eager,cuda_event_per_iter,75.872,ok,,8192,64,,1,20,deepgemm_fp8_paged_mqa|fixed|B1|N8192
dsa-quick,dsa,fixed,deepgemm_fp8_paged_mqa,78b69000794d0937b47ae3387eff7663410264d1,fp8_e4m3_kv_fp8_q,1,8192,128,64,2048,0,77,,combined,eager,cuda_event_per_iter,72.352,ok,,8192,64,,1,20,deepgemm_fp8_paged_mqa|fixed|B1|N8192
dsa-quick,dsa,fixed,deepgemm_fp8_paged_mqa,78b69000794d0937b47ae3387eff7663410264d1,fp8_e4m3_kv_fp8_q,1,8192,128,64,2048,0,78,,combined,eager,cuda_event_per_iter,78.144,ok,,8192,64,,1,20,deepgemm_fp8_paged_mqa|fixed|B1|N8192
dsa-quick,dsa,fixed,deepgemm_fp8_paged_mqa,78b69000794d0937b47ae3387eff7663410264d1,fp8_e4m3_kv_fp8_q,1,8192,128,64,2048,0,79,,combined,eager,cuda_event_per_iter,70.432,ok,,8192,64,,1,20,deepgemm_fp8_paged_mqa|fixed|B1|N8192
dsa-quick,dsa,fixed,deepgemm_fp8_paged_mqa,78b69000794d0937b47ae3387eff7663410264d1,fp8_e4m3_kv_fp8_q,1,8192,128,64,2048,0,80,,combined,eager,cuda_event_per_iter,73.952,ok,,8192,64,,1,20,deepgemm_fp8_paged_mqa|fixed|B1|N8192
dsa-quick,dsa,fixed,deepgemm_fp8_paged_mqa,78b69000794d0937b47ae3387eff7663410264d1,fp8_e4m3_kv_fp8_q,1,8192,128,64,2048,0,81,,combined,eager,cuda_event_per_iter,69.184,ok,,8192,64,,1,20,deepgemm_fp8_paged_mqa|fixed|B1|N8192
dsa-quick,dsa,fixed,deepgemm_fp8_paged_mqa,78b69000794d0937b47ae3387eff7663410264d1,fp8_e4m3_kv_fp8_q,1,8192,128,64,2048,0,82,,combined,eager,cuda_event_per_iter,81.504,ok,,8192,64,,1,20,deepgemm_fp8_paged_mqa|fixed|B1|N8192
dsa-quick,dsa,fixed,deepgemm_fp8_paged_mqa,78b69000794d0937b47ae3387eff7663410264d1,fp8_e4m3_kv_fp8_q,1,8192,128,64,2048,0,83,,combined,eager,cuda_event_per_iter,76.032,ok,,8192,64,,1,20,deepgemm_fp8_paged_mqa|fixed|B1|N8192
dsa-quick,dsa,fixed,deepgemm_fp8_paged_mqa,78b69000794d0937b47ae3387eff7663410264d1,fp8_e4m3_kv_fp8_q,1,8192,128,64,2048,0,84,,combined,eager,cuda_event_per_iter,77.152,ok,,8192,64,,1,20,deepgemm_fp8_paged_mqa|fixed|B1|N8192
dsa-quick,dsa,fixed,deepgemm_fp8_paged_mqa,78b69000794d0937b47ae3387eff7663410264d1,fp8_e4m3_kv_fp8_q,1,8192,128,64,2048,0,85,,combined,eager,cuda_event_per_iter,74.08,ok,,8192,64,,1,20,deepgemm_fp8_paged_mqa|fixed|B1|N8192
dsa-quick,dsa,fixed,deepgemm_fp8_paged_mqa,78b69000794d0937b47ae3387eff7663410264d1,fp8_e4m3_kv_fp8_q,1,8192,128,64,2048,0,86,,combined,eager,cuda_event_per_iter,81.984,ok,,8192,64,,1,20,deepgemm_fp8_paged_mqa|fixed|B1|N8192
dsa-quick,dsa,fixed,deepgemm_fp8_paged_mqa,78b69000794d0937b47ae3387eff7663410264d1,fp8_e4m3_kv_fp8_q,1,8192,128,64,2048,0,87,,combined,eager,cuda_event_per_iter,73.76,ok,,8192,64,,1,20,deepgemm_fp8_paged_mqa|fixed|B1|N8192
dsa-quick,dsa,fixed,deepgemm_fp8_paged_mqa,78b69000794d0937b47ae3387eff7663410264d1,fp8_e4m3_kv_fp8_q,1,8192,128,64,2048,0,88,,combined,eager,cuda_event_per_iter,77.728,ok,,8192,64,,1,20,deepgemm_fp8_paged_mqa|fixed|B1|N8192
dsa-quick,dsa,fixed,deepgemm_fp8_paged_mqa,78b69000794d0937b47ae3387eff7663410264d1,fp8_e4m3_kv_fp8_q,1,8192,128,64,2048,0,89,,combined,eager,cuda_event_per_iter,68.672,ok,,8192,64,,1,20,deepgemm_fp8_paged_mqa|fixed|B1|N8192
dsa-quick,dsa,fixed,deepgemm_fp8_paged_mqa,78b69000794d0937b47ae3387eff7663410264d1,fp8_e4m3_kv_fp8_q,1,8192,128,64,2048,0,90,,combined,eager,cuda_event_per_iter,76.48,ok,,8192,64,,1,20,deepgemm_fp8_paged_mqa|fixed|B1|N8192
dsa-quick,dsa,fixed,deepgemm_fp8_paged_mqa,78b69000794d0937b47ae3387eff7663410264d1,fp8_e4m3_kv_fp8_q,1,8192,128,64,2048,0,91,,combined,eager,cuda_event_per_iter,71.552,ok,,8192,64,,1,20,deepgemm_fp8_paged_mqa|fixed|B1|N8192
dsa-quick,dsa,fixed,deepgemm_fp8_paged_mqa,78b69000794d0937b47ae3387eff7663410264d1,fp8_e4m3_kv_fp8_q,1,8192,128,64,2048,0,92,,combined,eager,cuda_event_per_iter,72.576,ok,,8192,64,,1,20,deepgemm_fp8_paged_mqa|fixed|B1|N8192
dsa-quick,dsa,fixed,deepgemm_fp8_paged_mqa,78b69000794d0937b47ae3387eff7663410264d1,fp8_e4m3_kv_fp8_q,1,8192,128,64,2048,0,93,,combined,eager,cuda_event_per_iter,71.808,ok,,8192,64,,1,20,deepgemm_fp8_paged_mqa|fixed|B1|N8192
dsa-quick,dsa,fixed,deepgemm_fp8_paged_mqa,78b69000794d0937b47ae3387eff7663410264d1,fp8_e4m3_kv_fp8_q,1,8192,128,64,2048,0,94,,combined,eager,cuda_event_per_iter,75.232,ok,,8192,64,,1,20,deepgemm_fp8_paged_mqa|fixed|B1|N8192
dsa-quick,dsa,fixed,deepgemm_fp8_paged_mqa,78b69000794d0937b47ae3387eff7663410264d1,fp8_e4m3_kv_fp8_q,1,8192,128,64,2048,0,95,,combined,eager,cuda_event_per_iter,75.072,ok,,8192,64,,1,20,deepgemm_fp8_paged_mqa|fixed|B1|N8192
dsa-quick,dsa,fixed,deepgemm_fp8_paged_mqa,78b69000794d0937b47ae3387eff7663410264d1,fp8_e4m3_kv_fp8_q,1,8192,128,64,2048,0,96,,combined,eager,cuda_event_per_iter,82.272,ok,,8192,64,,1,20,deepgemm_fp8_paged_mqa|fixed|B1|N8192
dsa-quick,dsa,fixed,deepgemm_fp8_paged_mqa,78b69000794d0937b47ae3387eff7663410264d1,fp8_e4m3_kv_fp8_q,1,8192,128,64,2048,0,97,,combined,eager,cuda_event_per_iter,74.4,ok,,8192,64,,1,20,deepgemm_fp8_paged_mqa|fixed|B1|N8192
dsa-quick,dsa,fixed,deepgemm_fp8_paged_mqa,78b69000794d0937b47ae3387eff7663410264d1,fp8_e4m3_kv_fp8_q,1,8192,128,64,2048,0,98,,combined,eager,cuda_event_per_iter,77.376,ok,,8192,64,,1,20,deepgemm_fp8_paged_mqa|fixed|B1|N8192
dsa-quick,dsa,fixed,deepgemm_fp8_paged_mqa,78b69000794d0937b47ae3387eff7663410264d1,fp8_e4m3_kv_fp8_q,1,8192,128,64,2048,0,99,,combined,eager,cuda_event_per_iter,71.232,ok,,8192,64,,1,20,deepgemm_fp8_paged_mqa|fixed|B1|N8192
dsa-quick,dsa,fixed,deepgemm_fp8_paged_mqa,78b69000794d0937b47ae3387eff7663410264d1,fp8_e4m3_kv_fp8_q,1,8192,128,64,2048,0,0,,score,cudagraph,cuda_event_grouped_7,7.92686,ok,,8192,64,,7,20,deepgemm_fp8_paged_mqa|fixed|B1|N8192
dsa-quick,dsa,fixed,deepgemm_fp8_paged_mqa,78b69000794d0937b47ae3387eff7663410264d1,fp8_e4m3_kv_fp8_q,1,8192,128,64,2048,0,1,,score,cudagraph,cuda_event_grouped_7,7.85829,ok,,8192,64,,7,20,deepgemm_fp8_paged_mqa|fixed|B1|N8192
dsa-quick,dsa,fixed,deepgemm_fp8_paged_mqa,78b69000794d0937b47ae3387eff7663410264d1,fp8_e4m3_kv_fp8_q,1,8192,128,64,2048,0,2,,score,cudagraph,cuda_event_grouped_7,7.88114,ok,,8192,64,,7,20,deepgemm_fp8_paged_mqa|fixed|B1|N8192
dsa-quick,dsa,fixed,deepgemm_fp8_paged_mqa,78b69000794d0937b47ae3387eff7663410264d1,fp8_e4m3_kv_fp8_q,1,8192,128,64,2048,0,3,,score,cudagraph,cuda_event_grouped_7,7.83543,ok,,8192,64,,7,20,deepgemm_fp8_paged_mqa|fixed|B1|N8192
dsa-quick,dsa,fixed,deepgemm_fp8_paged_mqa,78b69000794d0937b47ae3387eff7663410264d1,fp8_e4m3_kv_fp8_q,1,8192,128,64,2048,0,4,,score,cudagraph,cuda_event_grouped_7,7.92229,ok,,8192,64,,7,20,deepgemm_fp8_paged_mqa|fixed|B1|N8192
dsa-quick,dsa,fixed,deepgemm_fp8_paged_mqa,78b69000794d0937b47ae3387eff7663410264d1,fp8_e4m3_kv_fp8_q,1,8192,128,64,2048,0,5,,score,cudagraph,cuda_event_grouped_7,7.88571,ok,,8192,64,,7,20,deepgemm_fp8_paged_mqa|fixed|B1|N8192
dsa-quick,dsa,fixed,deepgemm_fp8_paged_mqa,78b69000794d0937b47ae3387eff7663410264d1,fp8_e4m3_kv_fp8_q,1,8192,128,64,2048,0,6,,score,cudagraph,cuda_event_grouped_7,7.936,ok,,8192,64,,7,20,deepgemm_fp8_paged_mqa|fixed|B1|N8192
dsa-quick,dsa,fixed,deepgemm_fp8_paged_mqa,78b69000794d0937b47ae3387eff7663410264d1,fp8_e4m3_kv_fp8_q,1,8192,128,64,2048,0,7,,score,cudagraph,cuda_event_grouped_7,7.86743,ok,,8192,64,,7,20,deepgemm_fp8_paged_mqa|fixed|B1|N8192
dsa-quick,dsa,fixed,deepgemm_fp8_paged_mqa,78b69000794d0937b47ae3387eff7663410264d1,fp8_e4m3_kv_fp8_q,1,8192,128,64,2048,0,8,,score,cudagraph,cuda_event_grouped_7,7.84457,ok,,8192,64,,7,20,deepgemm_fp8_paged_mqa|fixed|B1|N8192
dsa-quick,dsa,fixed,deepgemm_fp8_paged_mqa,78b69000794d0937b47ae3387eff7663410264d1,fp8_e4m3_kv_fp8_q,1,8192,128,64,2048,0,9,,score,cudagraph,cuda_event_grouped_7,7.904,ok,,8192,64,,7,20,deepgemm_fp8_paged_mqa|fixed|B1|N8192
dsa-quick,dsa,fixed,deepgemm_fp8_paged_mqa,78b69000794d0937b47ae3387eff7663410264d1,fp8_e4m3_kv_fp8_q,1,8192,128,64,2048,0,10,,score,cudagraph,cuda_event_grouped_7,7.87657,ok,,8192,64,,7,20,deepgemm_fp8_paged_mqa|fixed|B1|N8192
dsa-quick,dsa,fixed,deepgemm_fp8_paged_mqa,78b69000794d0937b47ae3387eff7663410264d1,fp8_e4m3_kv_fp8_q,1,8192,128,64,2048,0,11,,score,cudagraph,cuda_event_grouped_7,7.88114,ok,,8192,64,,7,20,deepgemm_fp8_paged_mqa|fixed|B1|N8192
dsa-quick,dsa,fixed,deepgemm_fp8_paged_mqa,78b69000794d0937b47ae3387eff7663410264d1,fp8_e4m3_kv_fp8_q,1,8192,128,64,2048,0,12,,score,cudagraph,cuda_event_grouped_7,7.91771,ok,,8192,64,,7,20,deepgemm_fp8_paged_mqa|fixed|B1|N8192
dsa-quick,dsa,fixed,deepgemm_fp8_paged_mqa,78b69000794d0937b47ae3387eff7663410264d1,fp8_e4m3_kv_fp8_q,1,8192,128,64,2048,0,13,,score,cudagraph,cuda_event_grouped_7,7.84,ok,,8192,64,,7,20,deepgemm_fp8_paged_mqa|fixed|B1|N8192
dsa-quick,dsa,fixed,deepgemm_fp8_paged_mqa,78b69000794d0937b47ae3387eff7663410264d1,fp8_e4m3_kv_fp8_q,1,8192,128,64,2048,0,14,,score,cudagraph,cuda_event_grouped_7,7.82171,ok,,8192,64,,7,20,deepgemm_fp8_paged_mqa|fixed|B1|N8192
dsa-quick,dsa,fixed,deepgemm_fp8_paged_mqa,78b69000794d0937b47ae3387eff7663410264d1,fp8_e4m3_kv_fp8_q,1,8192,128,64,2048,0,15,,score,cudagraph,cuda_event_grouped_7,7.89486,ok,,8192,64,,7,20,deepgemm_fp8_paged_mqa|fixed|B1|N8192
dsa-quick,dsa,fixed,deepgemm_fp8_paged_mqa,78b69000794d0937b47ae3387eff7663410264d1,fp8_e4m3_kv_fp8_q,1,8192,128,64,2048,0,16,,score,cudagraph,cuda_event_grouped_7,7.84457,ok,,8192,64,,7,20,deepgemm_fp8_paged_mqa|fixed|B1|N8192
dsa-quick,dsa,fixed,deepgemm_fp8_paged_mqa,78b69000794d0937b47ae3387eff7663410264d1,fp8_e4m3_kv_fp8_q,1,8192,128,64,2048,0,17,,score,cudagraph,cuda_event_grouped_7,7.87657,ok,,8192,64,,7,20,deepgemm_fp8_paged_mqa|fixed|B1|N8192
dsa-quick,dsa,fixed,deepgemm_fp8_paged_mqa,78b69000794d0937b47ae3387eff7663410264d1,fp8_e4m3_kv_fp8_q,1,8192,128,64,2048,0,18,,score,cudagraph,cuda_event_grouped_7,7.82629,ok,,8192,64,,7,20,deepgemm_fp8_paged_mqa|fixed|B1|N8192
dsa-quick,dsa,fixed,deepgemm_fp8_paged_mqa,78b69000794d0937b47ae3387eff7663410264d1,fp8_e4m3_kv_fp8_q,1,8192,128,64,2048,0,19,,score,cudagraph,cuda_event_grouped_7,7.88571,ok,,8192,64,,7,20,deepgemm_fp8_paged_mqa|fixed|B1|N8192
dsa-quick,dsa,fixed,deepgemm_fp8_paged_mqa,78b69000794d0937b47ae3387eff7663410264d1,fp8_e4m3_kv_fp8_q,1,8192,128,64,2048,0,20,,score,cudagraph,cuda_event_grouped_7,7.89943,ok,,8192,64,,7,20,deepgemm_fp8_paged_mqa|fixed|B1|N8192
dsa-quick,dsa,fixed,deepgemm_fp8_paged_mqa,78b69000794d0937b47ae3387eff7663410264d1,fp8_e4m3_kv_fp8_q,1,8192,128,64,2048,0,21,,score,cudagraph,cuda_event_grouped_7,7.91771,ok,,8192,64,,7,20,deepgemm_fp8_paged_mqa|fixed|B1|N8192
dsa-quick,dsa,fixed,deepgemm_fp8_paged_mqa,78b69000794d0937b47ae3387eff7663410264d1,fp8_e4m3_kv_fp8_q,1,8192,128,64,2048,0,22,,score,cudagraph,cuda_event_grouped_7,7.904,ok,,8192,64,,7,20,deepgemm_fp8_paged_mqa|fixed|B1|N8192
dsa-quick,dsa,fixed,deepgemm_fp8_paged_mqa,78b69000794d0937b47ae3387eff7663410264d1,fp8_e4m3_kv_fp8_q,1,8192,128,64,2048,0,23,,score,cudagraph,cuda_event_grouped_7,7.89486,ok,,8192,64,,7,20,deepgemm_fp8_paged_mqa|fixed|B1|N8192
dsa-quick,dsa,fixed,deepgemm_fp8_paged_mqa,78b69000794d0937b47ae3387eff7663410264d1,fp8_e4m3_kv_fp8_q,1,8192,128,64,2048,0,24,,score,cudagraph,cuda_event_grouped_7,7.87657,ok,,8192,64,,7,20,deepgemm_fp8_paged_mqa|fixed|B1|N8192
dsa-quick,dsa,fixed,deepgemm_fp8_paged_mqa,78b69000794d0937b47ae3387eff7663410264d1,fp8_e4m3_kv_fp8_q,1,8192,128,64,2048,0,25,,score,cudagraph,cuda_event_grouped_7,7.86743,ok,,8192,64,,7,20,deepgemm_fp8_paged_mqa|fixed|B1|N8192
dsa-quick,dsa,fixed,deepgemm_fp8_paged_mqa,78b69000794d0937b47ae3387eff7663410264d1,fp8_e4m3_kv_fp8_q,1,8192,128,64,2048,0,26,,score,cudagraph,cuda_event_grouped_7,7.94514,ok,,8192,64,,7,20,deepgemm_fp8_paged_mqa|fixed|B1|N8192
dsa-quick,dsa,fixed,deepgemm_fp8_paged_mqa,78b69000794d0937b47ae3387eff7663410264d1,fp8_e4m3_kv_fp8_q,1,8192,128,64,2048,0,27,,score,cudagraph,cuda_event_grouped_7,7.88114,ok,,8192,64,,7,20,deepgemm_fp8_paged_mqa|fixed|B1|N8192
dsa-quick,dsa,fixed,deepgemm_fp8_paged_mqa,78b69000794d0937b47ae3387eff7663410264d1,fp8_e4m3_kv_fp8_q,1,8192,128,64,2048,0,28,,score,cudagraph,cuda_event_grouped_7,7.872,ok,,8192,64,,7,20,deepgemm_fp8_paged_mqa|fixed|B1|N8192
dsa-quick,dsa,fixed,deepgemm_fp8_paged_mqa,78b69000794d0937b47ae3387eff7663410264d1,fp8_e4m3_kv_fp8_q,1,8192,128,64,2048,0,29,,score,cudagraph,cuda_event_grouped_7,7.88114,ok,,8192,64,,7,20,deepgemm_fp8_paged_mqa|fixed|B1|N8192
dsa-quick,dsa,fixed,deepgemm_fp8_paged_mqa,78b69000794d0937b47ae3387eff7663410264d1,fp8_e4m3_kv_fp8_q,1,8192,128,64,2048,0,30,,score,cudagraph,cuda_event_grouped_7,7.89486,ok,,8192,64,,7,20,deepgemm_fp8_paged_mqa|fixed|B1|N8192
dsa-quick,dsa,fixed,deepgemm_fp8_paged_mqa,78b69000794d0937b47ae3387eff7663410264d1,fp8_e4m3_kv_fp8_q,1,8192,128,64,2048,0,31,,score,cudagraph,cuda_event_grouped_7,7.84,ok,,8192,64,,7,20,deepgemm_fp8_paged_mqa|fixed|B1|N8192
dsa-quick,dsa,fixed,deepgemm_fp8_paged_mqa,78b69000794d0937b47ae3387eff7663410264d1,fp8_e4m3_kv_fp8_q,1,8192,128,64,2048,0,32,,score,cudagraph,cuda_event_grouped_7,7.904,ok,,8192,64,,7,20,deepgemm_fp8_paged_mqa|fixed|B1|N8192
dsa-quick,dsa,fixed,deepgemm_fp8_paged_mqa,78b69000794d0937b47ae3387eff7663410264d1,fp8_e4m3_kv_fp8_q,1,8192,128,64,2048,0,33,,score,cudagraph,cuda_event_grouped_7,7.83086,ok,,8192,64,,7,20,deepgemm_fp8_paged_mqa|fixed|B1|N8192
dsa-quick,dsa,fixed,deepgemm_fp8_paged_mqa,78b69000794d0937b47ae3387eff7663410264d1,fp8_e4m3_kv_fp8_q,1,8192,128,64,2048,0,34,,score,cudagraph,cuda_event_grouped_7,7.88114,ok,,8192,64,,7,20,deepgemm_fp8_paged_mqa|fixed|B1|N8192
dsa-quick,dsa,fixed,deepgemm_fp8_paged_mqa,78b69000794d0937b47ae3387eff7663410264d1,fp8_e4m3_kv_fp8_q,1,8192,128,64,2048,0,35,,score,cudagraph,cuda_event_grouped_7,7.81257,ok,,8192,64,,7,20,deepgemm_fp8_paged_mqa|fixed|B1|N8192
dsa-quick,dsa,fixed,deepgemm_fp8_paged_mqa,78b69000794d0937b47ae3387eff7663410264d1,fp8_e4m3_kv_fp8_q,1,8192,128,64,2048,0,36,,score,cudagraph,cuda_event_grouped_7,7.85371,ok,,8192,64,,7,20,deepgemm_fp8_paged_mqa|fixed|B1|N8192
dsa-quick,dsa,fixed,deepgemm_fp8_paged_mqa,78b69000794d0937b47ae3387eff7663410264d1,fp8_e4m3_kv_fp8_q,1,8192,128,64,2048,0,37,,score,cudagraph,cuda_event_grouped_7,7.83543,ok,,8192,64,,7,20,deepgemm_fp8_paged_mqa|fixed|B1|N8192
dsa-quick,dsa,fixed,deepgemm_fp8_paged_mqa,78b69000794d0937b47ae3387eff7663410264d1,fp8_e4m3_kv_fp8_q,1,8192,128,64,2048,0,38,,score,cudagraph,cuda_event_grouped_7,7.89029,ok,,8192,64,,7,20,deepgemm_fp8_paged_mqa|fixed|B1|N8192
dsa-quick,dsa,fixed,deepgemm_fp8_paged_mqa,78b69000794d0937b47ae3387eff7663410264d1,fp8_e4m3_kv_fp8_q,1,8192,128,64,2048,0,39,,score,cudagraph,cuda_event_grouped_7,7.89943,ok,,8192,64,,7,20,deepgemm_fp8_paged_mqa|fixed|B1|N8192
dsa-quick,dsa,fixed,deepgemm_fp8_paged_mqa,78b69000794d0937b47ae3387eff7663410264d1,fp8_e4m3_kv_fp8_q,1,8192,128,64,2048,0,40,,score,cudagraph,cuda_event_grouped_7,7.85829,ok,,8192,64,,7,20,deepgemm_fp8_paged_mqa|fixed|B1|N8192
dsa-quick,dsa,fixed,deepgemm_fp8_paged_mqa,78b69000794d0937b47ae3387eff7663410264d1,fp8_e4m3_kv_fp8_q,1,8192,128,64,2048,0,41,,score,cudagraph,cuda_event_grouped_7,7.904,ok,,8192,64,,7,20,deepgemm_fp8_paged_mqa|fixed|B1|N8192
dsa-quick,dsa,fixed,deepgemm_fp8_paged_mqa,78b69000794d0937b47ae3387eff7663410264d1,fp8_e4m3_kv_fp8_q,1,8192,128,64,2048,0,42,,score,cudagraph,cuda_event_grouped_7,7.91771,ok,,8192,64,,7,20,deepgemm_fp8_paged_mqa|fixed|B1|N8192
dsa-quick,dsa,fixed,deepgemm_fp8_paged_mqa,78b69000794d0937b47ae3387eff7663410264d1,fp8_e4m3_kv_fp8_q,1,8192,128,64,2048,0,43,,score,cudagraph,cuda_event_grouped_7,7.85829,ok,,8192,64,,7,20,deepgemm_fp8_paged_mqa|fixed|B1|N8192
dsa-quick,dsa,fixed,deepgemm_fp8_paged_mqa,78b69000794d0937b47ae3387eff7663410264d1,fp8_e4m3_kv_fp8_q,1,8192,128,64,2048,0,44,,score,cudagraph,cuda_event_grouped_7,7.87657,ok,,8192,64,,7,20,deepgemm_fp8_paged_mqa|fixed|B1|N8192
dsa-quick,dsa,fixed,deepgemm_fp8_paged_mqa,78b69000794d0937b47ae3387eff7663410264d1,fp8_e4m3_kv_fp8_q,1,8192,128,64,2048,0,45,,score,cudagraph,cuda_event_grouped_7,7.85371,ok,,8192,64,,7,20,deepgemm_fp8_paged_mqa|fixed|B1|N8192
dsa-quick,dsa,fixed,deepgemm_fp8_paged_mqa,78b69000794d0937b47ae3387eff7663410264d1,fp8_e4m3_kv_fp8_q,1,8192,128,64,2048,0,46,,score,cudagraph,cuda_event_grouped_7,7.904,ok,,8192,64,,7,20,deepgemm_fp8_paged_mqa|fixed|B1|N8192
dsa-quick,dsa,fixed,deepgemm_fp8_paged_mqa,78b69000794d0937b47ae3387eff7663410264d1,fp8_e4m3_kv_fp8_q,1,8192,128,64,2048,0,47,,score,cudagraph,cuda_event_grouped_7,7.84914,ok,,8192,64,,7,20,deepgemm_fp8_paged_mqa|fixed|B1|N8192
dsa-quick,dsa,fixed,deepgemm_fp8_paged_mqa,78b69000794d0937b47ae3387eff7663410264d1,fp8_e4m3_kv_fp8_q,1,8192,128,64,2048,0,48,,score,cudagraph,cuda_event_grouped_7,7.84,ok,,8192,64,,7,20,deepgemm_fp8_paged_mqa|fixed|B1|N8192
dsa-quick,dsa,fixed,deepgemm_fp8_paged_mqa,78b69000794d0937b47ae3387eff7663410264d1,fp8_e4m3_kv_fp8_q,1,8192,128,64,2048,0,49,,score,cudagraph,cuda_event_grouped_7,7.87657,ok,,8192,64,,7,20,deepgemm_fp8_paged_mqa|fixed|B1|N8192
dsa-quick,dsa,fixed,deepgemm_fp8_paged_mqa,78b69000794d0937b47ae3387eff7663410264d1,fp8_e4m3_kv_fp8_q,1,8192,128,64,2048,0,50,,score,cudagraph,cuda_event_grouped_7,7.88114,ok,,8192,64,,7,20,deepgemm_fp8_paged_mqa|fixed|B1|N8192
dsa-quick,dsa,fixed,deepgemm_fp8_paged_mqa,78b69000794d0937b47ae3387eff7663410264d1,fp8_e4m3_kv_fp8_q,1,8192,128,64,2048,0,51,,score,cudagraph,cuda_event_grouped_7,7.85371,ok,,8192,64,,7,20,deepgemm_fp8_paged_mqa|fixed|B1|N8192
dsa-quick,dsa,fixed,deepgemm_fp8_paged_mqa,78b69000794d0937b47ae3387eff7663410264d1,fp8_e4m3_kv_fp8_q,1,8192,128,64,2048,0,52,,score,cudagraph,cuda_event_grouped_7,7.82171,ok,,8192,64,,7,20,deepgemm_fp8_paged_mqa|fixed|B1|N8192
dsa-quick,dsa,fixed,deepgemm_fp8_paged_mqa,78b69000794d0937b47ae3387eff7663410264d1,fp8_e4m3_kv_fp8_q,1,8192,128,64,2048,0,53,,score,cudagraph,cuda_event_grouped_7,7.83543,ok,,8192,64,,7,20,deepgemm_fp8_paged_mqa|fixed|B1|N8192
dsa-quick,dsa,fixed,deepgemm_fp8_paged_mqa,78b69000794d0937b47ae3387eff7663410264d1,fp8_e4m3_kv_fp8_q,1,8192,128,64,2048,0,54,,score,cudagraph,cuda_event_grouped_7,7.94057,ok,,8192,64,,7,20,deepgemm_fp8_paged_mqa|fixed|B1|N8192
dsa-quick,dsa,fixed,deepgemm_fp8_paged_mqa,78b69000794d0937b47ae3387eff7663410264d1,fp8_e4m3_kv_fp8_q,1,8192,128,64,2048,0,55,,score,cudagraph,cuda_event_grouped_7,7.776,ok,,8192,64,,7,20,deepgemm_fp8_paged_mqa|fixed|B1|N8192
dsa-quick,dsa,fixed,deepgemm_fp8_paged_mqa,78b69000794d0937b47ae3387eff7663410264d1,fp8_e4m3_kv_fp8_q,1,8192,128,64,2048,0,56,,score,cudagraph,cuda_event_grouped_7,7.85371,ok,,8192,64,,7,20,deepgemm_fp8_paged_mqa|fixed|B1|N8192
dsa-quick,dsa,fixed,deepgemm_fp8_paged_mqa,78b69000794d0937b47ae3387eff7663410264d1,fp8_e4m3_kv_fp8_q,1,8192,128,64,2048,0,57,,score,cudagraph,cuda_event_grouped_7,7.872,ok,,8192,64,,7,20,deepgemm_fp8_paged_mqa|fixed|B1|N8192
dsa-quick,dsa,fixed,deepgemm_fp8_paged_mqa,78b69000794d0937b47ae3387eff7663410264d1,fp8_e4m3_kv_fp8_q,1,8192,128,64,2048,0,58,,score,cudagraph,cuda_event_grouped_7,7.84914,ok,,8192,64,,7,20,deepgemm_fp8_paged_mqa|fixed|B1|N8192
dsa-quick,dsa,fixed,deepgemm_fp8_paged_mqa,78b69000794d0937b47ae3387eff7663410264d1,fp8_e4m3_kv_fp8_q,1,8192,128,64,2048,0,59,,score,cudagraph,cuda_event_grouped_7,7.87657,ok,,8192,64,,7,20,deepgemm_fp8_paged_mqa|fixed|B1|N8192
dsa-quick,dsa,fixed,deepgemm_fp8_paged_mqa,78b69000794d0937b47ae3387eff7663410264d1,fp8_e4m3_kv_fp8_q,1,8192,128,64,2048,0,60,,score,cudagraph,cuda_event_grouped_7,7.94057,ok,,8192,64,,7,20,deepgemm_fp8_paged_mqa|fixed|B1|N8192
dsa-quick,dsa,fixed,deepgemm_fp8_paged_mqa,78b69000794d0937b47ae3387eff7663410264d1,fp8_e4m3_kv_fp8_q,1,8192,128,64,2048,0,61,,score,cudagraph,cuda_event_grouped_7,7.95429,ok,,8192,64,,7,20,deepgemm_fp8_paged_mqa|fixed|B1|N8192
dsa-quick,dsa,fixed,deepgemm_fp8_paged_mqa,78b69000794d0937b47ae3387eff7663410264d1,fp8_e4m3_kv_fp8_q,1,8192,128,64,2048,0,62,,score,cudagraph,cuda_event_grouped_7,7.89029,ok,,8192,64,,7,20,deepgemm_fp8_paged_mqa|fixed|B1|N8192
dsa-quick,dsa,fixed,deepgemm_fp8_paged_mqa,78b69000794d0937b47ae3387eff7663410264d1,fp8_e4m3_kv_fp8_q,1,8192,128,64,2048,0,63,,score,cudagraph,cuda_event_grouped_7,7.88114,ok,,8192,64,,7,20,deepgemm_fp8_paged_mqa|fixed|B1|N8192
dsa-quick,dsa,fixed,deepgemm_fp8_paged_mqa,78b69000794d0937b47ae3387eff7663410264d1,fp8_e4m3_kv_fp8_q,1,8192,128,64,2048,0,64,,score,cudagraph,cuda_event_grouped_7,7.84,ok,,8192,64,,7,20,deepgemm_fp8_paged_mqa|fixed|B1|N8192
dsa-quick,dsa,fixed,deepgemm_fp8_paged_mqa,78b69000794d0937b47ae3387eff7663410264d1,fp8_e4m3_kv_fp8_q,1,8192,128,64,2048,0,65,,score,cudagraph,cuda_event_grouped_7,7.84457,ok,,8192,64,,7,20,deepgemm_fp8_paged_mqa|fixed|B1|N8192
dsa-quick,dsa,fixed,deepgemm_fp8_paged_mqa,78b69000794d0937b47ae3387eff7663410264d1,fp8_e4m3_kv_fp8_q,1,8192,128,64,2048,0,66,,score,cudagraph,cuda_event_grouped_7,7.83086,ok,,8192,64,,7,20,deepgemm_fp8_paged_mqa|fixed|B1|N8192
dsa-quick,dsa,fixed,deepgemm_fp8_paged_mqa,78b69000794d0937b47ae3387eff7663410264d1,fp8_e4m3_kv_fp8_q,1,8192,128,64,2048,0,67,,score,cudagraph,cuda_event_grouped_7,7.872,ok,,8192,64,,7,20,deepgemm_fp8_paged_mqa|fixed|B1|N8192
dsa-quick,dsa,fixed,deepgemm_fp8_paged_mqa,78b69000794d0937b47ae3387eff7663410264d1,fp8_e4m3_kv_fp8_q,1,8192,128,64,2048,0,68,,score,cudagraph,cuda_event_grouped_7,7.87657,ok,,8192,64,,7,20,deepgemm_fp8_paged_mqa|fixed|B1|N8192
dsa-quick,dsa,fixed,deepgemm_fp8_paged_mqa,78b69000794d0937b47ae3387eff7663410264d1,fp8_e4m3_kv_fp8_q,1,8192,128,64,2048,0,69,,score,cudagraph,cuda_event_grouped_7,7.84457,ok,,8192,64,,7,20,deepgemm_fp8_paged_mqa|fixed|B1|N8192
dsa-quick,dsa,fixed,deepgemm_fp8_paged_mqa,78b69000794d0937b47ae3387eff7663410264d1,fp8_e4m3_kv_fp8_q,1,8192,128,64,2048,0,70,,score,cudagraph,cuda_event_grouped_7,7.83086,ok,,8192,64,,7,20,deepgemm_fp8_paged_mqa|fixed|B1|N8192
dsa-quick,dsa,fixed,deepgemm_fp8_paged_mqa,78b69000794d0937b47ae3387eff7663410264d1,fp8_e4m3_kv_fp8_q,1,8192,128,64,2048,0,71,,score,cudagraph,cuda_event_grouped_7,7.85371,ok,,8192,64,,7,20,deepgemm_fp8_paged_mqa|fixed|B1|N8192
dsa-quick,dsa,fixed,deepgemm_fp8_paged_mqa,78b69000794d0937b47ae3387eff7663410264d1,fp8_e4m3_kv_fp8_q,1,8192,128,64,2048,0,72,,score,cudagraph,cuda_event_grouped_7,7.91314,ok,,8192,64,,7,20,deepgemm_fp8_paged_mqa|fixed|B1|N8192
dsa-quick,dsa,fixed,deepgemm_fp8_paged_mqa,78b69000794d0937b47ae3387eff7663410264d1,fp8_e4m3_kv_fp8_q,1,8192,128,64,2048,0,73,,score,cudagraph,cuda_event_grouped_7,7.84,ok,,8192,64,,7,20,deepgemm_fp8_paged_mqa|fixed|B1|N8192
dsa-quick,dsa,fixed,deepgemm_fp8_paged_mqa,78b69000794d0937b47ae3387eff7663410264d1,fp8_e4m3_kv_fp8_q,1,8192,128,64,2048,0,74,,score,cudagraph,cuda_event_grouped_7,7.95429,ok,,8192,64,,7,20,deepgemm_fp8_paged_mqa|fixed|B1|N8192
dsa-quick,dsa,fixed,deepgemm_fp8_paged_mqa,78b69000794d0937b47ae3387eff7663410264d1,fp8_e4m3_kv_fp8_q,1,8192,128,64,2048,0,75,,score,cudagraph,cuda_event_grouped_7,7.88571,ok,,8192,64,,7,20,deepgemm_fp8_paged_mqa|fixed|B1|N8192
dsa-quick,dsa,fixed,deepgemm_fp8_paged_mqa,78b69000794d0937b47ae3387eff7663410264d1,fp8_e4m3_kv_fp8_q,1,8192,128,64,2048,0,76,,score,cudagraph,cuda_event_grouped_7,7.90857,ok,,8192,64,,7,20,deepgemm_fp8_paged_mqa|fixed|B1|N8192
dsa-quick,dsa,fixed,deepgemm_fp8_paged_mqa,78b69000794d0937b47ae3387eff7663410264d1,fp8_e4m3_kv_fp8_q,1,8192,128,64,2048,0,77,,score,cudagraph,cuda_event_grouped_7,7.84457,ok,,8192,64,,7,20,deepgemm_fp8_paged_mqa|fixed|B1|N8192
dsa-quick,dsa,fixed,deepgemm_fp8_paged_mqa,78b69000794d0937b47ae3387eff7663410264d1,fp8_e4m3_kv_fp8_q,1,8192,128,64,2048,0,78,,score,cudagraph,cuda_event_grouped_7,7.86743,ok,,8192,64,,7,20,deepgemm_fp8_paged_mqa|fixed|B1|N8192
dsa-quick,dsa,fixed,deepgemm_fp8_paged_mqa,78b69000794d0937b47ae3387eff7663410264d1,fp8_e4m3_kv_fp8_q,1,8192,128,64,2048,0,79,,score,cudagraph,cuda_event_grouped_7,7.872,ok,,8192,64,,7,20,deepgemm_fp8_paged_mqa|fixed|B1|N8192
dsa-quick,dsa,fixed,deepgemm_fp8_paged_mqa,78b69000794d0937b47ae3387eff7663410264d1,fp8_e4m3_kv_fp8_q,1,8192,128,64,2048,0,80,,score,cudagraph,cuda_event_grouped_7,7.86743,ok,,8192,64,,7,20,deepgemm_fp8_paged_mqa|fixed|B1|N8192
dsa-quick,dsa,fixed,deepgemm_fp8_paged_mqa,78b69000794d0937b47ae3387eff7663410264d1,fp8_e4m3_kv_fp8_q,1,8192,128,64,2048,0,81,,score,cudagraph,cuda_event_grouped_7,7.89029,ok,,8192,64,,7,20,deepgemm_fp8_paged_mqa|fixed|B1|N8192
dsa-quick,dsa,fixed,deepgemm_fp8_paged_mqa,78b69000794d0937b47ae3387eff7663410264d1,fp8_e4m3_kv_fp8_q,1,8192,128,64,2048,0,82,,score,cudagraph,cuda_event_grouped_7,7.85829,ok,,8192,64,,7,20,deepgemm_fp8_paged_mqa|fixed|B1|N8192
dsa-quick,dsa,fixed,deepgemm_fp8_paged_mqa,78b69000794d0937b47ae3387eff7663410264d1,fp8_e4m3_kv_fp8_q,1,8192,128,64,2048,0,83,,score,cudagraph,cuda_event_grouped_7,7.86743,ok,,8192,64,,7,20,deepgemm_fp8_paged_mqa|fixed|B1|N8192
dsa-quick,dsa,fixed,deepgemm_fp8_paged_mqa,78b69000794d0937b47ae3387eff7663410264d1,fp8_e4m3_kv_fp8_q,1,8192,128,64,2048,0,84,,score,cudagraph,cuda_event_grouped_7,7.89029,ok,,8192,64,,7,20,deepgemm_fp8_paged_mqa|fixed|B1|N8192
dsa-quick,dsa,fixed,deepgemm_fp8_paged_mqa,78b69000794d0937b47ae3387eff7663410264d1,fp8_e4m3_kv_fp8_q,1,8192,128,64,2048,0,85,,score,cudagraph,cuda_event_grouped_7,7.87657,ok,,8192,64,,7,20,deepgemm_fp8_paged_mqa|fixed|B1|N8192
dsa-quick,dsa,fixed,deepgemm_fp8_paged_mqa,78b69000794d0937b47ae3387eff7663410264d1,fp8_e4m3_kv_fp8_q,1,8192,128,64,2048,0,86,,score,cudagraph,cuda_event_grouped_7,8.33371,ok,,8192,64,,7,20,deepgemm_fp8_paged_mqa|fixed|B1|N8192
dsa-quick,dsa,fixed,deepgemm_fp8_paged_mqa,78b69000794d0937b47ae3387eff7663410264d1,fp8_e4m3_kv_fp8_q,1,8192,128,64,2048,0,87,,score,cudagraph,cuda_event_grouped_7,7.88114,ok,,8192,64,,7,20,deepgemm_fp8_paged_mqa|fixed|B1|N8192
dsa-quick,dsa,fixed,deepgemm_fp8_paged_mqa,78b69000794d0937b47ae3387eff7663410264d1,fp8_e4m3_kv_fp8_q,1,8192,128,64,2048,0,88,,score,cudagraph,cuda_event_grouped_7,7.84457,ok,,8192,64,,7,20,deepgemm_fp8_paged_mqa|fixed|B1|N8192
dsa-quick,dsa,fixed,deepgemm_fp8_paged_mqa,78b69000794d0937b47ae3387eff7663410264d1,fp8_e4m3_kv_fp8_q,1,8192,128,64,2048,0,89,,score,cudagraph,cuda_event_grouped_7,7.84457,ok,,8192,64,,7,20,deepgemm_fp8_paged_mqa|fixed|B1|N8192
dsa-quick,dsa,fixed,deepgemm_fp8_paged_mqa,78b69000794d0937b47ae3387eff7663410264d1,fp8_e4m3_kv_fp8_q,1,8192,128,64,2048,0,90,,score,cudagraph,cuda_event_grouped_7,7.85371,ok,,8192,64,,7,20,deepgemm_fp8_paged_mqa|fixed|B1|N8192
dsa-quick,dsa,fixed,deepgemm_fp8_paged_mqa,78b69000794d0937b47ae3387eff7663410264d1,fp8_e4m3_kv_fp8_q,1,8192,128,64,2048,0,91,,score,cudagraph,cuda_event_grouped_7,7.92686,ok,,8192,64,,7,20,deepgemm_fp8_paged_mqa|fixed|B1|N8192
dsa-quick,dsa,fixed,deepgemm_fp8_paged_mqa,78b69000794d0937b47ae3387eff7663410264d1,fp8_e4m3_kv_fp8_q,1,8192,128,64,2048,0,92,,score,cudagraph,cuda_event_grouped_7,7.85371,ok,,8192,64,,7,20,deepgemm_fp8_paged_mqa|fixed|B1|N8192
dsa-quick,dsa,fixed,deepgemm_fp8_paged_mqa,78b69000794d0937b47ae3387eff7663410264d1,fp8_e4m3_kv_fp8_q,1,8192,128,64,2048,0,93,,score,cudagraph,cuda_event_grouped_7,7.83543,ok,,8192,64,,7,20,deepgemm_fp8_paged_mqa|fixed|B1|N8192
dsa-quick,dsa,fixed,deepgemm_fp8_paged_mqa,78b69000794d0937b47ae3387eff7663410264d1,fp8_e4m3_kv_fp8_q,1,8192,128,64,2048,0,94,,score,cudagraph,cuda_event_grouped_7,7.84457,ok,,8192,64,,7,20,deepgemm_fp8_paged_mqa|fixed|B1|N8192
dsa-quick,dsa,fixed,deepgemm_fp8_paged_mqa,78b69000794d0937b47ae3387eff7663410264d1,fp8_e4m3_kv_fp8_q,1,8192,128,64,2048,0,95,,score,cudagraph,cuda_event_grouped_7,7.83543,ok,,8192,64,,7,20,deepgemm_fp8_paged_mqa|fixed|B1|N8192
dsa-quick,dsa,fixed,deepgemm_fp8_paged_mqa,78b69000794d0937b47ae3387eff7663410264d1,fp8_e4m3_kv_fp8_q,1,8192,128,64,2048,0,96,,score,cudagraph,cuda_event_grouped_7,7.86286,ok,,8192,64,,7,20,deepgemm_fp8_paged_mqa|fixed|B1|N8192
dsa-quick,dsa,fixed,deepgemm_fp8_paged_mqa,78b69000794d0937b47ae3387eff7663410264d1,fp8_e4m3_kv_fp8_q,1,8192,128,64,2048,0,97,,score,cudagraph,cuda_event_grouped_7,7.85829,ok,,8192,64,,7,20,deepgemm_fp8_paged_mqa|fixed|B1|N8192
dsa-quick,dsa,fixed,deepgemm_fp8_paged_mqa,78b69000794d0937b47ae3387eff7663410264d1,fp8_e4m3_kv_fp8_q,1,8192,128,64,2048,0,98,,score,cudagraph,cuda_event_grouped_7,7.872,ok,,8192,64,,7,20,deepgemm_fp8_paged_mqa|fixed|B1|N8192
dsa-quick,dsa,fixed,deepgemm_fp8_paged_mqa,78b69000794d0937b47ae3387eff7663410264d1,fp8_e4m3_kv_fp8_q,1,8192,128,64,2048,0,99,,score,cudagraph,cuda_event_grouped_7,7.89029,ok,,8192,64,,7,20,deepgemm_fp8_paged_mqa|fixed|B1|N8192
dsa-quick,dsa,fixed,deepgemm_fp8_paged_mqa,78b69000794d0937b47ae3387eff7663410264d1,fp8_e4m3_kv_fp8_q,1,8192,128,64,2048,0,0,,select,cudagraph,cuda_event_grouped_2,52.336,ok,,8192,64,,2,20,deepgemm_fp8_paged_mqa|fixed|B1|N8192
dsa-quick,dsa,fixed,deepgemm_fp8_paged_mqa,78b69000794d0937b47ae3387eff7663410264d1,fp8_e4m3_kv_fp8_q,1,8192,128,64,2048,0,1,,select,cudagraph,cuda_event_grouped_2,53.632,ok,,8192,64,,2,20,deepgemm_fp8_paged_mqa|fixed|B1|N8192
dsa-quick,dsa,fixed,deepgemm_fp8_paged_mqa,78b69000794d0937b47ae3387eff7663410264d1,fp8_e4m3_kv_fp8_q,1,8192,128,64,2048,0,2,,select,cudagraph,cuda_event_grouped_2,55.84,ok,,8192,64,,2,20,deepgemm_fp8_paged_mqa|fixed|B1|N8192
dsa-quick,dsa,fixed,deepgemm_fp8_paged_mqa,78b69000794d0937b47ae3387eff7663410264d1,fp8_e4m3_kv_fp8_q,1,8192,128,64,2048,0,3,,select,cudagraph,cuda_event_grouped_2,51.024,ok,,8192,64,,2,20,deepgemm_fp8_paged_mqa|fixed|B1|N8192
dsa-quick,dsa,fixed,deepgemm_fp8_paged_mqa,78b69000794d0937b47ae3387eff7663410264d1,fp8_e4m3_kv_fp8_q,1,8192,128,64,2048,0,4,,select,cudagraph,cuda_event_grouped_2,53.264,ok,,8192,64,,2,20,deepgemm_fp8_paged_mqa|fixed|B1|N8192
dsa-quick,dsa,fixed,deepgemm_fp8_paged_mqa,78b69000794d0937b47ae3387eff7663410264d1,fp8_e4m3_kv_fp8_q,1,8192,128,64,2048,0,5,,select,cudagraph,cuda_event_grouped_2,53.072,ok,,8192,64,,2,20,deepgemm_fp8_paged_mqa|fixed|B1|N8192
dsa-quick,dsa,fixed,deepgemm_fp8_paged_mqa,78b69000794d0937b47ae3387eff7663410264d1,fp8_e4m3_kv_fp8_q,1,8192,128,64,2048,0,6,,select,cudagraph,cuda_event_grouped_2,48.24,ok,,8192,64,,2,20,deepgemm_fp8_paged_mqa|fixed|B1|N8192
dsa-quick,dsa,fixed,deepgemm_fp8_paged_mqa,78b69000794d0937b47ae3387eff7663410264d1,fp8_e4m3_kv_fp8_q,1,8192,128,64,2048,0,7,,select,cudagraph,cuda_event_grouped_2,51.184,ok,,8192,64,,2,20,deepgemm_fp8_paged_mqa|fixed|B1|N8192
dsa-quick,dsa,fixed,deepgemm_fp8_paged_mqa,78b69000794d0937b47ae3387eff7663410264d1,fp8_e4m3_kv_fp8_q,1,8192,128,64,2048,0,8,,select,cudagraph,cuda_event_grouped_2,51.984,ok,,8192,64,,2,20,deepgemm_fp8_paged_mqa|fixed|B1|N8192
dsa-quick,dsa,fixed,deepgemm_fp8_paged_mqa,78b69000794d0937b47ae3387eff7663410264d1,fp8_e4m3_kv_fp8_q,1,8192,128,64,2048,0,9,,select,cudagraph,cuda_event_grouped_2,53.392,ok,,8192,64,,2,20,deepgemm_fp8_paged_mqa|fixed|B1|N8192
dsa-quick,dsa,fixed,deepgemm_fp8_paged_mqa,78b69000794d0937b47ae3387eff7663410264d1,fp8_e4m3_kv_fp8_q,1,8192,128,64,2048,0,10,,select,cudagraph,cuda_event_grouped_2,55.776,ok,,8192,64,,2,20,deepgemm_fp8_paged_mqa|fixed|B1|N8192
dsa-quick,dsa,fixed,deepgemm_fp8_paged_mqa,78b69000794d0937b47ae3387eff7663410264d1,fp8_e4m3_kv_fp8_q,1,8192,128,64,2048,0,11,,select,cudagraph,cuda_event_grouped_2,51.184,ok,,8192,64,,2,20,deepgemm_fp8_paged_mqa|fixed|B1|N8192
dsa-quick,dsa,fixed,deepgemm_fp8_paged_mqa,78b69000794d0937b47ae3387eff7663410264d1,fp8_e4m3_kv_fp8_q,1,8192,128,64,2048,0,12,,select,cudagraph,cuda_event_grouped_2,53.36,ok,,8192,64,,2,20,deepgemm_fp8_paged_mqa|fixed|B1|N8192
dsa-quick,dsa,fixed,deepgemm_fp8_paged_mqa,78b69000794d0937b47ae3387eff7663410264d1,fp8_e4m3_kv_fp8_q,1,8192,128,64,2048,0,13,,select,cudagraph,cuda_event_grouped_2,53.232,ok,,8192,64,,2,20,deepgemm_fp8_paged_mqa|fixed|B1|N8192
dsa-quick,dsa,fixed,deepgemm_fp8_paged_mqa,78b69000794d0937b47ae3387eff7663410264d1,fp8_e4m3_kv_fp8_q,1,8192,128,64,2048,0,14,,select,cudagraph,cuda_event_grouped_2,48.208,ok,,8192,64,,2,20,deepgemm_fp8_paged_mqa|fixed|B1|N8192
dsa-quick,dsa,fixed,deepgemm_fp8_paged_mqa,78b69000794d0937b47ae3387eff7663410264d1,fp8_e4m3_kv_fp8_q,1,8192,128,64,2048,0,15,,select,cudagraph,cuda_event_grouped_2,51.104,ok,,8192,64,,2,20,deepgemm_fp8_paged_mqa|fixed|B1|N8192
dsa-quick,dsa,fixed,deepgemm_fp8_paged_mqa,78b69000794d0937b47ae3387eff7663410264d1,fp8_e4m3_kv_fp8_q,1,8192,128,64,2048,0,16,,select,cudagraph,cuda_event_grouped_2,52.112,ok,,8192,64,,2,20,deepgemm_fp8_paged_mqa|fixed|B1|N8192
dsa-quick,dsa,fixed,deepgemm_fp8_paged_mqa,78b69000794d0937b47ae3387eff7663410264d1,fp8_e4m3_kv_fp8_q,1,8192,128,64,2048,0,17,,select,cudagraph,cuda_event_grouped_2,53.6,ok,,8192,64,,2,20,deepgemm_fp8_paged_mqa|fixed|B1|N8192
dsa-quick,dsa,fixed,deepgemm_fp8_paged_mqa,78b69000794d0937b47ae3387eff7663410264d1,fp8_e4m3_kv_fp8_q,1,8192,128,64,2048,0,18,,select,cudagraph,cuda_event_grouped_2,55.824,ok,,8192,64,,2,20,deepgemm_fp8_paged_mqa|fixed|B1|N8192
dsa-quick,dsa,fixed,deepgemm_fp8_paged_mqa,78b69000794d0937b47ae3387eff7663410264d1,fp8_e4m3_kv_fp8_q,1,8192,128,64,2048,0,19,,select,cudagraph,cuda_event_grouped_2,51.04,ok,,8192,64,,2,20,deepgemm_fp8_paged_mqa|fixed|B1|N8192
dsa-quick,dsa,fixed,deepgemm_fp8_paged_mqa,78b69000794d0937b47ae3387eff7663410264d1,fp8_e4m3_kv_fp8_q,1,8192,128,64,2048,0,20,,select,cudagraph,cuda_event_grouped_2,53.28,ok,,8192,64,,2,20,deepgemm_fp8_paged_mqa|fixed|B1|N8192
dsa-quick,dsa,fixed,deepgemm_fp8_paged_mqa,78b69000794d0937b47ae3387eff7663410264d1,fp8_e4m3_kv_fp8_q,1,8192,128,64,2048,0,21,,select,cudagraph,cuda_event_grouped_2,53.04,ok,,8192,64,,2,20,deepgemm_fp8_paged_mqa|fixed|B1|N8192
dsa-quick,dsa,fixed,deepgemm_fp8_paged_mqa,78b69000794d0937b47ae3387eff7663410264d1,fp8_e4m3_kv_fp8_q,1,8192,128,64,2048,0,22,,select,cudagraph,cuda_event_grouped_2,48.16,ok,,8192,64,,2,20,deepgemm_fp8_paged_mqa|fixed|B1|N8192
dsa-quick,dsa,fixed,deepgemm_fp8_paged_mqa,78b69000794d0937b47ae3387eff7663410264d1,fp8_e4m3_kv_fp8_q,1,8192,128,64,2048,0,23,,select,cudagraph,cuda_event_grouped_2,51.28,ok,,8192,64,,2,20,deepgemm_fp8_paged_mqa|fixed|B1|N8192
dsa-quick,dsa,fixed,deepgemm_fp8_paged_mqa,78b69000794d0937b47ae3387eff7663410264d1,fp8_e4m3_kv_fp8_q,1,8192,128,64,2048,0,24,,select,cudagraph,cuda_event_grouped_2,51.984,ok,,8192,64,,2,20,deepgemm_fp8_paged_mqa|fixed|B1|N8192
dsa-quick,dsa,fixed,deepgemm_fp8_paged_mqa,78b69000794d0937b47ae3387eff7663410264d1,fp8_e4m3_kv_fp8_q,1,8192,128,64,2048,0,25,,select,cudagraph,cuda_event_grouped_2,53.44,ok,,8192,64,,2,20,deepgemm_fp8_paged_mqa|fixed|B1|N8192
dsa-quick,dsa,fixed,deepgemm_fp8_paged_mqa,78b69000794d0937b47ae3387eff7663410264d1,fp8_e4m3_kv_fp8_q,1,8192,128,64,2048,0,26,,select,cudagraph,cuda_event_grouped_2,55.6,ok,,8192,64,,2,20,deepgemm_fp8_paged_mqa|fixed|B1|N8192
dsa-quick,dsa,fixed,deepgemm_fp8_paged_mqa,78b69000794d0937b47ae3387eff7663410264d1,fp8_e4m3_kv_fp8_q,1,8192,128,64,2048,0,27,,select,cudagraph,cuda_event_grouped_2,51.104,ok,,8192,64,,2,20,deepgemm_fp8_paged_mqa|fixed|B1|N8192
dsa-quick,dsa,fixed,deepgemm_fp8_paged_mqa,78b69000794d0937b47ae3387eff7663410264d1,fp8_e4m3_kv_fp8_q,1,8192,128,64,2048,0,28,,select,cudagraph,cuda_event_grouped_2,53.232,ok,,8192,64,,2,20,deepgemm_fp8_paged_mqa|fixed|B1|N8192
dsa-quick,dsa,fixed,deepgemm_fp8_paged_mqa,78b69000794d0937b47ae3387eff7663410264d1,fp8_e4m3_kv_fp8_q,1,8192,128,64,2048,0,29,,select,cudagraph,cuda_event_grouped_2,52.976,ok,,8192,64,,2,20,deepgemm_fp8_paged_mqa|fixed|B1|N8192
dsa-quick,dsa,fixed,deepgemm_fp8_paged_mqa,78b69000794d0937b47ae3387eff7663410264d1,fp8_e4m3_kv_fp8_q,1,8192,128,64,2048,0,30,,select,cudagraph,cuda_event_grouped_2,48.144,ok,,8192,64,,2,20,deepgemm_fp8_paged_mqa|fixed|B1|N8192
dsa-quick,dsa,fixed,deepgemm_fp8_paged_mqa,78b69000794d0937b47ae3387eff7663410264d1,fp8_e4m3_kv_fp8_q,1,8192,128,64,2048,0,31,,select,cudagraph,cuda_event_grouped_2,50.976,ok,,8192,64,,2,20,deepgemm_fp8_paged_mqa|fixed|B1|N8192
dsa-quick,dsa,fixed,deepgemm_fp8_paged_mqa,78b69000794d0937b47ae3387eff7663410264d1,fp8_e4m3_kv_fp8_q,1,8192,128,64,2048,0,32,,select,cudagraph,cuda_event_grouped_2,53.456,ok,,8192,64,,2,20,deepgemm_fp8_paged_mqa|fixed|B1|N8192
dsa-quick,dsa,fixed,deepgemm_fp8_paged_mqa,78b69000794d0937b47ae3387eff7663410264d1,fp8_e4m3_kv_fp8_q,1,8192,128,64,2048,0,33,,select,cudagraph,cuda_event_grouped_2,53.6,ok,,8192,64,,2,20,deepgemm_fp8_paged_mqa|fixed|B1|N8192
dsa-quick,dsa,fixed,deepgemm_fp8_paged_mqa,78b69000794d0937b47ae3387eff7663410264d1,fp8_e4m3_kv_fp8_q,1,8192,128,64,2048,0,34,,select,cudagraph,cuda_event_grouped_2,55.632,ok,,8192,64,,2,20,deepgemm_fp8_paged_mqa|fixed|B1|N8192
dsa-quick,dsa,fixed,deepgemm_fp8_paged_mqa,78b69000794d0937b47ae3387eff7663410264d1,fp8_e4m3_kv_fp8_q,1,8192,128,64,2048,0,35,,select,cudagraph,cuda_event_grouped_2,50.928,ok,,8192,64,,2,20,deepgemm_fp8_paged_mqa|fixed|B1|N8192
dsa-quick,dsa,fixed,deepgemm_fp8_paged_mqa,78b69000794d0937b47ae3387eff7663410264d1,fp8_e4m3_kv_fp8_q,1,8192,128,64,2048,0,36,,select,cudagraph,cuda_event_grouped_2,53.328,ok,,8192,64,,2,20,deepgemm_fp8_paged_mqa|fixed|B1|N8192
dsa-quick,dsa,fixed,deepgemm_fp8_paged_mqa,78b69000794d0937b47ae3387eff7663410264d1,fp8_e4m3_kv_fp8_q,1,8192,128,64,2048,0,37,,select,cudagraph,cuda_event_grouped_2,53.088,ok,,8192,64,,2,20,deepgemm_fp8_paged_mqa|fixed|B1|N8192
dsa-quick,dsa,fixed,deepgemm_fp8_paged_mqa,78b69000794d0937b47ae3387eff7663410264d1,fp8_e4m3_kv_fp8_q,1,8192,128,64,2048,0,38,,select,cudagraph,cuda_event_grouped_2,48.24,ok,,8192,64,,2,20,deepgemm_fp8_paged_mqa|fixed|B1|N8192
dsa-quick,dsa,fixed,deepgemm_fp8_paged_mqa,78b69000794d0937b47ae3387eff7663410264d1,fp8_e4m3_kv_fp8_q,1,8192,128,64,2048,0,39,,select,cudagraph,cuda_event_grouped_2,51.168,ok,,8192,64,,2,20,deepgemm_fp8_paged_mqa|fixed|B1|N8192
dsa-quick,dsa,fixed,deepgemm_fp8_paged_mqa,78b69000794d0937b47ae3387eff7663410264d1,fp8_e4m3_kv_fp8_q,1,8192,128,64,2048,0,40,,select,cudagraph,cuda_event_grouped_2,51.968,ok,,8192,64,,2,20,deepgemm_fp8_paged_mqa|fixed|B1|N8192
dsa-quick,dsa,fixed,deepgemm_fp8_paged_mqa,78b69000794d0937b47ae3387eff7663410264d1,fp8_e4m3_kv_fp8_q,1,8192,128,64,2048,0,41,,select,cudagraph,cuda_event_grouped_2,53.632,ok,,8192,64,,2,20,deepgemm_fp8_paged_mqa|fixed|B1|N8192
dsa-quick,dsa,fixed,deepgemm_fp8_paged_mqa,78b69000794d0937b47ae3387eff7663410264d1,fp8_e4m3_kv_fp8_q,1,8192,128,64,2048,0,42,,select,cudagraph,cuda_event_grouped_2,55.808,ok,,8192,64,,2,20,deepgemm_fp8_paged_mqa|fixed|B1|N8192
dsa-quick,dsa,fixed,deepgemm_fp8_paged_mqa,78b69000794d0937b47ae3387eff7663410264d1,fp8_e4m3_kv_fp8_q,1,8192,128,64,2048,0,43,,select,cudagraph,cuda_event_grouped_2,51.04,ok,,8192,64,,2,20,deepgemm_fp8_paged_mqa|fixed|B1|N8192
dsa-quick,dsa,fixed,deepgemm_fp8_paged_mqa,78b69000794d0937b47ae3387eff7663410264d1,fp8_e4m3_kv_fp8_q,1,8192,128,64,2048,0,44,,select,cudagraph,cuda_event_grouped_2,53.088,ok,,8192,64,,2,20,deepgemm_fp8_paged_mqa|fixed|B1|N8192
dsa-quick,dsa,fixed,deepgemm_fp8_paged_mqa,78b69000794d0937b47ae3387eff7663410264d1,fp8_e4m3_kv_fp8_q,1,8192,128,64,2048,0,45,,select,cudagraph,cuda_event_grouped_2,53.104,ok,,8192,64,,2,20,deepgemm_fp8_paged_mqa|fixed|B1|N8192
dsa-quick,dsa,fixed,deepgemm_fp8_paged_mqa,78b69000794d0937b47ae3387eff7663410264d1,fp8_e4m3_kv_fp8_q,1,8192,128,64,2048,0,46,,select,cudagraph,cuda_event_grouped_2,48.128,ok,,8192,64,,2,20,deepgemm_fp8_paged_mqa|fixed|B1|N8192
dsa-quick,dsa,fixed,deepgemm_fp8_paged_mqa,78b69000794d0937b47ae3387eff7663410264d1,fp8_e4m3_kv_fp8_q,1,8192,128,64,2048,0,47,,select,cudagraph,cuda_event_grouped_2,51.072,ok,,8192,64,,2,20,deepgemm_fp8_paged_mqa|fixed|B1|N8192
dsa-quick,dsa,fixed,deepgemm_fp8_paged_mqa,78b69000794d0937b47ae3387eff7663410264d1,fp8_e4m3_kv_fp8_q,1,8192,128,64,2048,0,48,,select,cudagraph,cuda_event_grouped_2,51.984,ok,,8192,64,,2,20,deepgemm_fp8_paged_mqa|fixed|B1|N8192
dsa-quick,dsa,fixed,deepgemm_fp8_paged_mqa,78b69000794d0937b47ae3387eff7663410264d1,fp8_e4m3_kv_fp8_q,1,8192,128,64,2048,0,49,,select,cudagraph,cuda_event_grouped_2,53.68,ok,,8192,64,,2,20,deepgemm_fp8_paged_mqa|fixed|B1|N8192
dsa-quick,dsa,fixed,deepgemm_fp8_paged_mqa,78b69000794d0937b47ae3387eff7663410264d1,fp8_e4m3_kv_fp8_q,1,8192,128,64,2048,0,50,,select,cudagraph,cuda_event_grouped_2,55.84,ok,,8192,64,,2,20,deepgemm_fp8_paged_mqa|fixed|B1|N8192
dsa-quick,dsa,fixed,deepgemm_fp8_paged_mqa,78b69000794d0937b47ae3387eff7663410264d1,fp8_e4m3_kv_fp8_q,1,8192,128,64,2048,0,51,,select,cudagraph,cuda_event_grouped_2,50.896,ok,,8192,64,,2,20,deepgemm_fp8_paged_mqa|fixed|B1|N8192
dsa-quick,dsa,fixed,deepgemm_fp8_paged_mqa,78b69000794d0937b47ae3387eff7663410264d1,fp8_e4m3_kv_fp8_q,1,8192,128,64,2048,0,52,,select,cudagraph,cuda_event_grouped_2,53.456,ok,,8192,64,,2,20,deepgemm_fp8_paged_mqa|fixed|B1|N8192
dsa-quick,dsa,fixed,deepgemm_fp8_paged_mqa,78b69000794d0937b47ae3387eff7663410264d1,fp8_e4m3_kv_fp8_q,1,8192,128,64,2048,0,53,,select,cudagraph,cuda_event_grouped_2,53.104,ok,,8192,64,,2,20,deepgemm_fp8_paged_mqa|fixed|B1|N8192
dsa-quick,dsa,fixed,deepgemm_fp8_paged_mqa,78b69000794d0937b47ae3387eff7663410264d1,fp8_e4m3_kv_fp8_q,1,8192,128,64,2048,0,54,,select,cudagraph,cuda_event_grouped_2,48.272,ok,,8192,64,,2,20,deepgemm_fp8_paged_mqa|fixed|B1|N8192
dsa-quick,dsa,fixed,deepgemm_fp8_paged_mqa,78b69000794d0937b47ae3387eff7663410264d1,fp8_e4m3_kv_fp8_q,1,8192,128,64,2048,0,55,,select,cudagraph,cuda_event_grouped_2,51.232,ok,,8192,64,,2,20,deepgemm_fp8_paged_mqa|fixed|B1|N8192
dsa-quick,dsa,fixed,deepgemm_fp8_paged_mqa,78b69000794d0937b47ae3387eff7663410264d1,fp8_e4m3_kv_fp8_q,1,8192,128,64,2048,0,56,,select,cudagraph,cuda_event_grouped_2,52.128,ok,,8192,64,,2,20,deepgemm_fp8_paged_mqa|fixed|B1|N8192
dsa-quick,dsa,fixed,deepgemm_fp8_paged_mqa,78b69000794d0937b47ae3387eff7663410264d1,fp8_e4m3_kv_fp8_q,1,8192,128,64,2048,0,57,,select,cudagraph,cuda_event_grouped_2,53.584,ok,,8192,64,,2,20,deepgemm_fp8_paged_mqa|fixed|B1|N8192
dsa-quick,dsa,fixed,deepgemm_fp8_paged_mqa,78b69000794d0937b47ae3387eff7663410264d1,fp8_e4m3_kv_fp8_q,1,8192,128,64,2048,0,58,,select,cudagraph,cuda_event_grouped_2,55.856,ok,,8192,64,,2,20,deepgemm_fp8_paged_mqa|fixed|B1|N8192
dsa-quick,dsa,fixed,deepgemm_fp8_paged_mqa,78b69000794d0937b47ae3387eff7663410264d1,fp8_e4m3_kv_fp8_q,1,8192,128,64,2048,0,59,,select,cudagraph,cuda_event_grouped_2,51.152,ok,,8192,64,,2,20,deepgemm_fp8_paged_mqa|fixed|B1|N8192
dsa-quick,dsa,fixed,deepgemm_fp8_paged_mqa,78b69000794d0937b47ae3387eff7663410264d1,fp8_e4m3_kv_fp8_q,1,8192,128,64,2048,0,60,,select,cudagraph,cuda_event_grouped_2,53.312,ok,,8192,64,,2,20,deepgemm_fp8_paged_mqa|fixed|B1|N8192
dsa-quick,dsa,fixed,deepgemm_fp8_paged_mqa,78b69000794d0937b47ae3387eff7663410264d1,fp8_e4m3_kv_fp8_q,1,8192,128,64,2048,0,61,,select,cudagraph,cuda_event_grouped_2,53.216,ok,,8192,64,,2,20,deepgemm_fp8_paged_mqa|fixed|B1|N8192
dsa-quick,dsa,fixed,deepgemm_fp8_paged_mqa,78b69000794d0937b47ae3387eff7663410264d1,fp8_e4m3_kv_fp8_q,1,8192,128,64,2048,0,62,,select,cudagraph,cuda_event_grouped_2,48.24,ok,,8192,64,,2,20,deepgemm_fp8_paged_mqa|fixed|B1|N8192
dsa-quick,dsa,fixed,deepgemm_fp8_paged_mqa,78b69000794d0937b47ae3387eff7663410264d1,fp8_e4m3_kv_fp8_q,1,8192,128,64,2048,0,63,,select,cudagraph,cuda_event_grouped_2,51.248,ok,,8192,64,,2,20,deepgemm_fp8_paged_mqa|fixed|B1|N8192
dsa-quick,dsa,fixed,deepgemm_fp8_paged_mqa,78b69000794d0937b47ae3387eff7663410264d1,fp8_e4m3_kv_fp8_q,1,8192,128,64,2048,0,64,,select,cudagraph,cuda_event_grouped_2,52.144,ok,,8192,64,,2,20,deepgemm_fp8_paged_mqa|fixed|B1|N8192
dsa-quick,dsa,fixed,deepgemm_fp8_paged_mqa,78b69000794d0937b47ae3387eff7663410264d1,fp8_e4m3_kv_fp8_q,1,8192,128,64,2048,0,65,,select,cudagraph,cuda_event_grouped_2,53.472,ok,,8192,64,,2,20,deepgemm_fp8_paged_mqa|fixed|B1|N8192
dsa-quick,dsa,fixed,deepgemm_fp8_paged_mqa,78b69000794d0937b47ae3387eff7663410264d1,fp8_e4m3_kv_fp8_q,1,8192,128,64,2048,0,66,,select,cudagraph,cuda_event_grouped_2,55.952,ok,,8192,64,,2,20,deepgemm_fp8_paged_mqa|fixed|B1|N8192
dsa-quick,dsa,fixed,deepgemm_fp8_paged_mqa,78b69000794d0937b47ae3387eff7663410264d1,fp8_e4m3_kv_fp8_q,1,8192,128,64,2048,0,67,,select,cudagraph,cuda_event_grouped_2,51.104,ok,,8192,64,,2,20,deepgemm_fp8_paged_mqa|fixed|B1|N8192
dsa-quick,dsa,fixed,deepgemm_fp8_paged_mqa,78b69000794d0937b47ae3387eff7663410264d1,fp8_e4m3_kv_fp8_q,1,8192,128,64,2048,0,68,,select,cudagraph,cuda_event_grouped_2,53.376,ok,,8192,64,,2,20,deepgemm_fp8_paged_mqa|fixed|B1|N8192
dsa-quick,dsa,fixed,deepgemm_fp8_paged_mqa,78b69000794d0937b47ae3387eff7663410264d1,fp8_e4m3_kv_fp8_q,1,8192,128,64,2048,0,69,,select,cudagraph,cuda_event_grouped_2,53.184,ok,,8192,64,,2,20,deepgemm_fp8_paged_mqa|fixed|B1|N8192
dsa-quick,dsa,fixed,deepgemm_fp8_paged_mqa,78b69000794d0937b47ae3387eff7663410264d1,fp8_e4m3_kv_fp8_q,1,8192,128,64,2048,0,70,,select,cudagraph,cuda_event_grouped_2,48.336,ok,,8192,64,,2,20,deepgemm_fp8_paged_mqa|fixed|B1|N8192
dsa-quick,dsa,fixed,deepgemm_fp8_paged_mqa,78b69000794d0937b47ae3387eff7663410264d1,fp8_e4m3_kv_fp8_q,1,8192,128,64,2048,0,71,,select,cudagraph,cuda_event_grouped_2,51.152,ok,,8192,64,,2,20,deepgemm_fp8_paged_mqa|fixed|B1|N8192
dsa-quick,dsa,fixed,deepgemm_fp8_paged_mqa,78b69000794d0937b47ae3387eff7663410264d1,fp8_e4m3_kv_fp8_q,1,8192,128,64,2048,0,72,,select,cudagraph,cuda_event_grouped_2,51.936,ok,,8192,64,,2,20,deepgemm_fp8_paged_mqa|fixed|B1|N8192
dsa-quick,dsa,fixed,deepgemm_fp8_paged_mqa,78b69000794d0937b47ae3387eff7663410264d1,fp8_e4m3_kv_fp8_q,1,8192,128,64,2048,0,73,,select,cudagraph,cuda_event_grouped_2,53.568,ok,,8192,64,,2,20,deepgemm_fp8_paged_mqa|fixed|B1|N8192
dsa-quick,dsa,fixed,deepgemm_fp8_paged_mqa,78b69000794d0937b47ae3387eff7663410264d1,fp8_e4m3_kv_fp8_q,1,8192,128,64,2048,0,74,,select,cudagraph,cuda_event_grouped_2,55.648,ok,,8192,64,,2,20,deepgemm_fp8_paged_mqa|fixed|B1|N8192
dsa-quick,dsa,fixed,deepgemm_fp8_paged_mqa,78b69000794d0937b47ae3387eff7663410264d1,fp8_e4m3_kv_fp8_q,1,8192,128,64,2048,0,75,,select,cudagraph,cuda_event_grouped_2,50.96,ok,,8192,64,,2,20,deepgemm_fp8_paged_mqa|fixed|B1|N8192
dsa-quick,dsa,fixed,deepgemm_fp8_paged_mqa,78b69000794d0937b47ae3387eff7663410264d1,fp8_e4m3_kv_fp8_q,1,8192,128,64,2048,0,76,,select,cudagraph,cuda_event_grouped_2,53.056,ok,,8192,64,,2,20,deepgemm_fp8_paged_mqa|fixed|B1|N8192
dsa-quick,dsa,fixed,deepgemm_fp8_paged_mqa,78b69000794d0937b47ae3387eff7663410264d1,fp8_e4m3_kv_fp8_q,1,8192,128,64,2048,0,77,,select,cudagraph,cuda_event_grouped_2,53.04,ok,,8192,64,,2,20,deepgemm_fp8_paged_mqa|fixed|B1|N8192
dsa-quick,dsa,fixed,deepgemm_fp8_paged_mqa,78b69000794d0937b47ae3387eff7663410264d1,fp8_e4m3_kv_fp8_q,1,8192,128,64,2048,0,78,,select,cudagraph,cuda_event_grouped_2,48.336,ok,,8192,64,,2,20,deepgemm_fp8_paged_mqa|fixed|B1|N8192
dsa-quick,dsa,fixed,deepgemm_fp8_paged_mqa,78b69000794d0937b47ae3387eff7663410264d1,fp8_e4m3_kv_fp8_q,1,8192,128,64,2048,0,79,,select,cudagraph,cuda_event_grouped_2,51.216,ok,,8192,64,,2,20,deepgemm_fp8_paged_mqa|fixed|B1|N8192
dsa-quick,dsa,fixed,deepgemm_fp8_paged_mqa,78b69000794d0937b47ae3387eff7663410264d1,fp8_e4m3_kv_fp8_q,1,8192,128,64,2048,0,80,,select,cudagraph,cuda_event_grouped_2,51.888,ok,,8192,64,,2,20,deepgemm_fp8_paged_mqa|fixed|B1|N8192
dsa-quick,dsa,fixed,deepgemm_fp8_paged_mqa,78b69000794d0937b47ae3387eff7663410264d1,fp8_e4m3_kv_fp8_q,1,8192,128,64,2048,0,81,,select,cudagraph,cuda_event_grouped_2,53.568,ok,,8192,64,,2,20,deepgemm_fp8_paged_mqa|fixed|B1|N8192
dsa-quick,dsa,fixed,deepgemm_fp8_paged_mqa,78b69000794d0937b47ae3387eff7663410264d1,fp8_e4m3_kv_fp8_q,1,8192,128,64,2048,0,82,,select,cudagraph,cuda_event_grouped_2,55.616,ok,,8192,64,,2,20,deepgemm_fp8_paged_mqa|fixed|B1|N8192
dsa-quick,dsa,fixed,deepgemm_fp8_paged_mqa,78b69000794d0937b47ae3387eff7663410264d1,fp8_e4m3_kv_fp8_q,1,8192,128,64,2048,0,83,,select,cudagraph,cuda_event_grouped_2,51.024,ok,,8192,64,,2,20,deepgemm_fp8_paged_mqa|fixed|B1|N8192
dsa-quick,dsa,fixed,deepgemm_fp8_paged_mqa,78b69000794d0937b47ae3387eff7663410264d1,fp8_e4m3_kv_fp8_q,1,8192,128,64,2048,0,84,,select,cudagraph,cuda_event_grouped_2,53.2,ok,,8192,64,,2,20,deepgemm_fp8_paged_mqa|fixed|B1|N8192
dsa-quick,dsa,fixed,deepgemm_fp8_paged_mqa,78b69000794d0937b47ae3387eff7663410264d1,fp8_e4m3_kv_fp8_q,1,8192,128,64,2048,0,85,,select,cudagraph,cuda_event_grouped_2,53.04,ok,,8192,64,,2,20,deepgemm_fp8_paged_mqa|fixed|B1|N8192
dsa-quick,dsa,fixed,deepgemm_fp8_paged_mqa,78b69000794d0937b47ae3387eff7663410264d1,fp8_e4m3_kv_fp8_q,1,8192,128,64,2048,0,86,,select,cudagraph,cuda_event_grouped_2,48.224,ok,,8192,64,,2,20,deepgemm_fp8_paged_mqa|fixed|B1|N8192
dsa-quick,dsa,fixed,deepgemm_fp8_paged_mqa,78b69000794d0937b47ae3387eff7663410264d1,fp8_e4m3_kv_fp8_q,1,8192,128,64,2048,0,87,,select,cudagraph,cuda_event_grouped_2,51.216,ok,,8192,64,,2,20,deepgemm_fp8_paged_mqa|fixed|B1|N8192
dsa-quick,dsa,fixed,deepgemm_fp8_paged_mqa,78b69000794d0937b47ae3387eff7663410264d1,fp8_e4m3_kv_fp8_q,1,8192,128,64,2048,0,88,,select,cudagraph,cuda_event_grouped_2,51.984,ok,,8192,64,,2,20,deepgemm_fp8_paged_mqa|fixed|B1|N8192
dsa-quick,dsa,fixed,deepgemm_fp8_paged_mqa,78b69000794d0937b47ae3387eff7663410264d1,fp8_e4m3_kv_fp8_q,1,8192,128,64,2048,0,89,,select,cudagraph,cuda_event_grouped_2,53.456,ok,,8192,64,,2,20,deepgemm_fp8_paged_mqa|fixed|B1|N8192
dsa-quick,dsa,fixed,deepgemm_fp8_paged_mqa,78b69000794d0937b47ae3387eff7663410264d1,fp8_e4m3_kv_fp8_q,1,8192,128,64,2048,0,90,,select,cudagraph,cuda_event_grouped_2,55.6,ok,,8192,64,,2,20,deepgemm_fp8_paged_mqa|fixed|B1|N8192
dsa-quick,dsa,fixed,deepgemm_fp8_paged_mqa,78b69000794d0937b47ae3387eff7663410264d1,fp8_e4m3_kv_fp8_q,1,8192,128,64,2048,0,91,,select,cudagraph,cuda_event_grouped_2,52.24,ok,,8192,64,,2,20,deepgemm_fp8_paged_mqa|fixed|B1|N8192
dsa-quick,dsa,fixed,deepgemm_fp8_paged_mqa,78b69000794d0937b47ae3387eff7663410264d1,fp8_e4m3_kv_fp8_q,1,8192,128,64,2048,0,92,,select,cudagraph,cuda_event_grouped_2,53.248,ok,,8192,64,,2,20,deepgemm_fp8_paged_mqa|fixed|B1|N8192
dsa-quick,dsa,fixed,deepgemm_fp8_paged_mqa,78b69000794d0937b47ae3387eff7663410264d1,fp8_e4m3_kv_fp8_q,1,8192,128,64,2048,0,93,,select,cudagraph,cuda_event_grouped_2,53.104,ok,,8192,64,,2,20,deepgemm_fp8_paged_mqa|fixed|B1|N8192
dsa-quick,dsa,fixed,deepgemm_fp8_paged_mqa,78b69000794d0937b47ae3387eff7663410264d1,fp8_e4m3_kv_fp8_q,1,8192,128,64,2048,0,94,,select,cudagraph,cuda_event_grouped_2,48.192,ok,,8192,64,,2,20,deepgemm_fp8_paged_mqa|fixed|B1|N8192
dsa-quick,dsa,fixed,deepgemm_fp8_paged_mqa,78b69000794d0937b47ae3387eff7663410264d1,fp8_e4m3_kv_fp8_q,1,8192,128,64,2048,0,95,,select,cudagraph,cuda_event_grouped_2,51.088,ok,,8192,64,,2,20,deepgemm_fp8_paged_mqa|fixed|B1|N8192
dsa-quick,dsa,fixed,deepgemm_fp8_paged_mqa,78b69000794d0937b47ae3387eff7663410264d1,fp8_e4m3_kv_fp8_q,1,8192,128,64,2048,0,96,,select,cudagraph,cuda_event_grouped_2,51.888,ok,,8192,64,,2,20,deepgemm_fp8_paged_mqa|fixed|B1|N8192
dsa-quick,dsa,fixed,deepgemm_fp8_paged_mqa,78b69000794d0937b47ae3387eff7663410264d1,fp8_e4m3_kv_fp8_q,1,8192,128,64,2048,0,97,,select,cudagraph,cuda_event_grouped_2,53.456,ok,,8192,64,,2,20,deepgemm_fp8_paged_mqa|fixed|B1|N8192
dsa-quick,dsa,fixed,deepgemm_fp8_paged_mqa,78b69000794d0937b47ae3387eff7663410264d1,fp8_e4m3_kv_fp8_q,1,8192,128,64,2048,0,98,,select,cudagraph,cuda_event_grouped_2,55.744,ok,,8192,64,,2,20,deepgemm_fp8_paged_mqa|fixed|B1|N8192
dsa-quick,dsa,fixed,deepgemm_fp8_paged_mqa,78b69000794d0937b47ae3387eff7663410264d1,fp8_e4m3_kv_fp8_q,1,8192,128,64,2048,0,99,,select,cudagraph,cuda_event_grouped_2,50.976,ok,,8192,64,,2,20,deepgemm_fp8_paged_mqa|fixed|B1|N8192
dsa-quick,dsa,fixed,deepgemm_fp8_paged_mqa,78b69000794d0937b47ae3387eff7663410264d1,fp8_e4m3_kv_fp8_q,1,8192,128,64,2048,0,0,,combined,cudagraph,cuda_event_per_iter,52.16,ok,,8192,64,,1,20,deepgemm_fp8_paged_mqa|fixed|B1|N8192
dsa-quick,dsa,fixed,deepgemm_fp8_paged_mqa,78b69000794d0937b47ae3387eff7663410264d1,fp8_e4m3_kv_fp8_q,1,8192,128,64,2048,0,1,,combined,cudagraph,cuda_event_per_iter,60.192,ok,,8192,64,,1,20,deepgemm_fp8_paged_mqa|fixed|B1|N8192
dsa-quick,dsa,fixed,deepgemm_fp8_paged_mqa,78b69000794d0937b47ae3387eff7663410264d1,fp8_e4m3_kv_fp8_q,1,8192,128,64,2048,0,2,,combined,cudagraph,cuda_event_per_iter,53.184,ok,,8192,64,,1,20,deepgemm_fp8_paged_mqa|fixed|B1|N8192
dsa-quick,dsa,fixed,deepgemm_fp8_paged_mqa,78b69000794d0937b47ae3387eff7663410264d1,fp8_e4m3_kv_fp8_q,1,8192,128,64,2048,0,3,,combined,cudagraph,cuda_event_per_iter,61.184,ok,,8192,64,,1,20,deepgemm_fp8_paged_mqa|fixed|B1|N8192
dsa-quick,dsa,fixed,deepgemm_fp8_paged_mqa,78b69000794d0937b47ae3387eff7663410264d1,fp8_e4m3_kv_fp8_q,1,8192,128,64,2048,0,4,,combined,cudagraph,cuda_event_per_iter,55.808,ok,,8192,64,,1,20,deepgemm_fp8_paged_mqa|fixed|B1|N8192
dsa-quick,dsa,fixed,deepgemm_fp8_paged_mqa,78b69000794d0937b47ae3387eff7663410264d1,fp8_e4m3_kv_fp8_q,1,8192,128,64,2048,0,5,,combined,cudagraph,cuda_event_per_iter,58.816,ok,,8192,64,,1,20,deepgemm_fp8_paged_mqa|fixed|B1|N8192
dsa-quick,dsa,fixed,deepgemm_fp8_paged_mqa,78b69000794d0937b47ae3387eff7663410264d1,fp8_e4m3_kv_fp8_q,1,8192,128,64,2048,0,6,,combined,cudagraph,cuda_event_per_iter,60.832,ok,,8192,64,,1,20,deepgemm_fp8_paged_mqa|fixed|B1|N8192
dsa-quick,dsa,fixed,deepgemm_fp8_paged_mqa,78b69000794d0937b47ae3387eff7663410264d1,fp8_e4m3_kv_fp8_q,1,8192,128,64,2048,0,7,,combined,cudagraph,cuda_event_per_iter,57.216,ok,,8192,64,,1,20,deepgemm_fp8_paged_mqa|fixed|B1|N8192
dsa-quick,dsa,fixed,deepgemm_fp8_paged_mqa,78b69000794d0937b47ae3387eff7663410264d1,fp8_e4m3_kv_fp8_q,1,8192,128,64,2048,0,8,,combined,cudagraph,cuda_event_per_iter,58.496,ok,,8192,64,,1,20,deepgemm_fp8_paged_mqa|fixed|B1|N8192
dsa-quick,dsa,fixed,deepgemm_fp8_paged_mqa,78b69000794d0937b47ae3387eff7663410264d1,fp8_e4m3_kv_fp8_q,1,8192,128,64,2048,0,9,,combined,cudagraph,cuda_event_per_iter,60.992,ok,,8192,64,,1,20,deepgemm_fp8_paged_mqa|fixed|B1|N8192
dsa-quick,dsa,fixed,deepgemm_fp8_paged_mqa,78b69000794d0937b47ae3387eff7663410264d1,fp8_e4m3_kv_fp8_q,1,8192,128,64,2048,0,10,,combined,cudagraph,cuda_event_per_iter,61.056,ok,,8192,64,,1,20,deepgemm_fp8_paged_mqa|fixed|B1|N8192
dsa-quick,dsa,fixed,deepgemm_fp8_paged_mqa,78b69000794d0937b47ae3387eff7663410264d1,fp8_e4m3_kv_fp8_q,1,8192,128,64,2048,0,11,,combined,cudagraph,cuda_event_per_iter,55.392,ok,,8192,64,,1,20,deepgemm_fp8_paged_mqa|fixed|B1|N8192
dsa-quick,dsa,fixed,deepgemm_fp8_paged_mqa,78b69000794d0937b47ae3387eff7663410264d1,fp8_e4m3_kv_fp8_q,1,8192,128,64,2048,0,12,,combined,cudagraph,cuda_event_per_iter,66.432,ok,,8192,64,,1,20,deepgemm_fp8_paged_mqa|fixed|B1|N8192
dsa-quick,dsa,fixed,deepgemm_fp8_paged_mqa,78b69000794d0937b47ae3387eff7663410264d1,fp8_e4m3_kv_fp8_q,1,8192,128,64,2048,0,13,,combined,cudagraph,cuda_event_per_iter,63.904,ok,,8192,64,,1,20,deepgemm_fp8_paged_mqa|fixed|B1|N8192
dsa-quick,dsa,fixed,deepgemm_fp8_paged_mqa,78b69000794d0937b47ae3387eff7663410264d1,fp8_e4m3_kv_fp8_q,1,8192,128,64,2048,0,14,,combined,cudagraph,cuda_event_per_iter,56.352,ok,,8192,64,,1,20,deepgemm_fp8_paged_mqa|fixed|B1|N8192
dsa-quick,dsa,fixed,deepgemm_fp8_paged_mqa,78b69000794d0937b47ae3387eff7663410264d1,fp8_e4m3_kv_fp8_q,1,8192,128,64,2048,0,15,,combined,cudagraph,cuda_event_per_iter,57.024,ok,,8192,64,,1,20,deepgemm_fp8_paged_mqa|fixed|B1|N8192
dsa-quick,dsa,fixed,deepgemm_fp8_paged_mqa,78b69000794d0937b47ae3387eff7663410264d1,fp8_e4m3_kv_fp8_q,1,8192,128,64,2048,0,16,,combined,cudagraph,cuda_event_per_iter,58.304,ok,,8192,64,,1,20,deepgemm_fp8_paged_mqa|fixed|B1|N8192
dsa-quick,dsa,fixed,deepgemm_fp8_paged_mqa,78b69000794d0937b47ae3387eff7663410264d1,fp8_e4m3_kv_fp8_q,1,8192,128,64,2048,0,17,,combined,cudagraph,cuda_event_per_iter,56.512,ok,,8192,64,,1,20,deepgemm_fp8_paged_mqa|fixed|B1|N8192
dsa-quick,dsa,fixed,deepgemm_fp8_paged_mqa,78b69000794d0937b47ae3387eff7663410264d1,fp8_e4m3_kv_fp8_q,1,8192,128,64,2048,0,18,,combined,cudagraph,cuda_event_per_iter,58.816,ok,,8192,64,,1,20,deepgemm_fp8_paged_mqa|fixed|B1|N8192
dsa-quick,dsa,fixed,deepgemm_fp8_paged_mqa,78b69000794d0937b47ae3387eff7663410264d1,fp8_e4m3_kv_fp8_q,1,8192,128,64,2048,0,19,,combined,cudagraph,cuda_event_per_iter,55.392,ok,,8192,64,,1,20,deepgemm_fp8_paged_mqa|fixed|B1|N8192
dsa-quick,dsa,fixed,deepgemm_fp8_paged_mqa,78b69000794d0937b47ae3387eff7663410264d1,fp8_e4m3_kv_fp8_q,1,8192,128,64,2048,0,20,,combined,cudagraph,cuda_event_per_iter,59.584,ok,,8192,64,,1,20,deepgemm_fp8_paged_mqa|fixed|B1|N8192
dsa-quick,dsa,fixed,deepgemm_fp8_paged_mqa,78b69000794d0937b47ae3387eff7663410264d1,fp8_e4m3_kv_fp8_q,1,8192,128,64,2048,0,21,,combined,cudagraph,cuda_event_per_iter,58.208,ok,,8192,64,,1,20,deepgemm_fp8_paged_mqa|fixed|B1|N8192
dsa-quick,dsa,fixed,deepgemm_fp8_paged_mqa,78b69000794d0937b47ae3387eff7663410264d1,fp8_e4m3_kv_fp8_q,1,8192,128,64,2048,0,22,,combined,cudagraph,cuda_event_per_iter,58.72,ok,,8192,64,,1,20,deepgemm_fp8_paged_mqa|fixed|B1|N8192
dsa-quick,dsa,fixed,deepgemm_fp8_paged_mqa,78b69000794d0937b47ae3387eff7663410264d1,fp8_e4m3_kv_fp8_q,1,8192,128,64,2048,0,23,,combined,cudagraph,cuda_event_per_iter,60.8,ok,,8192,64,,1,20,deepgemm_fp8_paged_mqa|fixed|B1|N8192
dsa-quick,dsa,fixed,deepgemm_fp8_paged_mqa,78b69000794d0937b47ae3387eff7663410264d1,fp8_e4m3_kv_fp8_q,1,8192,128,64,2048,0,24,,combined,cudagraph,cuda_event_per_iter,57.056,ok,,8192,64,,1,20,deepgemm_fp8_paged_mqa|fixed|B1|N8192
dsa-quick,dsa,fixed,deepgemm_fp8_paged_mqa,78b69000794d0937b47ae3387eff7663410264d1,fp8_e4m3_kv_fp8_q,1,8192,128,64,2048,0,25,,combined,cudagraph,cuda_event_per_iter,57.536,ok,,8192,64,,1,20,deepgemm_fp8_paged_mqa|fixed|B1|N8192
dsa-quick,dsa,fixed,deepgemm_fp8_paged_mqa,78b69000794d0937b47ae3387eff7663410264d1,fp8_e4m3_kv_fp8_q,1,8192,128,64,2048,0,26,,combined,cudagraph,cuda_event_per_iter,52.896,ok,,8192,64,,1,20,deepgemm_fp8_paged_mqa|fixed|B1|N8192
dsa-quick,dsa,fixed,deepgemm_fp8_paged_mqa,78b69000794d0937b47ae3387eff7663410264d1,fp8_e4m3_kv_fp8_q,1,8192,128,64,2048,0,27,,combined,cudagraph,cuda_event_per_iter,57.728,ok,,8192,64,,1,20,deepgemm_fp8_paged_mqa|fixed|B1|N8192
dsa-quick,dsa,fixed,deepgemm_fp8_paged_mqa,78b69000794d0937b47ae3387eff7663410264d1,fp8_e4m3_kv_fp8_q,1,8192,128,64,2048,0,28,,combined,cudagraph,cuda_event_per_iter,56.8,ok,,8192,64,,1,20,deepgemm_fp8_paged_mqa|fixed|B1|N8192
dsa-quick,dsa,fixed,deepgemm_fp8_paged_mqa,78b69000794d0937b47ae3387eff7663410264d1,fp8_e4m3_kv_fp8_q,1,8192,128,64,2048,0,29,,combined,cudagraph,cuda_event_per_iter,59.52,ok,,8192,64,,1,20,deepgemm_fp8_paged_mqa|fixed|B1|N8192
dsa-quick,dsa,fixed,deepgemm_fp8_paged_mqa,78b69000794d0937b47ae3387eff7663410264d1,fp8_e4m3_kv_fp8_q,1,8192,128,64,2048,0,30,,combined,cudagraph,cuda_event_per_iter,57.024,ok,,8192,64,,1,20,deepgemm_fp8_paged_mqa|fixed|B1|N8192
dsa-quick,dsa,fixed,deepgemm_fp8_paged_mqa,78b69000794d0937b47ae3387eff7663410264d1,fp8_e4m3_kv_fp8_q,1,8192,128,64,2048,0,31,,combined,cudagraph,cuda_event_per_iter,60.032,ok,,8192,64,,1,20,deepgemm_fp8_paged_mqa|fixed|B1|N8192
dsa-quick,dsa,fixed,deepgemm_fp8_paged_mqa,78b69000794d0937b47ae3387eff7663410264d1,fp8_e4m3_kv_fp8_q,1,8192,128,64,2048,0,32,,combined,cudagraph,cuda_event_per_iter,59.072,ok,,8192,64,,1,20,deepgemm_fp8_paged_mqa|fixed|B1|N8192
dsa-quick,dsa,fixed,deepgemm_fp8_paged_mqa,78b69000794d0937b47ae3387eff7663410264d1,fp8_e4m3_kv_fp8_q,1,8192,128,64,2048,0,33,,combined,cudagraph,cuda_event_per_iter,56.576,ok,,8192,64,,1,20,deepgemm_fp8_paged_mqa|fixed|B1|N8192
dsa-quick,dsa,fixed,deepgemm_fp8_paged_mqa,78b69000794d0937b47ae3387eff7663410264d1,fp8_e4m3_kv_fp8_q,1,8192,128,64,2048,0,34,,combined,cudagraph,cuda_event_per_iter,58.944,ok,,8192,64,,1,20,deepgemm_fp8_paged_mqa|fixed|B1|N8192
dsa-quick,dsa,fixed,deepgemm_fp8_paged_mqa,78b69000794d0937b47ae3387eff7663410264d1,fp8_e4m3_kv_fp8_q,1,8192,128,64,2048,0,35,,combined,cudagraph,cuda_event_per_iter,51.2,ok,,8192,64,,1,20,deepgemm_fp8_paged_mqa|fixed|B1|N8192
dsa-quick,dsa,fixed,deepgemm_fp8_paged_mqa,78b69000794d0937b47ae3387eff7663410264d1,fp8_e4m3_kv_fp8_q,1,8192,128,64,2048,0,36,,combined,cudagraph,cuda_event_per_iter,58.816,ok,,8192,64,,1,20,deepgemm_fp8_paged_mqa|fixed|B1|N8192
dsa-quick,dsa,fixed,deepgemm_fp8_paged_mqa,78b69000794d0937b47ae3387eff7663410264d1,fp8_e4m3_kv_fp8_q,1,8192,128,64,2048,0,37,,combined,cudagraph,cuda_event_per_iter,59.776,ok,,8192,64,,1,20,deepgemm_fp8_paged_mqa|fixed|B1|N8192
dsa-quick,dsa,fixed,deepgemm_fp8_paged_mqa,78b69000794d0937b47ae3387eff7663410264d1,fp8_e4m3_kv_fp8_q,1,8192,128,64,2048,0,38,,combined,cudagraph,cuda_event_per_iter,56.032,ok,,8192,64,,1,20,deepgemm_fp8_paged_mqa|fixed|B1|N8192
dsa-quick,dsa,fixed,deepgemm_fp8_paged_mqa,78b69000794d0937b47ae3387eff7663410264d1,fp8_e4m3_kv_fp8_q,1,8192,128,64,2048,0,39,,combined,cudagraph,cuda_event_per_iter,60.48,ok,,8192,64,,1,20,deepgemm_fp8_paged_mqa|fixed|B1|N8192
dsa-quick,dsa,fixed,deepgemm_fp8_paged_mqa,78b69000794d0937b47ae3387eff7663410264d1,fp8_e4m3_kv_fp8_q,1,8192,128,64,2048,0,40,,combined,cudagraph,cuda_event_per_iter,56.128,ok,,8192,64,,1,20,deepgemm_fp8_paged_mqa|fixed|B1|N8192
dsa-quick,dsa,fixed,deepgemm_fp8_paged_mqa,78b69000794d0937b47ae3387eff7663410264d1,fp8_e4m3_kv_fp8_q,1,8192,128,64,2048,0,41,,combined,cudagraph,cuda_event_per_iter,55.84,ok,,8192,64,,1,20,deepgemm_fp8_paged_mqa|fixed|B1|N8192
dsa-quick,dsa,fixed,deepgemm_fp8_paged_mqa,78b69000794d0937b47ae3387eff7663410264d1,fp8_e4m3_kv_fp8_q,1,8192,128,64,2048,0,42,,combined,cudagraph,cuda_event_per_iter,53.984,ok,,8192,64,,1,20,deepgemm_fp8_paged_mqa|fixed|B1|N8192
dsa-quick,dsa,fixed,deepgemm_fp8_paged_mqa,78b69000794d0937b47ae3387eff7663410264d1,fp8_e4m3_kv_fp8_q,1,8192,128,64,2048,0,43,,combined,cudagraph,cuda_event_per_iter,56.992,ok,,8192,64,,1,20,deepgemm_fp8_paged_mqa|fixed|B1|N8192
dsa-quick,dsa,fixed,deepgemm_fp8_paged_mqa,78b69000794d0937b47ae3387eff7663410264d1,fp8_e4m3_kv_fp8_q,1,8192,128,64,2048,0,44,,combined,cudagraph,cuda_event_per_iter,56.576,ok,,8192,64,,1,20,deepgemm_fp8_paged_mqa|fixed|B1|N8192
dsa-quick,dsa,fixed,deepgemm_fp8_paged_mqa,78b69000794d0937b47ae3387eff7663410264d1,fp8_e4m3_kv_fp8_q,1,8192,128,64,2048,0,45,,combined,cudagraph,cuda_event_per_iter,58.688,ok,,8192,64,,1,20,deepgemm_fp8_paged_mqa|fixed|B1|N8192
dsa-quick,dsa,fixed,deepgemm_fp8_paged_mqa,78b69000794d0937b47ae3387eff7663410264d1,fp8_e4m3_kv_fp8_q,1,8192,128,64,2048,0,46,,combined,cudagraph,cuda_event_per_iter,60.096,ok,,8192,64,,1,20,deepgemm_fp8_paged_mqa|fixed|B1|N8192
dsa-quick,dsa,fixed,deepgemm_fp8_paged_mqa,78b69000794d0937b47ae3387eff7663410264d1,fp8_e4m3_kv_fp8_q,1,8192,128,64,2048,0,47,,combined,cudagraph,cuda_event_per_iter,53.504,ok,,8192,64,,1,20,deepgemm_fp8_paged_mqa|fixed|B1|N8192
dsa-quick,dsa,fixed,deepgemm_fp8_paged_mqa,78b69000794d0937b47ae3387eff7663410264d1,fp8_e4m3_kv_fp8_q,1,8192,128,64,2048,0,48,,combined,cudagraph,cuda_event_per_iter,59.136,ok,,8192,64,,1,20,deepgemm_fp8_paged_mqa|fixed|B1|N8192
dsa-quick,dsa,fixed,deepgemm_fp8_paged_mqa,78b69000794d0937b47ae3387eff7663410264d1,fp8_e4m3_kv_fp8_q,1,8192,128,64,2048,0,49,,combined,cudagraph,cuda_event_per_iter,53.28,ok,,8192,64,,1,20,deepgemm_fp8_paged_mqa|fixed|B1|N8192
dsa-quick,dsa,fixed,deepgemm_fp8_paged_mqa,78b69000794d0937b47ae3387eff7663410264d1,fp8_e4m3_kv_fp8_q,1,8192,128,64,2048,0,50,,combined,cudagraph,cuda_event_per_iter,60.128,ok,,8192,64,,1,20,deepgemm_fp8_paged_mqa|fixed|B1|N8192
dsa-quick,dsa,fixed,deepgemm_fp8_paged_mqa,78b69000794d0937b47ae3387eff7663410264d1,fp8_e4m3_kv_fp8_q,1,8192,128,64,2048,0,51,,combined,cudagraph,cuda_event_per_iter,53.984,ok,,8192,64,,1,20,deepgemm_fp8_paged_mqa|fixed|B1|N8192
dsa-quick,dsa,fixed,deepgemm_fp8_paged_mqa,78b69000794d0937b47ae3387eff7663410264d1,fp8_e4m3_kv_fp8_q,1,8192,128,64,2048,0,52,,combined,cudagraph,cuda_event_per_iter,53.184,ok,,8192,64,,1,20,deepgemm_fp8_paged_mqa|fixed|B1|N8192
dsa-quick,dsa,fixed,deepgemm_fp8_paged_mqa,78b69000794d0937b47ae3387eff7663410264d1,fp8_e4m3_kv_fp8_q,1,8192,128,64,2048,0,53,,combined,cudagraph,cuda_event_per_iter,55.36,ok,,8192,64,,1,20,deepgemm_fp8_paged_mqa|fixed|B1|N8192
dsa-quick,dsa,fixed,deepgemm_fp8_paged_mqa,78b69000794d0937b47ae3387eff7663410264d1,fp8_e4m3_kv_fp8_q,1,8192,128,64,2048,0,54,,combined,cudagraph,cuda_event_per_iter,55.264,ok,,8192,64,,1,20,deepgemm_fp8_paged_mqa|fixed|B1|N8192
dsa-quick,dsa,fixed,deepgemm_fp8_paged_mqa,78b69000794d0937b47ae3387eff7663410264d1,fp8_e4m3_kv_fp8_q,1,8192,128,64,2048,0,55,,combined,cudagraph,cuda_event_per_iter,55.136,ok,,8192,64,,1,20,deepgemm_fp8_paged_mqa|fixed|B1|N8192
dsa-quick,dsa,fixed,deepgemm_fp8_paged_mqa,78b69000794d0937b47ae3387eff7663410264d1,fp8_e4m3_kv_fp8_q,1,8192,128,64,2048,0,56,,combined,cudagraph,cuda_event_per_iter,57.184,ok,,8192,64,,1,20,deepgemm_fp8_paged_mqa|fixed|B1|N8192
dsa-quick,dsa,fixed,deepgemm_fp8_paged_mqa,78b69000794d0937b47ae3387eff7663410264d1,fp8_e4m3_kv_fp8_q,1,8192,128,64,2048,0,57,,combined,cudagraph,cuda_event_per_iter,62.144,ok,,8192,64,,1,20,deepgemm_fp8_paged_mqa|fixed|B1|N8192
dsa-quick,dsa,fixed,deepgemm_fp8_paged_mqa,78b69000794d0937b47ae3387eff7663410264d1,fp8_e4m3_kv_fp8_q,1,8192,128,64,2048,0,58,,combined,cudagraph,cuda_event_per_iter,57.248,ok,,8192,64,,1,20,deepgemm_fp8_paged_mqa|fixed|B1|N8192
dsa-quick,dsa,fixed,deepgemm_fp8_paged_mqa,78b69000794d0937b47ae3387eff7663410264d1,fp8_e4m3_kv_fp8_q,1,8192,128,64,2048,0,59,,combined,cudagraph,cuda_event_per_iter,56.384,ok,,8192,64,,1,20,deepgemm_fp8_paged_mqa|fixed|B1|N8192
dsa-quick,dsa,fixed,deepgemm_fp8_paged_mqa,78b69000794d0937b47ae3387eff7663410264d1,fp8_e4m3_kv_fp8_q,1,8192,128,64,2048,0,60,,combined,cudagraph,cuda_event_per_iter,59.52,ok,,8192,64,,1,20,deepgemm_fp8_paged_mqa|fixed|B1|N8192
dsa-quick,dsa,fixed,deepgemm_fp8_paged_mqa,78b69000794d0937b47ae3387eff7663410264d1,fp8_e4m3_kv_fp8_q,1,8192,128,64,2048,0,61,,combined,cudagraph,cuda_event_per_iter,56.32,ok,,8192,64,,1,20,deepgemm_fp8_paged_mqa|fixed|B1|N8192
dsa-quick,dsa,fixed,deepgemm_fp8_paged_mqa,78b69000794d0937b47ae3387eff7663410264d1,fp8_e4m3_kv_fp8_q,1,8192,128,64,2048,0,62,,combined,cudagraph,cuda_event_per_iter,54.016,ok,,8192,64,,1,20,deepgemm_fp8_paged_mqa|fixed|B1|N8192
dsa-quick,dsa,fixed,deepgemm_fp8_paged_mqa,78b69000794d0937b47ae3387eff7663410264d1,fp8_e4m3_kv_fp8_q,1,8192,128,64,2048,0,63,,combined,cudagraph,cuda_event_per_iter,57.44,ok,,8192,64,,1,20,deepgemm_fp8_paged_mqa|fixed|B1|N8192
dsa-quick,dsa,fixed,deepgemm_fp8_paged_mqa,78b69000794d0937b47ae3387eff7663410264d1,fp8_e4m3_kv_fp8_q,1,8192,128,64,2048,0,64,,combined,cudagraph,cuda_event_per_iter,52.32,ok,,8192,64,,1,20,deepgemm_fp8_paged_mqa|fixed|B1|N8192
dsa-quick,dsa,fixed,deepgemm_fp8_paged_mqa,78b69000794d0937b47ae3387eff7663410264d1,fp8_e4m3_kv_fp8_q,1,8192,128,64,2048,0,65,,combined,cudagraph,cuda_event_per_iter,54.688,ok,,8192,64,,1,20,deepgemm_fp8_paged_mqa|fixed|B1|N8192
dsa-quick,dsa,fixed,deepgemm_fp8_paged_mqa,78b69000794d0937b47ae3387eff7663410264d1,fp8_e4m3_kv_fp8_q,1,8192,128,64,2048,0,66,,combined,cudagraph,cuda_event_per_iter,63.584,ok,,8192,64,,1,20,deepgemm_fp8_paged_mqa|fixed|B1|N8192
dsa-quick,dsa,fixed,deepgemm_fp8_paged_mqa,78b69000794d0937b47ae3387eff7663410264d1,fp8_e4m3_kv_fp8_q,1,8192,128,64,2048,0,67,,combined,cudagraph,cuda_event_per_iter,55.104,ok,,8192,64,,1,20,deepgemm_fp8_paged_mqa|fixed|B1|N8192
dsa-quick,dsa,fixed,deepgemm_fp8_paged_mqa,78b69000794d0937b47ae3387eff7663410264d1,fp8_e4m3_kv_fp8_q,1,8192,128,64,2048,0,68,,combined,cudagraph,cuda_event_per_iter,56,ok,,8192,64,,1,20,deepgemm_fp8_paged_mqa|fixed|B1|N8192
dsa-quick,dsa,fixed,deepgemm_fp8_paged_mqa,78b69000794d0937b47ae3387eff7663410264d1,fp8_e4m3_kv_fp8_q,1,8192,128,64,2048,0,69,,combined,cudagraph,cuda_event_per_iter,66.4,ok,,8192,64,,1,20,deepgemm_fp8_paged_mqa|fixed|B1|N8192
dsa-quick,dsa,fixed,deepgemm_fp8_paged_mqa,78b69000794d0937b47ae3387eff7663410264d1,fp8_e4m3_kv_fp8_q,1,8192,128,64,2048,0,70,,combined,cudagraph,cuda_event_per_iter,67.36,ok,,8192,64,,1,20,deepgemm_fp8_paged_mqa|fixed|B1|N8192
dsa-quick,dsa,fixed,deepgemm_fp8_paged_mqa,78b69000794d0937b47ae3387eff7663410264d1,fp8_e4m3_kv_fp8_q,1,8192,128,64,2048,0,71,,combined,cudagraph,cuda_event_per_iter,60.928,ok,,8192,64,,1,20,deepgemm_fp8_paged_mqa|fixed|B1|N8192
dsa-quick,dsa,fixed,deepgemm_fp8_paged_mqa,78b69000794d0937b47ae3387eff7663410264d1,fp8_e4m3_kv_fp8_q,1,8192,128,64,2048,0,72,,combined,cudagraph,cuda_event_per_iter,55.104,ok,,8192,64,,1,20,deepgemm_fp8_paged_mqa|fixed|B1|N8192
dsa-quick,dsa,fixed,deepgemm_fp8_paged_mqa,78b69000794d0937b47ae3387eff7663410264d1,fp8_e4m3_kv_fp8_q,1,8192,128,64,2048,0,73,,combined,cudagraph,cuda_event_per_iter,57.312,ok,,8192,64,,1,20,deepgemm_fp8_paged_mqa|fixed|B1|N8192
dsa-quick,dsa,fixed,deepgemm_fp8_paged_mqa,78b69000794d0937b47ae3387eff7663410264d1,fp8_e4m3_kv_fp8_q,1,8192,128,64,2048,0,74,,combined,cudagraph,cuda_event_per_iter,56.704,ok,,8192,64,,1,20,deepgemm_fp8_paged_mqa|fixed|B1|N8192
dsa-quick,dsa,fixed,deepgemm_fp8_paged_mqa,78b69000794d0937b47ae3387eff7663410264d1,fp8_e4m3_kv_fp8_q,1,8192,128,64,2048,0,75,,combined,cudagraph,cuda_event_per_iter,57.664,ok,,8192,64,,1,20,deepgemm_fp8_paged_mqa|fixed|B1|N8192
dsa-quick,dsa,fixed,deepgemm_fp8_paged_mqa,78b69000794d0937b47ae3387eff7663410264d1,fp8_e4m3_kv_fp8_q,1,8192,128,64,2048,0,76,,combined,cudagraph,cuda_event_per_iter,60.768,ok,,8192,64,,1,20,deepgemm_fp8_paged_mqa|fixed|B1|N8192
dsa-quick,dsa,fixed,deepgemm_fp8_paged_mqa,78b69000794d0937b47ae3387eff7663410264d1,fp8_e4m3_kv_fp8_q,1,8192,128,64,2048,0,77,,combined,cudagraph,cuda_event_per_iter,61.504,ok,,8192,64,,1,20,deepgemm_fp8_paged_mqa|fixed|B1|N8192
dsa-quick,dsa,fixed,deepgemm_fp8_paged_mqa,78b69000794d0937b47ae3387eff7663410264d1,fp8_e4m3_kv_fp8_q,1,8192,128,64,2048,0,78,,combined,cudagraph,cuda_event_per_iter,53.12,ok,,8192,64,,1,20,deepgemm_fp8_paged_mqa|fixed|B1|N8192
dsa-quick,dsa,fixed,deepgemm_fp8_paged_mqa,78b69000794d0937b47ae3387eff7663410264d1,fp8_e4m3_kv_fp8_q,1,8192,128,64,2048,0,79,,combined,cudagraph,cuda_event_per_iter,51.296,ok,,8192,64,,1,20,deepgemm_fp8_paged_mqa|fixed|B1|N8192
dsa-quick,dsa,fixed,deepgemm_fp8_paged_mqa,78b69000794d0937b47ae3387eff7663410264d1,fp8_e4m3_kv_fp8_q,1,8192,128,64,2048,0,80,,combined,cudagraph,cuda_event_per_iter,53.056,ok,,8192,64,,1,20,deepgemm_fp8_paged_mqa|fixed|B1|N8192
dsa-quick,dsa,fixed,deepgemm_fp8_paged_mqa,78b69000794d0937b47ae3387eff7663410264d1,fp8_e4m3_kv_fp8_q,1,8192,128,64,2048,0,81,,combined,cudagraph,cuda_event_per_iter,54.784,ok,,8192,64,,1,20,deepgemm_fp8_paged_mqa|fixed|B1|N8192
dsa-quick,dsa,fixed,deepgemm_fp8_paged_mqa,78b69000794d0937b47ae3387eff7663410264d1,fp8_e4m3_kv_fp8_q,1,8192,128,64,2048,0,82,,combined,cudagraph,cuda_event_per_iter,51.84,ok,,8192,64,,1,20,deepgemm_fp8_paged_mqa|fixed|B1|N8192
dsa-quick,dsa,fixed,deepgemm_fp8_paged_mqa,78b69000794d0937b47ae3387eff7663410264d1,fp8_e4m3_kv_fp8_q,1,8192,128,64,2048,0,83,,combined,cudagraph,cuda_event_per_iter,51.36,ok,,8192,64,,1,20,deepgemm_fp8_paged_mqa|fixed|B1|N8192
dsa-quick,dsa,fixed,deepgemm_fp8_paged_mqa,78b69000794d0937b47ae3387eff7663410264d1,fp8_e4m3_kv_fp8_q,1,8192,128,64,2048,0,84,,combined,cudagraph,cuda_event_per_iter,53.888,ok,,8192,64,,1,20,deepgemm_fp8_paged_mqa|fixed|B1|N8192
dsa-quick,dsa,fixed,deepgemm_fp8_paged_mqa,78b69000794d0937b47ae3387eff7663410264d1,fp8_e4m3_kv_fp8_q,1,8192,128,64,2048,0,85,,combined,cudagraph,cuda_event_per_iter,58.88,ok,,8192,64,,1,20,deepgemm_fp8_paged_mqa|fixed|B1|N8192
dsa-quick,dsa,fixed,deepgemm_fp8_paged_mqa,78b69000794d0937b47ae3387eff7663410264d1,fp8_e4m3_kv_fp8_q,1,8192,128,64,2048,0,86,,combined,cudagraph,cuda_event_per_iter,50.976,ok,,8192,64,,1,20,deepgemm_fp8_paged_mqa|fixed|B1|N8192
dsa-quick,dsa,fixed,deepgemm_fp8_paged_mqa,78b69000794d0937b47ae3387eff7663410264d1,fp8_e4m3_kv_fp8_q,1,8192,128,64,2048,0,87,,combined,cudagraph,cuda_event_per_iter,55.072,ok,,8192,64,,1,20,deepgemm_fp8_paged_mqa|fixed|B1|N8192
dsa-quick,dsa,fixed,deepgemm_fp8_paged_mqa,78b69000794d0937b47ae3387eff7663410264d1,fp8_e4m3_kv_fp8_q,1,8192,128,64,2048,0,88,,combined,cudagraph,cuda_event_per_iter,60.896,ok,,8192,64,,1,20,deepgemm_fp8_paged_mqa|fixed|B1|N8192
dsa-quick,dsa,fixed,deepgemm_fp8_paged_mqa,78b69000794d0937b47ae3387eff7663410264d1,fp8_e4m3_kv_fp8_q,1,8192,128,64,2048,0,89,,combined,cudagraph,cuda_event_per_iter,59.968,ok,,8192,64,,1,20,deepgemm_fp8_paged_mqa|fixed|B1|N8192
dsa-quick,dsa,fixed,deepgemm_fp8_paged_mqa,78b69000794d0937b47ae3387eff7663410264d1,fp8_e4m3_kv_fp8_q,1,8192,128,64,2048,0,90,,combined,cudagraph,cuda_event_per_iter,57.024,ok,,8192,64,,1,20,deepgemm_fp8_paged_mqa|fixed|B1|N8192
dsa-quick,dsa,fixed,deepgemm_fp8_paged_mqa,78b69000794d0937b47ae3387eff7663410264d1,fp8_e4m3_kv_fp8_q,1,8192,128,64,2048,0,91,,combined,cudagraph,cuda_event_per_iter,54.72,ok,,8192,64,,1,20,deepgemm_fp8_paged_mqa|fixed|B1|N8192
dsa-quick,dsa,fixed,deepgemm_fp8_paged_mqa,78b69000794d0937b47ae3387eff7663410264d1,fp8_e4m3_kv_fp8_q,1,8192,128,64,2048,0,92,,combined,cudagraph,cuda_event_per_iter,58.912,ok,,8192,64,,1,20,deepgemm_fp8_paged_mqa|fixed|B1|N8192
dsa-quick,dsa,fixed,deepgemm_fp8_paged_mqa,78b69000794d0937b47ae3387eff7663410264d1,fp8_e4m3_kv_fp8_q,1,8192,128,64,2048,0,93,,combined,cudagraph,cuda_event_per_iter,55.84,ok,,8192,64,,1,20,deepgemm_fp8_paged_mqa|fixed|B1|N8192
dsa-quick,dsa,fixed,deepgemm_fp8_paged_mqa,78b69000794d0937b47ae3387eff7663410264d1,fp8_e4m3_kv_fp8_q,1,8192,128,64,2048,0,94,,combined,cudagraph,cuda_event_per_iter,56.928,ok,,8192,64,,1,20,deepgemm_fp8_paged_mqa|fixed|B1|N8192
dsa-quick,dsa,fixed,deepgemm_fp8_paged_mqa,78b69000794d0937b47ae3387eff7663410264d1,fp8_e4m3_kv_fp8_q,1,8192,128,64,2048,0,95,,combined,cudagraph,cuda_event_per_iter,61.088,ok,,8192,64,,1,20,deepgemm_fp8_paged_mqa|fixed|B1|N8192
dsa-quick,dsa,fixed,deepgemm_fp8_paged_mqa,78b69000794d0937b47ae3387eff7663410264d1,fp8_e4m3_kv_fp8_q,1,8192,128,64,2048,0,96,,combined,cudagraph,cuda_event_per_iter,51.904,ok,,8192,64,,1,20,deepgemm_fp8_paged_mqa|fixed|B1|N8192
dsa-quick,dsa,fixed,deepgemm_fp8_paged_mqa,78b69000794d0937b47ae3387eff7663410264d1,fp8_e4m3_kv_fp8_q,1,8192,128,64,2048,0,97,,combined,cudagraph,cuda_event_per_iter,60,ok,,8192,64,,1,20,deepgemm_fp8_paged_mqa|fixed|B1|N8192
dsa-quick,dsa,fixed,deepgemm_fp8_paged_mqa,78b69000794d0937b47ae3387eff7663410264d1,fp8_e4m3_kv_fp8_q,1,8192,128,64,2048,0,98,,combined,cudagraph,cuda_event_per_iter,57.28,ok,,8192,64,,1,20,deepgemm_fp8_paged_mqa|fixed|B1|N8192
dsa-quick,dsa,fixed,deepgemm_fp8_paged_mqa,78b69000794d0937b47ae3387eff7663410264d1,fp8_e4m3_kv_fp8_q,1,8192,128,64,2048,0,99,,combined,cudagraph,cuda_event_per_iter,53.824,ok,,8192,64,,1,20,deepgemm_fp8_paged_mqa|fixed|B1|N8192
dsa-quick,dsa,fixed,deepgemm_fp8_paged_mqa,78b69000794d0937b47ae3387eff7663410264d1,fp8_e4m3_kv_fp8_q,1,32768,128,64,2048,0,0,,score,eager,cuda_event_grouped_3,18.7733,ok,,32768,64,,3,20,deepgemm_fp8_paged_mqa|fixed|B1|N32768
dsa-quick,dsa,fixed,deepgemm_fp8_paged_mqa,78b69000794d0937b47ae3387eff7663410264d1,fp8_e4m3_kv_fp8_q,1,32768,128,64,2048,0,1,,score,eager,cuda_event_grouped_3,18.0267,ok,,32768,64,,3,20,deepgemm_fp8_paged_mqa|fixed|B1|N32768
dsa-quick,dsa,fixed,deepgemm_fp8_paged_mqa,78b69000794d0937b47ae3387eff7663410264d1,fp8_e4m3_kv_fp8_q,1,32768,128,64,2048,0,2,,score,eager,cuda_event_grouped_3,17.8987,ok,,32768,64,,3,20,deepgemm_fp8_paged_mqa|fixed|B1|N32768
dsa-quick,dsa,fixed,deepgemm_fp8_paged_mqa,78b69000794d0937b47ae3387eff7663410264d1,fp8_e4m3_kv_fp8_q,1,32768,128,64,2048,0,3,,score,eager,cuda_event_grouped_3,17.8347,ok,,32768,64,,3,20,deepgemm_fp8_paged_mqa|fixed|B1|N32768
dsa-quick,dsa,fixed,deepgemm_fp8_paged_mqa,78b69000794d0937b47ae3387eff7663410264d1,fp8_e4m3_kv_fp8_q,1,32768,128,64,2048,0,4,,score,eager,cuda_event_grouped_3,17.824,ok,,32768,64,,3,20,deepgemm_fp8_paged_mqa|fixed|B1|N32768
dsa-quick,dsa,fixed,deepgemm_fp8_paged_mqa,78b69000794d0937b47ae3387eff7663410264d1,fp8_e4m3_kv_fp8_q,1,32768,128,64,2048,0,5,,score,eager,cuda_event_grouped_3,17.728,ok,,32768,64,,3,20,deepgemm_fp8_paged_mqa|fixed|B1|N32768
dsa-quick,dsa,fixed,deepgemm_fp8_paged_mqa,78b69000794d0937b47ae3387eff7663410264d1,fp8_e4m3_kv_fp8_q,1,32768,128,64,2048,0,6,,score,eager,cuda_event_grouped_3,17.728,ok,,32768,64,,3,20,deepgemm_fp8_paged_mqa|fixed|B1|N32768
dsa-quick,dsa,fixed,deepgemm_fp8_paged_mqa,78b69000794d0937b47ae3387eff7663410264d1,fp8_e4m3_kv_fp8_q,1,32768,128,64,2048,0,7,,score,eager,cuda_event_grouped_3,17.824,ok,,32768,64,,3,20,deepgemm_fp8_paged_mqa|fixed|B1|N32768
dsa-quick,dsa,fixed,deepgemm_fp8_paged_mqa,78b69000794d0937b47ae3387eff7663410264d1,fp8_e4m3_kv_fp8_q,1,32768,128,64,2048,0,8,,score,eager,cuda_event_grouped_3,17.728,ok,,32768,64,,3,20,deepgemm_fp8_paged_mqa|fixed|B1|N32768
dsa-quick,dsa,fixed,deepgemm_fp8_paged_mqa,78b69000794d0937b47ae3387eff7663410264d1,fp8_e4m3_kv_fp8_q,1,32768,128,64,2048,0,9,,score,eager,cuda_event_grouped_3,17.664,ok,,32768,64,,3,20,deepgemm_fp8_paged_mqa|fixed|B1|N32768
dsa-quick,dsa,fixed,deepgemm_fp8_paged_mqa,78b69000794d0937b47ae3387eff7663410264d1,fp8_e4m3_kv_fp8_q,1,32768,128,64,2048,0,10,,score,eager,cuda_event_grouped_3,17.9093,ok,,32768,64,,3,20,deepgemm_fp8_paged_mqa|fixed|B1|N32768
dsa-quick,dsa,fixed,deepgemm_fp8_paged_mqa,78b69000794d0937b47ae3387eff7663410264d1,fp8_e4m3_kv_fp8_q,1,32768,128,64,2048,0,11,,score,eager,cuda_event_grouped_3,17.9627,ok,,32768,64,,3,20,deepgemm_fp8_paged_mqa|fixed|B1|N32768
dsa-quick,dsa,fixed,deepgemm_fp8_paged_mqa,78b69000794d0937b47ae3387eff7663410264d1,fp8_e4m3_kv_fp8_q,1,32768,128,64,2048,0,12,,score,eager,cuda_event_grouped_3,17.7813,ok,,32768,64,,3,20,deepgemm_fp8_paged_mqa|fixed|B1|N32768
dsa-quick,dsa,fixed,deepgemm_fp8_paged_mqa,78b69000794d0937b47ae3387eff7663410264d1,fp8_e4m3_kv_fp8_q,1,32768,128,64,2048,0,13,,score,eager,cuda_event_grouped_3,17.6853,ok,,32768,64,,3,20,deepgemm_fp8_paged_mqa|fixed|B1|N32768
dsa-quick,dsa,fixed,deepgemm_fp8_paged_mqa,78b69000794d0937b47ae3387eff7663410264d1,fp8_e4m3_kv_fp8_q,1,32768,128,64,2048,0,14,,score,eager,cuda_event_grouped_3,17.5573,ok,,32768,64,,3,20,deepgemm_fp8_paged_mqa|fixed|B1|N32768
dsa-quick,dsa,fixed,deepgemm_fp8_paged_mqa,78b69000794d0937b47ae3387eff7663410264d1,fp8_e4m3_kv_fp8_q,1,32768,128,64,2048,0,15,,score,eager,cuda_event_grouped_3,17.6533,ok,,32768,64,,3,20,deepgemm_fp8_paged_mqa|fixed|B1|N32768
dsa-quick,dsa,fixed,deepgemm_fp8_paged_mqa,78b69000794d0937b47ae3387eff7663410264d1,fp8_e4m3_kv_fp8_q,1,32768,128,64,2048,0,16,,score,eager,cuda_event_grouped_3,17.6213,ok,,32768,64,,3,20,deepgemm_fp8_paged_mqa|fixed|B1|N32768
dsa-quick,dsa,fixed,deepgemm_fp8_paged_mqa,78b69000794d0937b47ae3387eff7663410264d1,fp8_e4m3_kv_fp8_q,1,32768,128,64,2048,0,17,,score,eager,cuda_event_grouped_3,17.7813,ok,,32768,64,,3,20,deepgemm_fp8_paged_mqa|fixed|B1|N32768
dsa-quick,dsa,fixed,deepgemm_fp8_paged_mqa,78b69000794d0937b47ae3387eff7663410264d1,fp8_e4m3_kv_fp8_q,1,32768,128,64,2048,0,18,,score,eager,cuda_event_grouped_3,17.7493,ok,,32768,64,,3,20,deepgemm_fp8_paged_mqa|fixed|B1|N32768
dsa-quick,dsa,fixed,deepgemm_fp8_paged_mqa,78b69000794d0937b47ae3387eff7663410264d1,fp8_e4m3_kv_fp8_q,1,32768,128,64,2048,0,19,,score,eager,cuda_event_grouped_3,17.728,ok,,32768,64,,3,20,deepgemm_fp8_paged_mqa|fixed|B1|N32768
dsa-quick,dsa,fixed,deepgemm_fp8_paged_mqa,78b69000794d0937b47ae3387eff7663410264d1,fp8_e4m3_kv_fp8_q,1,32768,128,64,2048,0,20,,score,eager,cuda_event_grouped_3,17.8667,ok,,32768,64,,3,20,deepgemm_fp8_paged_mqa|fixed|B1|N32768
dsa-quick,dsa,fixed,deepgemm_fp8_paged_mqa,78b69000794d0937b47ae3387eff7663410264d1,fp8_e4m3_kv_fp8_q,1,32768,128,64,2048,0,21,,score,eager,cuda_event_grouped_3,17.8133,ok,,32768,64,,3,20,deepgemm_fp8_paged_mqa|fixed|B1|N32768
dsa-quick,dsa,fixed,deepgemm_fp8_paged_mqa,78b69000794d0937b47ae3387eff7663410264d1,fp8_e4m3_kv_fp8_q,1,32768,128,64,2048,0,22,,score,eager,cuda_event_grouped_3,17.5573,ok,,32768,64,,3,20,deepgemm_fp8_paged_mqa|fixed|B1|N32768
dsa-quick,dsa,fixed,deepgemm_fp8_paged_mqa,78b69000794d0937b47ae3387eff7663410264d1,fp8_e4m3_kv_fp8_q,1,32768,128,64,2048,0,23,,score,eager,cuda_event_grouped_3,17.8453,ok,,32768,64,,3,20,deepgemm_fp8_paged_mqa|fixed|B1|N32768
dsa-quick,dsa,fixed,deepgemm_fp8_paged_mqa,78b69000794d0937b47ae3387eff7663410264d1,fp8_e4m3_kv_fp8_q,1,32768,128,64,2048,0,24,,score,eager,cuda_event_grouped_3,17.6213,ok,,32768,64,,3,20,deepgemm_fp8_paged_mqa|fixed|B1|N32768
dsa-quick,dsa,fixed,deepgemm_fp8_paged_mqa,78b69000794d0937b47ae3387eff7663410264d1,fp8_e4m3_kv_fp8_q,1,32768,128,64,2048,0,25,,score,eager,cuda_event_grouped_3,17.4933,ok,,32768,64,,3,20,deepgemm_fp8_paged_mqa|fixed|B1|N32768
dsa-quick,dsa,fixed,deepgemm_fp8_paged_mqa,78b69000794d0937b47ae3387eff7663410264d1,fp8_e4m3_kv_fp8_q,1,32768,128,64,2048,0,26,,score,eager,cuda_event_grouped_3,17.6,ok,,32768,64,,3,20,deepgemm_fp8_paged_mqa|fixed|B1|N32768
dsa-quick,dsa,fixed,deepgemm_fp8_paged_mqa,78b69000794d0937b47ae3387eff7663410264d1,fp8_e4m3_kv_fp8_q,1,32768,128,64,2048,0,27,,score,eager,cuda_event_grouped_3,17.664,ok,,32768,64,,3,20,deepgemm_fp8_paged_mqa|fixed|B1|N32768
dsa-quick,dsa,fixed,deepgemm_fp8_paged_mqa,78b69000794d0937b47ae3387eff7663410264d1,fp8_e4m3_kv_fp8_q,1,32768,128,64,2048,0,28,,score,eager,cuda_event_grouped_3,17.696,ok,,32768,64,,3,20,deepgemm_fp8_paged_mqa|fixed|B1|N32768
dsa-quick,dsa,fixed,deepgemm_fp8_paged_mqa,78b69000794d0937b47ae3387eff7663410264d1,fp8_e4m3_kv_fp8_q,1,32768,128,64,2048,0,29,,score,eager,cuda_event_grouped_3,17.8453,ok,,32768,64,,3,20,deepgemm_fp8_paged_mqa|fixed|B1|N32768
dsa-quick,dsa,fixed,deepgemm_fp8_paged_mqa,78b69000794d0937b47ae3387eff7663410264d1,fp8_e4m3_kv_fp8_q,1,32768,128,64,2048,0,30,,score,eager,cuda_event_grouped_3,17.664,ok,,32768,64,,3,20,deepgemm_fp8_paged_mqa|fixed|B1|N32768
dsa-quick,dsa,fixed,deepgemm_fp8_paged_mqa,78b69000794d0937b47ae3387eff7663410264d1,fp8_e4m3_kv_fp8_q,1,32768,128,64,2048,0,31,,score,eager,cuda_event_grouped_3,17.5573,ok,,32768,64,,3,20,deepgemm_fp8_paged_mqa|fixed|B1|N32768
dsa-quick,dsa,fixed,deepgemm_fp8_paged_mqa,78b69000794d0937b47ae3387eff7663410264d1,fp8_e4m3_kv_fp8_q,1,32768,128,64,2048,0,32,,score,eager,cuda_event_grouped_3,17.7493,ok,,32768,64,,3,20,deepgemm_fp8_paged_mqa|fixed|B1|N32768
dsa-quick,dsa,fixed,deepgemm_fp8_paged_mqa,78b69000794d0937b47ae3387eff7663410264d1,fp8_e4m3_kv_fp8_q,1,32768,128,64,2048,0,33,,score,eager,cuda_event_grouped_3,17.76,ok,,32768,64,,3,20,deepgemm_fp8_paged_mqa|fixed|B1|N32768
dsa-quick,dsa,fixed,deepgemm_fp8_paged_mqa,78b69000794d0937b47ae3387eff7663410264d1,fp8_e4m3_kv_fp8_q,1,32768,128,64,2048,0,34,,score,eager,cuda_event_grouped_3,17.7813,ok,,32768,64,,3,20,deepgemm_fp8_paged_mqa|fixed|B1|N32768
dsa-quick,dsa,fixed,deepgemm_fp8_paged_mqa,78b69000794d0937b47ae3387eff7663410264d1,fp8_e4m3_kv_fp8_q,1,32768,128,64,2048,0,35,,score,eager,cuda_event_grouped_3,17.728,ok,,32768,64,,3,20,deepgemm_fp8_paged_mqa|fixed|B1|N32768
dsa-quick,dsa,fixed,deepgemm_fp8_paged_mqa,78b69000794d0937b47ae3387eff7663410264d1,fp8_e4m3_kv_fp8_q,1,32768,128,64,2048,0,36,,score,eager,cuda_event_grouped_3,17.952,ok,,32768,64,,3,20,deepgemm_fp8_paged_mqa|fixed|B1|N32768
dsa-quick,dsa,fixed,deepgemm_fp8_paged_mqa,78b69000794d0937b47ae3387eff7663410264d1,fp8_e4m3_kv_fp8_q,1,32768,128,64,2048,0,37,,score,eager,cuda_event_grouped_3,17.76,ok,,32768,64,,3,20,deepgemm_fp8_paged_mqa|fixed|B1|N32768
dsa-quick,dsa,fixed,deepgemm_fp8_paged_mqa,78b69000794d0937b47ae3387eff7663410264d1,fp8_e4m3_kv_fp8_q,1,32768,128,64,2048,0,38,,score,eager,cuda_event_grouped_3,17.6427,ok,,32768,64,,3,20,deepgemm_fp8_paged_mqa|fixed|B1|N32768
dsa-quick,dsa,fixed,deepgemm_fp8_paged_mqa,78b69000794d0937b47ae3387eff7663410264d1,fp8_e4m3_kv_fp8_q,1,32768,128,64,2048,0,39,,score,eager,cuda_event_grouped_3,17.6427,ok,,32768,64,,3,20,deepgemm_fp8_paged_mqa|fixed|B1|N32768
dsa-quick,dsa,fixed,deepgemm_fp8_paged_mqa,78b69000794d0937b47ae3387eff7663410264d1,fp8_e4m3_kv_fp8_q,1,32768,128,64,2048,0,40,,score,eager,cuda_event_grouped_3,17.5253,ok,,32768,64,,3,20,deepgemm_fp8_paged_mqa|fixed|B1|N32768
dsa-quick,dsa,fixed,deepgemm_fp8_paged_mqa,78b69000794d0937b47ae3387eff7663410264d1,fp8_e4m3_kv_fp8_q,1,32768,128,64,2048,0,41,,score,eager,cuda_event_grouped_3,17.6107,ok,,32768,64,,3,20,deepgemm_fp8_paged_mqa|fixed|B1|N32768
dsa-quick,dsa,fixed,deepgemm_fp8_paged_mqa,78b69000794d0937b47ae3387eff7663410264d1,fp8_e4m3_kv_fp8_q,1,32768,128,64,2048,0,42,,score,eager,cuda_event_grouped_3,18.0373,ok,,32768,64,,3,20,deepgemm_fp8_paged_mqa|fixed|B1|N32768
dsa-quick,dsa,fixed,deepgemm_fp8_paged_mqa,78b69000794d0937b47ae3387eff7663410264d1,fp8_e4m3_kv_fp8_q,1,32768,128,64,2048,0,43,,score,eager,cuda_event_grouped_3,17.7387,ok,,32768,64,,3,20,deepgemm_fp8_paged_mqa|fixed|B1|N32768
dsa-quick,dsa,fixed,deepgemm_fp8_paged_mqa,78b69000794d0937b47ae3387eff7663410264d1,fp8_e4m3_kv_fp8_q,1,32768,128,64,2048,0,44,,score,eager,cuda_event_grouped_3,17.6853,ok,,32768,64,,3,20,deepgemm_fp8_paged_mqa|fixed|B1|N32768
dsa-quick,dsa,fixed,deepgemm_fp8_paged_mqa,78b69000794d0937b47ae3387eff7663410264d1,fp8_e4m3_kv_fp8_q,1,32768,128,64,2048,0,45,,score,eager,cuda_event_grouped_3,17.696,ok,,32768,64,,3,20,deepgemm_fp8_paged_mqa|fixed|B1|N32768
dsa-quick,dsa,fixed,deepgemm_fp8_paged_mqa,78b69000794d0937b47ae3387eff7663410264d1,fp8_e4m3_kv_fp8_q,1,32768,128,64,2048,0,46,,score,eager,cuda_event_grouped_3,17.5253,ok,,32768,64,,3,20,deepgemm_fp8_paged_mqa|fixed|B1|N32768
dsa-quick,dsa,fixed,deepgemm_fp8_paged_mqa,78b69000794d0937b47ae3387eff7663410264d1,fp8_e4m3_kv_fp8_q,1,32768,128,64,2048,0,47,,score,eager,cuda_event_grouped_3,17.6107,ok,,32768,64,,3,20,deepgemm_fp8_paged_mqa|fixed|B1|N32768
dsa-quick,dsa,fixed,deepgemm_fp8_paged_mqa,78b69000794d0937b47ae3387eff7663410264d1,fp8_e4m3_kv_fp8_q,1,32768,128,64,2048,0,48,,score,eager,cuda_event_grouped_3,17.6747,ok,,32768,64,,3,20,deepgemm_fp8_paged_mqa|fixed|B1|N32768
dsa-quick,dsa,fixed,deepgemm_fp8_paged_mqa,78b69000794d0937b47ae3387eff7663410264d1,fp8_e4m3_kv_fp8_q,1,32768,128,64,2048,0,49,,score,eager,cuda_event_grouped_3,19.232,ok,,32768,64,,3,20,deepgemm_fp8_paged_mqa|fixed|B1|N32768
dsa-quick,dsa,fixed,deepgemm_fp8_paged_mqa,78b69000794d0937b47ae3387eff7663410264d1,fp8_e4m3_kv_fp8_q,1,32768,128,64,2048,0,50,,score,eager,cuda_event_grouped_3,17.7067,ok,,32768,64,,3,20,deepgemm_fp8_paged_mqa|fixed|B1|N32768
dsa-quick,dsa,fixed,deepgemm_fp8_paged_mqa,78b69000794d0937b47ae3387eff7663410264d1,fp8_e4m3_kv_fp8_q,1,32768,128,64,2048,0,51,,score,eager,cuda_event_grouped_3,17.8987,ok,,32768,64,,3,20,deepgemm_fp8_paged_mqa|fixed|B1|N32768
dsa-quick,dsa,fixed,deepgemm_fp8_paged_mqa,78b69000794d0937b47ae3387eff7663410264d1,fp8_e4m3_kv_fp8_q,1,32768,128,64,2048,0,52,,score,eager,cuda_event_grouped_3,17.824,ok,,32768,64,,3,20,deepgemm_fp8_paged_mqa|fixed|B1|N32768
dsa-quick,dsa,fixed,deepgemm_fp8_paged_mqa,78b69000794d0937b47ae3387eff7663410264d1,fp8_e4m3_kv_fp8_q,1,32768,128,64,2048,0,53,,score,eager,cuda_event_grouped_3,17.6,ok,,32768,64,,3,20,deepgemm_fp8_paged_mqa|fixed|B1|N32768
dsa-quick,dsa,fixed,deepgemm_fp8_paged_mqa,78b69000794d0937b47ae3387eff7663410264d1,fp8_e4m3_kv_fp8_q,1,32768,128,64,2048,0,54,,score,eager,cuda_event_grouped_3,21.024,ok,,32768,64,,3,20,deepgemm_fp8_paged_mqa|fixed|B1|N32768
dsa-quick,dsa,fixed,deepgemm_fp8_paged_mqa,78b69000794d0937b47ae3387eff7663410264d1,fp8_e4m3_kv_fp8_q,1,32768,128,64,2048,0,55,,score,eager,cuda_event_grouped_3,17.8347,ok,,32768,64,,3,20,deepgemm_fp8_paged_mqa|fixed|B1|N32768
dsa-quick,dsa,fixed,deepgemm_fp8_paged_mqa,78b69000794d0937b47ae3387eff7663410264d1,fp8_e4m3_kv_fp8_q,1,32768,128,64,2048,0,56,,score,eager,cuda_event_grouped_3,17.696,ok,,32768,64,,3,20,deepgemm_fp8_paged_mqa|fixed|B1|N32768
dsa-quick,dsa,fixed,deepgemm_fp8_paged_mqa,78b69000794d0937b47ae3387eff7663410264d1,fp8_e4m3_kv_fp8_q,1,32768,128,64,2048,0,57,,score,eager,cuda_event_grouped_3,17.6747,ok,,32768,64,,3,20,deepgemm_fp8_paged_mqa|fixed|B1|N32768
dsa-quick,dsa,fixed,deepgemm_fp8_paged_mqa,78b69000794d0937b47ae3387eff7663410264d1,fp8_e4m3_kv_fp8_q,1,32768,128,64,2048,0,58,,score,eager,cuda_event_grouped_3,17.76,ok,,32768,64,,3,20,deepgemm_fp8_paged_mqa|fixed|B1|N32768
dsa-quick,dsa,fixed,deepgemm_fp8_paged_mqa,78b69000794d0937b47ae3387eff7663410264d1,fp8_e4m3_kv_fp8_q,1,32768,128,64,2048,0,59,,score,eager,cuda_event_grouped_3,17.7173,ok,,32768,64,,3,20,deepgemm_fp8_paged_mqa|fixed|B1|N32768
dsa-quick,dsa,fixed,deepgemm_fp8_paged_mqa,78b69000794d0937b47ae3387eff7663410264d1,fp8_e4m3_kv_fp8_q,1,32768,128,64,2048,0,60,,score,eager,cuda_event_grouped_3,17.6533,ok,,32768,64,,3,20,deepgemm_fp8_paged_mqa|fixed|B1|N32768
dsa-quick,dsa,fixed,deepgemm_fp8_paged_mqa,78b69000794d0937b47ae3387eff7663410264d1,fp8_e4m3_kv_fp8_q,1,32768,128,64,2048,0,61,,score,eager,cuda_event_grouped_3,17.6853,ok,,32768,64,,3,20,deepgemm_fp8_paged_mqa|fixed|B1|N32768
dsa-quick,dsa,fixed,deepgemm_fp8_paged_mqa,78b69000794d0937b47ae3387eff7663410264d1,fp8_e4m3_kv_fp8_q,1,32768,128,64,2048,0,62,,score,eager,cuda_event_grouped_3,17.856,ok,,32768,64,,3,20,deepgemm_fp8_paged_mqa|fixed|B1|N32768
dsa-quick,dsa,fixed,deepgemm_fp8_paged_mqa,78b69000794d0937b47ae3387eff7663410264d1,fp8_e4m3_kv_fp8_q,1,32768,128,64,2048,0,63,,score,eager,cuda_event_grouped_3,17.6853,ok,,32768,64,,3,20,deepgemm_fp8_paged_mqa|fixed|B1|N32768
dsa-quick,dsa,fixed,deepgemm_fp8_paged_mqa,78b69000794d0937b47ae3387eff7663410264d1,fp8_e4m3_kv_fp8_q,1,32768,128,64,2048,0,64,,score,eager,cuda_event_grouped_3,17.5893,ok,,32768,64,,3,20,deepgemm_fp8_paged_mqa|fixed|B1|N32768
dsa-quick,dsa,fixed,deepgemm_fp8_paged_mqa,78b69000794d0937b47ae3387eff7663410264d1,fp8_e4m3_kv_fp8_q,1,32768,128,64,2048,0,65,,score,eager,cuda_event_grouped_3,17.824,ok,,32768,64,,3,20,deepgemm_fp8_paged_mqa|fixed|B1|N32768
dsa-quick,dsa,fixed,deepgemm_fp8_paged_mqa,78b69000794d0937b47ae3387eff7663410264d1,fp8_e4m3_kv_fp8_q,1,32768,128,64,2048,0,66,,score,eager,cuda_event_grouped_3,17.6853,ok,,32768,64,,3,20,deepgemm_fp8_paged_mqa|fixed|B1|N32768
dsa-quick,dsa,fixed,deepgemm_fp8_paged_mqa,78b69000794d0937b47ae3387eff7663410264d1,fp8_e4m3_kv_fp8_q,1,32768,128,64,2048,0,67,,score,eager,cuda_event_grouped_3,17.8773,ok,,32768,64,,3,20,deepgemm_fp8_paged_mqa|fixed|B1|N32768
dsa-quick,dsa,fixed,deepgemm_fp8_paged_mqa,78b69000794d0937b47ae3387eff7663410264d1,fp8_e4m3_kv_fp8_q,1,32768,128,64,2048,0,68,,score,eager,cuda_event_grouped_3,17.7067,ok,,32768,64,,3,20,deepgemm_fp8_paged_mqa|fixed|B1|N32768
dsa-quick,dsa,fixed,deepgemm_fp8_paged_mqa,78b69000794d0937b47ae3387eff7663410264d1,fp8_e4m3_kv_fp8_q,1,32768,128,64,2048,0,69,,score,eager,cuda_event_grouped_3,17.6747,ok,,32768,64,,3,20,deepgemm_fp8_paged_mqa|fixed|B1|N32768
dsa-quick,dsa,fixed,deepgemm_fp8_paged_mqa,78b69000794d0937b47ae3387eff7663410264d1,fp8_e4m3_kv_fp8_q,1,32768,128,64,2048,0,70,,score,eager,cuda_event_grouped_3,17.6853,ok,,32768,64,,3,20,deepgemm_fp8_paged_mqa|fixed|B1|N32768
dsa-quick,dsa,fixed,deepgemm_fp8_paged_mqa,78b69000794d0937b47ae3387eff7663410264d1,fp8_e4m3_kv_fp8_q,1,32768,128,64,2048,0,71,,score,eager,cuda_event_grouped_3,17.8453,ok,,32768,64,,3,20,deepgemm_fp8_paged_mqa|fixed|B1|N32768
dsa-quick,dsa,fixed,deepgemm_fp8_paged_mqa,78b69000794d0937b47ae3387eff7663410264d1,fp8_e4m3_kv_fp8_q,1,32768,128,64,2048,0,72,,score,eager,cuda_event_grouped_3,17.6427,ok,,32768,64,,3,20,deepgemm_fp8_paged_mqa|fixed|B1|N32768
dsa-quick,dsa,fixed,deepgemm_fp8_paged_mqa,78b69000794d0937b47ae3387eff7663410264d1,fp8_e4m3_kv_fp8_q,1,32768,128,64,2048,0,73,,score,eager,cuda_event_grouped_3,17.8453,ok,,32768,64,,3,20,deepgemm_fp8_paged_mqa|fixed|B1|N32768
dsa-quick,dsa,fixed,deepgemm_fp8_paged_mqa,78b69000794d0937b47ae3387eff7663410264d1,fp8_e4m3_kv_fp8_q,1,32768,128,64,2048,0,74,,score,eager,cuda_event_grouped_3,17.9947,ok,,32768,64,,3,20,deepgemm_fp8_paged_mqa|fixed|B1|N32768
dsa-quick,dsa,fixed,deepgemm_fp8_paged_mqa,78b69000794d0937b47ae3387eff7663410264d1,fp8_e4m3_kv_fp8_q,1,32768,128,64,2048,0,75,,score,eager,cuda_event_grouped_3,17.8133,ok,,32768,64,,3,20,deepgemm_fp8_paged_mqa|fixed|B1|N32768
dsa-quick,dsa,fixed,deepgemm_fp8_paged_mqa,78b69000794d0937b47ae3387eff7663410264d1,fp8_e4m3_kv_fp8_q,1,32768,128,64,2048,0,76,,score,eager,cuda_event_grouped_3,17.8453,ok,,32768,64,,3,20,deepgemm_fp8_paged_mqa|fixed|B1|N32768
dsa-quick,dsa,fixed,deepgemm_fp8_paged_mqa,78b69000794d0937b47ae3387eff7663410264d1,fp8_e4m3_kv_fp8_q,1,32768,128,64,2048,0,77,,score,eager,cuda_event_grouped_3,17.856,ok,,32768,64,,3,20,deepgemm_fp8_paged_mqa|fixed|B1|N32768
dsa-quick,dsa,fixed,deepgemm_fp8_paged_mqa,78b69000794d0937b47ae3387eff7663410264d1,fp8_e4m3_kv_fp8_q,1,32768,128,64,2048,0,78,,score,eager,cuda_event_grouped_3,17.504,ok,,32768,64,,3,20,deepgemm_fp8_paged_mqa|fixed|B1|N32768
dsa-quick,dsa,fixed,deepgemm_fp8_paged_mqa,78b69000794d0937b47ae3387eff7663410264d1,fp8_e4m3_kv_fp8_q,1,32768,128,64,2048,0,79,,score,eager,cuda_event_grouped_3,17.6213,ok,,32768,64,,3,20,deepgemm_fp8_paged_mqa|fixed|B1|N32768
dsa-quick,dsa,fixed,deepgemm_fp8_paged_mqa,78b69000794d0937b47ae3387eff7663410264d1,fp8_e4m3_kv_fp8_q,1,32768,128,64,2048,0,80,,score,eager,cuda_event_grouped_3,17.4507,ok,,32768,64,,3,20,deepgemm_fp8_paged_mqa|fixed|B1|N32768
dsa-quick,dsa,fixed,deepgemm_fp8_paged_mqa,78b69000794d0937b47ae3387eff7663410264d1,fp8_e4m3_kv_fp8_q,1,32768,128,64,2048,0,81,,score,eager,cuda_event_grouped_3,17.632,ok,,32768,64,,3,20,deepgemm_fp8_paged_mqa|fixed|B1|N32768
dsa-quick,dsa,fixed,deepgemm_fp8_paged_mqa,78b69000794d0937b47ae3387eff7663410264d1,fp8_e4m3_kv_fp8_q,1,32768,128,64,2048,0,82,,score,eager,cuda_event_grouped_3,17.6427,ok,,32768,64,,3,20,deepgemm_fp8_paged_mqa|fixed|B1|N32768
dsa-quick,dsa,fixed,deepgemm_fp8_paged_mqa,78b69000794d0937b47ae3387eff7663410264d1,fp8_e4m3_kv_fp8_q,1,32768,128,64,2048,0,83,,score,eager,cuda_event_grouped_3,17.568,ok,,32768,64,,3,20,deepgemm_fp8_paged_mqa|fixed|B1|N32768
dsa-quick,dsa,fixed,deepgemm_fp8_paged_mqa,78b69000794d0937b47ae3387eff7663410264d1,fp8_e4m3_kv_fp8_q,1,32768,128,64,2048,0,84,,score,eager,cuda_event_grouped_3,17.6213,ok,,32768,64,,3,20,deepgemm_fp8_paged_mqa|fixed|B1|N32768
dsa-quick,dsa,fixed,deepgemm_fp8_paged_mqa,78b69000794d0937b47ae3387eff7663410264d1,fp8_e4m3_kv_fp8_q,1,32768,128,64,2048,0,85,,score,eager,cuda_event_grouped_3,17.8133,ok,,32768,64,,3,20,deepgemm_fp8_paged_mqa|fixed|B1|N32768
dsa-quick,dsa,fixed,deepgemm_fp8_paged_mqa,78b69000794d0937b47ae3387eff7663410264d1,fp8_e4m3_kv_fp8_q,1,32768,128,64,2048,0,86,,score,eager,cuda_event_grouped_3,17.696,ok,,32768,64,,3,20,deepgemm_fp8_paged_mqa|fixed|B1|N32768
dsa-quick,dsa,fixed,deepgemm_fp8_paged_mqa,78b69000794d0937b47ae3387eff7663410264d1,fp8_e4m3_kv_fp8_q,1,32768,128,64,2048,0,87,,score,eager,cuda_event_grouped_3,17.6853,ok,,32768,64,,3,20,deepgemm_fp8_paged_mqa|fixed|B1|N32768
dsa-quick,dsa,fixed,deepgemm_fp8_paged_mqa,78b69000794d0937b47ae3387eff7663410264d1,fp8_e4m3_kv_fp8_q,1,32768,128,64,2048,0,88,,score,eager,cuda_event_grouped_3,17.9947,ok,,32768,64,,3,20,deepgemm_fp8_paged_mqa|fixed|B1|N32768
dsa-quick,dsa,fixed,deepgemm_fp8_paged_mqa,78b69000794d0937b47ae3387eff7663410264d1,fp8_e4m3_kv_fp8_q,1,32768,128,64,2048,0,89,,score,eager,cuda_event_grouped_3,17.5467,ok,,32768,64,,3,20,deepgemm_fp8_paged_mqa|fixed|B1|N32768
dsa-quick,dsa,fixed,deepgemm_fp8_paged_mqa,78b69000794d0937b47ae3387eff7663410264d1,fp8_e4m3_kv_fp8_q,1,32768,128,64,2048,0,90,,score,eager,cuda_event_grouped_3,21.216,ok,,32768,64,,3,20,deepgemm_fp8_paged_mqa|fixed|B1|N32768
dsa-quick,dsa,fixed,deepgemm_fp8_paged_mqa,78b69000794d0937b47ae3387eff7663410264d1,fp8_e4m3_kv_fp8_q,1,32768,128,64,2048,0,91,,score,eager,cuda_event_grouped_3,17.792,ok,,32768,64,,3,20,deepgemm_fp8_paged_mqa|fixed|B1|N32768
dsa-quick,dsa,fixed,deepgemm_fp8_paged_mqa,78b69000794d0937b47ae3387eff7663410264d1,fp8_e4m3_kv_fp8_q,1,32768,128,64,2048,0,92,,score,eager,cuda_event_grouped_3,17.7813,ok,,32768,64,,3,20,deepgemm_fp8_paged_mqa|fixed|B1|N32768
dsa-quick,dsa,fixed,deepgemm_fp8_paged_mqa,78b69000794d0937b47ae3387eff7663410264d1,fp8_e4m3_kv_fp8_q,1,32768,128,64,2048,0,93,,score,eager,cuda_event_grouped_3,18.2187,ok,,32768,64,,3,20,deepgemm_fp8_paged_mqa|fixed|B1|N32768
dsa-quick,dsa,fixed,deepgemm_fp8_paged_mqa,78b69000794d0937b47ae3387eff7663410264d1,fp8_e4m3_kv_fp8_q,1,32768,128,64,2048,0,94,,score,eager,cuda_event_grouped_3,17.7067,ok,,32768,64,,3,20,deepgemm_fp8_paged_mqa|fixed|B1|N32768
dsa-quick,dsa,fixed,deepgemm_fp8_paged_mqa,78b69000794d0937b47ae3387eff7663410264d1,fp8_e4m3_kv_fp8_q,1,32768,128,64,2048,0,95,,score,eager,cuda_event_grouped_3,17.6853,ok,,32768,64,,3,20,deepgemm_fp8_paged_mqa|fixed|B1|N32768
dsa-quick,dsa,fixed,deepgemm_fp8_paged_mqa,78b69000794d0937b47ae3387eff7663410264d1,fp8_e4m3_kv_fp8_q,1,32768,128,64,2048,0,96,,score,eager,cuda_event_grouped_3,17.7493,ok,,32768,64,,3,20,deepgemm_fp8_paged_mqa|fixed|B1|N32768
dsa-quick,dsa,fixed,deepgemm_fp8_paged_mqa,78b69000794d0937b47ae3387eff7663410264d1,fp8_e4m3_kv_fp8_q,1,32768,128,64,2048,0,97,,score,eager,cuda_event_grouped_3,17.7813,ok,,32768,64,,3,20,deepgemm_fp8_paged_mqa|fixed|B1|N32768
dsa-quick,dsa,fixed,deepgemm_fp8_paged_mqa,78b69000794d0937b47ae3387eff7663410264d1,fp8_e4m3_kv_fp8_q,1,32768,128,64,2048,0,98,,score,eager,cuda_event_grouped_3,17.8453,ok,,32768,64,,3,20,deepgemm_fp8_paged_mqa|fixed|B1|N32768
dsa-quick,dsa,fixed,deepgemm_fp8_paged_mqa,78b69000794d0937b47ae3387eff7663410264d1,fp8_e4m3_kv_fp8_q,1,32768,128,64,2048,0,99,,score,eager,cuda_event_grouped_3,17.8347,ok,,32768,64,,3,20,deepgemm_fp8_paged_mqa|fixed|B1|N32768
dsa-quick,dsa,fixed,deepgemm_fp8_paged_mqa,78b69000794d0937b47ae3387eff7663410264d1,fp8_e4m3_kv_fp8_q,1,32768,128,64,2048,0,0,,select,eager,cuda_event_per_iter,75.168,ok,,32768,64,,1,20,deepgemm_fp8_paged_mqa|fixed|B1|N32768
dsa-quick,dsa,fixed,deepgemm_fp8_paged_mqa,78b69000794d0937b47ae3387eff7663410264d1,fp8_e4m3_kv_fp8_q,1,32768,128,64,2048,0,1,,select,eager,cuda_event_per_iter,74.688,ok,,32768,64,,1,20,deepgemm_fp8_paged_mqa|fixed|B1|N32768
dsa-quick,dsa,fixed,deepgemm_fp8_paged_mqa,78b69000794d0937b47ae3387eff7663410264d1,fp8_e4m3_kv_fp8_q,1,32768,128,64,2048,0,2,,select,eager,cuda_event_per_iter,75.264,ok,,32768,64,,1,20,deepgemm_fp8_paged_mqa|fixed|B1|N32768
dsa-quick,dsa,fixed,deepgemm_fp8_paged_mqa,78b69000794d0937b47ae3387eff7663410264d1,fp8_e4m3_kv_fp8_q,1,32768,128,64,2048,0,3,,select,eager,cuda_event_per_iter,74.848,ok,,32768,64,,1,20,deepgemm_fp8_paged_mqa|fixed|B1|N32768
dsa-quick,dsa,fixed,deepgemm_fp8_paged_mqa,78b69000794d0937b47ae3387eff7663410264d1,fp8_e4m3_kv_fp8_q,1,32768,128,64,2048,0,4,,select,eager,cuda_event_per_iter,73.792,ok,,32768,64,,1,20,deepgemm_fp8_paged_mqa|fixed|B1|N32768
dsa-quick,dsa,fixed,deepgemm_fp8_paged_mqa,78b69000794d0937b47ae3387eff7663410264d1,fp8_e4m3_kv_fp8_q,1,32768,128,64,2048,0,5,,select,eager,cuda_event_per_iter,74.656,ok,,32768,64,,1,20,deepgemm_fp8_paged_mqa|fixed|B1|N32768
dsa-quick,dsa,fixed,deepgemm_fp8_paged_mqa,78b69000794d0937b47ae3387eff7663410264d1,fp8_e4m3_kv_fp8_q,1,32768,128,64,2048,0,6,,select,eager,cuda_event_per_iter,74.016,ok,,32768,64,,1,20,deepgemm_fp8_paged_mqa|fixed|B1|N32768
dsa-quick,dsa,fixed,deepgemm_fp8_paged_mqa,78b69000794d0937b47ae3387eff7663410264d1,fp8_e4m3_kv_fp8_q,1,32768,128,64,2048,0,7,,select,eager,cuda_event_per_iter,74.624,ok,,32768,64,,1,20,deepgemm_fp8_paged_mqa|fixed|B1|N32768
dsa-quick,dsa,fixed,deepgemm_fp8_paged_mqa,78b69000794d0937b47ae3387eff7663410264d1,fp8_e4m3_kv_fp8_q,1,32768,128,64,2048,0,8,,select,eager,cuda_event_per_iter,74.112,ok,,32768,64,,1,20,deepgemm_fp8_paged_mqa|fixed|B1|N32768
dsa-quick,dsa,fixed,deepgemm_fp8_paged_mqa,78b69000794d0937b47ae3387eff7663410264d1,fp8_e4m3_kv_fp8_q,1,32768,128,64,2048,0,9,,select,eager,cuda_event_per_iter,73.792,ok,,32768,64,,1,20,deepgemm_fp8_paged_mqa|fixed|B1|N32768
dsa-quick,dsa,fixed,deepgemm_fp8_paged_mqa,78b69000794d0937b47ae3387eff7663410264d1,fp8_e4m3_kv_fp8_q,1,32768,128,64,2048,0,10,,select,eager,cuda_event_per_iter,74.816,ok,,32768,64,,1,20,deepgemm_fp8_paged_mqa|fixed|B1|N32768
dsa-quick,dsa,fixed,deepgemm_fp8_paged_mqa,78b69000794d0937b47ae3387eff7663410264d1,fp8_e4m3_kv_fp8_q,1,32768,128,64,2048,0,11,,select,eager,cuda_event_per_iter,74.368,ok,,32768,64,,1,20,deepgemm_fp8_paged_mqa|fixed|B1|N32768
dsa-quick,dsa,fixed,deepgemm_fp8_paged_mqa,78b69000794d0937b47ae3387eff7663410264d1,fp8_e4m3_kv_fp8_q,1,32768,128,64,2048,0,12,,select,eager,cuda_event_per_iter,73.696,ok,,32768,64,,1,20,deepgemm_fp8_paged_mqa|fixed|B1|N32768
dsa-quick,dsa,fixed,deepgemm_fp8_paged_mqa,78b69000794d0937b47ae3387eff7663410264d1,fp8_e4m3_kv_fp8_q,1,32768,128,64,2048,0,13,,select,eager,cuda_event_per_iter,76.224,ok,,32768,64,,1,20,deepgemm_fp8_paged_mqa|fixed|B1|N32768
dsa-quick,dsa,fixed,deepgemm_fp8_paged_mqa,78b69000794d0937b47ae3387eff7663410264d1,fp8_e4m3_kv_fp8_q,1,32768,128,64,2048,0,14,,select,eager,cuda_event_per_iter,74.016,ok,,32768,64,,1,20,deepgemm_fp8_paged_mqa|fixed|B1|N32768
dsa-quick,dsa,fixed,deepgemm_fp8_paged_mqa,78b69000794d0937b47ae3387eff7663410264d1,fp8_e4m3_kv_fp8_q,1,32768,128,64,2048,0,15,,select,eager,cuda_event_per_iter,74.528,ok,,32768,64,,1,20,deepgemm_fp8_paged_mqa|fixed|B1|N32768
dsa-quick,dsa,fixed,deepgemm_fp8_paged_mqa,78b69000794d0937b47ae3387eff7663410264d1,fp8_e4m3_kv_fp8_q,1,32768,128,64,2048,0,16,,select,eager,cuda_event_per_iter,73.92,ok,,32768,64,,1,20,deepgemm_fp8_paged_mqa|fixed|B1|N32768
dsa-quick,dsa,fixed,deepgemm_fp8_paged_mqa,78b69000794d0937b47ae3387eff7663410264d1,fp8_e4m3_kv_fp8_q,1,32768,128,64,2048,0,17,,select,eager,cuda_event_per_iter,73.824,ok,,32768,64,,1,20,deepgemm_fp8_paged_mqa|fixed|B1|N32768
dsa-quick,dsa,fixed,deepgemm_fp8_paged_mqa,78b69000794d0937b47ae3387eff7663410264d1,fp8_e4m3_kv_fp8_q,1,32768,128,64,2048,0,18,,select,eager,cuda_event_per_iter,74.24,ok,,32768,64,,1,20,deepgemm_fp8_paged_mqa|fixed|B1|N32768
dsa-quick,dsa,fixed,deepgemm_fp8_paged_mqa,78b69000794d0937b47ae3387eff7663410264d1,fp8_e4m3_kv_fp8_q,1,32768,128,64,2048,0,19,,select,eager,cuda_event_per_iter,74.432,ok,,32768,64,,1,20,deepgemm_fp8_paged_mqa|fixed|B1|N32768
dsa-quick,dsa,fixed,deepgemm_fp8_paged_mqa,78b69000794d0937b47ae3387eff7663410264d1,fp8_e4m3_kv_fp8_q,1,32768,128,64,2048,0,20,,select,eager,cuda_event_per_iter,73.888,ok,,32768,64,,1,20,deepgemm_fp8_paged_mqa|fixed|B1|N32768
dsa-quick,dsa,fixed,deepgemm_fp8_paged_mqa,78b69000794d0937b47ae3387eff7663410264d1,fp8_e4m3_kv_fp8_q,1,32768,128,64,2048,0,21,,select,eager,cuda_event_per_iter,74.176,ok,,32768,64,,1,20,deepgemm_fp8_paged_mqa|fixed|B1|N32768
dsa-quick,dsa,fixed,deepgemm_fp8_paged_mqa,78b69000794d0937b47ae3387eff7663410264d1,fp8_e4m3_kv_fp8_q,1,32768,128,64,2048,0,22,,select,eager,cuda_event_per_iter,74.24,ok,,32768,64,,1,20,deepgemm_fp8_paged_mqa|fixed|B1|N32768
dsa-quick,dsa,fixed,deepgemm_fp8_paged_mqa,78b69000794d0937b47ae3387eff7663410264d1,fp8_e4m3_kv_fp8_q,1,32768,128,64,2048,0,23,,select,eager,cuda_event_per_iter,75.456,ok,,32768,64,,1,20,deepgemm_fp8_paged_mqa|fixed|B1|N32768
dsa-quick,dsa,fixed,deepgemm_fp8_paged_mqa,78b69000794d0937b47ae3387eff7663410264d1,fp8_e4m3_kv_fp8_q,1,32768,128,64,2048,0,24,,select,eager,cuda_event_per_iter,74.24,ok,,32768,64,,1,20,deepgemm_fp8_paged_mqa|fixed|B1|N32768
dsa-quick,dsa,fixed,deepgemm_fp8_paged_mqa,78b69000794d0937b47ae3387eff7663410264d1,fp8_e4m3_kv_fp8_q,1,32768,128,64,2048,0,25,,select,eager,cuda_event_per_iter,73.888,ok,,32768,64,,1,20,deepgemm_fp8_paged_mqa|fixed|B1|N32768
dsa-quick,dsa,fixed,deepgemm_fp8_paged_mqa,78b69000794d0937b47ae3387eff7663410264d1,fp8_e4m3_kv_fp8_q,1,32768,128,64,2048,0,26,,select,eager,cuda_event_per_iter,74.592,ok,,32768,64,,1,20,deepgemm_fp8_paged_mqa|fixed|B1|N32768
dsa-quick,dsa,fixed,deepgemm_fp8_paged_mqa,78b69000794d0937b47ae3387eff7663410264d1,fp8_e4m3_kv_fp8_q,1,32768,128,64,2048,0,27,,select,eager,cuda_event_per_iter,75.456,ok,,32768,64,,1,20,deepgemm_fp8_paged_mqa|fixed|B1|N32768
dsa-quick,dsa,fixed,deepgemm_fp8_paged_mqa,78b69000794d0937b47ae3387eff7663410264d1,fp8_e4m3_kv_fp8_q,1,32768,128,64,2048,0,28,,select,eager,cuda_event_per_iter,73.632,ok,,32768,64,,1,20,deepgemm_fp8_paged_mqa|fixed|B1|N32768
dsa-quick,dsa,fixed,deepgemm_fp8_paged_mqa,78b69000794d0937b47ae3387eff7663410264d1,fp8_e4m3_kv_fp8_q,1,32768,128,64,2048,0,29,,select,eager,cuda_event_per_iter,74.144,ok,,32768,64,,1,20,deepgemm_fp8_paged_mqa|fixed|B1|N32768
dsa-quick,dsa,fixed,deepgemm_fp8_paged_mqa,78b69000794d0937b47ae3387eff7663410264d1,fp8_e4m3_kv_fp8_q,1,32768,128,64,2048,0,30,,select,eager,cuda_event_per_iter,74.656,ok,,32768,64,,1,20,deepgemm_fp8_paged_mqa|fixed|B1|N32768
dsa-quick,dsa,fixed,deepgemm_fp8_paged_mqa,78b69000794d0937b47ae3387eff7663410264d1,fp8_e4m3_kv_fp8_q,1,32768,128,64,2048,0,31,,select,eager,cuda_event_per_iter,74.56,ok,,32768,64,,1,20,deepgemm_fp8_paged_mqa|fixed|B1|N32768
dsa-quick,dsa,fixed,deepgemm_fp8_paged_mqa,78b69000794d0937b47ae3387eff7663410264d1,fp8_e4m3_kv_fp8_q,1,32768,128,64,2048,0,32,,select,eager,cuda_event_per_iter,73.344,ok,,32768,64,,1,20,deepgemm_fp8_paged_mqa|fixed|B1|N32768
dsa-quick,dsa,fixed,deepgemm_fp8_paged_mqa,78b69000794d0937b47ae3387eff7663410264d1,fp8_e4m3_kv_fp8_q,1,32768,128,64,2048,0,33,,select,eager,cuda_event_per_iter,74.016,ok,,32768,64,,1,20,deepgemm_fp8_paged_mqa|fixed|B1|N32768
dsa-quick,dsa,fixed,deepgemm_fp8_paged_mqa,78b69000794d0937b47ae3387eff7663410264d1,fp8_e4m3_kv_fp8_q,1,32768,128,64,2048,0,34,,select,eager,cuda_event_per_iter,74.272,ok,,32768,64,,1,20,deepgemm_fp8_paged_mqa|fixed|B1|N32768
dsa-quick,dsa,fixed,deepgemm_fp8_paged_mqa,78b69000794d0937b47ae3387eff7663410264d1,fp8_e4m3_kv_fp8_q,1,32768,128,64,2048,0,35,,select,eager,cuda_event_per_iter,74.624,ok,,32768,64,,1,20,deepgemm_fp8_paged_mqa|fixed|B1|N32768
dsa-quick,dsa,fixed,deepgemm_fp8_paged_mqa,78b69000794d0937b47ae3387eff7663410264d1,fp8_e4m3_kv_fp8_q,1,32768,128,64,2048,0,36,,select,eager,cuda_event_per_iter,73.664,ok,,32768,64,,1,20,deepgemm_fp8_paged_mqa|fixed|B1|N32768
dsa-quick,dsa,fixed,deepgemm_fp8_paged_mqa,78b69000794d0937b47ae3387eff7663410264d1,fp8_e4m3_kv_fp8_q,1,32768,128,64,2048,0,37,,select,eager,cuda_event_per_iter,73.952,ok,,32768,64,,1,20,deepgemm_fp8_paged_mqa|fixed|B1|N32768
dsa-quick,dsa,fixed,deepgemm_fp8_paged_mqa,78b69000794d0937b47ae3387eff7663410264d1,fp8_e4m3_kv_fp8_q,1,32768,128,64,2048,0,38,,select,eager,cuda_event_per_iter,74.496,ok,,32768,64,,1,20,deepgemm_fp8_paged_mqa|fixed|B1|N32768
dsa-quick,dsa,fixed,deepgemm_fp8_paged_mqa,78b69000794d0937b47ae3387eff7663410264d1,fp8_e4m3_kv_fp8_q,1,32768,128,64,2048,0,39,,select,eager,cuda_event_per_iter,74.592,ok,,32768,64,,1,20,deepgemm_fp8_paged_mqa|fixed|B1|N32768
dsa-quick,dsa,fixed,deepgemm_fp8_paged_mqa,78b69000794d0937b47ae3387eff7663410264d1,fp8_e4m3_kv_fp8_q,1,32768,128,64,2048,0,40,,select,eager,cuda_event_per_iter,73.92,ok,,32768,64,,1,20,deepgemm_fp8_paged_mqa|fixed|B1|N32768
dsa-quick,dsa,fixed,deepgemm_fp8_paged_mqa,78b69000794d0937b47ae3387eff7663410264d1,fp8_e4m3_kv_fp8_q,1,32768,128,64,2048,0,41,,select,eager,cuda_event_per_iter,74.208,ok,,32768,64,,1,20,deepgemm_fp8_paged_mqa|fixed|B1|N32768
dsa-quick,dsa,fixed,deepgemm_fp8_paged_mqa,78b69000794d0937b47ae3387eff7663410264d1,fp8_e4m3_kv_fp8_q,1,32768,128,64,2048,0,42,,select,eager,cuda_event_per_iter,74.112,ok,,32768,64,,1,20,deepgemm_fp8_paged_mqa|fixed|B1|N32768
dsa-quick,dsa,fixed,deepgemm_fp8_paged_mqa,78b69000794d0937b47ae3387eff7663410264d1,fp8_e4m3_kv_fp8_q,1,32768,128,64,2048,0,43,,select,eager,cuda_event_per_iter,74.24,ok,,32768,64,,1,20,deepgemm_fp8_paged_mqa|fixed|B1|N32768
dsa-quick,dsa,fixed,deepgemm_fp8_paged_mqa,78b69000794d0937b47ae3387eff7663410264d1,fp8_e4m3_kv_fp8_q,1,32768,128,64,2048,0,44,,select,eager,cuda_event_per_iter,73.472,ok,,32768,64,,1,20,deepgemm_fp8_paged_mqa|fixed|B1|N32768
dsa-quick,dsa,fixed,deepgemm_fp8_paged_mqa,78b69000794d0937b47ae3387eff7663410264d1,fp8_e4m3_kv_fp8_q,1,32768,128,64,2048,0,45,,select,eager,cuda_event_per_iter,74.464,ok,,32768,64,,1,20,deepgemm_fp8_paged_mqa|fixed|B1|N32768
dsa-quick,dsa,fixed,deepgemm_fp8_paged_mqa,78b69000794d0937b47ae3387eff7663410264d1,fp8_e4m3_kv_fp8_q,1,32768,128,64,2048,0,46,,select,eager,cuda_event_per_iter,75.2,ok,,32768,64,,1,20,deepgemm_fp8_paged_mqa|fixed|B1|N32768
dsa-quick,dsa,fixed,deepgemm_fp8_paged_mqa,78b69000794d0937b47ae3387eff7663410264d1,fp8_e4m3_kv_fp8_q,1,32768,128,64,2048,0,47,,select,eager,cuda_event_per_iter,73.888,ok,,32768,64,,1,20,deepgemm_fp8_paged_mqa|fixed|B1|N32768
dsa-quick,dsa,fixed,deepgemm_fp8_paged_mqa,78b69000794d0937b47ae3387eff7663410264d1,fp8_e4m3_kv_fp8_q,1,32768,128,64,2048,0,48,,select,eager,cuda_event_per_iter,74.144,ok,,32768,64,,1,20,deepgemm_fp8_paged_mqa|fixed|B1|N32768
dsa-quick,dsa,fixed,deepgemm_fp8_paged_mqa,78b69000794d0937b47ae3387eff7663410264d1,fp8_e4m3_kv_fp8_q,1,32768,128,64,2048,0,49,,select,eager,cuda_event_per_iter,74.528,ok,,32768,64,,1,20,deepgemm_fp8_paged_mqa|fixed|B1|N32768
dsa-quick,dsa,fixed,deepgemm_fp8_paged_mqa,78b69000794d0937b47ae3387eff7663410264d1,fp8_e4m3_kv_fp8_q,1,32768,128,64,2048,0,50,,select,eager,cuda_event_per_iter,74.496,ok,,32768,64,,1,20,deepgemm_fp8_paged_mqa|fixed|B1|N32768
dsa-quick,dsa,fixed,deepgemm_fp8_paged_mqa,78b69000794d0937b47ae3387eff7663410264d1,fp8_e4m3_kv_fp8_q,1,32768,128,64,2048,0,51,,select,eager,cuda_event_per_iter,74.528,ok,,32768,64,,1,20,deepgemm_fp8_paged_mqa|fixed|B1|N32768
dsa-quick,dsa,fixed,deepgemm_fp8_paged_mqa,78b69000794d0937b47ae3387eff7663410264d1,fp8_e4m3_kv_fp8_q,1,32768,128,64,2048,0,52,,select,eager,cuda_event_per_iter,73.6,ok,,32768,64,,1,20,deepgemm_fp8_paged_mqa|fixed|B1|N32768
dsa-quick,dsa,fixed,deepgemm_fp8_paged_mqa,78b69000794d0937b47ae3387eff7663410264d1,fp8_e4m3_kv_fp8_q,1,32768,128,64,2048,0,53,,select,eager,cuda_event_per_iter,74.496,ok,,32768,64,,1,20,deepgemm_fp8_paged_mqa|fixed|B1|N32768
dsa-quick,dsa,fixed,deepgemm_fp8_paged_mqa,78b69000794d0937b47ae3387eff7663410264d1,fp8_e4m3_kv_fp8_q,1,32768,128,64,2048,0,54,,select,eager,cuda_event_per_iter,74.272,ok,,32768,64,,1,20,deepgemm_fp8_paged_mqa|fixed|B1|N32768
dsa-quick,dsa,fixed,deepgemm_fp8_paged_mqa,78b69000794d0937b47ae3387eff7663410264d1,fp8_e4m3_kv_fp8_q,1,32768,128,64,2048,0,55,,select,eager,cuda_event_per_iter,73.952,ok,,32768,64,,1,20,deepgemm_fp8_paged_mqa|fixed|B1|N32768
dsa-quick,dsa,fixed,deepgemm_fp8_paged_mqa,78b69000794d0937b47ae3387eff7663410264d1,fp8_e4m3_kv_fp8_q,1,32768,128,64,2048,0,56,,select,eager,cuda_event_per_iter,73.568,ok,,32768,64,,1,20,deepgemm_fp8_paged_mqa|fixed|B1|N32768
dsa-quick,dsa,fixed,deepgemm_fp8_paged_mqa,78b69000794d0937b47ae3387eff7663410264d1,fp8_e4m3_kv_fp8_q,1,32768,128,64,2048,0,57,,select,eager,cuda_event_per_iter,77.792,ok,,32768,64,,1,20,deepgemm_fp8_paged_mqa|fixed|B1|N32768
dsa-quick,dsa,fixed,deepgemm_fp8_paged_mqa,78b69000794d0937b47ae3387eff7663410264d1,fp8_e4m3_kv_fp8_q,1,32768,128,64,2048,0,58,,select,eager,cuda_event_per_iter,74.88,ok,,32768,64,,1,20,deepgemm_fp8_paged_mqa|fixed|B1|N32768
dsa-quick,dsa,fixed,deepgemm_fp8_paged_mqa,78b69000794d0937b47ae3387eff7663410264d1,fp8_e4m3_kv_fp8_q,1,32768,128,64,2048,0,59,,select,eager,cuda_event_per_iter,74.528,ok,,32768,64,,1,20,deepgemm_fp8_paged_mqa|fixed|B1|N32768
dsa-quick,dsa,fixed,deepgemm_fp8_paged_mqa,78b69000794d0937b47ae3387eff7663410264d1,fp8_e4m3_kv_fp8_q,1,32768,128,64,2048,0,60,,select,eager,cuda_event_per_iter,73.984,ok,,32768,64,,1,20,deepgemm_fp8_paged_mqa|fixed|B1|N32768
dsa-quick,dsa,fixed,deepgemm_fp8_paged_mqa,78b69000794d0937b47ae3387eff7663410264d1,fp8_e4m3_kv_fp8_q,1,32768,128,64,2048,0,61,,select,eager,cuda_event_per_iter,74.4,ok,,32768,64,,1,20,deepgemm_fp8_paged_mqa|fixed|B1|N32768
dsa-quick,dsa,fixed,deepgemm_fp8_paged_mqa,78b69000794d0937b47ae3387eff7663410264d1,fp8_e4m3_kv_fp8_q,1,32768,128,64,2048,0,62,,select,eager,cuda_event_per_iter,74.656,ok,,32768,64,,1,20,deepgemm_fp8_paged_mqa|fixed|B1|N32768
dsa-quick,dsa,fixed,deepgemm_fp8_paged_mqa,78b69000794d0937b47ae3387eff7663410264d1,fp8_e4m3_kv_fp8_q,1,32768,128,64,2048,0,63,,select,eager,cuda_event_per_iter,74.336,ok,,32768,64,,1,20,deepgemm_fp8_paged_mqa|fixed|B1|N32768
dsa-quick,dsa,fixed,deepgemm_fp8_paged_mqa,78b69000794d0937b47ae3387eff7663410264d1,fp8_e4m3_kv_fp8_q,1,32768,128,64,2048,0,64,,select,eager,cuda_event_per_iter,74.08,ok,,32768,64,,1,20,deepgemm_fp8_paged_mqa|fixed|B1|N32768
dsa-quick,dsa,fixed,deepgemm_fp8_paged_mqa,78b69000794d0937b47ae3387eff7663410264d1,fp8_e4m3_kv_fp8_q,1,32768,128,64,2048,0,65,,select,eager,cuda_event_per_iter,74.08,ok,,32768,64,,1,20,deepgemm_fp8_paged_mqa|fixed|B1|N32768
dsa-quick,dsa,fixed,deepgemm_fp8_paged_mqa,78b69000794d0937b47ae3387eff7663410264d1,fp8_e4m3_kv_fp8_q,1,32768,128,64,2048,0,66,,select,eager,cuda_event_per_iter,74.624,ok,,32768,64,,1,20,deepgemm_fp8_paged_mqa|fixed|B1|N32768
dsa-quick,dsa,fixed,deepgemm_fp8_paged_mqa,78b69000794d0937b47ae3387eff7663410264d1,fp8_e4m3_kv_fp8_q,1,32768,128,64,2048,0,67,,select,eager,cuda_event_per_iter,74.688,ok,,32768,64,,1,20,deepgemm_fp8_paged_mqa|fixed|B1|N32768
dsa-quick,dsa,fixed,deepgemm_fp8_paged_mqa,78b69000794d0937b47ae3387eff7663410264d1,fp8_e4m3_kv_fp8_q,1,32768,128,64,2048,0,68,,select,eager,cuda_event_per_iter,73.92,ok,,32768,64,,1,20,deepgemm_fp8_paged_mqa|fixed|B1|N32768
dsa-quick,dsa,fixed,deepgemm_fp8_paged_mqa,78b69000794d0937b47ae3387eff7663410264d1,fp8_e4m3_kv_fp8_q,1,32768,128,64,2048,0,69,,select,eager,cuda_event_per_iter,74.976,ok,,32768,64,,1,20,deepgemm_fp8_paged_mqa|fixed|B1|N32768
dsa-quick,dsa,fixed,deepgemm_fp8_paged_mqa,78b69000794d0937b47ae3387eff7663410264d1,fp8_e4m3_kv_fp8_q,1,32768,128,64,2048,0,70,,select,eager,cuda_event_per_iter,74.24,ok,,32768,64,,1,20,deepgemm_fp8_paged_mqa|fixed|B1|N32768
dsa-quick,dsa,fixed,deepgemm_fp8_paged_mqa,78b69000794d0937b47ae3387eff7663410264d1,fp8_e4m3_kv_fp8_q,1,32768,128,64,2048,0,71,,select,eager,cuda_event_per_iter,73.504,ok,,32768,64,,1,20,deepgemm_fp8_paged_mqa|fixed|B1|N32768
dsa-quick,dsa,fixed,deepgemm_fp8_paged_mqa,78b69000794d0937b47ae3387eff7663410264d1,fp8_e4m3_kv_fp8_q,1,32768,128,64,2048,0,72,,select,eager,cuda_event_per_iter,73.632,ok,,32768,64,,1,20,deepgemm_fp8_paged_mqa|fixed|B1|N32768
dsa-quick,dsa,fixed,deepgemm_fp8_paged_mqa,78b69000794d0937b47ae3387eff7663410264d1,fp8_e4m3_kv_fp8_q,1,32768,128,64,2048,0,73,,select,eager,cuda_event_per_iter,73.632,ok,,32768,64,,1,20,deepgemm_fp8_paged_mqa|fixed|B1|N32768
dsa-quick,dsa,fixed,deepgemm_fp8_paged_mqa,78b69000794d0937b47ae3387eff7663410264d1,fp8_e4m3_kv_fp8_q,1,32768,128,64,2048,0,74,,select,eager,cuda_event_per_iter,74.432,ok,,32768,64,,1,20,deepgemm_fp8_paged_mqa|fixed|B1|N32768
dsa-quick,dsa,fixed,deepgemm_fp8_paged_mqa,78b69000794d0937b47ae3387eff7663410264d1,fp8_e4m3_kv_fp8_q,1,32768,128,64,2048,0,75,,select,eager,cuda_event_per_iter,74.432,ok,,32768,64,,1,20,deepgemm_fp8_paged_mqa|fixed|B1|N32768
dsa-quick,dsa,fixed,deepgemm_fp8_paged_mqa,78b69000794d0937b47ae3387eff7663410264d1,fp8_e4m3_kv_fp8_q,1,32768,128,64,2048,0,76,,select,eager,cuda_event_per_iter,74.208,ok,,32768,64,,1,20,deepgemm_fp8_paged_mqa|fixed|B1|N32768
dsa-quick,dsa,fixed,deepgemm_fp8_paged_mqa,78b69000794d0937b47ae3387eff7663410264d1,fp8_e4m3_kv_fp8_q,1,32768,128,64,2048,0,77,,select,eager,cuda_event_per_iter,74.848,ok,,32768,64,,1,20,deepgemm_fp8_paged_mqa|fixed|B1|N32768
dsa-quick,dsa,fixed,deepgemm_fp8_paged_mqa,78b69000794d0937b47ae3387eff7663410264d1,fp8_e4m3_kv_fp8_q,1,32768,128,64,2048,0,78,,select,eager,cuda_event_per_iter,75.168,ok,,32768,64,,1,20,deepgemm_fp8_paged_mqa|fixed|B1|N32768
dsa-quick,dsa,fixed,deepgemm_fp8_paged_mqa,78b69000794d0937b47ae3387eff7663410264d1,fp8_e4m3_kv_fp8_q,1,32768,128,64,2048,0,79,,select,eager,cuda_event_per_iter,74.72,ok,,32768,64,,1,20,deepgemm_fp8_paged_mqa|fixed|B1|N32768
dsa-quick,dsa,fixed,deepgemm_fp8_paged_mqa,78b69000794d0937b47ae3387eff7663410264d1,fp8_e4m3_kv_fp8_q,1,32768,128,64,2048,0,80,,select,eager,cuda_event_per_iter,74.912,ok,,32768,64,,1,20,deepgemm_fp8_paged_mqa|fixed|B1|N32768
dsa-quick,dsa,fixed,deepgemm_fp8_paged_mqa,78b69000794d0937b47ae3387eff7663410264d1,fp8_e4m3_kv_fp8_q,1,32768,128,64,2048,0,81,,select,eager,cuda_event_per_iter,74.08,ok,,32768,64,,1,20,deepgemm_fp8_paged_mqa|fixed|B1|N32768
dsa-quick,dsa,fixed,deepgemm_fp8_paged_mqa,78b69000794d0937b47ae3387eff7663410264d1,fp8_e4m3_kv_fp8_q,1,32768,128,64,2048,0,82,,select,eager,cuda_event_per_iter,74.88,ok,,32768,64,,1,20,deepgemm_fp8_paged_mqa|fixed|B1|N32768
dsa-quick,dsa,fixed,deepgemm_fp8_paged_mqa,78b69000794d0937b47ae3387eff7663410264d1,fp8_e4m3_kv_fp8_q,1,32768,128,64,2048,0,83,,select,eager,cuda_event_per_iter,74.464,ok,,32768,64,,1,20,deepgemm_fp8_paged_mqa|fixed|B1|N32768
dsa-quick,dsa,fixed,deepgemm_fp8_paged_mqa,78b69000794d0937b47ae3387eff7663410264d1,fp8_e4m3_kv_fp8_q,1,32768,128,64,2048,0,84,,select,eager,cuda_event_per_iter,80.352,ok,,32768,64,,1,20,deepgemm_fp8_paged_mqa|fixed|B1|N32768
dsa-quick,dsa,fixed,deepgemm_fp8_paged_mqa,78b69000794d0937b47ae3387eff7663410264d1,fp8_e4m3_kv_fp8_q,1,32768,128,64,2048,0,85,,select,eager,cuda_event_per_iter,74.4,ok,,32768,64,,1,20,deepgemm_fp8_paged_mqa|fixed|B1|N32768
dsa-quick,dsa,fixed,deepgemm_fp8_paged_mqa,78b69000794d0937b47ae3387eff7663410264d1,fp8_e4m3_kv_fp8_q,1,32768,128,64,2048,0,86,,select,eager,cuda_event_per_iter,75.52,ok,,32768,64,,1,20,deepgemm_fp8_paged_mqa|fixed|B1|N32768
dsa-quick,dsa,fixed,deepgemm_fp8_paged_mqa,78b69000794d0937b47ae3387eff7663410264d1,fp8_e4m3_kv_fp8_q,1,32768,128,64,2048,0,87,,select,eager,cuda_event_per_iter,74.048,ok,,32768,64,,1,20,deepgemm_fp8_paged_mqa|fixed|B1|N32768
dsa-quick,dsa,fixed,deepgemm_fp8_paged_mqa,78b69000794d0937b47ae3387eff7663410264d1,fp8_e4m3_kv_fp8_q,1,32768,128,64,2048,0,88,,select,eager,cuda_event_per_iter,74.112,ok,,32768,64,,1,20,deepgemm_fp8_paged_mqa|fixed|B1|N32768
dsa-quick,dsa,fixed,deepgemm_fp8_paged_mqa,78b69000794d0937b47ae3387eff7663410264d1,fp8_e4m3_kv_fp8_q,1,32768,128,64,2048,0,89,,select,eager,cuda_event_per_iter,74.56,ok,,32768,64,,1,20,deepgemm_fp8_paged_mqa|fixed|B1|N32768
dsa-quick,dsa,fixed,deepgemm_fp8_paged_mqa,78b69000794d0937b47ae3387eff7663410264d1,fp8_e4m3_kv_fp8_q,1,32768,128,64,2048,0,90,,select,eager,cuda_event_per_iter,74.368,ok,,32768,64,,1,20,deepgemm_fp8_paged_mqa|fixed|B1|N32768
dsa-quick,dsa,fixed,deepgemm_fp8_paged_mqa,78b69000794d0937b47ae3387eff7663410264d1,fp8_e4m3_kv_fp8_q,1,32768,128,64,2048,0,91,,select,eager,cuda_event_per_iter,76.8,ok,,32768,64,,1,20,deepgemm_fp8_paged_mqa|fixed|B1|N32768
dsa-quick,dsa,fixed,deepgemm_fp8_paged_mqa,78b69000794d0937b47ae3387eff7663410264d1,fp8_e4m3_kv_fp8_q,1,32768,128,64,2048,0,92,,select,eager,cuda_event_per_iter,74.272,ok,,32768,64,,1,20,deepgemm_fp8_paged_mqa|fixed|B1|N32768
dsa-quick,dsa,fixed,deepgemm_fp8_paged_mqa,78b69000794d0937b47ae3387eff7663410264d1,fp8_e4m3_kv_fp8_q,1,32768,128,64,2048,0,93,,select,eager,cuda_event_per_iter,73.888,ok,,32768,64,,1,20,deepgemm_fp8_paged_mqa|fixed|B1|N32768
dsa-quick,dsa,fixed,deepgemm_fp8_paged_mqa,78b69000794d0937b47ae3387eff7663410264d1,fp8_e4m3_kv_fp8_q,1,32768,128,64,2048,0,94,,select,eager,cuda_event_per_iter,74.816,ok,,32768,64,,1,20,deepgemm_fp8_paged_mqa|fixed|B1|N32768
dsa-quick,dsa,fixed,deepgemm_fp8_paged_mqa,78b69000794d0937b47ae3387eff7663410264d1,fp8_e4m3_kv_fp8_q,1,32768,128,64,2048,0,95,,select,eager,cuda_event_per_iter,74.272,ok,,32768,64,,1,20,deepgemm_fp8_paged_mqa|fixed|B1|N32768
dsa-quick,dsa,fixed,deepgemm_fp8_paged_mqa,78b69000794d0937b47ae3387eff7663410264d1,fp8_e4m3_kv_fp8_q,1,32768,128,64,2048,0,96,,select,eager,cuda_event_per_iter,74.24,ok,,32768,64,,1,20,deepgemm_fp8_paged_mqa|fixed|B1|N32768
dsa-quick,dsa,fixed,deepgemm_fp8_paged_mqa,78b69000794d0937b47ae3387eff7663410264d1,fp8_e4m3_kv_fp8_q,1,32768,128,64,2048,0,97,,select,eager,cuda_event_per_iter,73.888,ok,,32768,64,,1,20,deepgemm_fp8_paged_mqa|fixed|B1|N32768
dsa-quick,dsa,fixed,deepgemm_fp8_paged_mqa,78b69000794d0937b47ae3387eff7663410264d1,fp8_e4m3_kv_fp8_q,1,32768,128,64,2048,0,98,,select,eager,cuda_event_per_iter,74.496,ok,,32768,64,,1,20,deepgemm_fp8_paged_mqa|fixed|B1|N32768
dsa-quick,dsa,fixed,deepgemm_fp8_paged_mqa,78b69000794d0937b47ae3387eff7663410264d1,fp8_e4m3_kv_fp8_q,1,32768,128,64,2048,0,99,,select,eager,cuda_event_per_iter,74.272,ok,,32768,64,,1,20,deepgemm_fp8_paged_mqa|fixed|B1|N32768
dsa-quick,dsa,fixed,deepgemm_fp8_paged_mqa,78b69000794d0937b47ae3387eff7663410264d1,fp8_e4m3_kv_fp8_q,1,32768,128,64,2048,0,0,,combined,eager,cuda_event_per_iter,95.936,ok,,32768,64,,1,20,deepgemm_fp8_paged_mqa|fixed|B1|N32768
dsa-quick,dsa,fixed,deepgemm_fp8_paged_mqa,78b69000794d0937b47ae3387eff7663410264d1,fp8_e4m3_kv_fp8_q,1,32768,128,64,2048,0,1,,combined,eager,cuda_event_per_iter,94.592,ok,,32768,64,,1,20,deepgemm_fp8_paged_mqa|fixed|B1|N32768
dsa-quick,dsa,fixed,deepgemm_fp8_paged_mqa,78b69000794d0937b47ae3387eff7663410264d1,fp8_e4m3_kv_fp8_q,1,32768,128,64,2048,0,2,,combined,eager,cuda_event_per_iter,94.4,ok,,32768,64,,1,20,deepgemm_fp8_paged_mqa|fixed|B1|N32768
dsa-quick,dsa,fixed,deepgemm_fp8_paged_mqa,78b69000794d0937b47ae3387eff7663410264d1,fp8_e4m3_kv_fp8_q,1,32768,128,64,2048,0,3,,combined,eager,cuda_event_per_iter,93.888,ok,,32768,64,,1,20,deepgemm_fp8_paged_mqa|fixed|B1|N32768
dsa-quick,dsa,fixed,deepgemm_fp8_paged_mqa,78b69000794d0937b47ae3387eff7663410264d1,fp8_e4m3_kv_fp8_q,1,32768,128,64,2048,0,4,,combined,eager,cuda_event_per_iter,92.256,ok,,32768,64,,1,20,deepgemm_fp8_paged_mqa|fixed|B1|N32768
dsa-quick,dsa,fixed,deepgemm_fp8_paged_mqa,78b69000794d0937b47ae3387eff7663410264d1,fp8_e4m3_kv_fp8_q,1,32768,128,64,2048,0,5,,combined,eager,cuda_event_per_iter,93.088,ok,,32768,64,,1,20,deepgemm_fp8_paged_mqa|fixed|B1|N32768
dsa-quick,dsa,fixed,deepgemm_fp8_paged_mqa,78b69000794d0937b47ae3387eff7663410264d1,fp8_e4m3_kv_fp8_q,1,32768,128,64,2048,0,6,,combined,eager,cuda_event_per_iter,93.344,ok,,32768,64,,1,20,deepgemm_fp8_paged_mqa|fixed|B1|N32768
dsa-quick,dsa,fixed,deepgemm_fp8_paged_mqa,78b69000794d0937b47ae3387eff7663410264d1,fp8_e4m3_kv_fp8_q,1,32768,128,64,2048,0,7,,combined,eager,cuda_event_per_iter,107.2,ok,,32768,64,,1,20,deepgemm_fp8_paged_mqa|fixed|B1|N32768
dsa-quick,dsa,fixed,deepgemm_fp8_paged_mqa,78b69000794d0937b47ae3387eff7663410264d1,fp8_e4m3_kv_fp8_q,1,32768,128,64,2048,0,8,,combined,eager,cuda_event_per_iter,92.96,ok,,32768,64,,1,20,deepgemm_fp8_paged_mqa|fixed|B1|N32768
dsa-quick,dsa,fixed,deepgemm_fp8_paged_mqa,78b69000794d0937b47ae3387eff7663410264d1,fp8_e4m3_kv_fp8_q,1,32768,128,64,2048,0,9,,combined,eager,cuda_event_per_iter,92.992,ok,,32768,64,,1,20,deepgemm_fp8_paged_mqa|fixed|B1|N32768
dsa-quick,dsa,fixed,deepgemm_fp8_paged_mqa,78b69000794d0937b47ae3387eff7663410264d1,fp8_e4m3_kv_fp8_q,1,32768,128,64,2048,0,10,,combined,eager,cuda_event_per_iter,92.32,ok,,32768,64,,1,20,deepgemm_fp8_paged_mqa|fixed|B1|N32768
dsa-quick,dsa,fixed,deepgemm_fp8_paged_mqa,78b69000794d0937b47ae3387eff7663410264d1,fp8_e4m3_kv_fp8_q,1,32768,128,64,2048,0,11,,combined,eager,cuda_event_per_iter,92.16,ok,,32768,64,,1,20,deepgemm_fp8_paged_mqa|fixed|B1|N32768
dsa-quick,dsa,fixed,deepgemm_fp8_paged_mqa,78b69000794d0937b47ae3387eff7663410264d1,fp8_e4m3_kv_fp8_q,1,32768,128,64,2048,0,12,,combined,eager,cuda_event_per_iter,94.016,ok,,32768,64,,1,20,deepgemm_fp8_paged_mqa|fixed|B1|N32768
dsa-quick,dsa,fixed,deepgemm_fp8_paged_mqa,78b69000794d0937b47ae3387eff7663410264d1,fp8_e4m3_kv_fp8_q,1,32768,128,64,2048,0,13,,combined,eager,cuda_event_per_iter,93.216,ok,,32768,64,,1,20,deepgemm_fp8_paged_mqa|fixed|B1|N32768
dsa-quick,dsa,fixed,deepgemm_fp8_paged_mqa,78b69000794d0937b47ae3387eff7663410264d1,fp8_e4m3_kv_fp8_q,1,32768,128,64,2048,0,14,,combined,eager,cuda_event_per_iter,92.704,ok,,32768,64,,1,20,deepgemm_fp8_paged_mqa|fixed|B1|N32768
dsa-quick,dsa,fixed,deepgemm_fp8_paged_mqa,78b69000794d0937b47ae3387eff7663410264d1,fp8_e4m3_kv_fp8_q,1,32768,128,64,2048,0,15,,combined,eager,cuda_event_per_iter,93.664,ok,,32768,64,,1,20,deepgemm_fp8_paged_mqa|fixed|B1|N32768
dsa-quick,dsa,fixed,deepgemm_fp8_paged_mqa,78b69000794d0937b47ae3387eff7663410264d1,fp8_e4m3_kv_fp8_q,1,32768,128,64,2048,0,16,,combined,eager,cuda_event_per_iter,92.768,ok,,32768,64,,1,20,deepgemm_fp8_paged_mqa|fixed|B1|N32768
dsa-quick,dsa,fixed,deepgemm_fp8_paged_mqa,78b69000794d0937b47ae3387eff7663410264d1,fp8_e4m3_kv_fp8_q,1,32768,128,64,2048,0,17,,combined,eager,cuda_event_per_iter,92.352,ok,,32768,64,,1,20,deepgemm_fp8_paged_mqa|fixed|B1|N32768
dsa-quick,dsa,fixed,deepgemm_fp8_paged_mqa,78b69000794d0937b47ae3387eff7663410264d1,fp8_e4m3_kv_fp8_q,1,32768,128,64,2048,0,18,,combined,eager,cuda_event_per_iter,93.28,ok,,32768,64,,1,20,deepgemm_fp8_paged_mqa|fixed|B1|N32768
dsa-quick,dsa,fixed,deepgemm_fp8_paged_mqa,78b69000794d0937b47ae3387eff7663410264d1,fp8_e4m3_kv_fp8_q,1,32768,128,64,2048,0,19,,combined,eager,cuda_event_per_iter,93.312,ok,,32768,64,,1,20,deepgemm_fp8_paged_mqa|fixed|B1|N32768
dsa-quick,dsa,fixed,deepgemm_fp8_paged_mqa,78b69000794d0937b47ae3387eff7663410264d1,fp8_e4m3_kv_fp8_q,1,32768,128,64,2048,0,20,,combined,eager,cuda_event_per_iter,93.12,ok,,32768,64,,1,20,deepgemm_fp8_paged_mqa|fixed|B1|N32768
dsa-quick,dsa,fixed,deepgemm_fp8_paged_mqa,78b69000794d0937b47ae3387eff7663410264d1,fp8_e4m3_kv_fp8_q,1,32768,128,64,2048,0,21,,combined,eager,cuda_event_per_iter,93.056,ok,,32768,64,,1,20,deepgemm_fp8_paged_mqa|fixed|B1|N32768
dsa-quick,dsa,fixed,deepgemm_fp8_paged_mqa,78b69000794d0937b47ae3387eff7663410264d1,fp8_e4m3_kv_fp8_q,1,32768,128,64,2048,0,22,,combined,eager,cuda_event_per_iter,92.96,ok,,32768,64,,1,20,deepgemm_fp8_paged_mqa|fixed|B1|N32768
dsa-quick,dsa,fixed,deepgemm_fp8_paged_mqa,78b69000794d0937b47ae3387eff7663410264d1,fp8_e4m3_kv_fp8_q,1,32768,128,64,2048,0,23,,combined,eager,cuda_event_per_iter,92.352,ok,,32768,64,,1,20,deepgemm_fp8_paged_mqa|fixed|B1|N32768
dsa-quick,dsa,fixed,deepgemm_fp8_paged_mqa,78b69000794d0937b47ae3387eff7663410264d1,fp8_e4m3_kv_fp8_q,1,32768,128,64,2048,0,24,,combined,eager,cuda_event_per_iter,93.28,ok,,32768,64,,1,20,deepgemm_fp8_paged_mqa|fixed|B1|N32768
dsa-quick,dsa,fixed,deepgemm_fp8_paged_mqa,78b69000794d0937b47ae3387eff7663410264d1,fp8_e4m3_kv_fp8_q,1,32768,128,64,2048,0,25,,combined,eager,cuda_event_per_iter,93.12,ok,,32768,64,,1,20,deepgemm_fp8_paged_mqa|fixed|B1|N32768
dsa-quick,dsa,fixed,deepgemm_fp8_paged_mqa,78b69000794d0937b47ae3387eff7663410264d1,fp8_e4m3_kv_fp8_q,1,32768,128,64,2048,0,26,,combined,eager,cuda_event_per_iter,92.928,ok,,32768,64,,1,20,deepgemm_fp8_paged_mqa|fixed|B1|N32768
dsa-quick,dsa,fixed,deepgemm_fp8_paged_mqa,78b69000794d0937b47ae3387eff7663410264d1,fp8_e4m3_kv_fp8_q,1,32768,128,64,2048,0,27,,combined,eager,cuda_event_per_iter,92.704,ok,,32768,64,,1,20,deepgemm_fp8_paged_mqa|fixed|B1|N32768
dsa-quick,dsa,fixed,deepgemm_fp8_paged_mqa,78b69000794d0937b47ae3387eff7663410264d1,fp8_e4m3_kv_fp8_q,1,32768,128,64,2048,0,28,,combined,eager,cuda_event_per_iter,92.864,ok,,32768,64,,1,20,deepgemm_fp8_paged_mqa|fixed|B1|N32768
dsa-quick,dsa,fixed,deepgemm_fp8_paged_mqa,78b69000794d0937b47ae3387eff7663410264d1,fp8_e4m3_kv_fp8_q,1,32768,128,64,2048,0,29,,combined,eager,cuda_event_per_iter,92.64,ok,,32768,64,,1,20,deepgemm_fp8_paged_mqa|fixed|B1|N32768
dsa-quick,dsa,fixed,deepgemm_fp8_paged_mqa,78b69000794d0937b47ae3387eff7663410264d1,fp8_e4m3_kv_fp8_q,1,32768,128,64,2048,0,30,,combined,eager,cuda_event_per_iter,92.896,ok,,32768,64,,1,20,deepgemm_fp8_paged_mqa|fixed|B1|N32768
dsa-quick,dsa,fixed,deepgemm_fp8_paged_mqa,78b69000794d0937b47ae3387eff7663410264d1,fp8_e4m3_kv_fp8_q,1,32768,128,64,2048,0,31,,combined,eager,cuda_event_per_iter,92.896,ok,,32768,64,,1,20,deepgemm_fp8_paged_mqa|fixed|B1|N32768
dsa-quick,dsa,fixed,deepgemm_fp8_paged_mqa,78b69000794d0937b47ae3387eff7663410264d1,fp8_e4m3_kv_fp8_q,1,32768,128,64,2048,0,32,,combined,eager,cuda_event_per_iter,92.736,ok,,32768,64,,1,20,deepgemm_fp8_paged_mqa|fixed|B1|N32768
dsa-quick,dsa,fixed,deepgemm_fp8_paged_mqa,78b69000794d0937b47ae3387eff7663410264d1,fp8_e4m3_kv_fp8_q,1,32768,128,64,2048,0,33,,combined,eager,cuda_event_per_iter,100.192,ok,,32768,64,,1,20,deepgemm_fp8_paged_mqa|fixed|B1|N32768
dsa-quick,dsa,fixed,deepgemm_fp8_paged_mqa,78b69000794d0937b47ae3387eff7663410264d1,fp8_e4m3_kv_fp8_q,1,32768,128,64,2048,0,34,,combined,eager,cuda_event_per_iter,92.544,ok,,32768,64,,1,20,deepgemm_fp8_paged_mqa|fixed|B1|N32768
dsa-quick,dsa,fixed,deepgemm_fp8_paged_mqa,78b69000794d0937b47ae3387eff7663410264d1,fp8_e4m3_kv_fp8_q,1,32768,128,64,2048,0,35,,combined,eager,cuda_event_per_iter,94.272,ok,,32768,64,,1,20,deepgemm_fp8_paged_mqa|fixed|B1|N32768
dsa-quick,dsa,fixed,deepgemm_fp8_paged_mqa,78b69000794d0937b47ae3387eff7663410264d1,fp8_e4m3_kv_fp8_q,1,32768,128,64,2048,0,36,,combined,eager,cuda_event_per_iter,92.64,ok,,32768,64,,1,20,deepgemm_fp8_paged_mqa|fixed|B1|N32768
dsa-quick,dsa,fixed,deepgemm_fp8_paged_mqa,78b69000794d0937b47ae3387eff7663410264d1,fp8_e4m3_kv_fp8_q,1,32768,128,64,2048,0,37,,combined,eager,cuda_event_per_iter,92.288,ok,,32768,64,,1,20,deepgemm_fp8_paged_mqa|fixed|B1|N32768
dsa-quick,dsa,fixed,deepgemm_fp8_paged_mqa,78b69000794d0937b47ae3387eff7663410264d1,fp8_e4m3_kv_fp8_q,1,32768,128,64,2048,0,38,,combined,eager,cuda_event_per_iter,92.896,ok,,32768,64,,1,20,deepgemm_fp8_paged_mqa|fixed|B1|N32768
dsa-quick,dsa,fixed,deepgemm_fp8_paged_mqa,78b69000794d0937b47ae3387eff7663410264d1,fp8_e4m3_kv_fp8_q,1,32768,128,64,2048,0,39,,combined,eager,cuda_event_per_iter,93.088,ok,,32768,64,,1,20,deepgemm_fp8_paged_mqa|fixed|B1|N32768
dsa-quick,dsa,fixed,deepgemm_fp8_paged_mqa,78b69000794d0937b47ae3387eff7663410264d1,fp8_e4m3_kv_fp8_q,1,32768,128,64,2048,0,40,,combined,eager,cuda_event_per_iter,92.288,ok,,32768,64,,1,20,deepgemm_fp8_paged_mqa|fixed|B1|N32768
dsa-quick,dsa,fixed,deepgemm_fp8_paged_mqa,78b69000794d0937b47ae3387eff7663410264d1,fp8_e4m3_kv_fp8_q,1,32768,128,64,2048,0,41,,combined,eager,cuda_event_per_iter,92.256,ok,,32768,64,,1,20,deepgemm_fp8_paged_mqa|fixed|B1|N32768
dsa-quick,dsa,fixed,deepgemm_fp8_paged_mqa,78b69000794d0937b47ae3387eff7663410264d1,fp8_e4m3_kv_fp8_q,1,32768,128,64,2048,0,42,,combined,eager,cuda_event_per_iter,92.576,ok,,32768,64,,1,20,deepgemm_fp8_paged_mqa|fixed|B1|N32768
dsa-quick,dsa,fixed,deepgemm_fp8_paged_mqa,78b69000794d0937b47ae3387eff7663410264d1,fp8_e4m3_kv_fp8_q,1,32768,128,64,2048,0,43,,combined,eager,cuda_event_per_iter,93.056,ok,,32768,64,,1,20,deepgemm_fp8_paged_mqa|fixed|B1|N32768
dsa-quick,dsa,fixed,deepgemm_fp8_paged_mqa,78b69000794d0937b47ae3387eff7663410264d1,fp8_e4m3_kv_fp8_q,1,32768,128,64,2048,0,44,,combined,eager,cuda_event_per_iter,92.224,ok,,32768,64,,1,20,deepgemm_fp8_paged_mqa|fixed|B1|N32768
dsa-quick,dsa,fixed,deepgemm_fp8_paged_mqa,78b69000794d0937b47ae3387eff7663410264d1,fp8_e4m3_kv_fp8_q,1,32768,128,64,2048,0,45,,combined,eager,cuda_event_per_iter,92.32,ok,,32768,64,,1,20,deepgemm_fp8_paged_mqa|fixed|B1|N32768
dsa-quick,dsa,fixed,deepgemm_fp8_paged_mqa,78b69000794d0937b47ae3387eff7663410264d1,fp8_e4m3_kv_fp8_q,1,32768,128,64,2048,0,46,,combined,eager,cuda_event_per_iter,95.648,ok,,32768,64,,1,20,deepgemm_fp8_paged_mqa|fixed|B1|N32768
dsa-quick,dsa,fixed,deepgemm_fp8_paged_mqa,78b69000794d0937b47ae3387eff7663410264d1,fp8_e4m3_kv_fp8_q,1,32768,128,64,2048,0,47,,combined,eager,cuda_event_per_iter,95.904,ok,,32768,64,,1,20,deepgemm_fp8_paged_mqa|fixed|B1|N32768
dsa-quick,dsa,fixed,deepgemm_fp8_paged_mqa,78b69000794d0937b47ae3387eff7663410264d1,fp8_e4m3_kv_fp8_q,1,32768,128,64,2048,0,48,,combined,eager,cuda_event_per_iter,94.976,ok,,32768,64,,1,20,deepgemm_fp8_paged_mqa|fixed|B1|N32768
dsa-quick,dsa,fixed,deepgemm_fp8_paged_mqa,78b69000794d0937b47ae3387eff7663410264d1,fp8_e4m3_kv_fp8_q,1,32768,128,64,2048,0,49,,combined,eager,cuda_event_per_iter,94.976,ok,,32768,64,,1,20,deepgemm_fp8_paged_mqa|fixed|B1|N32768
dsa-quick,dsa,fixed,deepgemm_fp8_paged_mqa,78b69000794d0937b47ae3387eff7663410264d1,fp8_e4m3_kv_fp8_q,1,32768,128,64,2048,0,50,,combined,eager,cuda_event_per_iter,95.232,ok,,32768,64,,1,20,deepgemm_fp8_paged_mqa|fixed|B1|N32768
dsa-quick,dsa,fixed,deepgemm_fp8_paged_mqa,78b69000794d0937b47ae3387eff7663410264d1,fp8_e4m3_kv_fp8_q,1,32768,128,64,2048,0,51,,combined,eager,cuda_event_per_iter,95.52,ok,,32768,64,,1,20,deepgemm_fp8_paged_mqa|fixed|B1|N32768
dsa-quick,dsa,fixed,deepgemm_fp8_paged_mqa,78b69000794d0937b47ae3387eff7663410264d1,fp8_e4m3_kv_fp8_q,1,32768,128,64,2048,0,52,,combined,eager,cuda_event_per_iter,95.648,ok,,32768,64,,1,20,deepgemm_fp8_paged_mqa|fixed|B1|N32768
dsa-quick,dsa,fixed,deepgemm_fp8_paged_mqa,78b69000794d0937b47ae3387eff7663410264d1,fp8_e4m3_kv_fp8_q,1,32768,128,64,2048,0,53,,combined,eager,cuda_event_per_iter,96.192,ok,,32768,64,,1,20,deepgemm_fp8_paged_mqa|fixed|B1|N32768
dsa-quick,dsa,fixed,deepgemm_fp8_paged_mqa,78b69000794d0937b47ae3387eff7663410264d1,fp8_e4m3_kv_fp8_q,1,32768,128,64,2048,0,54,,combined,eager,cuda_event_per_iter,92.608,ok,,32768,64,,1,20,deepgemm_fp8_paged_mqa|fixed|B1|N32768
dsa-quick,dsa,fixed,deepgemm_fp8_paged_mqa,78b69000794d0937b47ae3387eff7663410264d1,fp8_e4m3_kv_fp8_q,1,32768,128,64,2048,0,55,,combined,eager,cuda_event_per_iter,92.512,ok,,32768,64,,1,20,deepgemm_fp8_paged_mqa|fixed|B1|N32768
dsa-quick,dsa,fixed,deepgemm_fp8_paged_mqa,78b69000794d0937b47ae3387eff7663410264d1,fp8_e4m3_kv_fp8_q,1,32768,128,64,2048,0,56,,combined,eager,cuda_event_per_iter,92.448,ok,,32768,64,,1,20,deepgemm_fp8_paged_mqa|fixed|B1|N32768
dsa-quick,dsa,fixed,deepgemm_fp8_paged_mqa,78b69000794d0937b47ae3387eff7663410264d1,fp8_e4m3_kv_fp8_q,1,32768,128,64,2048,0,57,,combined,eager,cuda_event_per_iter,93.664,ok,,32768,64,,1,20,deepgemm_fp8_paged_mqa|fixed|B1|N32768
dsa-quick,dsa,fixed,deepgemm_fp8_paged_mqa,78b69000794d0937b47ae3387eff7663410264d1,fp8_e4m3_kv_fp8_q,1,32768,128,64,2048,0,58,,combined,eager,cuda_event_per_iter,92.224,ok,,32768,64,,1,20,deepgemm_fp8_paged_mqa|fixed|B1|N32768
dsa-quick,dsa,fixed,deepgemm_fp8_paged_mqa,78b69000794d0937b47ae3387eff7663410264d1,fp8_e4m3_kv_fp8_q,1,32768,128,64,2048,0,59,,combined,eager,cuda_event_per_iter,104,ok,,32768,64,,1,20,deepgemm_fp8_paged_mqa|fixed|B1|N32768
dsa-quick,dsa,fixed,deepgemm_fp8_paged_mqa,78b69000794d0937b47ae3387eff7663410264d1,fp8_e4m3_kv_fp8_q,1,32768,128,64,2048,0,60,,combined,eager,cuda_event_per_iter,92.512,ok,,32768,64,,1,20,deepgemm_fp8_paged_mqa|fixed|B1|N32768
dsa-quick,dsa,fixed,deepgemm_fp8_paged_mqa,78b69000794d0937b47ae3387eff7663410264d1,fp8_e4m3_kv_fp8_q,1,32768,128,64,2048,0,61,,combined,eager,cuda_event_per_iter,93.28,ok,,32768,64,,1,20,deepgemm_fp8_paged_mqa|fixed|B1|N32768
dsa-quick,dsa,fixed,deepgemm_fp8_paged_mqa,78b69000794d0937b47ae3387eff7663410264d1,fp8_e4m3_kv_fp8_q,1,32768,128,64,2048,0,62,,combined,eager,cuda_event_per_iter,94.272,ok,,32768,64,,1,20,deepgemm_fp8_paged_mqa|fixed|B1|N32768
dsa-quick,dsa,fixed,deepgemm_fp8_paged_mqa,78b69000794d0937b47ae3387eff7663410264d1,fp8_e4m3_kv_fp8_q,1,32768,128,64,2048,0,63,,combined,eager,cuda_event_per_iter,92.992,ok,,32768,64,,1,20,deepgemm_fp8_paged_mqa|fixed|B1|N32768
dsa-quick,dsa,fixed,deepgemm_fp8_paged_mqa,78b69000794d0937b47ae3387eff7663410264d1,fp8_e4m3_kv_fp8_q,1,32768,128,64,2048,0,64,,combined,eager,cuda_event_per_iter,93.12,ok,,32768,64,,1,20,deepgemm_fp8_paged_mqa|fixed|B1|N32768
dsa-quick,dsa,fixed,deepgemm_fp8_paged_mqa,78b69000794d0937b47ae3387eff7663410264d1,fp8_e4m3_kv_fp8_q,1,32768,128,64,2048,0,65,,combined,eager,cuda_event_per_iter,92.928,ok,,32768,64,,1,20,deepgemm_fp8_paged_mqa|fixed|B1|N32768
dsa-quick,dsa,fixed,deepgemm_fp8_paged_mqa,78b69000794d0937b47ae3387eff7663410264d1,fp8_e4m3_kv_fp8_q,1,32768,128,64,2048,0,66,,combined,eager,cuda_event_per_iter,92.416,ok,,32768,64,,1,20,deepgemm_fp8_paged_mqa|fixed|B1|N32768
dsa-quick,dsa,fixed,deepgemm_fp8_paged_mqa,78b69000794d0937b47ae3387eff7663410264d1,fp8_e4m3_kv_fp8_q,1,32768,128,64,2048,0,67,,combined,eager,cuda_event_per_iter,93.472,ok,,32768,64,,1,20,deepgemm_fp8_paged_mqa|fixed|B1|N32768
dsa-quick,dsa,fixed,deepgemm_fp8_paged_mqa,78b69000794d0937b47ae3387eff7663410264d1,fp8_e4m3_kv_fp8_q,1,32768,128,64,2048,0,68,,combined,eager,cuda_event_per_iter,92.832,ok,,32768,64,,1,20,deepgemm_fp8_paged_mqa|fixed|B1|N32768
dsa-quick,dsa,fixed,deepgemm_fp8_paged_mqa,78b69000794d0937b47ae3387eff7663410264d1,fp8_e4m3_kv_fp8_q,1,32768,128,64,2048,0,69,,combined,eager,cuda_event_per_iter,92.416,ok,,32768,64,,1,20,deepgemm_fp8_paged_mqa|fixed|B1|N32768
dsa-quick,dsa,fixed,deepgemm_fp8_paged_mqa,78b69000794d0937b47ae3387eff7663410264d1,fp8_e4m3_kv_fp8_q,1,32768,128,64,2048,0,70,,combined,eager,cuda_event_per_iter,92.8,ok,,32768,64,,1,20,deepgemm_fp8_paged_mqa|fixed|B1|N32768
dsa-quick,dsa,fixed,deepgemm_fp8_paged_mqa,78b69000794d0937b47ae3387eff7663410264d1,fp8_e4m3_kv_fp8_q,1,32768,128,64,2048,0,71,,combined,eager,cuda_event_per_iter,93.376,ok,,32768,64,,1,20,deepgemm_fp8_paged_mqa|fixed|B1|N32768
dsa-quick,dsa,fixed,deepgemm_fp8_paged_mqa,78b69000794d0937b47ae3387eff7663410264d1,fp8_e4m3_kv_fp8_q,1,32768,128,64,2048,0,72,,combined,eager,cuda_event_per_iter,92.48,ok,,32768,64,,1,20,deepgemm_fp8_paged_mqa|fixed|B1|N32768
dsa-quick,dsa,fixed,deepgemm_fp8_paged_mqa,78b69000794d0937b47ae3387eff7663410264d1,fp8_e4m3_kv_fp8_q,1,32768,128,64,2048,0,73,,combined,eager,cuda_event_per_iter,93.568,ok,,32768,64,,1,20,deepgemm_fp8_paged_mqa|fixed|B1|N32768
dsa-quick,dsa,fixed,deepgemm_fp8_paged_mqa,78b69000794d0937b47ae3387eff7663410264d1,fp8_e4m3_kv_fp8_q,1,32768,128,64,2048,0,74,,combined,eager,cuda_event_per_iter,92.96,ok,,32768,64,,1,20,deepgemm_fp8_paged_mqa|fixed|B1|N32768
dsa-quick,dsa,fixed,deepgemm_fp8_paged_mqa,78b69000794d0937b47ae3387eff7663410264d1,fp8_e4m3_kv_fp8_q,1,32768,128,64,2048,0,75,,combined,eager,cuda_event_per_iter,93.088,ok,,32768,64,,1,20,deepgemm_fp8_paged_mqa|fixed|B1|N32768
dsa-quick,dsa,fixed,deepgemm_fp8_paged_mqa,78b69000794d0937b47ae3387eff7663410264d1,fp8_e4m3_kv_fp8_q,1,32768,128,64,2048,0,76,,combined,eager,cuda_event_per_iter,93.216,ok,,32768,64,,1,20,deepgemm_fp8_paged_mqa|fixed|B1|N32768
dsa-quick,dsa,fixed,deepgemm_fp8_paged_mqa,78b69000794d0937b47ae3387eff7663410264d1,fp8_e4m3_kv_fp8_q,1,32768,128,64,2048,0,77,,combined,eager,cuda_event_per_iter,91.904,ok,,32768,64,,1,20,deepgemm_fp8_paged_mqa|fixed|B1|N32768
dsa-quick,dsa,fixed,deepgemm_fp8_paged_mqa,78b69000794d0937b47ae3387eff7663410264d1,fp8_e4m3_kv_fp8_q,1,32768,128,64,2048,0,78,,combined,eager,cuda_event_per_iter,92.448,ok,,32768,64,,1,20,deepgemm_fp8_paged_mqa|fixed|B1|N32768
dsa-quick,dsa,fixed,deepgemm_fp8_paged_mqa,78b69000794d0937b47ae3387eff7663410264d1,fp8_e4m3_kv_fp8_q,1,32768,128,64,2048,0,79,,combined,eager,cuda_event_per_iter,92.448,ok,,32768,64,,1,20,deepgemm_fp8_paged_mqa|fixed|B1|N32768
dsa-quick,dsa,fixed,deepgemm_fp8_paged_mqa,78b69000794d0937b47ae3387eff7663410264d1,fp8_e4m3_kv_fp8_q,1,32768,128,64,2048,0,80,,combined,eager,cuda_event_per_iter,92.192,ok,,32768,64,,1,20,deepgemm_fp8_paged_mqa|fixed|B1|N32768
dsa-quick,dsa,fixed,deepgemm_fp8_paged_mqa,78b69000794d0937b47ae3387eff7663410264d1,fp8_e4m3_kv_fp8_q,1,32768,128,64,2048,0,81,,combined,eager,cuda_event_per_iter,92.544,ok,,32768,64,,1,20,deepgemm_fp8_paged_mqa|fixed|B1|N32768
dsa-quick,dsa,fixed,deepgemm_fp8_paged_mqa,78b69000794d0937b47ae3387eff7663410264d1,fp8_e4m3_kv_fp8_q,1,32768,128,64,2048,0,82,,combined,eager,cuda_event_per_iter,93.376,ok,,32768,64,,1,20,deepgemm_fp8_paged_mqa|fixed|B1|N32768
dsa-quick,dsa,fixed,deepgemm_fp8_paged_mqa,78b69000794d0937b47ae3387eff7663410264d1,fp8_e4m3_kv_fp8_q,1,32768,128,64,2048,0,83,,combined,eager,cuda_event_per_iter,92.992,ok,,32768,64,,1,20,deepgemm_fp8_paged_mqa|fixed|B1|N32768
dsa-quick,dsa,fixed,deepgemm_fp8_paged_mqa,78b69000794d0937b47ae3387eff7663410264d1,fp8_e4m3_kv_fp8_q,1,32768,128,64,2048,0,84,,combined,eager,cuda_event_per_iter,92.704,ok,,32768,64,,1,20,deepgemm_fp8_paged_mqa|fixed|B1|N32768
dsa-quick,dsa,fixed,deepgemm_fp8_paged_mqa,78b69000794d0937b47ae3387eff7663410264d1,fp8_e4m3_kv_fp8_q,1,32768,128,64,2048,0,85,,combined,eager,cuda_event_per_iter,92.32,ok,,32768,64,,1,20,deepgemm_fp8_paged_mqa|fixed|B1|N32768
dsa-quick,dsa,fixed,deepgemm_fp8_paged_mqa,78b69000794d0937b47ae3387eff7663410264d1,fp8_e4m3_kv_fp8_q,1,32768,128,64,2048,0,86,,combined,eager,cuda_event_per_iter,93.056,ok,,32768,64,,1,20,deepgemm_fp8_paged_mqa|fixed|B1|N32768
dsa-quick,dsa,fixed,deepgemm_fp8_paged_mqa,78b69000794d0937b47ae3387eff7663410264d1,fp8_e4m3_kv_fp8_q,1,32768,128,64,2048,0,87,,combined,eager,cuda_event_per_iter,92.48,ok,,32768,64,,1,20,deepgemm_fp8_paged_mqa|fixed|B1|N32768
dsa-quick,dsa,fixed,deepgemm_fp8_paged_mqa,78b69000794d0937b47ae3387eff7663410264d1,fp8_e4m3_kv_fp8_q,1,32768,128,64,2048,0,88,,combined,eager,cuda_event_per_iter,93.472,ok,,32768,64,,1,20,deepgemm_fp8_paged_mqa|fixed|B1|N32768
dsa-quick,dsa,fixed,deepgemm_fp8_paged_mqa,78b69000794d0937b47ae3387eff7663410264d1,fp8_e4m3_kv_fp8_q,1,32768,128,64,2048,0,89,,combined,eager,cuda_event_per_iter,92.512,ok,,32768,64,,1,20,deepgemm_fp8_paged_mqa|fixed|B1|N32768
dsa-quick,dsa,fixed,deepgemm_fp8_paged_mqa,78b69000794d0937b47ae3387eff7663410264d1,fp8_e4m3_kv_fp8_q,1,32768,128,64,2048,0,90,,combined,eager,cuda_event_per_iter,92.64,ok,,32768,64,,1,20,deepgemm_fp8_paged_mqa|fixed|B1|N32768
dsa-quick,dsa,fixed,deepgemm_fp8_paged_mqa,78b69000794d0937b47ae3387eff7663410264d1,fp8_e4m3_kv_fp8_q,1,32768,128,64,2048,0,91,,combined,eager,cuda_event_per_iter,93.92,ok,,32768,64,,1,20,deepgemm_fp8_paged_mqa|fixed|B1|N32768
dsa-quick,dsa,fixed,deepgemm_fp8_paged_mqa,78b69000794d0937b47ae3387eff7663410264d1,fp8_e4m3_kv_fp8_q,1,32768,128,64,2048,0,92,,combined,eager,cuda_event_per_iter,92.512,ok,,32768,64,,1,20,deepgemm_fp8_paged_mqa|fixed|B1|N32768
dsa-quick,dsa,fixed,deepgemm_fp8_paged_mqa,78b69000794d0937b47ae3387eff7663410264d1,fp8_e4m3_kv_fp8_q,1,32768,128,64,2048,0,93,,combined,eager,cuda_event_per_iter,92.448,ok,,32768,64,,1,20,deepgemm_fp8_paged_mqa|fixed|B1|N32768
dsa-quick,dsa,fixed,deepgemm_fp8_paged_mqa,78b69000794d0937b47ae3387eff7663410264d1,fp8_e4m3_kv_fp8_q,1,32768,128,64,2048,0,94,,combined,eager,cuda_event_per_iter,92.672,ok,,32768,64,,1,20,deepgemm_fp8_paged_mqa|fixed|B1|N32768
dsa-quick,dsa,fixed,deepgemm_fp8_paged_mqa,78b69000794d0937b47ae3387eff7663410264d1,fp8_e4m3_kv_fp8_q,1,32768,128,64,2048,0,95,,combined,eager,cuda_event_per_iter,92.992,ok,,32768,64,,1,20,deepgemm_fp8_paged_mqa|fixed|B1|N32768
dsa-quick,dsa,fixed,deepgemm_fp8_paged_mqa,78b69000794d0937b47ae3387eff7663410264d1,fp8_e4m3_kv_fp8_q,1,32768,128,64,2048,0,96,,combined,eager,cuda_event_per_iter,92.32,ok,,32768,64,,1,20,deepgemm_fp8_paged_mqa|fixed|B1|N32768
dsa-quick,dsa,fixed,deepgemm_fp8_paged_mqa,78b69000794d0937b47ae3387eff7663410264d1,fp8_e4m3_kv_fp8_q,1,32768,128,64,2048,0,97,,combined,eager,cuda_event_per_iter,92.96,ok,,32768,64,,1,20,deepgemm_fp8_paged_mqa|fixed|B1|N32768
dsa-quick,dsa,fixed,deepgemm_fp8_paged_mqa,78b69000794d0937b47ae3387eff7663410264d1,fp8_e4m3_kv_fp8_q,1,32768,128,64,2048,0,98,,combined,eager,cuda_event_per_iter,92.8,ok,,32768,64,,1,20,deepgemm_fp8_paged_mqa|fixed|B1|N32768
dsa-quick,dsa,fixed,deepgemm_fp8_paged_mqa,78b69000794d0937b47ae3387eff7663410264d1,fp8_e4m3_kv_fp8_q,1,32768,128,64,2048,0,99,,combined,eager,cuda_event_per_iter,92.576,ok,,32768,64,,1,20,deepgemm_fp8_paged_mqa|fixed|B1|N32768
dsa-quick,dsa,fixed,deepgemm_fp8_paged_mqa,78b69000794d0937b47ae3387eff7663410264d1,fp8_e4m3_kv_fp8_q,1,32768,128,64,2048,0,0,,score,cudagraph,cuda_event_grouped_6,8.66667,ok,,32768,64,,6,20,deepgemm_fp8_paged_mqa|fixed|B1|N32768
dsa-quick,dsa,fixed,deepgemm_fp8_paged_mqa,78b69000794d0937b47ae3387eff7663410264d1,fp8_e4m3_kv_fp8_q,1,32768,128,64,2048,0,1,,score,cudagraph,cuda_event_grouped_6,8.592,ok,,32768,64,,6,20,deepgemm_fp8_paged_mqa|fixed|B1|N32768
dsa-quick,dsa,fixed,deepgemm_fp8_paged_mqa,78b69000794d0937b47ae3387eff7663410264d1,fp8_e4m3_kv_fp8_q,1,32768,128,64,2048,0,2,,score,cudagraph,cuda_event_grouped_6,8.59733,ok,,32768,64,,6,20,deepgemm_fp8_paged_mqa|fixed|B1|N32768
dsa-quick,dsa,fixed,deepgemm_fp8_paged_mqa,78b69000794d0937b47ae3387eff7663410264d1,fp8_e4m3_kv_fp8_q,1,32768,128,64,2048,0,3,,score,cudagraph,cuda_event_grouped_6,8.52267,ok,,32768,64,,6,20,deepgemm_fp8_paged_mqa|fixed|B1|N32768
dsa-quick,dsa,fixed,deepgemm_fp8_paged_mqa,78b69000794d0937b47ae3387eff7663410264d1,fp8_e4m3_kv_fp8_q,1,32768,128,64,2048,0,4,,score,cudagraph,cuda_event_grouped_6,8.58667,ok,,32768,64,,6,20,deepgemm_fp8_paged_mqa|fixed|B1|N32768
dsa-quick,dsa,fixed,deepgemm_fp8_paged_mqa,78b69000794d0937b47ae3387eff7663410264d1,fp8_e4m3_kv_fp8_q,1,32768,128,64,2048,0,5,,score,cudagraph,cuda_event_grouped_6,8.592,ok,,32768,64,,6,20,deepgemm_fp8_paged_mqa|fixed|B1|N32768
dsa-quick,dsa,fixed,deepgemm_fp8_paged_mqa,78b69000794d0937b47ae3387eff7663410264d1,fp8_e4m3_kv_fp8_q,1,32768,128,64,2048,0,6,,score,cudagraph,cuda_event_grouped_6,8.56533,ok,,32768,64,,6,20,deepgemm_fp8_paged_mqa|fixed|B1|N32768
dsa-quick,dsa,fixed,deepgemm_fp8_paged_mqa,78b69000794d0937b47ae3387eff7663410264d1,fp8_e4m3_kv_fp8_q,1,32768,128,64,2048,0,7,,score,cudagraph,cuda_event_grouped_6,8.56533,ok,,32768,64,,6,20,deepgemm_fp8_paged_mqa|fixed|B1|N32768
dsa-quick,dsa,fixed,deepgemm_fp8_paged_mqa,78b69000794d0937b47ae3387eff7663410264d1,fp8_e4m3_kv_fp8_q,1,32768,128,64,2048,0,8,,score,cudagraph,cuda_event_grouped_6,8.54933,ok,,32768,64,,6,20,deepgemm_fp8_paged_mqa|fixed|B1|N32768
dsa-quick,dsa,fixed,deepgemm_fp8_paged_mqa,78b69000794d0937b47ae3387eff7663410264d1,fp8_e4m3_kv_fp8_q,1,32768,128,64,2048,0,9,,score,cudagraph,cuda_event_grouped_6,8.64533,ok,,32768,64,,6,20,deepgemm_fp8_paged_mqa|fixed|B1|N32768
dsa-quick,dsa,fixed,deepgemm_fp8_paged_mqa,78b69000794d0937b47ae3387eff7663410264d1,fp8_e4m3_kv_fp8_q,1,32768,128,64,2048,0,10,,score,cudagraph,cuda_event_grouped_6,8.54933,ok,,32768,64,,6,20,deepgemm_fp8_paged_mqa|fixed|B1|N32768
dsa-quick,dsa,fixed,deepgemm_fp8_paged_mqa,78b69000794d0937b47ae3387eff7663410264d1,fp8_e4m3_kv_fp8_q,1,32768,128,64,2048,0,11,,score,cudagraph,cuda_event_grouped_6,8.624,ok,,32768,64,,6,20,deepgemm_fp8_paged_mqa|fixed|B1|N32768
dsa-quick,dsa,fixed,deepgemm_fp8_paged_mqa,78b69000794d0937b47ae3387eff7663410264d1,fp8_e4m3_kv_fp8_q,1,32768,128,64,2048,0,12,,score,cudagraph,cuda_event_grouped_6,8.56,ok,,32768,64,,6,20,deepgemm_fp8_paged_mqa|fixed|B1|N32768
dsa-quick,dsa,fixed,deepgemm_fp8_paged_mqa,78b69000794d0937b47ae3387eff7663410264d1,fp8_e4m3_kv_fp8_q,1,32768,128,64,2048,0,13,,score,cudagraph,cuda_event_grouped_6,8.56533,ok,,32768,64,,6,20,deepgemm_fp8_paged_mqa|fixed|B1|N32768
dsa-quick,dsa,fixed,deepgemm_fp8_paged_mqa,78b69000794d0937b47ae3387eff7663410264d1,fp8_e4m3_kv_fp8_q,1,32768,128,64,2048,0,14,,score,cudagraph,cuda_event_grouped_6,8.55467,ok,,32768,64,,6,20,deepgemm_fp8_paged_mqa|fixed|B1|N32768
dsa-quick,dsa,fixed,deepgemm_fp8_paged_mqa,78b69000794d0937b47ae3387eff7663410264d1,fp8_e4m3_kv_fp8_q,1,32768,128,64,2048,0,15,,score,cudagraph,cuda_event_grouped_6,8.512,ok,,32768,64,,6,20,deepgemm_fp8_paged_mqa|fixed|B1|N32768
dsa-quick,dsa,fixed,deepgemm_fp8_paged_mqa,78b69000794d0937b47ae3387eff7663410264d1,fp8_e4m3_kv_fp8_q,1,32768,128,64,2048,0,16,,score,cudagraph,cuda_event_grouped_6,8.544,ok,,32768,64,,6,20,deepgemm_fp8_paged_mqa|fixed|B1|N32768
dsa-quick,dsa,fixed,deepgemm_fp8_paged_mqa,78b69000794d0937b47ae3387eff7663410264d1,fp8_e4m3_kv_fp8_q,1,32768,128,64,2048,0,17,,score,cudagraph,cuda_event_grouped_6,8.54933,ok,,32768,64,,6,20,deepgemm_fp8_paged_mqa|fixed|B1|N32768
dsa-quick,dsa,fixed,deepgemm_fp8_paged_mqa,78b69000794d0937b47ae3387eff7663410264d1,fp8_e4m3_kv_fp8_q,1,32768,128,64,2048,0,18,,score,cudagraph,cuda_event_grouped_6,8.52267,ok,,32768,64,,6,20,deepgemm_fp8_paged_mqa|fixed|B1|N32768
dsa-quick,dsa,fixed,deepgemm_fp8_paged_mqa,78b69000794d0937b47ae3387eff7663410264d1,fp8_e4m3_kv_fp8_q,1,32768,128,64,2048,0,19,,score,cudagraph,cuda_event_grouped_6,8.54933,ok,,32768,64,,6,20,deepgemm_fp8_paged_mqa|fixed|B1|N32768
dsa-quick,dsa,fixed,deepgemm_fp8_paged_mqa,78b69000794d0937b47ae3387eff7663410264d1,fp8_e4m3_kv_fp8_q,1,32768,128,64,2048,0,20,,score,cudagraph,cuda_event_grouped_6,8.54933,ok,,32768,64,,6,20,deepgemm_fp8_paged_mqa|fixed|B1|N32768
dsa-quick,dsa,fixed,deepgemm_fp8_paged_mqa,78b69000794d0937b47ae3387eff7663410264d1,fp8_e4m3_kv_fp8_q,1,32768,128,64,2048,0,21,,score,cudagraph,cuda_event_grouped_6,8.60267,ok,,32768,64,,6,20,deepgemm_fp8_paged_mqa|fixed|B1|N32768
dsa-quick,dsa,fixed,deepgemm_fp8_paged_mqa,78b69000794d0937b47ae3387eff7663410264d1,fp8_e4m3_kv_fp8_q,1,32768,128,64,2048,0,22,,score,cudagraph,cuda_event_grouped_6,8.58667,ok,,32768,64,,6,20,deepgemm_fp8_paged_mqa|fixed|B1|N32768
dsa-quick,dsa,fixed,deepgemm_fp8_paged_mqa,78b69000794d0937b47ae3387eff7663410264d1,fp8_e4m3_kv_fp8_q,1,32768,128,64,2048,0,23,,score,cudagraph,cuda_event_grouped_6,8.53333,ok,,32768,64,,6,20,deepgemm_fp8_paged_mqa|fixed|B1|N32768
dsa-quick,dsa,fixed,deepgemm_fp8_paged_mqa,78b69000794d0937b47ae3387eff7663410264d1,fp8_e4m3_kv_fp8_q,1,32768,128,64,2048,0,24,,score,cudagraph,cuda_event_grouped_6,8.49067,ok,,32768,64,,6,20,deepgemm_fp8_paged_mqa|fixed|B1|N32768
dsa-quick,dsa,fixed,deepgemm_fp8_paged_mqa,78b69000794d0937b47ae3387eff7663410264d1,fp8_e4m3_kv_fp8_q,1,32768,128,64,2048,0,25,,score,cudagraph,cuda_event_grouped_6,8.528,ok,,32768,64,,6,20,deepgemm_fp8_paged_mqa|fixed|B1|N32768
dsa-quick,dsa,fixed,deepgemm_fp8_paged_mqa,78b69000794d0937b47ae3387eff7663410264d1,fp8_e4m3_kv_fp8_q,1,32768,128,64,2048,0,26,,score,cudagraph,cuda_event_grouped_6,8.57067,ok,,32768,64,,6,20,deepgemm_fp8_paged_mqa|fixed|B1|N32768
dsa-quick,dsa,fixed,deepgemm_fp8_paged_mqa,78b69000794d0937b47ae3387eff7663410264d1,fp8_e4m3_kv_fp8_q,1,32768,128,64,2048,0,27,,score,cudagraph,cuda_event_grouped_6,8.53333,ok,,32768,64,,6,20,deepgemm_fp8_paged_mqa|fixed|B1|N32768
dsa-quick,dsa,fixed,deepgemm_fp8_paged_mqa,78b69000794d0937b47ae3387eff7663410264d1,fp8_e4m3_kv_fp8_q,1,32768,128,64,2048,0,28,,score,cudagraph,cuda_event_grouped_6,8.52267,ok,,32768,64,,6,20,deepgemm_fp8_paged_mqa|fixed|B1|N32768
dsa-quick,dsa,fixed,deepgemm_fp8_paged_mqa,78b69000794d0937b47ae3387eff7663410264d1,fp8_e4m3_kv_fp8_q,1,32768,128,64,2048,0,29,,score,cudagraph,cuda_event_grouped_6,8.57067,ok,,32768,64,,6,20,deepgemm_fp8_paged_mqa|fixed|B1|N32768
dsa-quick,dsa,fixed,deepgemm_fp8_paged_mqa,78b69000794d0937b47ae3387eff7663410264d1,fp8_e4m3_kv_fp8_q,1,32768,128,64,2048,0,30,,score,cudagraph,cuda_event_grouped_6,8.65067,ok,,32768,64,,6,20,deepgemm_fp8_paged_mqa|fixed|B1|N32768
dsa-quick,dsa,fixed,deepgemm_fp8_paged_mqa,78b69000794d0937b47ae3387eff7663410264d1,fp8_e4m3_kv_fp8_q,1,32768,128,64,2048,0,31,,score,cudagraph,cuda_event_grouped_6,8.544,ok,,32768,64,,6,20,deepgemm_fp8_paged_mqa|fixed|B1|N32768
dsa-quick,dsa,fixed,deepgemm_fp8_paged_mqa,78b69000794d0937b47ae3387eff7663410264d1,fp8_e4m3_kv_fp8_q,1,32768,128,64,2048,0,32,,score,cudagraph,cuda_event_grouped_6,8.50133,ok,,32768,64,,6,20,deepgemm_fp8_paged_mqa|fixed|B1|N32768
dsa-quick,dsa,fixed,deepgemm_fp8_paged_mqa,78b69000794d0937b47ae3387eff7663410264d1,fp8_e4m3_kv_fp8_q,1,32768,128,64,2048,0,33,,score,cudagraph,cuda_event_grouped_6,8.592,ok,,32768,64,,6,20,deepgemm_fp8_paged_mqa|fixed|B1|N32768
dsa-quick,dsa,fixed,deepgemm_fp8_paged_mqa,78b69000794d0937b47ae3387eff7663410264d1,fp8_e4m3_kv_fp8_q,1,32768,128,64,2048,0,34,,score,cudagraph,cuda_event_grouped_6,8.50133,ok,,32768,64,,6,20,deepgemm_fp8_paged_mqa|fixed|B1|N32768
dsa-quick,dsa,fixed,deepgemm_fp8_paged_mqa,78b69000794d0937b47ae3387eff7663410264d1,fp8_e4m3_kv_fp8_q,1,32768,128,64,2048,0,35,,score,cudagraph,cuda_event_grouped_6,8.62933,ok,,32768,64,,6,20,deepgemm_fp8_paged_mqa|fixed|B1|N32768
dsa-quick,dsa,fixed,deepgemm_fp8_paged_mqa,78b69000794d0937b47ae3387eff7663410264d1,fp8_e4m3_kv_fp8_q,1,32768,128,64,2048,0,36,,score,cudagraph,cuda_event_grouped_6,8.61867,ok,,32768,64,,6,20,deepgemm_fp8_paged_mqa|fixed|B1|N32768
dsa-quick,dsa,fixed,deepgemm_fp8_paged_mqa,78b69000794d0937b47ae3387eff7663410264d1,fp8_e4m3_kv_fp8_q,1,32768,128,64,2048,0,37,,score,cudagraph,cuda_event_grouped_6,8.544,ok,,32768,64,,6,20,deepgemm_fp8_paged_mqa|fixed|B1|N32768
dsa-quick,dsa,fixed,deepgemm_fp8_paged_mqa,78b69000794d0937b47ae3387eff7663410264d1,fp8_e4m3_kv_fp8_q,1,32768,128,64,2048,0,38,,score,cudagraph,cuda_event_grouped_6,8.49067,ok,,32768,64,,6,20,deepgemm_fp8_paged_mqa|fixed|B1|N32768
dsa-quick,dsa,fixed,deepgemm_fp8_paged_mqa,78b69000794d0937b47ae3387eff7663410264d1,fp8_e4m3_kv_fp8_q,1,32768,128,64,2048,0,39,,score,cudagraph,cuda_event_grouped_6,8.54933,ok,,32768,64,,6,20,deepgemm_fp8_paged_mqa|fixed|B1|N32768
dsa-quick,dsa,fixed,deepgemm_fp8_paged_mqa,78b69000794d0937b47ae3387eff7663410264d1,fp8_e4m3_kv_fp8_q,1,32768,128,64,2048,0,40,,score,cudagraph,cuda_event_grouped_6,8.544,ok,,32768,64,,6,20,deepgemm_fp8_paged_mqa|fixed|B1|N32768
dsa-quick,dsa,fixed,deepgemm_fp8_paged_mqa,78b69000794d0937b47ae3387eff7663410264d1,fp8_e4m3_kv_fp8_q,1,32768,128,64,2048,0,41,,score,cudagraph,cuda_event_grouped_6,8.56533,ok,,32768,64,,6,20,deepgemm_fp8_paged_mqa|fixed|B1|N32768
dsa-quick,dsa,fixed,deepgemm_fp8_paged_mqa,78b69000794d0937b47ae3387eff7663410264d1,fp8_e4m3_kv_fp8_q,1,32768,128,64,2048,0,42,,score,cudagraph,cuda_event_grouped_6,8.54933,ok,,32768,64,,6,20,deepgemm_fp8_paged_mqa|fixed|B1|N32768
dsa-quick,dsa,fixed,deepgemm_fp8_paged_mqa,78b69000794d0937b47ae3387eff7663410264d1,fp8_e4m3_kv_fp8_q,1,32768,128,64,2048,0,43,,score,cudagraph,cuda_event_grouped_6,8.55467,ok,,32768,64,,6,20,deepgemm_fp8_paged_mqa|fixed|B1|N32768
dsa-quick,dsa,fixed,deepgemm_fp8_paged_mqa,78b69000794d0937b47ae3387eff7663410264d1,fp8_e4m3_kv_fp8_q,1,32768,128,64,2048,0,44,,score,cudagraph,cuda_event_grouped_6,8.57067,ok,,32768,64,,6,20,deepgemm_fp8_paged_mqa|fixed|B1|N32768
dsa-quick,dsa,fixed,deepgemm_fp8_paged_mqa,78b69000794d0937b47ae3387eff7663410264d1,fp8_e4m3_kv_fp8_q,1,32768,128,64,2048,0,45,,score,cudagraph,cuda_event_grouped_6,8.54933,ok,,32768,64,,6,20,deepgemm_fp8_paged_mqa|fixed|B1|N32768
dsa-quick,dsa,fixed,deepgemm_fp8_paged_mqa,78b69000794d0937b47ae3387eff7663410264d1,fp8_e4m3_kv_fp8_q,1,32768,128,64,2048,0,46,,score,cudagraph,cuda_event_grouped_6,8.50133,ok,,32768,64,,6,20,deepgemm_fp8_paged_mqa|fixed|B1|N32768
dsa-quick,dsa,fixed,deepgemm_fp8_paged_mqa,78b69000794d0937b47ae3387eff7663410264d1,fp8_e4m3_kv_fp8_q,1,32768,128,64,2048,0,47,,score,cudagraph,cuda_event_grouped_6,8.53867,ok,,32768,64,,6,20,deepgemm_fp8_paged_mqa|fixed|B1|N32768
dsa-quick,dsa,fixed,deepgemm_fp8_paged_mqa,78b69000794d0937b47ae3387eff7663410264d1,fp8_e4m3_kv_fp8_q,1,32768,128,64,2048,0,48,,score,cudagraph,cuda_event_grouped_6,8.50133,ok,,32768,64,,6,20,deepgemm_fp8_paged_mqa|fixed|B1|N32768
dsa-quick,dsa,fixed,deepgemm_fp8_paged_mqa,78b69000794d0937b47ae3387eff7663410264d1,fp8_e4m3_kv_fp8_q,1,32768,128,64,2048,0,49,,score,cudagraph,cuda_event_grouped_6,8.56,ok,,32768,64,,6,20,deepgemm_fp8_paged_mqa|fixed|B1|N32768
dsa-quick,dsa,fixed,deepgemm_fp8_paged_mqa,78b69000794d0937b47ae3387eff7663410264d1,fp8_e4m3_kv_fp8_q,1,32768,128,64,2048,0,50,,score,cudagraph,cuda_event_grouped_6,8.51733,ok,,32768,64,,6,20,deepgemm_fp8_paged_mqa|fixed|B1|N32768
dsa-quick,dsa,fixed,deepgemm_fp8_paged_mqa,78b69000794d0937b47ae3387eff7663410264d1,fp8_e4m3_kv_fp8_q,1,32768,128,64,2048,0,51,,score,cudagraph,cuda_event_grouped_6,8.47467,ok,,32768,64,,6,20,deepgemm_fp8_paged_mqa|fixed|B1|N32768
dsa-quick,dsa,fixed,deepgemm_fp8_paged_mqa,78b69000794d0937b47ae3387eff7663410264d1,fp8_e4m3_kv_fp8_q,1,32768,128,64,2048,0,52,,score,cudagraph,cuda_event_grouped_6,8.53333,ok,,32768,64,,6,20,deepgemm_fp8_paged_mqa|fixed|B1|N32768
dsa-quick,dsa,fixed,deepgemm_fp8_paged_mqa,78b69000794d0937b47ae3387eff7663410264d1,fp8_e4m3_kv_fp8_q,1,32768,128,64,2048,0,53,,score,cudagraph,cuda_event_grouped_6,8.61333,ok,,32768,64,,6,20,deepgemm_fp8_paged_mqa|fixed|B1|N32768
dsa-quick,dsa,fixed,deepgemm_fp8_paged_mqa,78b69000794d0937b47ae3387eff7663410264d1,fp8_e4m3_kv_fp8_q,1,32768,128,64,2048,0,54,,score,cudagraph,cuda_event_grouped_6,8.56533,ok,,32768,64,,6,20,deepgemm_fp8_paged_mqa|fixed|B1|N32768
dsa-quick,dsa,fixed,deepgemm_fp8_paged_mqa,78b69000794d0937b47ae3387eff7663410264d1,fp8_e4m3_kv_fp8_q,1,32768,128,64,2048,0,55,,score,cudagraph,cuda_event_grouped_6,8.52267,ok,,32768,64,,6,20,deepgemm_fp8_paged_mqa|fixed|B1|N32768
dsa-quick,dsa,fixed,deepgemm_fp8_paged_mqa,78b69000794d0937b47ae3387eff7663410264d1,fp8_e4m3_kv_fp8_q,1,32768,128,64,2048,0,56,,score,cudagraph,cuda_event_grouped_6,8.45333,ok,,32768,64,,6,20,deepgemm_fp8_paged_mqa|fixed|B1|N32768
dsa-quick,dsa,fixed,deepgemm_fp8_paged_mqa,78b69000794d0937b47ae3387eff7663410264d1,fp8_e4m3_kv_fp8_q,1,32768,128,64,2048,0,57,,score,cudagraph,cuda_event_grouped_6,8.544,ok,,32768,64,,6,20,deepgemm_fp8_paged_mqa|fixed|B1|N32768
dsa-quick,dsa,fixed,deepgemm_fp8_paged_mqa,78b69000794d0937b47ae3387eff7663410264d1,fp8_e4m3_kv_fp8_q,1,32768,128,64,2048,0,58,,score,cudagraph,cuda_event_grouped_6,8.57067,ok,,32768,64,,6,20,deepgemm_fp8_paged_mqa|fixed|B1|N32768
dsa-quick,dsa,fixed,deepgemm_fp8_paged_mqa,78b69000794d0937b47ae3387eff7663410264d1,fp8_e4m3_kv_fp8_q,1,32768,128,64,2048,0,59,,score,cudagraph,cuda_event_grouped_6,8.55467,ok,,32768,64,,6,20,deepgemm_fp8_paged_mqa|fixed|B1|N32768
dsa-quick,dsa,fixed,deepgemm_fp8_paged_mqa,78b69000794d0937b47ae3387eff7663410264d1,fp8_e4m3_kv_fp8_q,1,32768,128,64,2048,0,60,,score,cudagraph,cuda_event_grouped_6,8.496,ok,,32768,64,,6,20,deepgemm_fp8_paged_mqa|fixed|B1|N32768
dsa-quick,dsa,fixed,deepgemm_fp8_paged_mqa,78b69000794d0937b47ae3387eff7663410264d1,fp8_e4m3_kv_fp8_q,1,32768,128,64,2048,0,61,,score,cudagraph,cuda_event_grouped_6,8.53333,ok,,32768,64,,6,20,deepgemm_fp8_paged_mqa|fixed|B1|N32768
dsa-quick,dsa,fixed,deepgemm_fp8_paged_mqa,78b69000794d0937b47ae3387eff7663410264d1,fp8_e4m3_kv_fp8_q,1,32768,128,64,2048,0,62,,score,cudagraph,cuda_event_grouped_6,8.544,ok,,32768,64,,6,20,deepgemm_fp8_paged_mqa|fixed|B1|N32768
dsa-quick,dsa,fixed,deepgemm_fp8_paged_mqa,78b69000794d0937b47ae3387eff7663410264d1,fp8_e4m3_kv_fp8_q,1,32768,128,64,2048,0,63,,score,cudagraph,cuda_event_grouped_6,8.57067,ok,,32768,64,,6,20,deepgemm_fp8_paged_mqa|fixed|B1|N32768
dsa-quick,dsa,fixed,deepgemm_fp8_paged_mqa,78b69000794d0937b47ae3387eff7663410264d1,fp8_e4m3_kv_fp8_q,1,32768,128,64,2048,0,64,,score,cudagraph,cuda_event_grouped_6,8.56533,ok,,32768,64,,6,20,deepgemm_fp8_paged_mqa|fixed|B1|N32768
dsa-quick,dsa,fixed,deepgemm_fp8_paged_mqa,78b69000794d0937b47ae3387eff7663410264d1,fp8_e4m3_kv_fp8_q,1,32768,128,64,2048,0,65,,score,cudagraph,cuda_event_grouped_6,8.528,ok,,32768,64,,6,20,deepgemm_fp8_paged_mqa|fixed|B1|N32768
dsa-quick,dsa,fixed,deepgemm_fp8_paged_mqa,78b69000794d0937b47ae3387eff7663410264d1,fp8_e4m3_kv_fp8_q,1,32768,128,64,2048,0,66,,score,cudagraph,cuda_event_grouped_6,8.54933,ok,,32768,64,,6,20,deepgemm_fp8_paged_mqa|fixed|B1|N32768
dsa-quick,dsa,fixed,deepgemm_fp8_paged_mqa,78b69000794d0937b47ae3387eff7663410264d1,fp8_e4m3_kv_fp8_q,1,32768,128,64,2048,0,67,,score,cudagraph,cuda_event_grouped_6,8.55467,ok,,32768,64,,6,20,deepgemm_fp8_paged_mqa|fixed|B1|N32768
dsa-quick,dsa,fixed,deepgemm_fp8_paged_mqa,78b69000794d0937b47ae3387eff7663410264d1,fp8_e4m3_kv_fp8_q,1,32768,128,64,2048,0,68,,score,cudagraph,cuda_event_grouped_6,8.61333,ok,,32768,64,,6,20,deepgemm_fp8_paged_mqa|fixed|B1|N32768
dsa-quick,dsa,fixed,deepgemm_fp8_paged_mqa,78b69000794d0937b47ae3387eff7663410264d1,fp8_e4m3_kv_fp8_q,1,32768,128,64,2048,0,69,,score,cudagraph,cuda_event_grouped_6,8.528,ok,,32768,64,,6,20,deepgemm_fp8_paged_mqa|fixed|B1|N32768
dsa-quick,dsa,fixed,deepgemm_fp8_paged_mqa,78b69000794d0937b47ae3387eff7663410264d1,fp8_e4m3_kv_fp8_q,1,32768,128,64,2048,0,70,,score,cudagraph,cuda_event_grouped_6,8.528,ok,,32768,64,,6,20,deepgemm_fp8_paged_mqa|fixed|B1|N32768
dsa-quick,dsa,fixed,deepgemm_fp8_paged_mqa,78b69000794d0937b47ae3387eff7663410264d1,fp8_e4m3_kv_fp8_q,1,32768,128,64,2048,0,71,,score,cudagraph,cuda_event_grouped_6,8.528,ok,,32768,64,,6,20,deepgemm_fp8_paged_mqa|fixed|B1|N32768
dsa-quick,dsa,fixed,deepgemm_fp8_paged_mqa,78b69000794d0937b47ae3387eff7663410264d1,fp8_e4m3_kv_fp8_q,1,32768,128,64,2048,0,72,,score,cudagraph,cuda_event_grouped_6,8.53867,ok,,32768,64,,6,20,deepgemm_fp8_paged_mqa|fixed|B1|N32768
dsa-quick,dsa,fixed,deepgemm_fp8_paged_mqa,78b69000794d0937b47ae3387eff7663410264d1,fp8_e4m3_kv_fp8_q,1,32768,128,64,2048,0,73,,score,cudagraph,cuda_event_grouped_6,8.55467,ok,,32768,64,,6,20,deepgemm_fp8_paged_mqa|fixed|B1|N32768
dsa-quick,dsa,fixed,deepgemm_fp8_paged_mqa,78b69000794d0937b47ae3387eff7663410264d1,fp8_e4m3_kv_fp8_q,1,32768,128,64,2048,0,74,,score,cudagraph,cuda_event_grouped_6,8.56533,ok,,32768,64,,6,20,deepgemm_fp8_paged_mqa|fixed|B1|N32768
dsa-quick,dsa,fixed,deepgemm_fp8_paged_mqa,78b69000794d0937b47ae3387eff7663410264d1,fp8_e4m3_kv_fp8_q,1,32768,128,64,2048,0,75,,score,cudagraph,cuda_event_grouped_6,8.608,ok,,32768,64,,6,20,deepgemm_fp8_paged_mqa|fixed|B1|N32768
dsa-quick,dsa,fixed,deepgemm_fp8_paged_mqa,78b69000794d0937b47ae3387eff7663410264d1,fp8_e4m3_kv_fp8_q,1,32768,128,64,2048,0,76,,score,cudagraph,cuda_event_grouped_6,8.64533,ok,,32768,64,,6,20,deepgemm_fp8_paged_mqa|fixed|B1|N32768
dsa-quick,dsa,fixed,deepgemm_fp8_paged_mqa,78b69000794d0937b47ae3387eff7663410264d1,fp8_e4m3_kv_fp8_q,1,32768,128,64,2048,0,77,,score,cudagraph,cuda_event_grouped_6,8.51733,ok,,32768,64,,6,20,deepgemm_fp8_paged_mqa|fixed|B1|N32768
dsa-quick,dsa,fixed,deepgemm_fp8_paged_mqa,78b69000794d0937b47ae3387eff7663410264d1,fp8_e4m3_kv_fp8_q,1,32768,128,64,2048,0,78,,score,cudagraph,cuda_event_grouped_6,8.54933,ok,,32768,64,,6,20,deepgemm_fp8_paged_mqa|fixed|B1|N32768
dsa-quick,dsa,fixed,deepgemm_fp8_paged_mqa,78b69000794d0937b47ae3387eff7663410264d1,fp8_e4m3_kv_fp8_q,1,32768,128,64,2048,0,79,,score,cudagraph,cuda_event_grouped_6,8.52267,ok,,32768,64,,6,20,deepgemm_fp8_paged_mqa|fixed|B1|N32768
dsa-quick,dsa,fixed,deepgemm_fp8_paged_mqa,78b69000794d0937b47ae3387eff7663410264d1,fp8_e4m3_kv_fp8_q,1,32768,128,64,2048,0,80,,score,cudagraph,cuda_event_grouped_6,8.53867,ok,,32768,64,,6,20,deepgemm_fp8_paged_mqa|fixed|B1|N32768
dsa-quick,dsa,fixed,deepgemm_fp8_paged_mqa,78b69000794d0937b47ae3387eff7663410264d1,fp8_e4m3_kv_fp8_q,1,32768,128,64,2048,0,81,,score,cudagraph,cuda_event_grouped_6,8.62933,ok,,32768,64,,6,20,deepgemm_fp8_paged_mqa|fixed|B1|N32768
dsa-quick,dsa,fixed,deepgemm_fp8_paged_mqa,78b69000794d0937b47ae3387eff7663410264d1,fp8_e4m3_kv_fp8_q,1,32768,128,64,2048,0,82,,score,cudagraph,cuda_event_grouped_6,8.56533,ok,,32768,64,,6,20,deepgemm_fp8_paged_mqa|fixed|B1|N32768
dsa-quick,dsa,fixed,deepgemm_fp8_paged_mqa,78b69000794d0937b47ae3387eff7663410264d1,fp8_e4m3_kv_fp8_q,1,32768,128,64,2048,0,83,,score,cudagraph,cuda_event_grouped_6,8.56533,ok,,32768,64,,6,20,deepgemm_fp8_paged_mqa|fixed|B1|N32768
dsa-quick,dsa,fixed,deepgemm_fp8_paged_mqa,78b69000794d0937b47ae3387eff7663410264d1,fp8_e4m3_kv_fp8_q,1,32768,128,64,2048,0,84,,score,cudagraph,cuda_event_grouped_6,8.58133,ok,,32768,64,,6,20,deepgemm_fp8_paged_mqa|fixed|B1|N32768
dsa-quick,dsa,fixed,deepgemm_fp8_paged_mqa,78b69000794d0937b47ae3387eff7663410264d1,fp8_e4m3_kv_fp8_q,1,32768,128,64,2048,0,85,,score,cudagraph,cuda_event_grouped_6,8.61867,ok,,32768,64,,6,20,deepgemm_fp8_paged_mqa|fixed|B1|N32768
dsa-quick,dsa,fixed,deepgemm_fp8_paged_mqa,78b69000794d0937b47ae3387eff7663410264d1,fp8_e4m3_kv_fp8_q,1,32768,128,64,2048,0,86,,score,cudagraph,cuda_event_grouped_6,8.544,ok,,32768,64,,6,20,deepgemm_fp8_paged_mqa|fixed|B1|N32768
dsa-quick,dsa,fixed,deepgemm_fp8_paged_mqa,78b69000794d0937b47ae3387eff7663410264d1,fp8_e4m3_kv_fp8_q,1,32768,128,64,2048,0,87,,score,cudagraph,cuda_event_grouped_6,8.56533,ok,,32768,64,,6,20,deepgemm_fp8_paged_mqa|fixed|B1|N32768
dsa-quick,dsa,fixed,deepgemm_fp8_paged_mqa,78b69000794d0937b47ae3387eff7663410264d1,fp8_e4m3_kv_fp8_q,1,32768,128,64,2048,0,88,,score,cudagraph,cuda_event_grouped_6,8.48,ok,,32768,64,,6,20,deepgemm_fp8_paged_mqa|fixed|B1|N32768
dsa-quick,dsa,fixed,deepgemm_fp8_paged_mqa,78b69000794d0937b47ae3387eff7663410264d1,fp8_e4m3_kv_fp8_q,1,32768,128,64,2048,0,89,,score,cudagraph,cuda_event_grouped_6,8.50133,ok,,32768,64,,6,20,deepgemm_fp8_paged_mqa|fixed|B1|N32768
dsa-quick,dsa,fixed,deepgemm_fp8_paged_mqa,78b69000794d0937b47ae3387eff7663410264d1,fp8_e4m3_kv_fp8_q,1,32768,128,64,2048,0,90,,score,cudagraph,cuda_event_grouped_6,8.55467,ok,,32768,64,,6,20,deepgemm_fp8_paged_mqa|fixed|B1|N32768
dsa-quick,dsa,fixed,deepgemm_fp8_paged_mqa,78b69000794d0937b47ae3387eff7663410264d1,fp8_e4m3_kv_fp8_q,1,32768,128,64,2048,0,91,,score,cudagraph,cuda_event_grouped_6,8.50667,ok,,32768,64,,6,20,deepgemm_fp8_paged_mqa|fixed|B1|N32768
dsa-quick,dsa,fixed,deepgemm_fp8_paged_mqa,78b69000794d0937b47ae3387eff7663410264d1,fp8_e4m3_kv_fp8_q,1,32768,128,64,2048,0,92,,score,cudagraph,cuda_event_grouped_6,8.56,ok,,32768,64,,6,20,deepgemm_fp8_paged_mqa|fixed|B1|N32768
dsa-quick,dsa,fixed,deepgemm_fp8_paged_mqa,78b69000794d0937b47ae3387eff7663410264d1,fp8_e4m3_kv_fp8_q,1,32768,128,64,2048,0,93,,score,cudagraph,cuda_event_grouped_6,8.544,ok,,32768,64,,6,20,deepgemm_fp8_paged_mqa|fixed|B1|N32768
dsa-quick,dsa,fixed,deepgemm_fp8_paged_mqa,78b69000794d0937b47ae3387eff7663410264d1,fp8_e4m3_kv_fp8_q,1,32768,128,64,2048,0,94,,score,cudagraph,cuda_event_grouped_6,8.512,ok,,32768,64,,6,20,deepgemm_fp8_paged_mqa|fixed|B1|N32768
dsa-quick,dsa,fixed,deepgemm_fp8_paged_mqa,78b69000794d0937b47ae3387eff7663410264d1,fp8_e4m3_kv_fp8_q,1,32768,128,64,2048,0,95,,score,cudagraph,cuda_event_grouped_6,8.58667,ok,,32768,64,,6,20,deepgemm_fp8_paged_mqa|fixed|B1|N32768
dsa-quick,dsa,fixed,deepgemm_fp8_paged_mqa,78b69000794d0937b47ae3387eff7663410264d1,fp8_e4m3_kv_fp8_q,1,32768,128,64,2048,0,96,,score,cudagraph,cuda_event_grouped_6,8.54933,ok,,32768,64,,6,20,deepgemm_fp8_paged_mqa|fixed|B1|N32768
dsa-quick,dsa,fixed,deepgemm_fp8_paged_mqa,78b69000794d0937b47ae3387eff7663410264d1,fp8_e4m3_kv_fp8_q,1,32768,128,64,2048,0,97,,score,cudagraph,cuda_event_grouped_6,8.56533,ok,,32768,64,,6,20,deepgemm_fp8_paged_mqa|fixed|B1|N32768
dsa-quick,dsa,fixed,deepgemm_fp8_paged_mqa,78b69000794d0937b47ae3387eff7663410264d1,fp8_e4m3_kv_fp8_q,1,32768,128,64,2048,0,98,,score,cudagraph,cuda_event_grouped_6,8.58667,ok,,32768,64,,6,20,deepgemm_fp8_paged_mqa|fixed|B1|N32768
dsa-quick,dsa,fixed,deepgemm_fp8_paged_mqa,78b69000794d0937b47ae3387eff7663410264d1,fp8_e4m3_kv_fp8_q,1,32768,128,64,2048,0,99,,score,cudagraph,cuda_event_grouped_6,8.55467,ok,,32768,64,,6,20,deepgemm_fp8_paged_mqa|fixed|B1|N32768
dsa-quick,dsa,fixed,deepgemm_fp8_paged_mqa,78b69000794d0937b47ae3387eff7663410264d1,fp8_e4m3_kv_fp8_q,1,32768,128,64,2048,0,0,,select,cudagraph,cuda_event_grouped_2,49.584,ok,,32768,64,,2,20,deepgemm_fp8_paged_mqa|fixed|B1|N32768
dsa-quick,dsa,fixed,deepgemm_fp8_paged_mqa,78b69000794d0937b47ae3387eff7663410264d1,fp8_e4m3_kv_fp8_q,1,32768,128,64,2048,0,1,,select,cudagraph,cuda_event_grouped_2,49.328,ok,,32768,64,,2,20,deepgemm_fp8_paged_mqa|fixed|B1|N32768
dsa-quick,dsa,fixed,deepgemm_fp8_paged_mqa,78b69000794d0937b47ae3387eff7663410264d1,fp8_e4m3_kv_fp8_q,1,32768,128,64,2048,0,2,,select,cudagraph,cuda_event_grouped_2,49.328,ok,,32768,64,,2,20,deepgemm_fp8_paged_mqa|fixed|B1|N32768
dsa-quick,dsa,fixed,deepgemm_fp8_paged_mqa,78b69000794d0937b47ae3387eff7663410264d1,fp8_e4m3_kv_fp8_q,1,32768,128,64,2048,0,3,,select,cudagraph,cuda_event_grouped_2,49.536,ok,,32768,64,,2,20,deepgemm_fp8_paged_mqa|fixed|B1|N32768
dsa-quick,dsa,fixed,deepgemm_fp8_paged_mqa,78b69000794d0937b47ae3387eff7663410264d1,fp8_e4m3_kv_fp8_q,1,32768,128,64,2048,0,4,,select,cudagraph,cuda_event_grouped_2,49.2,ok,,32768,64,,2,20,deepgemm_fp8_paged_mqa|fixed|B1|N32768
dsa-quick,dsa,fixed,deepgemm_fp8_paged_mqa,78b69000794d0937b47ae3387eff7663410264d1,fp8_e4m3_kv_fp8_q,1,32768,128,64,2048,0,5,,select,cudagraph,cuda_event_grouped_2,49.2,ok,,32768,64,,2,20,deepgemm_fp8_paged_mqa|fixed|B1|N32768
dsa-quick,dsa,fixed,deepgemm_fp8_paged_mqa,78b69000794d0937b47ae3387eff7663410264d1,fp8_e4m3_kv_fp8_q,1,32768,128,64,2048,0,6,,select,cudagraph,cuda_event_grouped_2,49.216,ok,,32768,64,,2,20,deepgemm_fp8_paged_mqa|fixed|B1|N32768
dsa-quick,dsa,fixed,deepgemm_fp8_paged_mqa,78b69000794d0937b47ae3387eff7663410264d1,fp8_e4m3_kv_fp8_q,1,32768,128,64,2048,0,7,,select,cudagraph,cuda_event_grouped_2,49.152,ok,,32768,64,,2,20,deepgemm_fp8_paged_mqa|fixed|B1|N32768
dsa-quick,dsa,fixed,deepgemm_fp8_paged_mqa,78b69000794d0937b47ae3387eff7663410264d1,fp8_e4m3_kv_fp8_q,1,32768,128,64,2048,0,8,,select,cudagraph,cuda_event_grouped_2,49.216,ok,,32768,64,,2,20,deepgemm_fp8_paged_mqa|fixed|B1|N32768
dsa-quick,dsa,fixed,deepgemm_fp8_paged_mqa,78b69000794d0937b47ae3387eff7663410264d1,fp8_e4m3_kv_fp8_q,1,32768,128,64,2048,0,9,,select,cudagraph,cuda_event_grouped_2,49.12,ok,,32768,64,,2,20,deepgemm_fp8_paged_mqa|fixed|B1|N32768
dsa-quick,dsa,fixed,deepgemm_fp8_paged_mqa,78b69000794d0937b47ae3387eff7663410264d1,fp8_e4m3_kv_fp8_q,1,32768,128,64,2048,0,10,,select,cudagraph,cuda_event_grouped_2,49.152,ok,,32768,64,,2,20,deepgemm_fp8_paged_mqa|fixed|B1|N32768
dsa-quick,dsa,fixed,deepgemm_fp8_paged_mqa,78b69000794d0937b47ae3387eff7663410264d1,fp8_e4m3_kv_fp8_q,1,32768,128,64,2048,0,11,,select,cudagraph,cuda_event_grouped_2,49.168,ok,,32768,64,,2,20,deepgemm_fp8_paged_mqa|fixed|B1|N32768
dsa-quick,dsa,fixed,deepgemm_fp8_paged_mqa,78b69000794d0937b47ae3387eff7663410264d1,fp8_e4m3_kv_fp8_q,1,32768,128,64,2048,0,12,,select,cudagraph,cuda_event_grouped_2,48.896,ok,,32768,64,,2,20,deepgemm_fp8_paged_mqa|fixed|B1|N32768
dsa-quick,dsa,fixed,deepgemm_fp8_paged_mqa,78b69000794d0937b47ae3387eff7663410264d1,fp8_e4m3_kv_fp8_q,1,32768,128,64,2048,0,13,,select,cudagraph,cuda_event_grouped_2,49.264,ok,,32768,64,,2,20,deepgemm_fp8_paged_mqa|fixed|B1|N32768
dsa-quick,dsa,fixed,deepgemm_fp8_paged_mqa,78b69000794d0937b47ae3387eff7663410264d1,fp8_e4m3_kv_fp8_q,1,32768,128,64,2048,0,14,,select,cudagraph,cuda_event_grouped_2,49.168,ok,,32768,64,,2,20,deepgemm_fp8_paged_mqa|fixed|B1|N32768
dsa-quick,dsa,fixed,deepgemm_fp8_paged_mqa,78b69000794d0937b47ae3387eff7663410264d1,fp8_e4m3_kv_fp8_q,1,32768,128,64,2048,0,15,,select,cudagraph,cuda_event_grouped_2,49.152,ok,,32768,64,,2,20,deepgemm_fp8_paged_mqa|fixed|B1|N32768
dsa-quick,dsa,fixed,deepgemm_fp8_paged_mqa,78b69000794d0937b47ae3387eff7663410264d1,fp8_e4m3_kv_fp8_q,1,32768,128,64,2048,0,16,,select,cudagraph,cuda_event_grouped_2,49.328,ok,,32768,64,,2,20,deepgemm_fp8_paged_mqa|fixed|B1|N32768
dsa-quick,dsa,fixed,deepgemm_fp8_paged_mqa,78b69000794d0937b47ae3387eff7663410264d1,fp8_e4m3_kv_fp8_q,1,32768,128,64,2048,0,17,,select,cudagraph,cuda_event_grouped_2,49.296,ok,,32768,64,,2,20,deepgemm_fp8_paged_mqa|fixed|B1|N32768
dsa-quick,dsa,fixed,deepgemm_fp8_paged_mqa,78b69000794d0937b47ae3387eff7663410264d1,fp8_e4m3_kv_fp8_q,1,32768,128,64,2048,0,18,,select,cudagraph,cuda_event_grouped_2,49.024,ok,,32768,64,,2,20,deepgemm_fp8_paged_mqa|fixed|B1|N32768
dsa-quick,dsa,fixed,deepgemm_fp8_paged_mqa,78b69000794d0937b47ae3387eff7663410264d1,fp8_e4m3_kv_fp8_q,1,32768,128,64,2048,0,19,,select,cudagraph,cuda_event_grouped_2,49.168,ok,,32768,64,,2,20,deepgemm_fp8_paged_mqa|fixed|B1|N32768
dsa-quick,dsa,fixed,deepgemm_fp8_paged_mqa,78b69000794d0937b47ae3387eff7663410264d1,fp8_e4m3_kv_fp8_q,1,32768,128,64,2048,0,20,,select,cudagraph,cuda_event_grouped_2,49.12,ok,,32768,64,,2,20,deepgemm_fp8_paged_mqa|fixed|B1|N32768
dsa-quick,dsa,fixed,deepgemm_fp8_paged_mqa,78b69000794d0937b47ae3387eff7663410264d1,fp8_e4m3_kv_fp8_q,1,32768,128,64,2048,0,21,,select,cudagraph,cuda_event_grouped_2,49.2,ok,,32768,64,,2,20,deepgemm_fp8_paged_mqa|fixed|B1|N32768
dsa-quick,dsa,fixed,deepgemm_fp8_paged_mqa,78b69000794d0937b47ae3387eff7663410264d1,fp8_e4m3_kv_fp8_q,1,32768,128,64,2048,0,22,,select,cudagraph,cuda_event_grouped_2,49.28,ok,,32768,64,,2,20,deepgemm_fp8_paged_mqa|fixed|B1|N32768
dsa-quick,dsa,fixed,deepgemm_fp8_paged_mqa,78b69000794d0937b47ae3387eff7663410264d1,fp8_e4m3_kv_fp8_q,1,32768,128,64,2048,0,23,,select,cudagraph,cuda_event_grouped_2,49.136,ok,,32768,64,,2,20,deepgemm_fp8_paged_mqa|fixed|B1|N32768
dsa-quick,dsa,fixed,deepgemm_fp8_paged_mqa,78b69000794d0937b47ae3387eff7663410264d1,fp8_e4m3_kv_fp8_q,1,32768,128,64,2048,0,24,,select,cudagraph,cuda_event_grouped_2,49.344,ok,,32768,64,,2,20,deepgemm_fp8_paged_mqa|fixed|B1|N32768
dsa-quick,dsa,fixed,deepgemm_fp8_paged_mqa,78b69000794d0937b47ae3387eff7663410264d1,fp8_e4m3_kv_fp8_q,1,32768,128,64,2048,0,25,,select,cudagraph,cuda_event_grouped_2,49.264,ok,,32768,64,,2,20,deepgemm_fp8_paged_mqa|fixed|B1|N32768
dsa-quick,dsa,fixed,deepgemm_fp8_paged_mqa,78b69000794d0937b47ae3387eff7663410264d1,fp8_e4m3_kv_fp8_q,1,32768,128,64,2048,0,26,,select,cudagraph,cuda_event_grouped_2,49.216,ok,,32768,64,,2,20,deepgemm_fp8_paged_mqa|fixed|B1|N32768
dsa-quick,dsa,fixed,deepgemm_fp8_paged_mqa,78b69000794d0937b47ae3387eff7663410264d1,fp8_e4m3_kv_fp8_q,1,32768,128,64,2048,0,27,,select,cudagraph,cuda_event_grouped_2,49.568,ok,,32768,64,,2,20,deepgemm_fp8_paged_mqa|fixed|B1|N32768
dsa-quick,dsa,fixed,deepgemm_fp8_paged_mqa,78b69000794d0937b47ae3387eff7663410264d1,fp8_e4m3_kv_fp8_q,1,32768,128,64,2048,0,28,,select,cudagraph,cuda_event_grouped_2,48.864,ok,,32768,64,,2,20,deepgemm_fp8_paged_mqa|fixed|B1|N32768
dsa-quick,dsa,fixed,deepgemm_fp8_paged_mqa,78b69000794d0937b47ae3387eff7663410264d1,fp8_e4m3_kv_fp8_q,1,32768,128,64,2048,0,29,,select,cudagraph,cuda_event_grouped_2,49.44,ok,,32768,64,,2,20,deepgemm_fp8_paged_mqa|fixed|B1|N32768
dsa-quick,dsa,fixed,deepgemm_fp8_paged_mqa,78b69000794d0937b47ae3387eff7663410264d1,fp8_e4m3_kv_fp8_q,1,32768,128,64,2048,0,30,,select,cudagraph,cuda_event_grouped_2,49.152,ok,,32768,64,,2,20,deepgemm_fp8_paged_mqa|fixed|B1|N32768
dsa-quick,dsa,fixed,deepgemm_fp8_paged_mqa,78b69000794d0937b47ae3387eff7663410264d1,fp8_e4m3_kv_fp8_q,1,32768,128,64,2048,0,31,,select,cudagraph,cuda_event_grouped_2,49.168,ok,,32768,64,,2,20,deepgemm_fp8_paged_mqa|fixed|B1|N32768
dsa-quick,dsa,fixed,deepgemm_fp8_paged_mqa,78b69000794d0937b47ae3387eff7663410264d1,fp8_e4m3_kv_fp8_q,1,32768,128,64,2048,0,32,,select,cudagraph,cuda_event_grouped_2,49.184,ok,,32768,64,,2,20,deepgemm_fp8_paged_mqa|fixed|B1|N32768
dsa-quick,dsa,fixed,deepgemm_fp8_paged_mqa,78b69000794d0937b47ae3387eff7663410264d1,fp8_e4m3_kv_fp8_q,1,32768,128,64,2048,0,33,,select,cudagraph,cuda_event_grouped_2,49.264,ok,,32768,64,,2,20,deepgemm_fp8_paged_mqa|fixed|B1|N32768
dsa-quick,dsa,fixed,deepgemm_fp8_paged_mqa,78b69000794d0937b47ae3387eff7663410264d1,fp8_e4m3_kv_fp8_q,1,32768,128,64,2048,0,34,,select,cudagraph,cuda_event_grouped_2,49.04,ok,,32768,64,,2,20,deepgemm_fp8_paged_mqa|fixed|B1|N32768
dsa-quick,dsa,fixed,deepgemm_fp8_paged_mqa,78b69000794d0937b47ae3387eff7663410264d1,fp8_e4m3_kv_fp8_q,1,32768,128,64,2048,0,35,,select,cudagraph,cuda_event_grouped_2,49.36,ok,,32768,64,,2,20,deepgemm_fp8_paged_mqa|fixed|B1|N32768
dsa-quick,dsa,fixed,deepgemm_fp8_paged_mqa,78b69000794d0937b47ae3387eff7663410264d1,fp8_e4m3_kv_fp8_q,1,32768,128,64,2048,0,36,,select,cudagraph,cuda_event_grouped_2,49.136,ok,,32768,64,,2,20,deepgemm_fp8_paged_mqa|fixed|B1|N32768
dsa-quick,dsa,fixed,deepgemm_fp8_paged_mqa,78b69000794d0937b47ae3387eff7663410264d1,fp8_e4m3_kv_fp8_q,1,32768,128,64,2048,0,37,,select,cudagraph,cuda_event_grouped_2,49.264,ok,,32768,64,,2,20,deepgemm_fp8_paged_mqa|fixed|B1|N32768
dsa-quick,dsa,fixed,deepgemm_fp8_paged_mqa,78b69000794d0937b47ae3387eff7663410264d1,fp8_e4m3_kv_fp8_q,1,32768,128,64,2048,0,38,,select,cudagraph,cuda_event_grouped_2,49.056,ok,,32768,64,,2,20,deepgemm_fp8_paged_mqa|fixed|B1|N32768
dsa-quick,dsa,fixed,deepgemm_fp8_paged_mqa,78b69000794d0937b47ae3387eff7663410264d1,fp8_e4m3_kv_fp8_q,1,32768,128,64,2048,0,39,,select,cudagraph,cuda_event_grouped_2,49.168,ok,,32768,64,,2,20,deepgemm_fp8_paged_mqa|fixed|B1|N32768
dsa-quick,dsa,fixed,deepgemm_fp8_paged_mqa,78b69000794d0937b47ae3387eff7663410264d1,fp8_e4m3_kv_fp8_q,1,32768,128,64,2048,0,40,,select,cudagraph,cuda_event_grouped_2,49.184,ok,,32768,64,,2,20,deepgemm_fp8_paged_mqa|fixed|B1|N32768
dsa-quick,dsa,fixed,deepgemm_fp8_paged_mqa,78b69000794d0937b47ae3387eff7663410264d1,fp8_e4m3_kv_fp8_q,1,32768,128,64,2048,0,41,,select,cudagraph,cuda_event_grouped_2,49.136,ok,,32768,64,,2,20,deepgemm_fp8_paged_mqa|fixed|B1|N32768
dsa-quick,dsa,fixed,deepgemm_fp8_paged_mqa,78b69000794d0937b47ae3387eff7663410264d1,fp8_e4m3_kv_fp8_q,1,32768,128,64,2048,0,42,,select,cudagraph,cuda_event_grouped_2,49.168,ok,,32768,64,,2,20,deepgemm_fp8_paged_mqa|fixed|B1|N32768
dsa-quick,dsa,fixed,deepgemm_fp8_paged_mqa,78b69000794d0937b47ae3387eff7663410264d1,fp8_e4m3_kv_fp8_q,1,32768,128,64,2048,0,43,,select,cudagraph,cuda_event_grouped_2,49.28,ok,,32768,64,,2,20,deepgemm_fp8_paged_mqa|fixed|B1|N32768
dsa-quick,dsa,fixed,deepgemm_fp8_paged_mqa,78b69000794d0937b47ae3387eff7663410264d1,fp8_e4m3_kv_fp8_q,1,32768,128,64,2048,0,44,,select,cudagraph,cuda_event_grouped_2,48.8,ok,,32768,64,,2,20,deepgemm_fp8_paged_mqa|fixed|B1|N32768
dsa-quick,dsa,fixed,deepgemm_fp8_paged_mqa,78b69000794d0937b47ae3387eff7663410264d1,fp8_e4m3_kv_fp8_q,1,32768,128,64,2048,0,45,,select,cudagraph,cuda_event_grouped_2,49.184,ok,,32768,64,,2,20,deepgemm_fp8_paged_mqa|fixed|B1|N32768
dsa-quick,dsa,fixed,deepgemm_fp8_paged_mqa,78b69000794d0937b47ae3387eff7663410264d1,fp8_e4m3_kv_fp8_q,1,32768,128,64,2048,0,46,,select,cudagraph,cuda_event_grouped_2,49.168,ok,,32768,64,,2,20,deepgemm_fp8_paged_mqa|fixed|B1|N32768
dsa-quick,dsa,fixed,deepgemm_fp8_paged_mqa,78b69000794d0937b47ae3387eff7663410264d1,fp8_e4m3_kv_fp8_q,1,32768,128,64,2048,0,47,,select,cudagraph,cuda_event_grouped_2,49.104,ok,,32768,64,,2,20,deepgemm_fp8_paged_mqa|fixed|B1|N32768
dsa-quick,dsa,fixed,deepgemm_fp8_paged_mqa,78b69000794d0937b47ae3387eff7663410264d1,fp8_e4m3_kv_fp8_q,1,32768,128,64,2048,0,48,,select,cudagraph,cuda_event_grouped_2,49.104,ok,,32768,64,,2,20,deepgemm_fp8_paged_mqa|fixed|B1|N32768
dsa-quick,dsa,fixed,deepgemm_fp8_paged_mqa,78b69000794d0937b47ae3387eff7663410264d1,fp8_e4m3_kv_fp8_q,1,32768,128,64,2048,0,49,,select,cudagraph,cuda_event_grouped_2,49.168,ok,,32768,64,,2,20,deepgemm_fp8_paged_mqa|fixed|B1|N32768
dsa-quick,dsa,fixed,deepgemm_fp8_paged_mqa,78b69000794d0937b47ae3387eff7663410264d1,fp8_e4m3_kv_fp8_q,1,32768,128,64,2048,0,50,,select,cudagraph,cuda_event_grouped_2,49.136,ok,,32768,64,,2,20,deepgemm_fp8_paged_mqa|fixed|B1|N32768
dsa-quick,dsa,fixed,deepgemm_fp8_paged_mqa,78b69000794d0937b47ae3387eff7663410264d1,fp8_e4m3_kv_fp8_q,1,32768,128,64,2048,0,51,,select,cudagraph,cuda_event_grouped_2,49.2,ok,,32768,64,,2,20,deepgemm_fp8_paged_mqa|fixed|B1|N32768
dsa-quick,dsa,fixed,deepgemm_fp8_paged_mqa,78b69000794d0937b47ae3387eff7663410264d1,fp8_e4m3_kv_fp8_q,1,32768,128,64,2048,0,52,,select,cudagraph,cuda_event_grouped_2,49.088,ok,,32768,64,,2,20,deepgemm_fp8_paged_mqa|fixed|B1|N32768
dsa-quick,dsa,fixed,deepgemm_fp8_paged_mqa,78b69000794d0937b47ae3387eff7663410264d1,fp8_e4m3_kv_fp8_q,1,32768,128,64,2048,0,53,,select,cudagraph,cuda_event_grouped_2,49.28,ok,,32768,64,,2,20,deepgemm_fp8_paged_mqa|fixed|B1|N32768
dsa-quick,dsa,fixed,deepgemm_fp8_paged_mqa,78b69000794d0937b47ae3387eff7663410264d1,fp8_e4m3_kv_fp8_q,1,32768,128,64,2048,0,54,,select,cudagraph,cuda_event_grouped_2,49.104,ok,,32768,64,,2,20,deepgemm_fp8_paged_mqa|fixed|B1|N32768
dsa-quick,dsa,fixed,deepgemm_fp8_paged_mqa,78b69000794d0937b47ae3387eff7663410264d1,fp8_e4m3_kv_fp8_q,1,32768,128,64,2048,0,55,,select,cudagraph,cuda_event_grouped_2,49.2,ok,,32768,64,,2,20,deepgemm_fp8_paged_mqa|fixed|B1|N32768
dsa-quick,dsa,fixed,deepgemm_fp8_paged_mqa,78b69000794d0937b47ae3387eff7663410264d1,fp8_e4m3_kv_fp8_q,1,32768,128,64,2048,0,56,,select,cudagraph,cuda_event_grouped_2,49.024,ok,,32768,64,,2,20,deepgemm_fp8_paged_mqa|fixed|B1|N32768
dsa-quick,dsa,fixed,deepgemm_fp8_paged_mqa,78b69000794d0937b47ae3387eff7663410264d1,fp8_e4m3_kv_fp8_q,1,32768,128,64,2048,0,57,,select,cudagraph,cuda_event_grouped_2,49.792,ok,,32768,64,,2,20,deepgemm_fp8_paged_mqa|fixed|B1|N32768
dsa-quick,dsa,fixed,deepgemm_fp8_paged_mqa,78b69000794d0937b47ae3387eff7663410264d1,fp8_e4m3_kv_fp8_q,1,32768,128,64,2048,0,58,,select,cudagraph,cuda_event_grouped_2,49.488,ok,,32768,64,,2,20,deepgemm_fp8_paged_mqa|fixed|B1|N32768
dsa-quick,dsa,fixed,deepgemm_fp8_paged_mqa,78b69000794d0937b47ae3387eff7663410264d1,fp8_e4m3_kv_fp8_q,1,32768,128,64,2048,0,59,,select,cudagraph,cuda_event_grouped_2,49.408,ok,,32768,64,,2,20,deepgemm_fp8_paged_mqa|fixed|B1|N32768
dsa-quick,dsa,fixed,deepgemm_fp8_paged_mqa,78b69000794d0937b47ae3387eff7663410264d1,fp8_e4m3_kv_fp8_q,1,32768,128,64,2048,0,60,,select,cudagraph,cuda_event_grouped_2,49.456,ok,,32768,64,,2,20,deepgemm_fp8_paged_mqa|fixed|B1|N32768
dsa-quick,dsa,fixed,deepgemm_fp8_paged_mqa,78b69000794d0937b47ae3387eff7663410264d1,fp8_e4m3_kv_fp8_q,1,32768,128,64,2048,0,61,,select,cudagraph,cuda_event_grouped_2,49.152,ok,,32768,64,,2,20,deepgemm_fp8_paged_mqa|fixed|B1|N32768
dsa-quick,dsa,fixed,deepgemm_fp8_paged_mqa,78b69000794d0937b47ae3387eff7663410264d1,fp8_e4m3_kv_fp8_q,1,32768,128,64,2048,0,62,,select,cudagraph,cuda_event_grouped_2,49.312,ok,,32768,64,,2,20,deepgemm_fp8_paged_mqa|fixed|B1|N32768
dsa-quick,dsa,fixed,deepgemm_fp8_paged_mqa,78b69000794d0937b47ae3387eff7663410264d1,fp8_e4m3_kv_fp8_q,1,32768,128,64,2048,0,63,,select,cudagraph,cuda_event_grouped_2,49.424,ok,,32768,64,,2,20,deepgemm_fp8_paged_mqa|fixed|B1|N32768
dsa-quick,dsa,fixed,deepgemm_fp8_paged_mqa,78b69000794d0937b47ae3387eff7663410264d1,fp8_e4m3_kv_fp8_q,1,32768,128,64,2048,0,64,,select,cudagraph,cuda_event_grouped_2,49.568,ok,,32768,64,,2,20,deepgemm_fp8_paged_mqa|fixed|B1|N32768
dsa-quick,dsa,fixed,deepgemm_fp8_paged_mqa,78b69000794d0937b47ae3387eff7663410264d1,fp8_e4m3_kv_fp8_q,1,32768,128,64,2048,0,65,,select,cudagraph,cuda_event_grouped_2,49.328,ok,,32768,64,,2,20,deepgemm_fp8_paged_mqa|fixed|B1|N32768
dsa-quick,dsa,fixed,deepgemm_fp8_paged_mqa,78b69000794d0937b47ae3387eff7663410264d1,fp8_e4m3_kv_fp8_q,1,32768,128,64,2048,0,66,,select,cudagraph,cuda_event_grouped_2,49.344,ok,,32768,64,,2,20,deepgemm_fp8_paged_mqa|fixed|B1|N32768
dsa-quick,dsa,fixed,deepgemm_fp8_paged_mqa,78b69000794d0937b47ae3387eff7663410264d1,fp8_e4m3_kv_fp8_q,1,32768,128,64,2048,0,67,,select,cudagraph,cuda_event_grouped_2,49.424,ok,,32768,64,,2,20,deepgemm_fp8_paged_mqa|fixed|B1|N32768
dsa-quick,dsa,fixed,deepgemm_fp8_paged_mqa,78b69000794d0937b47ae3387eff7663410264d1,fp8_e4m3_kv_fp8_q,1,32768,128,64,2048,0,68,,select,cudagraph,cuda_event_grouped_2,49.136,ok,,32768,64,,2,20,deepgemm_fp8_paged_mqa|fixed|B1|N32768
dsa-quick,dsa,fixed,deepgemm_fp8_paged_mqa,78b69000794d0937b47ae3387eff7663410264d1,fp8_e4m3_kv_fp8_q,1,32768,128,64,2048,0,69,,select,cudagraph,cuda_event_grouped_2,49.392,ok,,32768,64,,2,20,deepgemm_fp8_paged_mqa|fixed|B1|N32768
dsa-quick,dsa,fixed,deepgemm_fp8_paged_mqa,78b69000794d0937b47ae3387eff7663410264d1,fp8_e4m3_kv_fp8_q,1,32768,128,64,2048,0,70,,select,cudagraph,cuda_event_grouped_2,49.488,ok,,32768,64,,2,20,deepgemm_fp8_paged_mqa|fixed|B1|N32768
dsa-quick,dsa,fixed,deepgemm_fp8_paged_mqa,78b69000794d0937b47ae3387eff7663410264d1,fp8_e4m3_kv_fp8_q,1,32768,128,64,2048,0,71,,select,cudagraph,cuda_event_grouped_2,49.472,ok,,32768,64,,2,20,deepgemm_fp8_paged_mqa|fixed|B1|N32768
dsa-quick,dsa,fixed,deepgemm_fp8_paged_mqa,78b69000794d0937b47ae3387eff7663410264d1,fp8_e4m3_kv_fp8_q,1,32768,128,64,2048,0,72,,select,cudagraph,cuda_event_grouped_2,49.36,ok,,32768,64,,2,20,deepgemm_fp8_paged_mqa|fixed|B1|N32768
dsa-quick,dsa,fixed,deepgemm_fp8_paged_mqa,78b69000794d0937b47ae3387eff7663410264d1,fp8_e4m3_kv_fp8_q,1,32768,128,64,2048,0,73,,select,cudagraph,cuda_event_grouped_2,49.536,ok,,32768,64,,2,20,deepgemm_fp8_paged_mqa|fixed|B1|N32768
dsa-quick,dsa,fixed,deepgemm_fp8_paged_mqa,78b69000794d0937b47ae3387eff7663410264d1,fp8_e4m3_kv_fp8_q,1,32768,128,64,2048,0,74,,select,cudagraph,cuda_event_grouped_2,49.408,ok,,32768,64,,2,20,deepgemm_fp8_paged_mqa|fixed|B1|N32768
dsa-quick,dsa,fixed,deepgemm_fp8_paged_mqa,78b69000794d0937b47ae3387eff7663410264d1,fp8_e4m3_kv_fp8_q,1,32768,128,64,2048,0,75,,select,cudagraph,cuda_event_grouped_2,50.048,ok,,32768,64,,2,20,deepgemm_fp8_paged_mqa|fixed|B1|N32768
dsa-quick,dsa,fixed,deepgemm_fp8_paged_mqa,78b69000794d0937b47ae3387eff7663410264d1,fp8_e4m3_kv_fp8_q,1,32768,128,64,2048,0,76,,select,cudagraph,cuda_event_grouped_2,49.024,ok,,32768,64,,2,20,deepgemm_fp8_paged_mqa|fixed|B1|N32768
dsa-quick,dsa,fixed,deepgemm_fp8_paged_mqa,78b69000794d0937b47ae3387eff7663410264d1,fp8_e4m3_kv_fp8_q,1,32768,128,64,2048,0,77,,select,cudagraph,cuda_event_grouped_2,49.424,ok,,32768,64,,2,20,deepgemm_fp8_paged_mqa|fixed|B1|N32768
dsa-quick,dsa,fixed,deepgemm_fp8_paged_mqa,78b69000794d0937b47ae3387eff7663410264d1,fp8_e4m3_kv_fp8_q,1,32768,128,64,2048,0,78,,select,cudagraph,cuda_event_grouped_2,49.28,ok,,32768,64,,2,20,deepgemm_fp8_paged_mqa|fixed|B1|N32768
dsa-quick,dsa,fixed,deepgemm_fp8_paged_mqa,78b69000794d0937b47ae3387eff7663410264d1,fp8_e4m3_kv_fp8_q,1,32768,128,64,2048,0,79,,select,cudagraph,cuda_event_grouped_2,49.328,ok,,32768,64,,2,20,deepgemm_fp8_paged_mqa|fixed|B1|N32768
dsa-quick,dsa,fixed,deepgemm_fp8_paged_mqa,78b69000794d0937b47ae3387eff7663410264d1,fp8_e4m3_kv_fp8_q,1,32768,128,64,2048,0,80,,select,cudagraph,cuda_event_grouped_2,49.328,ok,,32768,64,,2,20,deepgemm_fp8_paged_mqa|fixed|B1|N32768
dsa-quick,dsa,fixed,deepgemm_fp8_paged_mqa,78b69000794d0937b47ae3387eff7663410264d1,fp8_e4m3_kv_fp8_q,1,32768,128,64,2048,0,81,,select,cudagraph,cuda_event_grouped_2,49.28,ok,,32768,64,,2,20,deepgemm_fp8_paged_mqa|fixed|B1|N32768
dsa-quick,dsa,fixed,deepgemm_fp8_paged_mqa,78b69000794d0937b47ae3387eff7663410264d1,fp8_e4m3_kv_fp8_q,1,32768,128,64,2048,0,82,,select,cudagraph,cuda_event_grouped_2,49.232,ok,,32768,64,,2,20,deepgemm_fp8_paged_mqa|fixed|B1|N32768
dsa-quick,dsa,fixed,deepgemm_fp8_paged_mqa,78b69000794d0937b47ae3387eff7663410264d1,fp8_e4m3_kv_fp8_q,1,32768,128,64,2048,0,83,,select,cudagraph,cuda_event_grouped_2,49.472,ok,,32768,64,,2,20,deepgemm_fp8_paged_mqa|fixed|B1|N32768
dsa-quick,dsa,fixed,deepgemm_fp8_paged_mqa,78b69000794d0937b47ae3387eff7663410264d1,fp8_e4m3_kv_fp8_q,1,32768,128,64,2048,0,84,,select,cudagraph,cuda_event_grouped_2,49.184,ok,,32768,64,,2,20,deepgemm_fp8_paged_mqa|fixed|B1|N32768
dsa-quick,dsa,fixed,deepgemm_fp8_paged_mqa,78b69000794d0937b47ae3387eff7663410264d1,fp8_e4m3_kv_fp8_q,1,32768,128,64,2048,0,85,,select,cudagraph,cuda_event_grouped_2,49.408,ok,,32768,64,,2,20,deepgemm_fp8_paged_mqa|fixed|B1|N32768
dsa-quick,dsa,fixed,deepgemm_fp8_paged_mqa,78b69000794d0937b47ae3387eff7663410264d1,fp8_e4m3_kv_fp8_q,1,32768,128,64,2048,0,86,,select,cudagraph,cuda_event_grouped_2,49.488,ok,,32768,64,,2,20,deepgemm_fp8_paged_mqa|fixed|B1|N32768
dsa-quick,dsa,fixed,deepgemm_fp8_paged_mqa,78b69000794d0937b47ae3387eff7663410264d1,fp8_e4m3_kv_fp8_q,1,32768,128,64,2048,0,87,,select,cudagraph,cuda_event_grouped_2,49.248,ok,,32768,64,,2,20,deepgemm_fp8_paged_mqa|fixed|B1|N32768
dsa-quick,dsa,fixed,deepgemm_fp8_paged_mqa,78b69000794d0937b47ae3387eff7663410264d1,fp8_e4m3_kv_fp8_q,1,32768,128,64,2048,0,88,,select,cudagraph,cuda_event_grouped_2,49.328,ok,,32768,64,,2,20,deepgemm_fp8_paged_mqa|fixed|B1|N32768
dsa-quick,dsa,fixed,deepgemm_fp8_paged_mqa,78b69000794d0937b47ae3387eff7663410264d1,fp8_e4m3_kv_fp8_q,1,32768,128,64,2048,0,89,,select,cudagraph,cuda_event_grouped_2,49.232,ok,,32768,64,,2,20,deepgemm_fp8_paged_mqa|fixed|B1|N32768
dsa-quick,dsa,fixed,deepgemm_fp8_paged_mqa,78b69000794d0937b47ae3387eff7663410264d1,fp8_e4m3_kv_fp8_q,1,32768,128,64,2048,0,90,,select,cudagraph,cuda_event_grouped_2,49.328,ok,,32768,64,,2,20,deepgemm_fp8_paged_mqa|fixed|B1|N32768
dsa-quick,dsa,fixed,deepgemm_fp8_paged_mqa,78b69000794d0937b47ae3387eff7663410264d1,fp8_e4m3_kv_fp8_q,1,32768,128,64,2048,0,91,,select,cudagraph,cuda_event_grouped_2,49.408,ok,,32768,64,,2,20,deepgemm_fp8_paged_mqa|fixed|B1|N32768
dsa-quick,dsa,fixed,deepgemm_fp8_paged_mqa,78b69000794d0937b47ae3387eff7663410264d1,fp8_e4m3_kv_fp8_q,1,32768,128,64,2048,0,92,,select,cudagraph,cuda_event_grouped_2,49.328,ok,,32768,64,,2,20,deepgemm_fp8_paged_mqa|fixed|B1|N32768
dsa-quick,dsa,fixed,deepgemm_fp8_paged_mqa,78b69000794d0937b47ae3387eff7663410264d1,fp8_e4m3_kv_fp8_q,1,32768,128,64,2048,0,93,,select,cudagraph,cuda_event_grouped_2,49.344,ok,,32768,64,,2,20,deepgemm_fp8_paged_mqa|fixed|B1|N32768
dsa-quick,dsa,fixed,deepgemm_fp8_paged_mqa,78b69000794d0937b47ae3387eff7663410264d1,fp8_e4m3_kv_fp8_q,1,32768,128,64,2048,0,94,,select,cudagraph,cuda_event_grouped_2,49.28,ok,,32768,64,,2,20,deepgemm_fp8_paged_mqa|fixed|B1|N32768
dsa-quick,dsa,fixed,deepgemm_fp8_paged_mqa,78b69000794d0937b47ae3387eff7663410264d1,fp8_e4m3_kv_fp8_q,1,32768,128,64,2048,0,95,,select,cudagraph,cuda_event_grouped_2,49.408,ok,,32768,64,,2,20,deepgemm_fp8_paged_mqa|fixed|B1|N32768
dsa-quick,dsa,fixed,deepgemm_fp8_paged_mqa,78b69000794d0937b47ae3387eff7663410264d1,fp8_e4m3_kv_fp8_q,1,32768,128,64,2048,0,96,,select,cudagraph,cuda_event_grouped_2,49.344,ok,,32768,64,,2,20,deepgemm_fp8_paged_mqa|fixed|B1|N32768
dsa-quick,dsa,fixed,deepgemm_fp8_paged_mqa,78b69000794d0937b47ae3387eff7663410264d1,fp8_e4m3_kv_fp8_q,1,32768,128,64,2048,0,97,,select,cudagraph,cuda_event_grouped_2,49.232,ok,,32768,64,,2,20,deepgemm_fp8_paged_mqa|fixed|B1|N32768
dsa-quick,dsa,fixed,deepgemm_fp8_paged_mqa,78b69000794d0937b47ae3387eff7663410264d1,fp8_e4m3_kv_fp8_q,1,32768,128,64,2048,0,98,,select,cudagraph,cuda_event_grouped_2,49.328,ok,,32768,64,,2,20,deepgemm_fp8_paged_mqa|fixed|B1|N32768
dsa-quick,dsa,fixed,deepgemm_fp8_paged_mqa,78b69000794d0937b47ae3387eff7663410264d1,fp8_e4m3_kv_fp8_q,1,32768,128,64,2048,0,99,,select,cudagraph,cuda_event_grouped_2,49.36,ok,,32768,64,,2,20,deepgemm_fp8_paged_mqa|fixed|B1|N32768
dsa-quick,dsa,fixed,deepgemm_fp8_paged_mqa,78b69000794d0937b47ae3387eff7663410264d1,fp8_e4m3_kv_fp8_q,1,32768,128,64,2048,0,0,,combined,cudagraph,cuda_event_per_iter,59.392,ok,,32768,64,,1,20,deepgemm_fp8_paged_mqa|fixed|B1|N32768
dsa-quick,dsa,fixed,deepgemm_fp8_paged_mqa,78b69000794d0937b47ae3387eff7663410264d1,fp8_e4m3_kv_fp8_q,1,32768,128,64,2048,0,1,,combined,cudagraph,cuda_event_per_iter,59.072,ok,,32768,64,,1,20,deepgemm_fp8_paged_mqa|fixed|B1|N32768
dsa-quick,dsa,fixed,deepgemm_fp8_paged_mqa,78b69000794d0937b47ae3387eff7663410264d1,fp8_e4m3_kv_fp8_q,1,32768,128,64,2048,0,2,,combined,cudagraph,cuda_event_per_iter,59.232,ok,,32768,64,,1,20,deepgemm_fp8_paged_mqa|fixed|B1|N32768
dsa-quick,dsa,fixed,deepgemm_fp8_paged_mqa,78b69000794d0937b47ae3387eff7663410264d1,fp8_e4m3_kv_fp8_q,1,32768,128,64,2048,0,3,,combined,cudagraph,cuda_event_per_iter,58.88,ok,,32768,64,,1,20,deepgemm_fp8_paged_mqa|fixed|B1|N32768
dsa-quick,dsa,fixed,deepgemm_fp8_paged_mqa,78b69000794d0937b47ae3387eff7663410264d1,fp8_e4m3_kv_fp8_q,1,32768,128,64,2048,0,4,,combined,cudagraph,cuda_event_per_iter,59.616,ok,,32768,64,,1,20,deepgemm_fp8_paged_mqa|fixed|B1|N32768
dsa-quick,dsa,fixed,deepgemm_fp8_paged_mqa,78b69000794d0937b47ae3387eff7663410264d1,fp8_e4m3_kv_fp8_q,1,32768,128,64,2048,0,5,,combined,cudagraph,cuda_event_per_iter,59.744,ok,,32768,64,,1,20,deepgemm_fp8_paged_mqa|fixed|B1|N32768
dsa-quick,dsa,fixed,deepgemm_fp8_paged_mqa,78b69000794d0937b47ae3387eff7663410264d1,fp8_e4m3_kv_fp8_q,1,32768,128,64,2048,0,6,,combined,cudagraph,cuda_event_per_iter,58.88,ok,,32768,64,,1,20,deepgemm_fp8_paged_mqa|fixed|B1|N32768
dsa-quick,dsa,fixed,deepgemm_fp8_paged_mqa,78b69000794d0937b47ae3387eff7663410264d1,fp8_e4m3_kv_fp8_q,1,32768,128,64,2048,0,7,,combined,cudagraph,cuda_event_per_iter,58.816,ok,,32768,64,,1,20,deepgemm_fp8_paged_mqa|fixed|B1|N32768
dsa-quick,dsa,fixed,deepgemm_fp8_paged_mqa,78b69000794d0937b47ae3387eff7663410264d1,fp8_e4m3_kv_fp8_q,1,32768,128,64,2048,0,8,,combined,cudagraph,cuda_event_per_iter,59.36,ok,,32768,64,,1,20,deepgemm_fp8_paged_mqa|fixed|B1|N32768
dsa-quick,dsa,fixed,deepgemm_fp8_paged_mqa,78b69000794d0937b47ae3387eff7663410264d1,fp8_e4m3_kv_fp8_q,1,32768,128,64,2048,0,9,,combined,cudagraph,cuda_event_per_iter,59.168,ok,,32768,64,,1,20,deepgemm_fp8_paged_mqa|fixed|B1|N32768
dsa-quick,dsa,fixed,deepgemm_fp8_paged_mqa,78b69000794d0937b47ae3387eff7663410264d1,fp8_e4m3_kv_fp8_q,1,32768,128,64,2048,0,10,,combined,cudagraph,cuda_event_per_iter,59.072,ok,,32768,64,,1,20,deepgemm_fp8_paged_mqa|fixed|B1|N32768
dsa-quick,dsa,fixed,deepgemm_fp8_paged_mqa,78b69000794d0937b47ae3387eff7663410264d1,fp8_e4m3_kv_fp8_q,1,32768,128,64,2048,0,11,,combined,cudagraph,cuda_event_per_iter,59.104,ok,,32768,64,,1,20,deepgemm_fp8_paged_mqa|fixed|B1|N32768
dsa-quick,dsa,fixed,deepgemm_fp8_paged_mqa,78b69000794d0937b47ae3387eff7663410264d1,fp8_e4m3_kv_fp8_q,1,32768,128,64,2048,0,12,,combined,cudagraph,cuda_event_per_iter,59.488,ok,,32768,64,,1,20,deepgemm_fp8_paged_mqa|fixed|B1|N32768
dsa-quick,dsa,fixed,deepgemm_fp8_paged_mqa,78b69000794d0937b47ae3387eff7663410264d1,fp8_e4m3_kv_fp8_q,1,32768,128,64,2048,0,13,,combined,cudagraph,cuda_event_per_iter,58.944,ok,,32768,64,,1,20,deepgemm_fp8_paged_mqa|fixed|B1|N32768
dsa-quick,dsa,fixed,deepgemm_fp8_paged_mqa,78b69000794d0937b47ae3387eff7663410264d1,fp8_e4m3_kv_fp8_q,1,32768,128,64,2048,0,14,,combined,cudagraph,cuda_event_per_iter,59.488,ok,,32768,64,,1,20,deepgemm_fp8_paged_mqa|fixed|B1|N32768
dsa-quick,dsa,fixed,deepgemm_fp8_paged_mqa,78b69000794d0937b47ae3387eff7663410264d1,fp8_e4m3_kv_fp8_q,1,32768,128,64,2048,0,15,,combined,cudagraph,cuda_event_per_iter,59.008,ok,,32768,64,,1,20,deepgemm_fp8_paged_mqa|fixed|B1|N32768
dsa-quick,dsa,fixed,deepgemm_fp8_paged_mqa,78b69000794d0937b47ae3387eff7663410264d1,fp8_e4m3_kv_fp8_q,1,32768,128,64,2048,0,16,,combined,cudagraph,cuda_event_per_iter,59.36,ok,,32768,64,,1,20,deepgemm_fp8_paged_mqa|fixed|B1|N32768
dsa-quick,dsa,fixed,deepgemm_fp8_paged_mqa,78b69000794d0937b47ae3387eff7663410264d1,fp8_e4m3_kv_fp8_q,1,32768,128,64,2048,0,17,,combined,cudagraph,cuda_event_per_iter,58.848,ok,,32768,64,,1,20,deepgemm_fp8_paged_mqa|fixed|B1|N32768
dsa-quick,dsa,fixed,deepgemm_fp8_paged_mqa,78b69000794d0937b47ae3387eff7663410264d1,fp8_e4m3_kv_fp8_q,1,32768,128,64,2048,0,18,,combined,cudagraph,cuda_event_per_iter,58.912,ok,,32768,64,,1,20,deepgemm_fp8_paged_mqa|fixed|B1|N32768
dsa-quick,dsa,fixed,deepgemm_fp8_paged_mqa,78b69000794d0937b47ae3387eff7663410264d1,fp8_e4m3_kv_fp8_q,1,32768,128,64,2048,0,19,,combined,cudagraph,cuda_event_per_iter,59.808,ok,,32768,64,,1,20,deepgemm_fp8_paged_mqa|fixed|B1|N32768
dsa-quick,dsa,fixed,deepgemm_fp8_paged_mqa,78b69000794d0937b47ae3387eff7663410264d1,fp8_e4m3_kv_fp8_q,1,32768,128,64,2048,0,20,,combined,cudagraph,cuda_event_per_iter,58.976,ok,,32768,64,,1,20,deepgemm_fp8_paged_mqa|fixed|B1|N32768
dsa-quick,dsa,fixed,deepgemm_fp8_paged_mqa,78b69000794d0937b47ae3387eff7663410264d1,fp8_e4m3_kv_fp8_q,1,32768,128,64,2048,0,21,,combined,cudagraph,cuda_event_per_iter,59.456,ok,,32768,64,,1,20,deepgemm_fp8_paged_mqa|fixed|B1|N32768
dsa-quick,dsa,fixed,deepgemm_fp8_paged_mqa,78b69000794d0937b47ae3387eff7663410264d1,fp8_e4m3_kv_fp8_q,1,32768,128,64,2048,0,22,,combined,cudagraph,cuda_event_per_iter,59.52,ok,,32768,64,,1,20,deepgemm_fp8_paged_mqa|fixed|B1|N32768
dsa-quick,dsa,fixed,deepgemm_fp8_paged_mqa,78b69000794d0937b47ae3387eff7663410264d1,fp8_e4m3_kv_fp8_q,1,32768,128,64,2048,0,23,,combined,cudagraph,cuda_event_per_iter,58.912,ok,,32768,64,,1,20,deepgemm_fp8_paged_mqa|fixed|B1|N32768
dsa-quick,dsa,fixed,deepgemm_fp8_paged_mqa,78b69000794d0937b47ae3387eff7663410264d1,fp8_e4m3_kv_fp8_q,1,32768,128,64,2048,0,24,,combined,cudagraph,cuda_event_per_iter,59.584,ok,,32768,64,,1,20,deepgemm_fp8_paged_mqa|fixed|B1|N32768
dsa-quick,dsa,fixed,deepgemm_fp8_paged_mqa,78b69000794d0937b47ae3387eff7663410264d1,fp8_e4m3_kv_fp8_q,1,32768,128,64,2048,0,25,,combined,cudagraph,cuda_event_per_iter,58.944,ok,,32768,64,,1,20,deepgemm_fp8_paged_mqa|fixed|B1|N32768
dsa-quick,dsa,fixed,deepgemm_fp8_paged_mqa,78b69000794d0937b47ae3387eff7663410264d1,fp8_e4m3_kv_fp8_q,1,32768,128,64,2048,0,26,,combined,cudagraph,cuda_event_per_iter,59.264,ok,,32768,64,,1,20,deepgemm_fp8_paged_mqa|fixed|B1|N32768
dsa-quick,dsa,fixed,deepgemm_fp8_paged_mqa,78b69000794d0937b47ae3387eff7663410264d1,fp8_e4m3_kv_fp8_q,1,32768,128,64,2048,0,27,,combined,cudagraph,cuda_event_per_iter,59.136,ok,,32768,64,,1,20,deepgemm_fp8_paged_mqa|fixed|B1|N32768
dsa-quick,dsa,fixed,deepgemm_fp8_paged_mqa,78b69000794d0937b47ae3387eff7663410264d1,fp8_e4m3_kv_fp8_q,1,32768,128,64,2048,0,28,,combined,cudagraph,cuda_event_per_iter,59.008,ok,,32768,64,,1,20,deepgemm_fp8_paged_mqa|fixed|B1|N32768
dsa-quick,dsa,fixed,deepgemm_fp8_paged_mqa,78b69000794d0937b47ae3387eff7663410264d1,fp8_e4m3_kv_fp8_q,1,32768,128,64,2048,0,29,,combined,cudagraph,cuda_event_per_iter,59.552,ok,,32768,64,,1,20,deepgemm_fp8_paged_mqa|fixed|B1|N32768
dsa-quick,dsa,fixed,deepgemm_fp8_paged_mqa,78b69000794d0937b47ae3387eff7663410264d1,fp8_e4m3_kv_fp8_q,1,32768,128,64,2048,0,30,,combined,cudagraph,cuda_event_per_iter,59.392,ok,,32768,64,,1,20,deepgemm_fp8_paged_mqa|fixed|B1|N32768
dsa-quick,dsa,fixed,deepgemm_fp8_paged_mqa,78b69000794d0937b47ae3387eff7663410264d1,fp8_e4m3_kv_fp8_q,1,32768,128,64,2048,0,31,,combined,cudagraph,cuda_event_per_iter,59.168,ok,,32768,64,,1,20,deepgemm_fp8_paged_mqa|fixed|B1|N32768
dsa-quick,dsa,fixed,deepgemm_fp8_paged_mqa,78b69000794d0937b47ae3387eff7663410264d1,fp8_e4m3_kv_fp8_q,1,32768,128,64,2048,0,32,,combined,cudagraph,cuda_event_per_iter,58.816,ok,,32768,64,,1,20,deepgemm_fp8_paged_mqa|fixed|B1|N32768
dsa-quick,dsa,fixed,deepgemm_fp8_paged_mqa,78b69000794d0937b47ae3387eff7663410264d1,fp8_e4m3_kv_fp8_q,1,32768,128,64,2048,0,33,,combined,cudagraph,cuda_event_per_iter,59.168,ok,,32768,64,,1,20,deepgemm_fp8_paged_mqa|fixed|B1|N32768
dsa-quick,dsa,fixed,deepgemm_fp8_paged_mqa,78b69000794d0937b47ae3387eff7663410264d1,fp8_e4m3_kv_fp8_q,1,32768,128,64,2048,0,34,,combined,cudagraph,cuda_event_per_iter,59.104,ok,,32768,64,,1,20,deepgemm_fp8_paged_mqa|fixed|B1|N32768
dsa-quick,dsa,fixed,deepgemm_fp8_paged_mqa,78b69000794d0937b47ae3387eff7663410264d1,fp8_e4m3_kv_fp8_q,1,32768,128,64,2048,0,35,,combined,cudagraph,cuda_event_per_iter,59.232,ok,,32768,64,,1,20,deepgemm_fp8_paged_mqa|fixed|B1|N32768
dsa-quick,dsa,fixed,deepgemm_fp8_paged_mqa,78b69000794d0937b47ae3387eff7663410264d1,fp8_e4m3_kv_fp8_q,1,32768,128,64,2048,0,36,,combined,cudagraph,cuda_event_per_iter,59.104,ok,,32768,64,,1,20,deepgemm_fp8_paged_mqa|fixed|B1|N32768
dsa-quick,dsa,fixed,deepgemm_fp8_paged_mqa,78b69000794d0937b47ae3387eff7663410264d1,fp8_e4m3_kv_fp8_q,1,32768,128,64,2048,0,37,,combined,cudagraph,cuda_event_per_iter,59.232,ok,,32768,64,,1,20,deepgemm_fp8_paged_mqa|fixed|B1|N32768
dsa-quick,dsa,fixed,deepgemm_fp8_paged_mqa,78b69000794d0937b47ae3387eff7663410264d1,fp8_e4m3_kv_fp8_q,1,32768,128,64,2048,0,38,,combined,cudagraph,cuda_event_per_iter,59.072,ok,,32768,64,,1,20,deepgemm_fp8_paged_mqa|fixed|B1|N32768
dsa-quick,dsa,fixed,deepgemm_fp8_paged_mqa,78b69000794d0937b47ae3387eff7663410264d1,fp8_e4m3_kv_fp8_q,1,32768,128,64,2048,0,39,,combined,cudagraph,cuda_event_per_iter,58.976,ok,,32768,64,,1,20,deepgemm_fp8_paged_mqa|fixed|B1|N32768
dsa-quick,dsa,fixed,deepgemm_fp8_paged_mqa,78b69000794d0937b47ae3387eff7663410264d1,fp8_e4m3_kv_fp8_q,1,32768,128,64,2048,0,40,,combined,cudagraph,cuda_event_per_iter,59.072,ok,,32768,64,,1,20,deepgemm_fp8_paged_mqa|fixed|B1|N32768
dsa-quick,dsa,fixed,deepgemm_fp8_paged_mqa,78b69000794d0937b47ae3387eff7663410264d1,fp8_e4m3_kv_fp8_q,1,32768,128,64,2048,0,41,,combined,cudagraph,cuda_event_per_iter,58.976,ok,,32768,64,,1,20,deepgemm_fp8_paged_mqa|fixed|B1|N32768
dsa-quick,dsa,fixed,deepgemm_fp8_paged_mqa,78b69000794d0937b47ae3387eff7663410264d1,fp8_e4m3_kv_fp8_q,1,32768,128,64,2048,0,42,,combined,cudagraph,cuda_event_per_iter,59.008,ok,,32768,64,,1,20,deepgemm_fp8_paged_mqa|fixed|B1|N32768
dsa-quick,dsa,fixed,deepgemm_fp8_paged_mqa,78b69000794d0937b47ae3387eff7663410264d1,fp8_e4m3_kv_fp8_q,1,32768,128,64,2048,0,43,,combined,cudagraph,cuda_event_per_iter,59.296,ok,,32768,64,,1,20,deepgemm_fp8_paged_mqa|fixed|B1|N32768
dsa-quick,dsa,fixed,deepgemm_fp8_paged_mqa,78b69000794d0937b47ae3387eff7663410264d1,fp8_e4m3_kv_fp8_q,1,32768,128,64,2048,0,44,,combined,cudagraph,cuda_event_per_iter,59.008,ok,,32768,64,,1,20,deepgemm_fp8_paged_mqa|fixed|B1|N32768
dsa-quick,dsa,fixed,deepgemm_fp8_paged_mqa,78b69000794d0937b47ae3387eff7663410264d1,fp8_e4m3_kv_fp8_q,1,32768,128,64,2048,0,45,,combined,cudagraph,cuda_event_per_iter,59.584,ok,,32768,64,,1,20,deepgemm_fp8_paged_mqa|fixed|B1|N32768
dsa-quick,dsa,fixed,deepgemm_fp8_paged_mqa,78b69000794d0937b47ae3387eff7663410264d1,fp8_e4m3_kv_fp8_q,1,32768,128,64,2048,0,46,,combined,cudagraph,cuda_event_per_iter,59.168,ok,,32768,64,,1,20,deepgemm_fp8_paged_mqa|fixed|B1|N32768
dsa-quick,dsa,fixed,deepgemm_fp8_paged_mqa,78b69000794d0937b47ae3387eff7663410264d1,fp8_e4m3_kv_fp8_q,1,32768,128,64,2048,0,47,,combined,cudagraph,cuda_event_per_iter,59.488,ok,,32768,64,,1,20,deepgemm_fp8_paged_mqa|fixed|B1|N32768
dsa-quick,dsa,fixed,deepgemm_fp8_paged_mqa,78b69000794d0937b47ae3387eff7663410264d1,fp8_e4m3_kv_fp8_q,1,32768,128,64,2048,0,48,,combined,cudagraph,cuda_event_per_iter,59.072,ok,,32768,64,,1,20,deepgemm_fp8_paged_mqa|fixed|B1|N32768
dsa-quick,dsa,fixed,deepgemm_fp8_paged_mqa,78b69000794d0937b47ae3387eff7663410264d1,fp8_e4m3_kv_fp8_q,1,32768,128,64,2048,0,49,,combined,cudagraph,cuda_event_per_iter,59.04,ok,,32768,64,,1,20,deepgemm_fp8_paged_mqa|fixed|B1|N32768
dsa-quick,dsa,fixed,deepgemm_fp8_paged_mqa,78b69000794d0937b47ae3387eff7663410264d1,fp8_e4m3_kv_fp8_q,1,32768,128,64,2048,0,50,,combined,cudagraph,cuda_event_per_iter,59.328,ok,,32768,64,,1,20,deepgemm_fp8_paged_mqa|fixed|B1|N32768
dsa-quick,dsa,fixed,deepgemm_fp8_paged_mqa,78b69000794d0937b47ae3387eff7663410264d1,fp8_e4m3_kv_fp8_q,1,32768,128,64,2048,0,51,,combined,cudagraph,cuda_event_per_iter,58.496,ok,,32768,64,,1,20,deepgemm_fp8_paged_mqa|fixed|B1|N32768
dsa-quick,dsa,fixed,deepgemm_fp8_paged_mqa,78b69000794d0937b47ae3387eff7663410264d1,fp8_e4m3_kv_fp8_q,1,32768,128,64,2048,0,52,,combined,cudagraph,cuda_event_per_iter,58.944,ok,,32768,64,,1,20,deepgemm_fp8_paged_mqa|fixed|B1|N32768
dsa-quick,dsa,fixed,deepgemm_fp8_paged_mqa,78b69000794d0937b47ae3387eff7663410264d1,fp8_e4m3_kv_fp8_q,1,32768,128,64,2048,0,53,,combined,cudagraph,cuda_event_per_iter,58.88,ok,,32768,64,,1,20,deepgemm_fp8_paged_mqa|fixed|B1|N32768
dsa-quick,dsa,fixed,deepgemm_fp8_paged_mqa,78b69000794d0937b47ae3387eff7663410264d1,fp8_e4m3_kv_fp8_q,1,32768,128,64,2048,0,54,,combined,cudagraph,cuda_event_per_iter,59.296,ok,,32768,64,,1,20,deepgemm_fp8_paged_mqa|fixed|B1|N32768
dsa-quick,dsa,fixed,deepgemm_fp8_paged_mqa,78b69000794d0937b47ae3387eff7663410264d1,fp8_e4m3_kv_fp8_q,1,32768,128,64,2048,0,55,,combined,cudagraph,cuda_event_per_iter,58.976,ok,,32768,64,,1,20,deepgemm_fp8_paged_mqa|fixed|B1|N32768
dsa-quick,dsa,fixed,deepgemm_fp8_paged_mqa,78b69000794d0937b47ae3387eff7663410264d1,fp8_e4m3_kv_fp8_q,1,32768,128,64,2048,0,56,,combined,cudagraph,cuda_event_per_iter,59.296,ok,,32768,64,,1,20,deepgemm_fp8_paged_mqa|fixed|B1|N32768
dsa-quick,dsa,fixed,deepgemm_fp8_paged_mqa,78b69000794d0937b47ae3387eff7663410264d1,fp8_e4m3_kv_fp8_q,1,32768,128,64,2048,0,57,,combined,cudagraph,cuda_event_per_iter,58.72,ok,,32768,64,,1,20,deepgemm_fp8_paged_mqa|fixed|B1|N32768
dsa-quick,dsa,fixed,deepgemm_fp8_paged_mqa,78b69000794d0937b47ae3387eff7663410264d1,fp8_e4m3_kv_fp8_q,1,32768,128,64,2048,0,58,,combined,cudagraph,cuda_event_per_iter,58.976,ok,,32768,64,,1,20,deepgemm_fp8_paged_mqa|fixed|B1|N32768
dsa-quick,dsa,fixed,deepgemm_fp8_paged_mqa,78b69000794d0937b47ae3387eff7663410264d1,fp8_e4m3_kv_fp8_q,1,32768,128,64,2048,0,59,,combined,cudagraph,cuda_event_per_iter,58.976,ok,,32768,64,,1,20,deepgemm_fp8_paged_mqa|fixed|B1|N32768
dsa-quick,dsa,fixed,deepgemm_fp8_paged_mqa,78b69000794d0937b47ae3387eff7663410264d1,fp8_e4m3_kv_fp8_q,1,32768,128,64,2048,0,60,,combined,cudagraph,cuda_event_per_iter,59.104,ok,,32768,64,,1,20,deepgemm_fp8_paged_mqa|fixed|B1|N32768
dsa-quick,dsa,fixed,deepgemm_fp8_paged_mqa,78b69000794d0937b47ae3387eff7663410264d1,fp8_e4m3_kv_fp8_q,1,32768,128,64,2048,0,61,,combined,cudagraph,cuda_event_per_iter,59.392,ok,,32768,64,,1,20,deepgemm_fp8_paged_mqa|fixed|B1|N32768
dsa-quick,dsa,fixed,deepgemm_fp8_paged_mqa,78b69000794d0937b47ae3387eff7663410264d1,fp8_e4m3_kv_fp8_q,1,32768,128,64,2048,0,62,,combined,cudagraph,cuda_event_per_iter,59.136,ok,,32768,64,,1,20,deepgemm_fp8_paged_mqa|fixed|B1|N32768
dsa-quick,dsa,fixed,deepgemm_fp8_paged_mqa,78b69000794d0937b47ae3387eff7663410264d1,fp8_e4m3_kv_fp8_q,1,32768,128,64,2048,0,63,,combined,cudagraph,cuda_event_per_iter,59.008,ok,,32768,64,,1,20,deepgemm_fp8_paged_mqa|fixed|B1|N32768
dsa-quick,dsa,fixed,deepgemm_fp8_paged_mqa,78b69000794d0937b47ae3387eff7663410264d1,fp8_e4m3_kv_fp8_q,1,32768,128,64,2048,0,64,,combined,cudagraph,cuda_event_per_iter,58.88,ok,,32768,64,,1,20,deepgemm_fp8_paged_mqa|fixed|B1|N32768
dsa-quick,dsa,fixed,deepgemm_fp8_paged_mqa,78b69000794d0937b47ae3387eff7663410264d1,fp8_e4m3_kv_fp8_q,1,32768,128,64,2048,0,65,,combined,cudagraph,cuda_event_per_iter,59.296,ok,,32768,64,,1,20,deepgemm_fp8_paged_mqa|fixed|B1|N32768
dsa-quick,dsa,fixed,deepgemm_fp8_paged_mqa,78b69000794d0937b47ae3387eff7663410264d1,fp8_e4m3_kv_fp8_q,1,32768,128,64,2048,0,66,,combined,cudagraph,cuda_event_per_iter,58.944,ok,,32768,64,,1,20,deepgemm_fp8_paged_mqa|fixed|B1|N32768
dsa-quick,dsa,fixed,deepgemm_fp8_paged_mqa,78b69000794d0937b47ae3387eff7663410264d1,fp8_e4m3_kv_fp8_q,1,32768,128,64,2048,0,67,,combined,cudagraph,cuda_event_per_iter,59.072,ok,,32768,64,,1,20,deepgemm_fp8_paged_mqa|fixed|B1|N32768
dsa-quick,dsa,fixed,deepgemm_fp8_paged_mqa,78b69000794d0937b47ae3387eff7663410264d1,fp8_e4m3_kv_fp8_q,1,32768,128,64,2048,0,68,,combined,cudagraph,cuda_event_per_iter,59.488,ok,,32768,64,,1,20,deepgemm_fp8_paged_mqa|fixed|B1|N32768
dsa-quick,dsa,fixed,deepgemm_fp8_paged_mqa,78b69000794d0937b47ae3387eff7663410264d1,fp8_e4m3_kv_fp8_q,1,32768,128,64,2048,0,69,,combined,cudagraph,cuda_event_per_iter,58.72,ok,,32768,64,,1,20,deepgemm_fp8_paged_mqa|fixed|B1|N32768
dsa-quick,dsa,fixed,deepgemm_fp8_paged_mqa,78b69000794d0937b47ae3387eff7663410264d1,fp8_e4m3_kv_fp8_q,1,32768,128,64,2048,0,70,,combined,cudagraph,cuda_event_per_iter,59.2,ok,,32768,64,,1,20,deepgemm_fp8_paged_mqa|fixed|B1|N32768
dsa-quick,dsa,fixed,deepgemm_fp8_paged_mqa,78b69000794d0937b47ae3387eff7663410264d1,fp8_e4m3_kv_fp8_q,1,32768,128,64,2048,0,71,,combined,cudagraph,cuda_event_per_iter,59.2,ok,,32768,64,,1,20,deepgemm_fp8_paged_mqa|fixed|B1|N32768
dsa-quick,dsa,fixed,deepgemm_fp8_paged_mqa,78b69000794d0937b47ae3387eff7663410264d1,fp8_e4m3_kv_fp8_q,1,32768,128,64,2048,0,72,,combined,cudagraph,cuda_event_per_iter,58.912,ok,,32768,64,,1,20,deepgemm_fp8_paged_mqa|fixed|B1|N32768
dsa-quick,dsa,fixed,deepgemm_fp8_paged_mqa,78b69000794d0937b47ae3387eff7663410264d1,fp8_e4m3_kv_fp8_q,1,32768,128,64,2048,0,73,,combined,cudagraph,cuda_event_per_iter,59.104,ok,,32768,64,,1,20,deepgemm_fp8_paged_mqa|fixed|B1|N32768
dsa-quick,dsa,fixed,deepgemm_fp8_paged_mqa,78b69000794d0937b47ae3387eff7663410264d1,fp8_e4m3_kv_fp8_q,1,32768,128,64,2048,0,74,,combined,cudagraph,cuda_event_per_iter,59.36,ok,,32768,64,,1,20,deepgemm_fp8_paged_mqa|fixed|B1|N32768
dsa-quick,dsa,fixed,deepgemm_fp8_paged_mqa,78b69000794d0937b47ae3387eff7663410264d1,fp8_e4m3_kv_fp8_q,1,32768,128,64,2048,0,75,,combined,cudagraph,cuda_event_per_iter,59.072,ok,,32768,64,,1,20,deepgemm_fp8_paged_mqa|fixed|B1|N32768
dsa-quick,dsa,fixed,deepgemm_fp8_paged_mqa,78b69000794d0937b47ae3387eff7663410264d1,fp8_e4m3_kv_fp8_q,1,32768,128,64,2048,0,76,,combined,cudagraph,cuda_event_per_iter,58.976,ok,,32768,64,,1,20,deepgemm_fp8_paged_mqa|fixed|B1|N32768
dsa-quick,dsa,fixed,deepgemm_fp8_paged_mqa,78b69000794d0937b47ae3387eff7663410264d1,fp8_e4m3_kv_fp8_q,1,32768,128,64,2048,0,77,,combined,cudagraph,cuda_event_per_iter,58.72,ok,,32768,64,,1,20,deepgemm_fp8_paged_mqa|fixed|B1|N32768
dsa-quick,dsa,fixed,deepgemm_fp8_paged_mqa,78b69000794d0937b47ae3387eff7663410264d1,fp8_e4m3_kv_fp8_q,1,32768,128,64,2048,0,78,,combined,cudagraph,cuda_event_per_iter,59.232,ok,,32768,64,,1,20,deepgemm_fp8_paged_mqa|fixed|B1|N32768
dsa-quick,dsa,fixed,deepgemm_fp8_paged_mqa,78b69000794d0937b47ae3387eff7663410264d1,fp8_e4m3_kv_fp8_q,1,32768,128,64,2048,0,79,,combined,cudagraph,cuda_event_per_iter,59.04,ok,,32768,64,,1,20,deepgemm_fp8_paged_mqa|fixed|B1|N32768
dsa-quick,dsa,fixed,deepgemm_fp8_paged_mqa,78b69000794d0937b47ae3387eff7663410264d1,fp8_e4m3_kv_fp8_q,1,32768,128,64,2048,0,80,,combined,cudagraph,cuda_event_per_iter,58.88,ok,,32768,64,,1,20,deepgemm_fp8_paged_mqa|fixed|B1|N32768
dsa-quick,dsa,fixed,deepgemm_fp8_paged_mqa,78b69000794d0937b47ae3387eff7663410264d1,fp8_e4m3_kv_fp8_q,1,32768,128,64,2048,0,81,,combined,cudagraph,cuda_event_per_iter,59.04,ok,,32768,64,,1,20,deepgemm_fp8_paged_mqa|fixed|B1|N32768
dsa-quick,dsa,fixed,deepgemm_fp8_paged_mqa,78b69000794d0937b47ae3387eff7663410264d1,fp8_e4m3_kv_fp8_q,1,32768,128,64,2048,0,82,,combined,cudagraph,cuda_event_per_iter,59.424,ok,,32768,64,,1,20,deepgemm_fp8_paged_mqa|fixed|B1|N32768
dsa-quick,dsa,fixed,deepgemm_fp8_paged_mqa,78b69000794d0937b47ae3387eff7663410264d1,fp8_e4m3_kv_fp8_q,1,32768,128,64,2048,0,83,,combined,cudagraph,cuda_event_per_iter,58.912,ok,,32768,64,,1,20,deepgemm_fp8_paged_mqa|fixed|B1|N32768
dsa-quick,dsa,fixed,deepgemm_fp8_paged_mqa,78b69000794d0937b47ae3387eff7663410264d1,fp8_e4m3_kv_fp8_q,1,32768,128,64,2048,0,84,,combined,cudagraph,cuda_event_per_iter,59.136,ok,,32768,64,,1,20,deepgemm_fp8_paged_mqa|fixed|B1|N32768
dsa-quick,dsa,fixed,deepgemm_fp8_paged_mqa,78b69000794d0937b47ae3387eff7663410264d1,fp8_e4m3_kv_fp8_q,1,32768,128,64,2048,0,85,,combined,cudagraph,cuda_event_per_iter,59.2,ok,,32768,64,,1,20,deepgemm_fp8_paged_mqa|fixed|B1|N32768
dsa-quick,dsa,fixed,deepgemm_fp8_paged_mqa,78b69000794d0937b47ae3387eff7663410264d1,fp8_e4m3_kv_fp8_q,1,32768,128,64,2048,0,86,,combined,cudagraph,cuda_event_per_iter,59.392,ok,,32768,64,,1,20,deepgemm_fp8_paged_mqa|fixed|B1|N32768
dsa-quick,dsa,fixed,deepgemm_fp8_paged_mqa,78b69000794d0937b47ae3387eff7663410264d1,fp8_e4m3_kv_fp8_q,1,32768,128,64,2048,0,87,,combined,cudagraph,cuda_event_per_iter,59.104,ok,,32768,64,,1,20,deepgemm_fp8_paged_mqa|fixed|B1|N32768
dsa-quick,dsa,fixed,deepgemm_fp8_paged_mqa,78b69000794d0937b47ae3387eff7663410264d1,fp8_e4m3_kv_fp8_q,1,32768,128,64,2048,0,88,,combined,cudagraph,cuda_event_per_iter,58.752,ok,,32768,64,,1,20,deepgemm_fp8_paged_mqa|fixed|B1|N32768
dsa-quick,dsa,fixed,deepgemm_fp8_paged_mqa,78b69000794d0937b47ae3387eff7663410264d1,fp8_e4m3_kv_fp8_q,1,32768,128,64,2048,0,89,,combined,cudagraph,cuda_event_per_iter,58.784,ok,,32768,64,,1,20,deepgemm_fp8_paged_mqa|fixed|B1|N32768
dsa-quick,dsa,fixed,deepgemm_fp8_paged_mqa,78b69000794d0937b47ae3387eff7663410264d1,fp8_e4m3_kv_fp8_q,1,32768,128,64,2048,0,90,,combined,cudagraph,cuda_event_per_iter,59.328,ok,,32768,64,,1,20,deepgemm_fp8_paged_mqa|fixed|B1|N32768
dsa-quick,dsa,fixed,deepgemm_fp8_paged_mqa,78b69000794d0937b47ae3387eff7663410264d1,fp8_e4m3_kv_fp8_q,1,32768,128,64,2048,0,91,,combined,cudagraph,cuda_event_per_iter,59.36,ok,,32768,64,,1,20,deepgemm_fp8_paged_mqa|fixed|B1|N32768
dsa-quick,dsa,fixed,deepgemm_fp8_paged_mqa,78b69000794d0937b47ae3387eff7663410264d1,fp8_e4m3_kv_fp8_q,1,32768,128,64,2048,0,92,,combined,cudagraph,cuda_event_per_iter,59.136,ok,,32768,64,,1,20,deepgemm_fp8_paged_mqa|fixed|B1|N32768
dsa-quick,dsa,fixed,deepgemm_fp8_paged_mqa,78b69000794d0937b47ae3387eff7663410264d1,fp8_e4m3_kv_fp8_q,1,32768,128,64,2048,0,93,,combined,cudagraph,cuda_event_per_iter,59.168,ok,,32768,64,,1,20,deepgemm_fp8_paged_mqa|fixed|B1|N32768
dsa-quick,dsa,fixed,deepgemm_fp8_paged_mqa,78b69000794d0937b47ae3387eff7663410264d1,fp8_e4m3_kv_fp8_q,1,32768,128,64,2048,0,94,,combined,cudagraph,cuda_event_per_iter,59.008,ok,,32768,64,,1,20,deepgemm_fp8_paged_mqa|fixed|B1|N32768
dsa-quick,dsa,fixed,deepgemm_fp8_paged_mqa,78b69000794d0937b47ae3387eff7663410264d1,fp8_e4m3_kv_fp8_q,1,32768,128,64,2048,0,95,,combined,cudagraph,cuda_event_per_iter,59.264,ok,,32768,64,,1,20,deepgemm_fp8_paged_mqa|fixed|B1|N32768
dsa-quick,dsa,fixed,deepgemm_fp8_paged_mqa,78b69000794d0937b47ae3387eff7663410264d1,fp8_e4m3_kv_fp8_q,1,32768,128,64,2048,0,96,,combined,cudagraph,cuda_event_per_iter,59.264,ok,,32768,64,,1,20,deepgemm_fp8_paged_mqa|fixed|B1|N32768
dsa-quick,dsa,fixed,deepgemm_fp8_paged_mqa,78b69000794d0937b47ae3387eff7663410264d1,fp8_e4m3_kv_fp8_q,1,32768,128,64,2048,0,97,,combined,cudagraph,cuda_event_per_iter,58.432,ok,,32768,64,,1,20,deepgemm_fp8_paged_mqa|fixed|B1|N32768
dsa-quick,dsa,fixed,deepgemm_fp8_paged_mqa,78b69000794d0937b47ae3387eff7663410264d1,fp8_e4m3_kv_fp8_q,1,32768,128,64,2048,0,98,,combined,cudagraph,cuda_event_per_iter,59.04,ok,,32768,64,,1,20,deepgemm_fp8_paged_mqa|fixed|B1|N32768
dsa-quick,dsa,fixed,deepgemm_fp8_paged_mqa,78b69000794d0937b47ae3387eff7663410264d1,fp8_e4m3_kv_fp8_q,1,32768,128,64,2048,0,99,,combined,cudagraph,cuda_event_per_iter,58.592,ok,,32768,64,,1,20,deepgemm_fp8_paged_mqa|fixed|B1|N32768
dsa-quick,dsa,incremental,deepgemm_fp8_paged_mqa,78b69000794d0937b47ae3387eff7663410264d1,fp8_e4m3_kv_fp8_q,1,8192,128,64,2048,0,0,,decode_loop,eager,cuda_event_per_iter,1234.56,ok,,8193..8208,64,16,1,2,deepgemm_fp8_paged_mqa|incremental|B1|N8192
dsa-quick,dsa,incremental,deepgemm_fp8_paged_mqa,78b69000794d0937b47ae3387eff7663410264d1,fp8_e4m3_kv_fp8_q,1,8192,128,64,2048,0,1,,decode_loop,eager,cuda_event_per_iter,1232.19,ok,,8193..8208,64,16,1,2,deepgemm_fp8_paged_mqa|incremental|B1|N8192
dsa-quick,dsa,incremental,deepgemm_fp8_paged_mqa,78b69000794d0937b47ae3387eff7663410264d1,fp8_e4m3_kv_fp8_q,1,8192,128,64,2048,0,2,,decode_loop,eager,cuda_event_per_iter,1219.52,ok,,8193..8208,64,16,1,2,deepgemm_fp8_paged_mqa|incremental|B1|N8192
dsa-quick,dsa,incremental,deepgemm_fp8_paged_mqa,78b69000794d0937b47ae3387eff7663410264d1,fp8_e4m3_kv_fp8_q,1,8192,128,64,2048,0,3,,decode_loop,eager,cuda_event_per_iter,1192.19,ok,,8193..8208,64,16,1,2,deepgemm_fp8_paged_mqa|incremental|B1|N8192
dsa-quick,dsa,incremental,deepgemm_fp8_paged_mqa,78b69000794d0937b47ae3387eff7663410264d1,fp8_e4m3_kv_fp8_q,1,8192,128,64,2048,0,4,,decode_loop,eager,cuda_event_per_iter,1192.58,ok,,8193..8208,64,16,1,2,deepgemm_fp8_paged_mqa|incremental|B1|N8192
dsa-quick,dsa,incremental,deepgemm_fp8_paged_mqa,78b69000794d0937b47ae3387eff7663410264d1,fp8_e4m3_kv_fp8_q,1,8192,128,64,2048,0,5,,decode_loop,eager,cuda_event_per_iter,1191.71,ok,,8193..8208,64,16,1,2,deepgemm_fp8_paged_mqa|incremental|B1|N8192
dsa-quick,dsa,incremental,deepgemm_fp8_paged_mqa,78b69000794d0937b47ae3387eff7663410264d1,fp8_e4m3_kv_fp8_q,1,8192,128,64,2048,0,6,,decode_loop,eager,cuda_event_per_iter,1195.65,ok,,8193..8208,64,16,1,2,deepgemm_fp8_paged_mqa|incremental|B1|N8192
dsa-quick,dsa,incremental,deepgemm_fp8_paged_mqa,78b69000794d0937b47ae3387eff7663410264d1,fp8_e4m3_kv_fp8_q,1,8192,128,64,2048,0,7,,decode_loop,eager,cuda_event_per_iter,1191.3,ok,,8193..8208,64,16,1,2,deepgemm_fp8_paged_mqa|incremental|B1|N8192
dsa-quick,dsa,incremental,deepgemm_fp8_paged_mqa,78b69000794d0937b47ae3387eff7663410264d1,fp8_e4m3_kv_fp8_q,1,8192,128,64,2048,0,8,,decode_loop,eager,cuda_event_per_iter,1192.26,ok,,8193..8208,64,16,1,2,deepgemm_fp8_paged_mqa|incremental|B1|N8192
dsa-quick,dsa,incremental,deepgemm_fp8_paged_mqa,78b69000794d0937b47ae3387eff7663410264d1,fp8_e4m3_kv_fp8_q,1,8192,128,64,2048,0,9,,decode_loop,eager,cuda_event_per_iter,1192.42,ok,,8193..8208,64,16,1,2,deepgemm_fp8_paged_mqa|incremental|B1|N8192
dsa-quick,dsa,incremental,deepgemm_fp8_paged_mqa,78b69000794d0937b47ae3387eff7663410264d1,fp8_e4m3_kv_fp8_q,1,8192,128,64,2048,0,10,,decode_loop,eager,cuda_event_per_iter,1192.9,ok,,8193..8208,64,16,1,2,deepgemm_fp8_paged_mqa|incremental|B1|N8192
dsa-quick,dsa,incremental,deepgemm_fp8_paged_mqa,78b69000794d0937b47ae3387eff7663410264d1,fp8_e4m3_kv_fp8_q,1,8192,128,64,2048,0,11,,decode_loop,eager,cuda_event_per_iter,1192.64,ok,,8193..8208,64,16,1,2,deepgemm_fp8_paged_mqa|incremental|B1|N8192
dsa-quick,dsa,incremental,deepgemm_fp8_paged_mqa,78b69000794d0937b47ae3387eff7663410264d1,fp8_e4m3_kv_fp8_q,1,8192,128,64,2048,0,12,,decode_loop,eager,cuda_event_per_iter,1191.26,ok,,8193..8208,64,16,1,2,deepgemm_fp8_paged_mqa|incremental|B1|N8192
dsa-quick,dsa,incremental,deepgemm_fp8_paged_mqa,78b69000794d0937b47ae3387eff7663410264d1,fp8_e4m3_kv_fp8_q,1,8192,128,64,2048,0,13,,decode_loop,eager,cuda_event_per_iter,1199.3,ok,,8193..8208,64,16,1,2,deepgemm_fp8_paged_mqa|incremental|B1|N8192
dsa-quick,dsa,incremental,deepgemm_fp8_paged_mqa,78b69000794d0937b47ae3387eff7663410264d1,fp8_e4m3_kv_fp8_q,1,8192,128,64,2048,0,14,,decode_loop,eager,cuda_event_per_iter,1191.3,ok,,8193..8208,64,16,1,2,deepgemm_fp8_paged_mqa|incremental|B1|N8192
dsa-quick,dsa,incremental,deepgemm_fp8_paged_mqa,78b69000794d0937b47ae3387eff7663410264d1,fp8_e4m3_kv_fp8_q,1,8192,128,64,2048,0,15,,decode_loop,eager,cuda_event_per_iter,1192.67,ok,,8193..8208,64,16,1,2,deepgemm_fp8_paged_mqa|incremental|B1|N8192
dsa-quick,dsa,incremental,deepgemm_fp8_paged_mqa,78b69000794d0937b47ae3387eff7663410264d1,fp8_e4m3_kv_fp8_q,1,8192,128,64,2048,0,16,,decode_loop,eager,cuda_event_per_iter,1215.97,ok,,8193..8208,64,16,1,2,deepgemm_fp8_paged_mqa|incremental|B1|N8192
dsa-quick,dsa,incremental,deepgemm_fp8_paged_mqa,78b69000794d0937b47ae3387eff7663410264d1,fp8_e4m3_kv_fp8_q,1,8192,128,64,2048,0,17,,decode_loop,eager,cuda_event_per_iter,1357.22,ok,,8193..8208,64,16,1,2,deepgemm_fp8_paged_mqa|incremental|B1|N8192
dsa-quick,dsa,incremental,deepgemm_fp8_paged_mqa,78b69000794d0937b47ae3387eff7663410264d1,fp8_e4m3_kv_fp8_q,1,8192,128,64,2048,0,18,,decode_loop,eager,cuda_event_per_iter,1222.11,ok,,8193..8208,64,16,1,2,deepgemm_fp8_paged_mqa|incremental|B1|N8192
dsa-quick,dsa,incremental,deepgemm_fp8_paged_mqa,78b69000794d0937b47ae3387eff7663410264d1,fp8_e4m3_kv_fp8_q,1,8192,128,64,2048,0,19,,decode_loop,eager,cuda_event_per_iter,1224.99,ok,,8193..8208,64,16,1,2,deepgemm_fp8_paged_mqa|incremental|B1|N8192
dsa-quick,dsa,incremental,deepgemm_fp8_paged_mqa,78b69000794d0937b47ae3387eff7663410264d1,fp8_e4m3_kv_fp8_q,1,32768,128,64,2048,0,0,,decode_loop,eager,cuda_event_per_iter,1832.96,ok,,32769..32784,64,16,1,2,deepgemm_fp8_paged_mqa|incremental|B1|N32768
dsa-quick,dsa,incremental,deepgemm_fp8_paged_mqa,78b69000794d0937b47ae3387eff7663410264d1,fp8_e4m3_kv_fp8_q,1,32768,128,64,2048,0,1,,decode_loop,eager,cuda_event_per_iter,1822.14,ok,,32769..32784,64,16,1,2,deepgemm_fp8_paged_mqa|incremental|B1|N32768
dsa-quick,dsa,incremental,deepgemm_fp8_paged_mqa,78b69000794d0937b47ae3387eff7663410264d1,fp8_e4m3_kv_fp8_q,1,32768,128,64,2048,0,2,,decode_loop,eager,cuda_event_per_iter,1824.58,ok,,32769..32784,64,16,1,2,deepgemm_fp8_paged_mqa|incremental|B1|N32768
dsa-quick,dsa,incremental,deepgemm_fp8_paged_mqa,78b69000794d0937b47ae3387eff7663410264d1,fp8_e4m3_kv_fp8_q,1,32768,128,64,2048,0,3,,decode_loop,eager,cuda_event_per_iter,1819.9,ok,,32769..32784,64,16,1,2,deepgemm_fp8_paged_mqa|incremental|B1|N32768
dsa-quick,dsa,incremental,deepgemm_fp8_paged_mqa,78b69000794d0937b47ae3387eff7663410264d1,fp8_e4m3_kv_fp8_q,1,32768,128,64,2048,0,4,,decode_loop,eager,cuda_event_per_iter,1806.91,ok,,32769..32784,64,16,1,2,deepgemm_fp8_paged_mqa|incremental|B1|N32768
dsa-quick,dsa,incremental,deepgemm_fp8_paged_mqa,78b69000794d0937b47ae3387eff7663410264d1,fp8_e4m3_kv_fp8_q,1,32768,128,64,2048,0,5,,decode_loop,eager,cuda_event_per_iter,1823.39,ok,,32769..32784,64,16,1,2,deepgemm_fp8_paged_mqa|incremental|B1|N32768
dsa-quick,dsa,incremental,deepgemm_fp8_paged_mqa,78b69000794d0937b47ae3387eff7663410264d1,fp8_e4m3_kv_fp8_q,1,32768,128,64,2048,0,6,,decode_loop,eager,cuda_event_per_iter,1831.26,ok,,32769..32784,64,16,1,2,deepgemm_fp8_paged_mqa|incremental|B1|N32768
dsa-quick,dsa,incremental,deepgemm_fp8_paged_mqa,78b69000794d0937b47ae3387eff7663410264d1,fp8_e4m3_kv_fp8_q,1,32768,128,64,2048,0,7,,decode_loop,eager,cuda_event_per_iter,1869.79,ok,,32769..32784,64,16,1,2,deepgemm_fp8_paged_mqa|incremental|B1|N32768
dsa-quick,dsa,incremental,deepgemm_fp8_paged_mqa,78b69000794d0937b47ae3387eff7663410264d1,fp8_e4m3_kv_fp8_q,1,32768,128,64,2048,0,8,,decode_loop,eager,cuda_event_per_iter,1823.26,ok,,32769..32784,64,16,1,2,deepgemm_fp8_paged_mqa|incremental|B1|N32768
dsa-quick,dsa,incremental,deepgemm_fp8_paged_mqa,78b69000794d0937b47ae3387eff7663410264d1,fp8_e4m3_kv_fp8_q,1,32768,128,64,2048,0,9,,decode_loop,eager,cuda_event_per_iter,1810.94,ok,,32769..32784,64,16,1,2,deepgemm_fp8_paged_mqa|incremental|B1|N32768
dsa-quick,dsa,incremental,deepgemm_fp8_paged_mqa,78b69000794d0937b47ae3387eff7663410264d1,fp8_e4m3_kv_fp8_q,1,32768,128,64,2048,0,10,,decode_loop,eager,cuda_event_per_iter,1798.91,ok,,32769..32784,64,16,1,2,deepgemm_fp8_paged_mqa|incremental|B1|N32768
dsa-quick,dsa,incremental,deepgemm_fp8_paged_mqa,78b69000794d0937b47ae3387eff7663410264d1,fp8_e4m3_kv_fp8_q,1,32768,128,64,2048,0,11,,decode_loop,eager,cuda_event_per_iter,1822.88,ok,,32769..32784,64,16,1,2,deepgemm_fp8_paged_mqa|incremental|B1|N32768
dsa-quick,dsa,incremental,deepgemm_fp8_paged_mqa,78b69000794d0937b47ae3387eff7663410264d1,fp8_e4m3_kv_fp8_q,1,32768,128,64,2048,0,12,,decode_loop,eager,cuda_event_per_iter,1815.9,ok,,32769..32784,64,16,1,2,deepgemm_fp8_paged_mqa|incremental|B1|N32768
dsa-quick,dsa,incremental,deepgemm_fp8_paged_mqa,78b69000794d0937b47ae3387eff7663410264d1,fp8_e4m3_kv_fp8_q,1,32768,128,64,2048,0,13,,decode_loop,eager,cuda_event_per_iter,1805.54,ok,,32769..32784,64,16,1,2,deepgemm_fp8_paged_mqa|incremental|B1|N32768
dsa-quick,dsa,incremental,deepgemm_fp8_paged_mqa,78b69000794d0937b47ae3387eff7663410264d1,fp8_e4m3_kv_fp8_q,1,32768,128,64,2048,0,14,,decode_loop,eager,cuda_event_per_iter,1825.44,ok,,32769..32784,64,16,1,2,deepgemm_fp8_paged_mqa|incremental|B1|N32768
dsa-quick,dsa,incremental,deepgemm_fp8_paged_mqa,78b69000794d0937b47ae3387eff7663410264d1,fp8_e4m3_kv_fp8_q,1,32768,128,64,2048,0,15,,decode_loop,eager,cuda_event_per_iter,1817.89,ok,,32769..32784,64,16,1,2,deepgemm_fp8_paged_mqa|incremental|B1|N32768
dsa-quick,dsa,incremental,deepgemm_fp8_paged_mqa,78b69000794d0937b47ae3387eff7663410264d1,fp8_e4m3_kv_fp8_q,1,32768,128,64,2048,0,16,,decode_loop,eager,cuda_event_per_iter,1802.69,ok,,32769..32784,64,16,1,2,deepgemm_fp8_paged_mqa|incremental|B1|N32768
dsa-quick,dsa,incremental,deepgemm_fp8_paged_mqa,78b69000794d0937b47ae3387eff7663410264d1,fp8_e4m3_kv_fp8_q,1,32768,128,64,2048,0,17,,decode_loop,eager,cuda_event_per_iter,1822.37,ok,,32769..32784,64,16,1,2,deepgemm_fp8_paged_mqa|incremental|B1|N32768
dsa-quick,dsa,incremental,deepgemm_fp8_paged_mqa,78b69000794d0937b47ae3387eff7663410264d1,fp8_e4m3_kv_fp8_q,1,32768,128,64,2048,0,18,,decode_loop,eager,cuda_event_per_iter,1905.02,ok,,32769..32784,64,16,1,2,deepgemm_fp8_paged_mqa|incremental|B1|N32768
dsa-quick,dsa,incremental,deepgemm_fp8_paged_mqa,78b69000794d0937b47ae3387eff7663410264d1,fp8_e4m3_kv_fp8_q,1,32768,128,64,2048,0,19,,decode_loop,eager,cuda_event_per_iter,1804.19,ok,,32769..32784,64,16,1,2,deepgemm_fp8_paged_mqa|incremental|B1|N32768
