Accel-Sim [build accelsim-commit-d930ad6_modified_0.0_26-09-23-20-58-46]

        *** GPGPU-Sim Simulator Version 4.2.0  [build gpgpu-sim_git-commit-fa2f6f39_modified_1.0.] ***


GPGPU-Sim: Configuration options:

-save_embedded_ptx                      0 # saves ptx files embedded in binary as <n>.ptx
-keep                                   0 # keep intermediate files created by GPGPU-Sim when interfacing with external programs
-gpgpu_ptx_save_converted_ptxplus                    0 # Saved converted ptxplus to a file
-gpgpu_occupancy_sm_number                   90 # The SM number to pass to ptxas when getting register usage for computing GPU occupancy. This parameter is required in the config.
-ptx_opcode_latency_int           4,4,4,4,21 # Opcode latencies for integers <ADD,MAX,MUL,MAD,DIV,SHFL>Default 1,1,19,25,145,32
-ptx_opcode_latency_fp           4,4,4,4,39 # Opcode latencies for single precision floating points <ADD,MAX,MUL,MAD,DIV>Default 1,1,1,1,30
-ptx_opcode_latency_dp          8,8,8,8,330 # Opcode latencies for double precision floating points <ADD,MAX,MUL,MAD,DIV>Default 8,8,8,8,335
-ptx_opcode_latency_sfu                   23 # Opcode latencies for SFU instructionsDefault 8
-ptx_opcode_latency_tesnor                   24 # Opcode latencies for Tensor instructionsDefault 64
-ptx_opcode_initiation_int            2,2,2,2,2 # Opcode initiation intervals for integers <ADD,MAX,MUL,MAD,DIV,SHFL>Default 1,1,4,4,32,4
-ptx_opcode_initiation_fp            2,2,2,2,4 # Opcode initiation intervals for single precision floating points <ADD,MAX,MUL,MAD,DIV>Default 1,1,1,1,5
-ptx_opcode_initiation_dp          2,2,2,2,130 # Opcode initiation intervals for double precision floating points <ADD,MAX,MUL,MAD,DIV>Default 8,8,8,8,130
-ptx_opcode_initiation_sfu                    8 # Opcode initiation intervals for sfu instructionsDefault 8
-ptx_opcode_initiation_tensor                    8 # Opcode initiation intervals for tensor instructionsDefault 64
-cdp_latency         7200,8000,100,12000,1600 # CDP API latency <cudaStreamCreateWithFlags, cudaGetParameterBufferV2_init_perWarp, cudaGetParameterBufferV2_perKernel, cudaLaunchDeviceV2_init_perWarp, cudaLaunchDevicV2_perKernel>Default 7200,8000,100,12000,1600
-network_mode                           1 # Interconnection network mode
-inter_config_file   config_hopper_islip.icnt # Interconnection network config file
-icnt_in_buffer_limit                   64 # in_buffer_limit
-icnt_out_buffer_limit                   64 # out_buffer_limit
-icnt_subnets                           2 # subnets
-icnt_arbiter_algo                      1 # arbiter_algo
-icnt_verbose                           0 # inct_verbose
-icnt_grant_cycles                      1 # grant_cycles
-gpgpu_ptx_use_cuobjdump                    1 # Use cuobjdump to extract ptx and sass from binaries
-gpgpu_experimental_lib_support                    0 # Try to extract code from cuda libraries [Broken because of unknown cudaGetExportTable]
-checkpoint_option                      0 #  checkpointing flag (0 = no checkpoint)
-checkpoint_kernel                      1 #  checkpointing during execution of which kernel (1- 1st kernel)
-checkpoint_CTA                         0 #  checkpointing after # of CTA (< less than total CTA)
-resume_option                          0 #  resume flag (0 = no resume)
-resume_kernel                          0 #  Resume from which kernel (1= 1st kernel)
-resume_CTA                             0 #  resume from which CTA 
-checkpoint_CTA_t                       0 #  resume from which CTA 
-checkpoint_insn_Y                      0 #  resume from which CTA 
-gpgpu_ptx_convert_to_ptxplus                    0 # Convert SASS (native ISA) to ptxplus and run ptxplus
-gpgpu_ptx_force_max_capability                   90 # Force maximum compute capability
-gpgpu_ptx_inst_debug_to_file                    0 # Dump executed instructions' debug information to file
-gpgpu_ptx_inst_debug_file       inst_debug.txt # Executed instructions' debug output file
-gpgpu_ptx_inst_debug_thread_uid                    1 # Thread UID for executed instructions' debug output
-gpgpu_simd_model                       1 # 1 = post-dominator
-gpgpu_shader_core_pipeline              2048:32 # shader core pipeline config, i.e., {<nthread>:<warpsize>}
-gpgpu_tex_cache:l1  N:4:128:256,L:R:m:N:L,T:512:8,128:2 # per-shader L1 texture cache  (READ-ONLY) config  {<nsets>:<bsize>:<assoc>,<rep>:<wr>:<alloc>:<wr_alloc>,<mshr>:<N>:<merge>,<mq>:<rf>}
-gpgpu_const_cache:l1 N:128:64:8,L:R:f:N:L,S:2:64,4 # per-shader L1 constant memory cache  (READ-ONLY) config  {<nsets>:<bsize>:<assoc>,<rep>:<wr>:<alloc>:<wr_alloc>,<mshr>:<N>:<merge>,<mq>} 
-gpgpu_cache:il1     N:64:128:16,L:R:f:N:L,S:2:48,4 # shader L1 instruction cache config  {<sector?>:<nsets>:<bsize>:<assoc>,<rep>:<wr>:<alloc>:<wr_alloc>:<set_index_fn>,<mshr>:<N>:<merge>,<mq>} 
-gpgpu_cache:dl1     S:4:128:64,L:T:m:L:L,A:512:64,16:0,32 # per-shader L1 data cache config  {<sector?>:<nsets>:<bsize>:<assoc>,<rep>:<wr>:<alloc>:<wr_alloc>:<set_index_fn>,<mshr>:<N>:<merge>,<mq>:<fifo_entry>,<data_port_width> | none}
-gpgpu_l1_cache_write_ratio                   25 # L1D write ratio
-gpgpu_l1_banks                         4 # The number of L1 cache banks
-gpgpu_l1_banks_byte_interleaving                   32 # l1 banks byte interleaving granularity
-gpgpu_l1_banks_hashing_function                    0 # l1 banks hashing function
-gpgpu_l1_latency                      41 # L1 Hit Latency
-gpgpu_smem_latency                    29 # smem Latency
-gpgpu_cache:dl1PrefL1                 none # per-shader L1 data cache config  {<sector?>:<nsets>:<bsize>:<assoc>,<rep>:<wr>:<alloc>:<wr_alloc>:<set_index_fn>,<mshr>:<N>:<merge>,<mq>:<fifo_entry>,<data_port_width> | none}
-gpgpu_cache:dl1PrefShared                 none # per-shader L1 data cache config  {<sector?>:<nsets>:<bsize>:<assoc>,<rep>:<wr>:<alloc>:<wr_alloc>:<set_index_fn>,<mshr>:<N>:<merge>,<mq>:<fifo_entry>,<data_port_width> | none}
-gpgpu_gmem_skip_L1D                    0 # global memory access skip L1D cache (implements -Xptxas -dlcm=cg, default=no skip)
-gpgpu_perfect_mem                      0 # enable perfect memory mode (no cache miss)
-n_regfile_gating_group                    4 # group of lanes that should be read/written together)
-gpgpu_clock_gated_reg_file                    0 # enable clock gated reg file for power calculations
-gpgpu_clock_gated_lanes                    1 # enable clock gated lanes for power calculations
-gpgpu_shader_registers                65536 # Number of registers per shader core. Limits number of concurrent CTAs. (default 8192)
-gpgpu_registers_per_block                65536 # Maximum number of registers per CTA. (default 8192)
-gpgpu_ignore_resources_limitation                    0 # gpgpu_ignore_resources_limitation (default 0)
-gpgpu_shader_cta                      32 # Maximum number of concurrent CTAs in shader (default 32)
-gpgpu_num_cta_barriers                   16 # Maximum number of named barriers per CTA (default 16)
-gpgpu_n_clusters                     114 # number of processing clusters
-gpgpu_n_cores_per_cluster                    1 # number of simd cores per cluster
-gpgpu_n_cluster_ejection_buffer_size                   32 # number of packets in ejection buffer
-gpgpu_n_ldst_response_buffer_size                   32 # number of response packets in ld/st unit ejection buffer
-gpgpu_shmem_per_block                49152 # Size of shared memory per thread block or CTA (default 48kB)
-gpgpu_shmem_size                  233472 # Size of shared memory per shader core (default 16kB)
-gpgpu_shmem_option      0,8,16,32,64,228 # Option list of shared memory sizes
-gpgpu_unified_l1d_size                  256 # Size of unified data cache(L1D + shared memory) in KB
-gpgpu_adaptive_cache_config                    1 # adaptive_cache_config
-gpgpu_shmem_sizeDefault               233472 # Size of shared memory per shader core (default 16kB)
-gpgpu_shmem_size_PrefL1                16384 # Size of shared memory per shader core (default 16kB)
-gpgpu_shmem_size_PrefShared                16384 # Size of shared memory per shader core (default 16kB)
-gpgpu_shmem_num_banks                   32 # Number of banks in the shared memory in each shader core (default 16)
-gpgpu_shmem_limited_broadcast                    0 # Limit shared memory to do one broadcast per cycle (default on)
-gpgpu_shmem_warp_parts                    1 # Number of portions a warp is divided into for shared memory bank conflict check 
-gpgpu_mem_unit_ports                    1 # The number of memory transactions allowed per core cycle
-gpgpu_shmem_warp_parts                    1 # Number of portions a warp is divided into for shared memory bank conflict check 
-gpgpu_warpdistro_shader                   -1 # Specify which shader core to collect the warp size distribution from
-gpgpu_warp_issue_shader                    0 # Specify which shader core to collect the warp issue distribution from
-gpgpu_local_mem_map                    1 # Mapping from local memory space address to simulated GPU physical address space (default = enabled)
-gpgpu_num_reg_banks                   64 # Number of register banks (default = 8)
-gpgpu_reg_bank_use_warp_id                    0 # Use warp ID in mapping registers to banks (default = off)
-gpgpu_sub_core_model                    1 # Sub Core Volta/Pascal model (default = off)
-gpgpu_enable_specialized_operand_collector                    0 # enable_specialized_operand_collector
-gpgpu_operand_collector_num_units_sp                    4 # number of collector units (default = 4)
-gpgpu_operand_collector_num_units_dp                    0 # number of collector units (default = 0)
-gpgpu_operand_collector_num_units_sfu                    4 # number of collector units (default = 4)
-gpgpu_operand_collector_num_units_int                    0 # number of collector units (default = 0)
-gpgpu_operand_collector_num_units_tensor_core                    4 # number of collector units (default = 4)
-gpgpu_operand_collector_num_units_mem                    2 # number of collector units (default = 2)
-gpgpu_operand_collector_num_units_gen                    8 # number of collector units (default = 0)
-gpgpu_operand_collector_num_in_ports_sp                    1 # number of collector unit in ports (default = 1)
-gpgpu_operand_collector_num_in_ports_dp                    0 # number of collector unit in ports (default = 0)
-gpgpu_operand_collector_num_in_ports_sfu                    1 # number of collector unit in ports (default = 1)
-gpgpu_operand_collector_num_in_ports_int                    0 # number of collector unit in ports (default = 0)
-gpgpu_operand_collector_num_in_ports_tensor_core                    1 # number of collector unit in ports (default = 1)
-gpgpu_operand_collector_num_in_ports_mem                    1 # number of collector unit in ports (default = 1)
-gpgpu_operand_collector_num_in_ports_gen                    8 # number of collector unit in ports (default = 0)
-gpgpu_operand_collector_num_out_ports_sp                    1 # number of collector unit in ports (default = 1)
-gpgpu_operand_collector_num_out_ports_dp                    0 # number of collector unit in ports (default = 0)
-gpgpu_operand_collector_num_out_ports_sfu                    1 # number of collector unit in ports (default = 1)
-gpgpu_operand_collector_num_out_ports_int                    0 # number of collector unit in ports (default = 0)
-gpgpu_operand_collector_num_out_ports_tensor_core                    1 # number of collector unit in ports (default = 1)
-gpgpu_operand_collector_num_out_ports_mem                    1 # number of collector unit in ports (default = 1)
-gpgpu_operand_collector_num_out_ports_gen                    8 # number of collector unit in ports (default = 0)
-gpgpu_coalesce_arch                   90 # Coalescing arch (GT200 = 13, Fermi = 20)
-gpgpu_num_sched_per_core                    4 # Number of warp schedulers per core
-gpgpu_max_insn_issue_per_warp                    1 # Max number of instructions that can be issued per warp in one cycle by scheduler (either 1 or 2)
-gpgpu_dual_issue_diff_exec_units                    1 # should dual issue use two different execution unit resources (Default = 1)
-gpgpu_simt_core_sim_order                    1 # Select the simulation order of cores in a cluster (0=Fix, 1=Round-Robin)
-gpgpu_pipeline_widths 4,4,4,4,4,4,4,4,4,4,8,4,4 # Pipeline widths ID_OC_SP,ID_OC_DP,ID_OC_INT,ID_OC_SFU,ID_OC_MEM,OC_EX_SP,OC_EX_DP,OC_EX_INT,OC_EX_SFU,OC_EX_MEM,EX_WB,ID_OC_TENSOR_CORE,OC_EX_TENSOR_CORE
-gpgpu_tensor_core_avail                    1 # Tensor Core Available (default=0)
-gpgpu_num_sp_units                     4 # Number of SP units (default=1)
-gpgpu_num_dp_units                     4 # Number of DP units (default=0)
-gpgpu_num_int_units                    4 # Number of INT units (default=0)
-gpgpu_num_sfu_units                    4 # Number of SF units (default=1)
-gpgpu_num_tensor_core_units                    4 # Number of tensor_core units (default=1)
-gpgpu_num_mem_units                    1 # Number if ldst units (default=1) WARNING: not hooked up to anything
-gpgpu_scheduler                      lrr # Scheduler configuration: < lrr | gto | two_level_active > If two_level_active:<num_active_warps>:<inner_prioritization>:<outer_prioritization>For complete list of prioritization values see shader.h enum scheduler_prioritization_typeDefault: gto
-gpgpu_concurrent_kernel_sm                    0 # Support concurrent kernels on a SM (default = disabled)
-gpgpu_perfect_inst_const_cache                    1 # perfect inst and const cache mode, so all inst and const hits in the cache(default = disabled)
-gpgpu_inst_fetch_throughput                    4 # the number of fetched intruction per warp each cycle
-gpgpu_reg_file_port_throughput                    2 # the number ports of the register file
-specialized_unit_1         1,4,4,4,4,BRA # specialized unit config {<enabled>,<num_units>:<latency>:<initiation>,<ID_OC_SPEC>:<OC_EX_SPEC>,<NAME>}
-specialized_unit_2       1,4,200,4,4,TEX # specialized unit config {<enabled>,<num_units>:<latency>:<initiation>,<ID_OC_SPEC>:<OC_EX_SPEC>,<NAME>}
-specialized_unit_3     1,4,12,4,4,TENSOR # specialized unit config {<enabled>,<num_units>:<latency>:<initiation>,<ID_OC_SPEC>:<OC_EX_SPEC>,<NAME>}
-specialized_unit_4         1,4,4,4,4,UDP # specialized unit config {<enabled>,<num_units>:<latency>:<initiation>,<ID_OC_SPEC>:<OC_EX_SPEC>,<NAME>}
-specialized_unit_5      1,4,128,4,4,GMMA # specialized unit config {<enabled>,<num_units>:<latency>:<initiation>,<ID_OC_SPEC>:<OC_EX_SPEC>,<NAME>}
-specialized_unit_6         0,4,4,4,4,BRA # specialized unit config {<enabled>,<num_units>:<latency>:<initiation>,<ID_OC_SPEC>:<OC_EX_SPEC>,<NAME>}
-specialized_unit_7         0,4,4,4,4,BRA # specialized unit config {<enabled>,<num_units>:<latency>:<initiation>,<ID_OC_SPEC>:<OC_EX_SPEC>,<NAME>}
-specialized_unit_8         0,4,4,4,4,BRA # specialized unit config {<enabled>,<num_units>:<latency>:<initiation>,<ID_OC_SPEC>:<OC_EX_SPEC>,<NAME>}
-gpgpu_opndcoll_model                    1 # Detailed operand collector model (0=DETAILED, 1=SIMPLE)
-gpgpu_trywait_max_retries                    5 # Max TRYWAIT retry attempts before giving up (default: 5)
-gpgpu_trywait_retry_cycles                  200 # Stall cycles between TRYWAIT retries (default: 200)
-gpgpu_n_chiplet_partition                    2 # Number of chiplet partitions. Default: 2
-gpgpu_chiplet_interleave                    0 # Chiplet TPC mapping: 0 = contiguous (first/second half), 1 = interleaved (even/odd TPC). Default: 0
-chiplet_mem_stride                  8192 # Memory stride for chiplet partitioning. Default: 8192
-gpgpu_perf_sim_memcpy                    0 # Fill the L2 cache on memcpy
-gpgpu_simple_dram_model                    1 # simple_dram_model with fixed latency and BW
-gpgpu_simple_dram_clock_multiplier                    1 # clock multiplier for simple dram model (default = 1)
-gpgpu_dram_scheduler                    1 # 0 = fifo, 1 = FR-FCFS (defaul)
-gpgpu_dram_partition_queues          64:64:64:64 # i2$:$2d:d2$:$2i
-l2_ideal                               0 # Use a ideal L2 cache that always hit
-gpgpu_cache:dl2     S:256:128:20,L:B:m:L:X,A:384:4,32:0,32 # unified banked L2 data cache config  {<sector?>:<nsets>:<bsize>:<assoc>,<rep>:<wr>:<alloc>:<wr_alloc>:<set_index_fn>,<mshr>:<N>:<merge>,<mq>:<fifo_entry>,<data_port_width>
-gpgpu_cache:dl2_texture_only                    0 # L2 cache used for texture only
-gpgpu_n_mem                           40 # number of memory modules (e.g. memory controllers) in gpu
-gpgpu_n_sub_partition_per_mchannel                    2 # number of memory subpartition in each memory module
-chiplet_partition_stride                 8192 # stride for chiplet partition indexing
-inter_chiplet_queue_size                  256 # max entries in inter-chiplet request/reply queues
-inter_chiplet_queue_latency                  100 # latency (in cycles) for inter-chiplet queue
-gpgpu_n_mem_per_ctrlr                    1 # number of memory chips per memory controller
-gpgpu_memlatency_stat                   14 # track and display latency statistics 0x2 enables MC, 0x4 enables queue logs
-gpgpu_frfcfs_dram_sched_queue_size                  128 # 0 = unlimited (default); # entries per chip
-gpgpu_dram_return_queue_size                  384 # 0 = unlimited (default); # entries per chip
-gpgpu_dram_buswidth                    8 # default = 4 bytes (8 bytes per cycle at DDR)
-gpgpu_dram_burst_length                    4 # Burst length of each DRAM request (default = 4 data bus cycle)
-dram_data_command_freq_ratio                    2 # Frequency ratio between DRAM data bus and command bus (default = 2 times, i.e. DDR)
-gpgpu_dram_timing_opt nbk=16:CCD=1:RRD=6:RCD=19:RAS=45:RP=19:RC=50:CL=19:WL=6:CDLR=8:WR=21:nbkgrp=4:CCDL=6:RTPL=8 # DRAM timing parameters = {nbk:tCCD:tRRD:tRCD:tRAS:tRP:tRC:CL:WL:tCDLR:tWR:nbkgrp:tCCDL:tRTPL}
-gpgpu_l2_rop_latency                  237 # ROP queue latency (default 85)
-dram_latency                         283 # DRAM latency (default 30)
-dram_dual_bus_interface                    1 # dual_bus_interface (default = 0) 
-dram_bnk_indexing_policy                    0 # dram_bnk_indexing_policy (0 = normal indexing, 1 = Xoring with the higher bits) (Default = 0)
-dram_bnkgrp_indexing_policy                    1 # dram_bnkgrp_indexing_policy (0 = take higher bits, 1 = take lower bits) (Default = 0)
-dram_seperate_write_queue_enable                    0 # Seperate_Write_Queue_Enable
-dram_write_queue_size             32:28:16 # Write_Queue_Size
-dram_elimnate_rw_turnaround                    0 # elimnate_rw_turnaround i.e set tWTR and tRTW = 0
-icnt_flit_size                        32 # icnt_flit_size
-SST_mode                               0 # SST mode
-gpgpu_lrc_enabled                      1 # Enable load request coalescer
-gpgpu_lrc_max_entries                 1024 # Maximum number of entries in the LRC queue
-gpgpu_lrc_max_merged                    4 # Maximum number of requests that can be merged in a single entry
-gpgpu_mem_addr_mapping dramid@8;00000000.00000000.00000000.00000000.0000RRRR.RRRRRRRR.RBBBCCCC.BCCSSSSS # mapping memory address to dram model {dramid@<start bit>;<memory address map>}
-gpgpu_mem_addr_test                    0 # run sweep test to check address mapping for aliased address
-gpgpu_mem_address_mask                    1 # 0 = old addressing mask, 1 = new addressing mask, 2 = new add. mask + flipped bank sel and chip sel bits
-gpgpu_memory_partition_indexing                    6 # 0 = no indexing, 1 = bitwise xoring, 2 = IPoly, 4 = Random, 5 = custom indexing, 6 = IPoly-Modulo
-accelwattch_xml_file accelwattch_sass_sim.xml # AccelWattch XML file
-power_simulation_enabled                    0 # Turn on power simulator (1=On, 0=Off)
-power_per_cycle_dump                    0 # Dump detailed power output each cycle
-hw_perf_file_name            hw_perf.csv # Hardware Performance Statistics file
-hw_perf_bench_name                       # Kernel Name in Hardware Performance Statistics file
-power_simulation_mode                    0 # Switch performance counter input for power simulation (0=Sim, 1=HW, 2=HW-Sim Hybrid)
-dvfs_enabled                           0 # Turn on DVFS for power model
-aggregate_power_stats                    0 # Accumulate power across all kernels
-accelwattch_hybrid_perfsim_L1_RH                    0 # Get L1 Read Hits for Accelwattch-Hybrid from Accel-Sim
-accelwattch_hybrid_perfsim_L1_RM                    0 # Get L1 Read Misses for Accelwattch-Hybrid from Accel-Sim
-accelwattch_hybrid_perfsim_L1_WH                    0 # Get L1 Write Hits for Accelwattch-Hybrid from Accel-Sim
-accelwattch_hybrid_perfsim_L1_WM                    0 # Get L1 Write Misses for Accelwattch-Hybrid from Accel-Sim
-accelwattch_hybrid_perfsim_L2_RH                    0 # Get L2 Read Hits for Accelwattch-Hybrid from Accel-Sim
-accelwattch_hybrid_perfsim_L2_RM                    0 # Get L2 Read Misses for Accelwattch-Hybrid from Accel-Sim
-accelwattch_hybrid_perfsim_L2_WH                    0 # Get L2 Write Hits for Accelwattch-Hybrid from Accel-Sim
-accelwattch_hybrid_perfsim_L2_WM                    0 # Get L2 Write Misses for Accelwattch-Hybrid from Accel-Sim
-accelwattch_hybrid_perfsim_CC_ACC                    0 # Get Constant Cache Acesses for Accelwattch-Hybrid from Accel-Sim
-accelwattch_hybrid_perfsim_SHARED_ACC                    0 # Get Shared Memory Acesses for Accelwattch-Hybrid from Accel-Sim
-accelwattch_hybrid_perfsim_DRAM_RD                    0 # Get DRAM Reads for Accelwattch-Hybrid from Accel-Sim
-accelwattch_hybrid_perfsim_DRAM_WR                    0 # Get DRAM Writes for Accelwattch-Hybrid from Accel-Sim
-accelwattch_hybrid_perfsim_NOC                    0 # Get Interconnect Acesses for Accelwattch-Hybrid from Accel-Sim
-accelwattch_hybrid_perfsim_PIPE_DUTY                    0 # Get Pipeline Duty Cycle Acesses for Accelwattch-Hybrid from Accel-Sim
-accelwattch_hybrid_perfsim_NUM_SM_IDLE                    0 # Get Number of Idle SMs for Accelwattch-Hybrid from Accel-Sim
-accelwattch_hybrid_perfsim_CYCLES                    0 # Get Executed Cycles for Accelwattch-Hybrid from Accel-Sim
-accelwattch_hybrid_perfsim_VOLTAGE                    0 # Get Chip Voltage for Accelwattch-Hybrid from Accel-Sim
-power_trace_enabled                    0 # produce a file for the power trace (1=On, 0=Off)
-power_trace_zlevel                     6 # Compression level of the power trace output log (0=no comp, 9=highest)
-steady_power_levels_enabled                    0 # produce a file for the steady power levels (1=On, 0=Off)
-steady_state_definition                  8:4 # allowed deviation:number of samples
-gpgpu_max_cycle                        0 # terminates gpu simulation early (0 = no limit)
-gpgpu_max_insn                         0 # terminates gpu simulation early (0 = no limit)
-gpgpu_max_cta                          0 # terminates gpu simulation early (0 = no limit)
-gpgpu_max_completed_cta                    0 # terminates gpu simulation early (0 = no limit)
-gpgpu_runtime_stat                   500 # display runtime statistics such as dram utilization {<freq>:<flag>}
-liveness_message_freq                    1 # Minimum number of seconds between simulation liveness messages (0 = always print)
-gpgpu_compute_capability_major                    9 # Major compute capability version number
-gpgpu_compute_capability_minor                    0 # Minor compute capability version number
-gpgpu_flush_l1_cache                    1 # Flush L1 cache at the end of each kernel call
-gpgpu_flush_l2_cache                    0 # Flush L2 cache at the end of each kernel call
-gpgpu_deadlock_detect                    1 # Stop the simulation at deadlock (1=on (default), 0=off)
-gpgpu_ptx_instruction_classification                    0 # if enabled will classify ptx instruction types per kernel (Max 255 kernels now)
-gpgpu_ptx_sim_mode                     0 # Select between Performance (default) or Functional simulation (1)
-gpgpu_clock_domains  1755:3510:3510:1593 # Clock Domain Frequencies in MhZ {<Core Clock>:<ICNT Clock>:<L2 Clock>:<DRAM Clock>}
-gpgpu_max_concurrent_kernel                  128 # maximum kernels that can run concurrently on GPU, set this value according to max resident grids for your compute capability
-gpgpu_cflog_interval                    0 # Interval between each snapshot in control flow logger
-visualizer_enabled                     0 # Turn on visualizer output (1=On, 0=Off)
-visualizer_outputfile                 NULL # Specifies the output log file for visualizer
-visualizer_zlevel                      6 # Compression level of the visualizer output log (0=no comp, 9=highest)
-gpgpu_stack_size_limit                 1024 # GPU thread stack size
-gpgpu_heap_size_limit              8388608 # GPU malloc heap size 
-gpgpu_runtime_sync_depth_limit                    2 # GPU device runtime synchronize depth
-gpgpu_runtime_pending_launch_count_limit                 2048 # GPU device runtime pending launch count
-trace_enabled                          0 # Turn on traces
-trace_components                    none # comma seperated list of traces to enable. Complete list found in trace_streams.tup. Default none
-trace_sampling_core                    0 # The core which is printed using CORE_DPRINTF. Default 0
-trace_sampling_memory_partition                   -1 # The memory partition which is printed using MEMPART_DPRINTF. Default -1 (i.e. all)
-enable_ptx_file_line_stats                    1 # Turn on PTX source line statistic profiling. (1 = On)
-ptx_line_stats_filename gpgpu_inst_stats.txt # Output file for PTX source line statistics.
-gpgpu_kernel_launch_latency                 3000 # Kernel launch latency in cycles. Default: 0
-gpgpu_cdp_enabled                      0 # Turn on CDP
-gpgpu_TB_launch_latency                    0 # thread block launch latency in cycles. Default: 0
-trace               /localhome/tsousape/cam_with_gpu/traces/lanes_w2_l16/traces/kernelslist.g # traces kernel filetraces kernel file directory
-trace_opcode_latency_initiation_int                  4,2 # Opcode latencies and initiation for integers in trace driven mode <latency,initiation>
-trace_opcode_latency_initiation_sp                  4,2 # Opcode latencies and initiation for sp in trace driven mode <latency,initiation>
-trace_opcode_latency_initiation_dp                  8,2 # Opcode latencies and initiation for dp in trace driven mode <latency,initiation>
-trace_opcode_latency_initiation_sfu                 23,8 # Opcode latencies and initiation for sfu in trace driven mode <latency,initiation>
-trace_opcode_latency_initiation_tensor                 12,4 # Opcode latencies and initiation for tensor in trace driven mode <latency,initiation>
-trace_opcode_latency_initiation_spec_op_1                  4,4 # specialized unit config <latency,initiation>
-trace_opcode_latency_initiation_spec_op_2                200,4 # specialized unit config <latency,initiation>
-trace_opcode_latency_initiation_spec_op_3                 12,4 # specialized unit config <latency,initiation>
-trace_opcode_latency_initiation_spec_op_4                  4,1 # specialized unit config <latency,initiation>
-trace_opcode_latency_initiation_spec_op_5               128,32 # specialized unit config <latency,initiation>
-trace_opcode_latency_initiation_spec_op_6                  4,4 # specialized unit config <latency,initiation>
-trace_opcode_latency_initiation_spec_op_7                  4,4 # specialized unit config <latency,initiation>
-trace_opcode_latency_initiation_spec_op_8                  4,4 # specialized unit config <latency,initiation>
DRAM Timing Options:
nbk                                    16 # number of banks
CCD                                     1 # column to column delay
RRD                                     6 # minimal delay between activation of rows in different banks
RCD                                    19 # row to column delay
RAS                                    45 # time needed to activate row
RP                                     19 # time needed to precharge (deactivate) row
RC                                     50 # row cycle time
CDLR                                    8 # switching from write to read (changes tWTR)
WR                                     21 # last data-in to row precharge
CL                                     19 # CAS latency
WL                                      6 # Write latency
nbkgrp                                  4 # number of bank groups
CCDL                                    6 # column to column delay between accesses to different bank groups
RTPL                                    8 # read to precharge delay between accesses to different bank groups
Total number of memory sub partition = 80
addr_dec_mask[CHIP]  = 0000000000000000 	high:64 low:0
addr_dec_mask[BK]    = 0000000000007080 	high:15 low:7
addr_dec_mask[ROW]   = 000000000fff8000 	high:28 low:15
addr_dec_mask[COL]   = 0000000000000f7f 	high:12 low:0
addr_dec_mask[BURST] = 000000000000001f 	high:5 low:0
sub_partition_id_mask = 0000000000000080
GPGPU-Sim uArch: clock freqs: 1755000000.000000:3510000000.000000:3510000000.000000:1593000000.000000
GPGPU-Sim uArch: clock periods: 0.00000000056980056980:0.00000000028490028490:0.00000000028490028490:0.00000000062774639046
*** Initializing Memory Statistics ***
GPGPU-Sim uArch: interconnect node map (shaderID+MemID to icntID)
GPGPU-Sim uArch: Memory nodes ID start from index: 114
GPGPU-Sim uArch:    0   1   2   3   4   5   6   7   8   9  10  11  12
GPGPU-Sim uArch:   13  14  15  16  17  18  19  20  21  22  23  24  25
GPGPU-Sim uArch:   26  27  28  29  30  31  32  33  34  35  36  37  38
GPGPU-Sim uArch:   39  40  41  42  43  44  45  46  47  48  49  50  51
GPGPU-Sim uArch:   52  53  54  55  56  57  58  59  60  61  62  63  64
GPGPU-Sim uArch:   65  66  67  68  69  70  71  72  73  74  75  76  77
GPGPU-Sim uArch:   78  79  80  81  82  83  84  85  86  87  88  89  90
GPGPU-Sim uArch:   91  92  93  94  95  96  97  98  99 100 101 102 103
GPGPU-Sim uArch:  104 105 106 107 108 109 110 111 112 113 114 115 116
GPGPU-Sim uArch:  117 118 119 120 121 122 123 124 125 126 127 128 129
GPGPU-Sim uArch:  130 131 132 133 134 135 136 137 138 139 140 141 142
GPGPU-Sim uArch:  143 144 145 146 147 148 149 150 151 152 153 154 155
GPGPU-Sim uArch:  156 157 158 159 160 161 162 163 164 165 166 167 168
GPGPU-Sim uArch:  169 170 171 172 173 174 175 176 177 178 179 180 181
GPGPU-Sim uArch:  182 183 184 185 186 187 188 189 190 191 192 193
GPGPU-Sim uArch: interconnect node reverse map (icntID to shaderID+MemID)
GPGPU-Sim uArch: Memory nodes start from ID: 114
GPGPU-Sim uArch:    0   1   2   3   4   5   6   7   8   9  10  11  12
GPGPU-Sim uArch:   13  14  15  16  17  18  19  20  21  22  23  24  25
GPGPU-Sim uArch:   26  27  28  29  30  31  32  33  34  35  36  37  38
GPGPU-Sim uArch:   39  40  41  42  43  44  45  46  47  48  49  50  51
GPGPU-Sim uArch:   52  53  54  55  56  57  58  59  60  61  62  63  64
GPGPU-Sim uArch:   65  66  67  68  69  70  71  72  73  74  75  76  77
GPGPU-Sim uArch:   78  79  80  81  82  83  84  85  86  87  88  89  90
GPGPU-Sim uArch:   91  92  93  94  95  96  97  98  99 100 101 102 103
GPGPU-Sim uArch:  104 105 106 107 108 109 110 111 112 113 114 115 116
GPGPU-Sim uArch:  117 118 119 120 121 122 123 124 125 126 127 128 129
GPGPU-Sim uArch:  130 131 132 133 134 135 136 137 138 139 140 141 142
GPGPU-Sim uArch:  143 144 145 146 147 148 149 150 151 152 153 154 155
GPGPU-Sim uArch:  156 157 158 159 160 161 162 163 164 165 166 167 168
GPGPU-Sim uArch:  169 170 171 172 173 174 175 176 177 178 179 180 181
GPGPU-Sim uArch:  182 183 184 185 186 187 188 189 190 191 192 193
GPGPU-Sim uArch: performance model initialization complete.
launching memcpy command : MemcpyHtoD,0x00007fe828000000,1073741824
launching memcpy command : MemcpyHtoD,0x00007fe881c00000,14592
Processing kernel /localhome/tsousape/cam_with_gpu/traces/lanes_w2_l16/traces/kernel-1-ctx_0x563f2c0f46a0.tracez
-kernel name = _Z11chase_lanesPKjS0_iiPj
-kernel id = 1
-grid dim = (114,1,1)
-block dim = (64,1,1)
-shmem = 0
-nregs = 22
-binary version = 90
-cuda stream id = 0
-shmem base_addr = 0x00007fe900000000
-local mem base_addr = 0x00007fe8f1000000
-nvbit version = 1.8
-accelsim tracer version = 6
-enable lineinfo = 0
Header info loaded for kernel command : /localhome/tsousape/cam_with_gpu/traces/lanes_w2_l16/traces/kernel-1-ctx_0x563f2c0f46a0.tracez
launching kernel name: _Z11chase_lanesPKjS0_iiPj uid: 1 cuda_stream_id: 0
GPGPU-Sim uArch: Shader 0 bind to kernel 1 '_Z11chase_lanesPKjS0_iiPj'
GPGPU-Sim uArch: CTA/core = 32, limited by: threads cta_limit
GPGPU-Sim: Reconfigure L1 cache to 256KB
thread block = 0,0,0
GPGPU-Sim uArch: Shader 1 bind to kernel 1 '_Z11chase_lanesPKjS0_iiPj'
thread block = 1,0,0
GPGPU-Sim uArch: Shader 2 bind to kernel 1 '_Z11chase_lanesPKjS0_iiPj'
thread block = 2,0,0
GPGPU-Sim uArch: Shader 3 bind to kernel 1 '_Z11chase_lanesPKjS0_iiPj'
thread block = 3,0,0
GPGPU-Sim uArch: Shader 4 bind to kernel 1 '_Z11chase_lanesPKjS0_iiPj'
thread block = 4,0,0
GPGPU-Sim uArch: Shader 5 bind to kernel 1 '_Z11chase_lanesPKjS0_iiPj'
thread block = 5,0,0
GPGPU-Sim uArch: Shader 6 bind to kernel 1 '_Z11chase_lanesPKjS0_iiPj'
thread block = 6,0,0
GPGPU-Sim uArch: Shader 7 bind to kernel 1 '_Z11chase_lanesPKjS0_iiPj'
thread block = 7,0,0
GPGPU-Sim uArch: Shader 8 bind to kernel 1 '_Z11chase_lanesPKjS0_iiPj'
thread block = 8,0,0
GPGPU-Sim uArch: Shader 9 bind to kernel 1 '_Z11chase_lanesPKjS0_iiPj'
thread block = 9,0,0
GPGPU-Sim uArch: Shader 10 bind to kernel 1 '_Z11chase_lanesPKjS0_iiPj'
thread block = 10,0,0
GPGPU-Sim uArch: Shader 11 bind to kernel 1 '_Z11chase_lanesPKjS0_iiPj'
thread block = 11,0,0
GPGPU-Sim uArch: Shader 12 bind to kernel 1 '_Z11chase_lanesPKjS0_iiPj'
thread block = 12,0,0
GPGPU-Sim uArch: Shader 13 bind to kernel 1 '_Z11chase_lanesPKjS0_iiPj'
thread block = 13,0,0
GPGPU-Sim uArch: Shader 14 bind to kernel 1 '_Z11chase_lanesPKjS0_iiPj'
thread block = 14,0,0
GPGPU-Sim uArch: Shader 15 bind to kernel 1 '_Z11chase_lanesPKjS0_iiPj'
thread block = 15,0,0
GPGPU-Sim uArch: Shader 16 bind to kernel 1 '_Z11chase_lanesPKjS0_iiPj'
thread block = 16,0,0
GPGPU-Sim uArch: Shader 17 bind to kernel 1 '_Z11chase_lanesPKjS0_iiPj'
thread block = 17,0,0
GPGPU-Sim uArch: Shader 18 bind to kernel 1 '_Z11chase_lanesPKjS0_iiPj'
thread block = 18,0,0
GPGPU-Sim uArch: Shader 19 bind to kernel 1 '_Z11chase_lanesPKjS0_iiPj'
thread block = 19,0,0
GPGPU-Sim uArch: Shader 20 bind to kernel 1 '_Z11chase_lanesPKjS0_iiPj'
thread block = 20,0,0
GPGPU-Sim uArch: Shader 21 bind to kernel 1 '_Z11chase_lanesPKjS0_iiPj'
thread block = 21,0,0
GPGPU-Sim uArch: Shader 22 bind to kernel 1 '_Z11chase_lanesPKjS0_iiPj'
thread block = 22,0,0
GPGPU-Sim uArch: Shader 23 bind to kernel 1 '_Z11chase_lanesPKjS0_iiPj'
thread block = 23,0,0
GPGPU-Sim uArch: Shader 24 bind to kernel 1 '_Z11chase_lanesPKjS0_iiPj'
thread block = 24,0,0
GPGPU-Sim uArch: Shader 25 bind to kernel 1 '_Z11chase_lanesPKjS0_iiPj'
thread block = 25,0,0
GPGPU-Sim uArch: Shader 26 bind to kernel 1 '_Z11chase_lanesPKjS0_iiPj'
thread block = 26,0,0
GPGPU-Sim uArch: Shader 27 bind to kernel 1 '_Z11chase_lanesPKjS0_iiPj'
thread block = 27,0,0
GPGPU-Sim uArch: Shader 28 bind to kernel 1 '_Z11chase_lanesPKjS0_iiPj'
thread block = 28,0,0
GPGPU-Sim uArch: Shader 29 bind to kernel 1 '_Z11chase_lanesPKjS0_iiPj'
thread block = 29,0,0
GPGPU-Sim uArch: Shader 30 bind to kernel 1 '_Z11chase_lanesPKjS0_iiPj'
thread block = 30,0,0
GPGPU-Sim uArch: Shader 31 bind to kernel 1 '_Z11chase_lanesPKjS0_iiPj'
thread block = 31,0,0
GPGPU-Sim uArch: Shader 32 bind to kernel 1 '_Z11chase_lanesPKjS0_iiPj'
thread block = 32,0,0
GPGPU-Sim uArch: Shader 33 bind to kernel 1 '_Z11chase_lanesPKjS0_iiPj'
thread block = 33,0,0
GPGPU-Sim uArch: Shader 34 bind to kernel 1 '_Z11chase_lanesPKjS0_iiPj'
thread block = 34,0,0
GPGPU-Sim uArch: Shader 35 bind to kernel 1 '_Z11chase_lanesPKjS0_iiPj'
thread block = 35,0,0
GPGPU-Sim uArch: Shader 36 bind to kernel 1 '_Z11chase_lanesPKjS0_iiPj'
thread block = 36,0,0
GPGPU-Sim uArch: Shader 37 bind to kernel 1 '_Z11chase_lanesPKjS0_iiPj'
thread block = 37,0,0
GPGPU-Sim uArch: Shader 38 bind to kernel 1 '_Z11chase_lanesPKjS0_iiPj'
thread block = 38,0,0
GPGPU-Sim uArch: Shader 39 bind to kernel 1 '_Z11chase_lanesPKjS0_iiPj'
thread block = 39,0,0
GPGPU-Sim uArch: Shader 40 bind to kernel 1 '_Z11chase_lanesPKjS0_iiPj'
thread block = 40,0,0
GPGPU-Sim uArch: Shader 41 bind to kernel 1 '_Z11chase_lanesPKjS0_iiPj'
thread block = 41,0,0
GPGPU-Sim uArch: Shader 42 bind to kernel 1 '_Z11chase_lanesPKjS0_iiPj'
thread block = 42,0,0
GPGPU-Sim uArch: Shader 43 bind to kernel 1 '_Z11chase_lanesPKjS0_iiPj'
thread block = 43,0,0
GPGPU-Sim uArch: Shader 44 bind to kernel 1 '_Z11chase_lanesPKjS0_iiPj'
thread block = 44,0,0
GPGPU-Sim uArch: Shader 45 bind to kernel 1 '_Z11chase_lanesPKjS0_iiPj'
thread block = 45,0,0
GPGPU-Sim uArch: Shader 46 bind to kernel 1 '_Z11chase_lanesPKjS0_iiPj'
thread block = 46,0,0
GPGPU-Sim uArch: Shader 47 bind to kernel 1 '_Z11chase_lanesPKjS0_iiPj'
thread block = 47,0,0
GPGPU-Sim uArch: Shader 48 bind to kernel 1 '_Z11chase_lanesPKjS0_iiPj'
thread block = 48,0,0
GPGPU-Sim uArch: Shader 49 bind to kernel 1 '_Z11chase_lanesPKjS0_iiPj'
thread block = 49,0,0
GPGPU-Sim uArch: Shader 50 bind to kernel 1 '_Z11chase_lanesPKjS0_iiPj'
thread block = 50,0,0
GPGPU-Sim uArch: Shader 51 bind to kernel 1 '_Z11chase_lanesPKjS0_iiPj'
thread block = 51,0,0
GPGPU-Sim uArch: Shader 52 bind to kernel 1 '_Z11chase_lanesPKjS0_iiPj'
thread block = 52,0,0
GPGPU-Sim uArch: Shader 53 bind to kernel 1 '_Z11chase_lanesPKjS0_iiPj'
thread block = 53,0,0
GPGPU-Sim uArch: Shader 54 bind to kernel 1 '_Z11chase_lanesPKjS0_iiPj'
thread block = 54,0,0
GPGPU-Sim uArch: Shader 55 bind to kernel 1 '_Z11chase_lanesPKjS0_iiPj'
thread block = 55,0,0
GPGPU-Sim uArch: Shader 56 bind to kernel 1 '_Z11chase_lanesPKjS0_iiPj'
thread block = 56,0,0
GPGPU-Sim uArch: Shader 57 bind to kernel 1 '_Z11chase_lanesPKjS0_iiPj'
thread block = 57,0,0
GPGPU-Sim uArch: Shader 58 bind to kernel 1 '_Z11chase_lanesPKjS0_iiPj'
thread block = 58,0,0
GPGPU-Sim uArch: Shader 59 bind to kernel 1 '_Z11chase_lanesPKjS0_iiPj'
thread block = 59,0,0
GPGPU-Sim uArch: Shader 60 bind to kernel 1 '_Z11chase_lanesPKjS0_iiPj'
thread block = 60,0,0
GPGPU-Sim uArch: Shader 61 bind to kernel 1 '_Z11chase_lanesPKjS0_iiPj'
thread block = 61,0,0
GPGPU-Sim uArch: Shader 62 bind to kernel 1 '_Z11chase_lanesPKjS0_iiPj'
thread block = 62,0,0
GPGPU-Sim uArch: Shader 63 bind to kernel 1 '_Z11chase_lanesPKjS0_iiPj'
thread block = 63,0,0
GPGPU-Sim uArch: Shader 64 bind to kernel 1 '_Z11chase_lanesPKjS0_iiPj'
thread block = 64,0,0
GPGPU-Sim uArch: Shader 65 bind to kernel 1 '_Z11chase_lanesPKjS0_iiPj'
thread block = 65,0,0
GPGPU-Sim uArch: Shader 66 bind to kernel 1 '_Z11chase_lanesPKjS0_iiPj'
thread block = 66,0,0
GPGPU-Sim uArch: Shader 67 bind to kernel 1 '_Z11chase_lanesPKjS0_iiPj'
thread block = 67,0,0
GPGPU-Sim uArch: Shader 68 bind to kernel 1 '_Z11chase_lanesPKjS0_iiPj'
thread block = 68,0,0
GPGPU-Sim uArch: Shader 69 bind to kernel 1 '_Z11chase_lanesPKjS0_iiPj'
thread block = 69,0,0
GPGPU-Sim uArch: Shader 70 bind to kernel 1 '_Z11chase_lanesPKjS0_iiPj'
thread block = 70,0,0
GPGPU-Sim uArch: Shader 71 bind to kernel 1 '_Z11chase_lanesPKjS0_iiPj'
thread block = 71,0,0
GPGPU-Sim uArch: Shader 72 bind to kernel 1 '_Z11chase_lanesPKjS0_iiPj'
thread block = 72,0,0
GPGPU-Sim uArch: Shader 73 bind to kernel 1 '_Z11chase_lanesPKjS0_iiPj'
thread block = 73,0,0
GPGPU-Sim uArch: Shader 74 bind to kernel 1 '_Z11chase_lanesPKjS0_iiPj'
thread block = 74,0,0
GPGPU-Sim uArch: Shader 75 bind to kernel 1 '_Z11chase_lanesPKjS0_iiPj'
thread block = 75,0,0
GPGPU-Sim uArch: Shader 76 bind to kernel 1 '_Z11chase_lanesPKjS0_iiPj'
thread block = 76,0,0
GPGPU-Sim uArch: Shader 77 bind to kernel 1 '_Z11chase_lanesPKjS0_iiPj'
thread block = 77,0,0
GPGPU-Sim uArch: Shader 78 bind to kernel 1 '_Z11chase_lanesPKjS0_iiPj'
thread block = 78,0,0
GPGPU-Sim uArch: Shader 79 bind to kernel 1 '_Z11chase_lanesPKjS0_iiPj'
thread block = 79,0,0
GPGPU-Sim uArch: Shader 80 bind to kernel 1 '_Z11chase_lanesPKjS0_iiPj'
thread block = 80,0,0
GPGPU-Sim uArch: Shader 81 bind to kernel 1 '_Z11chase_lanesPKjS0_iiPj'
thread block = 81,0,0
GPGPU-Sim uArch: Shader 82 bind to kernel 1 '_Z11chase_lanesPKjS0_iiPj'
thread block = 82,0,0
GPGPU-Sim uArch: Shader 83 bind to kernel 1 '_Z11chase_lanesPKjS0_iiPj'
thread block = 83,0,0
GPGPU-Sim uArch: Shader 84 bind to kernel 1 '_Z11chase_lanesPKjS0_iiPj'
thread block = 84,0,0
GPGPU-Sim uArch: Shader 85 bind to kernel 1 '_Z11chase_lanesPKjS0_iiPj'
thread block = 85,0,0
GPGPU-Sim uArch: Shader 86 bind to kernel 1 '_Z11chase_lanesPKjS0_iiPj'
thread block = 86,0,0
GPGPU-Sim uArch: Shader 87 bind to kernel 1 '_Z11chase_lanesPKjS0_iiPj'
thread block = 87,0,0
GPGPU-Sim uArch: Shader 88 bind to kernel 1 '_Z11chase_lanesPKjS0_iiPj'
thread block = 88,0,0
GPGPU-Sim uArch: Shader 89 bind to kernel 1 '_Z11chase_lanesPKjS0_iiPj'
thread block = 89,0,0
GPGPU-Sim uArch: Shader 90 bind to kernel 1 '_Z11chase_lanesPKjS0_iiPj'
thread block = 90,0,0
GPGPU-Sim uArch: Shader 91 bind to kernel 1 '_Z11chase_lanesPKjS0_iiPj'
thread block = 91,0,0
GPGPU-Sim uArch: Shader 92 bind to kernel 1 '_Z11chase_lanesPKjS0_iiPj'
thread block = 92,0,0
GPGPU-Sim uArch: Shader 93 bind to kernel 1 '_Z11chase_lanesPKjS0_iiPj'
thread block = 93,0,0
GPGPU-Sim uArch: Shader 94 bind to kernel 1 '_Z11chase_lanesPKjS0_iiPj'
thread block = 94,0,0
GPGPU-Sim uArch: Shader 95 bind to kernel 1 '_Z11chase_lanesPKjS0_iiPj'
thread block = 95,0,0
GPGPU-Sim uArch: Shader 96 bind to kernel 1 '_Z11chase_lanesPKjS0_iiPj'
thread block = 96,0,0
GPGPU-Sim uArch: Shader 97 bind to kernel 1 '_Z11chase_lanesPKjS0_iiPj'
thread block = 97,0,0
GPGPU-Sim uArch: Shader 98 bind to kernel 1 '_Z11chase_lanesPKjS0_iiPj'
thread block = 98,0,0
GPGPU-Sim uArch: Shader 99 bind to kernel 1 '_Z11chase_lanesPKjS0_iiPj'
thread block = 99,0,0
GPGPU-Sim uArch: Shader 100 bind to kernel 1 '_Z11chase_lanesPKjS0_iiPj'
thread block = 100,0,0
GPGPU-Sim uArch: Shader 101 bind to kernel 1 '_Z11chase_lanesPKjS0_iiPj'
thread block = 101,0,0
GPGPU-Sim uArch: Shader 102 bind to kernel 1 '_Z11chase_lanesPKjS0_iiPj'
thread block = 102,0,0
GPGPU-Sim uArch: Shader 103 bind to kernel 1 '_Z11chase_lanesPKjS0_iiPj'
thread block = 103,0,0
GPGPU-Sim uArch: Shader 104 bind to kernel 1 '_Z11chase_lanesPKjS0_iiPj'
thread block = 104,0,0
GPGPU-Sim uArch: Shader 105 bind to kernel 1 '_Z11chase_lanesPKjS0_iiPj'
thread block = 105,0,0
GPGPU-Sim uArch: Shader 106 bind to kernel 1 '_Z11chase_lanesPKjS0_iiPj'
thread block = 106,0,0
GPGPU-Sim uArch: Shader 107 bind to kernel 1 '_Z11chase_lanesPKjS0_iiPj'
thread block = 107,0,0
GPGPU-Sim uArch: Shader 108 bind to kernel 1 '_Z11chase_lanesPKjS0_iiPj'
thread block = 108,0,0
GPGPU-Sim uArch: Shader 109 bind to kernel 1 '_Z11chase_lanesPKjS0_iiPj'
thread block = 109,0,0
GPGPU-Sim uArch: Shader 110 bind to kernel 1 '_Z11chase_lanesPKjS0_iiPj'
thread block = 110,0,0
GPGPU-Sim uArch: Shader 111 bind to kernel 1 '_Z11chase_lanesPKjS0_iiPj'
thread block = 111,0,0
GPGPU-Sim uArch: Shader 112 bind to kernel 1 '_Z11chase_lanesPKjS0_iiPj'
thread block = 112,0,0
GPGPU-Sim uArch: Shader 113 bind to kernel 1 '_Z11chase_lanesPKjS0_iiPj'
thread block = 113,0,0
Destroy streams for kernel 1: size 0
kernel_name = _Z11chase_lanesPKjS0_iiPj 
kernel_launch_uid = 1 
kernel_stream_id = 0
gpu_sim_cycle = 100167
gpu_sim_insn = 1203840
gpu_ipc =      12.0183
gpu_tot_sim_cycle = 100167
gpu_tot_sim_insn = 1203840
gpu_tot_ipc =      12.0183
gpu_tot_issued_cta = 114
gpu_occupancy = 3.1243% 
gpu_tot_occupancy = 3.1243% 
max_total_param_size = 0
gpu_stall_dramfull = 0
gpu_stall_icnt2sh    = 0
partiton_level_parallism =       4.6708
partiton_level_parallism_total  =       4.6708
partiton_level_parallism_util =      11.4547
partiton_level_parallism_util_total  =      11.4547
L2_BW  =     262.3099 GB/Sec
L2_BW_total  =     262.3099 GB/Sec
gpu_total_sim_rate=12038

========= Core cache stats =========
L1I_cache:
	L1I_total_cache_accesses = 0
	L1I_total_cache_misses = 0
	L1I_total_cache_pending_hits = 0
	L1I_total_cache_reservation_fails = 0
L1D_cache:
	L1D_cache_core[0]: Access = 8, Miss = 8, Miss_rate = 1.000, Pending_hits = 0, Reservation_fails = 0
	L1D_cache_core[1]: Access = 8, Miss = 8, Miss_rate = 1.000, Pending_hits = 0, Reservation_fails = 0
	L1D_cache_core[2]: Access = 8, Miss = 8, Miss_rate = 1.000, Pending_hits = 0, Reservation_fails = 0
	L1D_cache_core[3]: Access = 8, Miss = 8, Miss_rate = 1.000, Pending_hits = 0, Reservation_fails = 0
	L1D_cache_core[4]: Access = 8, Miss = 8, Miss_rate = 1.000, Pending_hits = 0, Reservation_fails = 0
	L1D_cache_core[5]: Access = 8, Miss = 8, Miss_rate = 1.000, Pending_hits = 0, Reservation_fails = 0
	L1D_cache_core[6]: Access = 8, Miss = 8, Miss_rate = 1.000, Pending_hits = 0, Reservation_fails = 0
	L1D_cache_core[7]: Access = 8, Miss = 8, Miss_rate = 1.000, Pending_hits = 0, Reservation_fails = 0
	L1D_cache_core[8]: Access = 8, Miss = 8, Miss_rate = 1.000, Pending_hits = 0, Reservation_fails = 0
	L1D_cache_core[9]: Access = 8, Miss = 8, Miss_rate = 1.000, Pending_hits = 0, Reservation_fails = 0
	L1D_cache_core[10]: Access = 8, Miss = 8, Miss_rate = 1.000, Pending_hits = 0, Reservation_fails = 0
	L1D_cache_core[11]: Access = 8, Miss = 8, Miss_rate = 1.000, Pending_hits = 0, Reservation_fails = 0
	L1D_cache_core[12]: Access = 8, Miss = 8, Miss_rate = 1.000, Pending_hits = 0, Reservation_fails = 0
	L1D_cache_core[13]: Access = 8, Miss = 8, Miss_rate = 1.000, Pending_hits = 0, Reservation_fails = 0
	L1D_cache_core[14]: Access = 8, Miss = 8, Miss_rate = 1.000, Pending_hits = 0, Reservation_fails = 0
	L1D_cache_core[15]: Access = 8, Miss = 8, Miss_rate = 1.000, Pending_hits = 0, Reservation_fails = 0
	L1D_cache_core[16]: Access = 8, Miss = 8, Miss_rate = 1.000, Pending_hits = 0, Reservation_fails = 0
	L1D_cache_core[17]: Access = 8, Miss = 8, Miss_rate = 1.000, Pending_hits = 0, Reservation_fails = 0
	L1D_cache_core[18]: Access = 8, Miss = 8, Miss_rate = 1.000, Pending_hits = 0, Reservation_fails = 0
	L1D_cache_core[19]: Access = 8, Miss = 8, Miss_rate = 1.000, Pending_hits = 0, Reservation_fails = 0
	L1D_cache_core[20]: Access = 8, Miss = 8, Miss_rate = 1.000, Pending_hits = 0, Reservation_fails = 0
	L1D_cache_core[21]: Access = 8, Miss = 8, Miss_rate = 1.000, Pending_hits = 0, Reservation_fails = 0
	L1D_cache_core[22]: Access = 8, Miss = 8, Miss_rate = 1.000, Pending_hits = 0, Reservation_fails = 0
	L1D_cache_core[23]: Access = 8, Miss = 8, Miss_rate = 1.000, Pending_hits = 0, Reservation_fails = 0
	L1D_cache_core[24]: Access = 8, Miss = 8, Miss_rate = 1.000, Pending_hits = 0, Reservation_fails = 0
	L1D_cache_core[25]: Access = 8, Miss = 8, Miss_rate = 1.000, Pending_hits = 0, Reservation_fails = 0
	L1D_cache_core[26]: Access = 8, Miss = 8, Miss_rate = 1.000, Pending_hits = 0, Reservation_fails = 0
	L1D_cache_core[27]: Access = 8, Miss = 8, Miss_rate = 1.000, Pending_hits = 0, Reservation_fails = 0
	L1D_cache_core[28]: Access = 8, Miss = 8, Miss_rate = 1.000, Pending_hits = 0, Reservation_fails = 0
	L1D_cache_core[29]: Access = 8, Miss = 8, Miss_rate = 1.000, Pending_hits = 0, Reservation_fails = 0
	L1D_cache_core[30]: Access = 8, Miss = 8, Miss_rate = 1.000, Pending_hits = 0, Reservation_fails = 0
	L1D_cache_core[31]: Access = 8, Miss = 8, Miss_rate = 1.000, Pending_hits = 0, Reservation_fails = 0
	L1D_cache_core[32]: Access = 8, Miss = 8, Miss_rate = 1.000, Pending_hits = 0, Reservation_fails = 0
	L1D_cache_core[33]: Access = 8, Miss = 8, Miss_rate = 1.000, Pending_hits = 0, Reservation_fails = 0
	L1D_cache_core[34]: Access = 8, Miss = 8, Miss_rate = 1.000, Pending_hits = 0, Reservation_fails = 0
	L1D_cache_core[35]: Access = 8, Miss = 8, Miss_rate = 1.000, Pending_hits = 0, Reservation_fails = 0
	L1D_cache_core[36]: Access = 8, Miss = 8, Miss_rate = 1.000, Pending_hits = 0, Reservation_fails = 0
	L1D_cache_core[37]: Access = 8, Miss = 8, Miss_rate = 1.000, Pending_hits = 0, Reservation_fails = 0
	L1D_cache_core[38]: Access = 8, Miss = 8, Miss_rate = 1.000, Pending_hits = 0, Reservation_fails = 0
	L1D_cache_core[39]: Access = 8, Miss = 8, Miss_rate = 1.000, Pending_hits = 0, Reservation_fails = 0
	L1D_cache_core[40]: Access = 8, Miss = 8, Miss_rate = 1.000, Pending_hits = 0, Reservation_fails = 0
	L1D_cache_core[41]: Access = 8, Miss = 8, Miss_rate = 1.000, Pending_hits = 0, Reservation_fails = 0
	L1D_cache_core[42]: Access = 8, Miss = 8, Miss_rate = 1.000, Pending_hits = 0, Reservation_fails = 0
	L1D_cache_core[43]: Access = 8, Miss = 8, Miss_rate = 1.000, Pending_hits = 0, Reservation_fails = 0
	L1D_cache_core[44]: Access = 8, Miss = 8, Miss_rate = 1.000, Pending_hits = 0, Reservation_fails = 0
	L1D_cache_core[45]: Access = 8, Miss = 8, Miss_rate = 1.000, Pending_hits = 0, Reservation_fails = 0
	L1D_cache_core[46]: Access = 8, Miss = 8, Miss_rate = 1.000, Pending_hits = 0, Reservation_fails = 0
	L1D_cache_core[47]: Access = 8, Miss = 8, Miss_rate = 1.000, Pending_hits = 0, Reservation_fails = 0
	L1D_cache_core[48]: Access = 8, Miss = 8, Miss_rate = 1.000, Pending_hits = 0, Reservation_fails = 0
	L1D_cache_core[49]: Access = 8, Miss = 8, Miss_rate = 1.000, Pending_hits = 0, Reservation_fails = 0
	L1D_cache_core[50]: Access = 8, Miss = 8, Miss_rate = 1.000, Pending_hits = 0, Reservation_fails = 0
	L1D_cache_core[51]: Access = 8, Miss = 8, Miss_rate = 1.000, Pending_hits = 0, Reservation_fails = 0
	L1D_cache_core[52]: Access = 8, Miss = 8, Miss_rate = 1.000, Pending_hits = 0, Reservation_fails = 0
	L1D_cache_core[53]: Access = 8, Miss = 8, Miss_rate = 1.000, Pending_hits = 0, Reservation_fails = 0
	L1D_cache_core[54]: Access = 8, Miss = 8, Miss_rate = 1.000, Pending_hits = 0, Reservation_fails = 0
	L1D_cache_core[55]: Access = 8, Miss = 8, Miss_rate = 1.000, Pending_hits = 0, Reservation_fails = 0
	L1D_cache_core[56]: Access = 8, Miss = 8, Miss_rate = 1.000, Pending_hits = 0, Reservation_fails = 0
	L1D_cache_core[57]: Access = 8, Miss = 8, Miss_rate = 1.000, Pending_hits = 0, Reservation_fails = 0
	L1D_cache_core[58]: Access = 8, Miss = 8, Miss_rate = 1.000, Pending_hits = 0, Reservation_fails = 0
	L1D_cache_core[59]: Access = 8, Miss = 8, Miss_rate = 1.000, Pending_hits = 0, Reservation_fails = 0
	L1D_cache_core[60]: Access = 8, Miss = 8, Miss_rate = 1.000, Pending_hits = 0, Reservation_fails = 0
	L1D_cache_core[61]: Access = 8, Miss = 8, Miss_rate = 1.000, Pending_hits = 0, Reservation_fails = 0
	L1D_cache_core[62]: Access = 8, Miss = 8, Miss_rate = 1.000, Pending_hits = 0, Reservation_fails = 0
	L1D_cache_core[63]: Access = 8, Miss = 8, Miss_rate = 1.000, Pending_hits = 0, Reservation_fails = 0
	L1D_cache_core[64]: Access = 8, Miss = 8, Miss_rate = 1.000, Pending_hits = 0, Reservation_fails = 0
	L1D_cache_core[65]: Access = 8, Miss = 8, Miss_rate = 1.000, Pending_hits = 0, Reservation_fails = 0
	L1D_cache_core[66]: Access = 8, Miss = 8, Miss_rate = 1.000, Pending_hits = 0, Reservation_fails = 0
	L1D_cache_core[67]: Access = 8, Miss = 8, Miss_rate = 1.000, Pending_hits = 0, Reservation_fails = 0
	L1D_cache_core[68]: Access = 8, Miss = 8, Miss_rate = 1.000, Pending_hits = 0, Reservation_fails = 0
	L1D_cache_core[69]: Access = 8, Miss = 8, Miss_rate = 1.000, Pending_hits = 0, Reservation_fails = 0
	L1D_cache_core[70]: Access = 8, Miss = 8, Miss_rate = 1.000, Pending_hits = 0, Reservation_fails = 0
	L1D_cache_core[71]: Access = 8, Miss = 8, Miss_rate = 1.000, Pending_hits = 0, Reservation_fails = 0
	L1D_cache_core[72]: Access = 8, Miss = 8, Miss_rate = 1.000, Pending_hits = 0, Reservation_fails = 0
	L1D_cache_core[73]: Access = 8, Miss = 8, Miss_rate = 1.000, Pending_hits = 0, Reservation_fails = 0
	L1D_cache_core[74]: Access = 8, Miss = 8, Miss_rate = 1.000, Pending_hits = 0, Reservation_fails = 0
	L1D_cache_core[75]: Access = 8, Miss = 8, Miss_rate = 1.000, Pending_hits = 0, Reservation_fails = 0
	L1D_cache_core[76]: Access = 8, Miss = 8, Miss_rate = 1.000, Pending_hits = 0, Reservation_fails = 0
	L1D_cache_core[77]: Access = 8, Miss = 8, Miss_rate = 1.000, Pending_hits = 0, Reservation_fails = 0
	L1D_cache_core[78]: Access = 8, Miss = 8, Miss_rate = 1.000, Pending_hits = 0, Reservation_fails = 0
	L1D_cache_core[79]: Access = 8, Miss = 8, Miss_rate = 1.000, Pending_hits = 0, Reservation_fails = 0
	L1D_cache_core[80]: Access = 8, Miss = 8, Miss_rate = 1.000, Pending_hits = 0, Reservation_fails = 0
	L1D_cache_core[81]: Access = 8, Miss = 8, Miss_rate = 1.000, Pending_hits = 0, Reservation_fails = 0
	L1D_cache_core[82]: Access = 8, Miss = 8, Miss_rate = 1.000, Pending_hits = 0, Reservation_fails = 0
	L1D_cache_core[83]: Access = 8, Miss = 8, Miss_rate = 1.000, Pending_hits = 0, Reservation_fails = 0
	L1D_cache_core[84]: Access = 8, Miss = 8, Miss_rate = 1.000, Pending_hits = 0, Reservation_fails = 0
	L1D_cache_core[85]: Access = 8, Miss = 8, Miss_rate = 1.000, Pending_hits = 0, Reservation_fails = 0
	L1D_cache_core[86]: Access = 8, Miss = 8, Miss_rate = 1.000, Pending_hits = 0, Reservation_fails = 0
	L1D_cache_core[87]: Access = 8, Miss = 8, Miss_rate = 1.000, Pending_hits = 0, Reservation_fails = 0
	L1D_cache_core[88]: Access = 8, Miss = 8, Miss_rate = 1.000, Pending_hits = 0, Reservation_fails = 0
	L1D_cache_core[89]: Access = 8, Miss = 8, Miss_rate = 1.000, Pending_hits = 0, Reservation_fails = 0
	L1D_cache_core[90]: Access = 8, Miss = 8, Miss_rate = 1.000, Pending_hits = 0, Reservation_fails = 0
	L1D_cache_core[91]: Access = 8, Miss = 8, Miss_rate = 1.000, Pending_hits = 0, Reservation_fails = 0
	L1D_cache_core[92]: Access = 8, Miss = 8, Miss_rate = 1.000, Pending_hits = 0, Reservation_fails = 0
	L1D_cache_core[93]: Access = 8, Miss = 8, Miss_rate = 1.000, Pending_hits = 0, Reservation_fails = 0
	L1D_cache_core[94]: Access = 8, Miss = 8, Miss_rate = 1.000, Pending_hits = 0, Reservation_fails = 0
	L1D_cache_core[95]: Access = 8, Miss = 8, Miss_rate = 1.000, Pending_hits = 0, Reservation_fails = 0
	L1D_cache_core[96]: Access = 8, Miss = 8, Miss_rate = 1.000, Pending_hits = 0, Reservation_fails = 0
	L1D_cache_core[97]: Access = 8, Miss = 8, Miss_rate = 1.000, Pending_hits = 0, Reservation_fails = 0
	L1D_cache_core[98]: Access = 8, Miss = 8, Miss_rate = 1.000, Pending_hits = 0, Reservation_fails = 0
	L1D_cache_core[99]: Access = 8, Miss = 8, Miss_rate = 1.000, Pending_hits = 0, Reservation_fails = 0
	L1D_cache_core[100]: Access = 8, Miss = 8, Miss_rate = 1.000, Pending_hits = 0, Reservation_fails = 0
	L1D_cache_core[101]: Access = 8, Miss = 8, Miss_rate = 1.000, Pending_hits = 0, Reservation_fails = 0
	L1D_cache_core[102]: Access = 8, Miss = 8, Miss_rate = 1.000, Pending_hits = 0, Reservation_fails = 0
	L1D_cache_core[103]: Access = 8, Miss = 8, Miss_rate = 1.000, Pending_hits = 0, Reservation_fails = 0
	L1D_cache_core[104]: Access = 8, Miss = 8, Miss_rate = 1.000, Pending_hits = 0, Reservation_fails = 0
	L1D_cache_core[105]: Access = 8, Miss = 8, Miss_rate = 1.000, Pending_hits = 0, Reservation_fails = 0
	L1D_cache_core[106]: Access = 8, Miss = 8, Miss_rate = 1.000, Pending_hits = 0, Reservation_fails = 0
	L1D_cache_core[107]: Access = 8, Miss = 8, Miss_rate = 1.000, Pending_hits = 0, Reservation_fails = 0
	L1D_cache_core[108]: Access = 8, Miss = 8, Miss_rate = 1.000, Pending_hits = 0, Reservation_fails = 0
	L1D_cache_core[109]: Access = 8, Miss = 8, Miss_rate = 1.000, Pending_hits = 0, Reservation_fails = 0
	L1D_cache_core[110]: Access = 8, Miss = 8, Miss_rate = 1.000, Pending_hits = 0, Reservation_fails = 0
	L1D_cache_core[111]: Access = 8, Miss = 8, Miss_rate = 1.000, Pending_hits = 0, Reservation_fails = 0
	L1D_cache_core[112]: Access = 8, Miss = 8, Miss_rate = 1.000, Pending_hits = 0, Reservation_fails = 0
	L1D_cache_core[113]: Access = 8, Miss = 8, Miss_rate = 1.000, Pending_hits = 0, Reservation_fails = 0
	L1D_total_cache_accesses = 912
	L1D_total_cache_misses = 912
	L1D_total_cache_miss_rate = 1.0000
	L1D_total_cache_pending_hits = 0
	L1D_total_cache_reservation_fails = 0
	L1D_cache_data_port_util = 0.000
	L1D_cache_fill_port_util = 0.000
L1C_cache:
	L1C_total_cache_accesses = 0
	L1C_total_cache_misses = 0
	L1C_total_cache_pending_hits = 0
	L1C_total_cache_reservation_fails = 0
L1T_cache:
	L1T_total_cache_accesses = 0
	L1T_total_cache_misses = 0
	L1T_total_cache_pending_hits = 0
	L1T_total_cache_reservation_fails = 0

Total_core_cache_stats:
	Total_core_cache_stats_breakdown[GLOBAL_ACC_R][HIT] = 0
	Total_core_cache_stats_breakdown[GLOBAL_ACC_R][HIT_RESERVED] = 0
	Total_core_cache_stats_breakdown[GLOBAL_ACC_R][MISS] = 114
	Total_core_cache_stats_breakdown[GLOBAL_ACC_R][RESERVATION_FAIL] = 0
	Total_core_cache_stats_breakdown[GLOBAL_ACC_R][SECTOR_MISS] = 342
	Total_core_cache_stats_breakdown[GLOBAL_ACC_R][MSHR_HIT] = 0
	Total_core_cache_stats_breakdown[GLOBAL_ACC_R][WRITE_ALLOCATED] = 0
	Total_core_cache_stats_breakdown[CHIPLET_ACC_R][HIT] = 0
	Total_core_cache_stats_breakdown[CHIPLET_ACC_R][HIT_RESERVED] = 0
	Total_core_cache_stats_breakdown[CHIPLET_ACC_R][MISS] = 0
	Total_core_cache_stats_breakdown[CHIPLET_ACC_R][RESERVATION_FAIL] = 0
	Total_core_cache_stats_breakdown[CHIPLET_ACC_R][SECTOR_MISS] = 0
	Total_core_cache_stats_breakdown[CHIPLET_ACC_R][MSHR_HIT] = 0
	Total_core_cache_stats_breakdown[CHIPLET_ACC_R][WRITE_ALLOCATED] = 0
	Total_core_cache_stats_breakdown[LOCAL_ACC_R][HIT] = 0
	Total_core_cache_stats_breakdown[LOCAL_ACC_R][HIT_RESERVED] = 0
	Total_core_cache_stats_breakdown[LOCAL_ACC_R][MISS] = 0
	Total_core_cache_stats_breakdown[LOCAL_ACC_R][RESERVATION_FAIL] = 0
	Total_core_cache_stats_breakdown[LOCAL_ACC_R][SECTOR_MISS] = 0
	Total_core_cache_stats_breakdown[LOCAL_ACC_R][MSHR_HIT] = 0
	Total_core_cache_stats_breakdown[LOCAL_ACC_R][WRITE_ALLOCATED] = 0
	Total_core_cache_stats_breakdown[CONST_ACC_R][HIT] = 0
	Total_core_cache_stats_breakdown[CONST_ACC_R][HIT_RESERVED] = 0
	Total_core_cache_stats_breakdown[CONST_ACC_R][MISS] = 0
	Total_core_cache_stats_breakdown[CONST_ACC_R][RESERVATION_FAIL] = 0
	Total_core_cache_stats_breakdown[CONST_ACC_R][SECTOR_MISS] = 0
	Total_core_cache_stats_breakdown[CONST_ACC_R][MSHR_HIT] = 0
	Total_core_cache_stats_breakdown[CONST_ACC_R][WRITE_ALLOCATED] = 0
	Total_core_cache_stats_breakdown[TEXTURE_ACC_R][HIT] = 0
	Total_core_cache_stats_breakdown[TEXTURE_ACC_R][HIT_RESERVED] = 0
	Total_core_cache_stats_breakdown[TEXTURE_ACC_R][MISS] = 0
	Total_core_cache_stats_breakdown[TEXTURE_ACC_R][RESERVATION_FAIL] = 0
	Total_core_cache_stats_breakdown[TEXTURE_ACC_R][SECTOR_MISS] = 0
	Total_core_cache_stats_breakdown[TEXTURE_ACC_R][MSHR_HIT] = 0
	Total_core_cache_stats_breakdown[TEXTURE_ACC_R][WRITE_ALLOCATED] = 0
	Total_core_cache_stats_breakdown[GLOBAL_ACC_W][HIT] = 0
	Total_core_cache_stats_breakdown[GLOBAL_ACC_W][HIT_RESERVED] = 0
	Total_core_cache_stats_breakdown[GLOBAL_ACC_W][MISS] = 114
	Total_core_cache_stats_breakdown[GLOBAL_ACC_W][RESERVATION_FAIL] = 0
	Total_core_cache_stats_breakdown[GLOBAL_ACC_W][SECTOR_MISS] = 342
	Total_core_cache_stats_breakdown[GLOBAL_ACC_W][MSHR_HIT] = 0
	Total_core_cache_stats_breakdown[GLOBAL_ACC_W][WRITE_ALLOCATED] = 456
	Total_core_cache_stats_breakdown[CHIPLET_ACC_W][HIT] = 0
	Total_core_cache_stats_breakdown[CHIPLET_ACC_W][HIT_RESERVED] = 0
	Total_core_cache_stats_breakdown[CHIPLET_ACC_W][MISS] = 0
	Total_core_cache_stats_breakdown[CHIPLET_ACC_W][RESERVATION_FAIL] = 0
	Total_core_cache_stats_breakdown[CHIPLET_ACC_W][SECTOR_MISS] = 0
	Total_core_cache_stats_breakdown[CHIPLET_ACC_W][MSHR_HIT] = 0
	Total_core_cache_stats_breakdown[CHIPLET_ACC_W][WRITE_ALLOCATED] = 0
	Total_core_cache_stats_breakdown[LOCAL_ACC_W][HIT] = 0
	Total_core_cache_stats_breakdown[LOCAL_ACC_W][HIT_RESERVED] = 0
	Total_core_cache_stats_breakdown[LOCAL_ACC_W][MISS] = 0
	Total_core_cache_stats_breakdown[LOCAL_ACC_W][RESERVATION_FAIL] = 0
	Total_core_cache_stats_breakdown[LOCAL_ACC_W][SECTOR_MISS] = 0
	Total_core_cache_stats_breakdown[LOCAL_ACC_W][MSHR_HIT] = 0
	Total_core_cache_stats_breakdown[LOCAL_ACC_W][WRITE_ALLOCATED] = 0
	Total_core_cache_stats_breakdown[L1_WRBK_ACC][HIT] = 0
	Total_core_cache_stats_breakdown[L1_WRBK_ACC][HIT_RESERVED] = 0
	Total_core_cache_stats_breakdown[L1_WRBK_ACC][MISS] = 0
	Total_core_cache_stats_breakdown[L1_WRBK_ACC][RESERVATION_FAIL] = 0
	Total_core_cache_stats_breakdown[L1_WRBK_ACC][SECTOR_MISS] = 0
	Total_core_cache_stats_breakdown[L1_WRBK_ACC][MSHR_HIT] = 0
	Total_core_cache_stats_breakdown[L1_WRBK_ACC][WRITE_ALLOCATED] = 0
	Total_core_cache_stats_breakdown[L2_WRBK_ACC][HIT] = 0
	Total_core_cache_stats_breakdown[L2_WRBK_ACC][HIT_RESERVED] = 0
	Total_core_cache_stats_breakdown[L2_WRBK_ACC][MISS] = 0
	Total_core_cache_stats_breakdown[L2_WRBK_ACC][RESERVATION_FAIL] = 0
	Total_core_cache_stats_breakdown[L2_WRBK_ACC][SECTOR_MISS] = 0
	Total_core_cache_stats_breakdown[L2_WRBK_ACC][MSHR_HIT] = 0
	Total_core_cache_stats_breakdown[L2_WRBK_ACC][WRITE_ALLOCATED] = 0
	Total_core_cache_stats_breakdown[INST_ACC_R][HIT] = 0
	Total_core_cache_stats_breakdown[INST_ACC_R][HIT_RESERVED] = 0
	Total_core_cache_stats_breakdown[INST_ACC_R][MISS] = 0
	Total_core_cache_stats_breakdown[INST_ACC_R][RESERVATION_FAIL] = 0
	Total_core_cache_stats_breakdown[INST_ACC_R][SECTOR_MISS] = 0
	Total_core_cache_stats_breakdown[INST_ACC_R][MSHR_HIT] = 0
	Total_core_cache_stats_breakdown[INST_ACC_R][WRITE_ALLOCATED] = 0
	Total_core_cache_stats_breakdown[L1_WR_ALLOC_R][HIT] = 0
	Total_core_cache_stats_breakdown[L1_WR_ALLOC_R][HIT_RESERVED] = 0
	Total_core_cache_stats_breakdown[L1_WR_ALLOC_R][MISS] = 0
	Total_core_cache_stats_breakdown[L1_WR_ALLOC_R][RESERVATION_FAIL] = 0
	Total_core_cache_stats_breakdown[L1_WR_ALLOC_R][SECTOR_MISS] = 0
	Total_core_cache_stats_breakdown[L1_WR_ALLOC_R][MSHR_HIT] = 0
	Total_core_cache_stats_breakdown[L1_WR_ALLOC_R][WRITE_ALLOCATED] = 0
	Total_core_cache_stats_breakdown[L2_WR_ALLOC_R][HIT] = 0
	Total_core_cache_stats_breakdown[L2_WR_ALLOC_R][HIT_RESERVED] = 0
	Total_core_cache_stats_breakdown[L2_WR_ALLOC_R][MISS] = 0
	Total_core_cache_stats_breakdown[L2_WR_ALLOC_R][RESERVATION_FAIL] = 0
	Total_core_cache_stats_breakdown[L2_WR_ALLOC_R][SECTOR_MISS] = 0
	Total_core_cache_stats_breakdown[L2_WR_ALLOC_R][MSHR_HIT] = 0
	Total_core_cache_stats_breakdown[L2_WR_ALLOC_R][WRITE_ALLOCATED] = 0
	Total_core_cache_stats_breakdown[GLOBAL_ACC_R][TOTAL_ACCESS] = 456
	Total_core_cache_stats_breakdown[GLOBAL_ACC_W][TOTAL_ACCESS] = 456

Total_core_cache_fail_stats:
ctas_completed 114, Shader 0 warp_id issue ditsribution:
warp_id:
0, 1, 
distro:
330, 330, 
gpgpu_n_tot_thrd_icount = 1203840
gpgpu_n_tot_w_icount = 75240
gpgpu_n_stall_shd_mem = 87552
gpgpu_n_mem_read_local = 0
gpgpu_n_mem_write_local = 0
gpgpu_n_mem_read_global = 467400
gpgpu_n_mem_write_global = 456
gpgpu_n_mem_texture = 0
gpgpu_n_mem_const = 0
gpgpu_n_load_insn  = 470592
gpgpu_n_store_insn = 3648
gpgpu_n_shmem_insn = 0
gpgpu_n_sstarr_insn = 0
gpgpu_n_tex_insn = 0
gpgpu_n_const_mem_insn = 0
gpgpu_n_param_mem_insn = 0
gpgpu_n_shmem_bkconflict = 0
gpgpu_n_l1cache_bkconflict = 0
gpgpu_n_intrawarp_mshr_merge = 0
gpgpu_n_cmem_portconflict = 0
gpgpu_stall_shd_mem[c_mem][resource_stall] = 0
gpgpu_stall_shd_mem[s_mem][bk_conf] = 0
gpgpu_stall_shd_mem[gl_mem][resource_stall] = 0
gpgpu_stall_shd_mem[gl_mem][coal_stall] = 87552
gpgpu_stall_shd_mem[gl_mem][data_port_stall] = 0
gpu_reg_bank_conflict_stalls = 0
Warp Occupancy Distribution:
Stall:1368	W0_Idle:22213548	W0_Scoreboard:21996528	W1:0	W2:0	W3:0	W4:0	W5:0	W6:0	W7:0	W8:0	W9:0	W10:0	W11:0	W12:0	W13:0	W14:0	W15:0	W16:72960	W17:0	W18:0	W19:0	W20:0	W21:0	W22:0	W23:0	W24:0	W25:0	W26:0	W27:0	W28:0	W29:0	W30:0	W31:0	W32:1140
single_issue_nums: WS0:37620	WS1:37620	WS2:0	WS3:0	
dual_issue_nums: WS0:0	WS1:0	WS2:0	WS3:0	
traffic_breakdown_coretomem[GLOBAL_ACC_R] = 3739200 {8:467400,}
traffic_breakdown_coretomem[GLOBAL_ACC_W] = 18240 {40:456,}
traffic_breakdown_memtocore[CHIPLET_ACC_R] = 9359760 {40:233994,}
traffic_breakdown_memtocore[GLOBAL_ACC_R] = 9336240 {40:233406,}
traffic_breakdown_memtocore[GLOBAL_ACC_W] = 3648 {8:456,}
maxmflatency = 787 
max_icnt2mem_latency = 48 
maxmrqlatency = 0 
max_icnt2sh_latency = 6 
averagemflatency = 633 
avg_icnt2mem_latency = 5 
avg_icnt2sh_latency = 3 
mrq_lat_table:0 	0 	0 	0 	0 	0 	0 	0 	0 	0 	0 	0 	0 	0 	0 	0 	0 	0 	0 	0 	0 	0 	0 	0 	0 	0 	0 	0 	0 	0 	0 	0 	
dq_lat_table:0 	0 	0 	0 	0 	0 	0 	0 	0 	0 	0 	0 	0 	0 	0 	0 	0 	0 	0 	0 	0 	0 	0 	0 	0 	0 	0 	0 	0 	0 	0 	0 	
mf_lat_table:0 	0 	0 	0 	0 	0 	0 	0 	456 	467400 	0 	0 	0 	0 	0 	0 	0 	0 	0 	0 	0 	0 	0 	0 	0 	0 	0 	0 	0 	0 	0 	0 	
icnt2mem_lat_table:0 	21280 	392131 	51544 	1703 	1198 	0 	0 	0 	0 	0 	0 	0 	0 	0 	0 	0 	0 	0 	0 	0 	0 	0 	0 	
icnt2sh_lat_table:0 	406178 	61678 	0 	0 	0 	0 	0 	0 	0 	0 	0 	0 	0 	0 	0 	0 	0 	0 	0 	0 	0 	0 	0 	
mf_lat_pw_table:0 	0 	0 	0 	0 	0 	0 	0 	0 	193 	0 	0 	0 	0 	0 	0 	0 	0 	0 	0 	0 	0 	0 	0 	0 	0 	0 	0 	0 	0 	0 	0 	
maximum concurrent accesses to same row:
dram[0]:         0         0         0         0         0         0         0         0         0         0         0         0         0         0         0         0 
dram[1]:         0         0         0         0         0         0         0         0         0         0         0         0         0         0         0         0 
dram[2]:         0         0         0         0         0         0         0         0         0         0         0         0         0         0         0         0 
dram[3]:         0         0         0         0         0         0         0         0         0         0         0         0         0         0         0         0 
dram[4]:         0         0         0         0         0         0         0         0         0         0         0         0         0         0         0         0 
dram[5]:         0         0         0         0         0         0         0         0         0         0         0         0         0         0         0         0 
dram[6]:         0         0         0         0         0         0         0         0         0         0         0         0         0         0         0         0 
dram[7]:         0         0         0         0         0         0         0         0         0         0         0         0         0         0         0         0 
dram[8]:         0         0         0         0         0         0         0         0         0         0         0         0         0         0         0         0 
dram[9]:         0         0         0         0         0         0         0         0         0         0         0         0         0         0         0         0 
dram[10]:         0         0         0         0         0         0         0         0         0         0         0         0         0         0         0         0 
dram[11]:         0         0         0         0         0         0         0         0         0         0         0         0         0         0         0         0 
dram[12]:         0         0         0         0         0         0         0         0         0         0         0         0         0         0         0         0 
dram[13]:         0         0         0         0         0         0         0         0         0         0         0         0         0         0         0         0 
dram[14]:         0         0         0         0         0         0         0         0         0         0         0         0         0         0         0         0 
dram[15]:         0         0         0         0         0         0         0         0         0         0         0         0         0         0         0         0 
dram[16]:         0         0         0         0         0         0         0         0         0         0         0         0         0         0         0         0 
dram[17]:         0         0         0         0         0         0         0         0         0         0         0         0         0         0         0         0 
dram[18]:         0         0         0         0         0         0         0         0         0         0         0         0         0         0         0         0 
dram[19]:         0         0         0         0         0         0         0         0         0         0         0         0         0         0         0         0 
dram[20]:         0         0         0         0         0         0         0         0         0         0         0         0         0         0         0         0 
dram[21]:         0         0         0         0         0         0         0         0         0         0         0         0         0         0         0         0 
dram[22]:         0         0         0         0         0         0         0         0         0         0         0         0         0         0         0         0 
dram[23]:         0         0         0         0         0         0         0         0         0         0         0         0         0         0         0         0 
dram[24]:         0         0         0         0         0         0         0         0         0         0         0         0         0         0         0         0 
dram[25]:         0         0         0         0         0         0         0         0         0         0         0         0         0         0         0         0 
dram[26]:         0         0         0         0         0         0         0         0         0         0         0         0         0         0         0         0 
dram[27]:         0         0         0         0         0         0         0         0         0         0         0         0         0         0         0         0 
dram[28]:         0         0         0         0         0         0         0         0         0         0         0         0         0         0         0         0 
dram[29]:         0         0         0         0         0         0         0         0         0         0         0         0         0         0         0         0 
dram[30]:         0         0         0         0         0         0         0         0         0         0         0         0         0         0         0         0 
dram[31]:         0         0         0         0         0         0         0         0         0         0         0         0         0         0         0         0 
dram[32]:         0         0         0         0         0         0         0         0         0         0         0         0         0         0         0         0 
dram[33]:         0         0         0         0         0         0         0         0         0         0         0         0         0         0         0         0 
dram[34]:         0         0         0         0         0         0         0         0         0         0         0         0         0         0         0         0 
dram[35]:         0         0         0         0         0         0         0         0         0         0         0         0         0         0         0         0 
dram[36]:         0         0         0         0         0         0         0         0         0         0         0         0         0         0         0         0 
dram[37]:         0         0         0         0         0         0         0         0         0         0         0         0         0         0         0         0 
dram[38]:         0         0         0         0         0         0         0         0         0         0         0         0         0         0         0         0 
dram[39]:         0         0         0         0         0         0         0         0         0         0         0         0         0         0         0         0 
maximum service time to same row:
dram[0]:         0         0         0         0         0         0         0         0         0         0         0         0         0         0         0         0 
dram[1]:         0         0         0         0         0         0         0         0         0         0         0         0         0         0         0         0 
dram[2]:         0         0         0         0         0         0         0         0         0         0         0         0         0         0         0         0 
dram[3]:         0         0         0         0         0         0         0         0         0         0         0         0         0         0         0         0 
dram[4]:         0         0         0         0         0         0         0         0         0         0         0         0         0         0         0         0 
dram[5]:         0         0         0         0         0         0         0         0         0         0         0         0         0         0         0         0 
dram[6]:         0         0         0         0         0         0         0         0         0         0         0         0         0         0         0         0 
dram[7]:         0         0         0         0         0         0         0         0         0         0         0         0         0         0         0         0 
dram[8]:         0         0         0         0         0         0         0         0         0         0         0         0         0         0         0         0 
dram[9]:         0         0         0         0         0         0         0         0         0         0         0         0         0         0         0         0 
dram[10]:         0         0         0         0         0         0         0         0         0         0         0         0         0         0         0         0 
dram[11]:         0         0         0         0         0         0         0         0         0         0         0         0         0         0         0         0 
dram[12]:         0         0         0         0         0         0         0         0         0         0         0         0         0         0         0         0 
dram[13]:         0         0         0         0         0         0         0         0         0         0         0         0         0         0         0         0 
dram[14]:         0         0         0         0         0         0         0         0         0         0         0         0         0         0         0         0 
dram[15]:         0         0         0         0         0         0         0         0         0         0         0         0         0         0         0         0 
dram[16]:         0         0         0         0         0         0         0         0         0         0         0         0         0         0         0         0 
dram[17]:         0         0         0         0         0         0         0         0         0         0         0         0         0         0         0         0 
dram[18]:         0         0         0         0         0         0         0         0         0         0         0         0         0         0         0         0 
dram[19]:         0         0         0         0         0         0         0         0         0         0         0         0         0         0         0         0 
dram[20]:         0         0         0         0         0         0         0         0         0         0         0         0         0         0         0         0 
dram[21]:         0         0         0         0         0         0         0         0         0         0         0         0         0         0         0         0 
dram[22]:         0         0         0         0         0         0         0         0         0         0         0         0         0         0         0         0 
dram[23]:         0         0         0         0         0         0         0         0         0         0         0         0         0         0         0         0 
dram[24]:         0         0         0         0         0         0         0         0         0         0         0         0         0         0         0         0 
dram[25]:         0         0         0         0         0         0         0         0         0         0         0         0         0         0         0         0 
dram[26]:         0         0         0         0         0         0         0         0         0         0         0         0         0         0         0         0 
dram[27]:         0         0         0         0         0         0         0         0         0         0         0         0         0         0         0         0 
dram[28]:         0         0         0         0         0         0         0         0         0         0         0         0         0         0         0         0 
dram[29]:         0         0         0         0         0         0         0         0         0         0         0         0         0         0         0         0 
dram[30]:         0         0         0         0         0         0         0         0         0         0         0         0         0         0         0         0 
dram[31]:         0         0         0         0         0         0         0         0         0         0         0         0         0         0         0         0 
dram[32]:         0         0         0         0         0         0         0         0         0         0         0         0         0         0         0         0 
dram[33]:         0         0         0         0         0         0         0         0         0         0         0         0         0         0         0         0 
dram[34]:         0         0         0         0         0         0         0         0         0         0         0         0         0         0         0         0 
dram[35]:         0         0         0         0         0         0         0         0         0         0         0         0         0         0         0         0 
dram[36]:         0         0         0         0         0         0         0         0         0         0         0         0         0         0         0         0 
dram[37]:         0         0         0         0         0         0         0         0         0         0         0         0         0         0         0         0 
dram[38]:         0         0         0         0         0         0         0         0         0         0         0         0         0         0         0         0 
dram[39]:         0         0         0         0         0         0         0         0         0         0         0         0         0         0         0         0 
average row accesses per activate:
dram[0]:      -nan      -nan      -nan      -nan      -nan      -nan      -nan      -nan      -nan      -nan      -nan      -nan      -nan      -nan      -nan      -nan 
dram[1]:      -nan      -nan      -nan      -nan      -nan      -nan      -nan      -nan      -nan      -nan      -nan      -nan      -nan      -nan      -nan      -nan 
dram[2]:      -nan      -nan      -nan      -nan      -nan      -nan      -nan      -nan      -nan      -nan      -nan      -nan      -nan      -nan      -nan      -nan 
dram[3]:      -nan      -nan      -nan      -nan      -nan      -nan      -nan      -nan      -nan      -nan      -nan      -nan      -nan      -nan      -nan      -nan 
dram[4]:      -nan      -nan      -nan      -nan      -nan      -nan      -nan      -nan      -nan      -nan      -nan      -nan      -nan      -nan      -nan      -nan 
dram[5]:      -nan      -nan      -nan      -nan      -nan      -nan      -nan      -nan      -nan      -nan      -nan      -nan      -nan      -nan      -nan      -nan 
dram[6]:      -nan      -nan      -nan      -nan      -nan      -nan      -nan      -nan      -nan      -nan      -nan      -nan      -nan      -nan      -nan      -nan 
dram[7]:      -nan      -nan      -nan      -nan      -nan      -nan      -nan      -nan      -nan      -nan      -nan      -nan      -nan      -nan      -nan      -nan 
dram[8]:      -nan      -nan      -nan      -nan      -nan      -nan      -nan      -nan      -nan      -nan      -nan      -nan      -nan      -nan      -nan      -nan 
dram[9]:      -nan      -nan      -nan      -nan      -nan      -nan      -nan      -nan      -nan      -nan      -nan      -nan      -nan      -nan      -nan      -nan 
dram[10]:      -nan      -nan      -nan      -nan      -nan      -nan      -nan      -nan      -nan      -nan      -nan      -nan      -nan      -nan      -nan      -nan 
dram[11]:      -nan      -nan      -nan      -nan      -nan      -nan      -nan      -nan      -nan      -nan      -nan      -nan      -nan      -nan      -nan      -nan 
dram[12]:      -nan      -nan      -nan      -nan      -nan      -nan      -nan      -nan      -nan      -nan      -nan      -nan      -nan      -nan      -nan      -nan 
dram[13]:      -nan      -nan      -nan      -nan      -nan      -nan      -nan      -nan      -nan      -nan      -nan      -nan      -nan      -nan      -nan      -nan 
dram[14]:      -nan      -nan      -nan      -nan      -nan      -nan      -nan      -nan      -nan      -nan      -nan      -nan      -nan      -nan      -nan      -nan 
dram[15]:      -nan      -nan      -nan      -nan      -nan      -nan      -nan      -nan      -nan      -nan      -nan      -nan      -nan      -nan      -nan      -nan 
dram[16]:      -nan      -nan      -nan      -nan      -nan      -nan      -nan      -nan      -nan      -nan      -nan      -nan      -nan      -nan      -nan      -nan 
dram[17]:      -nan      -nan      -nan      -nan      -nan      -nan      -nan      -nan      -nan      -nan      -nan      -nan      -nan      -nan      -nan      -nan 
dram[18]:      -nan      -nan      -nan      -nan      -nan      -nan      -nan      -nan      -nan      -nan      -nan      -nan      -nan      -nan      -nan      -nan 
dram[19]:      -nan      -nan      -nan      -nan      -nan      -nan      -nan      -nan      -nan      -nan      -nan      -nan      -nan      -nan      -nan      -nan 
dram[20]:      -nan      -nan      -nan      -nan      -nan      -nan      -nan      -nan      -nan      -nan      -nan      -nan      -nan      -nan      -nan      -nan 
dram[21]:      -nan      -nan      -nan      -nan      -nan      -nan      -nan      -nan      -nan      -nan      -nan      -nan      -nan      -nan      -nan      -nan 
dram[22]:      -nan      -nan      -nan      -nan      -nan      -nan      -nan      -nan      -nan      -nan      -nan      -nan      -nan      -nan      -nan      -nan 
dram[23]:      -nan      -nan      -nan      -nan      -nan      -nan      -nan      -nan      -nan      -nan      -nan      -nan      -nan      -nan      -nan      -nan 
dram[24]:      -nan      -nan      -nan      -nan      -nan      -nan      -nan      -nan      -nan      -nan      -nan      -nan      -nan      -nan      -nan      -nan 
dram[25]:      -nan      -nan      -nan      -nan      -nan      -nan      -nan      -nan      -nan      -nan      -nan      -nan      -nan      -nan      -nan      -nan 
dram[26]:      -nan      -nan      -nan      -nan      -nan      -nan      -nan      -nan      -nan      -nan      -nan      -nan      -nan      -nan      -nan      -nan 
dram[27]:      -nan      -nan      -nan      -nan      -nan      -nan      -nan      -nan      -nan      -nan      -nan      -nan      -nan      -nan      -nan      -nan 
dram[28]:      -nan      -nan      -nan      -nan      -nan      -nan      -nan      -nan      -nan      -nan      -nan      -nan      -nan      -nan      -nan      -nan 
dram[29]:      -nan      -nan      -nan      -nan      -nan      -nan      -nan      -nan      -nan      -nan      -nan      -nan      -nan      -nan      -nan      -nan 
dram[30]:      -nan      -nan      -nan      -nan      -nan      -nan      -nan      -nan      -nan      -nan      -nan      -nan      -nan      -nan      -nan      -nan 
dram[31]:      -nan      -nan      -nan      -nan      -nan      -nan      -nan      -nan      -nan      -nan      -nan      -nan      -nan      -nan      -nan      -nan 
dram[32]:      -nan      -nan      -nan      -nan      -nan      -nan      -nan      -nan      -nan      -nan      -nan      -nan      -nan      -nan      -nan      -nan 
dram[33]:      -nan      -nan      -nan      -nan      -nan      -nan      -nan      -nan      -nan      -nan      -nan      -nan      -nan      -nan      -nan      -nan 
dram[34]:      -nan      -nan      -nan      -nan      -nan      -nan      -nan      -nan      -nan      -nan      -nan      -nan      -nan      -nan      -nan      -nan 
dram[35]:      -nan      -nan      -nan      -nan      -nan      -nan      -nan      -nan      -nan      -nan      -nan      -nan      -nan      -nan      -nan      -nan 
dram[36]:      -nan      -nan      -nan      -nan      -nan      -nan      -nan      -nan      -nan      -nan      -nan      -nan      -nan      -nan      -nan      -nan 
dram[37]:      -nan      -nan      -nan      -nan      -nan      -nan      -nan      -nan      -nan      -nan      -nan      -nan      -nan      -nan      -nan      -nan 
dram[38]:      -nan      -nan      -nan      -nan      -nan      -nan      -nan      -nan      -nan      -nan      -nan      -nan      -nan      -nan      -nan      -nan 
dram[39]:      -nan      -nan      -nan      -nan      -nan      -nan      -nan      -nan      -nan      -nan      -nan      -nan      -nan      -nan      -nan      -nan 
average row locality = 0/0 = -nan
number of total memory accesses made:
dram[0]:         0         0         0         0         0         0         0         0         0         0         0         0         0         0         0         0 
dram[1]:         0         0         0         0         0         0         0         0         0         0         0         0         0         0         0         0 
dram[2]:         0         0         0         0         0         0         0         0         0         0         0         0         0         0         0         0 
dram[3]:         0         0         0         0         0         0         0         0         0         0         0         0         0         0         0         0 
dram[4]:         0         0         0         0         0         0         0         0         0         0         0         0         0         0         0         0 
dram[5]:         0         0         0         0         0         0         0         0         0         0         0         0         0         0         0         0 
dram[6]:         0         0         0         0         0         0         0         0         0         0         0         0         0         0         0         0 
dram[7]:         0         0         0         0         0         0         0         0         0         0         0         0         0         0         0         0 
dram[8]:         0         0         0         0         0         0         0         0         0         0         0         0         0         0         0         0 
dram[9]:         0         0         0         0         0         0         0         0         0         0         0         0         0         0         0         0 
dram[10]:         0         0         0         0         0         0         0         0         0         0         0         0         0         0         0         0 
dram[11]:         0         0         0         0         0         0         0         0         0         0         0         0         0         0         0         0 
dram[12]:         0         0         0         0         0         0         0         0         0         0         0         0         0         0         0         0 
dram[13]:         0         0         0         0         0         0         0         0         0         0         0         0         0         0         0         0 
dram[14]:         0         0         0         0         0         0         0         0         0         0         0         0         0         0         0         0 
dram[15]:         0         0         0         0         0         0         0         0         0         0         0         0         0         0         0         0 
dram[16]:         0         0         0         0         0         0         0         0         0         0         0         0         0         0         0         0 
dram[17]:         0         0         0         0         0         0         0         0         0         0         0         0         0         0         0         0 
dram[18]:         0         0         0         0         0         0         0         0         0         0         0         0         0         0         0         0 
dram[19]:         0         0         0         0         0         0         0         0         0         0         0         0         0         0         0         0 
dram[20]:         0         0         0         0         0         0         0         0         0         0         0         0         0         0         0         0 
dram[21]:         0         0         0         0         0         0         0         0         0         0         0         0         0         0         0         0 
dram[22]:         0         0         0         0         0         0         0         0         0         0         0         0         0         0         0         0 
dram[23]:         0         0         0         0         0         0         0         0         0         0         0         0         0         0         0         0 
dram[24]:         0         0         0         0         0         0         0         0         0         0         0         0         0         0         0         0 
dram[25]:         0         0         0         0         0         0         0         0         0         0         0         0         0         0         0         0 
dram[26]:         0         0         0         0         0         0         0         0         0         0         0         0         0         0         0         0 
dram[27]:         0         0         0         0         0         0         0         0         0         0         0         0         0         0         0         0 
dram[28]:         0         0         0         0         0         0         0         0         0         0         0         0         0         0         0         0 
dram[29]:         0         0         0         0         0         0         0         0         0         0         0         0         0         0         0         0 
dram[30]:         0         0         0         0         0         0         0         0         0         0         0         0         0         0         0         0 
dram[31]:         0         0         0         0         0         0         0         0         0         0         0         0         0         0         0         0 
dram[32]:         0         0         0         0         0         0         0         0         0         0         0         0         0         0         0         0 
dram[33]:         0         0         0         0         0         0         0         0         0         0         0         0         0         0         0         0 
dram[34]:         0         0         0         0         0         0         0         0         0         0         0         0         0         0         0         0 
dram[35]:         0         0         0         0         0         0         0         0         0         0         0         0         0         0         0         0 
dram[36]:         0         0         0         0         0         0         0         0         0         0         0         0         0         0         0         0 
dram[37]:         0         0         0         0         0         0         0         0         0         0         0         0         0         0         0         0 
dram[38]:         0         0         0         0         0         0         0         0         0         0         0         0         0         0         0         0 
dram[39]:         0         0         0         0         0         0         0         0         0         0         0         0         0         0         0         0 
total accesses: 0
min_bank_accesses = 0!
min_chip_accesses = 0!
number of total read accesses:
dram[0]:      1444         4      1454         0      1541         0      1455         0      1391         0      1468         0      1473         0      1368         0 
dram[1]:      1480         4      1438         0      1485         0      1428         0      1454         0      1396         0      1464         0      1452         0 
dram[2]:      1474         4      1436         0      1435         0      1451         0      1427         0      1442         0      1442         0      1474         0 
dram[3]:      1389         4      1499         0      1463         0      1450         0      1469         0      1433         0      1437         0      1517         0 
dram[4]:      1438         4      1430         0      1451         0      1474         0      1430         0      1388         0      1351         0      1462         0 
dram[5]:      1452         4      1442         0      1497         0      1468         0      1432         0      1454         0      1472         0      1517         0 
dram[6]:      1431         4      1435         0      1517         0      1457         0      1464         0      1450         0      1484         0      1471         0 
dram[7]:      1456         4      1476         0      1431         0      1472         0      1579         0      1531         0      1471         0      1430         0 
dram[8]:      1508         4      1526         0      1437         0      1517         0      1460         0      1521         0      1435         0      1503         0 
dram[9]:      1482         4      1411         0      1456         0      1446         0      1469         0      1431         0      1466         0      1446         0 
dram[10]:      1494         8      1423         0      1452         0      1542         0      1375         0      1486         0      1470         0      1387         0 
dram[11]:      1478         8      1479         0      1480         0      1421         0      1450         0      1402         0      1432         0      1443         0 
dram[12]:      1474         8      1423         0      1413         0      1466         0      1405         0      1364         0      1438         0      1435         0 
dram[13]:      1450         8      1439         0      1455         0      1408         0      1406         0      1440         0      1390         0      1418         0 
dram[14]:      1471         8      1456         0      1444         0      1444         0      1521         0      1467         0      1412         0      1473         0 
dram[15]:      1428         8      1426         0      1395         0      1491         0      1473         0      1522         0      1515         0      1482         0 
dram[16]:      1519         8      1415         0      1524         0      1476         0      1441         0      1534         0      1441         0      1448         0 
dram[17]:      1464         4      1465         0      1441         0      1408         0      1483         0      1467         0      1486         0      1433         0 
dram[18]:      1525         0      1463         0      1431         0      1542         0      1507         0      1504         0      1509         0      1486         0 
dram[19]:      1467         0      1471         0      1453         0      1455         0      1458         0      1455         0      1510         0      1463         0 
dram[20]:      1474         8      1520         0      1415         0      1425         0      1516         0      1460         0      1520         0      1405         0 
dram[21]:      1466         8      1516         0      1482         0      1496         0      1451         0      1474         0      1449         0      1453         0 
dram[22]:      1502         8      1413         0      1487         0      1448         0      1499         0      1552         0      1523         0      1507         0 
dram[23]:      1467         8      1439         0      1409         0      1436         0      1428         0      1449         0      1483         0      1457         0 
dram[24]:      1456         8      1462         0      1527         0      1518         0      1465         0      1418         0      1426         0      1497         0 
dram[25]:      1483         8      1440         0      1466         0      1450         0      1450         0      1437         0      1424         0      1393         0 
dram[26]:      1468         8      1511         0      1498         0      1437         0      1517         0      1472         0      1444         0      1470         0 
dram[27]:      1488         8      1466         0      1346         0      1512         0      1450         0      1511         0      1476         0      1482         0 
dram[28]:      1435         8      1536         0      1481         0      1444         0      1450         0      1430         0      1436         0      1518         0 
dram[29]:      1516         8      1432         0      1478         0      1414         0      1427         0      1447         0      1491         0      1459         0 
dram[30]:      1418         4      1451         0      1490         0      1462         0      1403         0      1418         0      1463         0      1510         0 
dram[31]:      1478         4      1510         0      1455         0      1505         0      1463         0      1427         0      1396         0      1489         0 
dram[32]:      1440         4      1464         0      1448         0      1445         0      1433         0      1451         0      1523         0      1519         0 
dram[33]:      1417         4      1394         0      1500         0      1457         0      1501         0      1477         0      1470         0      1375         0 
dram[34]:      1475         4      1461         0      1455         0      1480         0      1426         0      1454         0      1419         0      1447         0 
dram[35]:      1434         4      1504         0      1436         0      1489         0      1467         0      1441         0      1440         0      1523         0 
dram[36]:      1457         4      1406         0      1397         0      1431         0      1500         0      1424         0      1466         0      1494         0 
dram[37]:      1408         4      1482         0      1408         0      1443         0      1495         0      1447         0      1486         0      1488         0 
dram[38]:      1398         8      1461         0      1444         0      1466         0      1466         0      1438         0      1468         0      1489         0 
dram[39]:      1482         8      1512         0      1465         0      1436         0      1449         0      1493         0      1496         0      1441         0 
total dram reads = 467400
min_bank_accesses = 0!
chip skew: 11967/11414 = 1.05
number of total write accesses:
dram[0]:         0         0         0         0         0         0         0         0         0         0         0         0         0         0         0         0 
dram[1]:         0         0         0         0         0         0         0         0         0         0         0         0         0         0         0         0 
dram[2]:         0         0         0         0         0         0         0         0         0         0         0         0         0         0         0         0 
dram[3]:         0         0         0         0         0         0         0         0         0         0         0         0         0         0         0         0 
dram[4]:         0         0         0         0         0         0         0         0         0         0         0         0         0         0         0         0 
dram[5]:         0         0         0         0         0         0         0         0         0         0         0         0         0         0         0         0 
dram[6]:         0         0         0         0         0         0         0         0         0         0         0         0         0         0         0         0 
dram[7]:         0         0         0         0         0         0         0         0         0         0         0         0         0         0         0         0 
dram[8]:         0         0         0         0         0         0         0         0         0         0         0         0         0         0         0         0 
dram[9]:         0         0         0         0         0         0         0         0         0         0         0         0         0         0         0         0 
dram[10]:         0         0         0         0         0         0         0         0         0         0         0         0         0         0         0         0 
dram[11]:         0         0         0         0         0         0         0         0         0         0         0         0         0         0         0         0 
dram[12]:         0         0         0         0         0         0         0         0         0         0         0         0         0         0         0         0 
dram[13]:         0         0         0         0         0         0         0         0         0         0         0         0         0         0         0         0 
dram[14]:         0         0         0         0         0         0         0         0         0         0         0         0         0         0         0         0 
dram[15]:         0         0         0         0         0         0         0         0         0         0         0         0         0         0         0         0 
dram[16]:         0         0         0         0         0         0         0         0         0         0         0         0         0         0         0         0 
dram[17]:         0         0         0         0         0         0         0         0         0         0         0         0         0         0         0         0 
dram[18]:         0         0         0         0         0         0         0         0         0         0         0         0         0         0         0         0 
dram[19]:         0         0         0         0         0         0         0         0         0         0         0         0         0         0         0         0 
dram[20]:         0         0         0         0         0         0         0         0         0         0         0         0         0         0         0         0 
dram[21]:         0         0         0         0         0         0         0         0         0         0         0         0         0         0         0         0 
dram[22]:         0         0         0         0         0         0         0         0         0         0         0         0         0         0         0         0 
dram[23]:         0         0         0         0         0         0         0         0         0         0         0         0         0         0         0         0 
dram[24]:         0         0         0         0         0         0         0         0         0         0         0         0         0         0         0         0 
dram[25]:         0         0         0         0         0         0         0         0         0         0         0         0         0         0         0         0 
dram[26]:         0         0         0         0         0         0         0         0         0         0         0         0         0         0         0         0 
dram[27]:         0         0         0         0         0         0         0         0         0         0         0         0         0         0         0         0 
dram[28]:         0         0         0         0         0         0         0         0         0         0         0         0         0         0         0         0 
dram[29]:         0         0         0         0         0         0         0         0         0         0         0         0         0         0         0         0 
dram[30]:         0         0         0         0         0         0         0         0         0         0         0         0         0         0         0         0 
dram[31]:         0         0         0         0         0         0         0         0         0         0         0         0         0         0         0         0 
dram[32]:         0         0         0         0         0         0         0         0         0         0         0         0         0         0         0         0 
dram[33]:         0         0         0         0         0         0         0         0         0         0         0         0         0         0         0         0 
dram[34]:         0         0         0         0         0         0         0         0         0         0         0         0         0         0         0         0 
dram[35]:         0         0         0         0         0         0         0         0         0         0         0         0         0         0         0         0 
dram[36]:         0         0         0         0         0         0         0         0         0         0         0         0         0         0         0         0 
dram[37]:         0         0         0         0         0         0         0         0         0         0         0         0         0         0         0         0 
dram[38]:         0         0         0         0         0         0         0         0         0         0         0         0         0         0         0         0 
dram[39]:         0         0         0         0         0         0         0         0         0         0         0         0         0         0         0         0 
total dram writes = 0
min_bank_accesses = 0!
min_chip_accesses = 0!
average mf latency per bank:
dram[0]:        634      1062       630    none         635    none         632    none         633    none         630    none         633    none         629    none  
dram[1]:        633      1063       632    none         629    none         635    none         630    none         632    none         630    none         631    none  
dram[2]:        636      1062       632    none         637    none         632    none         636    none         638    none         633    none         633    none  
dram[3]:        632      1062       635    none         633    none         636    none         634    none         630    none         634    none         638    none  
dram[4]:        631      1062       637    none         628    none         627    none         632    none         630    none         634    none         634    none  
dram[5]:        631      1062       631    none         633    none         632    none         633    none         631    none         633    none         629    none  
dram[6]:        635      1062       634    none         633    none         634    none         637    none         634    none         636    none         633    none  
dram[7]:        631      1062       638    none         633    none         636    none         633    none         638    none         634    none         630    none  
dram[8]:        634      1062       634    none         632    none         632    none         634    none         630    none         627    none         636    none  
dram[9]:        632      1062       637    none         633    none         631    none         635    none         633    none         632    none         638    none  
dram[10]:        640      1066       637    none         632    none         630    none         635    none         631    none         635    none         630    none  
dram[11]:        638      1066       633    none         633    none         632    none         635    none         632    none         638    none         634    none  
dram[12]:        634      1066       632    none         632    none         629    none         632    none         632    none         629    none         628    none  
dram[13]:        634      1066       635    none         632    none         634    none         629    none         633    none         636    none         630    none  
dram[14]:        630      1066       632    none         636    none         630    none         636    none         634    none         635    none         634    none  
dram[15]:        629       923       631    none         632    none         631    none         627    none         631    none         632    none         634    none  
dram[16]:        635       923       632    none         628    none         636    none         630    none         630    none         633    none         634    none  
dram[17]:        635      1059       630    none         635    none         629    none         635    none         633    none         632    none         636    none  
dram[18]:        634    none         630    none         634    none         632    none         631    none         627    none         631    none         631    none  
dram[19]:        632    none         629    none         636    none         632    none         629    none         634    none         629    none         634    none  
dram[20]:        639      1066       633    none         629    none         636    none         628    none         634    none         636    none         634    none  
dram[21]:        636       962       633    none         635    none         634    none         635    none         630    none         630    none         630    none  
dram[22]:        633       960       634    none         635    none         635    none         638    none         631    none         637    none         636    none  
dram[23]:        635      1066       635    none         631    none         633    none         631    none         629    none         630    none         631    none  
dram[24]:        634      1066       629    none         631    none         631    none         630    none         635    none         634    none         633    none  
dram[25]:        634       923       636    none         640    none         631    none         632    none         636    none         633    none         633    none  
dram[26]:        635       923       635    none         628    none         634    none         632    none         630    none         632    none         635    none  
dram[27]:        635       923       636    none         638    none         632    none         635    none         634    none         635    none         633    none  
dram[28]:        638       923       630    none         631    none         631    none         634    none         629    none         631    none         632    none  
dram[29]:        629       923       634    none         631    none         627    none         629    none         637    none         635    none         636    none  
dram[30]:        634      1062       636    none         631    none         635    none         632    none         635    none         629    none         632    none  
dram[31]:        637      1062       632    none         630    none         635    none         634    none         630    none         631    none         632    none  
dram[32]:        634      1062       634    none         630    none         637    none         634    none         627    none         631    none         634    none  
dram[33]:        631      1062       629    none         635    none         634    none         631    none         636    none         633    none         629    none  
dram[34]:        635      1062       634    none         634    none         633    none         629    none         632    none         632    none         631    none  
dram[35]:        636      1348       631    none         634    none         633    none         632    none         629    none         633    none         632    none  
dram[36]:        634      1348       633    none         633    none         631    none         632    none         632    none         634    none         634    none  
dram[37]:        629      1347       632    none         635    none         634    none         633    none         635    none         635    none         633    none  
dram[38]:        631       818       628    none         632    none         635    none         632    none         635    none         631    none         636    none  
dram[39]:        633       960       628    none         630    none         630    none         630    none         631    none         634    none         632    none  
maximum mf latency per bank:
dram[0]:        777       779       749         0       752         0       761         0       757         0       748         0       751         0       762         0
dram[1]:        779       780       768         0       766         0       765         0       769         0       759         0       768         0       761         0
dram[2]:        777       779       756         0       758         0       753         0       764         0       770         0       762         0       752         0
dram[3]:        777       779       760         0       761         0       762         0       751         0       756         0       760         0       752         0
dram[4]:        777       779       759         0       759         0       760         0       754         0       755         0       759         0       748         0
dram[5]:        777       779       761         0       751         0       747         0       749         0       758         0       755         0       757         0
dram[6]:        777       779       771         0       769         0       768         0       773         0       779         0       759         0       770         0
dram[7]:        777       779       767         0       760         0       763         0       767         0       761         0       762         0       744         0
dram[8]:        777       779       758         0       755         0       758         0       756         0       748         0       758         0       758         0
dram[9]:        777       779       753         0       755         0       751         0       767         0       762         0       753         0       757         0
dram[10]:        786       787       764         0       764         0       756         0       765         0       771         0       771         0       744         0
dram[11]:        786       787       750         0       755         0       746         0       758         0       754         0       757         0       754         0
dram[12]:        786       787       751         0       758         0       766         0       749         0       760         0       762         0       759         0
dram[13]:        786       787       750         0       759         0       741         0       758         0       756         0       758         0       748         0
dram[14]:        786       787       772         0       770         0       760         0       758         0       765         0       768         0       766         0
dram[15]:        786       787       751         0       743         0       750         0       748         0       750         0       754         0       751         0
dram[16]:        786       787       761         0       760         0       760         0       757         0       746         0       763         0       752         0
dram[17]:        755       774       755         0       754         0       751         0       748         0       745         0       756         0       744         0
dram[18]:        757       288       757         0       757         0       751         0       755         0       759         0       752         0       764         0
dram[19]:        774       287       758         0       758         0       756         0       763         0       755         0       746         0       751         0
dram[20]:        786       787       768         0       762         0       769         0       773         0       765         0       755         0       766         0
dram[21]:        783       779       773         0       769         0       777         0       776         0       773         0       767         0       774         0
dram[22]:        783       779       773         0       764         0       762         0       767         0       765         0       768         0       772         0
dram[23]:        786       787       763         0       766         0       765         0       754         0       764         0       753         0       763         0
dram[24]:        786       787       759         0       759         0       760         0       750         0       761         0       750         0       753         0
dram[25]:        786       787       765         0       769         0       766         0       756         0       768         0       761         0       769         0
dram[26]:        786       787       762         0       761         0       759         0       762         0       754         0       757         0       753         0
dram[27]:        786       787       775         0       753         0       763         0       777         0       771         0       765         0       771         0
dram[28]:        786       787       758         0       757         0       759         0       761         0       758         0       756         0       751         0
dram[29]:        786       787       761         0       762         0       766         0       766         0       749         0       770         0       766         0
dram[30]:        777       779       763         0       760         0       764         0       759         0       765         0       763         0       765         0
dram[31]:        778       779       770         0       763         0       771         0       766         0       764         0       759         0       767         0
dram[32]:        777       779       757         0       755         0       758         0       754         0       756         0       763         0       758         0
dram[33]:        777       779       773         0       771         0       774         0       762         0       772         0       769         0       773         0
dram[34]:        777       779       761         0       768         0       764         0       761         0       766         0       763         0       764         0
dram[35]:        777       779       768         0       753         0       767         0       764         0       762         0       772         0       767         0
dram[36]:        777       779       763         0       768         0       744         0       768         0       767         0       778         0       771         0
dram[37]:        779       777       764         0       767         0       765         0       760         0       760         0       760         0       754         0
dram[38]:        777       779       766         0       764         0       752         0       754         0       761         0       760         0       756         0
dram[39]:        777       779       763         0       760         0       759         0       764         0       753         0       764         0       759         0
LRC stats:
LRC_subpartition_num_lrc_to_l2_sectors.sum = 467400
LRC_subpartition_num_icnt_to_lrc_sectors.sum = 689880
Number of LRC to L2 sectors: 467400
Number of ICNT to LRC sectors: 689880
Number of LRC to L2 bytes: 14956800
Number of ICNT to LRC bytes: 22076160
LRC compression ratio: 1.475995
LRC_subpartition_l2_stall_due_to_lrc_full.sum = 0
Inter-chiplet stats:
interchip_read_requests = 233994
interchip_write_requests = 456
Total inter-chiplet requests: 234450
Memory Partition 0: 
Cache L2_bank_000:
MSHR contents

Cache L2_bank_001:
MSHR contents

In Dram Latency Queue (total = 0): 
DRAM[0]: 16 bks, busW=8 BL=4 CL=19, tRRD=6 tCCD=1, tRCD=19 tRAS=45 tRP=19 tRC=50
n_cmd=0 n_nop=0 n_act=0 n_pre=0 n_ref_event=0 n_req=0 n_rd=0 n_rd_L2_A=0 n_write=0 n_wr_bk=0 bw_util=-nan
n_activity=0 dram_eff=-nan
bk0: 0a 0i bk1: 0a 0i bk2: 0a 0i bk3: 0a 0i bk4: 0a 0i bk5: 0a 0i bk6: 0a 0i bk7: 0a 0i bk8: 0a 0i bk9: 0a 0i bk10: 0a 0i bk11: 0a 0i bk12: 0a 0i bk13: 0a 0i bk14: 0a 0i bk15: 0a 0i 

------------------------------------------------------------------------

Row_Buffer_Locality = -nan
Row_Buffer_Locality_read = -nan
Row_Buffer_Locality_write = -nan
Bank_Level_Parallism = -nan
Bank_Level_Parallism_Col = -nan
Bank_Level_Parallism_Ready = -nan
write_to_read_ratio_blp_rw_average = -nan
GrpLevelPara = -nan 

BW Util details:
bwutil = -nan 
total_CMD = 0 
util_bw = 0 
Wasted_Col = 0 
Wasted_Row = 0 
Idle = 0 

BW Util Bottlenecks: 
RCDc_limit = 0 
RCDWRc_limit = 0 
WTRc_limit = 0 
RTWc_limit = 0 
CCDLc_limit = 0 
rwq = 0 
CCDLc_limit_alone = 0 
WTRc_limit_alone = 0 
RTWc_limit_alone = 0 

Commands details: 
total_CMD = 0 
n_nop = 0 
Read = 0 
Write = 0 
L2_Alloc = 0 
L2_WB = 0 
n_act = 0 
n_pre = 0 
n_ref = 0 
n_req = 0 
total_req = 0 

Dual Bus Interface Util: 
issued_total_row = 0 
issued_total_col = 0 
Row_Bus_Util =  -nan 
CoL_Bus_Util = -nan 
Either_Row_CoL_Bus_Util = -nan 
Issued_on_Two_Bus_Simul_Util = -nan 
issued_two_Eff = -nan 
queue_avg = -nan 


dram_util_bins: 0 0 0 0 0 0 0 0 0 0
dram_eff_bins: 0 0 0 0 0 0 0 0 0 0
mrqq: max=0 avg=-nan
Memory Partition 1: 
Cache L2_bank_002:
MSHR contents

Cache L2_bank_003:
MSHR contents

In Dram Latency Queue (total = 0): 
DRAM[1]: 16 bks, busW=8 BL=4 CL=19, tRRD=6 tCCD=1, tRCD=19 tRAS=45 tRP=19 tRC=50
n_cmd=0 n_nop=0 n_act=0 n_pre=0 n_ref_event=0 n_req=0 n_rd=0 n_rd_L2_A=0 n_write=0 n_wr_bk=0 bw_util=-nan
n_activity=0 dram_eff=-nan
bk0: 0a 0i bk1: 0a 0i bk2: 0a 0i bk3: 0a 0i bk4: 0a 0i bk5: 0a 0i bk6: 0a 0i bk7: 0a 0i bk8: 0a 0i bk9: 0a 0i bk10: 0a 0i bk11: 0a 0i bk12: 0a 0i bk13: 0a 0i bk14: 0a 0i bk15: 0a 0i 

------------------------------------------------------------------------

Row_Buffer_Locality = -nan
Row_Buffer_Locality_read = -nan
Row_Buffer_Locality_write = -nan
Bank_Level_Parallism = -nan
Bank_Level_Parallism_Col = -nan
Bank_Level_Parallism_Ready = -nan
write_to_read_ratio_blp_rw_average = -nan
GrpLevelPara = -nan 

BW Util details:
bwutil = -nan 
total_CMD = 0 
util_bw = 0 
Wasted_Col = 0 
Wasted_Row = 0 
Idle = 0 

BW Util Bottlenecks: 
RCDc_limit = 0 
RCDWRc_limit = 0 
WTRc_limit = 0 
RTWc_limit = 0 
CCDLc_limit = 0 
rwq = 0 
CCDLc_limit_alone = 0 
WTRc_limit_alone = 0 
RTWc_limit_alone = 0 

Commands details: 
total_CMD = 0 
n_nop = 0 
Read = 0 
Write = 0 
L2_Alloc = 0 
L2_WB = 0 
n_act = 0 
n_pre = 0 
n_ref = 0 
n_req = 0 
total_req = 0 

Dual Bus Interface Util: 
issued_total_row = 0 
issued_total_col = 0 
Row_Bus_Util =  -nan 
CoL_Bus_Util = -nan 
Either_Row_CoL_Bus_Util = -nan 
Issued_on_Two_Bus_Simul_Util = -nan 
issued_two_Eff = -nan 
queue_avg = -nan 


dram_util_bins: 0 0 0 0 0 0 0 0 0 0
dram_eff_bins: 0 0 0 0 0 0 0 0 0 0
mrqq: max=0 avg=-nan
Memory Partition 2: 
Cache L2_bank_004:
MSHR contents

Cache L2_bank_005:
MSHR contents

In Dram Latency Queue (total = 0): 
DRAM[2]: 16 bks, busW=8 BL=4 CL=19, tRRD=6 tCCD=1, tRCD=19 tRAS=45 tRP=19 tRC=50
n_cmd=0 n_nop=0 n_act=0 n_pre=0 n_ref_event=0 n_req=0 n_rd=0 n_rd_L2_A=0 n_write=0 n_wr_bk=0 bw_util=-nan
n_activity=0 dram_eff=-nan
bk0: 0a 0i bk1: 0a 0i bk2: 0a 0i bk3: 0a 0i bk4: 0a 0i bk5: 0a 0i bk6: 0a 0i bk7: 0a 0i bk8: 0a 0i bk9: 0a 0i bk10: 0a 0i bk11: 0a 0i bk12: 0a 0i bk13: 0a 0i bk14: 0a 0i bk15: 0a 0i 

------------------------------------------------------------------------

Row_Buffer_Locality = -nan
Row_Buffer_Locality_read = -nan
Row_Buffer_Locality_write = -nan
Bank_Level_Parallism = -nan
Bank_Level_Parallism_Col = -nan
Bank_Level_Parallism_Ready = -nan
write_to_read_ratio_blp_rw_average = -nan
GrpLevelPara = -nan 

BW Util details:
bwutil = -nan 
total_CMD = 0 
util_bw = 0 
Wasted_Col = 0 
Wasted_Row = 0 
Idle = 0 

BW Util Bottlenecks: 
RCDc_limit = 0 
RCDWRc_limit = 0 
WTRc_limit = 0 
RTWc_limit = 0 
CCDLc_limit = 0 
rwq = 0 
CCDLc_limit_alone = 0 
WTRc_limit_alone = 0 
RTWc_limit_alone = 0 

Commands details: 
total_CMD = 0 
n_nop = 0 
Read = 0 
Write = 0 
L2_Alloc = 0 
L2_WB = 0 
n_act = 0 
n_pre = 0 
n_ref = 0 
n_req = 0 
total_req = 0 

Dual Bus Interface Util: 
issued_total_row = 0 
issued_total_col = 0 
Row_Bus_Util =  -nan 
CoL_Bus_Util = -nan 
Either_Row_CoL_Bus_Util = -nan 
Issued_on_Two_Bus_Simul_Util = -nan 
issued_two_Eff = -nan 
queue_avg = -nan 


dram_util_bins: 0 0 0 0 0 0 0 0 0 0
dram_eff_bins: 0 0 0 0 0 0 0 0 0 0
mrqq: max=0 avg=-nan
Memory Partition 3: 
Cache L2_bank_006:
MSHR contents

Cache L2_bank_007:
MSHR contents

In Dram Latency Queue (total = 0): 
DRAM[3]: 16 bks, busW=8 BL=4 CL=19, tRRD=6 tCCD=1, tRCD=19 tRAS=45 tRP=19 tRC=50
n_cmd=0 n_nop=0 n_act=0 n_pre=0 n_ref_event=94803077770592 n_req=0 n_rd=0 n_rd_L2_A=0 n_write=0 n_wr_bk=0 bw_util=-nan
n_activity=0 dram_eff=-nan
bk0: 0a 0i bk1: 0a 0i bk2: 0a 0i bk3: 0a 0i bk4: 0a 0i bk5: 0a 0i bk6: 0a 0i bk7: 0a 0i bk8: 0a 0i bk9: 0a 0i bk10: 0a 0i bk11: 0a 0i bk12: 0a 0i bk13: 0a 0i bk14: 0a 0i bk15: 0a 0i 

------------------------------------------------------------------------

Row_Buffer_Locality = -nan
Row_Buffer_Locality_read = -nan
Row_Buffer_Locality_write = -nan
Bank_Level_Parallism = -nan
Bank_Level_Parallism_Col = inf
Bank_Level_Parallism_Ready = -nan
write_to_read_ratio_blp_rw_average = -nan
GrpLevelPara = -nan 

BW Util details:
bwutil = -nan 
total_CMD = 0 
util_bw = 0 
Wasted_Col = 0 
Wasted_Row = 0 
Idle = 0 

BW Util Bottlenecks: 
RCDc_limit = 0 
RCDWRc_limit = 0 
WTRc_limit = 0 
RTWc_limit = 0 
CCDLc_limit = 0 
rwq = 0 
CCDLc_limit_alone = 0 
WTRc_limit_alone = 0 
RTWc_limit_alone = 0 

Commands details: 
total_CMD = 0 
n_nop = 0 
Read = 0 
Write = 0 
L2_Alloc = 0 
L2_WB = 0 
n_act = 0 
n_pre = 0 
n_ref = 94803077770592 
n_req = 0 
total_req = 0 

Dual Bus Interface Util: 
issued_total_row = 0 
issued_total_col = 0 
Row_Bus_Util =  -nan 
CoL_Bus_Util = -nan 
Either_Row_CoL_Bus_Util = -nan 
Issued_on_Two_Bus_Simul_Util = -nan 
issued_two_Eff = -nan 
queue_avg = -nan 


dram_util_bins: 0 0 0 0 0 0 0 0 0 0
dram_eff_bins: 0 0 0 0 0 0 0 0 0 0
mrqq: max=0 avg=-nan
Memory Partition 4: 
Cache L2_bank_008:
MSHR contents

Cache L2_bank_009:
MSHR contents

In Dram Latency Queue (total = 0): 
DRAM[4]: 16 bks, busW=8 BL=4 CL=19, tRRD=6 tCCD=1, tRCD=19 tRAS=45 tRP=19 tRC=50
n_cmd=0 n_nop=0 n_act=0 n_pre=0 n_ref_event=0 n_req=0 n_rd=0 n_rd_L2_A=0 n_write=0 n_wr_bk=0 bw_util=-nan
n_activity=0 dram_eff=-nan
bk0: 0a 0i bk1: 0a 0i bk2: 0a 0i bk3: 0a 0i bk4: 0a 0i bk5: 0a 0i bk6: 0a 0i bk7: 0a 0i bk8: 0a 0i bk9: 0a 0i bk10: 0a 0i bk11: 0a 0i bk12: 0a 0i bk13: 0a 0i bk14: 0a 0i bk15: 0a 0i 

------------------------------------------------------------------------

Row_Buffer_Locality = -nan
Row_Buffer_Locality_read = -nan
Row_Buffer_Locality_write = -nan
Bank_Level_Parallism = -nan
Bank_Level_Parallism_Col = -nan
Bank_Level_Parallism_Ready = -nan
write_to_read_ratio_blp_rw_average = -nan
GrpLevelPara = -nan 

BW Util details:
bwutil = -nan 
total_CMD = 0 
util_bw = 0 
Wasted_Col = 0 
Wasted_Row = 0 
Idle = 0 

BW Util Bottlenecks: 
RCDc_limit = 0 
RCDWRc_limit = 0 
WTRc_limit = 0 
RTWc_limit = 0 
CCDLc_limit = 0 
rwq = 0 
CCDLc_limit_alone = 0 
WTRc_limit_alone = 0 
RTWc_limit_alone = 0 

Commands details: 
total_CMD = 0 
n_nop = 0 
Read = 0 
Write = 0 
L2_Alloc = 0 
L2_WB = 0 
n_act = 0 
n_pre = 0 
n_ref = 0 
n_req = 0 
total_req = 0 

Dual Bus Interface Util: 
issued_total_row = 0 
issued_total_col = 0 
Row_Bus_Util =  -nan 
CoL_Bus_Util = -nan 
Either_Row_CoL_Bus_Util = -nan 
Issued_on_Two_Bus_Simul_Util = -nan 
issued_two_Eff = -nan 
queue_avg = -nan 


dram_util_bins: 0 0 0 0 0 0 0 0 0 0
dram_eff_bins: 0 0 0 0 0 0 0 0 0 0
mrqq: max=0 avg=-nan
Memory Partition 5: 
Cache L2_bank_010:
MSHR contents

Cache L2_bank_011:
MSHR contents

In Dram Latency Queue (total = 0): 
DRAM[5]: 16 bks, busW=8 BL=4 CL=19, tRRD=6 tCCD=1, tRCD=19 tRAS=45 tRP=19 tRC=50
n_cmd=0 n_nop=0 n_act=0 n_pre=0 n_ref_event=0 n_req=0 n_rd=0 n_rd_L2_A=0 n_write=0 n_wr_bk=0 bw_util=-nan
n_activity=0 dram_eff=-nan
bk0: 0a 0i bk1: 0a 0i bk2: 0a 0i bk3: 0a 0i bk4: 0a 0i bk5: 0a 0i bk6: 0a 0i bk7: 0a 0i bk8: 0a 0i bk9: 0a 0i bk10: 0a 0i bk11: 0a 0i bk12: 0a 0i bk13: 0a 0i bk14: 0a 0i bk15: 0a 0i 

------------------------------------------------------------------------

Row_Buffer_Locality = -nan
Row_Buffer_Locality_read = -nan
Row_Buffer_Locality_write = -nan
Bank_Level_Parallism = -nan
Bank_Level_Parallism_Col = -nan
Bank_Level_Parallism_Ready = -nan
write_to_read_ratio_blp_rw_average = -nan
GrpLevelPara = -nan 

BW Util details:
bwutil = -nan 
total_CMD = 0 
util_bw = 0 
Wasted_Col = 0 
Wasted_Row = 0 
Idle = 0 

BW Util Bottlenecks: 
RCDc_limit = 0 
RCDWRc_limit = 0 
WTRc_limit = 0 
RTWc_limit = 0 
CCDLc_limit = 0 
rwq = 0 
CCDLc_limit_alone = 0 
WTRc_limit_alone = 0 
RTWc_limit_alone = 0 

Commands details: 
total_CMD = 0 
n_nop = 0 
Read = 0 
Write = 0 
L2_Alloc = 0 
L2_WB = 0 
n_act = 0 
n_pre = 0 
n_ref = 0 
n_req = 0 
total_req = 0 

Dual Bus Interface Util: 
issued_total_row = 0 
issued_total_col = 0 
Row_Bus_Util =  -nan 
CoL_Bus_Util = -nan 
Either_Row_CoL_Bus_Util = -nan 
Issued_on_Two_Bus_Simul_Util = -nan 
issued_two_Eff = -nan 
queue_avg = -nan 


dram_util_bins: 0 0 0 0 0 0 0 0 0 0
dram_eff_bins: 0 0 0 0 0 0 0 0 0 0
mrqq: max=0 avg=-nan
Memory Partition 6: 
Cache L2_bank_012:
MSHR contents

Cache L2_bank_013:
MSHR contents

In Dram Latency Queue (total = 0): 
DRAM[6]: 16 bks, busW=8 BL=4 CL=19, tRRD=6 tCCD=1, tRCD=19 tRAS=45 tRP=19 tRC=50
n_cmd=0 n_nop=0 n_act=0 n_pre=0 n_ref_event=0 n_req=0 n_rd=0 n_rd_L2_A=0 n_write=0 n_wr_bk=0 bw_util=-nan
n_activity=0 dram_eff=-nan
bk0: 0a 0i bk1: 0a 0i bk2: 0a 0i bk3: 0a 0i bk4: 0a 0i bk5: 0a 0i bk6: 0a 0i bk7: 0a 0i bk8: 0a 0i bk9: 0a 0i bk10: 0a 0i bk11: 0a 0i bk12: 0a 0i bk13: 0a 0i bk14: 0a 0i bk15: 0a 0i 

------------------------------------------------------------------------

Row_Buffer_Locality = -nan
Row_Buffer_Locality_read = -nan
Row_Buffer_Locality_write = -nan
Bank_Level_Parallism = -nan
Bank_Level_Parallism_Col = -nan
Bank_Level_Parallism_Ready = -nan
write_to_read_ratio_blp_rw_average = -nan
GrpLevelPara = -nan 

BW Util details:
bwutil = -nan 
total_CMD = 0 
util_bw = 0 
Wasted_Col = 0 
Wasted_Row = 0 
Idle = 0 

BW Util Bottlenecks: 
RCDc_limit = 0 
RCDWRc_limit = 0 
WTRc_limit = 0 
RTWc_limit = 0 
CCDLc_limit = 0 
rwq = 0 
CCDLc_limit_alone = 0 
WTRc_limit_alone = 0 
RTWc_limit_alone = 0 

Commands details: 
total_CMD = 0 
n_nop = 0 
Read = 0 
Write = 0 
L2_Alloc = 0 
L2_WB = 0 
n_act = 0 
n_pre = 0 
n_ref = 0 
n_req = 0 
total_req = 0 

Dual Bus Interface Util: 
issued_total_row = 0 
issued_total_col = 0 
Row_Bus_Util =  -nan 
CoL_Bus_Util = -nan 
Either_Row_CoL_Bus_Util = -nan 
Issued_on_Two_Bus_Simul_Util = -nan 
issued_two_Eff = -nan 
queue_avg = -nan 


dram_util_bins: 0 0 0 0 0 0 0 0 0 0
dram_eff_bins: 0 0 0 0 0 0 0 0 0 0
mrqq: max=0 avg=-nan
Memory Partition 7: 
Cache L2_bank_014:
MSHR contents

Cache L2_bank_015:
MSHR contents

In Dram Latency Queue (total = 0): 
DRAM[7]: 16 bks, busW=8 BL=4 CL=19, tRRD=6 tCCD=1, tRCD=19 tRAS=45 tRP=19 tRC=50
n_cmd=0 n_nop=0 n_act=0 n_pre=0 n_ref_event=0 n_req=0 n_rd=0 n_rd_L2_A=0 n_write=0 n_wr_bk=0 bw_util=-nan
n_activity=0 dram_eff=-nan
bk0: 0a 0i bk1: 0a 0i bk2: 0a 0i bk3: 0a 0i bk4: 0a 0i bk5: 0a 0i bk6: 0a 0i bk7: 0a 0i bk8: 0a 0i bk9: 0a 0i bk10: 0a 0i bk11: 0a 0i bk12: 0a 0i bk13: 0a 0i bk14: 0a 0i bk15: 0a 0i 

------------------------------------------------------------------------

Row_Buffer_Locality = -nan
Row_Buffer_Locality_read = -nan
Row_Buffer_Locality_write = -nan
Bank_Level_Parallism = -nan
Bank_Level_Parallism_Col = -nan
Bank_Level_Parallism_Ready = -nan
write_to_read_ratio_blp_rw_average = -nan
GrpLevelPara = -nan 

BW Util details:
bwutil = -nan 
total_CMD = 0 
util_bw = 0 
Wasted_Col = 0 
Wasted_Row = 0 
Idle = 0 

BW Util Bottlenecks: 
RCDc_limit = 0 
RCDWRc_limit = 0 
WTRc_limit = 0 
RTWc_limit = 0 
CCDLc_limit = 0 
rwq = 0 
CCDLc_limit_alone = 0 
WTRc_limit_alone = 0 
RTWc_limit_alone = 0 

Commands details: 
total_CMD = 0 
n_nop = 0 
Read = 0 
Write = 0 
L2_Alloc = 0 
L2_WB = 0 
n_act = 0 
n_pre = 0 
n_ref = 0 
n_req = 0 
total_req = 0 

Dual Bus Interface Util: 
issued_total_row = 0 
issued_total_col = 0 
Row_Bus_Util =  -nan 
CoL_Bus_Util = -nan 
Either_Row_CoL_Bus_Util = -nan 
Issued_on_Two_Bus_Simul_Util = -nan 
issued_two_Eff = -nan 
queue_avg = -nan 


dram_util_bins: 0 0 0 0 0 0 0 0 0 0
dram_eff_bins: 0 0 0 0 0 0 0 0 0 0
mrqq: max=0 avg=-nan
Memory Partition 8: 
Cache L2_bank_016:
MSHR contents

Cache L2_bank_017:
MSHR contents

In Dram Latency Queue (total = 0): 
DRAM[8]: 16 bks, busW=8 BL=4 CL=19, tRRD=6 tCCD=1, tRCD=19 tRAS=45 tRP=19 tRC=50
n_cmd=0 n_nop=0 n_act=0 n_pre=0 n_ref_event=0 n_req=0 n_rd=0 n_rd_L2_A=0 n_write=0 n_wr_bk=0 bw_util=-nan
n_activity=0 dram_eff=-nan
bk0: 0a 0i bk1: 0a 0i bk2: 0a 0i bk3: 0a 0i bk4: 0a 0i bk5: 0a 0i bk6: 0a 0i bk7: 0a 0i bk8: 0a 0i bk9: 0a 0i bk10: 0a 0i bk11: 0a 0i bk12: 0a 0i bk13: 0a 0i bk14: 0a 0i bk15: 0a 0i 

------------------------------------------------------------------------

Row_Buffer_Locality = -nan
Row_Buffer_Locality_read = -nan
Row_Buffer_Locality_write = -nan
Bank_Level_Parallism = -nan
Bank_Level_Parallism_Col = -nan
Bank_Level_Parallism_Ready = -nan
write_to_read_ratio_blp_rw_average = -nan
GrpLevelPara = -nan 

BW Util details:
bwutil = -nan 
total_CMD = 0 
util_bw = 0 
Wasted_Col = 0 
Wasted_Row = 0 
Idle = 0 

BW Util Bottlenecks: 
RCDc_limit = 0 
RCDWRc_limit = 0 
WTRc_limit = 0 
RTWc_limit = 0 
CCDLc_limit = 0 
rwq = 0 
CCDLc_limit_alone = 0 
WTRc_limit_alone = 0 
RTWc_limit_alone = 0 

Commands details: 
total_CMD = 0 
n_nop = 0 
Read = 0 
Write = 0 
L2_Alloc = 0 
L2_WB = 0 
n_act = 0 
n_pre = 0 
n_ref = 0 
n_req = 0 
total_req = 0 

Dual Bus Interface Util: 
issued_total_row = 0 
issued_total_col = 0 
Row_Bus_Util =  -nan 
CoL_Bus_Util = -nan 
Either_Row_CoL_Bus_Util = -nan 
Issued_on_Two_Bus_Simul_Util = -nan 
issued_two_Eff = -nan 
queue_avg = -nan 


dram_util_bins: 0 0 0 0 0 0 0 0 0 0
dram_eff_bins: 0 0 0 0 0 0 0 0 0 0
mrqq: max=0 avg=-nan
Memory Partition 9: 
Cache L2_bank_018:
MSHR contents

Cache L2_bank_019:
MSHR contents

In Dram Latency Queue (total = 0): 
DRAM[9]: 16 bks, busW=8 BL=4 CL=19, tRRD=6 tCCD=1, tRCD=19 tRAS=45 tRP=19 tRC=50
n_cmd=0 n_nop=0 n_act=0 n_pre=0 n_ref_event=0 n_req=0 n_rd=0 n_rd_L2_A=0 n_write=0 n_wr_bk=0 bw_util=-nan
n_activity=0 dram_eff=-nan
bk0: 0a 0i bk1: 0a 0i bk2: 0a 0i bk3: 0a 0i bk4: 0a 0i bk5: 0a 0i bk6: 0a 0i bk7: 0a 0i bk8: 0a 0i bk9: 0a 0i bk10: 0a 0i bk11: 0a 0i bk12: 0a 0i bk13: 0a 0i bk14: 0a 0i bk15: 0a 0i 

------------------------------------------------------------------------

Row_Buffer_Locality = -nan
Row_Buffer_Locality_read = -nan
Row_Buffer_Locality_write = -nan
Bank_Level_Parallism = -nan
Bank_Level_Parallism_Col = -nan
Bank_Level_Parallism_Ready = -nan
write_to_read_ratio_blp_rw_average = -nan
GrpLevelPara = -nan 

BW Util details:
bwutil = -nan 
total_CMD = 0 
util_bw = 0 
Wasted_Col = 0 
Wasted_Row = 0 
Idle = 0 

BW Util Bottlenecks: 
RCDc_limit = 0 
RCDWRc_limit = 0 
WTRc_limit = 0 
RTWc_limit = 0 
CCDLc_limit = 0 
rwq = 0 
CCDLc_limit_alone = 0 
WTRc_limit_alone = 0 
RTWc_limit_alone = 0 

Commands details: 
total_CMD = 0 
n_nop = 0 
Read = 0 
Write = 0 
L2_Alloc = 0 
L2_WB = 0 
n_act = 0 
n_pre = 0 
n_ref = 0 
n_req = 0 
total_req = 0 

Dual Bus Interface Util: 
issued_total_row = 0 
issued_total_col = 0 
Row_Bus_Util =  -nan 
CoL_Bus_Util = -nan 
Either_Row_CoL_Bus_Util = -nan 
Issued_on_Two_Bus_Simul_Util = -nan 
issued_two_Eff = -nan 
queue_avg = -nan 


dram_util_bins: 0 0 0 0 0 0 0 0 0 0
dram_eff_bins: 0 0 0 0 0 0 0 0 0 0
mrqq: max=0 avg=-nan
Memory Partition 10: 
Cache L2_bank_020:
MSHR contents

Cache L2_bank_021:
MSHR contents

In Dram Latency Queue (total = 0): 
DRAM[10]: 16 bks, busW=8 BL=4 CL=19, tRRD=6 tCCD=1, tRCD=19 tRAS=45 tRP=19 tRC=50
n_cmd=0 n_nop=0 n_act=0 n_pre=0 n_ref_event=0 n_req=0 n_rd=0 n_rd_L2_A=0 n_write=0 n_wr_bk=0 bw_util=-nan
n_activity=0 dram_eff=-nan
bk0: 0a 0i bk1: 0a 0i bk2: 0a 0i bk3: 0a 0i bk4: 0a 0i bk5: 0a 0i bk6: 0a 0i bk7: 0a 0i bk8: 0a 0i bk9: 0a 0i bk10: 0a 0i bk11: 0a 0i bk12: 0a 0i bk13: 0a 0i bk14: 0a 0i bk15: 0a 0i 

------------------------------------------------------------------------

Row_Buffer_Locality = -nan
Row_Buffer_Locality_read = -nan
Row_Buffer_Locality_write = -nan
Bank_Level_Parallism = -nan
Bank_Level_Parallism_Col = -nan
Bank_Level_Parallism_Ready = -nan
write_to_read_ratio_blp_rw_average = -nan
GrpLevelPara = -nan 

BW Util details:
bwutil = -nan 
total_CMD = 0 
util_bw = 0 
Wasted_Col = 0 
Wasted_Row = 0 
Idle = 0 

BW Util Bottlenecks: 
RCDc_limit = 0 
RCDWRc_limit = 0 
WTRc_limit = 0 
RTWc_limit = 0 
CCDLc_limit = 0 
rwq = 0 
CCDLc_limit_alone = 0 
WTRc_limit_alone = 0 
RTWc_limit_alone = 0 

Commands details: 
total_CMD = 0 
n_nop = 0 
Read = 0 
Write = 0 
L2_Alloc = 0 
L2_WB = 0 
n_act = 0 
n_pre = 0 
n_ref = 0 
n_req = 0 
total_req = 0 

Dual Bus Interface Util: 
issued_total_row = 0 
issued_total_col = 0 
Row_Bus_Util =  -nan 
CoL_Bus_Util = -nan 
Either_Row_CoL_Bus_Util = -nan 
Issued_on_Two_Bus_Simul_Util = -nan 
issued_two_Eff = -nan 
queue_avg = -nan 


dram_util_bins: 0 0 0 0 0 0 0 0 0 0
dram_eff_bins: 0 0 0 0 0 0 0 0 0 0
mrqq: max=0 avg=-nan
Memory Partition 11: 
Cache L2_bank_022:
MSHR contents

Cache L2_bank_023:
MSHR contents

In Dram Latency Queue (total = 0): 
DRAM[11]: 16 bks, busW=8 BL=4 CL=19, tRRD=6 tCCD=1, tRCD=19 tRAS=45 tRP=19 tRC=50
n_cmd=0 n_nop=0 n_act=0 n_pre=0 n_ref_event=0 n_req=0 n_rd=0 n_rd_L2_A=0 n_write=0 n_wr_bk=0 bw_util=-nan
n_activity=0 dram_eff=-nan
bk0: 0a 0i bk1: 0a 0i bk2: 0a 0i bk3: 0a 0i bk4: 0a 0i bk5: 0a 0i bk6: 0a 0i bk7: 0a 0i bk8: 0a 0i bk9: 0a 0i bk10: 0a 0i bk11: 0a 0i bk12: 0a 0i bk13: 0a 0i bk14: 0a 0i bk15: 0a 0i 

------------------------------------------------------------------------

Row_Buffer_Locality = -nan
Row_Buffer_Locality_read = -nan
Row_Buffer_Locality_write = -nan
Bank_Level_Parallism = -nan
Bank_Level_Parallism_Col = -nan
Bank_Level_Parallism_Ready = -nan
write_to_read_ratio_blp_rw_average = -nan
GrpLevelPara = -nan 

BW Util details:
bwutil = -nan 
total_CMD = 0 
util_bw = 0 
Wasted_Col = 0 
Wasted_Row = 0 
Idle = 0 

BW Util Bottlenecks: 
RCDc_limit = 0 
RCDWRc_limit = 0 
WTRc_limit = 0 
RTWc_limit = 0 
CCDLc_limit = 0 
rwq = 0 
CCDLc_limit_alone = 0 
WTRc_limit_alone = 0 
RTWc_limit_alone = 0 

Commands details: 
total_CMD = 0 
n_nop = 0 
Read = 0 
Write = 0 
L2_Alloc = 0 
L2_WB = 0 
n_act = 0 
n_pre = 0 
n_ref = 0 
n_req = 0 
total_req = 0 

Dual Bus Interface Util: 
issued_total_row = 0 
issued_total_col = 0 
Row_Bus_Util =  -nan 
CoL_Bus_Util = -nan 
Either_Row_CoL_Bus_Util = -nan 
Issued_on_Two_Bus_Simul_Util = -nan 
issued_two_Eff = -nan 
queue_avg = -nan 


dram_util_bins: 0 0 0 0 0 0 0 0 0 0
dram_eff_bins: 0 0 0 0 0 0 0 0 0 0
mrqq: max=0 avg=-nan
Memory Partition 12: 
Cache L2_bank_024:
MSHR contents

Cache L2_bank_025:
MSHR contents

In Dram Latency Queue (total = 0): 
DRAM[12]: 16 bks, busW=8 BL=4 CL=19, tRRD=6 tCCD=1, tRCD=19 tRAS=45 tRP=19 tRC=50
n_cmd=0 n_nop=0 n_act=0 n_pre=0 n_ref_event=0 n_req=0 n_rd=0 n_rd_L2_A=0 n_write=0 n_wr_bk=0 bw_util=-nan
n_activity=0 dram_eff=-nan
bk0: 0a 0i bk1: 0a 0i bk2: 0a 0i bk3: 0a 0i bk4: 0a 0i bk5: 0a 0i bk6: 0a 0i bk7: 0a 0i bk8: 0a 0i bk9: 0a 0i bk10: 0a 0i bk11: 0a 0i bk12: 0a 0i bk13: 0a 0i bk14: 0a 0i bk15: 0a 0i 

------------------------------------------------------------------------

Row_Buffer_Locality = -nan
Row_Buffer_Locality_read = -nan
Row_Buffer_Locality_write = -nan
Bank_Level_Parallism = -nan
Bank_Level_Parallism_Col = -nan
Bank_Level_Parallism_Ready = -nan
write_to_read_ratio_blp_rw_average = -nan
GrpLevelPara = -nan 

BW Util details:
bwutil = -nan 
total_CMD = 0 
util_bw = 0 
Wasted_Col = 0 
Wasted_Row = 0 
Idle = 0 

BW Util Bottlenecks: 
RCDc_limit = 0 
RCDWRc_limit = 0 
WTRc_limit = 0 
RTWc_limit = 0 
CCDLc_limit = 0 
rwq = 0 
CCDLc_limit_alone = 0 
WTRc_limit_alone = 0 
RTWc_limit_alone = 0 

Commands details: 
total_CMD = 0 
n_nop = 0 
Read = 0 
Write = 0 
L2_Alloc = 0 
L2_WB = 0 
n_act = 0 
n_pre = 0 
n_ref = 0 
n_req = 0 
total_req = 0 

Dual Bus Interface Util: 
issued_total_row = 0 
issued_total_col = 0 
Row_Bus_Util =  -nan 
CoL_Bus_Util = -nan 
Either_Row_CoL_Bus_Util = -nan 
Issued_on_Two_Bus_Simul_Util = -nan 
issued_two_Eff = -nan 
queue_avg = -nan 


dram_util_bins: 0 0 0 0 0 0 0 0 0 0
dram_eff_bins: 0 0 0 0 0 0 0 0 0 0
mrqq: max=0 avg=-nan
Memory Partition 13: 
Cache L2_bank_026:
MSHR contents

Cache L2_bank_027:
MSHR contents

In Dram Latency Queue (total = 0): 
DRAM[13]: 16 bks, busW=8 BL=4 CL=19, tRRD=6 tCCD=1, tRCD=19 tRAS=45 tRP=19 tRC=50
n_cmd=0 n_nop=0 n_act=0 n_pre=0 n_ref_event=0 n_req=0 n_rd=0 n_rd_L2_A=0 n_write=0 n_wr_bk=0 bw_util=-nan
n_activity=0 dram_eff=-nan
bk0: 0a 0i bk1: 0a 0i bk2: 0a 0i bk3: 0a 0i bk4: 0a 0i bk5: 0a 0i bk6: 0a 0i bk7: 0a 0i bk8: 0a 0i bk9: 0a 0i bk10: 0a 0i bk11: 0a 0i bk12: 0a 0i bk13: 0a 0i bk14: 0a 0i bk15: 0a 0i 

------------------------------------------------------------------------

Row_Buffer_Locality = -nan
Row_Buffer_Locality_read = -nan
Row_Buffer_Locality_write = -nan
Bank_Level_Parallism = -nan
Bank_Level_Parallism_Col = -nan
Bank_Level_Parallism_Ready = -nan
write_to_read_ratio_blp_rw_average = -nan
GrpLevelPara = -nan 

BW Util details:
bwutil = -nan 
total_CMD = 0 
util_bw = 0 
Wasted_Col = 0 
Wasted_Row = 0 
Idle = 0 

BW Util Bottlenecks: 
RCDc_limit = 0 
RCDWRc_limit = 0 
WTRc_limit = 0 
RTWc_limit = 0 
CCDLc_limit = 0 
rwq = 0 
CCDLc_limit_alone = 0 
WTRc_limit_alone = 0 
RTWc_limit_alone = 0 

Commands details: 
total_CMD = 0 
n_nop = 0 
Read = 0 
Write = 0 
L2_Alloc = 0 
L2_WB = 0 
n_act = 0 
n_pre = 0 
n_ref = 0 
n_req = 0 
total_req = 0 

Dual Bus Interface Util: 
issued_total_row = 0 
issued_total_col = 0 
Row_Bus_Util =  -nan 
CoL_Bus_Util = -nan 
Either_Row_CoL_Bus_Util = -nan 
Issued_on_Two_Bus_Simul_Util = -nan 
issued_two_Eff = -nan 
queue_avg = -nan 


dram_util_bins: 0 0 0 0 0 0 0 0 0 0
dram_eff_bins: 0 0 0 0 0 0 0 0 0 0
mrqq: max=0 avg=-nan
Memory Partition 14: 
Cache L2_bank_028:
MSHR contents

Cache L2_bank_029:
MSHR contents

In Dram Latency Queue (total = 0): 
DRAM[14]: 16 bks, busW=8 BL=4 CL=19, tRRD=6 tCCD=1, tRCD=19 tRAS=45 tRP=19 tRC=50
n_cmd=0 n_nop=0 n_act=0 n_pre=0 n_ref_event=0 n_req=0 n_rd=0 n_rd_L2_A=0 n_write=0 n_wr_bk=0 bw_util=-nan
n_activity=0 dram_eff=-nan
bk0: 0a 0i bk1: 0a 0i bk2: 0a 0i bk3: 0a 0i bk4: 0a 0i bk5: 0a 0i bk6: 0a 0i bk7: 0a 0i bk8: 0a 0i bk9: 0a 0i bk10: 0a 0i bk11: 0a 0i bk12: 0a 0i bk13: 0a 0i bk14: 0a 0i bk15: 0a 0i 

------------------------------------------------------------------------

Row_Buffer_Locality = -nan
Row_Buffer_Locality_read = -nan
Row_Buffer_Locality_write = -nan
Bank_Level_Parallism = -nan
Bank_Level_Parallism_Col = -nan
Bank_Level_Parallism_Ready = -nan
write_to_read_ratio_blp_rw_average = -nan
GrpLevelPara = -nan 

BW Util details:
bwutil = -nan 
total_CMD = 0 
util_bw = 0 
Wasted_Col = 0 
Wasted_Row = 0 
Idle = 0 

BW Util Bottlenecks: 
RCDc_limit = 0 
RCDWRc_limit = 0 
WTRc_limit = 0 
RTWc_limit = 0 
CCDLc_limit = 0 
rwq = 0 
CCDLc_limit_alone = 0 
WTRc_limit_alone = 0 
RTWc_limit_alone = 0 

Commands details: 
total_CMD = 0 
n_nop = 0 
Read = 0 
Write = 0 
L2_Alloc = 0 
L2_WB = 0 
n_act = 0 
n_pre = 0 
n_ref = 0 
n_req = 0 
total_req = 0 

Dual Bus Interface Util: 
issued_total_row = 0 
issued_total_col = 0 
Row_Bus_Util =  -nan 
CoL_Bus_Util = -nan 
Either_Row_CoL_Bus_Util = -nan 
Issued_on_Two_Bus_Simul_Util = -nan 
issued_two_Eff = -nan 
queue_avg = -nan 


dram_util_bins: 0 0 0 0 0 0 0 0 0 0
dram_eff_bins: 0 0 0 0 0 0 0 0 0 0
mrqq: max=0 avg=-nan
Memory Partition 15: 
Cache L2_bank_030:
MSHR contents

Cache L2_bank_031:
MSHR contents

In Dram Latency Queue (total = 0): 
DRAM[15]: 16 bks, busW=8 BL=4 CL=19, tRRD=6 tCCD=1, tRCD=19 tRAS=45 tRP=19 tRC=50
n_cmd=0 n_nop=0 n_act=0 n_pre=0 n_ref_event=0 n_req=0 n_rd=0 n_rd_L2_A=0 n_write=0 n_wr_bk=0 bw_util=-nan
n_activity=0 dram_eff=-nan
bk0: 0a 0i bk1: 0a 0i bk2: 0a 0i bk3: 0a 0i bk4: 0a 0i bk5: 0a 0i bk6: 0a 0i bk7: 0a 0i bk8: 0a 0i bk9: 0a 0i bk10: 0a 0i bk11: 0a 0i bk12: 0a 0i bk13: 0a 0i bk14: 0a 0i bk15: 0a 0i 

------------------------------------------------------------------------

Row_Buffer_Locality = -nan
Row_Buffer_Locality_read = -nan
Row_Buffer_Locality_write = -nan
Bank_Level_Parallism = -nan
Bank_Level_Parallism_Col = -nan
Bank_Level_Parallism_Ready = -nan
write_to_read_ratio_blp_rw_average = -nan
GrpLevelPara = -nan 

BW Util details:
bwutil = -nan 
total_CMD = 0 
util_bw = 0 
Wasted_Col = 0 
Wasted_Row = 0 
Idle = 0 

BW Util Bottlenecks: 
RCDc_limit = 0 
RCDWRc_limit = 0 
WTRc_limit = 0 
RTWc_limit = 0 
CCDLc_limit = 0 
rwq = 0 
CCDLc_limit_alone = 0 
WTRc_limit_alone = 0 
RTWc_limit_alone = 0 

Commands details: 
total_CMD = 0 
n_nop = 0 
Read = 0 
Write = 0 
L2_Alloc = 0 
L2_WB = 0 
n_act = 0 
n_pre = 0 
n_ref = 0 
n_req = 0 
total_req = 0 

Dual Bus Interface Util: 
issued_total_row = 0 
issued_total_col = 0 
Row_Bus_Util =  -nan 
CoL_Bus_Util = -nan 
Either_Row_CoL_Bus_Util = -nan 
Issued_on_Two_Bus_Simul_Util = -nan 
issued_two_Eff = -nan 
queue_avg = -nan 


dram_util_bins: 0 0 0 0 0 0 0 0 0 0
dram_eff_bins: 0 0 0 0 0 0 0 0 0 0
mrqq: max=0 avg=-nan
Memory Partition 16: 
Cache L2_bank_032:
MSHR contents

Cache L2_bank_033:
MSHR contents

In Dram Latency Queue (total = 0): 
DRAM[16]: 16 bks, busW=8 BL=4 CL=19, tRRD=6 tCCD=1, tRCD=19 tRAS=45 tRP=19 tRC=50
n_cmd=0 n_nop=0 n_act=0 n_pre=0 n_ref_event=0 n_req=0 n_rd=0 n_rd_L2_A=0 n_write=0 n_wr_bk=0 bw_util=-nan
n_activity=0 dram_eff=-nan
bk0: 0a 0i bk1: 0a 0i bk2: 0a 0i bk3: 0a 0i bk4: 0a 0i bk5: 0a 0i bk6: 0a 0i bk7: 0a 0i bk8: 0a 0i bk9: 0a 0i bk10: 0a 0i bk11: 0a 0i bk12: 0a 0i bk13: 0a 0i bk14: 0a 0i bk15: 0a 0i 

------------------------------------------------------------------------

Row_Buffer_Locality = -nan
Row_Buffer_Locality_read = -nan
Row_Buffer_Locality_write = -nan
Bank_Level_Parallism = -nan
Bank_Level_Parallism_Col = -nan
Bank_Level_Parallism_Ready = -nan
write_to_read_ratio_blp_rw_average = -nan
GrpLevelPara = -nan 

BW Util details:
bwutil = -nan 
total_CMD = 0 
util_bw = 0 
Wasted_Col = 0 
Wasted_Row = 0 
Idle = 0 

BW Util Bottlenecks: 
RCDc_limit = 0 
RCDWRc_limit = 0 
WTRc_limit = 0 
RTWc_limit = 0 
CCDLc_limit = 0 
rwq = 0 
CCDLc_limit_alone = 0 
WTRc_limit_alone = 0 
RTWc_limit_alone = 0 

Commands details: 
total_CMD = 0 
n_nop = 0 
Read = 0 
Write = 0 
L2_Alloc = 0 
L2_WB = 0 
n_act = 0 
n_pre = 0 
n_ref = 0 
n_req = 0 
total_req = 0 

Dual Bus Interface Util: 
issued_total_row = 0 
issued_total_col = 0 
Row_Bus_Util =  -nan 
CoL_Bus_Util = -nan 
Either_Row_CoL_Bus_Util = -nan 
Issued_on_Two_Bus_Simul_Util = -nan 
issued_two_Eff = -nan 
queue_avg = -nan 


dram_util_bins: 0 0 0 0 0 0 0 0 0 0
dram_eff_bins: 0 0 0 0 0 0 0 0 0 0
mrqq: max=0 avg=-nan
Memory Partition 17: 
Cache L2_bank_034:
MSHR contents

Cache L2_bank_035:
MSHR contents

In Dram Latency Queue (total = 0): 
DRAM[17]: 16 bks, busW=8 BL=4 CL=19, tRRD=6 tCCD=1, tRCD=19 tRAS=45 tRP=19 tRC=50
n_cmd=0 n_nop=0 n_act=0 n_pre=0 n_ref_event=0 n_req=0 n_rd=0 n_rd_L2_A=0 n_write=0 n_wr_bk=0 bw_util=-nan
n_activity=0 dram_eff=-nan
bk0: 0a 0i bk1: 0a 0i bk2: 0a 0i bk3: 0a 0i bk4: 0a 0i bk5: 0a 0i bk6: 0a 0i bk7: 0a 0i bk8: 0a 0i bk9: 0a 0i bk10: 0a 0i bk11: 0a 0i bk12: 0a 0i bk13: 0a 0i bk14: 0a 0i bk15: 0a 0i 

------------------------------------------------------------------------

Row_Buffer_Locality = -nan
Row_Buffer_Locality_read = -nan
Row_Buffer_Locality_write = -nan
Bank_Level_Parallism = -nan
Bank_Level_Parallism_Col = -nan
Bank_Level_Parallism_Ready = -nan
write_to_read_ratio_blp_rw_average = -nan
GrpLevelPara = -nan 

BW Util details:
bwutil = -nan 
total_CMD = 0 
util_bw = 0 
Wasted_Col = 0 
Wasted_Row = 0 
Idle = 0 

BW Util Bottlenecks: 
RCDc_limit = 0 
RCDWRc_limit = 0 
WTRc_limit = 0 
RTWc_limit = 0 
CCDLc_limit = 0 
rwq = 0 
CCDLc_limit_alone = 0 
WTRc_limit_alone = 0 
RTWc_limit_alone = 0 

Commands details: 
total_CMD = 0 
n_nop = 0 
Read = 0 
Write = 0 
L2_Alloc = 0 
L2_WB = 0 
n_act = 0 
n_pre = 0 
n_ref = 0 
n_req = 0 
total_req = 0 

Dual Bus Interface Util: 
issued_total_row = 0 
issued_total_col = 0 
Row_Bus_Util =  -nan 
CoL_Bus_Util = -nan 
Either_Row_CoL_Bus_Util = -nan 
Issued_on_Two_Bus_Simul_Util = -nan 
issued_two_Eff = -nan 
queue_avg = -nan 


dram_util_bins: 0 0 0 0 0 0 0 0 0 0
dram_eff_bins: 0 0 0 0 0 0 0 0 0 0
mrqq: max=0 avg=-nan
Memory Partition 18: 
Cache L2_bank_036:
MSHR contents

Cache L2_bank_037:
MSHR contents

In Dram Latency Queue (total = 0): 
DRAM[18]: 16 bks, busW=8 BL=4 CL=19, tRRD=6 tCCD=1, tRCD=19 tRAS=45 tRP=19 tRC=50
n_cmd=0 n_nop=0 n_act=0 n_pre=0 n_ref_event=0 n_req=0 n_rd=0 n_rd_L2_A=0 n_write=0 n_wr_bk=0 bw_util=-nan
n_activity=0 dram_eff=-nan
bk0: 0a 0i bk1: 0a 0i bk2: 0a 0i bk3: 0a 0i bk4: 0a 0i bk5: 0a 0i bk6: 0a 0i bk7: 0a 0i bk8: 0a 0i bk9: 0a 0i bk10: 0a 0i bk11: 0a 0i bk12: 0a 0i bk13: 0a 0i bk14: 0a 0i bk15: 0a 0i 

------------------------------------------------------------------------

Row_Buffer_Locality = -nan
Row_Buffer_Locality_read = -nan
Row_Buffer_Locality_write = -nan
Bank_Level_Parallism = -nan
Bank_Level_Parallism_Col = -nan
Bank_Level_Parallism_Ready = -nan
write_to_read_ratio_blp_rw_average = -nan
GrpLevelPara = -nan 

BW Util details:
bwutil = -nan 
total_CMD = 0 
util_bw = 0 
Wasted_Col = 0 
Wasted_Row = 0 
Idle = 0 

BW Util Bottlenecks: 
RCDc_limit = 0 
RCDWRc_limit = 0 
WTRc_limit = 0 
RTWc_limit = 0 
CCDLc_limit = 0 
rwq = 0 
CCDLc_limit_alone = 0 
WTRc_limit_alone = 0 
RTWc_limit_alone = 0 

Commands details: 
total_CMD = 0 
n_nop = 0 
Read = 0 
Write = 0 
L2_Alloc = 0 
L2_WB = 0 
n_act = 0 
n_pre = 0 
n_ref = 0 
n_req = 0 
total_req = 0 

Dual Bus Interface Util: 
issued_total_row = 0 
issued_total_col = 0 
Row_Bus_Util =  -nan 
CoL_Bus_Util = -nan 
Either_Row_CoL_Bus_Util = -nan 
Issued_on_Two_Bus_Simul_Util = -nan 
issued_two_Eff = -nan 
queue_avg = -nan 


dram_util_bins: 0 0 0 0 0 0 0 0 0 0
dram_eff_bins: 0 0 0 0 0 0 0 0 0 0
mrqq: max=0 avg=-nan
Memory Partition 19: 
Cache L2_bank_038:
MSHR contents

Cache L2_bank_039:
MSHR contents

In Dram Latency Queue (total = 0): 
DRAM[19]: 16 bks, busW=8 BL=4 CL=19, tRRD=6 tCCD=1, tRCD=19 tRAS=45 tRP=19 tRC=50
n_cmd=0 n_nop=0 n_act=0 n_pre=0 n_ref_event=0 n_req=0 n_rd=0 n_rd_L2_A=0 n_write=0 n_wr_bk=0 bw_util=-nan
n_activity=0 dram_eff=-nan
bk0: 0a 0i bk1: 0a 0i bk2: 0a 0i bk3: 0a 0i bk4: 0a 0i bk5: 0a 0i bk6: 0a 0i bk7: 0a 0i bk8: 0a 0i bk9: 0a 0i bk10: 0a 0i bk11: 0a 0i bk12: 0a 0i bk13: 0a 0i bk14: 0a 0i bk15: 0a 0i 

------------------------------------------------------------------------

Row_Buffer_Locality = -nan
Row_Buffer_Locality_read = -nan
Row_Buffer_Locality_write = -nan
Bank_Level_Parallism = -nan
Bank_Level_Parallism_Col = -nan
Bank_Level_Parallism_Ready = -nan
write_to_read_ratio_blp_rw_average = -nan
GrpLevelPara = -nan 

BW Util details:
bwutil = -nan 
total_CMD = 0 
util_bw = 0 
Wasted_Col = 0 
Wasted_Row = 0 
Idle = 0 

BW Util Bottlenecks: 
RCDc_limit = 0 
RCDWRc_limit = 0 
WTRc_limit = 0 
RTWc_limit = 0 
CCDLc_limit = 0 
rwq = 0 
CCDLc_limit_alone = 0 
WTRc_limit_alone = 0 
RTWc_limit_alone = 0 

Commands details: 
total_CMD = 0 
n_nop = 0 
Read = 0 
Write = 0 
L2_Alloc = 0 
L2_WB = 0 
n_act = 0 
n_pre = 0 
n_ref = 0 
n_req = 0 
total_req = 0 

Dual Bus Interface Util: 
issued_total_row = 0 
issued_total_col = 0 
Row_Bus_Util =  -nan 
CoL_Bus_Util = -nan 
Either_Row_CoL_Bus_Util = -nan 
Issued_on_Two_Bus_Simul_Util = -nan 
issued_two_Eff = -nan 
queue_avg = -nan 


dram_util_bins: 0 0 0 0 0 0 0 0 0 0
dram_eff_bins: 0 0 0 0 0 0 0 0 0 0
mrqq: max=0 avg=-nan
Memory Partition 20: 
Cache L2_bank_040:
MSHR contents

Cache L2_bank_041:
MSHR contents

In Dram Latency Queue (total = 0): 
DRAM[20]: 16 bks, busW=8 BL=4 CL=19, tRRD=6 tCCD=1, tRCD=19 tRAS=45 tRP=19 tRC=50
n_cmd=0 n_nop=0 n_act=0 n_pre=0 n_ref_event=0 n_req=0 n_rd=0 n_rd_L2_A=0 n_write=0 n_wr_bk=0 bw_util=-nan
n_activity=0 dram_eff=-nan
bk0: 0a 0i bk1: 0a 0i bk2: 0a 0i bk3: 0a 0i bk4: 0a 0i bk5: 0a 0i bk6: 0a 0i bk7: 0a 0i bk8: 0a 0i bk9: 0a 0i bk10: 0a 0i bk11: 0a 0i bk12: 0a 0i bk13: 0a 0i bk14: 0a 0i bk15: 0a 0i 

------------------------------------------------------------------------

Row_Buffer_Locality = -nan
Row_Buffer_Locality_read = -nan
Row_Buffer_Locality_write = -nan
Bank_Level_Parallism = -nan
Bank_Level_Parallism_Col = -nan
Bank_Level_Parallism_Ready = -nan
write_to_read_ratio_blp_rw_average = -nan
GrpLevelPara = -nan 

BW Util details:
bwutil = -nan 
total_CMD = 0 
util_bw = 0 
Wasted_Col = 0 
Wasted_Row = 0 
Idle = 0 

BW Util Bottlenecks: 
RCDc_limit = 0 
RCDWRc_limit = 0 
WTRc_limit = 0 
RTWc_limit = 0 
CCDLc_limit = 0 
rwq = 0 
CCDLc_limit_alone = 0 
WTRc_limit_alone = 0 
RTWc_limit_alone = 0 

Commands details: 
total_CMD = 0 
n_nop = 0 
Read = 0 
Write = 0 
L2_Alloc = 0 
L2_WB = 0 
n_act = 0 
n_pre = 0 
n_ref = 0 
n_req = 0 
total_req = 0 

Dual Bus Interface Util: 
issued_total_row = 0 
issued_total_col = 0 
Row_Bus_Util =  -nan 
CoL_Bus_Util = -nan 
Either_Row_CoL_Bus_Util = -nan 
Issued_on_Two_Bus_Simul_Util = -nan 
issued_two_Eff = -nan 
queue_avg = -nan 


dram_util_bins: 0 0 0 0 0 0 0 0 0 0
dram_eff_bins: 0 0 0 0 0 0 0 0 0 0
mrqq: max=0 avg=-nan
Memory Partition 21: 
Cache L2_bank_042:
MSHR contents

Cache L2_bank_043:
MSHR contents

In Dram Latency Queue (total = 0): 
DRAM[21]: 16 bks, busW=8 BL=4 CL=19, tRRD=6 tCCD=1, tRCD=19 tRAS=45 tRP=19 tRC=50
n_cmd=0 n_nop=0 n_act=0 n_pre=0 n_ref_event=0 n_req=0 n_rd=0 n_rd_L2_A=0 n_write=0 n_wr_bk=0 bw_util=-nan
n_activity=0 dram_eff=-nan
bk0: 0a 0i bk1: 0a 0i bk2: 0a 0i bk3: 0a 0i bk4: 0a 0i bk5: 0a 0i bk6: 0a 0i bk7: 0a 0i bk8: 0a 0i bk9: 0a 0i bk10: 0a 0i bk11: 0a 0i bk12: 0a 0i bk13: 0a 0i bk14: 0a 0i bk15: 0a 0i 

------------------------------------------------------------------------

Row_Buffer_Locality = -nan
Row_Buffer_Locality_read = -nan
Row_Buffer_Locality_write = -nan
Bank_Level_Parallism = -nan
Bank_Level_Parallism_Col = -nan
Bank_Level_Parallism_Ready = -nan
write_to_read_ratio_blp_rw_average = -nan
GrpLevelPara = -nan 

BW Util details:
bwutil = -nan 
total_CMD = 0 
util_bw = 0 
Wasted_Col = 0 
Wasted_Row = 0 
Idle = 0 

BW Util Bottlenecks: 
RCDc_limit = 0 
RCDWRc_limit = 0 
WTRc_limit = 0 
RTWc_limit = 0 
CCDLc_limit = 0 
rwq = 0 
CCDLc_limit_alone = 0 
WTRc_limit_alone = 0 
RTWc_limit_alone = 0 

Commands details: 
total_CMD = 0 
n_nop = 0 
Read = 0 
Write = 0 
L2_Alloc = 0 
L2_WB = 0 
n_act = 0 
n_pre = 0 
n_ref = 0 
n_req = 0 
total_req = 0 

Dual Bus Interface Util: 
issued_total_row = 0 
issued_total_col = 0 
Row_Bus_Util =  -nan 
CoL_Bus_Util = -nan 
Either_Row_CoL_Bus_Util = -nan 
Issued_on_Two_Bus_Simul_Util = -nan 
issued_two_Eff = -nan 
queue_avg = -nan 


dram_util_bins: 0 0 0 0 0 0 0 0 0 0
dram_eff_bins: 0 0 0 0 0 0 0 0 0 0
mrqq: max=0 avg=-nan
Memory Partition 22: 
Cache L2_bank_044:
MSHR contents

Cache L2_bank_045:
MSHR contents

In Dram Latency Queue (total = 0): 
DRAM[22]: 16 bks, busW=8 BL=4 CL=19, tRRD=6 tCCD=1, tRCD=19 tRAS=45 tRP=19 tRC=50
n_cmd=0 n_nop=0 n_act=0 n_pre=0 n_ref_event=0 n_req=0 n_rd=0 n_rd_L2_A=0 n_write=0 n_wr_bk=0 bw_util=-nan
n_activity=0 dram_eff=-nan
bk0: 0a 0i bk1: 0a 0i bk2: 0a 0i bk3: 0a 0i bk4: 0a 0i bk5: 0a 0i bk6: 0a 0i bk7: 0a 0i bk8: 0a 0i bk9: 0a 0i bk10: 0a 0i bk11: 0a 0i bk12: 0a 0i bk13: 0a 0i bk14: 0a 0i bk15: 0a 0i 

------------------------------------------------------------------------

Row_Buffer_Locality = -nan
Row_Buffer_Locality_read = -nan
Row_Buffer_Locality_write = -nan
Bank_Level_Parallism = -nan
Bank_Level_Parallism_Col = -nan
Bank_Level_Parallism_Ready = -nan
write_to_read_ratio_blp_rw_average = -nan
GrpLevelPara = -nan 

BW Util details:
bwutil = -nan 
total_CMD = 0 
util_bw = 0 
Wasted_Col = 0 
Wasted_Row = 0 
Idle = 0 

BW Util Bottlenecks: 
RCDc_limit = 0 
RCDWRc_limit = 0 
WTRc_limit = 0 
RTWc_limit = 0 
CCDLc_limit = 0 
rwq = 0 
CCDLc_limit_alone = 0 
WTRc_limit_alone = 0 
RTWc_limit_alone = 0 

Commands details: 
total_CMD = 0 
n_nop = 0 
Read = 0 
Write = 0 
L2_Alloc = 0 
L2_WB = 0 
n_act = 0 
n_pre = 0 
n_ref = 0 
n_req = 0 
total_req = 0 

Dual Bus Interface Util: 
issued_total_row = 0 
issued_total_col = 0 
Row_Bus_Util =  -nan 
CoL_Bus_Util = -nan 
Either_Row_CoL_Bus_Util = -nan 
Issued_on_Two_Bus_Simul_Util = -nan 
issued_two_Eff = -nan 
queue_avg = -nan 


dram_util_bins: 0 0 0 0 0 0 0 0 0 0
dram_eff_bins: 0 0 0 0 0 0 0 0 0 0
mrqq: max=0 avg=-nan
Memory Partition 23: 
Cache L2_bank_046:
MSHR contents

Cache L2_bank_047:
MSHR contents

In Dram Latency Queue (total = 0): 
DRAM[23]: 16 bks, busW=8 BL=4 CL=19, tRRD=6 tCCD=1, tRCD=19 tRAS=45 tRP=19 tRC=50
n_cmd=0 n_nop=0 n_act=0 n_pre=0 n_ref_event=0 n_req=0 n_rd=0 n_rd_L2_A=0 n_write=0 n_wr_bk=0 bw_util=-nan
n_activity=0 dram_eff=-nan
bk0: 0a 0i bk1: 0a 0i bk2: 0a 0i bk3: 0a 0i bk4: 0a 0i bk5: 0a 0i bk6: 0a 0i bk7: 0a 0i bk8: 0a 0i bk9: 0a 0i bk10: 0a 0i bk11: 0a 0i bk12: 0a 0i bk13: 0a 0i bk14: 0a 0i bk15: 0a 0i 

------------------------------------------------------------------------

Row_Buffer_Locality = -nan
Row_Buffer_Locality_read = -nan
Row_Buffer_Locality_write = -nan
Bank_Level_Parallism = -nan
Bank_Level_Parallism_Col = -nan
Bank_Level_Parallism_Ready = -nan
write_to_read_ratio_blp_rw_average = -nan
GrpLevelPara = -nan 

BW Util details:
bwutil = -nan 
total_CMD = 0 
util_bw = 0 
Wasted_Col = 0 
Wasted_Row = 0 
Idle = 0 

BW Util Bottlenecks: 
RCDc_limit = 0 
RCDWRc_limit = 0 
WTRc_limit = 0 
RTWc_limit = 0 
CCDLc_limit = 0 
rwq = 0 
CCDLc_limit_alone = 0 
WTRc_limit_alone = 0 
RTWc_limit_alone = 0 

Commands details: 
total_CMD = 0 
n_nop = 0 
Read = 0 
Write = 0 
L2_Alloc = 0 
L2_WB = 0 
n_act = 0 
n_pre = 0 
n_ref = 0 
n_req = 0 
total_req = 0 

Dual Bus Interface Util: 
issued_total_row = 0 
issued_total_col = 0 
Row_Bus_Util =  -nan 
CoL_Bus_Util = -nan 
Either_Row_CoL_Bus_Util = -nan 
Issued_on_Two_Bus_Simul_Util = -nan 
issued_two_Eff = -nan 
queue_avg = -nan 


dram_util_bins: 0 0 0 0 0 0 0 0 0 0
dram_eff_bins: 0 0 0 0 0 0 0 0 0 0
mrqq: max=0 avg=-nan
Memory Partition 24: 
Cache L2_bank_048:
MSHR contents

Cache L2_bank_049:
MSHR contents

In Dram Latency Queue (total = 0): 
DRAM[24]: 16 bks, busW=8 BL=4 CL=19, tRRD=6 tCCD=1, tRCD=19 tRAS=45 tRP=19 tRC=50
n_cmd=0 n_nop=0 n_act=0 n_pre=0 n_ref_event=0 n_req=0 n_rd=0 n_rd_L2_A=0 n_write=0 n_wr_bk=0 bw_util=-nan
n_activity=0 dram_eff=-nan
bk0: 0a 0i bk1: 0a 0i bk2: 0a 0i bk3: 0a 0i bk4: 0a 0i bk5: 0a 0i bk6: 0a 0i bk7: 0a 0i bk8: 0a 0i bk9: 0a 0i bk10: 0a 0i bk11: 0a 0i bk12: 0a 0i bk13: 0a 0i bk14: 0a 0i bk15: 0a 0i 

------------------------------------------------------------------------

Row_Buffer_Locality = -nan
Row_Buffer_Locality_read = -nan
Row_Buffer_Locality_write = -nan
Bank_Level_Parallism = -nan
Bank_Level_Parallism_Col = -nan
Bank_Level_Parallism_Ready = -nan
write_to_read_ratio_blp_rw_average = -nan
GrpLevelPara = -nan 

BW Util details:
bwutil = -nan 
total_CMD = 0 
util_bw = 0 
Wasted_Col = 0 
Wasted_Row = 0 
Idle = 0 

BW Util Bottlenecks: 
RCDc_limit = 0 
RCDWRc_limit = 0 
WTRc_limit = 0 
RTWc_limit = 0 
CCDLc_limit = 0 
rwq = 0 
CCDLc_limit_alone = 0 
WTRc_limit_alone = 0 
RTWc_limit_alone = 0 

Commands details: 
total_CMD = 0 
n_nop = 0 
Read = 0 
Write = 0 
L2_Alloc = 0 
L2_WB = 0 
n_act = 0 
n_pre = 0 
n_ref = 0 
n_req = 0 
total_req = 0 

Dual Bus Interface Util: 
issued_total_row = 0 
issued_total_col = 0 
Row_Bus_Util =  -nan 
CoL_Bus_Util = -nan 
Either_Row_CoL_Bus_Util = -nan 
Issued_on_Two_Bus_Simul_Util = -nan 
issued_two_Eff = -nan 
queue_avg = -nan 


dram_util_bins: 0 0 0 0 0 0 0 0 0 0
dram_eff_bins: 0 0 0 0 0 0 0 0 0 0
mrqq: max=0 avg=-nan
Memory Partition 25: 
Cache L2_bank_050:
MSHR contents

Cache L2_bank_051:
MSHR contents

In Dram Latency Queue (total = 0): 
DRAM[25]: 16 bks, busW=8 BL=4 CL=19, tRRD=6 tCCD=1, tRCD=19 tRAS=45 tRP=19 tRC=50
n_cmd=0 n_nop=0 n_act=0 n_pre=0 n_ref_event=0 n_req=0 n_rd=0 n_rd_L2_A=0 n_write=0 n_wr_bk=0 bw_util=-nan
n_activity=0 dram_eff=-nan
bk0: 0a 0i bk1: 0a 0i bk2: 0a 0i bk3: 0a 0i bk4: 0a 0i bk5: 0a 0i bk6: 0a 0i bk7: 0a 0i bk8: 0a 0i bk9: 0a 0i bk10: 0a 0i bk11: 0a 0i bk12: 0a 0i bk13: 0a 0i bk14: 0a 0i bk15: 0a 0i 

------------------------------------------------------------------------

Row_Buffer_Locality = -nan
Row_Buffer_Locality_read = -nan
Row_Buffer_Locality_write = -nan
Bank_Level_Parallism = -nan
Bank_Level_Parallism_Col = -nan
Bank_Level_Parallism_Ready = -nan
write_to_read_ratio_blp_rw_average = -nan
GrpLevelPara = -nan 

BW Util details:
bwutil = -nan 
total_CMD = 0 
util_bw = 0 
Wasted_Col = 0 
Wasted_Row = 0 
Idle = 0 

BW Util Bottlenecks: 
RCDc_limit = 0 
RCDWRc_limit = 0 
WTRc_limit = 0 
RTWc_limit = 0 
CCDLc_limit = 0 
rwq = 0 
CCDLc_limit_alone = 0 
WTRc_limit_alone = 0 
RTWc_limit_alone = 0 

Commands details: 
total_CMD = 0 
n_nop = 0 
Read = 0 
Write = 0 
L2_Alloc = 0 
L2_WB = 0 
n_act = 0 
n_pre = 0 
n_ref = 0 
n_req = 0 
total_req = 0 

Dual Bus Interface Util: 
issued_total_row = 0 
issued_total_col = 0 
Row_Bus_Util =  -nan 
CoL_Bus_Util = -nan 
Either_Row_CoL_Bus_Util = -nan 
Issued_on_Two_Bus_Simul_Util = -nan 
issued_two_Eff = -nan 
queue_avg = -nan 


dram_util_bins: 0 0 0 0 0 0 0 0 0 0
dram_eff_bins: 0 0 0 0 0 0 0 0 0 0
mrqq: max=0 avg=-nan
Memory Partition 26: 
Cache L2_bank_052:
MSHR contents

Cache L2_bank_053:
MSHR contents

In Dram Latency Queue (total = 0): 
DRAM[26]: 16 bks, busW=8 BL=4 CL=19, tRRD=6 tCCD=1, tRCD=19 tRAS=45 tRP=19 tRC=50
n_cmd=0 n_nop=0 n_act=0 n_pre=0 n_ref_event=0 n_req=0 n_rd=0 n_rd_L2_A=0 n_write=0 n_wr_bk=0 bw_util=-nan
n_activity=0 dram_eff=-nan
bk0: 0a 0i bk1: 0a 0i bk2: 0a 0i bk3: 0a 0i bk4: 0a 0i bk5: 0a 0i bk6: 0a 0i bk7: 0a 0i bk8: 0a 0i bk9: 0a 0i bk10: 0a 0i bk11: 0a 0i bk12: 0a 0i bk13: 0a 0i bk14: 0a 0i bk15: 0a 0i 

------------------------------------------------------------------------

Row_Buffer_Locality = -nan
Row_Buffer_Locality_read = -nan
Row_Buffer_Locality_write = -nan
Bank_Level_Parallism = -nan
Bank_Level_Parallism_Col = -nan
Bank_Level_Parallism_Ready = -nan
write_to_read_ratio_blp_rw_average = -nan
GrpLevelPara = -nan 

BW Util details:
bwutil = -nan 
total_CMD = 0 
util_bw = 0 
Wasted_Col = 0 
Wasted_Row = 0 
Idle = 0 

BW Util Bottlenecks: 
RCDc_limit = 0 
RCDWRc_limit = 0 
WTRc_limit = 0 
RTWc_limit = 0 
CCDLc_limit = 0 
rwq = 0 
CCDLc_limit_alone = 0 
WTRc_limit_alone = 0 
RTWc_limit_alone = 0 

Commands details: 
total_CMD = 0 
n_nop = 0 
Read = 0 
Write = 0 
L2_Alloc = 0 
L2_WB = 0 
n_act = 0 
n_pre = 0 
n_ref = 0 
n_req = 0 
total_req = 0 

Dual Bus Interface Util: 
issued_total_row = 0 
issued_total_col = 0 
Row_Bus_Util =  -nan 
CoL_Bus_Util = -nan 
Either_Row_CoL_Bus_Util = -nan 
Issued_on_Two_Bus_Simul_Util = -nan 
issued_two_Eff = -nan 
queue_avg = -nan 


dram_util_bins: 0 0 0 0 0 0 0 0 0 0
dram_eff_bins: 0 0 0 0 0 0 0 0 0 0
mrqq: max=0 avg=-nan
Memory Partition 27: 
Cache L2_bank_054:
MSHR contents

Cache L2_bank_055:
MSHR contents

In Dram Latency Queue (total = 0): 
DRAM[27]: 16 bks, busW=8 BL=4 CL=19, tRRD=6 tCCD=1, tRCD=19 tRAS=45 tRP=19 tRC=50
n_cmd=0 n_nop=0 n_act=0 n_pre=0 n_ref_event=0 n_req=0 n_rd=0 n_rd_L2_A=0 n_write=0 n_wr_bk=0 bw_util=-nan
n_activity=0 dram_eff=-nan
bk0: 0a 0i bk1: 0a 0i bk2: 0a 0i bk3: 0a 0i bk4: 0a 0i bk5: 0a 0i bk6: 0a 0i bk7: 0a 0i bk8: 0a 0i bk9: 0a 0i bk10: 0a 0i bk11: 0a 0i bk12: 0a 0i bk13: 0a 0i bk14: 0a 0i bk15: 0a 0i 

------------------------------------------------------------------------

Row_Buffer_Locality = -nan
Row_Buffer_Locality_read = -nan
Row_Buffer_Locality_write = -nan
Bank_Level_Parallism = -nan
Bank_Level_Parallism_Col = -nan
Bank_Level_Parallism_Ready = -nan
write_to_read_ratio_blp_rw_average = -nan
GrpLevelPara = -nan 

BW Util details:
bwutil = -nan 
total_CMD = 0 
util_bw = 0 
Wasted_Col = 0 
Wasted_Row = 0 
Idle = 0 

BW Util Bottlenecks: 
RCDc_limit = 0 
RCDWRc_limit = 0 
WTRc_limit = 0 
RTWc_limit = 0 
CCDLc_limit = 0 
rwq = 0 
CCDLc_limit_alone = 0 
WTRc_limit_alone = 0 
RTWc_limit_alone = 0 

Commands details: 
total_CMD = 0 
n_nop = 0 
Read = 0 
Write = 0 
L2_Alloc = 0 
L2_WB = 0 
n_act = 0 
n_pre = 0 
n_ref = 0 
n_req = 0 
total_req = 0 

Dual Bus Interface Util: 
issued_total_row = 0 
issued_total_col = 0 
Row_Bus_Util =  -nan 
CoL_Bus_Util = -nan 
Either_Row_CoL_Bus_Util = -nan 
Issued_on_Two_Bus_Simul_Util = -nan 
issued_two_Eff = -nan 
queue_avg = -nan 


dram_util_bins: 0 0 0 0 0 0 0 0 0 0
dram_eff_bins: 0 0 0 0 0 0 0 0 0 0
mrqq: max=0 avg=-nan
Memory Partition 28: 
Cache L2_bank_056:
MSHR contents

Cache L2_bank_057:
MSHR contents

In Dram Latency Queue (total = 0): 
DRAM[28]: 16 bks, busW=8 BL=4 CL=19, tRRD=6 tCCD=1, tRCD=19 tRAS=45 tRP=19 tRC=50
n_cmd=0 n_nop=0 n_act=0 n_pre=0 n_ref_event=0 n_req=0 n_rd=0 n_rd_L2_A=0 n_write=0 n_wr_bk=0 bw_util=-nan
n_activity=0 dram_eff=-nan
bk0: 0a 0i bk1: 0a 0i bk2: 0a 0i bk3: 0a 0i bk4: 0a 0i bk5: 0a 0i bk6: 0a 0i bk7: 0a 0i bk8: 0a 0i bk9: 0a 0i bk10: 0a 0i bk11: 0a 0i bk12: 0a 0i bk13: 0a 0i bk14: 0a 0i bk15: 0a 0i 

------------------------------------------------------------------------

Row_Buffer_Locality = -nan
Row_Buffer_Locality_read = -nan
Row_Buffer_Locality_write = -nan
Bank_Level_Parallism = -nan
Bank_Level_Parallism_Col = -nan
Bank_Level_Parallism_Ready = -nan
write_to_read_ratio_blp_rw_average = -nan
GrpLevelPara = -nan 

BW Util details:
bwutil = -nan 
total_CMD = 0 
util_bw = 0 
Wasted_Col = 0 
Wasted_Row = 0 
Idle = 0 

BW Util Bottlenecks: 
RCDc_limit = 0 
RCDWRc_limit = 0 
WTRc_limit = 0 
RTWc_limit = 0 
CCDLc_limit = 0 
rwq = 0 
CCDLc_limit_alone = 0 
WTRc_limit_alone = 0 
RTWc_limit_alone = 0 

Commands details: 
total_CMD = 0 
n_nop = 0 
Read = 0 
Write = 0 
L2_Alloc = 0 
L2_WB = 0 
n_act = 0 
n_pre = 0 
n_ref = 0 
n_req = 0 
total_req = 0 

Dual Bus Interface Util: 
issued_total_row = 0 
issued_total_col = 0 
Row_Bus_Util =  -nan 
CoL_Bus_Util = -nan 
Either_Row_CoL_Bus_Util = -nan 
Issued_on_Two_Bus_Simul_Util = -nan 
issued_two_Eff = -nan 
queue_avg = -nan 


dram_util_bins: 0 0 0 0 0 0 0 0 0 0
dram_eff_bins: 0 0 0 0 0 0 0 0 0 0
mrqq: max=0 avg=-nan
Memory Partition 29: 
Cache L2_bank_058:
MSHR contents

Cache L2_bank_059:
MSHR contents

In Dram Latency Queue (total = 0): 
DRAM[29]: 16 bks, busW=8 BL=4 CL=19, tRRD=6 tCCD=1, tRCD=19 tRAS=45 tRP=19 tRC=50
n_cmd=0 n_nop=0 n_act=0 n_pre=0 n_ref_event=0 n_req=0 n_rd=0 n_rd_L2_A=0 n_write=0 n_wr_bk=0 bw_util=-nan
n_activity=0 dram_eff=-nan
bk0: 0a 0i bk1: 0a 0i bk2: 0a 0i bk3: 0a 0i bk4: 0a 0i bk5: 0a 0i bk6: 0a 0i bk7: 0a 0i bk8: 0a 0i bk9: 0a 0i bk10: 0a 0i bk11: 0a 0i bk12: 0a 0i bk13: 0a 0i bk14: 0a 0i bk15: 0a 0i 

------------------------------------------------------------------------

Row_Buffer_Locality = -nan
Row_Buffer_Locality_read = -nan
Row_Buffer_Locality_write = -nan
Bank_Level_Parallism = -nan
Bank_Level_Parallism_Col = -nan
Bank_Level_Parallism_Ready = -nan
write_to_read_ratio_blp_rw_average = -nan
GrpLevelPara = -nan 

BW Util details:
bwutil = -nan 
total_CMD = 0 
util_bw = 0 
Wasted_Col = 0 
Wasted_Row = 0 
Idle = 0 

BW Util Bottlenecks: 
RCDc_limit = 0 
RCDWRc_limit = 0 
WTRc_limit = 0 
RTWc_limit = 0 
CCDLc_limit = 0 
rwq = 0 
CCDLc_limit_alone = 0 
WTRc_limit_alone = 0 
RTWc_limit_alone = 0 

Commands details: 
total_CMD = 0 
n_nop = 0 
Read = 0 
Write = 0 
L2_Alloc = 0 
L2_WB = 0 
n_act = 0 
n_pre = 0 
n_ref = 0 
n_req = 0 
total_req = 0 

Dual Bus Interface Util: 
issued_total_row = 0 
issued_total_col = 0 
Row_Bus_Util =  -nan 
CoL_Bus_Util = -nan 
Either_Row_CoL_Bus_Util = -nan 
Issued_on_Two_Bus_Simul_Util = -nan 
issued_two_Eff = -nan 
queue_avg = -nan 


dram_util_bins: 0 0 0 0 0 0 0 0 0 0
dram_eff_bins: 0 0 0 0 0 0 0 0 0 0
mrqq: max=0 avg=-nan
Memory Partition 30: 
Cache L2_bank_060:
MSHR contents

Cache L2_bank_061:
MSHR contents

In Dram Latency Queue (total = 0): 
DRAM[30]: 16 bks, busW=8 BL=4 CL=19, tRRD=6 tCCD=1, tRCD=19 tRAS=45 tRP=19 tRC=50
n_cmd=0 n_nop=0 n_act=0 n_pre=0 n_ref_event=0 n_req=0 n_rd=0 n_rd_L2_A=0 n_write=0 n_wr_bk=0 bw_util=-nan
n_activity=0 dram_eff=-nan
bk0: 0a 0i bk1: 0a 0i bk2: 0a 0i bk3: 0a 0i bk4: 0a 0i bk5: 0a 0i bk6: 0a 0i bk7: 0a 0i bk8: 0a 0i bk9: 0a 0i bk10: 0a 0i bk11: 0a 0i bk12: 0a 0i bk13: 0a 0i bk14: 0a 0i bk15: 0a 0i 

------------------------------------------------------------------------

Row_Buffer_Locality = -nan
Row_Buffer_Locality_read = -nan
Row_Buffer_Locality_write = -nan
Bank_Level_Parallism = -nan
Bank_Level_Parallism_Col = -nan
Bank_Level_Parallism_Ready = -nan
write_to_read_ratio_blp_rw_average = -nan
GrpLevelPara = -nan 

BW Util details:
bwutil = -nan 
total_CMD = 0 
util_bw = 0 
Wasted_Col = 0 
Wasted_Row = 0 
Idle = 0 

BW Util Bottlenecks: 
RCDc_limit = 0 
RCDWRc_limit = 0 
WTRc_limit = 0 
RTWc_limit = 0 
CCDLc_limit = 0 
rwq = 0 
CCDLc_limit_alone = 0 
WTRc_limit_alone = 0 
RTWc_limit_alone = 0 

Commands details: 
total_CMD = 0 
n_nop = 0 
Read = 0 
Write = 0 
L2_Alloc = 0 
L2_WB = 0 
n_act = 0 
n_pre = 0 
n_ref = 0 
n_req = 0 
total_req = 0 

Dual Bus Interface Util: 
issued_total_row = 0 
issued_total_col = 0 
Row_Bus_Util =  -nan 
CoL_Bus_Util = -nan 
Either_Row_CoL_Bus_Util = -nan 
Issued_on_Two_Bus_Simul_Util = -nan 
issued_two_Eff = -nan 
queue_avg = -nan 


dram_util_bins: 0 0 0 0 0 0 0 0 0 0
dram_eff_bins: 0 0 0 0 0 0 0 0 0 0
mrqq: max=0 avg=-nan
Memory Partition 31: 
Cache L2_bank_062:
MSHR contents

Cache L2_bank_063:
MSHR contents

In Dram Latency Queue (total = 0): 
DRAM[31]: 16 bks, busW=8 BL=4 CL=19, tRRD=6 tCCD=1, tRCD=19 tRAS=45 tRP=19 tRC=50
n_cmd=0 n_nop=0 n_act=0 n_pre=0 n_ref_event=0 n_req=0 n_rd=0 n_rd_L2_A=0 n_write=0 n_wr_bk=0 bw_util=-nan
n_activity=0 dram_eff=-nan
bk0: 0a 0i bk1: 0a 0i bk2: 0a 0i bk3: 0a 0i bk4: 0a 0i bk5: 0a 0i bk6: 0a 0i bk7: 0a 0i bk8: 0a 0i bk9: 0a 0i bk10: 0a 0i bk11: 0a 0i bk12: 0a 0i bk13: 0a 0i bk14: 0a 0i bk15: 0a 0i 

------------------------------------------------------------------------

Row_Buffer_Locality = -nan
Row_Buffer_Locality_read = -nan
Row_Buffer_Locality_write = -nan
Bank_Level_Parallism = -nan
Bank_Level_Parallism_Col = -nan
Bank_Level_Parallism_Ready = -nan
write_to_read_ratio_blp_rw_average = -nan
GrpLevelPara = -nan 

BW Util details:
bwutil = -nan 
total_CMD = 0 
util_bw = 0 
Wasted_Col = 0 
Wasted_Row = 0 
Idle = 0 

BW Util Bottlenecks: 
RCDc_limit = 0 
RCDWRc_limit = 0 
WTRc_limit = 0 
RTWc_limit = 0 
CCDLc_limit = 0 
rwq = 0 
CCDLc_limit_alone = 0 
WTRc_limit_alone = 0 
RTWc_limit_alone = 0 

Commands details: 
total_CMD = 0 
n_nop = 0 
Read = 0 
Write = 0 
L2_Alloc = 0 
L2_WB = 0 
n_act = 0 
n_pre = 0 
n_ref = 0 
n_req = 0 
total_req = 0 

Dual Bus Interface Util: 
issued_total_row = 0 
issued_total_col = 0 
Row_Bus_Util =  -nan 
CoL_Bus_Util = -nan 
Either_Row_CoL_Bus_Util = -nan 
Issued_on_Two_Bus_Simul_Util = -nan 
issued_two_Eff = -nan 
queue_avg = -nan 


dram_util_bins: 0 0 0 0 0 0 0 0 0 0
dram_eff_bins: 0 0 0 0 0 0 0 0 0 0
mrqq: max=0 avg=-nan
Memory Partition 32: 
Cache L2_bank_064:
MSHR contents

Cache L2_bank_065:
MSHR contents

In Dram Latency Queue (total = 0): 
DRAM[32]: 16 bks, busW=8 BL=4 CL=19, tRRD=6 tCCD=1, tRCD=19 tRAS=45 tRP=19 tRC=50
n_cmd=0 n_nop=0 n_act=0 n_pre=0 n_ref_event=0 n_req=0 n_rd=0 n_rd_L2_A=0 n_write=0 n_wr_bk=0 bw_util=-nan
n_activity=0 dram_eff=-nan
bk0: 0a 0i bk1: 0a 0i bk2: 0a 0i bk3: 0a 0i bk4: 0a 0i bk5: 0a 0i bk6: 0a 0i bk7: 0a 0i bk8: 0a 0i bk9: 0a 0i bk10: 0a 0i bk11: 0a 0i bk12: 0a 0i bk13: 0a 0i bk14: 0a 0i bk15: 0a 0i 

------------------------------------------------------------------------

Row_Buffer_Locality = -nan
Row_Buffer_Locality_read = -nan
Row_Buffer_Locality_write = -nan
Bank_Level_Parallism = -nan
Bank_Level_Parallism_Col = -nan
Bank_Level_Parallism_Ready = -nan
write_to_read_ratio_blp_rw_average = -nan
GrpLevelPara = -nan 

BW Util details:
bwutil = -nan 
total_CMD = 0 
util_bw = 0 
Wasted_Col = 0 
Wasted_Row = 0 
Idle = 0 

BW Util Bottlenecks: 
RCDc_limit = 0 
RCDWRc_limit = 0 
WTRc_limit = 0 
RTWc_limit = 0 
CCDLc_limit = 0 
rwq = 0 
CCDLc_limit_alone = 0 
WTRc_limit_alone = 0 
RTWc_limit_alone = 0 

Commands details: 
total_CMD = 0 
n_nop = 0 
Read = 0 
Write = 0 
L2_Alloc = 0 
L2_WB = 0 
n_act = 0 
n_pre = 0 
n_ref = 0 
n_req = 0 
total_req = 0 

Dual Bus Interface Util: 
issued_total_row = 0 
issued_total_col = 0 
Row_Bus_Util =  -nan 
CoL_Bus_Util = -nan 
Either_Row_CoL_Bus_Util = -nan 
Issued_on_Two_Bus_Simul_Util = -nan 
issued_two_Eff = -nan 
queue_avg = -nan 


dram_util_bins: 0 0 0 0 0 0 0 0 0 0
dram_eff_bins: 0 0 0 0 0 0 0 0 0 0
mrqq: max=0 avg=-nan
Memory Partition 33: 
Cache L2_bank_066:
MSHR contents

Cache L2_bank_067:
MSHR contents

In Dram Latency Queue (total = 0): 
DRAM[33]: 16 bks, busW=8 BL=4 CL=19, tRRD=6 tCCD=1, tRCD=19 tRAS=45 tRP=19 tRC=50
n_cmd=0 n_nop=0 n_act=0 n_pre=0 n_ref_event=0 n_req=0 n_rd=0 n_rd_L2_A=0 n_write=0 n_wr_bk=0 bw_util=-nan
n_activity=0 dram_eff=-nan
bk0: 0a 0i bk1: 0a 0i bk2: 0a 0i bk3: 0a 0i bk4: 0a 0i bk5: 0a 0i bk6: 0a 0i bk7: 0a 0i bk8: 0a 0i bk9: 0a 0i bk10: 0a 0i bk11: 0a 0i bk12: 0a 0i bk13: 0a 0i bk14: 0a 0i bk15: 0a 0i 

------------------------------------------------------------------------

Row_Buffer_Locality = -nan
Row_Buffer_Locality_read = -nan
Row_Buffer_Locality_write = -nan
Bank_Level_Parallism = -nan
Bank_Level_Parallism_Col = -nan
Bank_Level_Parallism_Ready = -nan
write_to_read_ratio_blp_rw_average = -nan
GrpLevelPara = -nan 

BW Util details:
bwutil = -nan 
total_CMD = 0 
util_bw = 0 
Wasted_Col = 0 
Wasted_Row = 0 
Idle = 0 

BW Util Bottlenecks: 
RCDc_limit = 0 
RCDWRc_limit = 0 
WTRc_limit = 0 
RTWc_limit = 0 
CCDLc_limit = 0 
rwq = 0 
CCDLc_limit_alone = 0 
WTRc_limit_alone = 0 
RTWc_limit_alone = 0 

Commands details: 
total_CMD = 0 
n_nop = 0 
Read = 0 
Write = 0 
L2_Alloc = 0 
L2_WB = 0 
n_act = 0 
n_pre = 0 
n_ref = 0 
n_req = 0 
total_req = 0 

Dual Bus Interface Util: 
issued_total_row = 0 
issued_total_col = 0 
Row_Bus_Util =  -nan 
CoL_Bus_Util = -nan 
Either_Row_CoL_Bus_Util = -nan 
Issued_on_Two_Bus_Simul_Util = -nan 
issued_two_Eff = -nan 
queue_avg = -nan 


dram_util_bins: 0 0 0 0 0 0 0 0 0 0
dram_eff_bins: 0 0 0 0 0 0 0 0 0 0
mrqq: max=0 avg=-nan
Memory Partition 34: 
Cache L2_bank_068:
MSHR contents

Cache L2_bank_069:
MSHR contents

In Dram Latency Queue (total = 0): 
DRAM[34]: 16 bks, busW=8 BL=4 CL=19, tRRD=6 tCCD=1, tRCD=19 tRAS=45 tRP=19 tRC=50
n_cmd=0 n_nop=0 n_act=0 n_pre=0 n_ref_event=0 n_req=0 n_rd=0 n_rd_L2_A=0 n_write=0 n_wr_bk=0 bw_util=-nan
n_activity=0 dram_eff=-nan
bk0: 0a 0i bk1: 0a 0i bk2: 0a 0i bk3: 0a 0i bk4: 0a 0i bk5: 0a 0i bk6: 0a 0i bk7: 0a 0i bk8: 0a 0i bk9: 0a 0i bk10: 0a 0i bk11: 0a 0i bk12: 0a 0i bk13: 0a 0i bk14: 0a 0i bk15: 0a 0i 

------------------------------------------------------------------------

Row_Buffer_Locality = -nan
Row_Buffer_Locality_read = -nan
Row_Buffer_Locality_write = -nan
Bank_Level_Parallism = -nan
Bank_Level_Parallism_Col = -nan
Bank_Level_Parallism_Ready = -nan
write_to_read_ratio_blp_rw_average = -nan
GrpLevelPara = -nan 

BW Util details:
bwutil = -nan 
total_CMD = 0 
util_bw = 0 
Wasted_Col = 0 
Wasted_Row = 0 
Idle = 0 

BW Util Bottlenecks: 
RCDc_limit = 0 
RCDWRc_limit = 0 
WTRc_limit = 0 
RTWc_limit = 0 
CCDLc_limit = 0 
rwq = 0 
CCDLc_limit_alone = 0 
WTRc_limit_alone = 0 
RTWc_limit_alone = 0 

Commands details: 
total_CMD = 0 
n_nop = 0 
Read = 0 
Write = 0 
L2_Alloc = 0 
L2_WB = 0 
n_act = 0 
n_pre = 0 
n_ref = 0 
n_req = 0 
total_req = 0 

Dual Bus Interface Util: 
issued_total_row = 0 
issued_total_col = 0 
Row_Bus_Util =  -nan 
CoL_Bus_Util = -nan 
Either_Row_CoL_Bus_Util = -nan 
Issued_on_Two_Bus_Simul_Util = -nan 
issued_two_Eff = -nan 
queue_avg = -nan 


dram_util_bins: 0 0 0 0 0 0 0 0 0 0
dram_eff_bins: 0 0 0 0 0 0 0 0 0 0
mrqq: max=0 avg=-nan
Memory Partition 35: 
Cache L2_bank_070:
MSHR contents

Cache L2_bank_071:
MSHR contents

In Dram Latency Queue (total = 0): 
DRAM[35]: 16 bks, busW=8 BL=4 CL=19, tRRD=6 tCCD=1, tRCD=19 tRAS=45 tRP=19 tRC=50
n_cmd=0 n_nop=0 n_act=0 n_pre=0 n_ref_event=0 n_req=0 n_rd=0 n_rd_L2_A=0 n_write=0 n_wr_bk=0 bw_util=-nan
n_activity=0 dram_eff=-nan
bk0: 0a 0i bk1: 0a 0i bk2: 0a 0i bk3: 0a 0i bk4: 0a 0i bk5: 0a 0i bk6: 0a 0i bk7: 0a 0i bk8: 0a 0i bk9: 0a 0i bk10: 0a 0i bk11: 0a 0i bk12: 0a 0i bk13: 0a 0i bk14: 0a 0i bk15: 0a 0i 

------------------------------------------------------------------------

Row_Buffer_Locality = -nan
Row_Buffer_Locality_read = -nan
Row_Buffer_Locality_write = -nan
Bank_Level_Parallism = -nan
Bank_Level_Parallism_Col = -nan
Bank_Level_Parallism_Ready = -nan
write_to_read_ratio_blp_rw_average = -nan
GrpLevelPara = -nan 

BW Util details:
bwutil = -nan 
total_CMD = 0 
util_bw = 0 
Wasted_Col = 0 
Wasted_Row = 0 
Idle = 0 

BW Util Bottlenecks: 
RCDc_limit = 0 
RCDWRc_limit = 0 
WTRc_limit = 0 
RTWc_limit = 0 
CCDLc_limit = 0 
rwq = 0 
CCDLc_limit_alone = 0 
WTRc_limit_alone = 0 
RTWc_limit_alone = 0 

Commands details: 
total_CMD = 0 
n_nop = 0 
Read = 0 
Write = 0 
L2_Alloc = 0 
L2_WB = 0 
n_act = 0 
n_pre = 0 
n_ref = 0 
n_req = 0 
total_req = 0 

Dual Bus Interface Util: 
issued_total_row = 0 
issued_total_col = 0 
Row_Bus_Util =  -nan 
CoL_Bus_Util = -nan 
Either_Row_CoL_Bus_Util = -nan 
Issued_on_Two_Bus_Simul_Util = -nan 
issued_two_Eff = -nan 
queue_avg = -nan 


dram_util_bins: 0 0 0 0 0 0 0 0 0 0
dram_eff_bins: 0 0 0 0 0 0 0 0 0 0
mrqq: max=0 avg=-nan
Memory Partition 36: 
Cache L2_bank_072:
MSHR contents

Cache L2_bank_073:
MSHR contents

In Dram Latency Queue (total = 0): 
DRAM[36]: 16 bks, busW=8 BL=4 CL=19, tRRD=6 tCCD=1, tRCD=19 tRAS=45 tRP=19 tRC=50
n_cmd=0 n_nop=0 n_act=0 n_pre=0 n_ref_event=0 n_req=0 n_rd=0 n_rd_L2_A=0 n_write=0 n_wr_bk=0 bw_util=-nan
n_activity=0 dram_eff=-nan
bk0: 0a 0i bk1: 0a 0i bk2: 0a 0i bk3: 0a 0i bk4: 0a 0i bk5: 0a 0i bk6: 0a 0i bk7: 0a 0i bk8: 0a 0i bk9: 0a 0i bk10: 0a 0i bk11: 0a 0i bk12: 0a 0i bk13: 0a 0i bk14: 0a 0i bk15: 0a 0i 

------------------------------------------------------------------------

Row_Buffer_Locality = -nan
Row_Buffer_Locality_read = -nan
Row_Buffer_Locality_write = -nan
Bank_Level_Parallism = -nan
Bank_Level_Parallism_Col = -nan
Bank_Level_Parallism_Ready = -nan
write_to_read_ratio_blp_rw_average = -nan
GrpLevelPara = -nan 

BW Util details:
bwutil = -nan 
total_CMD = 0 
util_bw = 0 
Wasted_Col = 0 
Wasted_Row = 0 
Idle = 0 

BW Util Bottlenecks: 
RCDc_limit = 0 
RCDWRc_limit = 0 
WTRc_limit = 0 
RTWc_limit = 0 
CCDLc_limit = 0 
rwq = 0 
CCDLc_limit_alone = 0 
WTRc_limit_alone = 0 
RTWc_limit_alone = 0 

Commands details: 
total_CMD = 0 
n_nop = 0 
Read = 0 
Write = 0 
L2_Alloc = 0 
L2_WB = 0 
n_act = 0 
n_pre = 0 
n_ref = 0 
n_req = 0 
total_req = 0 

Dual Bus Interface Util: 
issued_total_row = 0 
issued_total_col = 0 
Row_Bus_Util =  -nan 
CoL_Bus_Util = -nan 
Either_Row_CoL_Bus_Util = -nan 
Issued_on_Two_Bus_Simul_Util = -nan 
issued_two_Eff = -nan 
queue_avg = -nan 


dram_util_bins: 0 0 0 0 0 0 0 0 0 0
dram_eff_bins: 0 0 0 0 0 0 0 0 0 0
mrqq: max=0 avg=-nan
Memory Partition 37: 
Cache L2_bank_074:
MSHR contents

Cache L2_bank_075:
MSHR contents

In Dram Latency Queue (total = 0): 
DRAM[37]: 16 bks, busW=8 BL=4 CL=19, tRRD=6 tCCD=1, tRCD=19 tRAS=45 tRP=19 tRC=50
n_cmd=0 n_nop=0 n_act=0 n_pre=0 n_ref_event=0 n_req=0 n_rd=0 n_rd_L2_A=0 n_write=0 n_wr_bk=0 bw_util=-nan
n_activity=0 dram_eff=-nan
bk0: 0a 0i bk1: 0a 0i bk2: 0a 0i bk3: 0a 0i bk4: 0a 0i bk5: 0a 0i bk6: 0a 0i bk7: 0a 0i bk8: 0a 0i bk9: 0a 0i bk10: 0a 0i bk11: 0a 0i bk12: 0a 0i bk13: 0a 0i bk14: 0a 0i bk15: 0a 0i 

------------------------------------------------------------------------

Row_Buffer_Locality = -nan
Row_Buffer_Locality_read = -nan
Row_Buffer_Locality_write = -nan
Bank_Level_Parallism = -nan
Bank_Level_Parallism_Col = -nan
Bank_Level_Parallism_Ready = -nan
write_to_read_ratio_blp_rw_average = -nan
GrpLevelPara = -nan 

BW Util details:
bwutil = -nan 
total_CMD = 0 
util_bw = 0 
Wasted_Col = 0 
Wasted_Row = 0 
Idle = 0 

BW Util Bottlenecks: 
RCDc_limit = 0 
RCDWRc_limit = 0 
WTRc_limit = 0 
RTWc_limit = 0 
CCDLc_limit = 0 
rwq = 0 
CCDLc_limit_alone = 0 
WTRc_limit_alone = 0 
RTWc_limit_alone = 0 

Commands details: 
total_CMD = 0 
n_nop = 0 
Read = 0 
Write = 0 
L2_Alloc = 0 
L2_WB = 0 
n_act = 0 
n_pre = 0 
n_ref = 0 
n_req = 0 
total_req = 0 

Dual Bus Interface Util: 
issued_total_row = 0 
issued_total_col = 0 
Row_Bus_Util =  -nan 
CoL_Bus_Util = -nan 
Either_Row_CoL_Bus_Util = -nan 
Issued_on_Two_Bus_Simul_Util = -nan 
issued_two_Eff = -nan 
queue_avg = -nan 


dram_util_bins: 0 0 0 0 0 0 0 0 0 0
dram_eff_bins: 0 0 0 0 0 0 0 0 0 0
mrqq: max=0 avg=-nan
Memory Partition 38: 
Cache L2_bank_076:
MSHR contents

Cache L2_bank_077:
MSHR contents

In Dram Latency Queue (total = 0): 
DRAM[38]: 16 bks, busW=8 BL=4 CL=19, tRRD=6 tCCD=1, tRCD=19 tRAS=45 tRP=19 tRC=50
n_cmd=0 n_nop=0 n_act=0 n_pre=0 n_ref_event=0 n_req=0 n_rd=0 n_rd_L2_A=0 n_write=0 n_wr_bk=0 bw_util=-nan
n_activity=0 dram_eff=-nan
bk0: 0a 0i bk1: 0a 0i bk2: 0a 0i bk3: 0a 0i bk4: 0a 0i bk5: 0a 0i bk6: 0a 0i bk7: 0a 0i bk8: 0a 0i bk9: 0a 0i bk10: 0a 0i bk11: 0a 0i bk12: 0a 0i bk13: 0a 0i bk14: 0a 0i bk15: 0a 0i 

------------------------------------------------------------------------

Row_Buffer_Locality = -nan
Row_Buffer_Locality_read = -nan
Row_Buffer_Locality_write = -nan
Bank_Level_Parallism = -nan
Bank_Level_Parallism_Col = -nan
Bank_Level_Parallism_Ready = -nan
write_to_read_ratio_blp_rw_average = -nan
GrpLevelPara = -nan 

BW Util details:
bwutil = -nan 
total_CMD = 0 
util_bw = 0 
Wasted_Col = 0 
Wasted_Row = 0 
Idle = 0 

BW Util Bottlenecks: 
RCDc_limit = 0 
RCDWRc_limit = 0 
WTRc_limit = 0 
RTWc_limit = 0 
CCDLc_limit = 0 
rwq = 0 
CCDLc_limit_alone = 0 
WTRc_limit_alone = 0 
RTWc_limit_alone = 0 

Commands details: 
total_CMD = 0 
n_nop = 0 
Read = 0 
Write = 0 
L2_Alloc = 0 
L2_WB = 0 
n_act = 0 
n_pre = 0 
n_ref = 0 
n_req = 0 
total_req = 0 

Dual Bus Interface Util: 
issued_total_row = 0 
issued_total_col = 0 
Row_Bus_Util =  -nan 
CoL_Bus_Util = -nan 
Either_Row_CoL_Bus_Util = -nan 
Issued_on_Two_Bus_Simul_Util = -nan 
issued_two_Eff = -nan 
queue_avg = -nan 


dram_util_bins: 0 0 0 0 0 0 0 0 0 0
dram_eff_bins: 0 0 0 0 0 0 0 0 0 0
mrqq: max=0 avg=-nan
Memory Partition 39: 
Cache L2_bank_078:
MSHR contents

Cache L2_bank_079:
MSHR contents

In Dram Latency Queue (total = 0): 
DRAM[39]: 16 bks, busW=8 BL=4 CL=19, tRRD=6 tCCD=1, tRCD=19 tRAS=45 tRP=19 tRC=50
n_cmd=0 n_nop=0 n_act=0 n_pre=0 n_ref_event=0 n_req=0 n_rd=0 n_rd_L2_A=0 n_write=0 n_wr_bk=0 bw_util=-nan
n_activity=0 dram_eff=-nan
bk0: 0a 0i bk1: 0a 0i bk2: 0a 0i bk3: 0a 0i bk4: 0a 0i bk5: 0a 0i bk6: 0a 0i bk7: 0a 0i bk8: 0a 0i bk9: 0a 0i bk10: 0a 0i bk11: 0a 0i bk12: 0a 0i bk13: 0a 0i bk14: 0a 0i bk15: 0a 0i 

------------------------------------------------------------------------

Row_Buffer_Locality = -nan
Row_Buffer_Locality_read = -nan
Row_Buffer_Locality_write = -nan
Bank_Level_Parallism = -nan
Bank_Level_Parallism_Col = -nan
Bank_Level_Parallism_Ready = -nan
write_to_read_ratio_blp_rw_average = -nan
GrpLevelPara = -nan 

BW Util details:
bwutil = -nan 
total_CMD = 0 
util_bw = 0 
Wasted_Col = 0 
Wasted_Row = 0 
Idle = 0 

BW Util Bottlenecks: 
RCDc_limit = 0 
RCDWRc_limit = 0 
WTRc_limit = 0 
RTWc_limit = 0 
CCDLc_limit = 0 
rwq = 0 
CCDLc_limit_alone = 0 
WTRc_limit_alone = 0 
RTWc_limit_alone = 0 

Commands details: 
total_CMD = 0 
n_nop = 0 
Read = 0 
Write = 0 
L2_Alloc = 0 
L2_WB = 0 
n_act = 0 
n_pre = 0 
n_ref = 0 
n_req = 0 
total_req = 0 

Dual Bus Interface Util: 
issued_total_row = 0 
issued_total_col = 0 
Row_Bus_Util =  -nan 
CoL_Bus_Util = -nan 
Either_Row_CoL_Bus_Util = -nan 
Issued_on_Two_Bus_Simul_Util = -nan 
issued_two_Eff = -nan 
queue_avg = -nan 


dram_util_bins: 0 0 0 0 0 0 0 0 0 0
dram_eff_bins: 0 0 0 0 0 0 0 0 0 0
mrqq: max=0 avg=-nan

========= L2 cache stats =========
L2_cache_bank[0]: Access = 17515, Miss = 17515, Miss_rate = 1.000, Pending_hits = 0, Reservation_fails = 0
L2_cache_bank[1]: Access = 16, Miss = 16, Miss_rate = 1.000, Pending_hits = 0, Reservation_fails = 0
L2_cache_bank[2]: Access = 17483, Miss = 17483, Miss_rate = 1.000, Pending_hits = 0, Reservation_fails = 0
L2_cache_bank[3]: Access = 12, Miss = 12, Miss_rate = 1.000, Pending_hits = 0, Reservation_fails = 0
L2_cache_bank[4]: Access = 17670, Miss = 17670, Miss_rate = 1.000, Pending_hits = 0, Reservation_fails = 0
L2_cache_bank[5]: Access = 12, Miss = 12, Miss_rate = 1.000, Pending_hits = 0, Reservation_fails = 0
L2_cache_bank[6]: Access = 17395, Miss = 17395, Miss_rate = 1.000, Pending_hits = 0, Reservation_fails = 0
L2_cache_bank[7]: Access = 16, Miss = 16, Miss_rate = 1.000, Pending_hits = 0, Reservation_fails = 0
L2_cache_bank[8]: Access = 17279, Miss = 17279, Miss_rate = 1.000, Pending_hits = 0, Reservation_fails = 0
L2_cache_bank[9]: Access = 16, Miss = 16, Miss_rate = 1.000, Pending_hits = 0, Reservation_fails = 0
L2_cache_bank[10]: Access = 17597, Miss = 17597, Miss_rate = 1.000, Pending_hits = 0, Reservation_fails = 0
L2_cache_bank[11]: Access = 16, Miss = 16, Miss_rate = 1.000, Pending_hits = 0, Reservation_fails = 0
L2_cache_bank[12]: Access = 17617, Miss = 17617, Miss_rate = 1.000, Pending_hits = 0, Reservation_fails = 0
L2_cache_bank[13]: Access = 16, Miss = 16, Miss_rate = 1.000, Pending_hits = 0, Reservation_fails = 0
L2_cache_bank[14]: Access = 17823, Miss = 17823, Miss_rate = 1.000, Pending_hits = 0, Reservation_fails = 0
L2_cache_bank[15]: Access = 16, Miss = 16, Miss_rate = 1.000, Pending_hits = 0, Reservation_fails = 0
L2_cache_bank[16]: Access = 17734, Miss = 17734, Miss_rate = 1.000, Pending_hits = 0, Reservation_fails = 0
L2_cache_bank[17]: Access = 16, Miss = 16, Miss_rate = 1.000, Pending_hits = 0, Reservation_fails = 0
L2_cache_bank[18]: Access = 17422, Miss = 17422, Miss_rate = 1.000, Pending_hits = 0, Reservation_fails = 0
L2_cache_bank[19]: Access = 16, Miss = 16, Miss_rate = 1.000, Pending_hits = 0, Reservation_fails = 0
L2_cache_bank[20]: Access = 17456, Miss = 17456, Miss_rate = 1.000, Pending_hits = 0, Reservation_fails = 0
L2_cache_bank[21]: Access = 20, Miss = 20, Miss_rate = 1.000, Pending_hits = 0, Reservation_fails = 0
L2_cache_bank[22]: Access = 17448, Miss = 17448, Miss_rate = 1.000, Pending_hits = 0, Reservation_fails = 0
L2_cache_bank[23]: Access = 20, Miss = 20, Miss_rate = 1.000, Pending_hits = 0, Reservation_fails = 0
L2_cache_bank[24]: Access = 17293, Miss = 17293, Miss_rate = 1.000, Pending_hits = 0, Reservation_fails = 0
L2_cache_bank[25]: Access = 20, Miss = 20, Miss_rate = 1.000, Pending_hits = 0, Reservation_fails = 0
L2_cache_bank[26]: Access = 17186, Miss = 17186, Miss_rate = 1.000, Pending_hits = 0, Reservation_fails = 0
L2_cache_bank[27]: Access = 20, Miss = 20, Miss_rate = 1.000, Pending_hits = 0, Reservation_fails = 0
L2_cache_bank[28]: Access = 17493, Miss = 17493, Miss_rate = 1.000, Pending_hits = 0, Reservation_fails = 0
L2_cache_bank[29]: Access = 20, Miss = 20, Miss_rate = 1.000, Pending_hits = 0, Reservation_fails = 0
L2_cache_bank[30]: Access = 17584, Miss = 17584, Miss_rate = 1.000, Pending_hits = 0, Reservation_fails = 0
L2_cache_bank[31]: Access = 16, Miss = 16, Miss_rate = 1.000, Pending_hits = 0, Reservation_fails = 0
L2_cache_bank[32]: Access = 17598, Miss = 17598, Miss_rate = 1.000, Pending_hits = 0, Reservation_fails = 0
L2_cache_bank[33]: Access = 16, Miss = 16, Miss_rate = 1.000, Pending_hits = 0, Reservation_fails = 0
L2_cache_bank[34]: Access = 17526, Miss = 17526, Miss_rate = 1.000, Pending_hits = 0, Reservation_fails = 0
L2_cache_bank[35]: Access = 12, Miss = 12, Miss_rate = 1.000, Pending_hits = 0, Reservation_fails = 0
L2_cache_bank[36]: Access = 17781, Miss = 17781, Miss_rate = 1.000, Pending_hits = 0, Reservation_fails = 0
L2_cache_bank[37]: Access = 16, Miss = 16, Miss_rate = 1.000, Pending_hits = 0, Reservation_fails = 0
L2_cache_bank[38]: Access = 17530, Miss = 17530, Miss_rate = 1.000, Pending_hits = 0, Reservation_fails = 0
L2_cache_bank[39]: Access = 12, Miss = 12, Miss_rate = 1.000, Pending_hits = 0, Reservation_fails = 0
L2_cache_bank[40]: Access = 17512, Miss = 17512, Miss_rate = 1.000, Pending_hits = 0, Reservation_fails = 0
L2_cache_bank[41]: Access = 20, Miss = 20, Miss_rate = 1.000, Pending_hits = 0, Reservation_fails = 0
L2_cache_bank[42]: Access = 17539, Miss = 17539, Miss_rate = 1.000, Pending_hits = 0, Reservation_fails = 0
L2_cache_bank[43]: Access = 20, Miss = 20, Miss_rate = 1.000, Pending_hits = 0, Reservation_fails = 0
L2_cache_bank[44]: Access = 17846, Miss = 17846, Miss_rate = 1.000, Pending_hits = 0, Reservation_fails = 0
L2_cache_bank[45]: Access = 20, Miss = 20, Miss_rate = 1.000, Pending_hits = 0, Reservation_fails = 0
L2_cache_bank[46]: Access = 17495, Miss = 17495, Miss_rate = 1.000, Pending_hits = 0, Reservation_fails = 0
L2_cache_bank[47]: Access = 20, Miss = 20, Miss_rate = 1.000, Pending_hits = 0, Reservation_fails = 0
L2_cache_bank[48]: Access = 17438, Miss = 17438, Miss_rate = 1.000, Pending_hits = 0, Reservation_fails = 0
L2_cache_bank[49]: Access = 20, Miss = 20, Miss_rate = 1.000, Pending_hits = 0, Reservation_fails = 0
L2_cache_bank[50]: Access = 17351, Miss = 17351, Miss_rate = 1.000, Pending_hits = 0, Reservation_fails = 0
L2_cache_bank[51]: Access = 16, Miss = 16, Miss_rate = 1.000, Pending_hits = 0, Reservation_fails = 0
L2_cache_bank[52]: Access = 17783, Miss = 17783, Miss_rate = 1.000, Pending_hits = 0, Reservation_fails = 0
L2_cache_bank[53]: Access = 16, Miss = 16, Miss_rate = 1.000, Pending_hits = 0, Reservation_fails = 0
L2_cache_bank[54]: Access = 17747, Miss = 17747, Miss_rate = 1.000, Pending_hits = 0, Reservation_fails = 0
L2_cache_bank[55]: Access = 16, Miss = 16, Miss_rate = 1.000, Pending_hits = 0, Reservation_fails = 0
L2_cache_bank[56]: Access = 17660, Miss = 17660, Miss_rate = 1.000, Pending_hits = 0, Reservation_fails = 0
L2_cache_bank[57]: Access = 16, Miss = 16, Miss_rate = 1.000, Pending_hits = 0, Reservation_fails = 0
L2_cache_bank[58]: Access = 17547, Miss = 17547, Miss_rate = 1.000, Pending_hits = 0, Reservation_fails = 0
L2_cache_bank[59]: Access = 16, Miss = 16, Miss_rate = 1.000, Pending_hits = 0, Reservation_fails = 0
L2_cache_bank[60]: Access = 17496, Miss = 17496, Miss_rate = 1.000, Pending_hits = 0, Reservation_fails = 0
L2_cache_bank[61]: Access = 16, Miss = 16, Miss_rate = 1.000, Pending_hits = 0, Reservation_fails = 0
L2_cache_bank[62]: Access = 17618, Miss = 17618, Miss_rate = 1.000, Pending_hits = 0, Reservation_fails = 0
L2_cache_bank[63]: Access = 16, Miss = 16, Miss_rate = 1.000, Pending_hits = 0, Reservation_fails = 0
L2_cache_bank[64]: Access = 17341, Miss = 17341, Miss_rate = 1.000, Pending_hits = 0, Reservation_fails = 0
L2_cache_bank[65]: Access = 16, Miss = 16, Miss_rate = 1.000, Pending_hits = 0, Reservation_fails = 0
L2_cache_bank[66]: Access = 17304, Miss = 17304, Miss_rate = 1.000, Pending_hits = 0, Reservation_fails = 0
L2_cache_bank[67]: Access = 16, Miss = 16, Miss_rate = 1.000, Pending_hits = 0, Reservation_fails = 0
L2_cache_bank[68]: Access = 17496, Miss = 17496, Miss_rate = 1.000, Pending_hits = 0, Reservation_fails = 0
L2_cache_bank[69]: Access = 16, Miss = 16, Miss_rate = 1.000, Pending_hits = 0, Reservation_fails = 0
L2_cache_bank[70]: Access = 17506, Miss = 17506, Miss_rate = 1.000, Pending_hits = 0, Reservation_fails = 0
L2_cache_bank[71]: Access = 20, Miss = 20, Miss_rate = 1.000, Pending_hits = 0, Reservation_fails = 0
L2_cache_bank[72]: Access = 17454, Miss = 17454, Miss_rate = 1.000, Pending_hits = 0, Reservation_fails = 0
L2_cache_bank[73]: Access = 20, Miss = 20, Miss_rate = 1.000, Pending_hits = 0, Reservation_fails = 0
L2_cache_bank[74]: Access = 17500, Miss = 17500, Miss_rate = 1.000, Pending_hits = 0, Reservation_fails = 0
L2_cache_bank[75]: Access = 16, Miss = 16, Miss_rate = 1.000, Pending_hits = 0, Reservation_fails = 0
L2_cache_bank[76]: Access = 17525, Miss = 17525, Miss_rate = 1.000, Pending_hits = 0, Reservation_fails = 0
L2_cache_bank[77]: Access = 12, Miss = 12, Miss_rate = 1.000, Pending_hits = 0, Reservation_fails = 0
L2_cache_bank[78]: Access = 17594, Miss = 17594, Miss_rate = 1.000, Pending_hits = 0, Reservation_fails = 0
L2_cache_bank[79]: Access = 16, Miss = 16, Miss_rate = 1.000, Pending_hits = 0, Reservation_fails = 0
L2_total_cache_accesses = 701850
L2_total_cache_misses = 701850
L2_total_cache_miss_rate = 1.0000
L2_total_cache_pending_hits = 0
L2_total_cache_reservation_fails = 0
L2_total_cache_breakdown:
	L2_cache_stats_breakdown[GLOBAL_ACC_R][HIT] = 0
	L2_cache_stats_breakdown[GLOBAL_ACC_R][HIT_RESERVED] = 0
	L2_cache_stats_breakdown[GLOBAL_ACC_R][MISS] = 467058
	L2_cache_stats_breakdown[GLOBAL_ACC_R][RESERVATION_FAIL] = 0
	L2_cache_stats_breakdown[GLOBAL_ACC_R][SECTOR_MISS] = 342
	L2_cache_stats_breakdown[GLOBAL_ACC_R][MSHR_HIT] = 0
	L2_cache_stats_breakdown[GLOBAL_ACC_R][WRITE_ALLOCATED] = 0
	L2_cache_stats_breakdown[CHIPLET_ACC_R][HIT] = 0
	L2_cache_stats_breakdown[CHIPLET_ACC_R][HIT_RESERVED] = 0
	L2_cache_stats_breakdown[CHIPLET_ACC_R][MISS] = 233673
	L2_cache_stats_breakdown[CHIPLET_ACC_R][RESERVATION_FAIL] = 0
	L2_cache_stats_breakdown[CHIPLET_ACC_R][SECTOR_MISS] = 321
	L2_cache_stats_breakdown[CHIPLET_ACC_R][MSHR_HIT] = 0
	L2_cache_stats_breakdown[CHIPLET_ACC_R][WRITE_ALLOCATED] = 0
	L2_cache_stats_breakdown[LOCAL_ACC_R][HIT] = 0
	L2_cache_stats_breakdown[LOCAL_ACC_R][HIT_RESERVED] = 0
	L2_cache_stats_breakdown[LOCAL_ACC_R][MISS] = 0
	L2_cache_stats_breakdown[LOCAL_ACC_R][RESERVATION_FAIL] = 0
	L2_cache_stats_breakdown[LOCAL_ACC_R][SECTOR_MISS] = 0
	L2_cache_stats_breakdown[LOCAL_ACC_R][MSHR_HIT] = 0
	L2_cache_stats_breakdown[LOCAL_ACC_R][WRITE_ALLOCATED] = 0
	L2_cache_stats_breakdown[CONST_ACC_R][HIT] = 0
	L2_cache_stats_breakdown[CONST_ACC_R][HIT_RESERVED] = 0
	L2_cache_stats_breakdown[CONST_ACC_R][MISS] = 0
	L2_cache_stats_breakdown[CONST_ACC_R][RESERVATION_FAIL] = 0
	L2_cache_stats_breakdown[CONST_ACC_R][SECTOR_MISS] = 0
	L2_cache_stats_breakdown[CONST_ACC_R][MSHR_HIT] = 0
	L2_cache_stats_breakdown[CONST_ACC_R][WRITE_ALLOCATED] = 0
	L2_cache_stats_breakdown[TEXTURE_ACC_R][HIT] = 0
	L2_cache_stats_breakdown[TEXTURE_ACC_R][HIT_RESERVED] = 0
	L2_cache_stats_breakdown[TEXTURE_ACC_R][MISS] = 0
	L2_cache_stats_breakdown[TEXTURE_ACC_R][RESERVATION_FAIL] = 0
	L2_cache_stats_breakdown[TEXTURE_ACC_R][SECTOR_MISS] = 0
	L2_cache_stats_breakdown[TEXTURE_ACC_R][MSHR_HIT] = 0
	L2_cache_stats_breakdown[TEXTURE_ACC_R][WRITE_ALLOCATED] = 0
	L2_cache_stats_breakdown[GLOBAL_ACC_W][HIT] = 0
	L2_cache_stats_breakdown[GLOBAL_ACC_W][HIT_RESERVED] = 0
	L2_cache_stats_breakdown[GLOBAL_ACC_W][MISS] = 114
	L2_cache_stats_breakdown[GLOBAL_ACC_W][RESERVATION_FAIL] = 0
	L2_cache_stats_breakdown[GLOBAL_ACC_W][SECTOR_MISS] = 342
	L2_cache_stats_breakdown[GLOBAL_ACC_W][MSHR_HIT] = 0
	L2_cache_stats_breakdown[GLOBAL_ACC_W][WRITE_ALLOCATED] = 456
	L2_cache_stats_breakdown[CHIPLET_ACC_W][HIT] = 0
	L2_cache_stats_breakdown[CHIPLET_ACC_W][HIT_RESERVED] = 0
	L2_cache_stats_breakdown[CHIPLET_ACC_W][MISS] = 0
	L2_cache_stats_breakdown[CHIPLET_ACC_W][RESERVATION_FAIL] = 0
	L2_cache_stats_breakdown[CHIPLET_ACC_W][SECTOR_MISS] = 0
	L2_cache_stats_breakdown[CHIPLET_ACC_W][MSHR_HIT] = 0
	L2_cache_stats_breakdown[CHIPLET_ACC_W][WRITE_ALLOCATED] = 0
	L2_cache_stats_breakdown[LOCAL_ACC_W][HIT] = 0
	L2_cache_stats_breakdown[LOCAL_ACC_W][HIT_RESERVED] = 0
	L2_cache_stats_breakdown[LOCAL_ACC_W][MISS] = 0
	L2_cache_stats_breakdown[LOCAL_ACC_W][RESERVATION_FAIL] = 0
	L2_cache_stats_breakdown[LOCAL_ACC_W][SECTOR_MISS] = 0
	L2_cache_stats_breakdown[LOCAL_ACC_W][MSHR_HIT] = 0
	L2_cache_stats_breakdown[LOCAL_ACC_W][WRITE_ALLOCATED] = 0
	L2_cache_stats_breakdown[L1_WRBK_ACC][HIT] = 0
	L2_cache_stats_breakdown[L1_WRBK_ACC][HIT_RESERVED] = 0
	L2_cache_stats_breakdown[L1_WRBK_ACC][MISS] = 0
	L2_cache_stats_breakdown[L1_WRBK_ACC][RESERVATION_FAIL] = 0
	L2_cache_stats_breakdown[L1_WRBK_ACC][SECTOR_MISS] = 0
	L2_cache_stats_breakdown[L1_WRBK_ACC][MSHR_HIT] = 0
	L2_cache_stats_breakdown[L1_WRBK_ACC][WRITE_ALLOCATED] = 0
	L2_cache_stats_breakdown[L2_WRBK_ACC][HIT] = 0
	L2_cache_stats_breakdown[L2_WRBK_ACC][HIT_RESERVED] = 0
	L2_cache_stats_breakdown[L2_WRBK_ACC][MISS] = 0
	L2_cache_stats_breakdown[L2_WRBK_ACC][RESERVATION_FAIL] = 0
	L2_cache_stats_breakdown[L2_WRBK_ACC][SECTOR_MISS] = 0
	L2_cache_stats_breakdown[L2_WRBK_ACC][MSHR_HIT] = 0
	L2_cache_stats_breakdown[L2_WRBK_ACC][WRITE_ALLOCATED] = 0
	L2_cache_stats_breakdown[INST_ACC_R][HIT] = 0
	L2_cache_stats_breakdown[INST_ACC_R][HIT_RESERVED] = 0
	L2_cache_stats_breakdown[INST_ACC_R][MISS] = 0
	L2_cache_stats_breakdown[INST_ACC_R][RESERVATION_FAIL] = 0
	L2_cache_stats_breakdown[INST_ACC_R][SECTOR_MISS] = 0
	L2_cache_stats_breakdown[INST_ACC_R][MSHR_HIT] = 0
	L2_cache_stats_breakdown[INST_ACC_R][WRITE_ALLOCATED] = 0
	L2_cache_stats_breakdown[L1_WR_ALLOC_R][HIT] = 0
	L2_cache_stats_breakdown[L1_WR_ALLOC_R][HIT_RESERVED] = 0
	L2_cache_stats_breakdown[L1_WR_ALLOC_R][MISS] = 0
	L2_cache_stats_breakdown[L1_WR_ALLOC_R][RESERVATION_FAIL] = 0
	L2_cache_stats_breakdown[L1_WR_ALLOC_R][SECTOR_MISS] = 0
	L2_cache_stats_breakdown[L1_WR_ALLOC_R][MSHR_HIT] = 0
	L2_cache_stats_breakdown[L1_WR_ALLOC_R][WRITE_ALLOCATED] = 0
	L2_cache_stats_breakdown[L2_WR_ALLOC_R][HIT] = 0
	L2_cache_stats_breakdown[L2_WR_ALLOC_R][HIT_RESERVED] = 0
	L2_cache_stats_breakdown[L2_WR_ALLOC_R][MISS] = 0
	L2_cache_stats_breakdown[L2_WR_ALLOC_R][RESERVATION_FAIL] = 0
	L2_cache_stats_breakdown[L2_WR_ALLOC_R][SECTOR_MISS] = 0
	L2_cache_stats_breakdown[L2_WR_ALLOC_R][MSHR_HIT] = 0
	L2_cache_stats_breakdown[L2_WR_ALLOC_R][WRITE_ALLOCATED] = 0
	L2_cache_stats_breakdown[GLOBAL_ACC_R][TOTAL_ACCESS] = 467400
	L2_cache_stats_breakdown[CHIPLET_ACC_R][TOTAL_ACCESS] = 233994
	L2_cache_stats_breakdown[GLOBAL_ACC_W][TOTAL_ACCESS] = 456
L2_total_cache_reservation_fail_breakdown:
L2_cache_data_port_util = 0.000
L2_cache_fill_port_util = 0.044

icnt_total_pkts_mem_to_simt=935256
icnt_total_pkts_simt_to_mem=468312
LD_mem_lat_dist  0 0 0 0 0 0 0 0 0 0 0 0 0 0 0 0 0 0 0 0 0 0 0 0 0 0 0
ST_mem_lat_dist  0 0 0 0 0 0 0 0 0 0 0 0 0 0 0 0 0 0 0 0 0 0 0 0 0 0 0
----------------------------Interconnect-DETAILS--------------------------------
Class 0:
Packet latency average = 6.79987
	minimum = 4
	maximum = 90
Network latency average = 4.5319
	minimum = 4
	maximum = 78
Slowest packet = 56
Flit latency average = 4.5319
	minimum = 4
	maximum = 78
Slowest flit = 3030
Fragmentation average = 0
	minimum = 0
	maximum = 0
Injected packet rate average = 0.0240763
	minimum = 3.99337e-05 (at node 117)
	maximum = 0.0593515 (at node 150)
Accepted packet rate average = 0.0240763
	minimum = 3.99337e-05 (at node 117)
	maximum = 0.0593515 (at node 150)
Injected flit rate average = 0.0240763
	minimum = 3.99337e-05 (at node 117)
	maximum = 0.0593515 (at node 150)
Accepted flit rate average= 0.0240763
	minimum = 3.99337e-05 (at node 117)
	maximum = 0.0593515 (at node 150)
Injected packet length average = 1
Accepted packet length average = 1
Total in-flight flits = 0 (0 measured)
====== Overall Traffic Statistics ======
====== Traffic class 0 ======
Packet latency average = 6.79987 (1 samples)
	minimum = 4 (1 samples)
	maximum = 90 (1 samples)
Network latency average = 4.5319 (1 samples)
	minimum = 4 (1 samples)
	maximum = 78 (1 samples)
Flit latency average = 4.5319 (1 samples)
	minimum = 4 (1 samples)
	maximum = 78 (1 samples)
Fragmentation average = 0 (1 samples)
	minimum = 0 (1 samples)
	maximum = 0 (1 samples)
Injected packet rate average = 0.0240763 (1 samples)
	minimum = 3.99337e-05 (1 samples)
	maximum = 0.0593515 (1 samples)
Accepted packet rate average = 0.0240763 (1 samples)
	minimum = 3.99337e-05 (1 samples)
	maximum = 0.0593515 (1 samples)
Injected flit rate average = 0.0240763 (1 samples)
	minimum = 3.99337e-05 (1 samples)
	maximum = 0.0593515 (1 samples)
Accepted flit rate average = 0.0240763 (1 samples)
	minimum = 3.99337e-05 (1 samples)
	maximum = 0.0593515 (1 samples)
Injected packet size average = 1 (1 samples)
Accepted packet size average = 1 (1 samples)
Hops average = 1 (1 samples)
----------------------------END-of-Interconnect-DETAILS-------------------------


gpgpu_simulation_time = 0 days, 0 hrs, 1 min, 40 sec (100 sec)
gpgpu_simulation_rate = 12038 (inst/sec)
gpgpu_simulation_rate = 1001 (cycle/sec)
gpgpu_silicon_slowdown = 1753246x
Processing kernel /localhome/tsousape/cam_with_gpu/traces/lanes_w2_l16/traces/kernel-2-ctx_0x563f2c0f46a0.tracez
-kernel name = _Z11chase_lanesPKjS0_iiPj
-kernel id = 2
-grid dim = (114,1,1)
-block dim = (64,1,1)
-shmem = 0
-nregs = 22
-binary version = 90
-cuda stream id = 0
-shmem base_addr = 0x00007fe900000000
-local mem base_addr = 0x00007fe8f1000000
-nvbit version = 1.8
-accelsim tracer version = 6
-enable lineinfo = 0
Header info loaded for kernel command : /localhome/tsousape/cam_with_gpu/traces/lanes_w2_l16/traces/kernel-2-ctx_0x563f2c0f46a0.tracez
launching kernel name: _Z11chase_lanesPKjS0_iiPj uid: 2 cuda_stream_id: 0
GPGPU-Sim uArch: Shader 0 bind to kernel 2 '_Z11chase_lanesPKjS0_iiPj'
GPGPU-Sim: Reconfigure L1 cache to 256KB
thread block = 0,0,0
GPGPU-Sim uArch: Shader 1 bind to kernel 2 '_Z11chase_lanesPKjS0_iiPj'
thread block = 1,0,0
GPGPU-Sim uArch: Shader 2 bind to kernel 2 '_Z11chase_lanesPKjS0_iiPj'
thread block = 2,0,0
GPGPU-Sim uArch: Shader 3 bind to kernel 2 '_Z11chase_lanesPKjS0_iiPj'
thread block = 3,0,0
GPGPU-Sim uArch: Shader 4 bind to kernel 2 '_Z11chase_lanesPKjS0_iiPj'
thread block = 4,0,0
GPGPU-Sim uArch: Shader 5 bind to kernel 2 '_Z11chase_lanesPKjS0_iiPj'
thread block = 5,0,0
GPGPU-Sim uArch: Shader 6 bind to kernel 2 '_Z11chase_lanesPKjS0_iiPj'
thread block = 6,0,0
GPGPU-Sim uArch: Shader 7 bind to kernel 2 '_Z11chase_lanesPKjS0_iiPj'
thread block = 7,0,0
GPGPU-Sim uArch: Shader 8 bind to kernel 2 '_Z11chase_lanesPKjS0_iiPj'
thread block = 8,0,0
GPGPU-Sim uArch: Shader 9 bind to kernel 2 '_Z11chase_lanesPKjS0_iiPj'
thread block = 9,0,0
GPGPU-Sim uArch: Shader 10 bind to kernel 2 '_Z11chase_lanesPKjS0_iiPj'
thread block = 10,0,0
GPGPU-Sim uArch: Shader 11 bind to kernel 2 '_Z11chase_lanesPKjS0_iiPj'
thread block = 11,0,0
GPGPU-Sim uArch: Shader 12 bind to kernel 2 '_Z11chase_lanesPKjS0_iiPj'
thread block = 12,0,0
GPGPU-Sim uArch: Shader 13 bind to kernel 2 '_Z11chase_lanesPKjS0_iiPj'
thread block = 13,0,0
GPGPU-Sim uArch: Shader 14 bind to kernel 2 '_Z11chase_lanesPKjS0_iiPj'
thread block = 14,0,0
GPGPU-Sim uArch: Shader 15 bind to kernel 2 '_Z11chase_lanesPKjS0_iiPj'
thread block = 15,0,0
GPGPU-Sim uArch: Shader 16 bind to kernel 2 '_Z11chase_lanesPKjS0_iiPj'
thread block = 16,0,0
GPGPU-Sim uArch: Shader 17 bind to kernel 2 '_Z11chase_lanesPKjS0_iiPj'
thread block = 17,0,0
GPGPU-Sim uArch: Shader 18 bind to kernel 2 '_Z11chase_lanesPKjS0_iiPj'
thread block = 18,0,0
GPGPU-Sim uArch: Shader 19 bind to kernel 2 '_Z11chase_lanesPKjS0_iiPj'
thread block = 19,0,0
GPGPU-Sim uArch: Shader 20 bind to kernel 2 '_Z11chase_lanesPKjS0_iiPj'
thread block = 20,0,0
GPGPU-Sim uArch: Shader 21 bind to kernel 2 '_Z11chase_lanesPKjS0_iiPj'
thread block = 21,0,0
GPGPU-Sim uArch: Shader 22 bind to kernel 2 '_Z11chase_lanesPKjS0_iiPj'
thread block = 22,0,0
GPGPU-Sim uArch: Shader 23 bind to kernel 2 '_Z11chase_lanesPKjS0_iiPj'
thread block = 23,0,0
GPGPU-Sim uArch: Shader 24 bind to kernel 2 '_Z11chase_lanesPKjS0_iiPj'
thread block = 24,0,0
GPGPU-Sim uArch: Shader 25 bind to kernel 2 '_Z11chase_lanesPKjS0_iiPj'
thread block = 25,0,0
GPGPU-Sim uArch: Shader 26 bind to kernel 2 '_Z11chase_lanesPKjS0_iiPj'
thread block = 26,0,0
GPGPU-Sim uArch: Shader 27 bind to kernel 2 '_Z11chase_lanesPKjS0_iiPj'
thread block = 27,0,0
GPGPU-Sim uArch: Shader 28 bind to kernel 2 '_Z11chase_lanesPKjS0_iiPj'
thread block = 28,0,0
GPGPU-Sim uArch: Shader 29 bind to kernel 2 '_Z11chase_lanesPKjS0_iiPj'
thread block = 29,0,0
GPGPU-Sim uArch: Shader 30 bind to kernel 2 '_Z11chase_lanesPKjS0_iiPj'
thread block = 30,0,0
GPGPU-Sim uArch: Shader 31 bind to kernel 2 '_Z11chase_lanesPKjS0_iiPj'
thread block = 31,0,0
GPGPU-Sim uArch: Shader 32 bind to kernel 2 '_Z11chase_lanesPKjS0_iiPj'
thread block = 32,0,0
GPGPU-Sim uArch: Shader 33 bind to kernel 2 '_Z11chase_lanesPKjS0_iiPj'
thread block = 33,0,0
GPGPU-Sim uArch: Shader 34 bind to kernel 2 '_Z11chase_lanesPKjS0_iiPj'
thread block = 34,0,0
GPGPU-Sim uArch: Shader 35 bind to kernel 2 '_Z11chase_lanesPKjS0_iiPj'
thread block = 35,0,0
GPGPU-Sim uArch: Shader 36 bind to kernel 2 '_Z11chase_lanesPKjS0_iiPj'
thread block = 36,0,0
GPGPU-Sim uArch: Shader 37 bind to kernel 2 '_Z11chase_lanesPKjS0_iiPj'
thread block = 37,0,0
GPGPU-Sim uArch: Shader 38 bind to kernel 2 '_Z11chase_lanesPKjS0_iiPj'
thread block = 38,0,0
GPGPU-Sim uArch: Shader 39 bind to kernel 2 '_Z11chase_lanesPKjS0_iiPj'
thread block = 39,0,0
GPGPU-Sim uArch: Shader 40 bind to kernel 2 '_Z11chase_lanesPKjS0_iiPj'
thread block = 40,0,0
GPGPU-Sim uArch: Shader 41 bind to kernel 2 '_Z11chase_lanesPKjS0_iiPj'
thread block = 41,0,0
GPGPU-Sim uArch: Shader 42 bind to kernel 2 '_Z11chase_lanesPKjS0_iiPj'
thread block = 42,0,0
GPGPU-Sim uArch: Shader 43 bind to kernel 2 '_Z11chase_lanesPKjS0_iiPj'
thread block = 43,0,0
GPGPU-Sim uArch: Shader 44 bind to kernel 2 '_Z11chase_lanesPKjS0_iiPj'
thread block = 44,0,0
GPGPU-Sim uArch: Shader 45 bind to kernel 2 '_Z11chase_lanesPKjS0_iiPj'
thread block = 45,0,0
GPGPU-Sim uArch: Shader 46 bind to kernel 2 '_Z11chase_lanesPKjS0_iiPj'
thread block = 46,0,0
GPGPU-Sim uArch: Shader 47 bind to kernel 2 '_Z11chase_lanesPKjS0_iiPj'
thread block = 47,0,0
GPGPU-Sim uArch: Shader 48 bind to kernel 2 '_Z11chase_lanesPKjS0_iiPj'
thread block = 48,0,0
GPGPU-Sim uArch: Shader 49 bind to kernel 2 '_Z11chase_lanesPKjS0_iiPj'
thread block = 49,0,0
GPGPU-Sim uArch: Shader 50 bind to kernel 2 '_Z11chase_lanesPKjS0_iiPj'
thread block = 50,0,0
GPGPU-Sim uArch: Shader 51 bind to kernel 2 '_Z11chase_lanesPKjS0_iiPj'
thread block = 51,0,0
GPGPU-Sim uArch: Shader 52 bind to kernel 2 '_Z11chase_lanesPKjS0_iiPj'
thread block = 52,0,0
GPGPU-Sim uArch: Shader 53 bind to kernel 2 '_Z11chase_lanesPKjS0_iiPj'
thread block = 53,0,0
GPGPU-Sim uArch: Shader 54 bind to kernel 2 '_Z11chase_lanesPKjS0_iiPj'
thread block = 54,0,0
GPGPU-Sim uArch: Shader 55 bind to kernel 2 '_Z11chase_lanesPKjS0_iiPj'
thread block = 55,0,0
GPGPU-Sim uArch: Shader 56 bind to kernel 2 '_Z11chase_lanesPKjS0_iiPj'
thread block = 56,0,0
GPGPU-Sim uArch: Shader 57 bind to kernel 2 '_Z11chase_lanesPKjS0_iiPj'
thread block = 57,0,0
GPGPU-Sim uArch: Shader 58 bind to kernel 2 '_Z11chase_lanesPKjS0_iiPj'
thread block = 58,0,0
GPGPU-Sim uArch: Shader 59 bind to kernel 2 '_Z11chase_lanesPKjS0_iiPj'
thread block = 59,0,0
GPGPU-Sim uArch: Shader 60 bind to kernel 2 '_Z11chase_lanesPKjS0_iiPj'
thread block = 60,0,0
GPGPU-Sim uArch: Shader 61 bind to kernel 2 '_Z11chase_lanesPKjS0_iiPj'
thread block = 61,0,0
GPGPU-Sim uArch: Shader 62 bind to kernel 2 '_Z11chase_lanesPKjS0_iiPj'
thread block = 62,0,0
GPGPU-Sim uArch: Shader 63 bind to kernel 2 '_Z11chase_lanesPKjS0_iiPj'
thread block = 63,0,0
GPGPU-Sim uArch: Shader 64 bind to kernel 2 '_Z11chase_lanesPKjS0_iiPj'
thread block = 64,0,0
GPGPU-Sim uArch: Shader 65 bind to kernel 2 '_Z11chase_lanesPKjS0_iiPj'
thread block = 65,0,0
GPGPU-Sim uArch: Shader 66 bind to kernel 2 '_Z11chase_lanesPKjS0_iiPj'
thread block = 66,0,0
GPGPU-Sim uArch: Shader 67 bind to kernel 2 '_Z11chase_lanesPKjS0_iiPj'
thread block = 67,0,0
GPGPU-Sim uArch: Shader 68 bind to kernel 2 '_Z11chase_lanesPKjS0_iiPj'
thread block = 68,0,0
GPGPU-Sim uArch: Shader 69 bind to kernel 2 '_Z11chase_lanesPKjS0_iiPj'
thread block = 69,0,0
GPGPU-Sim uArch: Shader 70 bind to kernel 2 '_Z11chase_lanesPKjS0_iiPj'
thread block = 70,0,0
GPGPU-Sim uArch: Shader 71 bind to kernel 2 '_Z11chase_lanesPKjS0_iiPj'
thread block = 71,0,0
GPGPU-Sim uArch: Shader 72 bind to kernel 2 '_Z11chase_lanesPKjS0_iiPj'
thread block = 72,0,0
GPGPU-Sim uArch: Shader 73 bind to kernel 2 '_Z11chase_lanesPKjS0_iiPj'
thread block = 73,0,0
GPGPU-Sim uArch: Shader 74 bind to kernel 2 '_Z11chase_lanesPKjS0_iiPj'
thread block = 74,0,0
GPGPU-Sim uArch: Shader 75 bind to kernel 2 '_Z11chase_lanesPKjS0_iiPj'
thread block = 75,0,0
GPGPU-Sim uArch: Shader 76 bind to kernel 2 '_Z11chase_lanesPKjS0_iiPj'
thread block = 76,0,0
GPGPU-Sim uArch: Shader 77 bind to kernel 2 '_Z11chase_lanesPKjS0_iiPj'
thread block = 77,0,0
GPGPU-Sim uArch: Shader 78 bind to kernel 2 '_Z11chase_lanesPKjS0_iiPj'
thread block = 78,0,0
GPGPU-Sim uArch: Shader 79 bind to kernel 2 '_Z11chase_lanesPKjS0_iiPj'
thread block = 79,0,0
GPGPU-Sim uArch: Shader 80 bind to kernel 2 '_Z11chase_lanesPKjS0_iiPj'
thread block = 80,0,0
GPGPU-Sim uArch: Shader 81 bind to kernel 2 '_Z11chase_lanesPKjS0_iiPj'
thread block = 81,0,0
GPGPU-Sim uArch: Shader 82 bind to kernel 2 '_Z11chase_lanesPKjS0_iiPj'
thread block = 82,0,0
GPGPU-Sim uArch: Shader 83 bind to kernel 2 '_Z11chase_lanesPKjS0_iiPj'
thread block = 83,0,0
GPGPU-Sim uArch: Shader 84 bind to kernel 2 '_Z11chase_lanesPKjS0_iiPj'
thread block = 84,0,0
GPGPU-Sim uArch: Shader 85 bind to kernel 2 '_Z11chase_lanesPKjS0_iiPj'
thread block = 85,0,0
GPGPU-Sim uArch: Shader 86 bind to kernel 2 '_Z11chase_lanesPKjS0_iiPj'
thread block = 86,0,0
GPGPU-Sim uArch: Shader 87 bind to kernel 2 '_Z11chase_lanesPKjS0_iiPj'
thread block = 87,0,0
GPGPU-Sim uArch: Shader 88 bind to kernel 2 '_Z11chase_lanesPKjS0_iiPj'
thread block = 88,0,0
GPGPU-Sim uArch: Shader 89 bind to kernel 2 '_Z11chase_lanesPKjS0_iiPj'
thread block = 89,0,0
GPGPU-Sim uArch: Shader 90 bind to kernel 2 '_Z11chase_lanesPKjS0_iiPj'
thread block = 90,0,0
GPGPU-Sim uArch: Shader 91 bind to kernel 2 '_Z11chase_lanesPKjS0_iiPj'
thread block = 91,0,0
GPGPU-Sim uArch: Shader 92 bind to kernel 2 '_Z11chase_lanesPKjS0_iiPj'
thread block = 92,0,0
GPGPU-Sim uArch: Shader 93 bind to kernel 2 '_Z11chase_lanesPKjS0_iiPj'
thread block = 93,0,0
GPGPU-Sim uArch: Shader 94 bind to kernel 2 '_Z11chase_lanesPKjS0_iiPj'
thread block = 94,0,0
GPGPU-Sim uArch: Shader 95 bind to kernel 2 '_Z11chase_lanesPKjS0_iiPj'
thread block = 95,0,0
GPGPU-Sim uArch: Shader 96 bind to kernel 2 '_Z11chase_lanesPKjS0_iiPj'
thread block = 96,0,0
GPGPU-Sim uArch: Shader 97 bind to kernel 2 '_Z11chase_lanesPKjS0_iiPj'
thread block = 97,0,0
GPGPU-Sim uArch: Shader 98 bind to kernel 2 '_Z11chase_lanesPKjS0_iiPj'
thread block = 98,0,0
GPGPU-Sim uArch: Shader 99 bind to kernel 2 '_Z11chase_lanesPKjS0_iiPj'
thread block = 99,0,0
GPGPU-Sim uArch: Shader 100 bind to kernel 2 '_Z11chase_lanesPKjS0_iiPj'
thread block = 100,0,0
GPGPU-Sim uArch: Shader 101 bind to kernel 2 '_Z11chase_lanesPKjS0_iiPj'
thread block = 101,0,0
GPGPU-Sim uArch: Shader 102 bind to kernel 2 '_Z11chase_lanesPKjS0_iiPj'
thread block = 102,0,0
GPGPU-Sim uArch: Shader 103 bind to kernel 2 '_Z11chase_lanesPKjS0_iiPj'
thread block = 103,0,0
GPGPU-Sim uArch: Shader 104 bind to kernel 2 '_Z11chase_lanesPKjS0_iiPj'
thread block = 104,0,0
GPGPU-Sim uArch: Shader 105 bind to kernel 2 '_Z11chase_lanesPKjS0_iiPj'
thread block = 105,0,0
GPGPU-Sim uArch: Shader 106 bind to kernel 2 '_Z11chase_lanesPKjS0_iiPj'
thread block = 106,0,0
GPGPU-Sim uArch: Shader 107 bind to kernel 2 '_Z11chase_lanesPKjS0_iiPj'
thread block = 107,0,0
GPGPU-Sim uArch: Shader 108 bind to kernel 2 '_Z11chase_lanesPKjS0_iiPj'
thread block = 108,0,0
GPGPU-Sim uArch: Shader 109 bind to kernel 2 '_Z11chase_lanesPKjS0_iiPj'
thread block = 109,0,0
GPGPU-Sim uArch: Shader 110 bind to kernel 2 '_Z11chase_lanesPKjS0_iiPj'
thread block = 110,0,0
GPGPU-Sim uArch: Shader 111 bind to kernel 2 '_Z11chase_lanesPKjS0_iiPj'
thread block = 111,0,0
GPGPU-Sim uArch: Shader 112 bind to kernel 2 '_Z11chase_lanesPKjS0_iiPj'
thread block = 112,0,0
GPGPU-Sim uArch: Shader 113 bind to kernel 2 '_Z11chase_lanesPKjS0_iiPj'
thread block = 113,0,0
Destroy streams for kernel 2: size 0
kernel_name = _Z11chase_lanesPKjS0_iiPj 
kernel_launch_uid = 2 
kernel_stream_id = 0
gpu_sim_cycle = 387680
gpu_sim_insn = 4355712
gpu_ipc =      11.2353
gpu_tot_sim_cycle = 487847
gpu_tot_sim_insn = 5559552
gpu_tot_ipc =      11.3961
gpu_tot_issued_cta = 228
gpu_occupancy = 3.1248% 
gpu_tot_occupancy = 3.1247% 
max_total_param_size = 0
gpu_stall_dramfull = 0
gpu_stall_icnt2sh    = 0
partiton_level_parallism =       4.8202
partiton_level_parallism_total  =       4.7895
partiton_level_parallism_util =       6.4979
partiton_level_parallism_util_total  =       7.1144
L2_BW  =     270.7014 GB/Sec
L2_BW_total  =     268.9784 GB/Sec
gpu_total_sim_rate=11803

========= Core cache stats =========
L1I_cache:
	L1I_total_cache_accesses = 0
	L1I_total_cache_misses = 0
	L1I_total_cache_pending_hits = 0
	L1I_total_cache_reservation_fails = 0
L1D_cache:
	L1D_cache_core[0]: Access = 16, Miss = 16, Miss_rate = 1.000, Pending_hits = 0, Reservation_fails = 0
	L1D_cache_core[1]: Access = 16, Miss = 16, Miss_rate = 1.000, Pending_hits = 0, Reservation_fails = 0
	L1D_cache_core[2]: Access = 16, Miss = 16, Miss_rate = 1.000, Pending_hits = 0, Reservation_fails = 0
	L1D_cache_core[3]: Access = 16, Miss = 16, Miss_rate = 1.000, Pending_hits = 0, Reservation_fails = 0
	L1D_cache_core[4]: Access = 16, Miss = 16, Miss_rate = 1.000, Pending_hits = 0, Reservation_fails = 0
	L1D_cache_core[5]: Access = 16, Miss = 16, Miss_rate = 1.000, Pending_hits = 0, Reservation_fails = 0
	L1D_cache_core[6]: Access = 16, Miss = 16, Miss_rate = 1.000, Pending_hits = 0, Reservation_fails = 0
	L1D_cache_core[7]: Access = 16, Miss = 16, Miss_rate = 1.000, Pending_hits = 0, Reservation_fails = 0
	L1D_cache_core[8]: Access = 16, Miss = 16, Miss_rate = 1.000, Pending_hits = 0, Reservation_fails = 0
	L1D_cache_core[9]: Access = 16, Miss = 16, Miss_rate = 1.000, Pending_hits = 0, Reservation_fails = 0
	L1D_cache_core[10]: Access = 16, Miss = 16, Miss_rate = 1.000, Pending_hits = 0, Reservation_fails = 0
	L1D_cache_core[11]: Access = 16, Miss = 16, Miss_rate = 1.000, Pending_hits = 0, Reservation_fails = 0
	L1D_cache_core[12]: Access = 16, Miss = 16, Miss_rate = 1.000, Pending_hits = 0, Reservation_fails = 0
	L1D_cache_core[13]: Access = 16, Miss = 16, Miss_rate = 1.000, Pending_hits = 0, Reservation_fails = 0
	L1D_cache_core[14]: Access = 16, Miss = 16, Miss_rate = 1.000, Pending_hits = 0, Reservation_fails = 0
	L1D_cache_core[15]: Access = 16, Miss = 16, Miss_rate = 1.000, Pending_hits = 0, Reservation_fails = 0
	L1D_cache_core[16]: Access = 16, Miss = 16, Miss_rate = 1.000, Pending_hits = 0, Reservation_fails = 0
	L1D_cache_core[17]: Access = 16, Miss = 16, Miss_rate = 1.000, Pending_hits = 0, Reservation_fails = 0
	L1D_cache_core[18]: Access = 16, Miss = 16, Miss_rate = 1.000, Pending_hits = 0, Reservation_fails = 0
	L1D_cache_core[19]: Access = 16, Miss = 16, Miss_rate = 1.000, Pending_hits = 0, Reservation_fails = 0
	L1D_cache_core[20]: Access = 16, Miss = 16, Miss_rate = 1.000, Pending_hits = 0, Reservation_fails = 0
	L1D_cache_core[21]: Access = 16, Miss = 16, Miss_rate = 1.000, Pending_hits = 0, Reservation_fails = 0
	L1D_cache_core[22]: Access = 16, Miss = 16, Miss_rate = 1.000, Pending_hits = 0, Reservation_fails = 0
	L1D_cache_core[23]: Access = 16, Miss = 16, Miss_rate = 1.000, Pending_hits = 0, Reservation_fails = 0
	L1D_cache_core[24]: Access = 16, Miss = 16, Miss_rate = 1.000, Pending_hits = 0, Reservation_fails = 0
	L1D_cache_core[25]: Access = 16, Miss = 16, Miss_rate = 1.000, Pending_hits = 0, Reservation_fails = 0
	L1D_cache_core[26]: Access = 16, Miss = 16, Miss_rate = 1.000, Pending_hits = 0, Reservation_fails = 0
	L1D_cache_core[27]: Access = 16, Miss = 16, Miss_rate = 1.000, Pending_hits = 0, Reservation_fails = 0
	L1D_cache_core[28]: Access = 16, Miss = 16, Miss_rate = 1.000, Pending_hits = 0, Reservation_fails = 0
	L1D_cache_core[29]: Access = 16, Miss = 16, Miss_rate = 1.000, Pending_hits = 0, Reservation_fails = 0
	L1D_cache_core[30]: Access = 16, Miss = 16, Miss_rate = 1.000, Pending_hits = 0, Reservation_fails = 0
	L1D_cache_core[31]: Access = 16, Miss = 16, Miss_rate = 1.000, Pending_hits = 0, Reservation_fails = 0
	L1D_cache_core[32]: Access = 16, Miss = 16, Miss_rate = 1.000, Pending_hits = 0, Reservation_fails = 0
	L1D_cache_core[33]: Access = 16, Miss = 16, Miss_rate = 1.000, Pending_hits = 0, Reservation_fails = 0
	L1D_cache_core[34]: Access = 16, Miss = 16, Miss_rate = 1.000, Pending_hits = 0, Reservation_fails = 0
	L1D_cache_core[35]: Access = 16, Miss = 16, Miss_rate = 1.000, Pending_hits = 0, Reservation_fails = 0
	L1D_cache_core[36]: Access = 16, Miss = 16, Miss_rate = 1.000, Pending_hits = 0, Reservation_fails = 0
	L1D_cache_core[37]: Access = 16, Miss = 16, Miss_rate = 1.000, Pending_hits = 0, Reservation_fails = 0
	L1D_cache_core[38]: Access = 16, Miss = 16, Miss_rate = 1.000, Pending_hits = 0, Reservation_fails = 0
	L1D_cache_core[39]: Access = 16, Miss = 16, Miss_rate = 1.000, Pending_hits = 0, Reservation_fails = 0
	L1D_cache_core[40]: Access = 16, Miss = 16, Miss_rate = 1.000, Pending_hits = 0, Reservation_fails = 0
	L1D_cache_core[41]: Access = 16, Miss = 16, Miss_rate = 1.000, Pending_hits = 0, Reservation_fails = 0
	L1D_cache_core[42]: Access = 16, Miss = 16, Miss_rate = 1.000, Pending_hits = 0, Reservation_fails = 0
	L1D_cache_core[43]: Access = 16, Miss = 16, Miss_rate = 1.000, Pending_hits = 0, Reservation_fails = 0
	L1D_cache_core[44]: Access = 16, Miss = 16, Miss_rate = 1.000, Pending_hits = 0, Reservation_fails = 0
	L1D_cache_core[45]: Access = 16, Miss = 16, Miss_rate = 1.000, Pending_hits = 0, Reservation_fails = 0
	L1D_cache_core[46]: Access = 16, Miss = 16, Miss_rate = 1.000, Pending_hits = 0, Reservation_fails = 0
	L1D_cache_core[47]: Access = 16, Miss = 16, Miss_rate = 1.000, Pending_hits = 0, Reservation_fails = 0
	L1D_cache_core[48]: Access = 16, Miss = 16, Miss_rate = 1.000, Pending_hits = 0, Reservation_fails = 0
	L1D_cache_core[49]: Access = 16, Miss = 16, Miss_rate = 1.000, Pending_hits = 0, Reservation_fails = 0
	L1D_cache_core[50]: Access = 16, Miss = 16, Miss_rate = 1.000, Pending_hits = 0, Reservation_fails = 0
	L1D_cache_core[51]: Access = 16, Miss = 16, Miss_rate = 1.000, Pending_hits = 0, Reservation_fails = 0
	L1D_cache_core[52]: Access = 16, Miss = 16, Miss_rate = 1.000, Pending_hits = 0, Reservation_fails = 0
	L1D_cache_core[53]: Access = 16, Miss = 16, Miss_rate = 1.000, Pending_hits = 0, Reservation_fails = 0
	L1D_cache_core[54]: Access = 16, Miss = 16, Miss_rate = 1.000, Pending_hits = 0, Reservation_fails = 0
	L1D_cache_core[55]: Access = 16, Miss = 16, Miss_rate = 1.000, Pending_hits = 0, Reservation_fails = 0
	L1D_cache_core[56]: Access = 16, Miss = 16, Miss_rate = 1.000, Pending_hits = 0, Reservation_fails = 0
	L1D_cache_core[57]: Access = 16, Miss = 16, Miss_rate = 1.000, Pending_hits = 0, Reservation_fails = 0
	L1D_cache_core[58]: Access = 16, Miss = 16, Miss_rate = 1.000, Pending_hits = 0, Reservation_fails = 0
	L1D_cache_core[59]: Access = 16, Miss = 16, Miss_rate = 1.000, Pending_hits = 0, Reservation_fails = 0
	L1D_cache_core[60]: Access = 16, Miss = 16, Miss_rate = 1.000, Pending_hits = 0, Reservation_fails = 0
	L1D_cache_core[61]: Access = 16, Miss = 16, Miss_rate = 1.000, Pending_hits = 0, Reservation_fails = 0
	L1D_cache_core[62]: Access = 16, Miss = 16, Miss_rate = 1.000, Pending_hits = 0, Reservation_fails = 0
	L1D_cache_core[63]: Access = 16, Miss = 16, Miss_rate = 1.000, Pending_hits = 0, Reservation_fails = 0
	L1D_cache_core[64]: Access = 16, Miss = 16, Miss_rate = 1.000, Pending_hits = 0, Reservation_fails = 0
	L1D_cache_core[65]: Access = 16, Miss = 16, Miss_rate = 1.000, Pending_hits = 0, Reservation_fails = 0
	L1D_cache_core[66]: Access = 16, Miss = 16, Miss_rate = 1.000, Pending_hits = 0, Reservation_fails = 0
	L1D_cache_core[67]: Access = 16, Miss = 16, Miss_rate = 1.000, Pending_hits = 0, Reservation_fails = 0
	L1D_cache_core[68]: Access = 16, Miss = 16, Miss_rate = 1.000, Pending_hits = 0, Reservation_fails = 0
	L1D_cache_core[69]: Access = 16, Miss = 16, Miss_rate = 1.000, Pending_hits = 0, Reservation_fails = 0
	L1D_cache_core[70]: Access = 16, Miss = 16, Miss_rate = 1.000, Pending_hits = 0, Reservation_fails = 0
	L1D_cache_core[71]: Access = 16, Miss = 16, Miss_rate = 1.000, Pending_hits = 0, Reservation_fails = 0
	L1D_cache_core[72]: Access = 16, Miss = 16, Miss_rate = 1.000, Pending_hits = 0, Reservation_fails = 0
	L1D_cache_core[73]: Access = 16, Miss = 16, Miss_rate = 1.000, Pending_hits = 0, Reservation_fails = 0
	L1D_cache_core[74]: Access = 16, Miss = 16, Miss_rate = 1.000, Pending_hits = 0, Reservation_fails = 0
	L1D_cache_core[75]: Access = 16, Miss = 16, Miss_rate = 1.000, Pending_hits = 0, Reservation_fails = 0
	L1D_cache_core[76]: Access = 16, Miss = 16, Miss_rate = 1.000, Pending_hits = 0, Reservation_fails = 0
	L1D_cache_core[77]: Access = 16, Miss = 16, Miss_rate = 1.000, Pending_hits = 0, Reservation_fails = 0
	L1D_cache_core[78]: Access = 16, Miss = 16, Miss_rate = 1.000, Pending_hits = 0, Reservation_fails = 0
	L1D_cache_core[79]: Access = 16, Miss = 16, Miss_rate = 1.000, Pending_hits = 0, Reservation_fails = 0
	L1D_cache_core[80]: Access = 16, Miss = 16, Miss_rate = 1.000, Pending_hits = 0, Reservation_fails = 0
	L1D_cache_core[81]: Access = 16, Miss = 16, Miss_rate = 1.000, Pending_hits = 0, Reservation_fails = 0
	L1D_cache_core[82]: Access = 16, Miss = 16, Miss_rate = 1.000, Pending_hits = 0, Reservation_fails = 0
	L1D_cache_core[83]: Access = 16, Miss = 16, Miss_rate = 1.000, Pending_hits = 0, Reservation_fails = 0
	L1D_cache_core[84]: Access = 16, Miss = 16, Miss_rate = 1.000, Pending_hits = 0, Reservation_fails = 0
	L1D_cache_core[85]: Access = 16, Miss = 16, Miss_rate = 1.000, Pending_hits = 0, Reservation_fails = 0
	L1D_cache_core[86]: Access = 16, Miss = 16, Miss_rate = 1.000, Pending_hits = 0, Reservation_fails = 0
	L1D_cache_core[87]: Access = 16, Miss = 16, Miss_rate = 1.000, Pending_hits = 0, Reservation_fails = 0
	L1D_cache_core[88]: Access = 16, Miss = 16, Miss_rate = 1.000, Pending_hits = 0, Reservation_fails = 0
	L1D_cache_core[89]: Access = 16, Miss = 16, Miss_rate = 1.000, Pending_hits = 0, Reservation_fails = 0
	L1D_cache_core[90]: Access = 16, Miss = 16, Miss_rate = 1.000, Pending_hits = 0, Reservation_fails = 0
	L1D_cache_core[91]: Access = 16, Miss = 16, Miss_rate = 1.000, Pending_hits = 0, Reservation_fails = 0
	L1D_cache_core[92]: Access = 16, Miss = 16, Miss_rate = 1.000, Pending_hits = 0, Reservation_fails = 0
	L1D_cache_core[93]: Access = 16, Miss = 16, Miss_rate = 1.000, Pending_hits = 0, Reservation_fails = 0
	L1D_cache_core[94]: Access = 16, Miss = 16, Miss_rate = 1.000, Pending_hits = 0, Reservation_fails = 0
	L1D_cache_core[95]: Access = 16, Miss = 16, Miss_rate = 1.000, Pending_hits = 0, Reservation_fails = 0
	L1D_cache_core[96]: Access = 16, Miss = 16, Miss_rate = 1.000, Pending_hits = 0, Reservation_fails = 0
	L1D_cache_core[97]: Access = 16, Miss = 16, Miss_rate = 1.000, Pending_hits = 0, Reservation_fails = 0
	L1D_cache_core[98]: Access = 16, Miss = 16, Miss_rate = 1.000, Pending_hits = 0, Reservation_fails = 0
	L1D_cache_core[99]: Access = 16, Miss = 16, Miss_rate = 1.000, Pending_hits = 0, Reservation_fails = 0
	L1D_cache_core[100]: Access = 16, Miss = 16, Miss_rate = 1.000, Pending_hits = 0, Reservation_fails = 0
	L1D_cache_core[101]: Access = 16, Miss = 16, Miss_rate = 1.000, Pending_hits = 0, Reservation_fails = 0
	L1D_cache_core[102]: Access = 16, Miss = 16, Miss_rate = 1.000, Pending_hits = 0, Reservation_fails = 0
	L1D_cache_core[103]: Access = 16, Miss = 16, Miss_rate = 1.000, Pending_hits = 0, Reservation_fails = 0
	L1D_cache_core[104]: Access = 16, Miss = 16, Miss_rate = 1.000, Pending_hits = 0, Reservation_fails = 0
	L1D_cache_core[105]: Access = 16, Miss = 16, Miss_rate = 1.000, Pending_hits = 0, Reservation_fails = 0
	L1D_cache_core[106]: Access = 16, Miss = 16, Miss_rate = 1.000, Pending_hits = 0, Reservation_fails = 0
	L1D_cache_core[107]: Access = 16, Miss = 16, Miss_rate = 1.000, Pending_hits = 0, Reservation_fails = 0
	L1D_cache_core[108]: Access = 16, Miss = 16, Miss_rate = 1.000, Pending_hits = 0, Reservation_fails = 0
	L1D_cache_core[109]: Access = 16, Miss = 16, Miss_rate = 1.000, Pending_hits = 0, Reservation_fails = 0
	L1D_cache_core[110]: Access = 16, Miss = 16, Miss_rate = 1.000, Pending_hits = 0, Reservation_fails = 0
	L1D_cache_core[111]: Access = 16, Miss = 16, Miss_rate = 1.000, Pending_hits = 0, Reservation_fails = 0
	L1D_cache_core[112]: Access = 16, Miss = 16, Miss_rate = 1.000, Pending_hits = 0, Reservation_fails = 0
	L1D_cache_core[113]: Access = 16, Miss = 16, Miss_rate = 1.000, Pending_hits = 0, Reservation_fails = 0
	L1D_total_cache_accesses = 1824
	L1D_total_cache_misses = 1824
	L1D_total_cache_miss_rate = 1.0000
	L1D_total_cache_pending_hits = 0
	L1D_total_cache_reservation_fails = 0
	L1D_cache_data_port_util = 0.000
	L1D_cache_fill_port_util = 0.000
L1C_cache:
	L1C_total_cache_accesses = 0
	L1C_total_cache_misses = 0
	L1C_total_cache_pending_hits = 0
	L1C_total_cache_reservation_fails = 0
L1T_cache:
	L1T_total_cache_accesses = 0
	L1T_total_cache_misses = 0
	L1T_total_cache_pending_hits = 0
	L1T_total_cache_reservation_fails = 0

Total_core_cache_stats:
	Total_core_cache_stats_breakdown[GLOBAL_ACC_R][HIT] = 0
	Total_core_cache_stats_breakdown[GLOBAL_ACC_R][HIT_RESERVED] = 0
	Total_core_cache_stats_breakdown[GLOBAL_ACC_R][MISS] = 228
	Total_core_cache_stats_breakdown[GLOBAL_ACC_R][RESERVATION_FAIL] = 0
	Total_core_cache_stats_breakdown[GLOBAL_ACC_R][SECTOR_MISS] = 684
	Total_core_cache_stats_breakdown[GLOBAL_ACC_R][MSHR_HIT] = 0
	Total_core_cache_stats_breakdown[GLOBAL_ACC_R][WRITE_ALLOCATED] = 0
	Total_core_cache_stats_breakdown[CHIPLET_ACC_R][HIT] = 0
	Total_core_cache_stats_breakdown[CHIPLET_ACC_R][HIT_RESERVED] = 0
	Total_core_cache_stats_breakdown[CHIPLET_ACC_R][MISS] = 0
	Total_core_cache_stats_breakdown[CHIPLET_ACC_R][RESERVATION_FAIL] = 0
	Total_core_cache_stats_breakdown[CHIPLET_ACC_R][SECTOR_MISS] = 0
	Total_core_cache_stats_breakdown[CHIPLET_ACC_R][MSHR_HIT] = 0
	Total_core_cache_stats_breakdown[CHIPLET_ACC_R][WRITE_ALLOCATED] = 0
	Total_core_cache_stats_breakdown[LOCAL_ACC_R][HIT] = 0
	Total_core_cache_stats_breakdown[LOCAL_ACC_R][HIT_RESERVED] = 0
	Total_core_cache_stats_breakdown[LOCAL_ACC_R][MISS] = 0
	Total_core_cache_stats_breakdown[LOCAL_ACC_R][RESERVATION_FAIL] = 0
	Total_core_cache_stats_breakdown[LOCAL_ACC_R][SECTOR_MISS] = 0
	Total_core_cache_stats_breakdown[LOCAL_ACC_R][MSHR_HIT] = 0
	Total_core_cache_stats_breakdown[LOCAL_ACC_R][WRITE_ALLOCATED] = 0
	Total_core_cache_stats_breakdown[CONST_ACC_R][HIT] = 0
	Total_core_cache_stats_breakdown[CONST_ACC_R][HIT_RESERVED] = 0
	Total_core_cache_stats_breakdown[CONST_ACC_R][MISS] = 0
	Total_core_cache_stats_breakdown[CONST_ACC_R][RESERVATION_FAIL] = 0
	Total_core_cache_stats_breakdown[CONST_ACC_R][SECTOR_MISS] = 0
	Total_core_cache_stats_breakdown[CONST_ACC_R][MSHR_HIT] = 0
	Total_core_cache_stats_breakdown[CONST_ACC_R][WRITE_ALLOCATED] = 0
	Total_core_cache_stats_breakdown[TEXTURE_ACC_R][HIT] = 0
	Total_core_cache_stats_breakdown[TEXTURE_ACC_R][HIT_RESERVED] = 0
	Total_core_cache_stats_breakdown[TEXTURE_ACC_R][MISS] = 0
	Total_core_cache_stats_breakdown[TEXTURE_ACC_R][RESERVATION_FAIL] = 0
	Total_core_cache_stats_breakdown[TEXTURE_ACC_R][SECTOR_MISS] = 0
	Total_core_cache_stats_breakdown[TEXTURE_ACC_R][MSHR_HIT] = 0
	Total_core_cache_stats_breakdown[TEXTURE_ACC_R][WRITE_ALLOCATED] = 0
	Total_core_cache_stats_breakdown[GLOBAL_ACC_W][HIT] = 0
	Total_core_cache_stats_breakdown[GLOBAL_ACC_W][HIT_RESERVED] = 0
	Total_core_cache_stats_breakdown[GLOBAL_ACC_W][MISS] = 228
	Total_core_cache_stats_breakdown[GLOBAL_ACC_W][RESERVATION_FAIL] = 0
	Total_core_cache_stats_breakdown[GLOBAL_ACC_W][SECTOR_MISS] = 684
	Total_core_cache_stats_breakdown[GLOBAL_ACC_W][MSHR_HIT] = 0
	Total_core_cache_stats_breakdown[GLOBAL_ACC_W][WRITE_ALLOCATED] = 912
	Total_core_cache_stats_breakdown[CHIPLET_ACC_W][HIT] = 0
	Total_core_cache_stats_breakdown[CHIPLET_ACC_W][HIT_RESERVED] = 0
	Total_core_cache_stats_breakdown[CHIPLET_ACC_W][MISS] = 0
	Total_core_cache_stats_breakdown[CHIPLET_ACC_W][RESERVATION_FAIL] = 0
	Total_core_cache_stats_breakdown[CHIPLET_ACC_W][SECTOR_MISS] = 0
	Total_core_cache_stats_breakdown[CHIPLET_ACC_W][MSHR_HIT] = 0
	Total_core_cache_stats_breakdown[CHIPLET_ACC_W][WRITE_ALLOCATED] = 0
	Total_core_cache_stats_breakdown[LOCAL_ACC_W][HIT] = 0
	Total_core_cache_stats_breakdown[LOCAL_ACC_W][HIT_RESERVED] = 0
	Total_core_cache_stats_breakdown[LOCAL_ACC_W][MISS] = 0
	Total_core_cache_stats_breakdown[LOCAL_ACC_W][RESERVATION_FAIL] = 0
	Total_core_cache_stats_breakdown[LOCAL_ACC_W][SECTOR_MISS] = 0
	Total_core_cache_stats_breakdown[LOCAL_ACC_W][MSHR_HIT] = 0
	Total_core_cache_stats_breakdown[LOCAL_ACC_W][WRITE_ALLOCATED] = 0
	Total_core_cache_stats_breakdown[L1_WRBK_ACC][HIT] = 0
	Total_core_cache_stats_breakdown[L1_WRBK_ACC][HIT_RESERVED] = 0
	Total_core_cache_stats_breakdown[L1_WRBK_ACC][MISS] = 0
	Total_core_cache_stats_breakdown[L1_WRBK_ACC][RESERVATION_FAIL] = 0
	Total_core_cache_stats_breakdown[L1_WRBK_ACC][SECTOR_MISS] = 0
	Total_core_cache_stats_breakdown[L1_WRBK_ACC][MSHR_HIT] = 0
	Total_core_cache_stats_breakdown[L1_WRBK_ACC][WRITE_ALLOCATED] = 0
	Total_core_cache_stats_breakdown[L2_WRBK_ACC][HIT] = 0
	Total_core_cache_stats_breakdown[L2_WRBK_ACC][HIT_RESERVED] = 0
	Total_core_cache_stats_breakdown[L2_WRBK_ACC][MISS] = 0
	Total_core_cache_stats_breakdown[L2_WRBK_ACC][RESERVATION_FAIL] = 0
	Total_core_cache_stats_breakdown[L2_WRBK_ACC][SECTOR_MISS] = 0
	Total_core_cache_stats_breakdown[L2_WRBK_ACC][MSHR_HIT] = 0
	Total_core_cache_stats_breakdown[L2_WRBK_ACC][WRITE_ALLOCATED] = 0
	Total_core_cache_stats_breakdown[INST_ACC_R][HIT] = 0
	Total_core_cache_stats_breakdown[INST_ACC_R][HIT_RESERVED] = 0
	Total_core_cache_stats_breakdown[INST_ACC_R][MISS] = 0
	Total_core_cache_stats_breakdown[INST_ACC_R][RESERVATION_FAIL] = 0
	Total_core_cache_stats_breakdown[INST_ACC_R][SECTOR_MISS] = 0
	Total_core_cache_stats_breakdown[INST_ACC_R][MSHR_HIT] = 0
	Total_core_cache_stats_breakdown[INST_ACC_R][WRITE_ALLOCATED] = 0
	Total_core_cache_stats_breakdown[L1_WR_ALLOC_R][HIT] = 0
	Total_core_cache_stats_breakdown[L1_WR_ALLOC_R][HIT_RESERVED] = 0
	Total_core_cache_stats_breakdown[L1_WR_ALLOC_R][MISS] = 0
	Total_core_cache_stats_breakdown[L1_WR_ALLOC_R][RESERVATION_FAIL] = 0
	Total_core_cache_stats_breakdown[L1_WR_ALLOC_R][SECTOR_MISS] = 0
	Total_core_cache_stats_breakdown[L1_WR_ALLOC_R][MSHR_HIT] = 0
	Total_core_cache_stats_breakdown[L1_WR_ALLOC_R][WRITE_ALLOCATED] = 0
	Total_core_cache_stats_breakdown[L2_WR_ALLOC_R][HIT] = 0
	Total_core_cache_stats_breakdown[L2_WR_ALLOC_R][HIT_RESERVED] = 0
	Total_core_cache_stats_breakdown[L2_WR_ALLOC_R][MISS] = 0
	Total_core_cache_stats_breakdown[L2_WR_ALLOC_R][RESERVATION_FAIL] = 0
	Total_core_cache_stats_breakdown[L2_WR_ALLOC_R][SECTOR_MISS] = 0
	Total_core_cache_stats_breakdown[L2_WR_ALLOC_R][MSHR_HIT] = 0
	Total_core_cache_stats_breakdown[L2_WR_ALLOC_R][WRITE_ALLOCATED] = 0
	Total_core_cache_stats_breakdown[GLOBAL_ACC_R][TOTAL_ACCESS] = 912
	Total_core_cache_stats_breakdown[GLOBAL_ACC_W][TOTAL_ACCESS] = 912

Total_core_cache_fail_stats:
ctas_completed 228, Shader 0 warp_id issue ditsribution:
warp_id:
0, 1, 
distro:
1524, 1524, 
gpgpu_n_tot_thrd_icount = 5559552
gpgpu_n_tot_w_icount = 347472
gpgpu_n_stall_shd_mem = 437760
gpgpu_n_mem_read_local = 0
gpgpu_n_mem_write_local = 0
gpgpu_n_mem_read_global = 2335632
gpgpu_n_mem_write_global = 912
gpgpu_n_mem_texture = 0
gpgpu_n_mem_const = 0
gpgpu_n_load_insn  = 2342016
gpgpu_n_store_insn = 7296
gpgpu_n_shmem_insn = 0
gpgpu_n_sstarr_insn = 0
gpgpu_n_tex_insn = 0
gpgpu_n_const_mem_insn = 0
gpgpu_n_param_mem_insn = 0
gpgpu_n_shmem_bkconflict = 0
gpgpu_n_l1cache_bkconflict = 0
gpgpu_n_intrawarp_mshr_merge = 0
gpgpu_n_cmem_portconflict = 0
gpgpu_stall_shd_mem[c_mem][resource_stall] = 0
gpgpu_stall_shd_mem[s_mem][bk_conf] = 0
gpgpu_stall_shd_mem[gl_mem][resource_stall] = 0
gpgpu_stall_shd_mem[gl_mem][coal_stall] = 437760
gpgpu_stall_shd_mem[gl_mem][data_port_stall] = 0
gpu_reg_bank_conflict_stalls = 0
Warp Occupancy Distribution:
Stall:2736	W0_Idle:109925331	W0_Scoreboard:109294269	W1:0	W2:0	W3:0	W4:0	W5:0	W6:0	W7:0	W8:0	W9:0	W10:0	W11:0	W12:0	W13:0	W14:0	W15:0	W16:342912	W17:0	W18:0	W19:0	W20:0	W21:0	W22:0	W23:0	W24:0	W25:0	W26:0	W27:0	W28:0	W29:0	W30:0	W31:0	W32:2280
single_issue_nums: WS0:173736	WS1:173736	WS2:0	WS3:0	
dual_issue_nums: WS0:0	WS1:0	WS2:0	WS3:0	
traffic_breakdown_coretomem[GLOBAL_ACC_R] = 18685056 {8:2335632,}
traffic_breakdown_coretomem[GLOBAL_ACC_W] = 36480 {40:912,}
traffic_breakdown_memtocore[CHIPLET_ACC_R] = 46750320 {40:1168758,}
traffic_breakdown_memtocore[GLOBAL_ACC_R] = 46674960 {40:1166874,}
traffic_breakdown_memtocore[GLOBAL_ACC_W] = 7296 {8:912,}
maxmflatency = 787 
max_icnt2mem_latency = 48 
maxmrqlatency = 0 
max_icnt2sh_latency = 6 
averagemflatency = 632 
avg_icnt2mem_latency = 5 
avg_icnt2sh_latency = 3 
mrq_lat_table:0 	0 	0 	0 	0 	0 	0 	0 	0 	0 	0 	0 	0 	0 	0 	0 	0 	0 	0 	0 	0 	0 	0 	0 	0 	0 	0 	0 	0 	0 	0 	0 	
dq_lat_table:0 	0 	0 	0 	0 	0 	0 	0 	0 	0 	0 	0 	0 	0 	0 	0 	0 	0 	0 	0 	0 	0 	0 	0 	0 	0 	0 	0 	0 	0 	0 	0 	
mf_lat_table:0 	0 	0 	0 	0 	0 	0 	0 	1140 	2335404 	0 	0 	0 	0 	0 	0 	0 	0 	0 	0 	0 	0 	0 	0 	0 	0 	0 	0 	0 	0 	0 	0 	
icnt2mem_lat_table:0 	122994 	2002914 	206125 	2401 	2110 	0 	0 	0 	0 	0 	0 	0 	0 	0 	0 	0 	0 	0 	0 	0 	0 	0 	0 	
icnt2sh_lat_table:0 	2032156 	304388 	0 	0 	0 	0 	0 	0 	0 	0 	0 	0 	0 	0 	0 	0 	0 	0 	0 	0 	0 	0 	0 	
mf_lat_pw_table:0 	0 	0 	0 	0 	0 	0 	0 	2 	961 	0 	0 	0 	0 	0 	0 	0 	0 	0 	0 	0 	0 	0 	0 	0 	0 	0 	0 	0 	0 	0 	0 	
maximum concurrent accesses to same row:
dram[0]:         0         0         0         0         0         0         0         0         0         0         0         0         0         0         0         0 
dram[1]:         0         0         0         0         0         0         0         0         0         0         0         0         0         0         0         0 
dram[2]:         0         0         0         0         0         0         0         0         0         0         0         0         0         0         0         0 
dram[3]:         0         0         0         0         0         0         0         0         0         0         0         0         0         0         0         0 
dram[4]:         0         0         0         0         0         0         0         0         0         0         0         0         0         0         0         0 
dram[5]:         0         0         0         0         0         0         0         0         0         0         0         0         0         0         0         0 
dram[6]:         0         0         0         0         0         0         0         0         0         0         0         0         0         0         0         0 
dram[7]:         0         0         0         0         0         0         0         0         0         0         0         0         0         0         0         0 
dram[8]:         0         0         0         0         0         0         0         0         0         0         0         0         0         0         0         0 
dram[9]:         0         0         0         0         0         0         0         0         0         0         0         0         0         0         0         0 
dram[10]:         0         0         0         0         0         0         0         0         0         0         0         0         0         0         0         0 
dram[11]:         0         0         0         0         0         0         0         0         0         0         0         0         0         0         0         0 
dram[12]:         0         0         0         0         0         0         0         0         0         0         0         0         0         0         0         0 
dram[13]:         0         0         0         0         0         0         0         0         0         0         0         0         0         0         0         0 
dram[14]:         0         0         0         0         0         0         0         0         0         0         0         0         0         0         0         0 
dram[15]:         0         0         0         0         0         0         0         0         0         0         0         0         0         0         0         0 
dram[16]:         0         0         0         0         0         0         0         0         0         0         0         0         0         0         0         0 
dram[17]:         0         0         0         0         0         0         0         0         0         0         0         0         0         0         0         0 
dram[18]:         0         0         0         0         0         0         0         0         0         0         0         0         0         0         0         0 
dram[19]:         0         0         0         0         0         0         0         0         0         0         0         0         0         0         0         0 
dram[20]:         0         0         0         0         0         0         0         0         0         0         0         0         0         0         0         0 
dram[21]:         0         0         0         0         0         0         0         0         0         0         0         0         0         0         0         0 
dram[22]:         0         0         0         0         0         0         0         0         0         0         0         0         0         0         0         0 
dram[23]:         0         0         0         0         0         0         0         0         0         0         0         0         0         0         0         0 
dram[24]:         0         0         0         0         0         0         0         0         0         0         0         0         0         0         0         0 
dram[25]:         0         0         0         0         0         0         0         0         0         0         0         0         0         0         0         0 
dram[26]:         0         0         0         0         0         0         0         0         0         0         0         0         0         0         0         0 
dram[27]:         0         0         0         0         0         0         0         0         0         0         0         0         0         0         0         0 
dram[28]:         0         0         0         0         0         0         0         0         0         0         0         0         0         0         0         0 
dram[29]:         0         0         0         0         0         0         0         0         0         0         0         0         0         0         0         0 
dram[30]:         0         0         0         0         0         0         0         0         0         0         0         0         0         0         0         0 
dram[31]:         0         0         0         0         0         0         0         0         0         0         0         0         0         0         0         0 
dram[32]:         0         0         0         0         0         0         0         0         0         0         0         0         0         0         0         0 
dram[33]:         0         0         0         0         0         0         0         0         0         0         0         0         0         0         0         0 
dram[34]:         0         0         0         0         0         0         0         0         0         0         0         0         0         0         0         0 
dram[35]:         0         0         0         0         0         0         0         0         0         0         0         0         0         0         0         0 
dram[36]:         0         0         0         0         0         0         0         0         0         0         0         0         0         0         0         0 
dram[37]:         0         0         0         0         0         0         0         0         0         0         0         0         0         0         0         0 
dram[38]:         0         0         0         0         0         0         0         0         0         0         0         0         0         0         0         0 
dram[39]:         0         0         0         0         0         0         0         0         0         0         0         0         0         0         0         0 
maximum service time to same row:
dram[0]:         0         0         0         0         0         0         0         0         0         0         0         0         0         0         0         0 
dram[1]:         0         0         0         0         0         0         0         0         0         0         0         0         0         0         0         0 
dram[2]:         0         0         0         0         0         0         0         0         0         0         0         0         0         0         0         0 
dram[3]:         0         0         0         0         0         0         0         0         0         0         0         0         0         0         0         0 
dram[4]:         0         0         0         0         0         0         0         0         0         0         0         0         0         0         0         0 
dram[5]:         0         0         0         0         0         0         0         0         0         0         0         0         0         0         0         0 
dram[6]:         0         0         0         0         0         0         0         0         0         0         0         0         0         0         0         0 
dram[7]:         0         0         0         0         0         0         0         0         0         0         0         0         0         0         0         0 
dram[8]:         0         0         0         0         0         0         0         0         0         0         0         0         0         0         0         0 
dram[9]:         0         0         0         0         0         0         0         0         0         0         0         0         0         0         0         0 
dram[10]:         0         0         0         0         0         0         0         0         0         0         0         0         0         0         0         0 
dram[11]:         0         0         0         0         0         0         0         0         0         0         0         0         0         0         0         0 
dram[12]:         0         0         0         0         0         0         0         0         0         0         0         0         0         0         0         0 
dram[13]:         0         0         0         0         0         0         0         0         0         0         0         0         0         0         0         0 
dram[14]:         0         0         0         0         0         0         0         0         0         0         0         0         0         0         0         0 
dram[15]:         0         0         0         0         0         0         0         0         0         0         0         0         0         0         0         0 
dram[16]:         0         0         0         0         0         0         0         0         0         0         0         0         0         0         0         0 
dram[17]:         0         0         0         0         0         0         0         0         0         0         0         0         0         0         0         0 
dram[18]:         0         0         0         0         0         0         0         0         0         0         0         0         0         0         0         0 
dram[19]:         0         0         0         0         0         0         0         0         0         0         0         0         0         0         0         0 
dram[20]:         0         0         0         0         0         0         0         0         0         0         0         0         0         0         0         0 
dram[21]:         0         0         0         0         0         0         0         0         0         0         0         0         0         0         0         0 
dram[22]:         0         0         0         0         0         0         0         0         0         0         0         0         0         0         0         0 
dram[23]:         0         0         0         0         0         0         0         0         0         0         0         0         0         0         0         0 
dram[24]:         0         0         0         0         0         0         0         0         0         0         0         0         0         0         0         0 
dram[25]:         0         0         0         0         0         0         0         0         0         0         0         0         0         0         0         0 
dram[26]:         0         0         0         0         0         0         0         0         0         0         0         0         0         0         0         0 
dram[27]:         0         0         0         0         0         0         0         0         0         0         0         0         0         0         0         0 
dram[28]:         0         0         0         0         0         0         0         0         0         0         0         0         0         0         0         0 
dram[29]:         0         0         0         0         0         0         0         0         0         0         0         0         0         0         0         0 
dram[30]:         0         0         0         0         0         0         0         0         0         0         0         0         0         0         0         0 
dram[31]:         0         0         0         0         0         0         0         0         0         0         0         0         0         0         0         0 
dram[32]:         0         0         0         0         0         0         0         0         0         0         0         0         0         0         0         0 
dram[33]:         0         0         0         0         0         0         0         0         0         0         0         0         0         0         0         0 
dram[34]:         0         0         0         0         0         0         0         0         0         0         0         0         0         0         0         0 
dram[35]:         0         0         0         0         0         0         0         0         0         0         0         0         0         0         0         0 
dram[36]:         0         0         0         0         0         0         0         0         0         0         0         0         0         0         0         0 
dram[37]:         0         0         0         0         0         0         0         0         0         0         0         0         0         0         0         0 
dram[38]:         0         0         0         0         0         0         0         0         0         0         0         0         0         0         0         0 
dram[39]:         0         0         0         0         0         0         0         0         0         0         0         0         0         0         0         0 
average row accesses per activate:
dram[0]:      -nan      -nan      -nan      -nan      -nan      -nan      -nan      -nan      -nan      -nan      -nan      -nan      -nan      -nan      -nan      -nan 
dram[1]:      -nan      -nan      -nan      -nan      -nan      -nan      -nan      -nan      -nan      -nan      -nan      -nan      -nan      -nan      -nan      -nan 
dram[2]:      -nan      -nan      -nan      -nan      -nan      -nan      -nan      -nan      -nan      -nan      -nan      -nan      -nan      -nan      -nan      -nan 
dram[3]:      -nan      -nan      -nan      -nan      -nan      -nan      -nan      -nan      -nan      -nan      -nan      -nan      -nan      -nan      -nan      -nan 
dram[4]:      -nan      -nan      -nan      -nan      -nan      -nan      -nan      -nan      -nan      -nan      -nan      -nan      -nan      -nan      -nan      -nan 
dram[5]:      -nan      -nan      -nan      -nan      -nan      -nan      -nan      -nan      -nan      -nan      -nan      -nan      -nan      -nan      -nan      -nan 
dram[6]:      -nan      -nan      -nan      -nan      -nan      -nan      -nan      -nan      -nan      -nan      -nan      -nan      -nan      -nan      -nan      -nan 
dram[7]:      -nan      -nan      -nan      -nan      -nan      -nan      -nan      -nan      -nan      -nan      -nan      -nan      -nan      -nan      -nan      -nan 
dram[8]:      -nan      -nan      -nan      -nan      -nan      -nan      -nan      -nan      -nan      -nan      -nan      -nan      -nan      -nan      -nan      -nan 
dram[9]:      -nan      -nan      -nan      -nan      -nan      -nan      -nan      -nan      -nan      -nan      -nan      -nan      -nan      -nan      -nan      -nan 
dram[10]:      -nan      -nan      -nan      -nan      -nan      -nan      -nan      -nan      -nan      -nan      -nan      -nan      -nan      -nan      -nan      -nan 
dram[11]:      -nan      -nan      -nan      -nan      -nan      -nan      -nan      -nan      -nan      -nan      -nan      -nan      -nan      -nan      -nan      -nan 
dram[12]:      -nan      -nan      -nan      -nan      -nan      -nan      -nan      -nan      -nan      -nan      -nan      -nan      -nan      -nan      -nan      -nan 
dram[13]:      -nan      -nan      -nan      -nan      -nan      -nan      -nan      -nan      -nan      -nan      -nan      -nan      -nan      -nan      -nan      -nan 
dram[14]:      -nan      -nan      -nan      -nan      -nan      -nan      -nan      -nan      -nan      -nan      -nan      -nan      -nan      -nan      -nan      -nan 
dram[15]:      -nan      -nan      -nan      -nan      -nan      -nan      -nan      -nan      -nan      -nan      -nan      -nan      -nan      -nan      -nan      -nan 
dram[16]:      -nan      -nan      -nan      -nan      -nan      -nan      -nan      -nan      -nan      -nan      -nan      -nan      -nan      -nan      -nan      -nan 
dram[17]:      -nan      -nan      -nan      -nan      -nan      -nan      -nan      -nan      -nan      -nan      -nan      -nan      -nan      -nan      -nan      -nan 
dram[18]:      -nan      -nan      -nan      -nan      -nan      -nan      -nan      -nan      -nan      -nan      -nan      -nan      -nan      -nan      -nan      -nan 
dram[19]:      -nan      -nan      -nan      -nan      -nan      -nan      -nan      -nan      -nan      -nan      -nan      -nan      -nan      -nan      -nan      -nan 
dram[20]:      -nan      -nan      -nan      -nan      -nan      -nan      -nan      -nan      -nan      -nan      -nan      -nan      -nan      -nan      -nan      -nan 
dram[21]:      -nan      -nan      -nan      -nan      -nan      -nan      -nan      -nan      -nan      -nan      -nan      -nan      -nan      -nan      -nan      -nan 
dram[22]:      -nan      -nan      -nan      -nan      -nan      -nan      -nan      -nan      -nan      -nan      -nan      -nan      -nan      -nan      -nan      -nan 
dram[23]:      -nan      -nan      -nan      -nan      -nan      -nan      -nan      -nan      -nan      -nan      -nan      -nan      -nan      -nan      -nan      -nan 
dram[24]:      -nan      -nan      -nan      -nan      -nan      -nan      -nan      -nan      -nan      -nan      -nan      -nan      -nan      -nan      -nan      -nan 
dram[25]:      -nan      -nan      -nan      -nan      -nan      -nan      -nan      -nan      -nan      -nan      -nan      -nan      -nan      -nan      -nan      -nan 
dram[26]:      -nan      -nan      -nan      -nan      -nan      -nan      -nan      -nan      -nan      -nan      -nan      -nan      -nan      -nan      -nan      -nan 
dram[27]:      -nan      -nan      -nan      -nan      -nan      -nan      -nan      -nan      -nan      -nan      -nan      -nan      -nan      -nan      -nan      -nan 
dram[28]:      -nan      -nan      -nan      -nan      -nan      -nan      -nan      -nan      -nan      -nan      -nan      -nan      -nan      -nan      -nan      -nan 
dram[29]:      -nan      -nan      -nan      -nan      -nan      -nan      -nan      -nan      -nan      -nan      -nan      -nan      -nan      -nan      -nan      -nan 
dram[30]:      -nan      -nan      -nan      -nan      -nan      -nan      -nan      -nan      -nan      -nan      -nan      -nan      -nan      -nan      -nan      -nan 
dram[31]:      -nan      -nan      -nan      -nan      -nan      -nan      -nan      -nan      -nan      -nan      -nan      -nan      -nan      -nan      -nan      -nan 
dram[32]:      -nan      -nan      -nan      -nan      -nan      -nan      -nan      -nan      -nan      -nan      -nan      -nan      -nan      -nan      -nan      -nan 
dram[33]:      -nan      -nan      -nan      -nan      -nan      -nan      -nan      -nan      -nan      -nan      -nan      -nan      -nan      -nan      -nan      -nan 
dram[34]:      -nan      -nan      -nan      -nan      -nan      -nan      -nan      -nan      -nan      -nan      -nan      -nan      -nan      -nan      -nan      -nan 
dram[35]:      -nan      -nan      -nan      -nan      -nan      -nan      -nan      -nan      -nan      -nan      -nan      -nan      -nan      -nan      -nan      -nan 
dram[36]:      -nan      -nan      -nan      -nan      -nan      -nan      -nan      -nan      -nan      -nan      -nan      -nan      -nan      -nan      -nan      -nan 
dram[37]:      -nan      -nan      -nan      -nan      -nan      -nan      -nan      -nan      -nan      -nan      -nan      -nan      -nan      -nan      -nan      -nan 
dram[38]:      -nan      -nan      -nan      -nan      -nan      -nan      -nan      -nan      -nan      -nan      -nan      -nan      -nan      -nan      -nan      -nan 
dram[39]:      -nan      -nan      -nan      -nan      -nan      -nan      -nan      -nan      -nan      -nan      -nan      -nan      -nan      -nan      -nan      -nan 
average row locality = 0/0 = -nan
number of total memory accesses made:
dram[0]:         0         0         0         0         0         0         0         0         0         0         0         0         0         0         0         0 
dram[1]:         0         0         0         0         0         0         0         0         0         0         0         0         0         0         0         0 
dram[2]:         0         0         0         0         0         0         0         0         0         0         0         0         0         0         0         0 
dram[3]:         0         0         0         0         0         0         0         0         0         0         0         0         0         0         0         0 
dram[4]:         0         0         0         0         0         0         0         0         0         0         0         0         0         0         0         0 
dram[5]:         0         0         0         0         0         0         0         0         0         0         0         0         0         0         0         0 
dram[6]:         0         0         0         0         0         0         0         0         0         0         0         0         0         0         0         0 
dram[7]:         0         0         0         0         0         0         0         0         0         0         0         0         0         0         0         0 
dram[8]:         0         0         0         0         0         0         0         0         0         0         0         0         0         0         0         0 
dram[9]:         0         0         0         0         0         0         0         0         0         0         0         0         0         0         0         0 
dram[10]:         0         0         0         0         0         0         0         0         0         0         0         0         0         0         0         0 
dram[11]:         0         0         0         0         0         0         0         0         0         0         0         0         0         0         0         0 
dram[12]:         0         0         0         0         0         0         0         0         0         0         0         0         0         0         0         0 
dram[13]:         0         0         0         0         0         0         0         0         0         0         0         0         0         0         0         0 
dram[14]:         0         0         0         0         0         0         0         0         0         0         0         0         0         0         0         0 
dram[15]:         0         0         0         0         0         0         0         0         0         0         0         0         0         0         0         0 
dram[16]:         0         0         0         0         0         0         0         0         0         0         0         0         0         0         0         0 
dram[17]:         0         0         0         0         0         0         0         0         0         0         0         0         0         0         0         0 
dram[18]:         0         0         0         0         0         0         0         0         0         0         0         0         0         0         0         0 
dram[19]:         0         0         0         0         0         0         0         0         0         0         0         0         0         0         0         0 
dram[20]:         0         0         0         0         0         0         0         0         0         0         0         0         0         0         0         0 
dram[21]:         0         0         0         0         0         0         0         0         0         0         0         0         0         0         0         0 
dram[22]:         0         0         0         0         0         0         0         0         0         0         0         0         0         0         0         0 
dram[23]:         0         0         0         0         0         0         0         0         0         0         0         0         0         0         0         0 
dram[24]:         0         0         0         0         0         0         0         0         0         0         0         0         0         0         0         0 
dram[25]:         0         0         0         0         0         0         0         0         0         0         0         0         0         0         0         0 
dram[26]:         0         0         0         0         0         0         0         0         0         0         0         0         0         0         0         0 
dram[27]:         0         0         0         0         0         0         0         0         0         0         0         0         0         0         0         0 
dram[28]:         0         0         0         0         0         0         0         0         0         0         0         0         0         0         0         0 
dram[29]:         0         0         0         0         0         0         0         0         0         0         0         0         0         0         0         0 
dram[30]:         0         0         0         0         0         0         0         0         0         0         0         0         0         0         0         0 
dram[31]:         0         0         0         0         0         0         0         0         0         0         0         0         0         0         0         0 
dram[32]:         0         0         0         0         0         0         0         0         0         0         0         0         0         0         0         0 
dram[33]:         0         0         0         0         0         0         0         0         0         0         0         0         0         0         0         0 
dram[34]:         0         0         0         0         0         0         0         0         0         0         0         0         0         0         0         0 
dram[35]:         0         0         0         0         0         0         0         0         0         0         0         0         0         0         0         0 
dram[36]:         0         0         0         0         0         0         0         0         0         0         0         0         0         0         0         0 
dram[37]:         0         0         0         0         0         0         0         0         0         0         0         0         0         0         0         0 
dram[38]:         0         0         0         0         0         0         0         0         0         0         0         0         0         0         0         0 
dram[39]:         0         0         0         0         0         0         0         0         0         0         0         0         0         0         0         0 
total accesses: 0
min_bank_accesses = 0!
min_chip_accesses = 0!
number of total read accesses:
dram[0]:      7238         4      7242         0      7404         0      7191         0      7178         0      7266         0      7353         0      7184         0 
dram[1]:      7423         4      7293         0      7280         0      7235         0      7287         0      7266         0      7301         0      7310         0 
dram[2]:      7285         4      7293         0      7228         0      7266         0      7296         0      7246         0      7265         0      7323         0 
dram[3]:      7109         4      7370         0      7216         0      7251         0      7326         0      7231         0      7237         0      7313         0 
dram[4]:      7214         4      7178         0      7281         0      7378         0      7296         0      7183         0      7157         0      7320         0 
dram[5]:      7227         4      7249         0      7371         0      7335         0      7243         0      7331         0      7267         0      7271         0 
dram[6]:      7283         4      7303         0      7411         0      7241         0      7280         0      7294         0      7240         0      7266         0 
dram[7]:      7217         4      7420         0      7232         0      7373         0      7444         0      7391         0      7305         0      7232         0 
dram[8]:      7392         4      7356         0      7237         0      7416         0      7216         0      7440         0      7209         0      7342         0 
dram[9]:      7343         4      7237         0      7417         0      7296         0      7276         0      7239         0      7397         0      7199         0 
dram[10]:      7455         8      7159         0      7240         0      7397         0      7113         0      7315         0      7307         0      7215         0 
dram[11]:      7273         8      7376         0      7447         0      7275         0      7333         0      7222         0      7164         0      7276         0 
dram[12]:      7423         8      7325         0      7259         0      7256         0      7216         0      7163         0      7330         0      7243         0 
dram[13]:      7281         8      7294         0      7423         0      7302         0      7228         0      7216         0      7214         0      7248         0 
dram[14]:      7375         8      7370         0      7277         0      7312         0      7344         0      7357         0      7177         0      7285         0 
dram[15]:      7176         8      7194         0      7272         0      7377         0      7230         0      7340         0      7417         0      7367         0 
dram[16]:      7293         8      7232         0      7484         0      7329         0      7344         0      7378         0      7276         0      7230         0 
dram[17]:      7380         4      7351         0      7266         0      7198         0      7407         0      7231         0      7295         0      7203         0 
dram[18]:      7444         0      7338         0      7249         0      7408         0      7408         0      7370         0      7436         0      7293         0 
dram[19]:      7286         0      7296         0      7318         0      7242         0      7323         0      7228         0      7297         0      7222         0 
dram[20]:      7333         8      7325         0      7239         0      7293         0      7441         0      7266         0      7308         0      7106         0 
dram[21]:      7259         8      7343         0      7365         0      7319         0      7230         0      7354         0      7269         0      7216         0 
dram[22]:      7358         8      7210         0      7314         0      7333         0      7298         0      7451         0      7401         0      7409         0 
dram[23]:      7347         8      7181         0      7215         0      7251         0      7204         0      7330         0      7323         0      7355         0 
dram[24]:      7177         8      7268         0      7254         0      7439         0      7397         0      7178         0      7330         0      7381         0 
dram[25]:      7326         8      7265         0      7349         0      7269         0      7361         0      7319         0      7311         0      7136         0 
dram[26]:      7335         8      7506         0      7367         0      7216         0      7376         0      7300         0      7335         0      7349         0 
dram[27]:      7300         8      7349         0      7137         0      7365         0      7209         0      7385         0      7303         0      7380         0 
dram[28]:      7356         8      7439         0      7361         0      7331         0      7283         0      7249         0      7290         0      7318         0 
dram[29]:      7430         8      7194         0      7360         0      7259         0      7227         0      7195         0      7348         0      7315         0 
dram[30]:      7221         4      7291         0      7252         0      7335         0      7204         0      7286         0      7289         0      7410         0 
dram[31]:      7306         4      7402         0      7353         0      7371         0      7251         0      7178         0      7198         0      7321         0 
dram[32]:      7250         4      7403         0      7326         0      7237         0      7309         0      7393         0      7343         0      7334         0 
dram[33]:      7181         4      7212         0      7362         0      7266         0      7317         0      7415         0      7240         0      7165         0 
dram[34]:      7251         4      7363         0      7288         0      7407         0      7193         0      7180         0      7205         0      7232         0 
dram[35]:      7263         4      7486         0      7211         0      7443         0      7339         0      7226         0      7219         0      7386         0 
dram[36]:      7364         4      7272         0      7163         0      7174         0      7345         0      7296         0      7383         0      7424         0 
dram[37]:      7230         4      7314         0      7234         0      7282         0      7423         0      7402         0      7335         0      7333         0 
dram[38]:      7195         8      7353         0      7303         0      7269         0      7350         0      7137         0      7356         0      7343         0 
dram[39]:      7174         8      7401         0      7255         0      7244         0      7273         0      7343         0      7322         0      7334         0 
total dram reads = 2335404
min_bank_accesses = 0!
chip skew: 58946/58011 = 1.02
number of total write accesses:
dram[0]:         4         0         0         0         0         0         0         0         0         0         0         0         0         0         0         0 
dram[1]:         4         0         0         0         0         0         0         0         0         0         0         0         0         0         0         0 
dram[2]:         4         0         0         0         0         0         0         0         0         0         0         0         0         0         0         0 
dram[3]:         4         0         0         0         0         0         0         0         0         0         0         0         0         0         0         0 
dram[4]:         4         0         0         0         0         0         0         0         0         0         0         0         0         0         0         0 
dram[5]:         4         0         0         0         0         0         0         0         0         0         0         0         0         0         0         0 
dram[6]:         4         0         0         0         0         0         0         0         0         0         0         0         0         0         0         0 
dram[7]:         4         0         0         0         0         0         0         0         0         0         0         0         0         0         0         0 
dram[8]:         4         0         0         0         0         0         0         0         0         0         0         0         0         0         0         0 
dram[9]:         4         0         0         0         0         0         0         0         0         0         0         0         0         0         0         0 
dram[10]:         8         0         0         0         0         0         0         0         0         0         0         0         0         0         0         0 
dram[11]:         8         0         0         0         0         0         0         0         0         0         0         0         0         0         0         0 
dram[12]:         8         0         0         0         0         0         0         0         0         0         0         0         0         0         0         0 
dram[13]:         8         0         0         0         0         0         0         0         0         0         0         0         0         0         0         0 
dram[14]:         8         0         0         0         0         0         0         0         0         0         0         0         0         0         0         0 
dram[15]:         4         0         0         0         0         0         0         0         0         0         0         0         0         0         0         0 
dram[16]:         4         0         0         0         0         0         0         0         0         0         0         0         0         0         0         0 
dram[17]:         8         0         0         0         0         0         0         0         0         0         0         0         0         0         0         0 
dram[18]:        12         0         0         0         0         0         0         0         0         0         0         0         0         0         0         0 
dram[19]:         8         0         0         0         0         0         0         0         0         0         0         0         0         0         0         0 
dram[20]:         8         0         0         0         0         0         0         0         0         0         0         0         0         0         0         0 
dram[21]:         8         0         0         0         0         0         0         0         0         0         0         0         0         0         0         0 
dram[22]:         8         0         0         0         0         0         0         0         0         0         0         0         0         0         0         0 
dram[23]:         8         0         0         0         0         0         0         0         0         0         0         0         0         0         0         0 
dram[24]:         8         0         0         0         0         0         0         0         0         0         0         0         0         0         0         0 
dram[25]:         4         0         0         0         0         0         0         0         0         0         0         0         0         0         0         0 
dram[26]:         4         0         0         0         0         0         0         0         0         0         0         0         0         0         0         0 
dram[27]:         4         0         0         0         0         0         0         0         0         0         0         0         0         0         0         0 
dram[28]:         4         0         0         0         0         0         0         0         0         0         0         0         0         0         0         0 
dram[29]:         4         0         0         0         0         0         0         0         0         0         0         0         0         0         0         0 
dram[30]:         4         0         0         0         0         0         0         0         0         0         0         0         0         0         0         0 
dram[31]:         4         0         0         0         0         0         0         0         0         0         0         0         0         0         0         0 
dram[32]:         4         0         0         0         0         0         0         0         0         0         0         0         0         0         0         0 
dram[33]:         4         0         0         0         0         0         0         0         0         0         0         0         0         0         0         0 
dram[34]:         4         0         0         0         0         0         0         0         0         0         0         0         0         0         0         0 
dram[35]:         8         0         0         0         0         0         0         0         0         0         0         0         0         0         0         0 
dram[36]:         8         0         0         0         0         0         0         0         0         0         0         0         0         0         0         0 
dram[37]:         4         0         0         0         0         0         0         0         0         0         0         0         0         0         0         0 
dram[38]:         4         0         0         0         0         0         0         0         0         0         0         0         0         0         0         0 
dram[39]:         8         0         0         0         0         0         0         0         0         0         0         0         0         0         0         0 
total dram writes = 228
min_bank_accesses = 0!
chip skew: 12/4 = 3.00
average mf latency per bank:
dram[0]:        631      1923       631    none         634    none         631    none         633    none         631    none         634    none         630    none  
dram[1]:        633      1636       632    none         631    none         632    none         631    none         632    none         631    none         632    none  
dram[2]:        632      1635       631    none         634    none         632    none         634    none         635    none         632    none         631    none  
dram[3]:        631      1923       635    none         633    none         633    none         633    none         631    none         633    none         634    none  
dram[4]:        631      1923       633    none         632    none         631    none         633    none         632    none         632    none         632    none  
dram[5]:        631      1923       633    none         631    none         633    none         632    none         631    none         633    none         631    none  
dram[6]:        633      1923       634    none         632    none         632    none         633    none         632    none         633    none         633    none  
dram[7]:        631      1923       635    none         633    none         633    none         633    none         634    none         633    none         631    none  
dram[8]:        633      1923       633    none         632    none         633    none         632    none         630    none         630    none         634    none  
dram[9]:        631      1923       633    none         632    none         632    none         633    none         633    none         631    none         634    none  
dram[10]:        635      1496       634    none         633    none         630    none         633    none         632    none         634    none         632    none  
dram[11]:        634      1496       632    none         632    none         632    none         632    none         631    none         633    none         633    none  
dram[12]:        633      1496       631    none         634    none         630    none         632    none         631    none         630    none         630    none  
dram[13]:        631      1496       634    none         631    none         632    none         631    none         632    none         633    none         632    none  
dram[14]:        631      1496       633    none         633    none         633    none         633    none         632    none         633    none         631    none  
dram[15]:        631      1210       631    none         632    none         631    none         631    none         632    none         633    none         634    none  
dram[16]:        632      1210       631    none         630    none         633    none         630    none         632    none         631    none         632    none  
dram[17]:        632      1633       630    none         632    none         632    none         633    none         631    none         632    none         633    none  
dram[18]:        632    none         631    none         635    none         634    none         632    none         632    none         630    none         631    none  
dram[19]:        631    none         630    none         633    none         632    none         632    none         633    none         631    none         634    none  
dram[20]:        633      1496       631    none         631    none         634    none         629    none         633    none         633    none         632    none  
dram[21]:        632      1536       632    none         632    none         633    none         634    none         632    none         632    none         631    none  
dram[22]:        633      1534       631    none         634    none         633    none         634    none         630    none         633    none         633    none  
dram[23]:        632      1496       634    none         630    none         631    none         632    none         628    none         631    none         633    none  
dram[24]:        634      1496       633    none         631    none         629    none         630    none         633    none         632    none         632    none  
dram[25]:        633      1210       633    none         636    none         631    none         631    none         632    none         631    none         634    none  
dram[26]:        633      1210       634    none         630    none         633    none         632    none         631    none         633    none         632    none  
dram[27]:        633      1210       633    none         634    none         631    none         632    none         632    none         634    none         630    none  
dram[28]:        634      1210       632    none         633    none         631    none         632    none         630    none         632    none         632    none  
dram[29]:        631      1210       633    none         632    none         629    none         630    none         635    none         634    none         634    none  
dram[30]:        632      1923       634    none         630    none         633    none         632    none         633    none         631    none         632    none  
dram[31]:        632      1923       632    none         631    none         633    none         632    none         632    none         631    none         631    none  
dram[32]:        632      1923       633    none         633    none         634    none         632    none         629    none         633    none         634    none  
dram[33]:        632      1923       632    none         632    none         632    none         631    none         634    none         632    none         631    none  
dram[34]:        632      1923       634    none         632    none         632    none         631    none         634    none         632    none         632    none  
dram[35]:        633      2496       633    none         633    none         633    none         632    none         630    none         631    none         634    none  
dram[36]:        635      2496       631    none         634    none         632    none         632    none         631    none         633    none         632    none  
dram[37]:        631      2207       631    none         633    none         634    none         634    none         634    none         632    none         632    none  
dram[38]:        631      1105       629    none         633    none         632    none         632    none         632    none         632    none         633    none  
dram[39]:        632      1390       629    none         632    none         631    none         631    none         630    none         632    none         631    none  
maximum mf latency per bank:
dram[0]:        777       779       749         0       752         0       761         0       757         0       748         0       751         0       762         0
dram[1]:        779       780       768         0       766         0       765         0       769         0       759         0       768         0       761         0
dram[2]:        777       779       756         0       758         0       753         0       764         0       770         0       762         0       752         0
dram[3]:        777       779       760         0       761         0       762         0       751         0       756         0       760         0       752         0
dram[4]:        777       779       759         0       759         0       760         0       754         0       756         0       759         0       750         0
dram[5]:        777       779       761         0       752         0       751         0       749         0       758         0       755         0       757         0
dram[6]:        777       779       771         0       769         0       768         0       773         0       779         0       759         0       770         0
dram[7]:        777       779       767         0       760         0       763         0       767         0       761         0       762         0       744         0
dram[8]:        777       779       758         0       755         0       758         0       756         0       748         0       758         0       758         0
dram[9]:        777       779       753         0       755         0       751         0       767         0       762         0       753         0       757         0
dram[10]:        786       787       764         0       764         0       756         0       765         0       771         0       771         0       749         0
dram[11]:        786       787       750         0       755         0       746         0       758         0       754         0       757         0       754         0
dram[12]:        786       787       751         0       758         0       766         0       749         0       760         0       762         0       759         0
dram[13]:        786       787       750         0       759         0       744         0       758         0       756         0       758         0       748         0
dram[14]:        786       787       772         0       770         0       760         0       758         0       765         0       768         0       766         0
dram[15]:        786       787       751         0       743         0       750         0       748         0       750         0       754         0       751         0
dram[16]:        786       787       761         0       760         0       760         0       757         0       746         0       763         0       752         0
dram[17]:        755       774       755         0       754         0       751         0       748         0       745         0       756         0       744         0
dram[18]:        757       288       757         0       757         0       751         0       755         0       759         0       752         0       764         0
dram[19]:        774       288       758         0       758         0       756         0       763         0       755         0       746         0       751         0
dram[20]:        786       787       768         0       762         0       769         0       773         0       765         0       755         0       766         0
dram[21]:        783       779       773         0       769         0       777         0       776         0       773         0       767         0       774         0
dram[22]:        783       779       773         0       764         0       762         0       767         0       765         0       768         0       772         0
dram[23]:        786       787       763         0       766         0       765         0       754         0       764         0       753         0       763         0
dram[24]:        786       787       759         0       759         0       760         0       750         0       761         0       750         0       753         0
dram[25]:        786       787       765         0       769         0       766         0       756         0       768         0       761         0       769         0
dram[26]:        786       787       762         0       761         0       759         0       762         0       754         0       757         0       753         0
dram[27]:        786       787       775         0       753         0       763         0       777         0       771         0       765         0       771         0
dram[28]:        786       787       758         0       757         0       759         0       761         0       758         0       756         0       751         0
dram[29]:        786       787       761         0       762         0       766         0       766         0       749         0       770         0       766         0
dram[30]:        777       779       763         0       760         0       764         0       759         0       765         0       763         0       765         0
dram[31]:        778       779       770         0       763         0       771         0       766         0       764         0       759         0       767         0
dram[32]:        777       779       757         0       755         0       758         0       754         0       756         0       763         0       758         0
dram[33]:        777       779       773         0       771         0       774         0       762         0       772         0       769         0       773         0
dram[34]:        777       779       761         0       768         0       764         0       761         0       766         0       763         0       764         0
dram[35]:        777       779       768         0       753         0       767         0       764         0       762         0       772         0       767         0
dram[36]:        777       779       763         0       768         0       744         0       768         0       767         0       778         0       771         0
dram[37]:        779       777       764         0       767         0       765         0       760         0       760         0       760         0       754         0
dram[38]:        777       779       766         0       764         0       752         0       754         0       761         0       760         0       756         0
dram[39]:        777       779       763         0       760         0       759         0       764         0       753         0       764         0       759         0
LRC stats:
LRC_subpartition_num_lrc_to_l2_sectors.sum = 2335632
LRC_subpartition_num_icnt_to_lrc_sectors.sum = 2973024
Number of LRC to L2 sectors: 2335632
Number of ICNT to LRC sectors: 2973024
Number of LRC to L2 bytes: 74740224
Number of ICNT to LRC bytes: 95136768
LRC compression ratio: 1.272899
LRC_subpartition_l2_stall_due_to_lrc_full.sum = 0
Inter-chiplet stats:
interchip_read_requests = 1168758
interchip_write_requests = 684
Total inter-chiplet requests: 1169442
Memory Partition 0: 
Cache L2_bank_000:
MSHR contents

Cache L2_bank_001:
MSHR contents

In Dram Latency Queue (total = 0): 
DRAM[0]: 16 bks, busW=8 BL=4 CL=19, tRRD=6 tCCD=1, tRCD=19 tRAS=45 tRP=19 tRC=50
n_cmd=0 n_nop=0 n_act=0 n_pre=0 n_ref_event=0 n_req=0 n_rd=0 n_rd_L2_A=0 n_write=0 n_wr_bk=0 bw_util=-nan
n_activity=0 dram_eff=-nan
bk0: 0a 0i bk1: 0a 0i bk2: 0a 0i bk3: 0a 0i bk4: 0a 0i bk5: 0a 0i bk6: 0a 0i bk7: 0a 0i bk8: 0a 0i bk9: 0a 0i bk10: 0a 0i bk11: 0a 0i bk12: 0a 0i bk13: 0a 0i bk14: 0a 0i bk15: 0a 0i 

------------------------------------------------------------------------

Row_Buffer_Locality = -nan
Row_Buffer_Locality_read = -nan
Row_Buffer_Locality_write = -nan
Bank_Level_Parallism = -nan
Bank_Level_Parallism_Col = -nan
Bank_Level_Parallism_Ready = -nan
write_to_read_ratio_blp_rw_average = -nan
GrpLevelPara = -nan 

BW Util details:
bwutil = -nan 
total_CMD = 0 
util_bw = 0 
Wasted_Col = 0 
Wasted_Row = 0 
Idle = 0 

BW Util Bottlenecks: 
RCDc_limit = 0 
RCDWRc_limit = 0 
WTRc_limit = 0 
RTWc_limit = 0 
CCDLc_limit = 0 
rwq = 0 
CCDLc_limit_alone = 0 
WTRc_limit_alone = 0 
RTWc_limit_alone = 0 

Commands details: 
total_CMD = 0 
n_nop = 0 
Read = 0 
Write = 0 
L2_Alloc = 0 
L2_WB = 0 
n_act = 0 
n_pre = 0 
n_ref = 0 
n_req = 0 
total_req = 0 

Dual Bus Interface Util: 
issued_total_row = 0 
issued_total_col = 0 
Row_Bus_Util =  -nan 
CoL_Bus_Util = -nan 
Either_Row_CoL_Bus_Util = -nan 
Issued_on_Two_Bus_Simul_Util = -nan 
issued_two_Eff = -nan 
queue_avg = -nan 


dram_util_bins: 0 0 0 0 0 0 0 0 0 0
dram_eff_bins: 0 0 0 0 0 0 0 0 0 0
mrqq: max=0 avg=-nan
Memory Partition 1: 
Cache L2_bank_002:
MSHR contents

Cache L2_bank_003:
MSHR contents

In Dram Latency Queue (total = 0): 
DRAM[1]: 16 bks, busW=8 BL=4 CL=19, tRRD=6 tCCD=1, tRCD=19 tRAS=45 tRP=19 tRC=50
n_cmd=0 n_nop=0 n_act=0 n_pre=0 n_ref_event=0 n_req=0 n_rd=0 n_rd_L2_A=0 n_write=0 n_wr_bk=0 bw_util=-nan
n_activity=0 dram_eff=-nan
bk0: 0a 0i bk1: 0a 0i bk2: 0a 0i bk3: 0a 0i bk4: 0a 0i bk5: 0a 0i bk6: 0a 0i bk7: 0a 0i bk8: 0a 0i bk9: 0a 0i bk10: 0a 0i bk11: 0a 0i bk12: 0a 0i bk13: 0a 0i bk14: 0a 0i bk15: 0a 0i 

------------------------------------------------------------------------

Row_Buffer_Locality = -nan
Row_Buffer_Locality_read = -nan
Row_Buffer_Locality_write = -nan
Bank_Level_Parallism = -nan
Bank_Level_Parallism_Col = -nan
Bank_Level_Parallism_Ready = -nan
write_to_read_ratio_blp_rw_average = -nan
GrpLevelPara = -nan 

BW Util details:
bwutil = -nan 
total_CMD = 0 
util_bw = 0 
Wasted_Col = 0 
Wasted_Row = 0 
Idle = 0 

BW Util Bottlenecks: 
RCDc_limit = 0 
RCDWRc_limit = 0 
WTRc_limit = 0 
RTWc_limit = 0 
CCDLc_limit = 0 
rwq = 0 
CCDLc_limit_alone = 0 
WTRc_limit_alone = 0 
RTWc_limit_alone = 0 

Commands details: 
total_CMD = 0 
n_nop = 0 
Read = 0 
Write = 0 
L2_Alloc = 0 
L2_WB = 0 
n_act = 0 
n_pre = 0 
n_ref = 0 
n_req = 0 
total_req = 0 

Dual Bus Interface Util: 
issued_total_row = 0 
issued_total_col = 0 
Row_Bus_Util =  -nan 
CoL_Bus_Util = -nan 
Either_Row_CoL_Bus_Util = -nan 
Issued_on_Two_Bus_Simul_Util = -nan 
issued_two_Eff = -nan 
queue_avg = -nan 


dram_util_bins: 0 0 0 0 0 0 0 0 0 0
dram_eff_bins: 0 0 0 0 0 0 0 0 0 0
mrqq: max=0 avg=-nan
Memory Partition 2: 
Cache L2_bank_004:
MSHR contents

Cache L2_bank_005:
MSHR contents

In Dram Latency Queue (total = 0): 
DRAM[2]: 16 bks, busW=8 BL=4 CL=19, tRRD=6 tCCD=1, tRCD=19 tRAS=45 tRP=19 tRC=50
n_cmd=0 n_nop=0 n_act=0 n_pre=0 n_ref_event=0 n_req=0 n_rd=0 n_rd_L2_A=0 n_write=0 n_wr_bk=0 bw_util=-nan
n_activity=0 dram_eff=-nan
bk0: 0a 0i bk1: 0a 0i bk2: 0a 0i bk3: 0a 0i bk4: 0a 0i bk5: 0a 0i bk6: 0a 0i bk7: 0a 0i bk8: 0a 0i bk9: 0a 0i bk10: 0a 0i bk11: 0a 0i bk12: 0a 0i bk13: 0a 0i bk14: 0a 0i bk15: 0a 0i 

------------------------------------------------------------------------

Row_Buffer_Locality = -nan
Row_Buffer_Locality_read = -nan
Row_Buffer_Locality_write = -nan
Bank_Level_Parallism = -nan
Bank_Level_Parallism_Col = -nan
Bank_Level_Parallism_Ready = -nan
write_to_read_ratio_blp_rw_average = -nan
GrpLevelPara = -nan 

BW Util details:
bwutil = -nan 
total_CMD = 0 
util_bw = 0 
Wasted_Col = 0 
Wasted_Row = 0 
Idle = 0 

BW Util Bottlenecks: 
RCDc_limit = 0 
RCDWRc_limit = 0 
WTRc_limit = 0 
RTWc_limit = 0 
CCDLc_limit = 0 
rwq = 0 
CCDLc_limit_alone = 0 
WTRc_limit_alone = 0 
RTWc_limit_alone = 0 

Commands details: 
total_CMD = 0 
n_nop = 0 
Read = 0 
Write = 0 
L2_Alloc = 0 
L2_WB = 0 
n_act = 0 
n_pre = 0 
n_ref = 0 
n_req = 0 
total_req = 0 

Dual Bus Interface Util: 
issued_total_row = 0 
issued_total_col = 0 
Row_Bus_Util =  -nan 
CoL_Bus_Util = -nan 
Either_Row_CoL_Bus_Util = -nan 
Issued_on_Two_Bus_Simul_Util = -nan 
issued_two_Eff = -nan 
queue_avg = -nan 


dram_util_bins: 0 0 0 0 0 0 0 0 0 0
dram_eff_bins: 0 0 0 0 0 0 0 0 0 0
mrqq: max=0 avg=-nan
Memory Partition 3: 
Cache L2_bank_006:
MSHR contents

Cache L2_bank_007:
MSHR contents

In Dram Latency Queue (total = 0): 
DRAM[3]: 16 bks, busW=8 BL=4 CL=19, tRRD=6 tCCD=1, tRCD=19 tRAS=45 tRP=19 tRC=50
n_cmd=0 n_nop=0 n_act=0 n_pre=0 n_ref_event=94803077770592 n_req=0 n_rd=0 n_rd_L2_A=0 n_write=0 n_wr_bk=0 bw_util=-nan
n_activity=0 dram_eff=-nan
bk0: 0a 0i bk1: 0a 0i bk2: 0a 0i bk3: 0a 0i bk4: 0a 0i bk5: 0a 0i bk6: 0a 0i bk7: 0a 0i bk8: 0a 0i bk9: 0a 0i bk10: 0a 0i bk11: 0a 0i bk12: 0a 0i bk13: 0a 0i bk14: 0a 0i bk15: 0a 0i 

------------------------------------------------------------------------

Row_Buffer_Locality = -nan
Row_Buffer_Locality_read = -nan
Row_Buffer_Locality_write = -nan
Bank_Level_Parallism = -nan
Bank_Level_Parallism_Col = inf
Bank_Level_Parallism_Ready = -nan
write_to_read_ratio_blp_rw_average = -nan
GrpLevelPara = -nan 

BW Util details:
bwutil = -nan 
total_CMD = 0 
util_bw = 0 
Wasted_Col = 0 
Wasted_Row = 0 
Idle = 0 

BW Util Bottlenecks: 
RCDc_limit = 0 
RCDWRc_limit = 0 
WTRc_limit = 0 
RTWc_limit = 0 
CCDLc_limit = 0 
rwq = 0 
CCDLc_limit_alone = 0 
WTRc_limit_alone = 0 
RTWc_limit_alone = 0 

Commands details: 
total_CMD = 0 
n_nop = 0 
Read = 0 
Write = 0 
L2_Alloc = 0 
L2_WB = 0 
n_act = 0 
n_pre = 0 
n_ref = 94803077770592 
n_req = 0 
total_req = 0 

Dual Bus Interface Util: 
issued_total_row = 0 
issued_total_col = 0 
Row_Bus_Util =  -nan 
CoL_Bus_Util = -nan 
Either_Row_CoL_Bus_Util = -nan 
Issued_on_Two_Bus_Simul_Util = -nan 
issued_two_Eff = -nan 
queue_avg = -nan 


dram_util_bins: 0 0 0 0 0 0 0 0 0 0
dram_eff_bins: 0 0 0 0 0 0 0 0 0 0
mrqq: max=0 avg=-nan
Memory Partition 4: 
Cache L2_bank_008:
MSHR contents

Cache L2_bank_009:
MSHR contents

In Dram Latency Queue (total = 0): 
DRAM[4]: 16 bks, busW=8 BL=4 CL=19, tRRD=6 tCCD=1, tRCD=19 tRAS=45 tRP=19 tRC=50
n_cmd=0 n_nop=0 n_act=0 n_pre=0 n_ref_event=0 n_req=0 n_rd=0 n_rd_L2_A=0 n_write=0 n_wr_bk=0 bw_util=-nan
n_activity=0 dram_eff=-nan
bk0: 0a 0i bk1: 0a 0i bk2: 0a 0i bk3: 0a 0i bk4: 0a 0i bk5: 0a 0i bk6: 0a 0i bk7: 0a 0i bk8: 0a 0i bk9: 0a 0i bk10: 0a 0i bk11: 0a 0i bk12: 0a 0i bk13: 0a 0i bk14: 0a 0i bk15: 0a 0i 

------------------------------------------------------------------------

Row_Buffer_Locality = -nan
Row_Buffer_Locality_read = -nan
Row_Buffer_Locality_write = -nan
Bank_Level_Parallism = -nan
Bank_Level_Parallism_Col = -nan
Bank_Level_Parallism_Ready = -nan
write_to_read_ratio_blp_rw_average = -nan
GrpLevelPara = -nan 

BW Util details:
bwutil = -nan 
total_CMD = 0 
util_bw = 0 
Wasted_Col = 0 
Wasted_Row = 0 
Idle = 0 

BW Util Bottlenecks: 
RCDc_limit = 0 
RCDWRc_limit = 0 
WTRc_limit = 0 
RTWc_limit = 0 
CCDLc_limit = 0 
rwq = 0 
CCDLc_limit_alone = 0 
WTRc_limit_alone = 0 
RTWc_limit_alone = 0 

Commands details: 
total_CMD = 0 
n_nop = 0 
Read = 0 
Write = 0 
L2_Alloc = 0 
L2_WB = 0 
n_act = 0 
n_pre = 0 
n_ref = 0 
n_req = 0 
total_req = 0 

Dual Bus Interface Util: 
issued_total_row = 0 
issued_total_col = 0 
Row_Bus_Util =  -nan 
CoL_Bus_Util = -nan 
Either_Row_CoL_Bus_Util = -nan 
Issued_on_Two_Bus_Simul_Util = -nan 
issued_two_Eff = -nan 
queue_avg = -nan 


dram_util_bins: 0 0 0 0 0 0 0 0 0 0
dram_eff_bins: 0 0 0 0 0 0 0 0 0 0
mrqq: max=0 avg=-nan
Memory Partition 5: 
Cache L2_bank_010:
MSHR contents

Cache L2_bank_011:
MSHR contents

In Dram Latency Queue (total = 0): 
DRAM[5]: 16 bks, busW=8 BL=4 CL=19, tRRD=6 tCCD=1, tRCD=19 tRAS=45 tRP=19 tRC=50
n_cmd=0 n_nop=0 n_act=0 n_pre=0 n_ref_event=0 n_req=0 n_rd=0 n_rd_L2_A=0 n_write=0 n_wr_bk=0 bw_util=-nan
n_activity=0 dram_eff=-nan
bk0: 0a 0i bk1: 0a 0i bk2: 0a 0i bk3: 0a 0i bk4: 0a 0i bk5: 0a 0i bk6: 0a 0i bk7: 0a 0i bk8: 0a 0i bk9: 0a 0i bk10: 0a 0i bk11: 0a 0i bk12: 0a 0i bk13: 0a 0i bk14: 0a 0i bk15: 0a 0i 

------------------------------------------------------------------------

Row_Buffer_Locality = -nan
Row_Buffer_Locality_read = -nan
Row_Buffer_Locality_write = -nan
Bank_Level_Parallism = -nan
Bank_Level_Parallism_Col = -nan
Bank_Level_Parallism_Ready = -nan
write_to_read_ratio_blp_rw_average = -nan
GrpLevelPara = -nan 

BW Util details:
bwutil = -nan 
total_CMD = 0 
util_bw = 0 
Wasted_Col = 0 
Wasted_Row = 0 
Idle = 0 

BW Util Bottlenecks: 
RCDc_limit = 0 
RCDWRc_limit = 0 
WTRc_limit = 0 
RTWc_limit = 0 
CCDLc_limit = 0 
rwq = 0 
CCDLc_limit_alone = 0 
WTRc_limit_alone = 0 
RTWc_limit_alone = 0 

Commands details: 
total_CMD = 0 
n_nop = 0 
Read = 0 
Write = 0 
L2_Alloc = 0 
L2_WB = 0 
n_act = 0 
n_pre = 0 
n_ref = 0 
n_req = 0 
total_req = 0 

Dual Bus Interface Util: 
issued_total_row = 0 
issued_total_col = 0 
Row_Bus_Util =  -nan 
CoL_Bus_Util = -nan 
Either_Row_CoL_Bus_Util = -nan 
Issued_on_Two_Bus_Simul_Util = -nan 
issued_two_Eff = -nan 
queue_avg = -nan 


dram_util_bins: 0 0 0 0 0 0 0 0 0 0
dram_eff_bins: 0 0 0 0 0 0 0 0 0 0
mrqq: max=0 avg=-nan
Memory Partition 6: 
Cache L2_bank_012:
MSHR contents

Cache L2_bank_013:
MSHR contents

In Dram Latency Queue (total = 0): 
DRAM[6]: 16 bks, busW=8 BL=4 CL=19, tRRD=6 tCCD=1, tRCD=19 tRAS=45 tRP=19 tRC=50
n_cmd=0 n_nop=0 n_act=0 n_pre=0 n_ref_event=0 n_req=0 n_rd=0 n_rd_L2_A=0 n_write=0 n_wr_bk=0 bw_util=-nan
n_activity=0 dram_eff=-nan
bk0: 0a 0i bk1: 0a 0i bk2: 0a 0i bk3: 0a 0i bk4: 0a 0i bk5: 0a 0i bk6: 0a 0i bk7: 0a 0i bk8: 0a 0i bk9: 0a 0i bk10: 0a 0i bk11: 0a 0i bk12: 0a 0i bk13: 0a 0i bk14: 0a 0i bk15: 0a 0i 

------------------------------------------------------------------------

Row_Buffer_Locality = -nan
Row_Buffer_Locality_read = -nan
Row_Buffer_Locality_write = -nan
Bank_Level_Parallism = -nan
Bank_Level_Parallism_Col = -nan
Bank_Level_Parallism_Ready = -nan
write_to_read_ratio_blp_rw_average = -nan
GrpLevelPara = -nan 

BW Util details:
bwutil = -nan 
total_CMD = 0 
util_bw = 0 
Wasted_Col = 0 
Wasted_Row = 0 
Idle = 0 

BW Util Bottlenecks: 
RCDc_limit = 0 
RCDWRc_limit = 0 
WTRc_limit = 0 
RTWc_limit = 0 
CCDLc_limit = 0 
rwq = 0 
CCDLc_limit_alone = 0 
WTRc_limit_alone = 0 
RTWc_limit_alone = 0 

Commands details: 
total_CMD = 0 
n_nop = 0 
Read = 0 
Write = 0 
L2_Alloc = 0 
L2_WB = 0 
n_act = 0 
n_pre = 0 
n_ref = 0 
n_req = 0 
total_req = 0 

Dual Bus Interface Util: 
issued_total_row = 0 
issued_total_col = 0 
Row_Bus_Util =  -nan 
CoL_Bus_Util = -nan 
Either_Row_CoL_Bus_Util = -nan 
Issued_on_Two_Bus_Simul_Util = -nan 
issued_two_Eff = -nan 
queue_avg = -nan 


dram_util_bins: 0 0 0 0 0 0 0 0 0 0
dram_eff_bins: 0 0 0 0 0 0 0 0 0 0
mrqq: max=0 avg=-nan
Memory Partition 7: 
Cache L2_bank_014:
MSHR contents

Cache L2_bank_015:
MSHR contents

In Dram Latency Queue (total = 0): 
DRAM[7]: 16 bks, busW=8 BL=4 CL=19, tRRD=6 tCCD=1, tRCD=19 tRAS=45 tRP=19 tRC=50
n_cmd=0 n_nop=0 n_act=0 n_pre=0 n_ref_event=0 n_req=0 n_rd=0 n_rd_L2_A=0 n_write=0 n_wr_bk=0 bw_util=-nan
n_activity=0 dram_eff=-nan
bk0: 0a 0i bk1: 0a 0i bk2: 0a 0i bk3: 0a 0i bk4: 0a 0i bk5: 0a 0i bk6: 0a 0i bk7: 0a 0i bk8: 0a 0i bk9: 0a 0i bk10: 0a 0i bk11: 0a 0i bk12: 0a 0i bk13: 0a 0i bk14: 0a 0i bk15: 0a 0i 

------------------------------------------------------------------------

Row_Buffer_Locality = -nan
Row_Buffer_Locality_read = -nan
Row_Buffer_Locality_write = -nan
Bank_Level_Parallism = -nan
Bank_Level_Parallism_Col = -nan
Bank_Level_Parallism_Ready = -nan
write_to_read_ratio_blp_rw_average = -nan
GrpLevelPara = -nan 

BW Util details:
bwutil = -nan 
total_CMD = 0 
util_bw = 0 
Wasted_Col = 0 
Wasted_Row = 0 
Idle = 0 

BW Util Bottlenecks: 
RCDc_limit = 0 
RCDWRc_limit = 0 
WTRc_limit = 0 
RTWc_limit = 0 
CCDLc_limit = 0 
rwq = 0 
CCDLc_limit_alone = 0 
WTRc_limit_alone = 0 
RTWc_limit_alone = 0 

Commands details: 
total_CMD = 0 
n_nop = 0 
Read = 0 
Write = 0 
L2_Alloc = 0 
L2_WB = 0 
n_act = 0 
n_pre = 0 
n_ref = 0 
n_req = 0 
total_req = 0 

Dual Bus Interface Util: 
issued_total_row = 0 
issued_total_col = 0 
Row_Bus_Util =  -nan 
CoL_Bus_Util = -nan 
Either_Row_CoL_Bus_Util = -nan 
Issued_on_Two_Bus_Simul_Util = -nan 
issued_two_Eff = -nan 
queue_avg = -nan 


dram_util_bins: 0 0 0 0 0 0 0 0 0 0
dram_eff_bins: 0 0 0 0 0 0 0 0 0 0
mrqq: max=0 avg=-nan
Memory Partition 8: 
Cache L2_bank_016:
MSHR contents

Cache L2_bank_017:
MSHR contents

In Dram Latency Queue (total = 0): 
DRAM[8]: 16 bks, busW=8 BL=4 CL=19, tRRD=6 tCCD=1, tRCD=19 tRAS=45 tRP=19 tRC=50
n_cmd=0 n_nop=0 n_act=0 n_pre=0 n_ref_event=0 n_req=0 n_rd=0 n_rd_L2_A=0 n_write=0 n_wr_bk=0 bw_util=-nan
n_activity=0 dram_eff=-nan
bk0: 0a 0i bk1: 0a 0i bk2: 0a 0i bk3: 0a 0i bk4: 0a 0i bk5: 0a 0i bk6: 0a 0i bk7: 0a 0i bk8: 0a 0i bk9: 0a 0i bk10: 0a 0i bk11: 0a 0i bk12: 0a 0i bk13: 0a 0i bk14: 0a 0i bk15: 0a 0i 

------------------------------------------------------------------------

Row_Buffer_Locality = -nan
Row_Buffer_Locality_read = -nan
Row_Buffer_Locality_write = -nan
Bank_Level_Parallism = -nan
Bank_Level_Parallism_Col = -nan
Bank_Level_Parallism_Ready = -nan
write_to_read_ratio_blp_rw_average = -nan
GrpLevelPara = -nan 

BW Util details:
bwutil = -nan 
total_CMD = 0 
util_bw = 0 
Wasted_Col = 0 
Wasted_Row = 0 
Idle = 0 

BW Util Bottlenecks: 
RCDc_limit = 0 
RCDWRc_limit = 0 
WTRc_limit = 0 
RTWc_limit = 0 
CCDLc_limit = 0 
rwq = 0 
CCDLc_limit_alone = 0 
WTRc_limit_alone = 0 
RTWc_limit_alone = 0 

Commands details: 
total_CMD = 0 
n_nop = 0 
Read = 0 
Write = 0 
L2_Alloc = 0 
L2_WB = 0 
n_act = 0 
n_pre = 0 
n_ref = 0 
n_req = 0 
total_req = 0 

Dual Bus Interface Util: 
issued_total_row = 0 
issued_total_col = 0 
Row_Bus_Util =  -nan 
CoL_Bus_Util = -nan 
Either_Row_CoL_Bus_Util = -nan 
Issued_on_Two_Bus_Simul_Util = -nan 
issued_two_Eff = -nan 
queue_avg = -nan 


dram_util_bins: 0 0 0 0 0 0 0 0 0 0
dram_eff_bins: 0 0 0 0 0 0 0 0 0 0
mrqq: max=0 avg=-nan
Memory Partition 9: 
Cache L2_bank_018:
MSHR contents

Cache L2_bank_019:
MSHR contents

In Dram Latency Queue (total = 0): 
DRAM[9]: 16 bks, busW=8 BL=4 CL=19, tRRD=6 tCCD=1, tRCD=19 tRAS=45 tRP=19 tRC=50
n_cmd=0 n_nop=0 n_act=0 n_pre=0 n_ref_event=0 n_req=0 n_rd=0 n_rd_L2_A=0 n_write=0 n_wr_bk=0 bw_util=-nan
n_activity=0 dram_eff=-nan
bk0: 0a 0i bk1: 0a 0i bk2: 0a 0i bk3: 0a 0i bk4: 0a 0i bk5: 0a 0i bk6: 0a 0i bk7: 0a 0i bk8: 0a 0i bk9: 0a 0i bk10: 0a 0i bk11: 0a 0i bk12: 0a 0i bk13: 0a 0i bk14: 0a 0i bk15: 0a 0i 

------------------------------------------------------------------------

Row_Buffer_Locality = -nan
Row_Buffer_Locality_read = -nan
Row_Buffer_Locality_write = -nan
Bank_Level_Parallism = -nan
Bank_Level_Parallism_Col = -nan
Bank_Level_Parallism_Ready = -nan
write_to_read_ratio_blp_rw_average = -nan
GrpLevelPara = -nan 

BW Util details:
bwutil = -nan 
total_CMD = 0 
util_bw = 0 
Wasted_Col = 0 
Wasted_Row = 0 
Idle = 0 

BW Util Bottlenecks: 
RCDc_limit = 0 
RCDWRc_limit = 0 
WTRc_limit = 0 
RTWc_limit = 0 
CCDLc_limit = 0 
rwq = 0 
CCDLc_limit_alone = 0 
WTRc_limit_alone = 0 
RTWc_limit_alone = 0 

Commands details: 
total_CMD = 0 
n_nop = 0 
Read = 0 
Write = 0 
L2_Alloc = 0 
L2_WB = 0 
n_act = 0 
n_pre = 0 
n_ref = 0 
n_req = 0 
total_req = 0 

Dual Bus Interface Util: 
issued_total_row = 0 
issued_total_col = 0 
Row_Bus_Util =  -nan 
CoL_Bus_Util = -nan 
Either_Row_CoL_Bus_Util = -nan 
Issued_on_Two_Bus_Simul_Util = -nan 
issued_two_Eff = -nan 
queue_avg = -nan 


dram_util_bins: 0 0 0 0 0 0 0 0 0 0
dram_eff_bins: 0 0 0 0 0 0 0 0 0 0
mrqq: max=0 avg=-nan
Memory Partition 10: 
Cache L2_bank_020:
MSHR contents

Cache L2_bank_021:
MSHR contents

In Dram Latency Queue (total = 0): 
DRAM[10]: 16 bks, busW=8 BL=4 CL=19, tRRD=6 tCCD=1, tRCD=19 tRAS=45 tRP=19 tRC=50
n_cmd=0 n_nop=0 n_act=0 n_pre=0 n_ref_event=0 n_req=0 n_rd=0 n_rd_L2_A=0 n_write=0 n_wr_bk=0 bw_util=-nan
n_activity=0 dram_eff=-nan
bk0: 0a 0i bk1: 0a 0i bk2: 0a 0i bk3: 0a 0i bk4: 0a 0i bk5: 0a 0i bk6: 0a 0i bk7: 0a 0i bk8: 0a 0i bk9: 0a 0i bk10: 0a 0i bk11: 0a 0i bk12: 0a 0i bk13: 0a 0i bk14: 0a 0i bk15: 0a 0i 

------------------------------------------------------------------------

Row_Buffer_Locality = -nan
Row_Buffer_Locality_read = -nan
Row_Buffer_Locality_write = -nan
Bank_Level_Parallism = -nan
Bank_Level_Parallism_Col = -nan
Bank_Level_Parallism_Ready = -nan
write_to_read_ratio_blp_rw_average = -nan
GrpLevelPara = -nan 

BW Util details:
bwutil = -nan 
total_CMD = 0 
util_bw = 0 
Wasted_Col = 0 
Wasted_Row = 0 
Idle = 0 

BW Util Bottlenecks: 
RCDc_limit = 0 
RCDWRc_limit = 0 
WTRc_limit = 0 
RTWc_limit = 0 
CCDLc_limit = 0 
rwq = 0 
CCDLc_limit_alone = 0 
WTRc_limit_alone = 0 
RTWc_limit_alone = 0 

Commands details: 
total_CMD = 0 
n_nop = 0 
Read = 0 
Write = 0 
L2_Alloc = 0 
L2_WB = 0 
n_act = 0 
n_pre = 0 
n_ref = 0 
n_req = 0 
total_req = 0 

Dual Bus Interface Util: 
issued_total_row = 0 
issued_total_col = 0 
Row_Bus_Util =  -nan 
CoL_Bus_Util = -nan 
Either_Row_CoL_Bus_Util = -nan 
Issued_on_Two_Bus_Simul_Util = -nan 
issued_two_Eff = -nan 
queue_avg = -nan 


dram_util_bins: 0 0 0 0 0 0 0 0 0 0
dram_eff_bins: 0 0 0 0 0 0 0 0 0 0
mrqq: max=0 avg=-nan
Memory Partition 11: 
Cache L2_bank_022:
MSHR contents

Cache L2_bank_023:
MSHR contents

In Dram Latency Queue (total = 0): 
DRAM[11]: 16 bks, busW=8 BL=4 CL=19, tRRD=6 tCCD=1, tRCD=19 tRAS=45 tRP=19 tRC=50
n_cmd=0 n_nop=0 n_act=0 n_pre=0 n_ref_event=0 n_req=0 n_rd=0 n_rd_L2_A=0 n_write=0 n_wr_bk=0 bw_util=-nan
n_activity=0 dram_eff=-nan
bk0: 0a 0i bk1: 0a 0i bk2: 0a 0i bk3: 0a 0i bk4: 0a 0i bk5: 0a 0i bk6: 0a 0i bk7: 0a 0i bk8: 0a 0i bk9: 0a 0i bk10: 0a 0i bk11: 0a 0i bk12: 0a 0i bk13: 0a 0i bk14: 0a 0i bk15: 0a 0i 

------------------------------------------------------------------------

Row_Buffer_Locality = -nan
Row_Buffer_Locality_read = -nan
Row_Buffer_Locality_write = -nan
Bank_Level_Parallism = -nan
Bank_Level_Parallism_Col = -nan
Bank_Level_Parallism_Ready = -nan
write_to_read_ratio_blp_rw_average = -nan
GrpLevelPara = -nan 

BW Util details:
bwutil = -nan 
total_CMD = 0 
util_bw = 0 
Wasted_Col = 0 
Wasted_Row = 0 
Idle = 0 

BW Util Bottlenecks: 
RCDc_limit = 0 
RCDWRc_limit = 0 
WTRc_limit = 0 
RTWc_limit = 0 
CCDLc_limit = 0 
rwq = 0 
CCDLc_limit_alone = 0 
WTRc_limit_alone = 0 
RTWc_limit_alone = 0 

Commands details: 
total_CMD = 0 
n_nop = 0 
Read = 0 
Write = 0 
L2_Alloc = 0 
L2_WB = 0 
n_act = 0 
n_pre = 0 
n_ref = 0 
n_req = 0 
total_req = 0 

Dual Bus Interface Util: 
issued_total_row = 0 
issued_total_col = 0 
Row_Bus_Util =  -nan 
CoL_Bus_Util = -nan 
Either_Row_CoL_Bus_Util = -nan 
Issued_on_Two_Bus_Simul_Util = -nan 
issued_two_Eff = -nan 
queue_avg = -nan 


dram_util_bins: 0 0 0 0 0 0 0 0 0 0
dram_eff_bins: 0 0 0 0 0 0 0 0 0 0
mrqq: max=0 avg=-nan
Memory Partition 12: 
Cache L2_bank_024:
MSHR contents

Cache L2_bank_025:
MSHR contents

In Dram Latency Queue (total = 0): 
DRAM[12]: 16 bks, busW=8 BL=4 CL=19, tRRD=6 tCCD=1, tRCD=19 tRAS=45 tRP=19 tRC=50
n_cmd=0 n_nop=0 n_act=0 n_pre=0 n_ref_event=0 n_req=0 n_rd=0 n_rd_L2_A=0 n_write=0 n_wr_bk=0 bw_util=-nan
n_activity=0 dram_eff=-nan
bk0: 0a 0i bk1: 0a 0i bk2: 0a 0i bk3: 0a 0i bk4: 0a 0i bk5: 0a 0i bk6: 0a 0i bk7: 0a 0i bk8: 0a 0i bk9: 0a 0i bk10: 0a 0i bk11: 0a 0i bk12: 0a 0i bk13: 0a 0i bk14: 0a 0i bk15: 0a 0i 

------------------------------------------------------------------------

Row_Buffer_Locality = -nan
Row_Buffer_Locality_read = -nan
Row_Buffer_Locality_write = -nan
Bank_Level_Parallism = -nan
Bank_Level_Parallism_Col = -nan
Bank_Level_Parallism_Ready = -nan
write_to_read_ratio_blp_rw_average = -nan
GrpLevelPara = -nan 

BW Util details:
bwutil = -nan 
total_CMD = 0 
util_bw = 0 
Wasted_Col = 0 
Wasted_Row = 0 
Idle = 0 

BW Util Bottlenecks: 
RCDc_limit = 0 
RCDWRc_limit = 0 
WTRc_limit = 0 
RTWc_limit = 0 
CCDLc_limit = 0 
rwq = 0 
CCDLc_limit_alone = 0 
WTRc_limit_alone = 0 
RTWc_limit_alone = 0 

Commands details: 
total_CMD = 0 
n_nop = 0 
Read = 0 
Write = 0 
L2_Alloc = 0 
L2_WB = 0 
n_act = 0 
n_pre = 0 
n_ref = 0 
n_req = 0 
total_req = 0 

Dual Bus Interface Util: 
issued_total_row = 0 
issued_total_col = 0 
Row_Bus_Util =  -nan 
CoL_Bus_Util = -nan 
Either_Row_CoL_Bus_Util = -nan 
Issued_on_Two_Bus_Simul_Util = -nan 
issued_two_Eff = -nan 
queue_avg = -nan 


dram_util_bins: 0 0 0 0 0 0 0 0 0 0
dram_eff_bins: 0 0 0 0 0 0 0 0 0 0
mrqq: max=0 avg=-nan
Memory Partition 13: 
Cache L2_bank_026:
MSHR contents

Cache L2_bank_027:
MSHR contents

In Dram Latency Queue (total = 0): 
DRAM[13]: 16 bks, busW=8 BL=4 CL=19, tRRD=6 tCCD=1, tRCD=19 tRAS=45 tRP=19 tRC=50
n_cmd=0 n_nop=0 n_act=0 n_pre=0 n_ref_event=0 n_req=0 n_rd=0 n_rd_L2_A=0 n_write=0 n_wr_bk=0 bw_util=-nan
n_activity=0 dram_eff=-nan
bk0: 0a 0i bk1: 0a 0i bk2: 0a 0i bk3: 0a 0i bk4: 0a 0i bk5: 0a 0i bk6: 0a 0i bk7: 0a 0i bk8: 0a 0i bk9: 0a 0i bk10: 0a 0i bk11: 0a 0i bk12: 0a 0i bk13: 0a 0i bk14: 0a 0i bk15: 0a 0i 

------------------------------------------------------------------------

Row_Buffer_Locality = -nan
Row_Buffer_Locality_read = -nan
Row_Buffer_Locality_write = -nan
Bank_Level_Parallism = -nan
Bank_Level_Parallism_Col = -nan
Bank_Level_Parallism_Ready = -nan
write_to_read_ratio_blp_rw_average = -nan
GrpLevelPara = -nan 

BW Util details:
bwutil = -nan 
total_CMD = 0 
util_bw = 0 
Wasted_Col = 0 
Wasted_Row = 0 
Idle = 0 

BW Util Bottlenecks: 
RCDc_limit = 0 
RCDWRc_limit = 0 
WTRc_limit = 0 
RTWc_limit = 0 
CCDLc_limit = 0 
rwq = 0 
CCDLc_limit_alone = 0 
WTRc_limit_alone = 0 
RTWc_limit_alone = 0 

Commands details: 
total_CMD = 0 
n_nop = 0 
Read = 0 
Write = 0 
L2_Alloc = 0 
L2_WB = 0 
n_act = 0 
n_pre = 0 
n_ref = 0 
n_req = 0 
total_req = 0 

Dual Bus Interface Util: 
issued_total_row = 0 
issued_total_col = 0 
Row_Bus_Util =  -nan 
CoL_Bus_Util = -nan 
Either_Row_CoL_Bus_Util = -nan 
Issued_on_Two_Bus_Simul_Util = -nan 
issued_two_Eff = -nan 
queue_avg = -nan 


dram_util_bins: 0 0 0 0 0 0 0 0 0 0
dram_eff_bins: 0 0 0 0 0 0 0 0 0 0
mrqq: max=0 avg=-nan
Memory Partition 14: 
Cache L2_bank_028:
MSHR contents

Cache L2_bank_029:
MSHR contents

In Dram Latency Queue (total = 0): 
DRAM[14]: 16 bks, busW=8 BL=4 CL=19, tRRD=6 tCCD=1, tRCD=19 tRAS=45 tRP=19 tRC=50
n_cmd=0 n_nop=0 n_act=0 n_pre=0 n_ref_event=0 n_req=0 n_rd=0 n_rd_L2_A=0 n_write=0 n_wr_bk=0 bw_util=-nan
n_activity=0 dram_eff=-nan
bk0: 0a 0i bk1: 0a 0i bk2: 0a 0i bk3: 0a 0i bk4: 0a 0i bk5: 0a 0i bk6: 0a 0i bk7: 0a 0i bk8: 0a 0i bk9: 0a 0i bk10: 0a 0i bk11: 0a 0i bk12: 0a 0i bk13: 0a 0i bk14: 0a 0i bk15: 0a 0i 

------------------------------------------------------------------------

Row_Buffer_Locality = -nan
Row_Buffer_Locality_read = -nan
Row_Buffer_Locality_write = -nan
Bank_Level_Parallism = -nan
Bank_Level_Parallism_Col = -nan
Bank_Level_Parallism_Ready = -nan
write_to_read_ratio_blp_rw_average = -nan
GrpLevelPara = -nan 

BW Util details:
bwutil = -nan 
total_CMD = 0 
util_bw = 0 
Wasted_Col = 0 
Wasted_Row = 0 
Idle = 0 

BW Util Bottlenecks: 
RCDc_limit = 0 
RCDWRc_limit = 0 
WTRc_limit = 0 
RTWc_limit = 0 
CCDLc_limit = 0 
rwq = 0 
CCDLc_limit_alone = 0 
WTRc_limit_alone = 0 
RTWc_limit_alone = 0 

Commands details: 
total_CMD = 0 
n_nop = 0 
Read = 0 
Write = 0 
L2_Alloc = 0 
L2_WB = 0 
n_act = 0 
n_pre = 0 
n_ref = 0 
n_req = 0 
total_req = 0 

Dual Bus Interface Util: 
issued_total_row = 0 
issued_total_col = 0 
Row_Bus_Util =  -nan 
CoL_Bus_Util = -nan 
Either_Row_CoL_Bus_Util = -nan 
Issued_on_Two_Bus_Simul_Util = -nan 
issued_two_Eff = -nan 
queue_avg = -nan 


dram_util_bins: 0 0 0 0 0 0 0 0 0 0
dram_eff_bins: 0 0 0 0 0 0 0 0 0 0
mrqq: max=0 avg=-nan
Memory Partition 15: 
Cache L2_bank_030:
MSHR contents

Cache L2_bank_031:
MSHR contents

In Dram Latency Queue (total = 0): 
DRAM[15]: 16 bks, busW=8 BL=4 CL=19, tRRD=6 tCCD=1, tRCD=19 tRAS=45 tRP=19 tRC=50
n_cmd=0 n_nop=0 n_act=0 n_pre=0 n_ref_event=0 n_req=0 n_rd=0 n_rd_L2_A=0 n_write=0 n_wr_bk=0 bw_util=-nan
n_activity=0 dram_eff=-nan
bk0: 0a 0i bk1: 0a 0i bk2: 0a 0i bk3: 0a 0i bk4: 0a 0i bk5: 0a 0i bk6: 0a 0i bk7: 0a 0i bk8: 0a 0i bk9: 0a 0i bk10: 0a 0i bk11: 0a 0i bk12: 0a 0i bk13: 0a 0i bk14: 0a 0i bk15: 0a 0i 

------------------------------------------------------------------------

Row_Buffer_Locality = -nan
Row_Buffer_Locality_read = -nan
Row_Buffer_Locality_write = -nan
Bank_Level_Parallism = -nan
Bank_Level_Parallism_Col = -nan
Bank_Level_Parallism_Ready = -nan
write_to_read_ratio_blp_rw_average = -nan
GrpLevelPara = -nan 

BW Util details:
bwutil = -nan 
total_CMD = 0 
util_bw = 0 
Wasted_Col = 0 
Wasted_Row = 0 
Idle = 0 

BW Util Bottlenecks: 
RCDc_limit = 0 
RCDWRc_limit = 0 
WTRc_limit = 0 
RTWc_limit = 0 
CCDLc_limit = 0 
rwq = 0 
CCDLc_limit_alone = 0 
WTRc_limit_alone = 0 
RTWc_limit_alone = 0 

Commands details: 
total_CMD = 0 
n_nop = 0 
Read = 0 
Write = 0 
L2_Alloc = 0 
L2_WB = 0 
n_act = 0 
n_pre = 0 
n_ref = 0 
n_req = 0 
total_req = 0 

Dual Bus Interface Util: 
issued_total_row = 0 
issued_total_col = 0 
Row_Bus_Util =  -nan 
CoL_Bus_Util = -nan 
Either_Row_CoL_Bus_Util = -nan 
Issued_on_Two_Bus_Simul_Util = -nan 
issued_two_Eff = -nan 
queue_avg = -nan 


dram_util_bins: 0 0 0 0 0 0 0 0 0 0
dram_eff_bins: 0 0 0 0 0 0 0 0 0 0
mrqq: max=0 avg=-nan
Memory Partition 16: 
Cache L2_bank_032:
MSHR contents

Cache L2_bank_033:
MSHR contents

In Dram Latency Queue (total = 0): 
DRAM[16]: 16 bks, busW=8 BL=4 CL=19, tRRD=6 tCCD=1, tRCD=19 tRAS=45 tRP=19 tRC=50
n_cmd=0 n_nop=0 n_act=0 n_pre=0 n_ref_event=0 n_req=0 n_rd=0 n_rd_L2_A=0 n_write=0 n_wr_bk=0 bw_util=-nan
n_activity=0 dram_eff=-nan
bk0: 0a 0i bk1: 0a 0i bk2: 0a 0i bk3: 0a 0i bk4: 0a 0i bk5: 0a 0i bk6: 0a 0i bk7: 0a 0i bk8: 0a 0i bk9: 0a 0i bk10: 0a 0i bk11: 0a 0i bk12: 0a 0i bk13: 0a 0i bk14: 0a 0i bk15: 0a 0i 

------------------------------------------------------------------------

Row_Buffer_Locality = -nan
Row_Buffer_Locality_read = -nan
Row_Buffer_Locality_write = -nan
Bank_Level_Parallism = -nan
Bank_Level_Parallism_Col = -nan
Bank_Level_Parallism_Ready = -nan
write_to_read_ratio_blp_rw_average = -nan
GrpLevelPara = -nan 

BW Util details:
bwutil = -nan 
total_CMD = 0 
util_bw = 0 
Wasted_Col = 0 
Wasted_Row = 0 
Idle = 0 

BW Util Bottlenecks: 
RCDc_limit = 0 
RCDWRc_limit = 0 
WTRc_limit = 0 
RTWc_limit = 0 
CCDLc_limit = 0 
rwq = 0 
CCDLc_limit_alone = 0 
WTRc_limit_alone = 0 
RTWc_limit_alone = 0 

Commands details: 
total_CMD = 0 
n_nop = 0 
Read = 0 
Write = 0 
L2_Alloc = 0 
L2_WB = 0 
n_act = 0 
n_pre = 0 
n_ref = 0 
n_req = 0 
total_req = 0 

Dual Bus Interface Util: 
issued_total_row = 0 
issued_total_col = 0 
Row_Bus_Util =  -nan 
CoL_Bus_Util = -nan 
Either_Row_CoL_Bus_Util = -nan 
Issued_on_Two_Bus_Simul_Util = -nan 
issued_two_Eff = -nan 
queue_avg = -nan 


dram_util_bins: 0 0 0 0 0 0 0 0 0 0
dram_eff_bins: 0 0 0 0 0 0 0 0 0 0
mrqq: max=0 avg=-nan
Memory Partition 17: 
Cache L2_bank_034:
MSHR contents

Cache L2_bank_035:
MSHR contents

In Dram Latency Queue (total = 0): 
DRAM[17]: 16 bks, busW=8 BL=4 CL=19, tRRD=6 tCCD=1, tRCD=19 tRAS=45 tRP=19 tRC=50
n_cmd=0 n_nop=0 n_act=0 n_pre=0 n_ref_event=0 n_req=0 n_rd=0 n_rd_L2_A=0 n_write=0 n_wr_bk=0 bw_util=-nan
n_activity=0 dram_eff=-nan
bk0: 0a 0i bk1: 0a 0i bk2: 0a 0i bk3: 0a 0i bk4: 0a 0i bk5: 0a 0i bk6: 0a 0i bk7: 0a 0i bk8: 0a 0i bk9: 0a 0i bk10: 0a 0i bk11: 0a 0i bk12: 0a 0i bk13: 0a 0i bk14: 0a 0i bk15: 0a 0i 

------------------------------------------------------------------------

Row_Buffer_Locality = -nan
Row_Buffer_Locality_read = -nan
Row_Buffer_Locality_write = -nan
Bank_Level_Parallism = -nan
Bank_Level_Parallism_Col = -nan
Bank_Level_Parallism_Ready = -nan
write_to_read_ratio_blp_rw_average = -nan
GrpLevelPara = -nan 

BW Util details:
bwutil = -nan 
total_CMD = 0 
util_bw = 0 
Wasted_Col = 0 
Wasted_Row = 0 
Idle = 0 

BW Util Bottlenecks: 
RCDc_limit = 0 
RCDWRc_limit = 0 
WTRc_limit = 0 
RTWc_limit = 0 
CCDLc_limit = 0 
rwq = 0 
CCDLc_limit_alone = 0 
WTRc_limit_alone = 0 
RTWc_limit_alone = 0 

Commands details: 
total_CMD = 0 
n_nop = 0 
Read = 0 
Write = 0 
L2_Alloc = 0 
L2_WB = 0 
n_act = 0 
n_pre = 0 
n_ref = 0 
n_req = 0 
total_req = 0 

Dual Bus Interface Util: 
issued_total_row = 0 
issued_total_col = 0 
Row_Bus_Util =  -nan 
CoL_Bus_Util = -nan 
Either_Row_CoL_Bus_Util = -nan 
Issued_on_Two_Bus_Simul_Util = -nan 
issued_two_Eff = -nan 
queue_avg = -nan 


dram_util_bins: 0 0 0 0 0 0 0 0 0 0
dram_eff_bins: 0 0 0 0 0 0 0 0 0 0
mrqq: max=0 avg=-nan
Memory Partition 18: 
Cache L2_bank_036:
MSHR contents

Cache L2_bank_037:
MSHR contents

In Dram Latency Queue (total = 0): 
DRAM[18]: 16 bks, busW=8 BL=4 CL=19, tRRD=6 tCCD=1, tRCD=19 tRAS=45 tRP=19 tRC=50
n_cmd=0 n_nop=0 n_act=0 n_pre=0 n_ref_event=0 n_req=0 n_rd=0 n_rd_L2_A=0 n_write=0 n_wr_bk=0 bw_util=-nan
n_activity=0 dram_eff=-nan
bk0: 0a 0i bk1: 0a 0i bk2: 0a 0i bk3: 0a 0i bk4: 0a 0i bk5: 0a 0i bk6: 0a 0i bk7: 0a 0i bk8: 0a 0i bk9: 0a 0i bk10: 0a 0i bk11: 0a 0i bk12: 0a 0i bk13: 0a 0i bk14: 0a 0i bk15: 0a 0i 

------------------------------------------------------------------------

Row_Buffer_Locality = -nan
Row_Buffer_Locality_read = -nan
Row_Buffer_Locality_write = -nan
Bank_Level_Parallism = -nan
Bank_Level_Parallism_Col = -nan
Bank_Level_Parallism_Ready = -nan
write_to_read_ratio_blp_rw_average = -nan
GrpLevelPara = -nan 

BW Util details:
bwutil = -nan 
total_CMD = 0 
util_bw = 0 
Wasted_Col = 0 
Wasted_Row = 0 
Idle = 0 

BW Util Bottlenecks: 
RCDc_limit = 0 
RCDWRc_limit = 0 
WTRc_limit = 0 
RTWc_limit = 0 
CCDLc_limit = 0 
rwq = 0 
CCDLc_limit_alone = 0 
WTRc_limit_alone = 0 
RTWc_limit_alone = 0 

Commands details: 
total_CMD = 0 
n_nop = 0 
Read = 0 
Write = 0 
L2_Alloc = 0 
L2_WB = 0 
n_act = 0 
n_pre = 0 
n_ref = 0 
n_req = 0 
total_req = 0 

Dual Bus Interface Util: 
issued_total_row = 0 
issued_total_col = 0 
Row_Bus_Util =  -nan 
CoL_Bus_Util = -nan 
Either_Row_CoL_Bus_Util = -nan 
Issued_on_Two_Bus_Simul_Util = -nan 
issued_two_Eff = -nan 
queue_avg = -nan 


dram_util_bins: 0 0 0 0 0 0 0 0 0 0
dram_eff_bins: 0 0 0 0 0 0 0 0 0 0
mrqq: max=0 avg=-nan
Memory Partition 19: 
Cache L2_bank_038:
MSHR contents

Cache L2_bank_039:
MSHR contents

In Dram Latency Queue (total = 0): 
DRAM[19]: 16 bks, busW=8 BL=4 CL=19, tRRD=6 tCCD=1, tRCD=19 tRAS=45 tRP=19 tRC=50
n_cmd=0 n_nop=0 n_act=0 n_pre=0 n_ref_event=0 n_req=0 n_rd=0 n_rd_L2_A=0 n_write=0 n_wr_bk=0 bw_util=-nan
n_activity=0 dram_eff=-nan
bk0: 0a 0i bk1: 0a 0i bk2: 0a 0i bk3: 0a 0i bk4: 0a 0i bk5: 0a 0i bk6: 0a 0i bk7: 0a 0i bk8: 0a 0i bk9: 0a 0i bk10: 0a 0i bk11: 0a 0i bk12: 0a 0i bk13: 0a 0i bk14: 0a 0i bk15: 0a 0i 

------------------------------------------------------------------------

Row_Buffer_Locality = -nan
Row_Buffer_Locality_read = -nan
Row_Buffer_Locality_write = -nan
Bank_Level_Parallism = -nan
Bank_Level_Parallism_Col = -nan
Bank_Level_Parallism_Ready = -nan
write_to_read_ratio_blp_rw_average = -nan
GrpLevelPara = -nan 

BW Util details:
bwutil = -nan 
total_CMD = 0 
util_bw = 0 
Wasted_Col = 0 
Wasted_Row = 0 
Idle = 0 

BW Util Bottlenecks: 
RCDc_limit = 0 
RCDWRc_limit = 0 
WTRc_limit = 0 
RTWc_limit = 0 
CCDLc_limit = 0 
rwq = 0 
CCDLc_limit_alone = 0 
WTRc_limit_alone = 0 
RTWc_limit_alone = 0 

Commands details: 
total_CMD = 0 
n_nop = 0 
Read = 0 
Write = 0 
L2_Alloc = 0 
L2_WB = 0 
n_act = 0 
n_pre = 0 
n_ref = 0 
n_req = 0 
total_req = 0 

Dual Bus Interface Util: 
issued_total_row = 0 
issued_total_col = 0 
Row_Bus_Util =  -nan 
CoL_Bus_Util = -nan 
Either_Row_CoL_Bus_Util = -nan 
Issued_on_Two_Bus_Simul_Util = -nan 
issued_two_Eff = -nan 
queue_avg = -nan 


dram_util_bins: 0 0 0 0 0 0 0 0 0 0
dram_eff_bins: 0 0 0 0 0 0 0 0 0 0
mrqq: max=0 avg=-nan
Memory Partition 20: 
Cache L2_bank_040:
MSHR contents

Cache L2_bank_041:
MSHR contents

In Dram Latency Queue (total = 0): 
DRAM[20]: 16 bks, busW=8 BL=4 CL=19, tRRD=6 tCCD=1, tRCD=19 tRAS=45 tRP=19 tRC=50
n_cmd=0 n_nop=0 n_act=0 n_pre=0 n_ref_event=0 n_req=0 n_rd=0 n_rd_L2_A=0 n_write=0 n_wr_bk=0 bw_util=-nan
n_activity=0 dram_eff=-nan
bk0: 0a 0i bk1: 0a 0i bk2: 0a 0i bk3: 0a 0i bk4: 0a 0i bk5: 0a 0i bk6: 0a 0i bk7: 0a 0i bk8: 0a 0i bk9: 0a 0i bk10: 0a 0i bk11: 0a 0i bk12: 0a 0i bk13: 0a 0i bk14: 0a 0i bk15: 0a 0i 

------------------------------------------------------------------------

Row_Buffer_Locality = -nan
Row_Buffer_Locality_read = -nan
Row_Buffer_Locality_write = -nan
Bank_Level_Parallism = -nan
Bank_Level_Parallism_Col = -nan
Bank_Level_Parallism_Ready = -nan
write_to_read_ratio_blp_rw_average = -nan
GrpLevelPara = -nan 

BW Util details:
bwutil = -nan 
total_CMD = 0 
util_bw = 0 
Wasted_Col = 0 
Wasted_Row = 0 
Idle = 0 

BW Util Bottlenecks: 
RCDc_limit = 0 
RCDWRc_limit = 0 
WTRc_limit = 0 
RTWc_limit = 0 
CCDLc_limit = 0 
rwq = 0 
CCDLc_limit_alone = 0 
WTRc_limit_alone = 0 
RTWc_limit_alone = 0 

Commands details: 
total_CMD = 0 
n_nop = 0 
Read = 0 
Write = 0 
L2_Alloc = 0 
L2_WB = 0 
n_act = 0 
n_pre = 0 
n_ref = 0 
n_req = 0 
total_req = 0 

Dual Bus Interface Util: 
issued_total_row = 0 
issued_total_col = 0 
Row_Bus_Util =  -nan 
CoL_Bus_Util = -nan 
Either_Row_CoL_Bus_Util = -nan 
Issued_on_Two_Bus_Simul_Util = -nan 
issued_two_Eff = -nan 
queue_avg = -nan 


dram_util_bins: 0 0 0 0 0 0 0 0 0 0
dram_eff_bins: 0 0 0 0 0 0 0 0 0 0
mrqq: max=0 avg=-nan
Memory Partition 21: 
Cache L2_bank_042:
MSHR contents

Cache L2_bank_043:
MSHR contents

In Dram Latency Queue (total = 0): 
DRAM[21]: 16 bks, busW=8 BL=4 CL=19, tRRD=6 tCCD=1, tRCD=19 tRAS=45 tRP=19 tRC=50
n_cmd=0 n_nop=0 n_act=0 n_pre=0 n_ref_event=0 n_req=0 n_rd=0 n_rd_L2_A=0 n_write=0 n_wr_bk=0 bw_util=-nan
n_activity=0 dram_eff=-nan
bk0: 0a 0i bk1: 0a 0i bk2: 0a 0i bk3: 0a 0i bk4: 0a 0i bk5: 0a 0i bk6: 0a 0i bk7: 0a 0i bk8: 0a 0i bk9: 0a 0i bk10: 0a 0i bk11: 0a 0i bk12: 0a 0i bk13: 0a 0i bk14: 0a 0i bk15: 0a 0i 

------------------------------------------------------------------------

Row_Buffer_Locality = -nan
Row_Buffer_Locality_read = -nan
Row_Buffer_Locality_write = -nan
Bank_Level_Parallism = -nan
Bank_Level_Parallism_Col = -nan
Bank_Level_Parallism_Ready = -nan
write_to_read_ratio_blp_rw_average = -nan
GrpLevelPara = -nan 

BW Util details:
bwutil = -nan 
total_CMD = 0 
util_bw = 0 
Wasted_Col = 0 
Wasted_Row = 0 
Idle = 0 

BW Util Bottlenecks: 
RCDc_limit = 0 
RCDWRc_limit = 0 
WTRc_limit = 0 
RTWc_limit = 0 
CCDLc_limit = 0 
rwq = 0 
CCDLc_limit_alone = 0 
WTRc_limit_alone = 0 
RTWc_limit_alone = 0 

Commands details: 
total_CMD = 0 
n_nop = 0 
Read = 0 
Write = 0 
L2_Alloc = 0 
L2_WB = 0 
n_act = 0 
n_pre = 0 
n_ref = 0 
n_req = 0 
total_req = 0 

Dual Bus Interface Util: 
issued_total_row = 0 
issued_total_col = 0 
Row_Bus_Util =  -nan 
CoL_Bus_Util = -nan 
Either_Row_CoL_Bus_Util = -nan 
Issued_on_Two_Bus_Simul_Util = -nan 
issued_two_Eff = -nan 
queue_avg = -nan 


dram_util_bins: 0 0 0 0 0 0 0 0 0 0
dram_eff_bins: 0 0 0 0 0 0 0 0 0 0
mrqq: max=0 avg=-nan
Memory Partition 22: 
Cache L2_bank_044:
MSHR contents

Cache L2_bank_045:
MSHR contents

In Dram Latency Queue (total = 0): 
DRAM[22]: 16 bks, busW=8 BL=4 CL=19, tRRD=6 tCCD=1, tRCD=19 tRAS=45 tRP=19 tRC=50
n_cmd=0 n_nop=0 n_act=0 n_pre=0 n_ref_event=0 n_req=0 n_rd=0 n_rd_L2_A=0 n_write=0 n_wr_bk=0 bw_util=-nan
n_activity=0 dram_eff=-nan
bk0: 0a 0i bk1: 0a 0i bk2: 0a 0i bk3: 0a 0i bk4: 0a 0i bk5: 0a 0i bk6: 0a 0i bk7: 0a 0i bk8: 0a 0i bk9: 0a 0i bk10: 0a 0i bk11: 0a 0i bk12: 0a 0i bk13: 0a 0i bk14: 0a 0i bk15: 0a 0i 

------------------------------------------------------------------------

Row_Buffer_Locality = -nan
Row_Buffer_Locality_read = -nan
Row_Buffer_Locality_write = -nan
Bank_Level_Parallism = -nan
Bank_Level_Parallism_Col = -nan
Bank_Level_Parallism_Ready = -nan
write_to_read_ratio_blp_rw_average = -nan
GrpLevelPara = -nan 

BW Util details:
bwutil = -nan 
total_CMD = 0 
util_bw = 0 
Wasted_Col = 0 
Wasted_Row = 0 
Idle = 0 

BW Util Bottlenecks: 
RCDc_limit = 0 
RCDWRc_limit = 0 
WTRc_limit = 0 
RTWc_limit = 0 
CCDLc_limit = 0 
rwq = 0 
CCDLc_limit_alone = 0 
WTRc_limit_alone = 0 
RTWc_limit_alone = 0 

Commands details: 
total_CMD = 0 
n_nop = 0 
Read = 0 
Write = 0 
L2_Alloc = 0 
L2_WB = 0 
n_act = 0 
n_pre = 0 
n_ref = 0 
n_req = 0 
total_req = 0 

Dual Bus Interface Util: 
issued_total_row = 0 
issued_total_col = 0 
Row_Bus_Util =  -nan 
CoL_Bus_Util = -nan 
Either_Row_CoL_Bus_Util = -nan 
Issued_on_Two_Bus_Simul_Util = -nan 
issued_two_Eff = -nan 
queue_avg = -nan 


dram_util_bins: 0 0 0 0 0 0 0 0 0 0
dram_eff_bins: 0 0 0 0 0 0 0 0 0 0
mrqq: max=0 avg=-nan
Memory Partition 23: 
Cache L2_bank_046:
MSHR contents

Cache L2_bank_047:
MSHR contents

In Dram Latency Queue (total = 0): 
DRAM[23]: 16 bks, busW=8 BL=4 CL=19, tRRD=6 tCCD=1, tRCD=19 tRAS=45 tRP=19 tRC=50
n_cmd=0 n_nop=0 n_act=0 n_pre=0 n_ref_event=0 n_req=0 n_rd=0 n_rd_L2_A=0 n_write=0 n_wr_bk=0 bw_util=-nan
n_activity=0 dram_eff=-nan
bk0: 0a 0i bk1: 0a 0i bk2: 0a 0i bk3: 0a 0i bk4: 0a 0i bk5: 0a 0i bk6: 0a 0i bk7: 0a 0i bk8: 0a 0i bk9: 0a 0i bk10: 0a 0i bk11: 0a 0i bk12: 0a 0i bk13: 0a 0i bk14: 0a 0i bk15: 0a 0i 

------------------------------------------------------------------------

Row_Buffer_Locality = -nan
Row_Buffer_Locality_read = -nan
Row_Buffer_Locality_write = -nan
Bank_Level_Parallism = -nan
Bank_Level_Parallism_Col = -nan
Bank_Level_Parallism_Ready = -nan
write_to_read_ratio_blp_rw_average = -nan
GrpLevelPara = -nan 

BW Util details:
bwutil = -nan 
total_CMD = 0 
util_bw = 0 
Wasted_Col = 0 
Wasted_Row = 0 
Idle = 0 

BW Util Bottlenecks: 
RCDc_limit = 0 
RCDWRc_limit = 0 
WTRc_limit = 0 
RTWc_limit = 0 
CCDLc_limit = 0 
rwq = 0 
CCDLc_limit_alone = 0 
WTRc_limit_alone = 0 
RTWc_limit_alone = 0 

Commands details: 
total_CMD = 0 
n_nop = 0 
Read = 0 
Write = 0 
L2_Alloc = 0 
L2_WB = 0 
n_act = 0 
n_pre = 0 
n_ref = 0 
n_req = 0 
total_req = 0 

Dual Bus Interface Util: 
issued_total_row = 0 
issued_total_col = 0 
Row_Bus_Util =  -nan 
CoL_Bus_Util = -nan 
Either_Row_CoL_Bus_Util = -nan 
Issued_on_Two_Bus_Simul_Util = -nan 
issued_two_Eff = -nan 
queue_avg = -nan 


dram_util_bins: 0 0 0 0 0 0 0 0 0 0
dram_eff_bins: 0 0 0 0 0 0 0 0 0 0
mrqq: max=0 avg=-nan
Memory Partition 24: 
Cache L2_bank_048:
MSHR contents

Cache L2_bank_049:
MSHR contents

In Dram Latency Queue (total = 0): 
DRAM[24]: 16 bks, busW=8 BL=4 CL=19, tRRD=6 tCCD=1, tRCD=19 tRAS=45 tRP=19 tRC=50
n_cmd=0 n_nop=0 n_act=0 n_pre=0 n_ref_event=0 n_req=0 n_rd=0 n_rd_L2_A=0 n_write=0 n_wr_bk=0 bw_util=-nan
n_activity=0 dram_eff=-nan
bk0: 0a 0i bk1: 0a 0i bk2: 0a 0i bk3: 0a 0i bk4: 0a 0i bk5: 0a 0i bk6: 0a 0i bk7: 0a 0i bk8: 0a 0i bk9: 0a 0i bk10: 0a 0i bk11: 0a 0i bk12: 0a 0i bk13: 0a 0i bk14: 0a 0i bk15: 0a 0i 

------------------------------------------------------------------------

Row_Buffer_Locality = -nan
Row_Buffer_Locality_read = -nan
Row_Buffer_Locality_write = -nan
Bank_Level_Parallism = -nan
Bank_Level_Parallism_Col = -nan
Bank_Level_Parallism_Ready = -nan
write_to_read_ratio_blp_rw_average = -nan
GrpLevelPara = -nan 

BW Util details:
bwutil = -nan 
total_CMD = 0 
util_bw = 0 
Wasted_Col = 0 
Wasted_Row = 0 
Idle = 0 

BW Util Bottlenecks: 
RCDc_limit = 0 
RCDWRc_limit = 0 
WTRc_limit = 0 
RTWc_limit = 0 
CCDLc_limit = 0 
rwq = 0 
CCDLc_limit_alone = 0 
WTRc_limit_alone = 0 
RTWc_limit_alone = 0 

Commands details: 
total_CMD = 0 
n_nop = 0 
Read = 0 
Write = 0 
L2_Alloc = 0 
L2_WB = 0 
n_act = 0 
n_pre = 0 
n_ref = 0 
n_req = 0 
total_req = 0 

Dual Bus Interface Util: 
issued_total_row = 0 
issued_total_col = 0 
Row_Bus_Util =  -nan 
CoL_Bus_Util = -nan 
Either_Row_CoL_Bus_Util = -nan 
Issued_on_Two_Bus_Simul_Util = -nan 
issued_two_Eff = -nan 
queue_avg = -nan 


dram_util_bins: 0 0 0 0 0 0 0 0 0 0
dram_eff_bins: 0 0 0 0 0 0 0 0 0 0
mrqq: max=0 avg=-nan
Memory Partition 25: 
Cache L2_bank_050:
MSHR contents

Cache L2_bank_051:
MSHR contents

In Dram Latency Queue (total = 0): 
DRAM[25]: 16 bks, busW=8 BL=4 CL=19, tRRD=6 tCCD=1, tRCD=19 tRAS=45 tRP=19 tRC=50
n_cmd=0 n_nop=0 n_act=0 n_pre=0 n_ref_event=0 n_req=0 n_rd=0 n_rd_L2_A=0 n_write=0 n_wr_bk=0 bw_util=-nan
n_activity=0 dram_eff=-nan
bk0: 0a 0i bk1: 0a 0i bk2: 0a 0i bk3: 0a 0i bk4: 0a 0i bk5: 0a 0i bk6: 0a 0i bk7: 0a 0i bk8: 0a 0i bk9: 0a 0i bk10: 0a 0i bk11: 0a 0i bk12: 0a 0i bk13: 0a 0i bk14: 0a 0i bk15: 0a 0i 

------------------------------------------------------------------------

Row_Buffer_Locality = -nan
Row_Buffer_Locality_read = -nan
Row_Buffer_Locality_write = -nan
Bank_Level_Parallism = -nan
Bank_Level_Parallism_Col = -nan
Bank_Level_Parallism_Ready = -nan
write_to_read_ratio_blp_rw_average = -nan
GrpLevelPara = -nan 

BW Util details:
bwutil = -nan 
total_CMD = 0 
util_bw = 0 
Wasted_Col = 0 
Wasted_Row = 0 
Idle = 0 

BW Util Bottlenecks: 
RCDc_limit = 0 
RCDWRc_limit = 0 
WTRc_limit = 0 
RTWc_limit = 0 
CCDLc_limit = 0 
rwq = 0 
CCDLc_limit_alone = 0 
WTRc_limit_alone = 0 
RTWc_limit_alone = 0 

Commands details: 
total_CMD = 0 
n_nop = 0 
Read = 0 
Write = 0 
L2_Alloc = 0 
L2_WB = 0 
n_act = 0 
n_pre = 0 
n_ref = 0 
n_req = 0 
total_req = 0 

Dual Bus Interface Util: 
issued_total_row = 0 
issued_total_col = 0 
Row_Bus_Util =  -nan 
CoL_Bus_Util = -nan 
Either_Row_CoL_Bus_Util = -nan 
Issued_on_Two_Bus_Simul_Util = -nan 
issued_two_Eff = -nan 
queue_avg = -nan 


dram_util_bins: 0 0 0 0 0 0 0 0 0 0
dram_eff_bins: 0 0 0 0 0 0 0 0 0 0
mrqq: max=0 avg=-nan
Memory Partition 26: 
Cache L2_bank_052:
MSHR contents

Cache L2_bank_053:
MSHR contents

In Dram Latency Queue (total = 0): 
DRAM[26]: 16 bks, busW=8 BL=4 CL=19, tRRD=6 tCCD=1, tRCD=19 tRAS=45 tRP=19 tRC=50
n_cmd=0 n_nop=0 n_act=0 n_pre=0 n_ref_event=0 n_req=0 n_rd=0 n_rd_L2_A=0 n_write=0 n_wr_bk=0 bw_util=-nan
n_activity=0 dram_eff=-nan
bk0: 0a 0i bk1: 0a 0i bk2: 0a 0i bk3: 0a 0i bk4: 0a 0i bk5: 0a 0i bk6: 0a 0i bk7: 0a 0i bk8: 0a 0i bk9: 0a 0i bk10: 0a 0i bk11: 0a 0i bk12: 0a 0i bk13: 0a 0i bk14: 0a 0i bk15: 0a 0i 

------------------------------------------------------------------------

Row_Buffer_Locality = -nan
Row_Buffer_Locality_read = -nan
Row_Buffer_Locality_write = -nan
Bank_Level_Parallism = -nan
Bank_Level_Parallism_Col = -nan
Bank_Level_Parallism_Ready = -nan
write_to_read_ratio_blp_rw_average = -nan
GrpLevelPara = -nan 

BW Util details:
bwutil = -nan 
total_CMD = 0 
util_bw = 0 
Wasted_Col = 0 
Wasted_Row = 0 
Idle = 0 

BW Util Bottlenecks: 
RCDc_limit = 0 
RCDWRc_limit = 0 
WTRc_limit = 0 
RTWc_limit = 0 
CCDLc_limit = 0 
rwq = 0 
CCDLc_limit_alone = 0 
WTRc_limit_alone = 0 
RTWc_limit_alone = 0 

Commands details: 
total_CMD = 0 
n_nop = 0 
Read = 0 
Write = 0 
L2_Alloc = 0 
L2_WB = 0 
n_act = 0 
n_pre = 0 
n_ref = 0 
n_req = 0 
total_req = 0 

Dual Bus Interface Util: 
issued_total_row = 0 
issued_total_col = 0 
Row_Bus_Util =  -nan 
CoL_Bus_Util = -nan 
Either_Row_CoL_Bus_Util = -nan 
Issued_on_Two_Bus_Simul_Util = -nan 
issued_two_Eff = -nan 
queue_avg = -nan 


dram_util_bins: 0 0 0 0 0 0 0 0 0 0
dram_eff_bins: 0 0 0 0 0 0 0 0 0 0
mrqq: max=0 avg=-nan
Memory Partition 27: 
Cache L2_bank_054:
MSHR contents

Cache L2_bank_055:
MSHR contents

In Dram Latency Queue (total = 0): 
DRAM[27]: 16 bks, busW=8 BL=4 CL=19, tRRD=6 tCCD=1, tRCD=19 tRAS=45 tRP=19 tRC=50
n_cmd=0 n_nop=0 n_act=0 n_pre=0 n_ref_event=0 n_req=0 n_rd=0 n_rd_L2_A=0 n_write=0 n_wr_bk=0 bw_util=-nan
n_activity=0 dram_eff=-nan
bk0: 0a 0i bk1: 0a 0i bk2: 0a 0i bk3: 0a 0i bk4: 0a 0i bk5: 0a 0i bk6: 0a 0i bk7: 0a 0i bk8: 0a 0i bk9: 0a 0i bk10: 0a 0i bk11: 0a 0i bk12: 0a 0i bk13: 0a 0i bk14: 0a 0i bk15: 0a 0i 

------------------------------------------------------------------------

Row_Buffer_Locality = -nan
Row_Buffer_Locality_read = -nan
Row_Buffer_Locality_write = -nan
Bank_Level_Parallism = -nan
Bank_Level_Parallism_Col = -nan
Bank_Level_Parallism_Ready = -nan
write_to_read_ratio_blp_rw_average = -nan
GrpLevelPara = -nan 

BW Util details:
bwutil = -nan 
total_CMD = 0 
util_bw = 0 
Wasted_Col = 0 
Wasted_Row = 0 
Idle = 0 

BW Util Bottlenecks: 
RCDc_limit = 0 
RCDWRc_limit = 0 
WTRc_limit = 0 
RTWc_limit = 0 
CCDLc_limit = 0 
rwq = 0 
CCDLc_limit_alone = 0 
WTRc_limit_alone = 0 
RTWc_limit_alone = 0 

Commands details: 
total_CMD = 0 
n_nop = 0 
Read = 0 
Write = 0 
L2_Alloc = 0 
L2_WB = 0 
n_act = 0 
n_pre = 0 
n_ref = 0 
n_req = 0 
total_req = 0 

Dual Bus Interface Util: 
issued_total_row = 0 
issued_total_col = 0 
Row_Bus_Util =  -nan 
CoL_Bus_Util = -nan 
Either_Row_CoL_Bus_Util = -nan 
Issued_on_Two_Bus_Simul_Util = -nan 
issued_two_Eff = -nan 
queue_avg = -nan 


dram_util_bins: 0 0 0 0 0 0 0 0 0 0
dram_eff_bins: 0 0 0 0 0 0 0 0 0 0
mrqq: max=0 avg=-nan
Memory Partition 28: 
Cache L2_bank_056:
MSHR contents

Cache L2_bank_057:
MSHR contents

In Dram Latency Queue (total = 0): 
DRAM[28]: 16 bks, busW=8 BL=4 CL=19, tRRD=6 tCCD=1, tRCD=19 tRAS=45 tRP=19 tRC=50
n_cmd=0 n_nop=0 n_act=0 n_pre=0 n_ref_event=0 n_req=0 n_rd=0 n_rd_L2_A=0 n_write=0 n_wr_bk=0 bw_util=-nan
n_activity=0 dram_eff=-nan
bk0: 0a 0i bk1: 0a 0i bk2: 0a 0i bk3: 0a 0i bk4: 0a 0i bk5: 0a 0i bk6: 0a 0i bk7: 0a 0i bk8: 0a 0i bk9: 0a 0i bk10: 0a 0i bk11: 0a 0i bk12: 0a 0i bk13: 0a 0i bk14: 0a 0i bk15: 0a 0i 

------------------------------------------------------------------------

Row_Buffer_Locality = -nan
Row_Buffer_Locality_read = -nan
Row_Buffer_Locality_write = -nan
Bank_Level_Parallism = -nan
Bank_Level_Parallism_Col = -nan
Bank_Level_Parallism_Ready = -nan
write_to_read_ratio_blp_rw_average = -nan
GrpLevelPara = -nan 

BW Util details:
bwutil = -nan 
total_CMD = 0 
util_bw = 0 
Wasted_Col = 0 
Wasted_Row = 0 
Idle = 0 

BW Util Bottlenecks: 
RCDc_limit = 0 
RCDWRc_limit = 0 
WTRc_limit = 0 
RTWc_limit = 0 
CCDLc_limit = 0 
rwq = 0 
CCDLc_limit_alone = 0 
WTRc_limit_alone = 0 
RTWc_limit_alone = 0 

Commands details: 
total_CMD = 0 
n_nop = 0 
Read = 0 
Write = 0 
L2_Alloc = 0 
L2_WB = 0 
n_act = 0 
n_pre = 0 
n_ref = 0 
n_req = 0 
total_req = 0 

Dual Bus Interface Util: 
issued_total_row = 0 
issued_total_col = 0 
Row_Bus_Util =  -nan 
CoL_Bus_Util = -nan 
Either_Row_CoL_Bus_Util = -nan 
Issued_on_Two_Bus_Simul_Util = -nan 
issued_two_Eff = -nan 
queue_avg = -nan 


dram_util_bins: 0 0 0 0 0 0 0 0 0 0
dram_eff_bins: 0 0 0 0 0 0 0 0 0 0
mrqq: max=0 avg=-nan
Memory Partition 29: 
Cache L2_bank_058:
MSHR contents

Cache L2_bank_059:
MSHR contents

In Dram Latency Queue (total = 0): 
DRAM[29]: 16 bks, busW=8 BL=4 CL=19, tRRD=6 tCCD=1, tRCD=19 tRAS=45 tRP=19 tRC=50
n_cmd=0 n_nop=0 n_act=0 n_pre=0 n_ref_event=0 n_req=0 n_rd=0 n_rd_L2_A=0 n_write=0 n_wr_bk=0 bw_util=-nan
n_activity=0 dram_eff=-nan
bk0: 0a 0i bk1: 0a 0i bk2: 0a 0i bk3: 0a 0i bk4: 0a 0i bk5: 0a 0i bk6: 0a 0i bk7: 0a 0i bk8: 0a 0i bk9: 0a 0i bk10: 0a 0i bk11: 0a 0i bk12: 0a 0i bk13: 0a 0i bk14: 0a 0i bk15: 0a 0i 

------------------------------------------------------------------------

Row_Buffer_Locality = -nan
Row_Buffer_Locality_read = -nan
Row_Buffer_Locality_write = -nan
Bank_Level_Parallism = -nan
Bank_Level_Parallism_Col = -nan
Bank_Level_Parallism_Ready = -nan
write_to_read_ratio_blp_rw_average = -nan
GrpLevelPara = -nan 

BW Util details:
bwutil = -nan 
total_CMD = 0 
util_bw = 0 
Wasted_Col = 0 
Wasted_Row = 0 
Idle = 0 

BW Util Bottlenecks: 
RCDc_limit = 0 
RCDWRc_limit = 0 
WTRc_limit = 0 
RTWc_limit = 0 
CCDLc_limit = 0 
rwq = 0 
CCDLc_limit_alone = 0 
WTRc_limit_alone = 0 
RTWc_limit_alone = 0 

Commands details: 
total_CMD = 0 
n_nop = 0 
Read = 0 
Write = 0 
L2_Alloc = 0 
L2_WB = 0 
n_act = 0 
n_pre = 0 
n_ref = 0 
n_req = 0 
total_req = 0 

Dual Bus Interface Util: 
issued_total_row = 0 
issued_total_col = 0 
Row_Bus_Util =  -nan 
CoL_Bus_Util = -nan 
Either_Row_CoL_Bus_Util = -nan 
Issued_on_Two_Bus_Simul_Util = -nan 
issued_two_Eff = -nan 
queue_avg = -nan 


dram_util_bins: 0 0 0 0 0 0 0 0 0 0
dram_eff_bins: 0 0 0 0 0 0 0 0 0 0
mrqq: max=0 avg=-nan
Memory Partition 30: 
Cache L2_bank_060:
MSHR contents

Cache L2_bank_061:
MSHR contents

In Dram Latency Queue (total = 0): 
DRAM[30]: 16 bks, busW=8 BL=4 CL=19, tRRD=6 tCCD=1, tRCD=19 tRAS=45 tRP=19 tRC=50
n_cmd=0 n_nop=0 n_act=0 n_pre=0 n_ref_event=0 n_req=0 n_rd=0 n_rd_L2_A=0 n_write=0 n_wr_bk=0 bw_util=-nan
n_activity=0 dram_eff=-nan
bk0: 0a 0i bk1: 0a 0i bk2: 0a 0i bk3: 0a 0i bk4: 0a 0i bk5: 0a 0i bk6: 0a 0i bk7: 0a 0i bk8: 0a 0i bk9: 0a 0i bk10: 0a 0i bk11: 0a 0i bk12: 0a 0i bk13: 0a 0i bk14: 0a 0i bk15: 0a 0i 

------------------------------------------------------------------------

Row_Buffer_Locality = -nan
Row_Buffer_Locality_read = -nan
Row_Buffer_Locality_write = -nan
Bank_Level_Parallism = -nan
Bank_Level_Parallism_Col = -nan
Bank_Level_Parallism_Ready = -nan
write_to_read_ratio_blp_rw_average = -nan
GrpLevelPara = -nan 

BW Util details:
bwutil = -nan 
total_CMD = 0 
util_bw = 0 
Wasted_Col = 0 
Wasted_Row = 0 
Idle = 0 

BW Util Bottlenecks: 
RCDc_limit = 0 
RCDWRc_limit = 0 
WTRc_limit = 0 
RTWc_limit = 0 
CCDLc_limit = 0 
rwq = 0 
CCDLc_limit_alone = 0 
WTRc_limit_alone = 0 
RTWc_limit_alone = 0 

Commands details: 
total_CMD = 0 
n_nop = 0 
Read = 0 
Write = 0 
L2_Alloc = 0 
L2_WB = 0 
n_act = 0 
n_pre = 0 
n_ref = 0 
n_req = 0 
total_req = 0 

Dual Bus Interface Util: 
issued_total_row = 0 
issued_total_col = 0 
Row_Bus_Util =  -nan 
CoL_Bus_Util = -nan 
Either_Row_CoL_Bus_Util = -nan 
Issued_on_Two_Bus_Simul_Util = -nan 
issued_two_Eff = -nan 
queue_avg = -nan 


dram_util_bins: 0 0 0 0 0 0 0 0 0 0
dram_eff_bins: 0 0 0 0 0 0 0 0 0 0
mrqq: max=0 avg=-nan
Memory Partition 31: 
Cache L2_bank_062:
MSHR contents

Cache L2_bank_063:
MSHR contents

In Dram Latency Queue (total = 0): 
DRAM[31]: 16 bks, busW=8 BL=4 CL=19, tRRD=6 tCCD=1, tRCD=19 tRAS=45 tRP=19 tRC=50
n_cmd=0 n_nop=0 n_act=0 n_pre=0 n_ref_event=0 n_req=0 n_rd=0 n_rd_L2_A=0 n_write=0 n_wr_bk=0 bw_util=-nan
n_activity=0 dram_eff=-nan
bk0: 0a 0i bk1: 0a 0i bk2: 0a 0i bk3: 0a 0i bk4: 0a 0i bk5: 0a 0i bk6: 0a 0i bk7: 0a 0i bk8: 0a 0i bk9: 0a 0i bk10: 0a 0i bk11: 0a 0i bk12: 0a 0i bk13: 0a 0i bk14: 0a 0i bk15: 0a 0i 

------------------------------------------------------------------------

Row_Buffer_Locality = -nan
Row_Buffer_Locality_read = -nan
Row_Buffer_Locality_write = -nan
Bank_Level_Parallism = -nan
Bank_Level_Parallism_Col = -nan
Bank_Level_Parallism_Ready = -nan
write_to_read_ratio_blp_rw_average = -nan
GrpLevelPara = -nan 

BW Util details:
bwutil = -nan 
total_CMD = 0 
util_bw = 0 
Wasted_Col = 0 
Wasted_Row = 0 
Idle = 0 

BW Util Bottlenecks: 
RCDc_limit = 0 
RCDWRc_limit = 0 
WTRc_limit = 0 
RTWc_limit = 0 
CCDLc_limit = 0 
rwq = 0 
CCDLc_limit_alone = 0 
WTRc_limit_alone = 0 
RTWc_limit_alone = 0 

Commands details: 
total_CMD = 0 
n_nop = 0 
Read = 0 
Write = 0 
L2_Alloc = 0 
L2_WB = 0 
n_act = 0 
n_pre = 0 
n_ref = 0 
n_req = 0 
total_req = 0 

Dual Bus Interface Util: 
issued_total_row = 0 
issued_total_col = 0 
Row_Bus_Util =  -nan 
CoL_Bus_Util = -nan 
Either_Row_CoL_Bus_Util = -nan 
Issued_on_Two_Bus_Simul_Util = -nan 
issued_two_Eff = -nan 
queue_avg = -nan 


dram_util_bins: 0 0 0 0 0 0 0 0 0 0
dram_eff_bins: 0 0 0 0 0 0 0 0 0 0
mrqq: max=0 avg=-nan
Memory Partition 32: 
Cache L2_bank_064:
MSHR contents

Cache L2_bank_065:
MSHR contents

In Dram Latency Queue (total = 0): 
DRAM[32]: 16 bks, busW=8 BL=4 CL=19, tRRD=6 tCCD=1, tRCD=19 tRAS=45 tRP=19 tRC=50
n_cmd=0 n_nop=0 n_act=0 n_pre=0 n_ref_event=0 n_req=0 n_rd=0 n_rd_L2_A=0 n_write=0 n_wr_bk=0 bw_util=-nan
n_activity=0 dram_eff=-nan
bk0: 0a 0i bk1: 0a 0i bk2: 0a 0i bk3: 0a 0i bk4: 0a 0i bk5: 0a 0i bk6: 0a 0i bk7: 0a 0i bk8: 0a 0i bk9: 0a 0i bk10: 0a 0i bk11: 0a 0i bk12: 0a 0i bk13: 0a 0i bk14: 0a 0i bk15: 0a 0i 

------------------------------------------------------------------------

Row_Buffer_Locality = -nan
Row_Buffer_Locality_read = -nan
Row_Buffer_Locality_write = -nan
Bank_Level_Parallism = -nan
Bank_Level_Parallism_Col = -nan
Bank_Level_Parallism_Ready = -nan
write_to_read_ratio_blp_rw_average = -nan
GrpLevelPara = -nan 

BW Util details:
bwutil = -nan 
total_CMD = 0 
util_bw = 0 
Wasted_Col = 0 
Wasted_Row = 0 
Idle = 0 

BW Util Bottlenecks: 
RCDc_limit = 0 
RCDWRc_limit = 0 
WTRc_limit = 0 
RTWc_limit = 0 
CCDLc_limit = 0 
rwq = 0 
CCDLc_limit_alone = 0 
WTRc_limit_alone = 0 
RTWc_limit_alone = 0 

Commands details: 
total_CMD = 0 
n_nop = 0 
Read = 0 
Write = 0 
L2_Alloc = 0 
L2_WB = 0 
n_act = 0 
n_pre = 0 
n_ref = 0 
n_req = 0 
total_req = 0 

Dual Bus Interface Util: 
issued_total_row = 0 
issued_total_col = 0 
Row_Bus_Util =  -nan 
CoL_Bus_Util = -nan 
Either_Row_CoL_Bus_Util = -nan 
Issued_on_Two_Bus_Simul_Util = -nan 
issued_two_Eff = -nan 
queue_avg = -nan 


dram_util_bins: 0 0 0 0 0 0 0 0 0 0
dram_eff_bins: 0 0 0 0 0 0 0 0 0 0
mrqq: max=0 avg=-nan
Memory Partition 33: 
Cache L2_bank_066:
MSHR contents

Cache L2_bank_067:
MSHR contents

In Dram Latency Queue (total = 0): 
DRAM[33]: 16 bks, busW=8 BL=4 CL=19, tRRD=6 tCCD=1, tRCD=19 tRAS=45 tRP=19 tRC=50
n_cmd=0 n_nop=0 n_act=0 n_pre=0 n_ref_event=0 n_req=0 n_rd=0 n_rd_L2_A=0 n_write=0 n_wr_bk=0 bw_util=-nan
n_activity=0 dram_eff=-nan
bk0: 0a 0i bk1: 0a 0i bk2: 0a 0i bk3: 0a 0i bk4: 0a 0i bk5: 0a 0i bk6: 0a 0i bk7: 0a 0i bk8: 0a 0i bk9: 0a 0i bk10: 0a 0i bk11: 0a 0i bk12: 0a 0i bk13: 0a 0i bk14: 0a 0i bk15: 0a 0i 

------------------------------------------------------------------------

Row_Buffer_Locality = -nan
Row_Buffer_Locality_read = -nan
Row_Buffer_Locality_write = -nan
Bank_Level_Parallism = -nan
Bank_Level_Parallism_Col = -nan
Bank_Level_Parallism_Ready = -nan
write_to_read_ratio_blp_rw_average = -nan
GrpLevelPara = -nan 

BW Util details:
bwutil = -nan 
total_CMD = 0 
util_bw = 0 
Wasted_Col = 0 
Wasted_Row = 0 
Idle = 0 

BW Util Bottlenecks: 
RCDc_limit = 0 
RCDWRc_limit = 0 
WTRc_limit = 0 
RTWc_limit = 0 
CCDLc_limit = 0 
rwq = 0 
CCDLc_limit_alone = 0 
WTRc_limit_alone = 0 
RTWc_limit_alone = 0 

Commands details: 
total_CMD = 0 
n_nop = 0 
Read = 0 
Write = 0 
L2_Alloc = 0 
L2_WB = 0 
n_act = 0 
n_pre = 0 
n_ref = 0 
n_req = 0 
total_req = 0 

Dual Bus Interface Util: 
issued_total_row = 0 
issued_total_col = 0 
Row_Bus_Util =  -nan 
CoL_Bus_Util = -nan 
Either_Row_CoL_Bus_Util = -nan 
Issued_on_Two_Bus_Simul_Util = -nan 
issued_two_Eff = -nan 
queue_avg = -nan 


dram_util_bins: 0 0 0 0 0 0 0 0 0 0
dram_eff_bins: 0 0 0 0 0 0 0 0 0 0
mrqq: max=0 avg=-nan
Memory Partition 34: 
Cache L2_bank_068:
MSHR contents

Cache L2_bank_069:
MSHR contents

In Dram Latency Queue (total = 0): 
DRAM[34]: 16 bks, busW=8 BL=4 CL=19, tRRD=6 tCCD=1, tRCD=19 tRAS=45 tRP=19 tRC=50
n_cmd=0 n_nop=0 n_act=0 n_pre=0 n_ref_event=0 n_req=0 n_rd=0 n_rd_L2_A=0 n_write=0 n_wr_bk=0 bw_util=-nan
n_activity=0 dram_eff=-nan
bk0: 0a 0i bk1: 0a 0i bk2: 0a 0i bk3: 0a 0i bk4: 0a 0i bk5: 0a 0i bk6: 0a 0i bk7: 0a 0i bk8: 0a 0i bk9: 0a 0i bk10: 0a 0i bk11: 0a 0i bk12: 0a 0i bk13: 0a 0i bk14: 0a 0i bk15: 0a 0i 

------------------------------------------------------------------------

Row_Buffer_Locality = -nan
Row_Buffer_Locality_read = -nan
Row_Buffer_Locality_write = -nan
Bank_Level_Parallism = -nan
Bank_Level_Parallism_Col = -nan
Bank_Level_Parallism_Ready = -nan
write_to_read_ratio_blp_rw_average = -nan
GrpLevelPara = -nan 

BW Util details:
bwutil = -nan 
total_CMD = 0 
util_bw = 0 
Wasted_Col = 0 
Wasted_Row = 0 
Idle = 0 

BW Util Bottlenecks: 
RCDc_limit = 0 
RCDWRc_limit = 0 
WTRc_limit = 0 
RTWc_limit = 0 
CCDLc_limit = 0 
rwq = 0 
CCDLc_limit_alone = 0 
WTRc_limit_alone = 0 
RTWc_limit_alone = 0 

Commands details: 
total_CMD = 0 
n_nop = 0 
Read = 0 
Write = 0 
L2_Alloc = 0 
L2_WB = 0 
n_act = 0 
n_pre = 0 
n_ref = 0 
n_req = 0 
total_req = 0 

Dual Bus Interface Util: 
issued_total_row = 0 
issued_total_col = 0 
Row_Bus_Util =  -nan 
CoL_Bus_Util = -nan 
Either_Row_CoL_Bus_Util = -nan 
Issued_on_Two_Bus_Simul_Util = -nan 
issued_two_Eff = -nan 
queue_avg = -nan 


dram_util_bins: 0 0 0 0 0 0 0 0 0 0
dram_eff_bins: 0 0 0 0 0 0 0 0 0 0
mrqq: max=0 avg=-nan
Memory Partition 35: 
Cache L2_bank_070:
MSHR contents

Cache L2_bank_071:
MSHR contents

In Dram Latency Queue (total = 0): 
DRAM[35]: 16 bks, busW=8 BL=4 CL=19, tRRD=6 tCCD=1, tRCD=19 tRAS=45 tRP=19 tRC=50
n_cmd=0 n_nop=0 n_act=0 n_pre=0 n_ref_event=0 n_req=0 n_rd=0 n_rd_L2_A=0 n_write=0 n_wr_bk=0 bw_util=-nan
n_activity=0 dram_eff=-nan
bk0: 0a 0i bk1: 0a 0i bk2: 0a 0i bk3: 0a 0i bk4: 0a 0i bk5: 0a 0i bk6: 0a 0i bk7: 0a 0i bk8: 0a 0i bk9: 0a 0i bk10: 0a 0i bk11: 0a 0i bk12: 0a 0i bk13: 0a 0i bk14: 0a 0i bk15: 0a 0i 

------------------------------------------------------------------------

Row_Buffer_Locality = -nan
Row_Buffer_Locality_read = -nan
Row_Buffer_Locality_write = -nan
Bank_Level_Parallism = -nan
Bank_Level_Parallism_Col = -nan
Bank_Level_Parallism_Ready = -nan
write_to_read_ratio_blp_rw_average = -nan
GrpLevelPara = -nan 

BW Util details:
bwutil = -nan 
total_CMD = 0 
util_bw = 0 
Wasted_Col = 0 
Wasted_Row = 0 
Idle = 0 

BW Util Bottlenecks: 
RCDc_limit = 0 
RCDWRc_limit = 0 
WTRc_limit = 0 
RTWc_limit = 0 
CCDLc_limit = 0 
rwq = 0 
CCDLc_limit_alone = 0 
WTRc_limit_alone = 0 
RTWc_limit_alone = 0 

Commands details: 
total_CMD = 0 
n_nop = 0 
Read = 0 
Write = 0 
L2_Alloc = 0 
L2_WB = 0 
n_act = 0 
n_pre = 0 
n_ref = 0 
n_req = 0 
total_req = 0 

Dual Bus Interface Util: 
issued_total_row = 0 
issued_total_col = 0 
Row_Bus_Util =  -nan 
CoL_Bus_Util = -nan 
Either_Row_CoL_Bus_Util = -nan 
Issued_on_Two_Bus_Simul_Util = -nan 
issued_two_Eff = -nan 
queue_avg = -nan 


dram_util_bins: 0 0 0 0 0 0 0 0 0 0
dram_eff_bins: 0 0 0 0 0 0 0 0 0 0
mrqq: max=0 avg=-nan
Memory Partition 36: 
Cache L2_bank_072:
MSHR contents

Cache L2_bank_073:
MSHR contents

In Dram Latency Queue (total = 0): 
DRAM[36]: 16 bks, busW=8 BL=4 CL=19, tRRD=6 tCCD=1, tRCD=19 tRAS=45 tRP=19 tRC=50
n_cmd=0 n_nop=0 n_act=0 n_pre=0 n_ref_event=0 n_req=0 n_rd=0 n_rd_L2_A=0 n_write=0 n_wr_bk=0 bw_util=-nan
n_activity=0 dram_eff=-nan
bk0: 0a 0i bk1: 0a 0i bk2: 0a 0i bk3: 0a 0i bk4: 0a 0i bk5: 0a 0i bk6: 0a 0i bk7: 0a 0i bk8: 0a 0i bk9: 0a 0i bk10: 0a 0i bk11: 0a 0i bk12: 0a 0i bk13: 0a 0i bk14: 0a 0i bk15: 0a 0i 

------------------------------------------------------------------------

Row_Buffer_Locality = -nan
Row_Buffer_Locality_read = -nan
Row_Buffer_Locality_write = -nan
Bank_Level_Parallism = -nan
Bank_Level_Parallism_Col = -nan
Bank_Level_Parallism_Ready = -nan
write_to_read_ratio_blp_rw_average = -nan
GrpLevelPara = -nan 

BW Util details:
bwutil = -nan 
total_CMD = 0 
util_bw = 0 
Wasted_Col = 0 
Wasted_Row = 0 
Idle = 0 

BW Util Bottlenecks: 
RCDc_limit = 0 
RCDWRc_limit = 0 
WTRc_limit = 0 
RTWc_limit = 0 
CCDLc_limit = 0 
rwq = 0 
CCDLc_limit_alone = 0 
WTRc_limit_alone = 0 
RTWc_limit_alone = 0 

Commands details: 
total_CMD = 0 
n_nop = 0 
Read = 0 
Write = 0 
L2_Alloc = 0 
L2_WB = 0 
n_act = 0 
n_pre = 0 
n_ref = 0 
n_req = 0 
total_req = 0 

Dual Bus Interface Util: 
issued_total_row = 0 
issued_total_col = 0 
Row_Bus_Util =  -nan 
CoL_Bus_Util = -nan 
Either_Row_CoL_Bus_Util = -nan 
Issued_on_Two_Bus_Simul_Util = -nan 
issued_two_Eff = -nan 
queue_avg = -nan 


dram_util_bins: 0 0 0 0 0 0 0 0 0 0
dram_eff_bins: 0 0 0 0 0 0 0 0 0 0
mrqq: max=0 avg=-nan
Memory Partition 37: 
Cache L2_bank_074:
MSHR contents

Cache L2_bank_075:
MSHR contents

In Dram Latency Queue (total = 0): 
DRAM[37]: 16 bks, busW=8 BL=4 CL=19, tRRD=6 tCCD=1, tRCD=19 tRAS=45 tRP=19 tRC=50
n_cmd=0 n_nop=0 n_act=0 n_pre=0 n_ref_event=0 n_req=0 n_rd=0 n_rd_L2_A=0 n_write=0 n_wr_bk=0 bw_util=-nan
n_activity=0 dram_eff=-nan
bk0: 0a 0i bk1: 0a 0i bk2: 0a 0i bk3: 0a 0i bk4: 0a 0i bk5: 0a 0i bk6: 0a 0i bk7: 0a 0i bk8: 0a 0i bk9: 0a 0i bk10: 0a 0i bk11: 0a 0i bk12: 0a 0i bk13: 0a 0i bk14: 0a 0i bk15: 0a 0i 

------------------------------------------------------------------------

Row_Buffer_Locality = -nan
Row_Buffer_Locality_read = -nan
Row_Buffer_Locality_write = -nan
Bank_Level_Parallism = -nan
Bank_Level_Parallism_Col = -nan
Bank_Level_Parallism_Ready = -nan
write_to_read_ratio_blp_rw_average = -nan
GrpLevelPara = -nan 

BW Util details:
bwutil = -nan 
total_CMD = 0 
util_bw = 0 
Wasted_Col = 0 
Wasted_Row = 0 
Idle = 0 

BW Util Bottlenecks: 
RCDc_limit = 0 
RCDWRc_limit = 0 
WTRc_limit = 0 
RTWc_limit = 0 
CCDLc_limit = 0 
rwq = 0 
CCDLc_limit_alone = 0 
WTRc_limit_alone = 0 
RTWc_limit_alone = 0 

Commands details: 
total_CMD = 0 
n_nop = 0 
Read = 0 
Write = 0 
L2_Alloc = 0 
L2_WB = 0 
n_act = 0 
n_pre = 0 
n_ref = 0 
n_req = 0 
total_req = 0 

Dual Bus Interface Util: 
issued_total_row = 0 
issued_total_col = 0 
Row_Bus_Util =  -nan 
CoL_Bus_Util = -nan 
Either_Row_CoL_Bus_Util = -nan 
Issued_on_Two_Bus_Simul_Util = -nan 
issued_two_Eff = -nan 
queue_avg = -nan 


dram_util_bins: 0 0 0 0 0 0 0 0 0 0
dram_eff_bins: 0 0 0 0 0 0 0 0 0 0
mrqq: max=0 avg=-nan
Memory Partition 38: 
Cache L2_bank_076:
MSHR contents

Cache L2_bank_077:
MSHR contents

In Dram Latency Queue (total = 0): 
DRAM[38]: 16 bks, busW=8 BL=4 CL=19, tRRD=6 tCCD=1, tRCD=19 tRAS=45 tRP=19 tRC=50
n_cmd=0 n_nop=0 n_act=0 n_pre=0 n_ref_event=0 n_req=0 n_rd=0 n_rd_L2_A=0 n_write=0 n_wr_bk=0 bw_util=-nan
n_activity=0 dram_eff=-nan
bk0: 0a 0i bk1: 0a 0i bk2: 0a 0i bk3: 0a 0i bk4: 0a 0i bk5: 0a 0i bk6: 0a 0i bk7: 0a 0i bk8: 0a 0i bk9: 0a 0i bk10: 0a 0i bk11: 0a 0i bk12: 0a 0i bk13: 0a 0i bk14: 0a 0i bk15: 0a 0i 

------------------------------------------------------------------------

Row_Buffer_Locality = -nan
Row_Buffer_Locality_read = -nan
Row_Buffer_Locality_write = -nan
Bank_Level_Parallism = -nan
Bank_Level_Parallism_Col = -nan
Bank_Level_Parallism_Ready = -nan
write_to_read_ratio_blp_rw_average = -nan
GrpLevelPara = -nan 

BW Util details:
bwutil = -nan 
total_CMD = 0 
util_bw = 0 
Wasted_Col = 0 
Wasted_Row = 0 
Idle = 0 

BW Util Bottlenecks: 
RCDc_limit = 0 
RCDWRc_limit = 0 
WTRc_limit = 0 
RTWc_limit = 0 
CCDLc_limit = 0 
rwq = 0 
CCDLc_limit_alone = 0 
WTRc_limit_alone = 0 
RTWc_limit_alone = 0 

Commands details: 
total_CMD = 0 
n_nop = 0 
Read = 0 
Write = 0 
L2_Alloc = 0 
L2_WB = 0 
n_act = 0 
n_pre = 0 
n_ref = 0 
n_req = 0 
total_req = 0 

Dual Bus Interface Util: 
issued_total_row = 0 
issued_total_col = 0 
Row_Bus_Util =  -nan 
CoL_Bus_Util = -nan 
Either_Row_CoL_Bus_Util = -nan 
Issued_on_Two_Bus_Simul_Util = -nan 
issued_two_Eff = -nan 
queue_avg = -nan 


dram_util_bins: 0 0 0 0 0 0 0 0 0 0
dram_eff_bins: 0 0 0 0 0 0 0 0 0 0
mrqq: max=0 avg=-nan
Memory Partition 39: 
Cache L2_bank_078:
MSHR contents

Cache L2_bank_079:
MSHR contents

In Dram Latency Queue (total = 0): 
DRAM[39]: 16 bks, busW=8 BL=4 CL=19, tRRD=6 tCCD=1, tRCD=19 tRAS=45 tRP=19 tRC=50
n_cmd=0 n_nop=0 n_act=0 n_pre=0 n_ref_event=0 n_req=0 n_rd=0 n_rd_L2_A=0 n_write=0 n_wr_bk=0 bw_util=-nan
n_activity=0 dram_eff=-nan
bk0: 0a 0i bk1: 0a 0i bk2: 0a 0i bk3: 0a 0i bk4: 0a 0i bk5: 0a 0i bk6: 0a 0i bk7: 0a 0i bk8: 0a 0i bk9: 0a 0i bk10: 0a 0i bk11: 0a 0i bk12: 0a 0i bk13: 0a 0i bk14: 0a 0i bk15: 0a 0i 

------------------------------------------------------------------------

Row_Buffer_Locality = -nan
Row_Buffer_Locality_read = -nan
Row_Buffer_Locality_write = -nan
Bank_Level_Parallism = -nan
Bank_Level_Parallism_Col = -nan
Bank_Level_Parallism_Ready = -nan
write_to_read_ratio_blp_rw_average = -nan
GrpLevelPara = -nan 

BW Util details:
bwutil = -nan 
total_CMD = 0 
util_bw = 0 
Wasted_Col = 0 
Wasted_Row = 0 
Idle = 0 

BW Util Bottlenecks: 
RCDc_limit = 0 
RCDWRc_limit = 0 
WTRc_limit = 0 
RTWc_limit = 0 
CCDLc_limit = 0 
rwq = 0 
CCDLc_limit_alone = 0 
WTRc_limit_alone = 0 
RTWc_limit_alone = 0 

Commands details: 
total_CMD = 0 
n_nop = 0 
Read = 0 
Write = 0 
L2_Alloc = 0 
L2_WB = 0 
n_act = 0 
n_pre = 0 
n_ref = 0 
n_req = 0 
total_req = 0 

Dual Bus Interface Util: 
issued_total_row = 0 
issued_total_col = 0 
Row_Bus_Util =  -nan 
CoL_Bus_Util = -nan 
Either_Row_CoL_Bus_Util = -nan 
Issued_on_Two_Bus_Simul_Util = -nan 
issued_two_Eff = -nan 
queue_avg = -nan 


dram_util_bins: 0 0 0 0 0 0 0 0 0 0
dram_eff_bins: 0 0 0 0 0 0 0 0 0 0
mrqq: max=0 avg=-nan

========= L2 cache stats =========
L2_cache_bank[0]: Access = 87238, Miss = 87238, Miss_rate = 1.000, Pending_hits = 0, Reservation_fails = 0
L2_cache_bank[1]: Access = 28, Miss = 16, Miss_rate = 0.571, Pending_hits = 0, Reservation_fails = 0
L2_cache_bank[2]: Access = 87608, Miss = 87608, Miss_rate = 1.000, Pending_hits = 0, Reservation_fails = 0
L2_cache_bank[3]: Access = 20, Miss = 12, Miss_rate = 0.600, Pending_hits = 0, Reservation_fails = 0
L2_cache_bank[4]: Access = 87772, Miss = 87772, Miss_rate = 1.000, Pending_hits = 0, Reservation_fails = 0
L2_cache_bank[5]: Access = 20, Miss = 12, Miss_rate = 0.600, Pending_hits = 0, Reservation_fails = 0
L2_cache_bank[6]: Access = 86973, Miss = 86973, Miss_rate = 1.000, Pending_hits = 0, Reservation_fails = 0
L2_cache_bank[7]: Access = 28, Miss = 16, Miss_rate = 0.571, Pending_hits = 0, Reservation_fails = 0
L2_cache_bank[8]: Access = 87161, Miss = 87161, Miss_rate = 1.000, Pending_hits = 0, Reservation_fails = 0
L2_cache_bank[9]: Access = 28, Miss = 16, Miss_rate = 0.571, Pending_hits = 0, Reservation_fails = 0
L2_cache_bank[10]: Access = 87662, Miss = 87662, Miss_rate = 1.000, Pending_hits = 0, Reservation_fails = 0
L2_cache_bank[11]: Access = 28, Miss = 16, Miss_rate = 0.571, Pending_hits = 0, Reservation_fails = 0
L2_cache_bank[12]: Access = 87689, Miss = 87689, Miss_rate = 1.000, Pending_hits = 0, Reservation_fails = 0
L2_cache_bank[13]: Access = 28, Miss = 16, Miss_rate = 0.571, Pending_hits = 0, Reservation_fails = 0
L2_cache_bank[14]: Access = 87949, Miss = 87949, Miss_rate = 1.000, Pending_hits = 0, Reservation_fails = 0
L2_cache_bank[15]: Access = 28, Miss = 16, Miss_rate = 0.571, Pending_hits = 0, Reservation_fails = 0
L2_cache_bank[16]: Access = 87932, Miss = 87932, Miss_rate = 1.000, Pending_hits = 0, Reservation_fails = 0
L2_cache_bank[17]: Access = 28, Miss = 16, Miss_rate = 0.571, Pending_hits = 0, Reservation_fails = 0
L2_cache_bank[18]: Access = 87595, Miss = 87595, Miss_rate = 1.000, Pending_hits = 0, Reservation_fails = 0
L2_cache_bank[19]: Access = 28, Miss = 16, Miss_rate = 0.571, Pending_hits = 0, Reservation_fails = 0
L2_cache_bank[20]: Access = 87414, Miss = 87414, Miss_rate = 1.000, Pending_hits = 0, Reservation_fails = 0
L2_cache_bank[21]: Access = 32, Miss = 20, Miss_rate = 0.625, Pending_hits = 0, Reservation_fails = 0
L2_cache_bank[22]: Access = 87528, Miss = 87528, Miss_rate = 1.000, Pending_hits = 0, Reservation_fails = 0
L2_cache_bank[23]: Access = 32, Miss = 20, Miss_rate = 0.625, Pending_hits = 0, Reservation_fails = 0
L2_cache_bank[24]: Access = 87695, Miss = 87695, Miss_rate = 1.000, Pending_hits = 0, Reservation_fails = 0
L2_cache_bank[25]: Access = 32, Miss = 20, Miss_rate = 0.625, Pending_hits = 0, Reservation_fails = 0
L2_cache_bank[26]: Access = 87307, Miss = 87307, Miss_rate = 1.000, Pending_hits = 0, Reservation_fails = 0
L2_cache_bank[27]: Access = 32, Miss = 20, Miss_rate = 0.625, Pending_hits = 0, Reservation_fails = 0
L2_cache_bank[28]: Access = 87673, Miss = 87673, Miss_rate = 1.000, Pending_hits = 0, Reservation_fails = 0
L2_cache_bank[29]: Access = 32, Miss = 20, Miss_rate = 0.625, Pending_hits = 0, Reservation_fails = 0
L2_cache_bank[30]: Access = 87733, Miss = 87733, Miss_rate = 1.000, Pending_hits = 0, Reservation_fails = 0
L2_cache_bank[31]: Access = 24, Miss = 16, Miss_rate = 0.667, Pending_hits = 0, Reservation_fails = 0
L2_cache_bank[32]: Access = 87906, Miss = 87906, Miss_rate = 1.000, Pending_hits = 0, Reservation_fails = 0
L2_cache_bank[33]: Access = 24, Miss = 16, Miss_rate = 0.667, Pending_hits = 0, Reservation_fails = 0
L2_cache_bank[34]: Access = 87802, Miss = 87802, Miss_rate = 1.000, Pending_hits = 0, Reservation_fails = 0
L2_cache_bank[35]: Access = 20, Miss = 12, Miss_rate = 0.600, Pending_hits = 0, Reservation_fails = 0
L2_cache_bank[36]: Access = 88014, Miss = 88014, Miss_rate = 1.000, Pending_hits = 0, Reservation_fails = 0
L2_cache_bank[37]: Access = 32, Miss = 16, Miss_rate = 0.500, Pending_hits = 0, Reservation_fails = 0
L2_cache_bank[38]: Access = 87082, Miss = 87082, Miss_rate = 1.000, Pending_hits = 0, Reservation_fails = 0
L2_cache_bank[39]: Access = 24, Miss = 12, Miss_rate = 0.500, Pending_hits = 0, Reservation_fails = 0
L2_cache_bank[40]: Access = 87318, Miss = 87318, Miss_rate = 1.000, Pending_hits = 0, Reservation_fails = 0
L2_cache_bank[41]: Access = 32, Miss = 20, Miss_rate = 0.625, Pending_hits = 0, Reservation_fails = 0
L2_cache_bank[42]: Access = 87459, Miss = 87459, Miss_rate = 1.000, Pending_hits = 0, Reservation_fails = 0
L2_cache_bank[43]: Access = 36, Miss = 20, Miss_rate = 0.556, Pending_hits = 0, Reservation_fails = 0
L2_cache_bank[44]: Access = 88053, Miss = 88053, Miss_rate = 1.000, Pending_hits = 0, Reservation_fails = 0
L2_cache_bank[45]: Access = 36, Miss = 20, Miss_rate = 0.556, Pending_hits = 0, Reservation_fails = 0
L2_cache_bank[46]: Access = 87417, Miss = 87417, Miss_rate = 1.000, Pending_hits = 0, Reservation_fails = 0
L2_cache_bank[47]: Access = 32, Miss = 20, Miss_rate = 0.625, Pending_hits = 0, Reservation_fails = 0
L2_cache_bank[48]: Access = 87402, Miss = 87402, Miss_rate = 1.000, Pending_hits = 0, Reservation_fails = 0
L2_cache_bank[49]: Access = 32, Miss = 20, Miss_rate = 0.625, Pending_hits = 0, Reservation_fails = 0
L2_cache_bank[50]: Access = 87427, Miss = 87427, Miss_rate = 1.000, Pending_hits = 0, Reservation_fails = 0
L2_cache_bank[51]: Access = 24, Miss = 16, Miss_rate = 0.667, Pending_hits = 0, Reservation_fails = 0
L2_cache_bank[52]: Access = 88157, Miss = 88157, Miss_rate = 1.000, Pending_hits = 0, Reservation_fails = 0
L2_cache_bank[53]: Access = 24, Miss = 16, Miss_rate = 0.667, Pending_hits = 0, Reservation_fails = 0
L2_cache_bank[54]: Access = 87970, Miss = 87970, Miss_rate = 1.000, Pending_hits = 0, Reservation_fails = 0
L2_cache_bank[55]: Access = 24, Miss = 16, Miss_rate = 0.667, Pending_hits = 0, Reservation_fails = 0
L2_cache_bank[56]: Access = 87986, Miss = 87986, Miss_rate = 1.000, Pending_hits = 0, Reservation_fails = 0
L2_cache_bank[57]: Access = 24, Miss = 16, Miss_rate = 0.667, Pending_hits = 0, Reservation_fails = 0
L2_cache_bank[58]: Access = 87646, Miss = 87646, Miss_rate = 1.000, Pending_hits = 0, Reservation_fails = 0
L2_cache_bank[59]: Access = 24, Miss = 16, Miss_rate = 0.667, Pending_hits = 0, Reservation_fails = 0
L2_cache_bank[60]: Access = 87620, Miss = 87620, Miss_rate = 1.000, Pending_hits = 0, Reservation_fails = 0
L2_cache_bank[61]: Access = 28, Miss = 16, Miss_rate = 0.571, Pending_hits = 0, Reservation_fails = 0
L2_cache_bank[62]: Access = 87670, Miss = 87670, Miss_rate = 1.000, Pending_hits = 0, Reservation_fails = 0
L2_cache_bank[63]: Access = 28, Miss = 16, Miss_rate = 0.571, Pending_hits = 0, Reservation_fails = 0
L2_cache_bank[64]: Access = 87516, Miss = 87516, Miss_rate = 1.000, Pending_hits = 0, Reservation_fails = 0
L2_cache_bank[65]: Access = 28, Miss = 16, Miss_rate = 0.571, Pending_hits = 0, Reservation_fails = 0
L2_cache_bank[66]: Access = 87231, Miss = 87231, Miss_rate = 1.000, Pending_hits = 0, Reservation_fails = 0
L2_cache_bank[67]: Access = 28, Miss = 16, Miss_rate = 0.571, Pending_hits = 0, Reservation_fails = 0
L2_cache_bank[68]: Access = 87432, Miss = 87432, Miss_rate = 1.000, Pending_hits = 0, Reservation_fails = 0
L2_cache_bank[69]: Access = 28, Miss = 16, Miss_rate = 0.571, Pending_hits = 0, Reservation_fails = 0
L2_cache_bank[70]: Access = 87730, Miss = 87730, Miss_rate = 1.000, Pending_hits = 0, Reservation_fails = 0
L2_cache_bank[71]: Access = 36, Miss = 20, Miss_rate = 0.556, Pending_hits = 0, Reservation_fails = 0
L2_cache_bank[72]: Access = 87511, Miss = 87511, Miss_rate = 1.000, Pending_hits = 0, Reservation_fails = 0
L2_cache_bank[73]: Access = 36, Miss = 20, Miss_rate = 0.556, Pending_hits = 0, Reservation_fails = 0
L2_cache_bank[74]: Access = 87726, Miss = 87726, Miss_rate = 1.000, Pending_hits = 0, Reservation_fails = 0
L2_cache_bank[75]: Access = 28, Miss = 16, Miss_rate = 0.571, Pending_hits = 0, Reservation_fails = 0
L2_cache_bank[76]: Access = 87788, Miss = 87788, Miss_rate = 1.000, Pending_hits = 0, Reservation_fails = 0
L2_cache_bank[77]: Access = 20, Miss = 12, Miss_rate = 0.600, Pending_hits = 0, Reservation_fails = 0
L2_cache_bank[78]: Access = 87386, Miss = 87386, Miss_rate = 1.000, Pending_hits = 0, Reservation_fails = 0
L2_cache_bank[79]: Access = 28, Miss = 16, Miss_rate = 0.571, Pending_hits = 0, Reservation_fails = 0
L2_total_cache_accesses = 3505302
L2_total_cache_misses = 3504846
L2_total_cache_miss_rate = 0.9999
L2_total_cache_pending_hits = 0
L2_total_cache_reservation_fails = 0
L2_total_cache_breakdown:
	L2_cache_stats_breakdown[GLOBAL_ACC_R][HIT] = 228
	L2_cache_stats_breakdown[GLOBAL_ACC_R][HIT_RESERVED] = 0
	L2_cache_stats_breakdown[GLOBAL_ACC_R][MISS] = 2334891
	L2_cache_stats_breakdown[GLOBAL_ACC_R][RESERVATION_FAIL] = 0
	L2_cache_stats_breakdown[GLOBAL_ACC_R][SECTOR_MISS] = 513
	L2_cache_stats_breakdown[GLOBAL_ACC_R][MSHR_HIT] = 0
	L2_cache_stats_breakdown[GLOBAL_ACC_R][WRITE_ALLOCATED] = 0
	L2_cache_stats_breakdown[CHIPLET_ACC_R][HIT] = 0
	L2_cache_stats_breakdown[CHIPLET_ACC_R][HIT_RESERVED] = 0
	L2_cache_stats_breakdown[CHIPLET_ACC_R][MISS] = 1168275
	L2_cache_stats_breakdown[CHIPLET_ACC_R][RESERVATION_FAIL] = 0
	L2_cache_stats_breakdown[CHIPLET_ACC_R][SECTOR_MISS] = 483
	L2_cache_stats_breakdown[CHIPLET_ACC_R][MSHR_HIT] = 0
	L2_cache_stats_breakdown[CHIPLET_ACC_R][WRITE_ALLOCATED] = 0
	L2_cache_stats_breakdown[LOCAL_ACC_R][HIT] = 0
	L2_cache_stats_breakdown[LOCAL_ACC_R][HIT_RESERVED] = 0
	L2_cache_stats_breakdown[LOCAL_ACC_R][MISS] = 0
	L2_cache_stats_breakdown[LOCAL_ACC_R][RESERVATION_FAIL] = 0
	L2_cache_stats_breakdown[LOCAL_ACC_R][SECTOR_MISS] = 0
	L2_cache_stats_breakdown[LOCAL_ACC_R][MSHR_HIT] = 0
	L2_cache_stats_breakdown[LOCAL_ACC_R][WRITE_ALLOCATED] = 0
	L2_cache_stats_breakdown[CONST_ACC_R][HIT] = 0
	L2_cache_stats_breakdown[CONST_ACC_R][HIT_RESERVED] = 0
	L2_cache_stats_breakdown[CONST_ACC_R][MISS] = 0
	L2_cache_stats_breakdown[CONST_ACC_R][RESERVATION_FAIL] = 0
	L2_cache_stats_breakdown[CONST_ACC_R][SECTOR_MISS] = 0
	L2_cache_stats_breakdown[CONST_ACC_R][MSHR_HIT] = 0
	L2_cache_stats_breakdown[CONST_ACC_R][WRITE_ALLOCATED] = 0
	L2_cache_stats_breakdown[TEXTURE_ACC_R][HIT] = 0
	L2_cache_stats_breakdown[TEXTURE_ACC_R][HIT_RESERVED] = 0
	L2_cache_stats_breakdown[TEXTURE_ACC_R][MISS] = 0
	L2_cache_stats_breakdown[TEXTURE_ACC_R][RESERVATION_FAIL] = 0
	L2_cache_stats_breakdown[TEXTURE_ACC_R][SECTOR_MISS] = 0
	L2_cache_stats_breakdown[TEXTURE_ACC_R][MSHR_HIT] = 0
	L2_cache_stats_breakdown[TEXTURE_ACC_R][WRITE_ALLOCATED] = 0
	L2_cache_stats_breakdown[GLOBAL_ACC_W][HIT] = 228
	L2_cache_stats_breakdown[GLOBAL_ACC_W][HIT_RESERVED] = 0
	L2_cache_stats_breakdown[GLOBAL_ACC_W][MISS] = 171
	L2_cache_stats_breakdown[GLOBAL_ACC_W][RESERVATION_FAIL] = 0
	L2_cache_stats_breakdown[GLOBAL_ACC_W][SECTOR_MISS] = 513
	L2_cache_stats_breakdown[GLOBAL_ACC_W][MSHR_HIT] = 0
	L2_cache_stats_breakdown[GLOBAL_ACC_W][WRITE_ALLOCATED] = 684
	L2_cache_stats_breakdown[CHIPLET_ACC_W][HIT] = 0
	L2_cache_stats_breakdown[CHIPLET_ACC_W][HIT_RESERVED] = 0
	L2_cache_stats_breakdown[CHIPLET_ACC_W][MISS] = 0
	L2_cache_stats_breakdown[CHIPLET_ACC_W][RESERVATION_FAIL] = 0
	L2_cache_stats_breakdown[CHIPLET_ACC_W][SECTOR_MISS] = 0
	L2_cache_stats_breakdown[CHIPLET_ACC_W][MSHR_HIT] = 0
	L2_cache_stats_breakdown[CHIPLET_ACC_W][WRITE_ALLOCATED] = 0
	L2_cache_stats_breakdown[LOCAL_ACC_W][HIT] = 0
	L2_cache_stats_breakdown[LOCAL_ACC_W][HIT_RESERVED] = 0
	L2_cache_stats_breakdown[LOCAL_ACC_W][MISS] = 0
	L2_cache_stats_breakdown[LOCAL_ACC_W][RESERVATION_FAIL] = 0
	L2_cache_stats_breakdown[LOCAL_ACC_W][SECTOR_MISS] = 0
	L2_cache_stats_breakdown[LOCAL_ACC_W][MSHR_HIT] = 0
	L2_cache_stats_breakdown[LOCAL_ACC_W][WRITE_ALLOCATED] = 0
	L2_cache_stats_breakdown[L1_WRBK_ACC][HIT] = 0
	L2_cache_stats_breakdown[L1_WRBK_ACC][HIT_RESERVED] = 0
	L2_cache_stats_breakdown[L1_WRBK_ACC][MISS] = 0
	L2_cache_stats_breakdown[L1_WRBK_ACC][RESERVATION_FAIL] = 0
	L2_cache_stats_breakdown[L1_WRBK_ACC][SECTOR_MISS] = 0
	L2_cache_stats_breakdown[L1_WRBK_ACC][MSHR_HIT] = 0
	L2_cache_stats_breakdown[L1_WRBK_ACC][WRITE_ALLOCATED] = 0
	L2_cache_stats_breakdown[L2_WRBK_ACC][HIT] = 0
	L2_cache_stats_breakdown[L2_WRBK_ACC][HIT_RESERVED] = 0
	L2_cache_stats_breakdown[L2_WRBK_ACC][MISS] = 0
	L2_cache_stats_breakdown[L2_WRBK_ACC][RESERVATION_FAIL] = 0
	L2_cache_stats_breakdown[L2_WRBK_ACC][SECTOR_MISS] = 0
	L2_cache_stats_breakdown[L2_WRBK_ACC][MSHR_HIT] = 0
	L2_cache_stats_breakdown[L2_WRBK_ACC][WRITE_ALLOCATED] = 0
	L2_cache_stats_breakdown[INST_ACC_R][HIT] = 0
	L2_cache_stats_breakdown[INST_ACC_R][HIT_RESERVED] = 0
	L2_cache_stats_breakdown[INST_ACC_R][MISS] = 0
	L2_cache_stats_breakdown[INST_ACC_R][RESERVATION_FAIL] = 0
	L2_cache_stats_breakdown[INST_ACC_R][SECTOR_MISS] = 0
	L2_cache_stats_breakdown[INST_ACC_R][MSHR_HIT] = 0
	L2_cache_stats_breakdown[INST_ACC_R][WRITE_ALLOCATED] = 0
	L2_cache_stats_breakdown[L1_WR_ALLOC_R][HIT] = 0
	L2_cache_stats_breakdown[L1_WR_ALLOC_R][HIT_RESERVED] = 0
	L2_cache_stats_breakdown[L1_WR_ALLOC_R][MISS] = 0
	L2_cache_stats_breakdown[L1_WR_ALLOC_R][RESERVATION_FAIL] = 0
	L2_cache_stats_breakdown[L1_WR_ALLOC_R][SECTOR_MISS] = 0
	L2_cache_stats_breakdown[L1_WR_ALLOC_R][MSHR_HIT] = 0
	L2_cache_stats_breakdown[L1_WR_ALLOC_R][WRITE_ALLOCATED] = 0
	L2_cache_stats_breakdown[L2_WR_ALLOC_R][HIT] = 0
	L2_cache_stats_breakdown[L2_WR_ALLOC_R][HIT_RESERVED] = 0
	L2_cache_stats_breakdown[L2_WR_ALLOC_R][MISS] = 0
	L2_cache_stats_breakdown[L2_WR_ALLOC_R][RESERVATION_FAIL] = 0
	L2_cache_stats_breakdown[L2_WR_ALLOC_R][SECTOR_MISS] = 0
	L2_cache_stats_breakdown[L2_WR_ALLOC_R][MSHR_HIT] = 0
	L2_cache_stats_breakdown[L2_WR_ALLOC_R][WRITE_ALLOCATED] = 0
	L2_cache_stats_breakdown[GLOBAL_ACC_R][TOTAL_ACCESS] = 2335632
	L2_cache_stats_breakdown[CHIPLET_ACC_R][TOTAL_ACCESS] = 1168758
	L2_cache_stats_breakdown[GLOBAL_ACC_W][TOTAL_ACCESS] = 912
L2_total_cache_reservation_fail_breakdown:
L2_cache_data_port_util = 0.000
L2_cache_fill_port_util = 0.045

icnt_total_pkts_mem_to_simt=4672176
icnt_total_pkts_simt_to_mem=2337456
LD_mem_lat_dist  0 0 0 0 0 0 0 0 0 0 0 0 0 0 0 0 0 0 0 0 0 0 0 0 0 0 0
ST_mem_lat_dist  0 0 0 0 0 0 0 0 0 0 0 0 0 0 0 0 0 0 0 0 0 0 0 0 0 0 0
----------------------------Interconnect-DETAILS--------------------------------
Class 0:
Packet latency average = 6.61749
	minimum = 4
	maximum = 90
Network latency average = 4.34801
	minimum = 4
	maximum = 78
Slowest packet = 56
Flit latency average = 4.34801
	minimum = 4
	maximum = 78
Slowest flit = 3030
Fragmentation average = 0
	minimum = 0
	maximum = 0
Injected packet rate average = 0.0246882
	minimum = 1.63986e-05 (at node 117)
	maximum = 0.0602977 (at node 146)
Accepted packet rate average = 0.0246882
	minimum = 1.63986e-05 (at node 117)
	maximum = 0.0602977 (at node 146)
Injected flit rate average = 0.0246882
	minimum = 1.63986e-05 (at node 117)
	maximum = 0.0602977 (at node 146)
Accepted flit rate average= 0.0246882
	minimum = 1.63986e-05 (at node 117)
	maximum = 0.0602977 (at node 146)
Injected packet length average = 1
Accepted packet length average = 1
Total in-flight flits = 0 (0 measured)
====== Overall Traffic Statistics ======
====== Traffic class 0 ======
Packet latency average = 6.70868 (2 samples)
	minimum = 4 (2 samples)
	maximum = 90 (2 samples)
Network latency average = 4.43995 (2 samples)
	minimum = 4 (2 samples)
	maximum = 78 (2 samples)
Flit latency average = 4.43995 (2 samples)
	minimum = 4 (2 samples)
	maximum = 78 (2 samples)
Fragmentation average = 0 (2 samples)
	minimum = 0 (2 samples)
	maximum = 0 (2 samples)
Injected packet rate average = 0.0243822 (2 samples)
	minimum = 2.81662e-05 (2 samples)
	maximum = 0.0598246 (2 samples)
Accepted packet rate average = 0.0243822 (2 samples)
	minimum = 2.81662e-05 (2 samples)
	maximum = 0.0598246 (2 samples)
Injected flit rate average = 0.0243822 (2 samples)
	minimum = 2.81662e-05 (2 samples)
	maximum = 0.0598246 (2 samples)
Accepted flit rate average = 0.0243822 (2 samples)
	minimum = 2.81662e-05 (2 samples)
	maximum = 0.0598246 (2 samples)
Injected packet size average = 1 (2 samples)
Accepted packet size average = 1 (2 samples)
Hops average = 1 (2 samples)
----------------------------END-of-Interconnect-DETAILS-------------------------


gpgpu_simulation_time = 0 days, 0 hrs, 7 min, 51 sec (471 sec)
gpgpu_simulation_rate = 11803 (inst/sec)
gpgpu_simulation_rate = 1035 (cycle/sec)
gpgpu_silicon_slowdown = 1695652x
GPGPU-Sim: *** simulation thread exiting ***
GPGPU-Sim: *** exit detected ***
