Accel-Sim [build accelsim-commit-d930ad6_modified_0.0_26-09-23-20-58-46]

        *** GPGPU-Sim Simulator Version 4.2.0  [build gpgpu-sim_git-commit-fa2f6f39_modified_1.0.] ***


GPGPU-Sim: Configuration options:

-save_embedded_ptx                      0 # saves ptx files embedded in binary as <n>.ptx
-keep                                   0 # keep intermediate files created by GPGPU-Sim when interfacing with external programs
-gpgpu_ptx_save_converted_ptxplus                    0 # Saved converted ptxplus to a file
-gpgpu_occupancy_sm_number                   90 # The SM number to pass to ptxas when getting register usage for computing GPU occupancy. This parameter is required in the config.
-ptx_opcode_latency_int           4,4,4,4,21 # Opcode latencies for integers <ADD,MAX,MUL,MAD,DIV,SHFL>Default 1,1,19,25,145,32
-ptx_opcode_latency_fp           4,4,4,4,39 # Opcode latencies for single precision floating points <ADD,MAX,MUL,MAD,DIV>Default 1,1,1,1,30
-ptx_opcode_latency_dp          8,8,8,8,330 # Opcode latencies for double precision floating points <ADD,MAX,MUL,MAD,DIV>Default 8,8,8,8,335
-ptx_opcode_latency_sfu                   23 # Opcode latencies for SFU instructionsDefault 8
-ptx_opcode_latency_tesnor                   24 # Opcode latencies for Tensor instructionsDefault 64
-ptx_opcode_initiation_int            2,2,2,2,2 # Opcode initiation intervals for integers <ADD,MAX,MUL,MAD,DIV,SHFL>Default 1,1,4,4,32,4
-ptx_opcode_initiation_fp            2,2,2,2,4 # Opcode initiation intervals for single precision floating points <ADD,MAX,MUL,MAD,DIV>Default 1,1,1,1,5
-ptx_opcode_initiation_dp          2,2,2,2,130 # Opcode initiation intervals for double precision floating points <ADD,MAX,MUL,MAD,DIV>Default 8,8,8,8,130
-ptx_opcode_initiation_sfu                    8 # Opcode initiation intervals for sfu instructionsDefault 8
-ptx_opcode_initiation_tensor                    8 # Opcode initiation intervals for tensor instructionsDefault 64
-cdp_latency         7200,8000,100,12000,1600 # CDP API latency <cudaStreamCreateWithFlags, cudaGetParameterBufferV2_init_perWarp, cudaGetParameterBufferV2_perKernel, cudaLaunchDeviceV2_init_perWarp, cudaLaunchDevicV2_perKernel>Default 7200,8000,100,12000,1600
-network_mode                           1 # Interconnection network mode
-inter_config_file   config_hopper_islip.icnt # Interconnection network config file
-icnt_in_buffer_limit                   64 # in_buffer_limit
-icnt_out_buffer_limit                   64 # out_buffer_limit
-icnt_subnets                           2 # subnets
-icnt_arbiter_algo                      1 # arbiter_algo
-icnt_verbose                           0 # inct_verbose
-icnt_grant_cycles                      1 # grant_cycles
-gpgpu_ptx_use_cuobjdump                    1 # Use cuobjdump to extract ptx and sass from binaries
-gpgpu_experimental_lib_support                    0 # Try to extract code from cuda libraries [Broken because of unknown cudaGetExportTable]
-checkpoint_option                      0 #  checkpointing flag (0 = no checkpoint)
-checkpoint_kernel                      1 #  checkpointing during execution of which kernel (1- 1st kernel)
-checkpoint_CTA                         0 #  checkpointing after # of CTA (< less than total CTA)
-resume_option                          0 #  resume flag (0 = no resume)
-resume_kernel                          0 #  Resume from which kernel (1= 1st kernel)
-resume_CTA                             0 #  resume from which CTA 
-checkpoint_CTA_t                       0 #  resume from which CTA 
-checkpoint_insn_Y                      0 #  resume from which CTA 
-gpgpu_ptx_convert_to_ptxplus                    0 # Convert SASS (native ISA) to ptxplus and run ptxplus
-gpgpu_ptx_force_max_capability                   90 # Force maximum compute capability
-gpgpu_ptx_inst_debug_to_file                    0 # Dump executed instructions' debug information to file
-gpgpu_ptx_inst_debug_file       inst_debug.txt # Executed instructions' debug output file
-gpgpu_ptx_inst_debug_thread_uid                    1 # Thread UID for executed instructions' debug output
-gpgpu_simd_model                       1 # 1 = post-dominator
-gpgpu_shader_core_pipeline              2048:32 # shader core pipeline config, i.e., {<nthread>:<warpsize>}
-gpgpu_tex_cache:l1  N:4:128:256,L:R:m:N:L,T:512:8,128:2 # per-shader L1 texture cache  (READ-ONLY) config  {<nsets>:<bsize>:<assoc>,<rep>:<wr>:<alloc>:<wr_alloc>,<mshr>:<N>:<merge>,<mq>:<rf>}
-gpgpu_const_cache:l1 N:128:64:8,L:R:f:N:L,S:2:64,4 # per-shader L1 constant memory cache  (READ-ONLY) config  {<nsets>:<bsize>:<assoc>,<rep>:<wr>:<alloc>:<wr_alloc>,<mshr>:<N>:<merge>,<mq>} 
-gpgpu_cache:il1     N:64:128:16,L:R:f:N:L,S:2:48,4 # shader L1 instruction cache config  {<sector?>:<nsets>:<bsize>:<assoc>,<rep>:<wr>:<alloc>:<wr_alloc>:<set_index_fn>,<mshr>:<N>:<merge>,<mq>} 
-gpgpu_cache:dl1     S:4:128:64,L:T:m:L:L,A:512:64,16:0,32 # per-shader L1 data cache config  {<sector?>:<nsets>:<bsize>:<assoc>,<rep>:<wr>:<alloc>:<wr_alloc>:<set_index_fn>,<mshr>:<N>:<merge>,<mq>:<fifo_entry>,<data_port_width> | none}
-gpgpu_l1_cache_write_ratio                   25 # L1D write ratio
-gpgpu_l1_banks                         4 # The number of L1 cache banks
-gpgpu_l1_banks_byte_interleaving                   32 # l1 banks byte interleaving granularity
-gpgpu_l1_banks_hashing_function                    0 # l1 banks hashing function
-gpgpu_l1_latency                      41 # L1 Hit Latency
-gpgpu_smem_latency                    29 # smem Latency
-gpgpu_cache:dl1PrefL1                 none # per-shader L1 data cache config  {<sector?>:<nsets>:<bsize>:<assoc>,<rep>:<wr>:<alloc>:<wr_alloc>:<set_index_fn>,<mshr>:<N>:<merge>,<mq>:<fifo_entry>,<data_port_width> | none}
-gpgpu_cache:dl1PrefShared                 none # per-shader L1 data cache config  {<sector?>:<nsets>:<bsize>:<assoc>,<rep>:<wr>:<alloc>:<wr_alloc>:<set_index_fn>,<mshr>:<N>:<merge>,<mq>:<fifo_entry>,<data_port_width> | none}
-gpgpu_gmem_skip_L1D                    0 # global memory access skip L1D cache (implements -Xptxas -dlcm=cg, default=no skip)
-gpgpu_perfect_mem                      0 # enable perfect memory mode (no cache miss)
-n_regfile_gating_group                    4 # group of lanes that should be read/written together)
-gpgpu_clock_gated_reg_file                    0 # enable clock gated reg file for power calculations
-gpgpu_clock_gated_lanes                    1 # enable clock gated lanes for power calculations
-gpgpu_shader_registers                65536 # Number of registers per shader core. Limits number of concurrent CTAs. (default 8192)
-gpgpu_registers_per_block                65536 # Maximum number of registers per CTA. (default 8192)
-gpgpu_ignore_resources_limitation                    0 # gpgpu_ignore_resources_limitation (default 0)
-gpgpu_shader_cta                      32 # Maximum number of concurrent CTAs in shader (default 32)
-gpgpu_num_cta_barriers                   16 # Maximum number of named barriers per CTA (default 16)
-gpgpu_n_clusters                     114 # number of processing clusters
-gpgpu_n_cores_per_cluster                    1 # number of simd cores per cluster
-gpgpu_n_cluster_ejection_buffer_size                   32 # number of packets in ejection buffer
-gpgpu_n_ldst_response_buffer_size                   32 # number of response packets in ld/st unit ejection buffer
-gpgpu_shmem_per_block                49152 # Size of shared memory per thread block or CTA (default 48kB)
-gpgpu_shmem_size                  233472 # Size of shared memory per shader core (default 16kB)
-gpgpu_shmem_option      0,8,16,32,64,228 # Option list of shared memory sizes
-gpgpu_unified_l1d_size                  256 # Size of unified data cache(L1D + shared memory) in KB
-gpgpu_adaptive_cache_config                    1 # adaptive_cache_config
-gpgpu_shmem_sizeDefault               233472 # Size of shared memory per shader core (default 16kB)
-gpgpu_shmem_size_PrefL1                16384 # Size of shared memory per shader core (default 16kB)
-gpgpu_shmem_size_PrefShared                16384 # Size of shared memory per shader core (default 16kB)
-gpgpu_shmem_num_banks                   32 # Number of banks in the shared memory in each shader core (default 16)
-gpgpu_shmem_limited_broadcast                    0 # Limit shared memory to do one broadcast per cycle (default on)
-gpgpu_shmem_warp_parts                    1 # Number of portions a warp is divided into for shared memory bank conflict check 
-gpgpu_mem_unit_ports                    1 # The number of memory transactions allowed per core cycle
-gpgpu_shmem_warp_parts                    1 # Number of portions a warp is divided into for shared memory bank conflict check 
-gpgpu_warpdistro_shader                   -1 # Specify which shader core to collect the warp size distribution from
-gpgpu_warp_issue_shader                    0 # Specify which shader core to collect the warp issue distribution from
-gpgpu_local_mem_map                    1 # Mapping from local memory space address to simulated GPU physical address space (default = enabled)
-gpgpu_num_reg_banks                   64 # Number of register banks (default = 8)
-gpgpu_reg_bank_use_warp_id                    0 # Use warp ID in mapping registers to banks (default = off)
-gpgpu_sub_core_model                    1 # Sub Core Volta/Pascal model (default = off)
-gpgpu_enable_specialized_operand_collector                    0 # enable_specialized_operand_collector
-gpgpu_operand_collector_num_units_sp                    4 # number of collector units (default = 4)
-gpgpu_operand_collector_num_units_dp                    0 # number of collector units (default = 0)
-gpgpu_operand_collector_num_units_sfu                    4 # number of collector units (default = 4)
-gpgpu_operand_collector_num_units_int                    0 # number of collector units (default = 0)
-gpgpu_operand_collector_num_units_tensor_core                    4 # number of collector units (default = 4)
-gpgpu_operand_collector_num_units_mem                    2 # number of collector units (default = 2)
-gpgpu_operand_collector_num_units_gen                    8 # number of collector units (default = 0)
-gpgpu_operand_collector_num_in_ports_sp                    1 # number of collector unit in ports (default = 1)
-gpgpu_operand_collector_num_in_ports_dp                    0 # number of collector unit in ports (default = 0)
-gpgpu_operand_collector_num_in_ports_sfu                    1 # number of collector unit in ports (default = 1)
-gpgpu_operand_collector_num_in_ports_int                    0 # number of collector unit in ports (default = 0)
-gpgpu_operand_collector_num_in_ports_tensor_core                    1 # number of collector unit in ports (default = 1)
-gpgpu_operand_collector_num_in_ports_mem                    1 # number of collector unit in ports (default = 1)
-gpgpu_operand_collector_num_in_ports_gen                    8 # number of collector unit in ports (default = 0)
-gpgpu_operand_collector_num_out_ports_sp                    1 # number of collector unit in ports (default = 1)
-gpgpu_operand_collector_num_out_ports_dp                    0 # number of collector unit in ports (default = 0)
-gpgpu_operand_collector_num_out_ports_sfu                    1 # number of collector unit in ports (default = 1)
-gpgpu_operand_collector_num_out_ports_int                    0 # number of collector unit in ports (default = 0)
-gpgpu_operand_collector_num_out_ports_tensor_core                    1 # number of collector unit in ports (default = 1)
-gpgpu_operand_collector_num_out_ports_mem                    1 # number of collector unit in ports (default = 1)
-gpgpu_operand_collector_num_out_ports_gen                    8 # number of collector unit in ports (default = 0)
-gpgpu_coalesce_arch                   90 # Coalescing arch (GT200 = 13, Fermi = 20)
-gpgpu_num_sched_per_core                    4 # Number of warp schedulers per core
-gpgpu_max_insn_issue_per_warp                    1 # Max number of instructions that can be issued per warp in one cycle by scheduler (either 1 or 2)
-gpgpu_dual_issue_diff_exec_units                    1 # should dual issue use two different execution unit resources (Default = 1)
-gpgpu_simt_core_sim_order                    1 # Select the simulation order of cores in a cluster (0=Fix, 1=Round-Robin)
-gpgpu_pipeline_widths 4,4,4,4,4,4,4,4,4,4,8,4,4 # Pipeline widths ID_OC_SP,ID_OC_DP,ID_OC_INT,ID_OC_SFU,ID_OC_MEM,OC_EX_SP,OC_EX_DP,OC_EX_INT,OC_EX_SFU,OC_EX_MEM,EX_WB,ID_OC_TENSOR_CORE,OC_EX_TENSOR_CORE
-gpgpu_tensor_core_avail                    1 # Tensor Core Available (default=0)
-gpgpu_num_sp_units                     4 # Number of SP units (default=1)
-gpgpu_num_dp_units                     4 # Number of DP units (default=0)
-gpgpu_num_int_units                    4 # Number of INT units (default=0)
-gpgpu_num_sfu_units                    4 # Number of SF units (default=1)
-gpgpu_num_tensor_core_units                    4 # Number of tensor_core units (default=1)
-gpgpu_num_mem_units                    1 # Number if ldst units (default=1) WARNING: not hooked up to anything
-gpgpu_scheduler                      lrr # Scheduler configuration: < lrr | gto | two_level_active > If two_level_active:<num_active_warps>:<inner_prioritization>:<outer_prioritization>For complete list of prioritization values see shader.h enum scheduler_prioritization_typeDefault: gto
-gpgpu_concurrent_kernel_sm                    0 # Support concurrent kernels on a SM (default = disabled)
-gpgpu_perfect_inst_const_cache                    1 # perfect inst and const cache mode, so all inst and const hits in the cache(default = disabled)
-gpgpu_inst_fetch_throughput                    4 # the number of fetched intruction per warp each cycle
-gpgpu_reg_file_port_throughput                    2 # the number ports of the register file
-specialized_unit_1         1,4,4,4,4,BRA # specialized unit config {<enabled>,<num_units>:<latency>:<initiation>,<ID_OC_SPEC>:<OC_EX_SPEC>,<NAME>}
-specialized_unit_2       1,4,200,4,4,TEX # specialized unit config {<enabled>,<num_units>:<latency>:<initiation>,<ID_OC_SPEC>:<OC_EX_SPEC>,<NAME>}
-specialized_unit_3     1,4,12,4,4,TENSOR # specialized unit config {<enabled>,<num_units>:<latency>:<initiation>,<ID_OC_SPEC>:<OC_EX_SPEC>,<NAME>}
-specialized_unit_4         1,4,4,4,4,UDP # specialized unit config {<enabled>,<num_units>:<latency>:<initiation>,<ID_OC_SPEC>:<OC_EX_SPEC>,<NAME>}
-specialized_unit_5      1,4,128,4,4,GMMA # specialized unit config {<enabled>,<num_units>:<latency>:<initiation>,<ID_OC_SPEC>:<OC_EX_SPEC>,<NAME>}
-specialized_unit_6         0,4,4,4,4,BRA # specialized unit config {<enabled>,<num_units>:<latency>:<initiation>,<ID_OC_SPEC>:<OC_EX_SPEC>,<NAME>}
-specialized_unit_7         0,4,4,4,4,BRA # specialized unit config {<enabled>,<num_units>:<latency>:<initiation>,<ID_OC_SPEC>:<OC_EX_SPEC>,<NAME>}
-specialized_unit_8         0,4,4,4,4,BRA # specialized unit config {<enabled>,<num_units>:<latency>:<initiation>,<ID_OC_SPEC>:<OC_EX_SPEC>,<NAME>}
-gpgpu_opndcoll_model                    1 # Detailed operand collector model (0=DETAILED, 1=SIMPLE)
-gpgpu_trywait_max_retries                    5 # Max TRYWAIT retry attempts before giving up (default: 5)
-gpgpu_trywait_retry_cycles                  200 # Stall cycles between TRYWAIT retries (default: 200)
-gpgpu_n_chiplet_partition                    2 # Number of chiplet partitions. Default: 2
-gpgpu_chiplet_interleave                    0 # Chiplet TPC mapping: 0 = contiguous (first/second half), 1 = interleaved (even/odd TPC). Default: 0
-chiplet_mem_stride                  8192 # Memory stride for chiplet partitioning. Default: 8192
-gpgpu_perf_sim_memcpy                    0 # Fill the L2 cache on memcpy
-gpgpu_simple_dram_model                    1 # simple_dram_model with fixed latency and BW
-gpgpu_simple_dram_clock_multiplier                    1 # clock multiplier for simple dram model (default = 1)
-gpgpu_dram_scheduler                    1 # 0 = fifo, 1 = FR-FCFS (defaul)
-gpgpu_dram_partition_queues          64:64:64:64 # i2$:$2d:d2$:$2i
-l2_ideal                               0 # Use a ideal L2 cache that always hit
-gpgpu_cache:dl2     S:256:128:20,L:B:m:L:X,A:384:4,32:0,32 # unified banked L2 data cache config  {<sector?>:<nsets>:<bsize>:<assoc>,<rep>:<wr>:<alloc>:<wr_alloc>:<set_index_fn>,<mshr>:<N>:<merge>,<mq>:<fifo_entry>,<data_port_width>
-gpgpu_cache:dl2_texture_only                    0 # L2 cache used for texture only
-gpgpu_n_mem                           40 # number of memory modules (e.g. memory controllers) in gpu
-gpgpu_n_sub_partition_per_mchannel                    2 # number of memory subpartition in each memory module
-chiplet_partition_stride                 8192 # stride for chiplet partition indexing
-inter_chiplet_queue_size                  256 # max entries in inter-chiplet request/reply queues
-inter_chiplet_queue_latency                  100 # latency (in cycles) for inter-chiplet queue
-gpgpu_n_mem_per_ctrlr                    1 # number of memory chips per memory controller
-gpgpu_memlatency_stat                   14 # track and display latency statistics 0x2 enables MC, 0x4 enables queue logs
-gpgpu_frfcfs_dram_sched_queue_size                  128 # 0 = unlimited (default); # entries per chip
-gpgpu_dram_return_queue_size                  384 # 0 = unlimited (default); # entries per chip
-gpgpu_dram_buswidth                    8 # default = 4 bytes (8 bytes per cycle at DDR)
-gpgpu_dram_burst_length                    4 # Burst length of each DRAM request (default = 4 data bus cycle)
-dram_data_command_freq_ratio                    2 # Frequency ratio between DRAM data bus and command bus (default = 2 times, i.e. DDR)
-gpgpu_dram_timing_opt nbk=16:CCD=1:RRD=6:RCD=19:RAS=45:RP=19:RC=50:CL=19:WL=6:CDLR=8:WR=21:nbkgrp=4:CCDL=6:RTPL=8 # DRAM timing parameters = {nbk:tCCD:tRRD:tRCD:tRAS:tRP:tRC:CL:WL:tCDLR:tWR:nbkgrp:tCCDL:tRTPL}
-gpgpu_l2_rop_latency                  237 # ROP queue latency (default 85)
-dram_latency                         283 # DRAM latency (default 30)
-dram_dual_bus_interface                    1 # dual_bus_interface (default = 0) 
-dram_bnk_indexing_policy                    0 # dram_bnk_indexing_policy (0 = normal indexing, 1 = Xoring with the higher bits) (Default = 0)
-dram_bnkgrp_indexing_policy                    1 # dram_bnkgrp_indexing_policy (0 = take higher bits, 1 = take lower bits) (Default = 0)
-dram_seperate_write_queue_enable                    0 # Seperate_Write_Queue_Enable
-dram_write_queue_size             32:28:16 # Write_Queue_Size
-dram_elimnate_rw_turnaround                    0 # elimnate_rw_turnaround i.e set tWTR and tRTW = 0
-icnt_flit_size                        32 # icnt_flit_size
-SST_mode                               0 # SST mode
-gpgpu_lrc_enabled                      1 # Enable load request coalescer
-gpgpu_lrc_max_entries                 1024 # Maximum number of entries in the LRC queue
-gpgpu_lrc_max_merged                    4 # Maximum number of requests that can be merged in a single entry
-gpgpu_mem_addr_mapping dramid@8;00000000.00000000.00000000.00000000.0000RRRR.RRRRRRRR.RBBBCCCC.BCCSSSSS # mapping memory address to dram model {dramid@<start bit>;<memory address map>}
-gpgpu_mem_addr_test                    0 # run sweep test to check address mapping for aliased address
-gpgpu_mem_address_mask                    1 # 0 = old addressing mask, 1 = new addressing mask, 2 = new add. mask + flipped bank sel and chip sel bits
-gpgpu_memory_partition_indexing                    6 # 0 = no indexing, 1 = bitwise xoring, 2 = IPoly, 4 = Random, 5 = custom indexing, 6 = IPoly-Modulo
-accelwattch_xml_file accelwattch_sass_sim.xml # AccelWattch XML file
-power_simulation_enabled                    0 # Turn on power simulator (1=On, 0=Off)
-power_per_cycle_dump                    0 # Dump detailed power output each cycle
-hw_perf_file_name            hw_perf.csv # Hardware Performance Statistics file
-hw_perf_bench_name                       # Kernel Name in Hardware Performance Statistics file
-power_simulation_mode                    0 # Switch performance counter input for power simulation (0=Sim, 1=HW, 2=HW-Sim Hybrid)
-dvfs_enabled                           0 # Turn on DVFS for power model
-aggregate_power_stats                    0 # Accumulate power across all kernels
-accelwattch_hybrid_perfsim_L1_RH                    0 # Get L1 Read Hits for Accelwattch-Hybrid from Accel-Sim
-accelwattch_hybrid_perfsim_L1_RM                    0 # Get L1 Read Misses for Accelwattch-Hybrid from Accel-Sim
-accelwattch_hybrid_perfsim_L1_WH                    0 # Get L1 Write Hits for Accelwattch-Hybrid from Accel-Sim
-accelwattch_hybrid_perfsim_L1_WM                    0 # Get L1 Write Misses for Accelwattch-Hybrid from Accel-Sim
-accelwattch_hybrid_perfsim_L2_RH                    0 # Get L2 Read Hits for Accelwattch-Hybrid from Accel-Sim
-accelwattch_hybrid_perfsim_L2_RM                    0 # Get L2 Read Misses for Accelwattch-Hybrid from Accel-Sim
-accelwattch_hybrid_perfsim_L2_WH                    0 # Get L2 Write Hits for Accelwattch-Hybrid from Accel-Sim
-accelwattch_hybrid_perfsim_L2_WM                    0 # Get L2 Write Misses for Accelwattch-Hybrid from Accel-Sim
-accelwattch_hybrid_perfsim_CC_ACC                    0 # Get Constant Cache Acesses for Accelwattch-Hybrid from Accel-Sim
-accelwattch_hybrid_perfsim_SHARED_ACC                    0 # Get Shared Memory Acesses for Accelwattch-Hybrid from Accel-Sim
-accelwattch_hybrid_perfsim_DRAM_RD                    0 # Get DRAM Reads for Accelwattch-Hybrid from Accel-Sim
-accelwattch_hybrid_perfsim_DRAM_WR                    0 # Get DRAM Writes for Accelwattch-Hybrid from Accel-Sim
-accelwattch_hybrid_perfsim_NOC                    0 # Get Interconnect Acesses for Accelwattch-Hybrid from Accel-Sim
-accelwattch_hybrid_perfsim_PIPE_DUTY                    0 # Get Pipeline Duty Cycle Acesses for Accelwattch-Hybrid from Accel-Sim
-accelwattch_hybrid_perfsim_NUM_SM_IDLE                    0 # Get Number of Idle SMs for Accelwattch-Hybrid from Accel-Sim
-accelwattch_hybrid_perfsim_CYCLES                    0 # Get Executed Cycles for Accelwattch-Hybrid from Accel-Sim
-accelwattch_hybrid_perfsim_VOLTAGE                    0 # Get Chip Voltage for Accelwattch-Hybrid from Accel-Sim
-power_trace_enabled                    0 # produce a file for the power trace (1=On, 0=Off)
-power_trace_zlevel                     6 # Compression level of the power trace output log (0=no comp, 9=highest)
-steady_power_levels_enabled                    0 # produce a file for the steady power levels (1=On, 0=Off)
-steady_state_definition                  8:4 # allowed deviation:number of samples
-gpgpu_max_cycle                        0 # terminates gpu simulation early (0 = no limit)
-gpgpu_max_insn                         0 # terminates gpu simulation early (0 = no limit)
-gpgpu_max_cta                          0 # terminates gpu simulation early (0 = no limit)
-gpgpu_max_completed_cta                    0 # terminates gpu simulation early (0 = no limit)
-gpgpu_runtime_stat                   500 # display runtime statistics such as dram utilization {<freq>:<flag>}
-liveness_message_freq                    1 # Minimum number of seconds between simulation liveness messages (0 = always print)
-gpgpu_compute_capability_major                    9 # Major compute capability version number
-gpgpu_compute_capability_minor                    0 # Minor compute capability version number
-gpgpu_flush_l1_cache                    1 # Flush L1 cache at the end of each kernel call
-gpgpu_flush_l2_cache                    0 # Flush L2 cache at the end of each kernel call
-gpgpu_deadlock_detect                    1 # Stop the simulation at deadlock (1=on (default), 0=off)
-gpgpu_ptx_instruction_classification                    0 # if enabled will classify ptx instruction types per kernel (Max 255 kernels now)
-gpgpu_ptx_sim_mode                     0 # Select between Performance (default) or Functional simulation (1)
-gpgpu_clock_domains  1755:3510:3510:1593 # Clock Domain Frequencies in MhZ {<Core Clock>:<ICNT Clock>:<L2 Clock>:<DRAM Clock>}
-gpgpu_max_concurrent_kernel                  128 # maximum kernels that can run concurrently on GPU, set this value according to max resident grids for your compute capability
-gpgpu_cflog_interval                    0 # Interval between each snapshot in control flow logger
-visualizer_enabled                     0 # Turn on visualizer output (1=On, 0=Off)
-visualizer_outputfile                 NULL # Specifies the output log file for visualizer
-visualizer_zlevel                      6 # Compression level of the visualizer output log (0=no comp, 9=highest)
-gpgpu_stack_size_limit                 1024 # GPU thread stack size
-gpgpu_heap_size_limit              8388608 # GPU malloc heap size 
-gpgpu_runtime_sync_depth_limit                    2 # GPU device runtime synchronize depth
-gpgpu_runtime_pending_launch_count_limit                 2048 # GPU device runtime pending launch count
-trace_enabled                          0 # Turn on traces
-trace_components                    none # comma seperated list of traces to enable. Complete list found in trace_streams.tup. Default none
-trace_sampling_core                    0 # The core which is printed using CORE_DPRINTF. Default 0
-trace_sampling_memory_partition                   -1 # The memory partition which is printed using MEMPART_DPRINTF. Default -1 (i.e. all)
-enable_ptx_file_line_stats                    1 # Turn on PTX source line statistic profiling. (1 = On)
-ptx_line_stats_filename gpgpu_inst_stats.txt # Output file for PTX source line statistics.
-gpgpu_kernel_launch_latency                 3000 # Kernel launch latency in cycles. Default: 0
-gpgpu_cdp_enabled                      0 # Turn on CDP
-gpgpu_TB_launch_latency                    0 # thread block launch latency in cycles. Default: 0
-trace               /localhome/tsousape/cam_with_gpu/traces/sched_A_16_234/traces/kernelslist.g # traces kernel filetraces kernel file directory
-trace_opcode_latency_initiation_int                  4,2 # Opcode latencies and initiation for integers in trace driven mode <latency,initiation>
-trace_opcode_latency_initiation_sp                  3,2 # Opcode latencies and initiation for sp in trace driven mode <latency,initiation>
-trace_opcode_latency_initiation_dp                  8,2 # Opcode latencies and initiation for dp in trace driven mode <latency,initiation>
-trace_opcode_latency_initiation_sfu                 23,8 # Opcode latencies and initiation for sfu in trace driven mode <latency,initiation>
-trace_opcode_latency_initiation_tensor                 12,4 # Opcode latencies and initiation for tensor in trace driven mode <latency,initiation>
-trace_opcode_latency_initiation_spec_op_1                  4,4 # specialized unit config <latency,initiation>
-trace_opcode_latency_initiation_spec_op_2                200,4 # specialized unit config <latency,initiation>
-trace_opcode_latency_initiation_spec_op_3                 12,4 # specialized unit config <latency,initiation>
-trace_opcode_latency_initiation_spec_op_4                  4,1 # specialized unit config <latency,initiation>
-trace_opcode_latency_initiation_spec_op_5               128,32 # specialized unit config <latency,initiation>
-trace_opcode_latency_initiation_spec_op_6                  4,4 # specialized unit config <latency,initiation>
-trace_opcode_latency_initiation_spec_op_7                  4,4 # specialized unit config <latency,initiation>
-trace_opcode_latency_initiation_spec_op_8                  4,4 # specialized unit config <latency,initiation>
DRAM Timing Options:
nbk                                    16 # number of banks
CCD                                     1 # column to column delay
RRD                                     6 # minimal delay between activation of rows in different banks
RCD                                    19 # row to column delay
RAS                                    45 # time needed to activate row
RP                                     19 # time needed to precharge (deactivate) row
RC                                     50 # row cycle time
CDLR                                    8 # switching from write to read (changes tWTR)
WR                                     21 # last data-in to row precharge
CL                                     19 # CAS latency
WL                                      6 # Write latency
nbkgrp                                  4 # number of bank groups
CCDL                                    6 # column to column delay between accesses to different bank groups
RTPL                                    8 # read to precharge delay between accesses to different bank groups
Total number of memory sub partition = 80
addr_dec_mask[CHIP]  = 0000000000000000 	high:64 low:0
addr_dec_mask[BK]    = 0000000000007080 	high:15 low:7
addr_dec_mask[ROW]   = 000000000fff8000 	high:28 low:15
addr_dec_mask[COL]   = 0000000000000f7f 	high:12 low:0
addr_dec_mask[BURST] = 000000000000001f 	high:5 low:0
sub_partition_id_mask = 0000000000000080
GPGPU-Sim uArch: clock freqs: 1755000000.000000:3510000000.000000:3510000000.000000:1593000000.000000
GPGPU-Sim uArch: clock periods: 0.00000000056980056980:0.00000000028490028490:0.00000000028490028490:0.00000000062774639046
*** Initializing Memory Statistics ***
GPGPU-Sim uArch: interconnect node map (shaderID+MemID to icntID)
GPGPU-Sim uArch: Memory nodes ID start from index: 114
GPGPU-Sim uArch:    0   1   2   3   4   5   6   7   8   9  10  11  12
GPGPU-Sim uArch:   13  14  15  16  17  18  19  20  21  22  23  24  25
GPGPU-Sim uArch:   26  27  28  29  30  31  32  33  34  35  36  37  38
GPGPU-Sim uArch:   39  40  41  42  43  44  45  46  47  48  49  50  51
GPGPU-Sim uArch:   52  53  54  55  56  57  58  59  60  61  62  63  64
GPGPU-Sim uArch:   65  66  67  68  69  70  71  72  73  74  75  76  77
GPGPU-Sim uArch:   78  79  80  81  82  83  84  85  86  87  88  89  90
GPGPU-Sim uArch:   91  92  93  94  95  96  97  98  99 100 101 102 103
GPGPU-Sim uArch:  104 105 106 107 108 109 110 111 112 113 114 115 116
GPGPU-Sim uArch:  117 118 119 120 121 122 123 124 125 126 127 128 129
GPGPU-Sim uArch:  130 131 132 133 134 135 136 137 138 139 140 141 142
GPGPU-Sim uArch:  143 144 145 146 147 148 149 150 151 152 153 154 155
GPGPU-Sim uArch:  156 157 158 159 160 161 162 163 164 165 166 167 168
GPGPU-Sim uArch:  169 170 171 172 173 174 175 176 177 178 179 180 181
GPGPU-Sim uArch:  182 183 184 185 186 187 188 189 190 191 192 193
GPGPU-Sim uArch: interconnect node reverse map (icntID to shaderID+MemID)
GPGPU-Sim uArch: Memory nodes start from ID: 114
GPGPU-Sim uArch:    0   1   2   3   4   5   6   7   8   9  10  11  12
GPGPU-Sim uArch:   13  14  15  16  17  18  19  20  21  22  23  24  25
GPGPU-Sim uArch:   26  27  28  29  30  31  32  33  34  35  36  37  38
GPGPU-Sim uArch:   39  40  41  42  43  44  45  46  47  48  49  50  51
GPGPU-Sim uArch:   52  53  54  55  56  57  58  59  60  61  62  63  64
GPGPU-Sim uArch:   65  66  67  68  69  70  71  72  73  74  75  76  77
GPGPU-Sim uArch:   78  79  80  81  82  83  84  85  86  87  88  89  90
GPGPU-Sim uArch:   91  92  93  94  95  96  97  98  99 100 101 102 103
GPGPU-Sim uArch:  104 105 106 107 108 109 110 111 112 113 114 115 116
GPGPU-Sim uArch:  117 118 119 120 121 122 123 124 125 126 127 128 129
GPGPU-Sim uArch:  130 131 132 133 134 135 136 137 138 139 140 141 142
GPGPU-Sim uArch:  143 144 145 146 147 148 149 150 151 152 153 154 155
GPGPU-Sim uArch:  156 157 158 159 160 161 162 163 164 165 166 167 168
GPGPU-Sim uArch:  169 170 171 172 173 174 175 176 177 178 179 180 181
GPGPU-Sim uArch:  182 183 184 185 186 187 188 189 190 191 192 193
GPGPU-Sim uArch: performance model initialization complete.
launching memcpy command : MemcpyHtoD,0x00007f7c5ba00000,25427968
Processing kernel /localhome/tsousape/cam_with_gpu/traces/sched_A_16_234/traces/kernel-1-ctx_0x559224ee2480.tracez
-kernel name = _Z8sched_acPjPKjS_PfiiiiPy
-kernel id = 1
-grid dim = (16,1,1)
-block dim = (128,1,1)
-shmem = 33032
-nregs = 31
-binary version = 90
-cuda stream id = 0
-shmem base_addr = 0x00007f7d00000000
-local mem base_addr = 0x00007f7c81000000
-nvbit version = 1.8
-accelsim tracer version = 6
-enable lineinfo = 0
Header info loaded for kernel command : /localhome/tsousape/cam_with_gpu/traces/sched_A_16_234/traces/kernel-1-ctx_0x559224ee2480.tracez
launching kernel name: _Z8sched_acPjPKjS_PfiiiiPy uid: 1 cuda_stream_id: 0
GPGPU-Sim uArch: Shader 0 bind to kernel 1 '_Z8sched_acPjPKjS_PfiiiiPy'
GPGPU-Sim uArch: CTA/core = 7, limited by: shmem
GPGPU-Sim: Reconfigure L1 cache to 192KB
thread block = 0,0,0
GPGPU-Sim uArch: Shader 1 bind to kernel 1 '_Z8sched_acPjPKjS_PfiiiiPy'
thread block = 1,0,0
GPGPU-Sim uArch: Shader 2 bind to kernel 1 '_Z8sched_acPjPKjS_PfiiiiPy'
thread block = 2,0,0
GPGPU-Sim uArch: Shader 3 bind to kernel 1 '_Z8sched_acPjPKjS_PfiiiiPy'
thread block = 3,0,0
GPGPU-Sim uArch: Shader 4 bind to kernel 1 '_Z8sched_acPjPKjS_PfiiiiPy'
thread block = 4,0,0
GPGPU-Sim uArch: Shader 5 bind to kernel 1 '_Z8sched_acPjPKjS_PfiiiiPy'
thread block = 5,0,0
GPGPU-Sim uArch: Shader 6 bind to kernel 1 '_Z8sched_acPjPKjS_PfiiiiPy'
thread block = 6,0,0
GPGPU-Sim uArch: Shader 7 bind to kernel 1 '_Z8sched_acPjPKjS_PfiiiiPy'
thread block = 7,0,0
GPGPU-Sim uArch: Shader 8 bind to kernel 1 '_Z8sched_acPjPKjS_PfiiiiPy'
thread block = 8,0,0
GPGPU-Sim uArch: Shader 9 bind to kernel 1 '_Z8sched_acPjPKjS_PfiiiiPy'
thread block = 9,0,0
GPGPU-Sim uArch: Shader 10 bind to kernel 1 '_Z8sched_acPjPKjS_PfiiiiPy'
thread block = 10,0,0
GPGPU-Sim uArch: Shader 11 bind to kernel 1 '_Z8sched_acPjPKjS_PfiiiiPy'
thread block = 11,0,0
GPGPU-Sim uArch: Shader 12 bind to kernel 1 '_Z8sched_acPjPKjS_PfiiiiPy'
thread block = 12,0,0
GPGPU-Sim uArch: Shader 13 bind to kernel 1 '_Z8sched_acPjPKjS_PfiiiiPy'
thread block = 13,0,0
GPGPU-Sim uArch: Shader 14 bind to kernel 1 '_Z8sched_acPjPKjS_PfiiiiPy'
thread block = 14,0,0
GPGPU-Sim uArch: Shader 15 bind to kernel 1 '_Z8sched_acPjPKjS_PfiiiiPy'
thread block = 15,0,0
Destroy streams for kernel 1: size 0
kernel_name = _Z8sched_acPjPKjS_PfiiiiPy 
kernel_launch_uid = 1 
kernel_stream_id = 0
gpu_sim_cycle = 9078
gpu_sim_insn = 1773664
gpu_ipc =     195.3805
gpu_tot_sim_cycle = 9078
gpu_tot_sim_insn = 1773664
gpu_tot_ipc =     195.3805
gpu_tot_issued_cta = 16
gpu_occupancy = 6.2434% 
gpu_tot_occupancy = 6.2434% 
max_total_param_size = 0
gpu_stall_dramfull = 0
gpu_stall_icnt2sh    = 0
partiton_level_parallism =       1.8824
partiton_level_parallism_total  =       1.8824
partiton_level_parallism_util =      15.0555
partiton_level_parallism_util_total  =      15.0555
L2_BW  =     105.7129 GB/Sec
L2_BW_total  =     105.7129 GB/Sec
gpu_total_sim_rate=886832

========= Core cache stats =========
L1I_cache:
	L1I_total_cache_accesses = 0
	L1I_total_cache_misses = 0
	L1I_total_cache_pending_hits = 0
	L1I_total_cache_reservation_fails = 0
L1D_cache:
	L1D_cache_core[0]: Access = 32, Miss = 16, Miss_rate = 0.500, Pending_hits = 0, Reservation_fails = 0
	L1D_cache_core[1]: Access = 32, Miss = 16, Miss_rate = 0.500, Pending_hits = 0, Reservation_fails = 0
	L1D_cache_core[2]: Access = 32, Miss = 16, Miss_rate = 0.500, Pending_hits = 0, Reservation_fails = 0
	L1D_cache_core[3]: Access = 32, Miss = 16, Miss_rate = 0.500, Pending_hits = 0, Reservation_fails = 0
	L1D_cache_core[4]: Access = 32, Miss = 16, Miss_rate = 0.500, Pending_hits = 0, Reservation_fails = 0
	L1D_cache_core[5]: Access = 32, Miss = 16, Miss_rate = 0.500, Pending_hits = 0, Reservation_fails = 0
	L1D_cache_core[6]: Access = 32, Miss = 16, Miss_rate = 0.500, Pending_hits = 0, Reservation_fails = 0
	L1D_cache_core[7]: Access = 32, Miss = 16, Miss_rate = 0.500, Pending_hits = 0, Reservation_fails = 0
	L1D_cache_core[8]: Access = 32, Miss = 16, Miss_rate = 0.500, Pending_hits = 0, Reservation_fails = 0
	L1D_cache_core[9]: Access = 32, Miss = 16, Miss_rate = 0.500, Pending_hits = 0, Reservation_fails = 0
	L1D_cache_core[10]: Access = 32, Miss = 16, Miss_rate = 0.500, Pending_hits = 0, Reservation_fails = 0
	L1D_cache_core[11]: Access = 32, Miss = 16, Miss_rate = 0.500, Pending_hits = 0, Reservation_fails = 0
	L1D_cache_core[12]: Access = 32, Miss = 16, Miss_rate = 0.500, Pending_hits = 0, Reservation_fails = 0
	L1D_cache_core[13]: Access = 32, Miss = 16, Miss_rate = 0.500, Pending_hits = 0, Reservation_fails = 0
	L1D_cache_core[14]: Access = 32, Miss = 16, Miss_rate = 0.500, Pending_hits = 0, Reservation_fails = 0
	L1D_cache_core[15]: Access = 32, Miss = 16, Miss_rate = 0.500, Pending_hits = 0, Reservation_fails = 0
	L1D_cache_core[16]: Access = 0, Miss = 0, Miss_rate = -nan, Pending_hits = 0, Reservation_fails = 0
	L1D_cache_core[17]: Access = 0, Miss = 0, Miss_rate = -nan, Pending_hits = 0, Reservation_fails = 0
	L1D_cache_core[18]: Access = 0, Miss = 0, Miss_rate = -nan, Pending_hits = 0, Reservation_fails = 0
	L1D_cache_core[19]: Access = 0, Miss = 0, Miss_rate = -nan, Pending_hits = 0, Reservation_fails = 0
	L1D_cache_core[20]: Access = 0, Miss = 0, Miss_rate = -nan, Pending_hits = 0, Reservation_fails = 0
	L1D_cache_core[21]: Access = 0, Miss = 0, Miss_rate = -nan, Pending_hits = 0, Reservation_fails = 0
	L1D_cache_core[22]: Access = 0, Miss = 0, Miss_rate = -nan, Pending_hits = 0, Reservation_fails = 0
	L1D_cache_core[23]: Access = 0, Miss = 0, Miss_rate = -nan, Pending_hits = 0, Reservation_fails = 0
	L1D_cache_core[24]: Access = 0, Miss = 0, Miss_rate = -nan, Pending_hits = 0, Reservation_fails = 0
	L1D_cache_core[25]: Access = 0, Miss = 0, Miss_rate = -nan, Pending_hits = 0, Reservation_fails = 0
	L1D_cache_core[26]: Access = 0, Miss = 0, Miss_rate = -nan, Pending_hits = 0, Reservation_fails = 0
	L1D_cache_core[27]: Access = 0, Miss = 0, Miss_rate = -nan, Pending_hits = 0, Reservation_fails = 0
	L1D_cache_core[28]: Access = 0, Miss = 0, Miss_rate = -nan, Pending_hits = 0, Reservation_fails = 0
	L1D_cache_core[29]: Access = 0, Miss = 0, Miss_rate = -nan, Pending_hits = 0, Reservation_fails = 0
	L1D_cache_core[30]: Access = 0, Miss = 0, Miss_rate = -nan, Pending_hits = 0, Reservation_fails = 0
	L1D_cache_core[31]: Access = 0, Miss = 0, Miss_rate = -nan, Pending_hits = 0, Reservation_fails = 0
	L1D_cache_core[32]: Access = 0, Miss = 0, Miss_rate = -nan, Pending_hits = 0, Reservation_fails = 0
	L1D_cache_core[33]: Access = 0, Miss = 0, Miss_rate = -nan, Pending_hits = 0, Reservation_fails = 0
	L1D_cache_core[34]: Access = 0, Miss = 0, Miss_rate = -nan, Pending_hits = 0, Reservation_fails = 0
	L1D_cache_core[35]: Access = 0, Miss = 0, Miss_rate = -nan, Pending_hits = 0, Reservation_fails = 0
	L1D_cache_core[36]: Access = 0, Miss = 0, Miss_rate = -nan, Pending_hits = 0, Reservation_fails = 0
	L1D_cache_core[37]: Access = 0, Miss = 0, Miss_rate = -nan, Pending_hits = 0, Reservation_fails = 0
	L1D_cache_core[38]: Access = 0, Miss = 0, Miss_rate = -nan, Pending_hits = 0, Reservation_fails = 0
	L1D_cache_core[39]: Access = 0, Miss = 0, Miss_rate = -nan, Pending_hits = 0, Reservation_fails = 0
	L1D_cache_core[40]: Access = 0, Miss = 0, Miss_rate = -nan, Pending_hits = 0, Reservation_fails = 0
	L1D_cache_core[41]: Access = 0, Miss = 0, Miss_rate = -nan, Pending_hits = 0, Reservation_fails = 0
	L1D_cache_core[42]: Access = 0, Miss = 0, Miss_rate = -nan, Pending_hits = 0, Reservation_fails = 0
	L1D_cache_core[43]: Access = 0, Miss = 0, Miss_rate = -nan, Pending_hits = 0, Reservation_fails = 0
	L1D_cache_core[44]: Access = 0, Miss = 0, Miss_rate = -nan, Pending_hits = 0, Reservation_fails = 0
	L1D_cache_core[45]: Access = 0, Miss = 0, Miss_rate = -nan, Pending_hits = 0, Reservation_fails = 0
	L1D_cache_core[46]: Access = 0, Miss = 0, Miss_rate = -nan, Pending_hits = 0, Reservation_fails = 0
	L1D_cache_core[47]: Access = 0, Miss = 0, Miss_rate = -nan, Pending_hits = 0, Reservation_fails = 0
	L1D_cache_core[48]: Access = 0, Miss = 0, Miss_rate = -nan, Pending_hits = 0, Reservation_fails = 0
	L1D_cache_core[49]: Access = 0, Miss = 0, Miss_rate = -nan, Pending_hits = 0, Reservation_fails = 0
	L1D_cache_core[50]: Access = 0, Miss = 0, Miss_rate = -nan, Pending_hits = 0, Reservation_fails = 0
	L1D_cache_core[51]: Access = 0, Miss = 0, Miss_rate = -nan, Pending_hits = 0, Reservation_fails = 0
	L1D_cache_core[52]: Access = 0, Miss = 0, Miss_rate = -nan, Pending_hits = 0, Reservation_fails = 0
	L1D_cache_core[53]: Access = 0, Miss = 0, Miss_rate = -nan, Pending_hits = 0, Reservation_fails = 0
	L1D_cache_core[54]: Access = 0, Miss = 0, Miss_rate = -nan, Pending_hits = 0, Reservation_fails = 0
	L1D_cache_core[55]: Access = 0, Miss = 0, Miss_rate = -nan, Pending_hits = 0, Reservation_fails = 0
	L1D_cache_core[56]: Access = 0, Miss = 0, Miss_rate = -nan, Pending_hits = 0, Reservation_fails = 0
	L1D_cache_core[57]: Access = 0, Miss = 0, Miss_rate = -nan, Pending_hits = 0, Reservation_fails = 0
	L1D_cache_core[58]: Access = 0, Miss = 0, Miss_rate = -nan, Pending_hits = 0, Reservation_fails = 0
	L1D_cache_core[59]: Access = 0, Miss = 0, Miss_rate = -nan, Pending_hits = 0, Reservation_fails = 0
	L1D_cache_core[60]: Access = 0, Miss = 0, Miss_rate = -nan, Pending_hits = 0, Reservation_fails = 0
	L1D_cache_core[61]: Access = 0, Miss = 0, Miss_rate = -nan, Pending_hits = 0, Reservation_fails = 0
	L1D_cache_core[62]: Access = 0, Miss = 0, Miss_rate = -nan, Pending_hits = 0, Reservation_fails = 0
	L1D_cache_core[63]: Access = 0, Miss = 0, Miss_rate = -nan, Pending_hits = 0, Reservation_fails = 0
	L1D_cache_core[64]: Access = 0, Miss = 0, Miss_rate = -nan, Pending_hits = 0, Reservation_fails = 0
	L1D_cache_core[65]: Access = 0, Miss = 0, Miss_rate = -nan, Pending_hits = 0, Reservation_fails = 0
	L1D_cache_core[66]: Access = 0, Miss = 0, Miss_rate = -nan, Pending_hits = 0, Reservation_fails = 0
	L1D_cache_core[67]: Access = 0, Miss = 0, Miss_rate = -nan, Pending_hits = 0, Reservation_fails = 0
	L1D_cache_core[68]: Access = 0, Miss = 0, Miss_rate = -nan, Pending_hits = 0, Reservation_fails = 0
	L1D_cache_core[69]: Access = 0, Miss = 0, Miss_rate = -nan, Pending_hits = 0, Reservation_fails = 0
	L1D_cache_core[70]: Access = 0, Miss = 0, Miss_rate = -nan, Pending_hits = 0, Reservation_fails = 0
	L1D_cache_core[71]: Access = 0, Miss = 0, Miss_rate = -nan, Pending_hits = 0, Reservation_fails = 0
	L1D_cache_core[72]: Access = 0, Miss = 0, Miss_rate = -nan, Pending_hits = 0, Reservation_fails = 0
	L1D_cache_core[73]: Access = 0, Miss = 0, Miss_rate = -nan, Pending_hits = 0, Reservation_fails = 0
	L1D_cache_core[74]: Access = 0, Miss = 0, Miss_rate = -nan, Pending_hits = 0, Reservation_fails = 0
	L1D_cache_core[75]: Access = 0, Miss = 0, Miss_rate = -nan, Pending_hits = 0, Reservation_fails = 0
	L1D_cache_core[76]: Access = 0, Miss = 0, Miss_rate = -nan, Pending_hits = 0, Reservation_fails = 0
	L1D_cache_core[77]: Access = 0, Miss = 0, Miss_rate = -nan, Pending_hits = 0, Reservation_fails = 0
	L1D_cache_core[78]: Access = 0, Miss = 0, Miss_rate = -nan, Pending_hits = 0, Reservation_fails = 0
	L1D_cache_core[79]: Access = 0, Miss = 0, Miss_rate = -nan, Pending_hits = 0, Reservation_fails = 0
	L1D_cache_core[80]: Access = 0, Miss = 0, Miss_rate = -nan, Pending_hits = 0, Reservation_fails = 0
	L1D_cache_core[81]: Access = 0, Miss = 0, Miss_rate = -nan, Pending_hits = 0, Reservation_fails = 0
	L1D_cache_core[82]: Access = 0, Miss = 0, Miss_rate = -nan, Pending_hits = 0, Reservation_fails = 0
	L1D_cache_core[83]: Access = 0, Miss = 0, Miss_rate = -nan, Pending_hits = 0, Reservation_fails = 0
	L1D_cache_core[84]: Access = 0, Miss = 0, Miss_rate = -nan, Pending_hits = 0, Reservation_fails = 0
	L1D_cache_core[85]: Access = 0, Miss = 0, Miss_rate = -nan, Pending_hits = 0, Reservation_fails = 0
	L1D_cache_core[86]: Access = 0, Miss = 0, Miss_rate = -nan, Pending_hits = 0, Reservation_fails = 0
	L1D_cache_core[87]: Access = 0, Miss = 0, Miss_rate = -nan, Pending_hits = 0, Reservation_fails = 0
	L1D_cache_core[88]: Access = 0, Miss = 0, Miss_rate = -nan, Pending_hits = 0, Reservation_fails = 0
	L1D_cache_core[89]: Access = 0, Miss = 0, Miss_rate = -nan, Pending_hits = 0, Reservation_fails = 0
	L1D_cache_core[90]: Access = 0, Miss = 0, Miss_rate = -nan, Pending_hits = 0, Reservation_fails = 0
	L1D_cache_core[91]: Access = 0, Miss = 0, Miss_rate = -nan, Pending_hits = 0, Reservation_fails = 0
	L1D_cache_core[92]: Access = 0, Miss = 0, Miss_rate = -nan, Pending_hits = 0, Reservation_fails = 0
	L1D_cache_core[93]: Access = 0, Miss = 0, Miss_rate = -nan, Pending_hits = 0, Reservation_fails = 0
	L1D_cache_core[94]: Access = 0, Miss = 0, Miss_rate = -nan, Pending_hits = 0, Reservation_fails = 0
	L1D_cache_core[95]: Access = 0, Miss = 0, Miss_rate = -nan, Pending_hits = 0, Reservation_fails = 0
	L1D_cache_core[96]: Access = 0, Miss = 0, Miss_rate = -nan, Pending_hits = 0, Reservation_fails = 0
	L1D_cache_core[97]: Access = 0, Miss = 0, Miss_rate = -nan, Pending_hits = 0, Reservation_fails = 0
	L1D_cache_core[98]: Access = 0, Miss = 0, Miss_rate = -nan, Pending_hits = 0, Reservation_fails = 0
	L1D_cache_core[99]: Access = 0, Miss = 0, Miss_rate = -nan, Pending_hits = 0, Reservation_fails = 0
	L1D_cache_core[100]: Access = 0, Miss = 0, Miss_rate = -nan, Pending_hits = 0, Reservation_fails = 0
	L1D_cache_core[101]: Access = 0, Miss = 0, Miss_rate = -nan, Pending_hits = 0, Reservation_fails = 0
	L1D_cache_core[102]: Access = 0, Miss = 0, Miss_rate = -nan, Pending_hits = 0, Reservation_fails = 0
	L1D_cache_core[103]: Access = 0, Miss = 0, Miss_rate = -nan, Pending_hits = 0, Reservation_fails = 0
	L1D_cache_core[104]: Access = 0, Miss = 0, Miss_rate = -nan, Pending_hits = 0, Reservation_fails = 0
	L1D_cache_core[105]: Access = 0, Miss = 0, Miss_rate = -nan, Pending_hits = 0, Reservation_fails = 0
	L1D_cache_core[106]: Access = 0, Miss = 0, Miss_rate = -nan, Pending_hits = 0, Reservation_fails = 0
	L1D_cache_core[107]: Access = 0, Miss = 0, Miss_rate = -nan, Pending_hits = 0, Reservation_fails = 0
	L1D_cache_core[108]: Access = 0, Miss = 0, Miss_rate = -nan, Pending_hits = 0, Reservation_fails = 0
	L1D_cache_core[109]: Access = 0, Miss = 0, Miss_rate = -nan, Pending_hits = 0, Reservation_fails = 0
	L1D_cache_core[110]: Access = 0, Miss = 0, Miss_rate = -nan, Pending_hits = 0, Reservation_fails = 0
	L1D_cache_core[111]: Access = 0, Miss = 0, Miss_rate = -nan, Pending_hits = 0, Reservation_fails = 0
	L1D_cache_core[112]: Access = 0, Miss = 0, Miss_rate = -nan, Pending_hits = 0, Reservation_fails = 0
	L1D_cache_core[113]: Access = 0, Miss = 0, Miss_rate = -nan, Pending_hits = 0, Reservation_fails = 0
	L1D_total_cache_accesses = 512
	L1D_total_cache_misses = 256
	L1D_total_cache_miss_rate = 0.5000
	L1D_total_cache_pending_hits = 0
	L1D_total_cache_reservation_fails = 0
	L1D_cache_data_port_util = 0.003
	L1D_cache_fill_port_util = 0.003
L1C_cache:
	L1C_total_cache_accesses = 0
	L1C_total_cache_misses = 0
	L1C_total_cache_pending_hits = 0
	L1C_total_cache_reservation_fails = 0
L1T_cache:
	L1T_total_cache_accesses = 0
	L1T_total_cache_misses = 0
	L1T_total_cache_pending_hits = 0
	L1T_total_cache_reservation_fails = 0

Total_core_cache_stats:
	Total_core_cache_stats_breakdown[GLOBAL_ACC_R][HIT] = 0
	Total_core_cache_stats_breakdown[GLOBAL_ACC_R][HIT_RESERVED] = 0
	Total_core_cache_stats_breakdown[GLOBAL_ACC_R][MISS] = 64
	Total_core_cache_stats_breakdown[GLOBAL_ACC_R][RESERVATION_FAIL] = 0
	Total_core_cache_stats_breakdown[GLOBAL_ACC_R][SECTOR_MISS] = 192
	Total_core_cache_stats_breakdown[GLOBAL_ACC_R][MSHR_HIT] = 0
	Total_core_cache_stats_breakdown[GLOBAL_ACC_R][WRITE_ALLOCATED] = 0
	Total_core_cache_stats_breakdown[CHIPLET_ACC_R][HIT] = 0
	Total_core_cache_stats_breakdown[CHIPLET_ACC_R][HIT_RESERVED] = 0
	Total_core_cache_stats_breakdown[CHIPLET_ACC_R][MISS] = 0
	Total_core_cache_stats_breakdown[CHIPLET_ACC_R][RESERVATION_FAIL] = 0
	Total_core_cache_stats_breakdown[CHIPLET_ACC_R][SECTOR_MISS] = 0
	Total_core_cache_stats_breakdown[CHIPLET_ACC_R][MSHR_HIT] = 0
	Total_core_cache_stats_breakdown[CHIPLET_ACC_R][WRITE_ALLOCATED] = 0
	Total_core_cache_stats_breakdown[LOCAL_ACC_R][HIT] = 0
	Total_core_cache_stats_breakdown[LOCAL_ACC_R][HIT_RESERVED] = 0
	Total_core_cache_stats_breakdown[LOCAL_ACC_R][MISS] = 0
	Total_core_cache_stats_breakdown[LOCAL_ACC_R][RESERVATION_FAIL] = 0
	Total_core_cache_stats_breakdown[LOCAL_ACC_R][SECTOR_MISS] = 0
	Total_core_cache_stats_breakdown[LOCAL_ACC_R][MSHR_HIT] = 0
	Total_core_cache_stats_breakdown[LOCAL_ACC_R][WRITE_ALLOCATED] = 0
	Total_core_cache_stats_breakdown[CONST_ACC_R][HIT] = 0
	Total_core_cache_stats_breakdown[CONST_ACC_R][HIT_RESERVED] = 0
	Total_core_cache_stats_breakdown[CONST_ACC_R][MISS] = 0
	Total_core_cache_stats_breakdown[CONST_ACC_R][RESERVATION_FAIL] = 0
	Total_core_cache_stats_breakdown[CONST_ACC_R][SECTOR_MISS] = 0
	Total_core_cache_stats_breakdown[CONST_ACC_R][MSHR_HIT] = 0
	Total_core_cache_stats_breakdown[CONST_ACC_R][WRITE_ALLOCATED] = 0
	Total_core_cache_stats_breakdown[TEXTURE_ACC_R][HIT] = 0
	Total_core_cache_stats_breakdown[TEXTURE_ACC_R][HIT_RESERVED] = 0
	Total_core_cache_stats_breakdown[TEXTURE_ACC_R][MISS] = 0
	Total_core_cache_stats_breakdown[TEXTURE_ACC_R][RESERVATION_FAIL] = 0
	Total_core_cache_stats_breakdown[TEXTURE_ACC_R][SECTOR_MISS] = 0
	Total_core_cache_stats_breakdown[TEXTURE_ACC_R][MSHR_HIT] = 0
	Total_core_cache_stats_breakdown[TEXTURE_ACC_R][WRITE_ALLOCATED] = 0
	Total_core_cache_stats_breakdown[GLOBAL_ACC_W][HIT] = 256
	Total_core_cache_stats_breakdown[GLOBAL_ACC_W][HIT_RESERVED] = 0
	Total_core_cache_stats_breakdown[GLOBAL_ACC_W][MISS] = 0
	Total_core_cache_stats_breakdown[GLOBAL_ACC_W][RESERVATION_FAIL] = 0
	Total_core_cache_stats_breakdown[GLOBAL_ACC_W][SECTOR_MISS] = 0
	Total_core_cache_stats_breakdown[GLOBAL_ACC_W][MSHR_HIT] = 0
	Total_core_cache_stats_breakdown[GLOBAL_ACC_W][WRITE_ALLOCATED] = 0
	Total_core_cache_stats_breakdown[CHIPLET_ACC_W][HIT] = 0
	Total_core_cache_stats_breakdown[CHIPLET_ACC_W][HIT_RESERVED] = 0
	Total_core_cache_stats_breakdown[CHIPLET_ACC_W][MISS] = 0
	Total_core_cache_stats_breakdown[CHIPLET_ACC_W][RESERVATION_FAIL] = 0
	Total_core_cache_stats_breakdown[CHIPLET_ACC_W][SECTOR_MISS] = 0
	Total_core_cache_stats_breakdown[CHIPLET_ACC_W][MSHR_HIT] = 0
	Total_core_cache_stats_breakdown[CHIPLET_ACC_W][WRITE_ALLOCATED] = 0
	Total_core_cache_stats_breakdown[LOCAL_ACC_W][HIT] = 0
	Total_core_cache_stats_breakdown[LOCAL_ACC_W][HIT_RESERVED] = 0
	Total_core_cache_stats_breakdown[LOCAL_ACC_W][MISS] = 0
	Total_core_cache_stats_breakdown[LOCAL_ACC_W][RESERVATION_FAIL] = 0
	Total_core_cache_stats_breakdown[LOCAL_ACC_W][SECTOR_MISS] = 0
	Total_core_cache_stats_breakdown[LOCAL_ACC_W][MSHR_HIT] = 0
	Total_core_cache_stats_breakdown[LOCAL_ACC_W][WRITE_ALLOCATED] = 0
	Total_core_cache_stats_breakdown[L1_WRBK_ACC][HIT] = 0
	Total_core_cache_stats_breakdown[L1_WRBK_ACC][HIT_RESERVED] = 0
	Total_core_cache_stats_breakdown[L1_WRBK_ACC][MISS] = 0
	Total_core_cache_stats_breakdown[L1_WRBK_ACC][RESERVATION_FAIL] = 0
	Total_core_cache_stats_breakdown[L1_WRBK_ACC][SECTOR_MISS] = 0
	Total_core_cache_stats_breakdown[L1_WRBK_ACC][MSHR_HIT] = 0
	Total_core_cache_stats_breakdown[L1_WRBK_ACC][WRITE_ALLOCATED] = 0
	Total_core_cache_stats_breakdown[L2_WRBK_ACC][HIT] = 0
	Total_core_cache_stats_breakdown[L2_WRBK_ACC][HIT_RESERVED] = 0
	Total_core_cache_stats_breakdown[L2_WRBK_ACC][MISS] = 0
	Total_core_cache_stats_breakdown[L2_WRBK_ACC][RESERVATION_FAIL] = 0
	Total_core_cache_stats_breakdown[L2_WRBK_ACC][SECTOR_MISS] = 0
	Total_core_cache_stats_breakdown[L2_WRBK_ACC][MSHR_HIT] = 0
	Total_core_cache_stats_breakdown[L2_WRBK_ACC][WRITE_ALLOCATED] = 0
	Total_core_cache_stats_breakdown[INST_ACC_R][HIT] = 0
	Total_core_cache_stats_breakdown[INST_ACC_R][HIT_RESERVED] = 0
	Total_core_cache_stats_breakdown[INST_ACC_R][MISS] = 0
	Total_core_cache_stats_breakdown[INST_ACC_R][RESERVATION_FAIL] = 0
	Total_core_cache_stats_breakdown[INST_ACC_R][SECTOR_MISS] = 0
	Total_core_cache_stats_breakdown[INST_ACC_R][MSHR_HIT] = 0
	Total_core_cache_stats_breakdown[INST_ACC_R][WRITE_ALLOCATED] = 0
	Total_core_cache_stats_breakdown[L1_WR_ALLOC_R][HIT] = 0
	Total_core_cache_stats_breakdown[L1_WR_ALLOC_R][HIT_RESERVED] = 0
	Total_core_cache_stats_breakdown[L1_WR_ALLOC_R][MISS] = 0
	Total_core_cache_stats_breakdown[L1_WR_ALLOC_R][RESERVATION_FAIL] = 0
	Total_core_cache_stats_breakdown[L1_WR_ALLOC_R][SECTOR_MISS] = 0
	Total_core_cache_stats_breakdown[L1_WR_ALLOC_R][MSHR_HIT] = 0
	Total_core_cache_stats_breakdown[L1_WR_ALLOC_R][WRITE_ALLOCATED] = 0
	Total_core_cache_stats_breakdown[L2_WR_ALLOC_R][HIT] = 0
	Total_core_cache_stats_breakdown[L2_WR_ALLOC_R][HIT_RESERVED] = 0
	Total_core_cache_stats_breakdown[L2_WR_ALLOC_R][MISS] = 0
	Total_core_cache_stats_breakdown[L2_WR_ALLOC_R][RESERVATION_FAIL] = 0
	Total_core_cache_stats_breakdown[L2_WR_ALLOC_R][SECTOR_MISS] = 0
	Total_core_cache_stats_breakdown[L2_WR_ALLOC_R][MSHR_HIT] = 0
	Total_core_cache_stats_breakdown[L2_WR_ALLOC_R][WRITE_ALLOCATED] = 0
	Total_core_cache_stats_breakdown[GLOBAL_ACC_R][TOTAL_ACCESS] = 256
	Total_core_cache_stats_breakdown[GLOBAL_ACC_W][TOTAL_ACCESS] = 256

Total_core_cache_fail_stats:
ctas_completed 16, Shader 0 warp_id issue ditsribution:
warp_id:
0, 1, 2, 3, 
distro:
932, 911, 896, 896, 
MBARRIER_TRYWAIT,0,0,4181,4381,4581,4781,4981,5181
MBARRIER_TRYWAIT,0,1,3996,4196,4396,4596,4796,4996,5196
MBARRIER_TRYWAIT,0,2,3992,4192,4392,4592,4792,4992,5192
MBARRIER_TRYWAIT,0,3,3993,4193,4393,4593,4793,4993,5193
MBARRIER_TRYWAIT,1,0,4181,4381,4581,4781,4981,5181
MBARRIER_TRYWAIT,1,1,3996,4196,4396,4596,4796,4996,5196
MBARRIER_TRYWAIT,1,2,3992,4192,4392,4592,4792,4992,5192
MBARRIER_TRYWAIT,1,3,3993,4193,4393,4593,4793,4993,5193
MBARRIER_TRYWAIT,2,0,4181,4381,4581,4781,4981,5181
MBARRIER_TRYWAIT,2,1,3996,4196,4396,4596,4796,4996,5196
MBARRIER_TRYWAIT,2,2,3992,4192,4392,4592,4792,4992,5192
MBARRIER_TRYWAIT,2,3,3993,4193,4393,4593,4793,4993,5193
MBARRIER_TRYWAIT,3,0,4181,4381,4581,4781,4981,5181
MBARRIER_TRYWAIT,3,1,3996,4196,4396,4596,4796,4996,5196
MBARRIER_TRYWAIT,3,2,3992,4192,4392,4592,4792,4992,5192
MBARRIER_TRYWAIT,3,3,3993,4193,4393,4593,4793,4993,5193
MBARRIER_TRYWAIT,4,0,4181,4381,4581,4781,4981,5181
MBARRIER_TRYWAIT,4,1,3996,4196,4396,4596,4796,4996,5196
MBARRIER_TRYWAIT,4,2,3992,4192,4392,4592,4792,4992,5192
MBARRIER_TRYWAIT,4,3,3993,4193,4393,4593,4793,4993,5193
MBARRIER_TRYWAIT,5,0,4181,4381,4581,4781,4981,5181
MBARRIER_TRYWAIT,5,1,3996,4196,4396,4596,4796,4996,5196
MBARRIER_TRYWAIT,5,2,3992,4192,4392,4592,4792,4992,5192
MBARRIER_TRYWAIT,5,3,3993,4193,4393,4593,4793,4993,5193
MBARRIER_TRYWAIT,6,0,4181,4381,4581,4781,4981,5181
MBARRIER_TRYWAIT,6,1,3996,4196,4396,4596,4796,4996,5196
MBARRIER_TRYWAIT,6,2,3992,4192,4392,4592,4792,4992,5192
MBARRIER_TRYWAIT,6,3,3993,4193,4393,4593,4793,4993,5193
MBARRIER_TRYWAIT,7,0,4181,4381,4581,4781,4981,5181
MBARRIER_TRYWAIT,7,1,3996,4196,4396,4596,4796,4996,5196
MBARRIER_TRYWAIT,7,2,3992,4192,4392,4592,4792,4992,5192
MBARRIER_TRYWAIT,7,3,3993,4193,4393,4593,4793,4993,5193
MBARRIER_TRYWAIT,8,0,4181,4381,4581,4781,4981,5181
MBARRIER_TRYWAIT,8,1,3996,4196,4396,4596,4796,4996,5196
MBARRIER_TRYWAIT,8,2,3992,4192,4392,4592,4792,4992,5192
MBARRIER_TRYWAIT,8,3,3993,4193,4393,4593,4793,4993,5193
MBARRIER_TRYWAIT,9,0,4181,4381,4581,4781,4981,5181
MBARRIER_TRYWAIT,9,1,3996,4196,4396,4596,4796,4996,5196
MBARRIER_TRYWAIT,9,2,3992,4192,4392,4592,4792,4992,5192
MBARRIER_TRYWAIT,9,3,3993,4193,4393,4593,4793,4993,5193
MBARRIER_TRYWAIT,10,0,4181,4381,4581,4781,4981,5181
MBARRIER_TRYWAIT,10,1,3996,4196,4396,4596,4796,4996,5196
MBARRIER_TRYWAIT,10,2,3992,4192,4392,4592,4792,4992,5192
MBARRIER_TRYWAIT,10,3,3993,4193,4393,4593,4793,4993,5193
MBARRIER_TRYWAIT,11,0,4181,4381,4581,4781,4981,5181
MBARRIER_TRYWAIT,11,1,3996,4196,4396,4596,4796,4996,5196
MBARRIER_TRYWAIT,11,2,3992,4192,4392,4592,4792,4992,5192
MBARRIER_TRYWAIT,11,3,3993,4193,4393,4593,4793,4993,5193
MBARRIER_TRYWAIT,12,0,4181,4381,4581,4781,4981,5181
MBARRIER_TRYWAIT,12,1,3996,4196,4396,4596,4796,4996,5196
MBARRIER_TRYWAIT,12,2,3992,4192,4392,4592,4792,4992,5192
MBARRIER_TRYWAIT,12,3,3993,4193,4393,4593,4793,4993,5193
MBARRIER_TRYWAIT,13,0,4181,4381,4581,4781,4981,5181
MBARRIER_TRYWAIT,13,1,3996,4196,4396,4596,4796,4996,5196
MBARRIER_TRYWAIT,13,2,3992,4192,4392,4592,4792,4992,5192
MBARRIER_TRYWAIT,13,3,3993,4193,4393,4593,4793,4993,5193
MBARRIER_TRYWAIT,14,0,4181,4381,4581,4781,4981,5181
MBARRIER_TRYWAIT,14,1,3996,4196,4396,4596,4796,4996,5196
MBARRIER_TRYWAIT,14,2,3992,4192,4392,4592,4792,4992,5192
MBARRIER_TRYWAIT,14,3,3993,4193,4393,4593,4793,4993,5193
MBARRIER_TRYWAIT,15,0,4181,4381,4581,4781,4981,5181
MBARRIER_TRYWAIT,15,1,3996,4196,4396,4596,4796,4996,5196
MBARRIER_TRYWAIT,15,2,3992,4192,4392,4592,4792,4992,5192
MBARRIER_TRYWAIT,15,3,3993,4193,4393,4593,4793,4993,5193
gpgpu_n_tot_thrd_icount = 1773664
gpgpu_n_tot_w_icount = 58160
gpgpu_n_stall_shd_mem = 6160
gpgpu_n_mem_read_local = 0
gpgpu_n_mem_write_local = 0
gpgpu_n_mem_read_global = 8512
gpgpu_n_mem_write_global = 8576
gpgpu_n_mem_texture = 0
gpgpu_n_mem_const = 0
gpgpu_n_load_insn  = 2128
gpgpu_n_store_insn = 2064
gpgpu_n_shmem_insn = 136208
gpgpu_n_sstarr_insn = 0
gpgpu_n_tex_insn = 0
gpgpu_n_const_mem_insn = 0
gpgpu_n_param_mem_insn = 0
gpgpu_n_shmem_bkconflict = 0
gpgpu_n_l1cache_bkconflict = 0
gpgpu_n_intrawarp_mshr_merge = 0
gpgpu_n_cmem_portconflict = 0
gpgpu_stall_shd_mem[c_mem][resource_stall] = 0
gpgpu_stall_shd_mem[s_mem][bk_conf] = 0
gpgpu_stall_shd_mem[gl_mem][resource_stall] = 0
gpgpu_stall_shd_mem[gl_mem][coal_stall] = 2064
gpgpu_stall_shd_mem[gl_mem][data_port_stall] = 0
gpu_reg_bank_conflict_stalls = 0
Warp Occupancy Distribution:
Stall:11104	W0_Idle:153810	W0_Scoreboard:157494	W1:768	W2:0	W3:0	W4:0	W5:0	W6:0	W7:0	W8:0	W9:0	W10:0	W11:0	W12:0	W13:0	W14:0	W15:0	W16:0	W17:0	W18:0	W19:0	W20:0	W21:0	W22:0	W23:0	W24:0	W25:0	W26:0	W27:0	W28:0	W29:0	W30:0	W31:160	W32:55248
single_issue_nums: WS0:14912	WS1:14576	WS2:14336	WS3:14336	
dual_issue_nums: WS0:0	WS1:0	WS2:0	WS3:0	
traffic_breakdown_coretomem[GLOBAL_ACC_R] = 67584 {8:8448,}
traffic_breakdown_coretomem[GLOBAL_ACC_W] = 343040 {40:8576,}
traffic_breakdown_coretomem[GLOBAL_ATOMIC] = 2560 {40:64,}
traffic_breakdown_memtocore[CHIPLET_ACC_R] = 165760 {40:4144,}
traffic_breakdown_memtocore[GLOBAL_ACC_R] = 172160 {40:4304,}
traffic_breakdown_memtocore[GLOBAL_ACC_W] = 68608 {8:8576,}
traffic_breakdown_memtocore[GLOBAL_ATOMIC] = 2560 {40:64,}
maxmflatency = 989 
max_icnt2mem_latency = 160 
maxmrqlatency = 0 
max_icnt2sh_latency = 41 
averagemflatency = 563 
avg_icnt2mem_latency = 101 
avg_icnt2sh_latency = 6 
mrq_lat_table:0 	0 	0 	0 	0 	0 	0 	0 	0 	0 	0 	0 	0 	0 	0 	0 	0 	0 	0 	0 	0 	0 	0 	0 	0 	0 	0 	0 	0 	0 	0 	0 	
dq_lat_table:0 	0 	0 	0 	0 	0 	0 	0 	0 	0 	0 	0 	0 	0 	0 	0 	0 	0 	0 	0 	0 	0 	0 	0 	0 	0 	0 	0 	0 	0 	0 	0 	
mf_lat_table:0 	0 	0 	0 	0 	0 	0 	515 	8061 	8512 	0 	0 	0 	0 	0 	0 	0 	0 	0 	0 	0 	0 	0 	0 	0 	0 	0 	0 	0 	0 	0 	0 	
icnt2mem_lat_table:0 	68 	146 	466 	946 	2378 	3921 	9163 	0 	0 	0 	0 	0 	0 	0 	0 	0 	0 	0 	0 	0 	0 	0 	0 	
icnt2sh_lat_table:0 	6736 	6393 	2769 	1061 	129 	0 	0 	0 	0 	0 	0 	0 	0 	0 	0 	0 	0 	0 	0 	0 	0 	0 	0 	
mf_lat_pw_table:0 	0 	0 	0 	0 	0 	0 	0 	2 	3 	0 	0 	0 	0 	0 	0 	0 	0 	0 	0 	0 	0 	0 	0 	0 	0 	0 	0 	0 	0 	0 	0 	
maximum concurrent accesses to same row:
dram[0]:         0         0         0         0         0         0         0         0         0         0         0         0         0         0         0         0 
dram[1]:         0         0         0         0         0         0         0         0         0         0         0         0         0         0         0         0 
dram[2]:         0         0         0         0         0         0         0         0         0         0         0         0         0         0         0         0 
dram[3]:         0         0         0         0         0         0         0         0         0         0         0         0         0         0         0         0 
dram[4]:         0         0         0         0         0         0         0         0         0         0         0         0         0         0         0         0 
dram[5]:         0         0         0         0         0         0         0         0         0         0         0         0         0         0         0         0 
dram[6]:         0         0         0         0         0         0         0         0         0         0         0         0         0         0         0         0 
dram[7]:         0         0         0         0         0         0         0         0         0         0         0         0         0         0         0         0 
dram[8]:         0         0         0         0         0         0         0         0         0         0         0         0         0         0         0         0 
dram[9]:         0         0         0         0         0         0         0         0         0         0         0         0         0         0         0         0 
dram[10]:         0         0         0         0         0         0         0         0         0         0         0         0         0         0         0         0 
dram[11]:         0         0         0         0         0         0         0         0         0         0         0         0         0         0         0         0 
dram[12]:         0         0         0         0         0         0         0         0         0         0         0         0         0         0         0         0 
dram[13]:         0         0         0         0         0         0         0         0         0         0         0         0         0         0         0         0 
dram[14]:         0         0         0         0         0         0         0         0         0         0         0         0         0         0         0         0 
dram[15]:         0         0         0         0         0         0         0         0         0         0         0         0         0         0         0         0 
dram[16]:         0         0         0         0         0         0         0         0         0         0         0         0         0         0         0         0 
dram[17]:         0         0         0         0         0         0         0         0         0         0         0         0         0         0         0         0 
dram[18]:         0         0         0         0         0         0         0         0         0         0         0         0         0         0         0         0 
dram[19]:         0         0         0         0         0         0         0         0         0         0         0         0         0         0         0         0 
dram[20]:         0         0         0         0         0         0         0         0         0         0         0         0         0         0         0         0 
dram[21]:         0         0         0         0         0         0         0         0         0         0         0         0         0         0         0         0 
dram[22]:         0         0         0         0         0         0         0         0         0         0         0         0         0         0         0         0 
dram[23]:         0         0         0         0         0         0         0         0         0         0         0         0         0         0         0         0 
dram[24]:         0         0         0         0         0         0         0         0         0         0         0         0         0         0         0         0 
dram[25]:         0         0         0         0         0         0         0         0         0         0         0         0         0         0         0         0 
dram[26]:         0         0         0         0         0         0         0         0         0         0         0         0         0         0         0         0 
dram[27]:         0         0         0         0         0         0         0         0         0         0         0         0         0         0         0         0 
dram[28]:         0         0         0         0         0         0         0         0         0         0         0         0         0         0         0         0 
dram[29]:         0         0         0         0         0         0         0         0         0         0         0         0         0         0         0         0 
dram[30]:         0         0         0         0         0         0         0         0         0         0         0         0         0         0         0         0 
dram[31]:         0         0         0         0         0         0         0         0         0         0         0         0         0         0         0         0 
dram[32]:         0         0         0         0         0         0         0         0         0         0         0         0         0         0         0         0 
dram[33]:         0         0         0         0         0         0         0         0         0         0         0         0         0         0         0         0 
dram[34]:         0         0         0         0         0         0         0         0         0         0         0         0         0         0         0         0 
dram[35]:         0         0         0         0         0         0         0         0         0         0         0         0         0         0         0         0 
dram[36]:         0         0         0         0         0         0         0         0         0         0         0         0         0         0         0         0 
dram[37]:         0         0         0         0         0         0         0         0         0         0         0         0         0         0         0         0 
dram[38]:         0         0         0         0         0         0         0         0         0         0         0         0         0         0         0         0 
dram[39]:         0         0         0         0         0         0         0         0         0         0         0         0         0         0         0         0 
maximum service time to same row:
dram[0]:         0         0         0         0         0         0         0         0         0         0         0         0         0         0         0         0 
dram[1]:         0         0         0         0         0         0         0         0         0         0         0         0         0         0         0         0 
dram[2]:         0         0         0         0         0         0         0         0         0         0         0         0         0         0         0         0 
dram[3]:         0         0         0         0         0         0         0         0         0         0         0         0         0         0         0         0 
dram[4]:         0         0         0         0         0         0         0         0         0         0         0         0         0         0         0         0 
dram[5]:         0         0         0         0         0         0         0         0         0         0         0         0         0         0         0         0 
dram[6]:         0         0         0         0         0         0         0         0         0         0         0         0         0         0         0         0 
dram[7]:         0         0         0         0         0         0         0         0         0         0         0         0         0         0         0         0 
dram[8]:         0         0         0         0         0         0         0         0         0         0         0         0         0         0         0         0 
dram[9]:         0         0         0         0         0         0         0         0         0         0         0         0         0         0         0         0 
dram[10]:         0         0         0         0         0         0         0         0         0         0         0         0         0         0         0         0 
dram[11]:         0         0         0         0         0         0         0         0         0         0         0         0         0         0         0         0 
dram[12]:         0         0         0         0         0         0         0         0         0         0         0         0         0         0         0         0 
dram[13]:         0         0         0         0         0         0         0         0         0         0         0         0         0         0         0         0 
dram[14]:         0         0         0         0         0         0         0         0         0         0         0         0         0         0         0         0 
dram[15]:         0         0         0         0         0         0         0         0         0         0         0         0         0         0         0         0 
dram[16]:         0         0         0         0         0         0         0         0         0         0         0         0         0         0         0         0 
dram[17]:         0         0         0         0         0         0         0         0         0         0         0         0         0         0         0         0 
dram[18]:         0         0         0         0         0         0         0         0         0         0         0         0         0         0         0         0 
dram[19]:         0         0         0         0         0         0         0         0         0         0         0         0         0         0         0         0 
dram[20]:         0         0         0         0         0         0         0         0         0         0         0         0         0         0         0         0 
dram[21]:         0         0         0         0         0         0         0         0         0         0         0         0         0         0         0         0 
dram[22]:         0         0         0         0         0         0         0         0         0         0         0         0         0         0         0         0 
dram[23]:         0         0         0         0         0         0         0         0         0         0         0         0         0         0         0         0 
dram[24]:         0         0         0         0         0         0         0         0         0         0         0         0         0         0         0         0 
dram[25]:         0         0         0         0         0         0         0         0         0         0         0         0         0         0         0         0 
dram[26]:         0         0         0         0         0         0         0         0         0         0         0         0         0         0         0         0 
dram[27]:         0         0         0         0         0         0         0         0         0         0         0         0         0         0         0         0 
dram[28]:         0         0         0         0         0         0         0         0         0         0         0         0         0         0         0         0 
dram[29]:         0         0         0         0         0         0         0         0         0         0         0         0         0         0         0         0 
dram[30]:         0         0         0         0         0         0         0         0         0         0         0         0         0         0         0         0 
dram[31]:         0         0         0         0         0         0         0         0         0         0         0         0         0         0         0         0 
dram[32]:         0         0         0         0         0         0         0         0         0         0         0         0         0         0         0         0 
dram[33]:         0         0         0         0         0         0         0         0         0         0         0         0         0         0         0         0 
dram[34]:         0         0         0         0         0         0         0         0         0         0         0         0         0         0         0         0 
dram[35]:         0         0         0         0         0         0         0         0         0         0         0         0         0         0         0         0 
dram[36]:         0         0         0         0         0         0         0         0         0         0         0         0         0         0         0         0 
dram[37]:         0         0         0         0         0         0         0         0         0         0         0         0         0         0         0         0 
dram[38]:         0         0         0         0         0         0         0         0         0         0         0         0         0         0         0         0 
dram[39]:         0         0         0         0         0         0         0         0         0         0         0         0         0         0         0         0 
average row accesses per activate:
dram[0]:      -nan      -nan      -nan      -nan      -nan      -nan      -nan      -nan      -nan      -nan      -nan      -nan      -nan      -nan      -nan      -nan 
dram[1]:      -nan      -nan      -nan      -nan      -nan      -nan      -nan      -nan      -nan      -nan      -nan      -nan      -nan      -nan      -nan      -nan 
dram[2]:      -nan      -nan      -nan      -nan      -nan      -nan      -nan      -nan      -nan      -nan      -nan      -nan      -nan      -nan      -nan      -nan 
dram[3]:      -nan      -nan      -nan      -nan      -nan      -nan      -nan      -nan      -nan      -nan      -nan      -nan      -nan      -nan      -nan      -nan 
dram[4]:      -nan      -nan      -nan      -nan      -nan      -nan      -nan      -nan      -nan      -nan      -nan      -nan      -nan      -nan      -nan      -nan 
dram[5]:      -nan      -nan      -nan      -nan      -nan      -nan      -nan      -nan      -nan      -nan      -nan      -nan      -nan      -nan      -nan      -nan 
dram[6]:      -nan      -nan      -nan      -nan      -nan      -nan      -nan      -nan      -nan      -nan      -nan      -nan      -nan      -nan      -nan      -nan 
dram[7]:      -nan      -nan      -nan      -nan      -nan      -nan      -nan      -nan      -nan      -nan      -nan      -nan      -nan      -nan      -nan      -nan 
dram[8]:      -nan      -nan      -nan      -nan      -nan      -nan      -nan      -nan      -nan      -nan      -nan      -nan      -nan      -nan      -nan      -nan 
dram[9]:      -nan      -nan      -nan      -nan      -nan      -nan      -nan      -nan      -nan      -nan      -nan      -nan      -nan      -nan      -nan      -nan 
dram[10]:      -nan      -nan      -nan      -nan      -nan      -nan      -nan      -nan      -nan      -nan      -nan      -nan      -nan      -nan      -nan      -nan 
dram[11]:      -nan      -nan      -nan      -nan      -nan      -nan      -nan      -nan      -nan      -nan      -nan      -nan      -nan      -nan      -nan      -nan 
dram[12]:      -nan      -nan      -nan      -nan      -nan      -nan      -nan      -nan      -nan      -nan      -nan      -nan      -nan      -nan      -nan      -nan 
dram[13]:      -nan      -nan      -nan      -nan      -nan      -nan      -nan      -nan      -nan      -nan      -nan      -nan      -nan      -nan      -nan      -nan 
dram[14]:      -nan      -nan      -nan      -nan      -nan      -nan      -nan      -nan      -nan      -nan      -nan      -nan      -nan      -nan      -nan      -nan 
dram[15]:      -nan      -nan      -nan      -nan      -nan      -nan      -nan      -nan      -nan      -nan      -nan      -nan      -nan      -nan      -nan      -nan 
dram[16]:      -nan      -nan      -nan      -nan      -nan      -nan      -nan      -nan      -nan      -nan      -nan      -nan      -nan      -nan      -nan      -nan 
dram[17]:      -nan      -nan      -nan      -nan      -nan      -nan      -nan      -nan      -nan      -nan      -nan      -nan      -nan      -nan      -nan      -nan 
dram[18]:      -nan      -nan      -nan      -nan      -nan      -nan      -nan      -nan      -nan      -nan      -nan      -nan      -nan      -nan      -nan      -nan 
dram[19]:      -nan      -nan      -nan      -nan      -nan      -nan      -nan      -nan      -nan      -nan      -nan      -nan      -nan      -nan      -nan      -nan 
dram[20]:      -nan      -nan      -nan      -nan      -nan      -nan      -nan      -nan      -nan      -nan      -nan      -nan      -nan      -nan      -nan      -nan 
dram[21]:      -nan      -nan      -nan      -nan      -nan      -nan      -nan      -nan      -nan      -nan      -nan      -nan      -nan      -nan      -nan      -nan 
dram[22]:      -nan      -nan      -nan      -nan      -nan      -nan      -nan      -nan      -nan      -nan      -nan      -nan      -nan      -nan      -nan      -nan 
dram[23]:      -nan      -nan      -nan      -nan      -nan      -nan      -nan      -nan      -nan      -nan      -nan      -nan      -nan      -nan      -nan      -nan 
dram[24]:      -nan      -nan      -nan      -nan      -nan      -nan      -nan      -nan      -nan      -nan      -nan      -nan      -nan      -nan      -nan      -nan 
dram[25]:      -nan      -nan      -nan      -nan      -nan      -nan      -nan      -nan      -nan      -nan      -nan      -nan      -nan      -nan      -nan      -nan 
dram[26]:      -nan      -nan      -nan      -nan      -nan      -nan      -nan      -nan      -nan      -nan      -nan      -nan      -nan      -nan      -nan      -nan 
dram[27]:      -nan      -nan      -nan      -nan      -nan      -nan      -nan      -nan      -nan      -nan      -nan      -nan      -nan      -nan      -nan      -nan 
dram[28]:      -nan      -nan      -nan      -nan      -nan      -nan      -nan      -nan      -nan      -nan      -nan      -nan      -nan      -nan      -nan      -nan 
dram[29]:      -nan      -nan      -nan      -nan      -nan      -nan      -nan      -nan      -nan      -nan      -nan      -nan      -nan      -nan      -nan      -nan 
dram[30]:      -nan      -nan      -nan      -nan      -nan      -nan      -nan      -nan      -nan      -nan      -nan      -nan      -nan      -nan      -nan      -nan 
dram[31]:      -nan      -nan      -nan      -nan      -nan      -nan      -nan      -nan      -nan      -nan      -nan      -nan      -nan      -nan      -nan      -nan 
dram[32]:      -nan      -nan      -nan      -nan      -nan      -nan      -nan      -nan      -nan      -nan      -nan      -nan      -nan      -nan      -nan      -nan 
dram[33]:      -nan      -nan      -nan      -nan      -nan      -nan      -nan      -nan      -nan      -nan      -nan      -nan      -nan      -nan      -nan      -nan 
dram[34]:      -nan      -nan      -nan      -nan      -nan      -nan      -nan      -nan      -nan      -nan      -nan      -nan      -nan      -nan      -nan      -nan 
dram[35]:      -nan      -nan      -nan      -nan      -nan      -nan      -nan      -nan      -nan      -nan      -nan      -nan      -nan      -nan      -nan      -nan 
dram[36]:      -nan      -nan      -nan      -nan      -nan      -nan      -nan      -nan      -nan      -nan      -nan      -nan      -nan      -nan      -nan      -nan 
dram[37]:      -nan      -nan      -nan      -nan      -nan      -nan      -nan      -nan      -nan      -nan      -nan      -nan      -nan      -nan      -nan      -nan 
dram[38]:      -nan      -nan      -nan      -nan      -nan      -nan      -nan      -nan      -nan      -nan      -nan      -nan      -nan      -nan      -nan      -nan 
dram[39]:      -nan      -nan      -nan      -nan      -nan      -nan      -nan      -nan      -nan      -nan      -nan      -nan      -nan      -nan      -nan      -nan 
average row locality = 0/0 = -nan
number of total memory accesses made:
dram[0]:         0         0         0         0         0         0         0         0         0         0         0         0         0         0         0         0 
dram[1]:         0         0         0         0         0         0         0         0         0         0         0         0         0         0         0         0 
dram[2]:         0         0         0         0         0         0         0         0         0         0         0         0         0         0         0         0 
dram[3]:         0         0         0         0         0         0         0         0         0         0         0         0         0         0         0         0 
dram[4]:         0         0         0         0         0         0         0         0         0         0         0         0         0         0         0         0 
dram[5]:         0         0         0         0         0         0         0         0         0         0         0         0         0         0         0         0 
dram[6]:         0         0         0         0         0         0         0         0         0         0         0         0         0         0         0         0 
dram[7]:         0         0         0         0         0         0         0         0         0         0         0         0         0         0         0         0 
dram[8]:         0         0         0         0         0         0         0         0         0         0         0         0         0         0         0         0 
dram[9]:         0         0         0         0         0         0         0         0         0         0         0         0         0         0         0         0 
dram[10]:         0         0         0         0         0         0         0         0         0         0         0         0         0         0         0         0 
dram[11]:         0         0         0         0         0         0         0         0         0         0         0         0         0         0         0         0 
dram[12]:         0         0         0         0         0         0         0         0         0         0         0         0         0         0         0         0 
dram[13]:         0         0         0         0         0         0         0         0         0         0         0         0         0         0         0         0 
dram[14]:         0         0         0         0         0         0         0         0         0         0         0         0         0         0         0         0 
dram[15]:         0         0         0         0         0         0         0         0         0         0         0         0         0         0         0         0 
dram[16]:         0         0         0         0         0         0         0         0         0         0         0         0         0         0         0         0 
dram[17]:         0         0         0         0         0         0         0         0         0         0         0         0         0         0         0         0 
dram[18]:         0         0         0         0         0         0         0         0         0         0         0         0         0         0         0         0 
dram[19]:         0         0         0         0         0         0         0         0         0         0         0         0         0         0         0         0 
dram[20]:         0         0         0         0         0         0         0         0         0         0         0         0         0         0         0         0 
dram[21]:         0         0         0         0         0         0         0         0         0         0         0         0         0         0         0         0 
dram[22]:         0         0         0         0         0         0         0         0         0         0         0         0         0         0         0         0 
dram[23]:         0         0         0         0         0         0         0         0         0         0         0         0         0         0         0         0 
dram[24]:         0         0         0         0         0         0         0         0         0         0         0         0         0         0         0         0 
dram[25]:         0         0         0         0         0         0         0         0         0         0         0         0         0         0         0         0 
dram[26]:         0         0         0         0         0         0         0         0         0         0         0         0         0         0         0         0 
dram[27]:         0         0         0         0         0         0         0         0         0         0         0         0         0         0         0         0 
dram[28]:         0         0         0         0         0         0         0         0         0         0         0         0         0         0         0         0 
dram[29]:         0         0         0         0         0         0         0         0         0         0         0         0         0         0         0         0 
dram[30]:         0         0         0         0         0         0         0         0         0         0         0         0         0         0         0         0 
dram[31]:         0         0         0         0         0         0         0         0         0         0         0         0         0         0         0         0 
dram[32]:         0         0         0         0         0         0         0         0         0         0         0         0         0         0         0         0 
dram[33]:         0         0         0         0         0         0         0         0         0         0         0         0         0         0         0         0 
dram[34]:         0         0         0         0         0         0         0         0         0         0         0         0         0         0         0         0 
dram[35]:         0         0         0         0         0         0         0         0         0         0         0         0         0         0         0         0 
dram[36]:         0         0         0         0         0         0         0         0         0         0         0         0         0         0         0         0 
dram[37]:         0         0         0         0         0         0         0         0         0         0         0         0         0         0         0         0 
dram[38]:         0         0         0         0         0         0         0         0         0         0         0         0         0         0         0         0 
dram[39]:         0         0         0         0         0         0         0         0         0         0         0         0         0         0         0         0 
total accesses: 0
min_bank_accesses = 0!
min_chip_accesses = 0!
number of total read accesses:
dram[0]:        16        16        24        24        12        12         8         8        20        20        16        16        12        12        16        16 
dram[1]:        16        16        24        24        12        12         8         8        24        24        12        12        12        12        12        16 
dram[2]:        16        16        20        20        12        12         8         8        20        24        12        12        12        12        16        12 
dram[3]:        16        16        20        20        12        12         8         8        24        20        12        12        12        12        16        16 
dram[4]:        16        16        20        20        12        12         8         8        24        24        12        12        12        12        12        12 
dram[5]:        16        16        20        20        16        12         4         8        16        16        12        12         8         8         8         8 
dram[6]:        16        16        20        20        16        16         4         4        16        16        16        12         8         8         8         8 
dram[7]:        16        16        20        20        12        16         8         4        16        16        12        16        12         8         8         8 
dram[8]:        16        16        20        20        12        12         8         8        16        16        12        12         8        12         8         8 
dram[9]:        16        16        20        20        12        12         8         8        16        16        12        12         8         8         8         8 
dram[10]:         8         8        16        16        12        12         4         4        24        24        12        12        16        16        16        16 
dram[11]:         8         8        16        16        12        12         8         8        20        20        12        12        16        16        16        16 
dram[12]:         8         8        12        16        12        12         8         8        20        20        16        12        16        16        16        16 
dram[13]:         8         8        20        16        12        12         8         8        20        20        12        16        16        16        16        16 
dram[14]:         8         8        20        20        12        12         8         8        20        20        12        12        16        16        16        16 
dram[15]:         8         8        16        16        16        12         4         4        16        20        12        12        16        16        12        12 
dram[16]:         8         8        16        16        16        16         4         4        20        16        12        12        16        16        12        12 
dram[17]:        16         8        12        12        12        16         4         4        20        20        12        12        12        16        12        16 
dram[18]:        16        16        12        12        12        12         4         4        16        16        12        12        12        12        12        12 
dram[19]:         8        16        12        12        12        12         4         4        16        16        16        16        16        12        16        12 
dram[20]:         8         8        12         8        12        12         8         8        16        16        12        12        16        16        16        16 
dram[21]:         8         8        13        12        16        16         8         8        12        12        12        12        16        16        16        16 
dram[22]:         8         8         9        13        16        16         8         8        20        16         8        12        16        16        16        16 
dram[23]:        16        16         8         8        16        16         8         8        16        20         8         8        16        16        16        16 
dram[24]:        16        16         9         9        16        16         8         8        16        16        12         8        12        12        16        16 
dram[25]:         8         8        13        12         8        12         8         8        16        16        16        16        12        12        16        16 
dram[26]:         8         8        12        14         8         8         8         8        20        16        12        16        12        12        16        16 
dram[27]:         8         8         8        12        12         8         8         8        16        20        16        12        12        12        16        16 
dram[28]:         8         8        13         9        12        12         8         8        16        16        16        16        12        12        16        16 
dram[29]:         8         8        13        13        12        12         8         8        20        20        16        16        12        12        16        16 
dram[30]:        16        16        16        17        12        12         8         8        20        20         8         8        12        12         8         8 
dram[31]:        16        16        16        16        16        16         4         4        20        20         8         8        12        12         8         8 
dram[32]:        16        16        21        16        16        16         4         4        20        20        12        12        12        12         8         8 
dram[33]:        16        16        12        17        16        16         4         4        20        20        12        12        12        12         8         8 
dram[34]:        16        16        12        12        16        16         4         4        20        20        12        12        12        12         8         8 
dram[35]:        16        16        20        20         8        12         4         4        24        24        16        16        12        12        12        12 
dram[36]:        16        16        20        20         8         8         8         4        20        24        16        16        12        12        12        12 
dram[37]:        16        16        20        20        12         8         4         8        24        20        16        16        12        12        12         8 
dram[38]:        16        16        20        20        12        12         4         4        24        24        16        16        12        12        12        12 
dram[39]:        16        16        21        20        12        12         4         4        24        24        12        12        12        12         8        12 
total dram reads = 8464
bank skew: 24/4 = 6.00
chip skew: 248/192 = 1.29
number of total write accesses:
dram[0]:         0         0         0         0         0         0         0         0         0         0         0         0         0         0         0         0 
dram[1]:         0         0         0         0         0         0         0         0         0         0         0         0         0         0         0         0 
dram[2]:         0         0         0         0         0         0         0         0         0         0         0         0         0         0         0         0 
dram[3]:         0         0         0         0         0         0         0         0         0         0         0         0         0         0         0         0 
dram[4]:         0         0         0         0         0         0         0         0         0         0         0         0         0         0         0         0 
dram[5]:         0         0         0         0         0         0         0         0         0         0         0         0         0         0         0         0 
dram[6]:         0         0         0         0         0         0         0         0         0         0         0         0         0         0         0         0 
dram[7]:         0         0         0         0         0         0         0         0         0         0         0         0         0         0         0         0 
dram[8]:         0         0         0         0         0         0         0         0         0         0         0         0         0         0         0         0 
dram[9]:         0         0         0         0         0         0         0         0         0         0         0         0         0         0         0         0 
dram[10]:         0         0         0         0         0         0         0         0         0         0         0         0         0         0         0         0 
dram[11]:         0         0         0         0         0         0         0         0         0         0         0         0         0         0         0         0 
dram[12]:         0         0         0         0         0         0         0         0         0         0         0         0         0         0         0         0 
dram[13]:         0         0         0         0         0         0         0         0         0         0         0         0         0         0         0         0 
dram[14]:         0         0         0         0         0         0         0         0         0         0         0         0         0         0         0         0 
dram[15]:         0         0         0         0         0         0         0         0         0         0         0         0         0         0         0         0 
dram[16]:         0         0         0         0         0         0         0         0         0         0         0         0         0         0         0         0 
dram[17]:         0         0         0         0         0         0         0         0         0         0         0         0         0         0         0         0 
dram[18]:         0         0         0         0         0         0         0         0         0         0         0         0         0         0         0         0 
dram[19]:         0         0         0         0         0         0         0         0         0         0         0         0         0         0         0         0 
dram[20]:         0         0         0         0         0         0         0         0         0         0         0         0         0         0         0         0 
dram[21]:         0         0         0         0         0         0         0         0         0         0         0         0         0         0         0         0 
dram[22]:         0         0         0         0         0         0         0         0         0         0         0         0         0         0         0         0 
dram[23]:         0         0         0         0         0         0         0         0         0         0         0         0         0         0         0         0 
dram[24]:         0         0         0         0         0         0         0         0         0         0         0         0         0         0         0         0 
dram[25]:         0         0         0         0         0         0         0         0         0         0         0         0         0         0         0         0 
dram[26]:         0         0         0         0         0         0         0         0         0         0         0         0         0         0         0         0 
dram[27]:         0         0         0         0         0         0         0         0         0         0         0         0         0         0         0         0 
dram[28]:         0         0         0         0         0         0         0         0         0         0         0         0         0         0         0         0 
dram[29]:         0         0         0         0         0         0         0         0         0         0         0         0         0         0         0         0 
dram[30]:         0         0         0         0         0         0         0         0         0         0         0         0         0         0         0         0 
dram[31]:         0         0         0         0         0         0         0         0         0         0         0         0         0         0         0         0 
dram[32]:         0         0         0         0         0         0         0         0         0         0         0         0         0         0         0         0 
dram[33]:         0         0         0         0         0         0         0         0         0         0         0         0         0         0         0         0 
dram[34]:         0         0         0         0         0         0         0         0         0         0         0         0         0         0         0         0 
dram[35]:         0         0         0         0         0         0         0         0         0         0         0         0         0         0         0         0 
dram[36]:         0         0         0         0         0         0         0         0         0         0         0         0         0         0         0         0 
dram[37]:         0         0         0         0         0         0         0         0         0         0         0         0         0         0         0         0 
dram[38]:         0         0         0         0         0         0         0         0         0         0         0         0         0         0         0         0 
dram[39]:         0         0         0         0         0         0         0         0         0         0         0         0         0         0         0         0 
total dram writes = 0
min_bank_accesses = 0!
min_chip_accesses = 0!
average mf latency per bank:
dram[0]:       1526      1538       987       983      1833      1832      1335      1340      1095      1094      1208      1209      1459      1454      1300      1299
dram[1]:       1510      1534      1141      1054      1813      1825      1507      1525      1013      1024      1374      1387      1448      1449      1482      1295
dram[2]:       1537      1514      1186      1194      1835      1808      1519      1505      1067      1014      1391      1373      1321      1441      1357      1477
dram[3]:       1527      1531      1074      1075      1824      1827      1513      1511      1015      1059      1383      1385      1446      1314      1288      1350
dram[4]:       1510      1517      1172      1175      1805      1813      1495      1498      1001      1006      1367      1373      1475      1478      1464      1470
dram[5]:       1487      1497      1091       984      1518      1782      2308      1488      1083      1084      1308      1311      1983      1991      1845      1855
dram[6]:       1481      1488       981      1196      1511      1517      2048      2053      1079      1081      1264      1436      1727      1734      1837      1846
dram[7]:       1505      1481       980       978      1791      1509      1367      2043      1083      1078      1446      1262      1376      1725      1782      1840
dram[8]:       1506      1500      1091      1091      1788      1786      1369      1360      1086      1082      1445      1445      1737      1372      1849      1777
dram[9]:       1499      1496      1086      1088      1777      1778      1364      1358      1081      1081      1438      1440      1728      1729      1843      1838
dram[10]:       2309      2316      1059      1194      1661      1664      2360      2359       956       955      1473      1471      1283      1281      1221      1222
dram[11]:       2174      2183      1060      1061      1698      1703      1560      1559      1011      1012      1515      1516      1278      1278      1218      1221
dram[12]:       2008      2164      1460      1055      1715      1689      1564      1546      1009      1004      1295      1506      1194      1268      1211      1212
dram[13]:       2187      1996       985      1288      1703      1707      1555      1554      1005      1006      1502      1291      1285      1190      1206      1207
dram[14]:       2180      2176       987       989      1698      1698      1551      1549      1004      1003      1499      1497      1282      1282      1205      1205
dram[15]:       2166      2178      1084      1092      1401      1632      1996      2011      1081      1007      1420      1432      1174      1186      1242      1251
dram[16]:       2035      2040      1082      1084      1539      1542      2367      2375      1014      1082      1332      1336      1173      1175      1371      1369
dram[17]:       1176      2016      1303      1202      1919      1526      2401      2351      1007      1002      1362      1322      1346      1158      1381      1198
dram[18]:       1358      1166      1213      1301      1819      1910      2383      2387      1083      1084      1348      1354      1330      1336      1370      1371
dram[19]:       2047      1350      1384      1213      1806      1811      2369      2369      1077      1075      1188      1190      1173      1325      1206      1359
dram[20]:        913       909       920       910       900       899       912       910       907       906       921       921       898       896       909       907
dram[21]:        912       909       906       923       913       912       910       909       923       922       921       920       897       895       908       906
dram[22]:        903       908       890       907       909       911       906       908       914       930       889       919       898       894       897       906
dram[23]:        930       930       910       907       908       907       905       905       928       916       888       885       896       894       897       896
dram[24]:        929       929       889       885       907       906       904       904       927       928       911       884       907       904       896       895
dram[25]:        910       913       892       905       909       892       906       907       883       886       895       896       900       902       907       908
dram[26]:        911       915       905       880       908       910       906       907       896       883       907       895       901       902       908       909
dram[27]:        912       910       900       902       891       906       906       904       887       894       892       906       902       899       899       906
dram[28]:        919       924       906       889       895       900       912       916       893       894       898       900       909       913       906       909
dram[29]:        918       924       906       910       894       898       912       915       905       906       899       900       908       912       905       908
dram[30]:        912       909       903       894       903       904       911       909       909       910       910       907       921       919       913       909
dram[31]:        908       908       898       903       910       916       958       960       904       909       905       907       917       919       908       909
dram[32]:        899       907       870       902       907       914       947       957       904       907       911       922       913       917       898       907
dram[33]:        899       898       915       870       906       902       946       950       903       900       910       906       913       908       898       895
dram[34]:        899       897       915       909       905       901       945       949       903       900       909       905       912       908       898       895
dram[35]:        925       933       876       881       923       905       866       873       907       915       913       918       918       923       900       903
dram[36]:        920       928       872       877       917       923       913       869       912       909       908       914       914       918       894       898
dram[37]:        945       920       903       872       923       915       893       911       933       911       921       906       901       911       908       907
dram[38]:        946       947       904       904       923       921       892       884       934       932       920       916       900       900       907       908
dram[39]:        925       940       879       898       901       913       872       877       912       925       918       928       915       893       904       901
maximum mf latency per bank:
dram[0]:        777       782       784       781       787       786       748       751       792       791       793       791       754       757       770       760
dram[1]:        763       785       775       782       777       787       734       752       782       793       782       793       755       757       761       759
dram[2]:        775       770       766       773       772       778       734       737       783       784       784       783       749       747       760       749
dram[3]:        775       774       764       767       769       774       733       726       782       777       783       782       746       749       759       764
dram[4]:        761       766       751       759       759       767       723       719       772       781       771       774       777       782       747       757
dram[5]:        731       741       752       750       753       728       723       729       725       726       718       721       740       745       722       724
dram[6]:        730       740       753       750       754       757       721       727       723       725       757       723       740       745       724       727
dram[7]:        748       740       738       750       725       756       732       724       726       722       710       754       734       745       719       728
dram[8]:        754       751       745       744       730       729       739       725       732       729       715       715       740       739       725       720
dram[9]:        755       751       744       745       731       733       738       725       732       732       716       716       740       741       728       722
dram[10]:        716       721       736       734       761       758       692       686       766       771       771       772       758       754       770       769
dram[11]:        715       724       738       735       761       759       771       774       765       773       771       773       753       752       770       770
dram[12]:        727       717       716       727       764       753       772       768       771       767       749       767       756       743       760       764
dram[13]:        724       723       774       777       763       767       775       768       771       773       747       741       757       755       761       760
dram[14]:        727       724       777       778       764       769       775       768       774       772       753       741       760       756       765       761
dram[15]:        710       726       732       735       747       740       696       707       739       746       738       744       743       746       747       750
dram[16]:        712       719       735       729       749       747       699       703       750       742       740       740       745       743       749       748
dram[17]:        739       707       729       719       735       734       718       689       750       746       749       732       724       728       743       747
dram[18]:        730       732       724       728       728       735       711       715       742       743       741       742       716       721       735       739
dram[19]:        727       726       717       720       724       729       707       711       739       737       741       736       742       715       746       734
dram[20]:        927       917       950       923       919       920       933       929       946       941       949       945       942       939       944       941
dram[21]:        925       916       954       957       958       959       931       927       946       942       948       945       942       938       944       940
dram[22]:        910       916       915       957       943       957       926       926       949       958       916       945       932       937       934       939
dram[23]:        965       965       918       914       945       938       926       931       949       949       915       911       935       931       937       933
dram[24]:        965       964       918       914       945       937       925       931       948       949       962       910       935       931       937       933
dram[25]:        918       920       947       946       920       923       926       924       938       932       924       923       940       939       948       951
dram[26]:        920       923       948       947       922       924       927       926       950       933       924       922       941       940       949       952
dram[27]:        921       919       920       944       921       922       922       922       930       948       928       920       940       937       942       949
dram[28]:        928       931       951       927       927       925       929       939       937       941       934       942       946       948       949       950
dram[29]:        928       932       953       962       926       925       928       938       958       961       935       942       946       947       948       949
dram[30]:        959       951       957       957       941       942       967       963       931       932       931       929       964       961       921       920
dram[31]:        955       951       954       956       949       953       962       963       926       932       926       931       960       961       916       919
dram[32]:        942       950       943       955       954       954       954       961       932       930       959       960       945       960       913       918
dram[33]:        942       940       942       937       955       944       954       956       932       927       960       959       944       940       913       908
dram[34]:        941       940       942       937       953       943       953       957       932       926       959       957       944       938       913       908
dram[35]:        969       974       944       954       952       957       869       877       943       950       953       962       972       973       930       934
dram[36]:        963       973       939       949       944       953       967       872       934       942       948       956       967       970       924       929
dram[37]:        984       963       980       942       967       944       899       964       970       935       977       949       943       963       945       922
dram[38]:        988       989       989       985       968       965       899       891       970       973       976       976       941       937       943       939
dram[39]:        967       983       968       977       947       955       878       884       950       966       954       968       961       929       919       931
LRC stats:
LRC_subpartition_num_lrc_to_l2_sectors.sum = 8464
LRC_subpartition_num_icnt_to_lrc_sectors.sum = 8512
Number of LRC to L2 sectors: 8464
Number of ICNT to LRC sectors: 8512
Number of LRC to L2 bytes: 270848
Number of ICNT to LRC bytes: 272384
LRC compression ratio: 1.005671
LRC_subpartition_l2_stall_due_to_lrc_full.sum = 0
Inter-chiplet stats:
interchip_read_requests = 4160
interchip_write_requests = 8320
Total inter-chiplet requests: 12480
Memory Partition 0: 
Cache L2_bank_000:
MSHR contents

Cache L2_bank_001:
MSHR contents

In Dram Latency Queue (total = 0): 
DRAM[0]: 16 bks, busW=8 BL=4 CL=19, tRRD=6 tCCD=1, tRCD=19 tRAS=45 tRP=19 tRC=50
n_cmd=0 n_nop=0 n_act=0 n_pre=0 n_ref_event=0 n_req=0 n_rd=0 n_rd_L2_A=0 n_write=0 n_wr_bk=0 bw_util=-nan
n_activity=0 dram_eff=-nan
bk0: 0a 0i bk1: 0a 0i bk2: 0a 0i bk3: 0a 0i bk4: 0a 0i bk5: 0a 0i bk6: 0a 0i bk7: 0a 0i bk8: 0a 0i bk9: 0a 0i bk10: 0a 0i bk11: 0a 0i bk12: 0a 0i bk13: 0a 0i bk14: 0a 0i bk15: 0a 0i 

------------------------------------------------------------------------

Row_Buffer_Locality = -nan
Row_Buffer_Locality_read = -nan
Row_Buffer_Locality_write = -nan
Bank_Level_Parallism = -nan
Bank_Level_Parallism_Col = -nan
Bank_Level_Parallism_Ready = -nan
write_to_read_ratio_blp_rw_average = -nan
GrpLevelPara = -nan 

BW Util details:
bwutil = -nan 
total_CMD = 0 
util_bw = 0 
Wasted_Col = 0 
Wasted_Row = 0 
Idle = 0 

BW Util Bottlenecks: 
RCDc_limit = 0 
RCDWRc_limit = 0 
WTRc_limit = 0 
RTWc_limit = 0 
CCDLc_limit = 0 
rwq = 0 
CCDLc_limit_alone = 0 
WTRc_limit_alone = 0 
RTWc_limit_alone = 0 

Commands details: 
total_CMD = 0 
n_nop = 0 
Read = 0 
Write = 0 
L2_Alloc = 0 
L2_WB = 0 
n_act = 0 
n_pre = 0 
n_ref = 0 
n_req = 0 
total_req = 0 

Dual Bus Interface Util: 
issued_total_row = 0 
issued_total_col = 0 
Row_Bus_Util =  -nan 
CoL_Bus_Util = -nan 
Either_Row_CoL_Bus_Util = -nan 
Issued_on_Two_Bus_Simul_Util = -nan 
issued_two_Eff = -nan 
queue_avg = -nan 


dram_util_bins: 0 0 0 0 0 0 0 0 0 0
dram_eff_bins: 0 0 0 0 0 0 0 0 0 0
mrqq: max=0 avg=-nan
Memory Partition 1: 
Cache L2_bank_002:
MSHR contents

Cache L2_bank_003:
MSHR contents

In Dram Latency Queue (total = 0): 
DRAM[1]: 16 bks, busW=8 BL=4 CL=19, tRRD=6 tCCD=1, tRCD=19 tRAS=45 tRP=19 tRC=50
n_cmd=0 n_nop=0 n_act=0 n_pre=0 n_ref_event=0 n_req=0 n_rd=0 n_rd_L2_A=0 n_write=0 n_wr_bk=0 bw_util=-nan
n_activity=0 dram_eff=-nan
bk0: 0a 0i bk1: 0a 0i bk2: 0a 0i bk3: 0a 0i bk4: 0a 0i bk5: 0a 0i bk6: 0a 0i bk7: 0a 0i bk8: 0a 0i bk9: 0a 0i bk10: 0a 0i bk11: 0a 0i bk12: 0a 0i bk13: 0a 0i bk14: 0a 0i bk15: 0a 0i 

------------------------------------------------------------------------

Row_Buffer_Locality = -nan
Row_Buffer_Locality_read = -nan
Row_Buffer_Locality_write = -nan
Bank_Level_Parallism = -nan
Bank_Level_Parallism_Col = -nan
Bank_Level_Parallism_Ready = -nan
write_to_read_ratio_blp_rw_average = -nan
GrpLevelPara = -nan 

BW Util details:
bwutil = -nan 
total_CMD = 0 
util_bw = 0 
Wasted_Col = 0 
Wasted_Row = 0 
Idle = 0 

BW Util Bottlenecks: 
RCDc_limit = 0 
RCDWRc_limit = 0 
WTRc_limit = 0 
RTWc_limit = 0 
CCDLc_limit = 0 
rwq = 0 
CCDLc_limit_alone = 0 
WTRc_limit_alone = 0 
RTWc_limit_alone = 0 

Commands details: 
total_CMD = 0 
n_nop = 0 
Read = 0 
Write = 0 
L2_Alloc = 0 
L2_WB = 0 
n_act = 0 
n_pre = 0 
n_ref = 0 
n_req = 0 
total_req = 0 

Dual Bus Interface Util: 
issued_total_row = 0 
issued_total_col = 0 
Row_Bus_Util =  -nan 
CoL_Bus_Util = -nan 
Either_Row_CoL_Bus_Util = -nan 
Issued_on_Two_Bus_Simul_Util = -nan 
issued_two_Eff = -nan 
queue_avg = -nan 


dram_util_bins: 0 0 0 0 0 0 0 0 0 0
dram_eff_bins: 0 0 0 0 0 0 0 0 0 0
mrqq: max=0 avg=-nan
Memory Partition 2: 
Cache L2_bank_004:
MSHR contents

Cache L2_bank_005:
MSHR contents

In Dram Latency Queue (total = 0): 
DRAM[2]: 16 bks, busW=8 BL=4 CL=19, tRRD=6 tCCD=1, tRCD=19 tRAS=45 tRP=19 tRC=50
n_cmd=0 n_nop=0 n_act=0 n_pre=0 n_ref_event=0 n_req=0 n_rd=0 n_rd_L2_A=0 n_write=0 n_wr_bk=0 bw_util=-nan
n_activity=0 dram_eff=-nan
bk0: 0a 0i bk1: 0a 0i bk2: 0a 0i bk3: 0a 0i bk4: 0a 0i bk5: 0a 0i bk6: 0a 0i bk7: 0a 0i bk8: 0a 0i bk9: 0a 0i bk10: 0a 0i bk11: 0a 0i bk12: 0a 0i bk13: 0a 0i bk14: 0a 0i bk15: 0a 0i 

------------------------------------------------------------------------

Row_Buffer_Locality = -nan
Row_Buffer_Locality_read = -nan
Row_Buffer_Locality_write = -nan
Bank_Level_Parallism = -nan
Bank_Level_Parallism_Col = -nan
Bank_Level_Parallism_Ready = -nan
write_to_read_ratio_blp_rw_average = -nan
GrpLevelPara = -nan 

BW Util details:
bwutil = -nan 
total_CMD = 0 
util_bw = 0 
Wasted_Col = 0 
Wasted_Row = 0 
Idle = 0 

BW Util Bottlenecks: 
RCDc_limit = 0 
RCDWRc_limit = 0 
WTRc_limit = 0 
RTWc_limit = 0 
CCDLc_limit = 0 
rwq = 0 
CCDLc_limit_alone = 0 
WTRc_limit_alone = 0 
RTWc_limit_alone = 0 

Commands details: 
total_CMD = 0 
n_nop = 0 
Read = 0 
Write = 0 
L2_Alloc = 0 
L2_WB = 0 
n_act = 0 
n_pre = 0 
n_ref = 0 
n_req = 0 
total_req = 0 

Dual Bus Interface Util: 
issued_total_row = 0 
issued_total_col = 0 
Row_Bus_Util =  -nan 
CoL_Bus_Util = -nan 
Either_Row_CoL_Bus_Util = -nan 
Issued_on_Two_Bus_Simul_Util = -nan 
issued_two_Eff = -nan 
queue_avg = -nan 


dram_util_bins: 0 0 0 0 0 0 0 0 0 0
dram_eff_bins: 0 0 0 0 0 0 0 0 0 0
mrqq: max=0 avg=-nan
Memory Partition 3: 
Cache L2_bank_006:
MSHR contents

Cache L2_bank_007:
MSHR contents

In Dram Latency Queue (total = 0): 
DRAM[3]: 16 bks, busW=8 BL=4 CL=19, tRRD=6 tCCD=1, tRCD=19 tRAS=45 tRP=19 tRC=50
n_cmd=0 n_nop=0 n_act=0 n_pre=0 n_ref_event=94713791221136 n_req=0 n_rd=0 n_rd_L2_A=0 n_write=0 n_wr_bk=0 bw_util=-nan
n_activity=0 dram_eff=-nan
bk0: 0a 0i bk1: 0a 0i bk2: 0a 0i bk3: 0a 0i bk4: 0a 0i bk5: 0a 0i bk6: 0a 0i bk7: 0a 0i bk8: 0a 0i bk9: 0a 0i bk10: 0a 0i bk11: 0a 0i bk12: 0a 0i bk13: 0a 0i bk14: 0a 0i bk15: 0a 0i 

------------------------------------------------------------------------

Row_Buffer_Locality = -nan
Row_Buffer_Locality_read = -nan
Row_Buffer_Locality_write = -nan
Bank_Level_Parallism = -nan
Bank_Level_Parallism_Col = inf
Bank_Level_Parallism_Ready = -nan
write_to_read_ratio_blp_rw_average = -nan
GrpLevelPara = -nan 

BW Util details:
bwutil = -nan 
total_CMD = 0 
util_bw = 0 
Wasted_Col = 0 
Wasted_Row = 0 
Idle = 0 

BW Util Bottlenecks: 
RCDc_limit = 0 
RCDWRc_limit = 0 
WTRc_limit = 0 
RTWc_limit = 0 
CCDLc_limit = 0 
rwq = 0 
CCDLc_limit_alone = 0 
WTRc_limit_alone = 0 
RTWc_limit_alone = 0 

Commands details: 
total_CMD = 0 
n_nop = 0 
Read = 0 
Write = 0 
L2_Alloc = 0 
L2_WB = 0 
n_act = 0 
n_pre = 0 
n_ref = 94713791221136 
n_req = 0 
total_req = 0 

Dual Bus Interface Util: 
issued_total_row = 0 
issued_total_col = 0 
Row_Bus_Util =  -nan 
CoL_Bus_Util = -nan 
Either_Row_CoL_Bus_Util = -nan 
Issued_on_Two_Bus_Simul_Util = -nan 
issued_two_Eff = -nan 
queue_avg = -nan 


dram_util_bins: 0 0 0 0 0 0 0 0 0 0
dram_eff_bins: 0 0 0 0 0 0 0 0 0 0
mrqq: max=0 avg=-nan
Memory Partition 4: 
Cache L2_bank_008:
MSHR contents

Cache L2_bank_009:
MSHR contents

In Dram Latency Queue (total = 0): 
DRAM[4]: 16 bks, busW=8 BL=4 CL=19, tRRD=6 tCCD=1, tRCD=19 tRAS=45 tRP=19 tRC=50
n_cmd=0 n_nop=0 n_act=0 n_pre=0 n_ref_event=0 n_req=0 n_rd=0 n_rd_L2_A=0 n_write=0 n_wr_bk=0 bw_util=-nan
n_activity=0 dram_eff=-nan
bk0: 0a 0i bk1: 0a 0i bk2: 0a 0i bk3: 0a 0i bk4: 0a 0i bk5: 0a 0i bk6: 0a 0i bk7: 0a 0i bk8: 0a 0i bk9: 0a 0i bk10: 0a 0i bk11: 0a 0i bk12: 0a 0i bk13: 0a 0i bk14: 0a 0i bk15: 0a 0i 

------------------------------------------------------------------------

Row_Buffer_Locality = -nan
Row_Buffer_Locality_read = -nan
Row_Buffer_Locality_write = -nan
Bank_Level_Parallism = -nan
Bank_Level_Parallism_Col = -nan
Bank_Level_Parallism_Ready = -nan
write_to_read_ratio_blp_rw_average = -nan
GrpLevelPara = -nan 

BW Util details:
bwutil = -nan 
total_CMD = 0 
util_bw = 0 
Wasted_Col = 0 
Wasted_Row = 0 
Idle = 0 

BW Util Bottlenecks: 
RCDc_limit = 0 
RCDWRc_limit = 0 
WTRc_limit = 0 
RTWc_limit = 0 
CCDLc_limit = 0 
rwq = 0 
CCDLc_limit_alone = 0 
WTRc_limit_alone = 0 
RTWc_limit_alone = 0 

Commands details: 
total_CMD = 0 
n_nop = 0 
Read = 0 
Write = 0 
L2_Alloc = 0 
L2_WB = 0 
n_act = 0 
n_pre = 0 
n_ref = 0 
n_req = 0 
total_req = 0 

Dual Bus Interface Util: 
issued_total_row = 0 
issued_total_col = 0 
Row_Bus_Util =  -nan 
CoL_Bus_Util = -nan 
Either_Row_CoL_Bus_Util = -nan 
Issued_on_Two_Bus_Simul_Util = -nan 
issued_two_Eff = -nan 
queue_avg = -nan 


dram_util_bins: 0 0 0 0 0 0 0 0 0 0
dram_eff_bins: 0 0 0 0 0 0 0 0 0 0
mrqq: max=0 avg=-nan
Memory Partition 5: 
Cache L2_bank_010:
MSHR contents

Cache L2_bank_011:
MSHR contents

In Dram Latency Queue (total = 0): 
DRAM[5]: 16 bks, busW=8 BL=4 CL=19, tRRD=6 tCCD=1, tRCD=19 tRAS=45 tRP=19 tRC=50
n_cmd=0 n_nop=0 n_act=0 n_pre=0 n_ref_event=0 n_req=0 n_rd=0 n_rd_L2_A=0 n_write=0 n_wr_bk=0 bw_util=-nan
n_activity=0 dram_eff=-nan
bk0: 0a 0i bk1: 0a 0i bk2: 0a 0i bk3: 0a 0i bk4: 0a 0i bk5: 0a 0i bk6: 0a 0i bk7: 0a 0i bk8: 0a 0i bk9: 0a 0i bk10: 0a 0i bk11: 0a 0i bk12: 0a 0i bk13: 0a 0i bk14: 0a 0i bk15: 0a 0i 

------------------------------------------------------------------------

Row_Buffer_Locality = -nan
Row_Buffer_Locality_read = -nan
Row_Buffer_Locality_write = -nan
Bank_Level_Parallism = -nan
Bank_Level_Parallism_Col = -nan
Bank_Level_Parallism_Ready = -nan
write_to_read_ratio_blp_rw_average = -nan
GrpLevelPara = -nan 

BW Util details:
bwutil = -nan 
total_CMD = 0 
util_bw = 0 
Wasted_Col = 0 
Wasted_Row = 0 
Idle = 0 

BW Util Bottlenecks: 
RCDc_limit = 0 
RCDWRc_limit = 0 
WTRc_limit = 0 
RTWc_limit = 0 
CCDLc_limit = 0 
rwq = 0 
CCDLc_limit_alone = 0 
WTRc_limit_alone = 0 
RTWc_limit_alone = 0 

Commands details: 
total_CMD = 0 
n_nop = 0 
Read = 0 
Write = 0 
L2_Alloc = 0 
L2_WB = 0 
n_act = 0 
n_pre = 0 
n_ref = 0 
n_req = 0 
total_req = 0 

Dual Bus Interface Util: 
issued_total_row = 0 
issued_total_col = 0 
Row_Bus_Util =  -nan 
CoL_Bus_Util = -nan 
Either_Row_CoL_Bus_Util = -nan 
Issued_on_Two_Bus_Simul_Util = -nan 
issued_two_Eff = -nan 
queue_avg = -nan 


dram_util_bins: 0 0 0 0 0 0 0 0 0 0
dram_eff_bins: 0 0 0 0 0 0 0 0 0 0
mrqq: max=0 avg=-nan
Memory Partition 6: 
Cache L2_bank_012:
MSHR contents

Cache L2_bank_013:
MSHR contents

In Dram Latency Queue (total = 0): 
DRAM[6]: 16 bks, busW=8 BL=4 CL=19, tRRD=6 tCCD=1, tRCD=19 tRAS=45 tRP=19 tRC=50
n_cmd=0 n_nop=0 n_act=0 n_pre=0 n_ref_event=0 n_req=0 n_rd=0 n_rd_L2_A=0 n_write=0 n_wr_bk=0 bw_util=-nan
n_activity=0 dram_eff=-nan
bk0: 0a 0i bk1: 0a 0i bk2: 0a 0i bk3: 0a 0i bk4: 0a 0i bk5: 0a 0i bk6: 0a 0i bk7: 0a 0i bk8: 0a 0i bk9: 0a 0i bk10: 0a 0i bk11: 0a 0i bk12: 0a 0i bk13: 0a 0i bk14: 0a 0i bk15: 0a 0i 

------------------------------------------------------------------------

Row_Buffer_Locality = -nan
Row_Buffer_Locality_read = -nan
Row_Buffer_Locality_write = -nan
Bank_Level_Parallism = -nan
Bank_Level_Parallism_Col = -nan
Bank_Level_Parallism_Ready = -nan
write_to_read_ratio_blp_rw_average = -nan
GrpLevelPara = -nan 

BW Util details:
bwutil = -nan 
total_CMD = 0 
util_bw = 0 
Wasted_Col = 0 
Wasted_Row = 0 
Idle = 0 

BW Util Bottlenecks: 
RCDc_limit = 0 
RCDWRc_limit = 0 
WTRc_limit = 0 
RTWc_limit = 0 
CCDLc_limit = 0 
rwq = 0 
CCDLc_limit_alone = 0 
WTRc_limit_alone = 0 
RTWc_limit_alone = 0 

Commands details: 
total_CMD = 0 
n_nop = 0 
Read = 0 
Write = 0 
L2_Alloc = 0 
L2_WB = 0 
n_act = 0 
n_pre = 0 
n_ref = 0 
n_req = 0 
total_req = 0 

Dual Bus Interface Util: 
issued_total_row = 0 
issued_total_col = 0 
Row_Bus_Util =  -nan 
CoL_Bus_Util = -nan 
Either_Row_CoL_Bus_Util = -nan 
Issued_on_Two_Bus_Simul_Util = -nan 
issued_two_Eff = -nan 
queue_avg = -nan 


dram_util_bins: 0 0 0 0 0 0 0 0 0 0
dram_eff_bins: 0 0 0 0 0 0 0 0 0 0
mrqq: max=0 avg=-nan
Memory Partition 7: 
Cache L2_bank_014:
MSHR contents

Cache L2_bank_015:
MSHR contents

In Dram Latency Queue (total = 0): 
DRAM[7]: 16 bks, busW=8 BL=4 CL=19, tRRD=6 tCCD=1, tRCD=19 tRAS=45 tRP=19 tRC=50
n_cmd=0 n_nop=0 n_act=0 n_pre=0 n_ref_event=0 n_req=0 n_rd=0 n_rd_L2_A=0 n_write=0 n_wr_bk=0 bw_util=-nan
n_activity=0 dram_eff=-nan
bk0: 0a 0i bk1: 0a 0i bk2: 0a 0i bk3: 0a 0i bk4: 0a 0i bk5: 0a 0i bk6: 0a 0i bk7: 0a 0i bk8: 0a 0i bk9: 0a 0i bk10: 0a 0i bk11: 0a 0i bk12: 0a 0i bk13: 0a 0i bk14: 0a 0i bk15: 0a 0i 

------------------------------------------------------------------------

Row_Buffer_Locality = -nan
Row_Buffer_Locality_read = -nan
Row_Buffer_Locality_write = -nan
Bank_Level_Parallism = -nan
Bank_Level_Parallism_Col = -nan
Bank_Level_Parallism_Ready = -nan
write_to_read_ratio_blp_rw_average = -nan
GrpLevelPara = -nan 

BW Util details:
bwutil = -nan 
total_CMD = 0 
util_bw = 0 
Wasted_Col = 0 
Wasted_Row = 0 
Idle = 0 

BW Util Bottlenecks: 
RCDc_limit = 0 
RCDWRc_limit = 0 
WTRc_limit = 0 
RTWc_limit = 0 
CCDLc_limit = 0 
rwq = 0 
CCDLc_limit_alone = 0 
WTRc_limit_alone = 0 
RTWc_limit_alone = 0 

Commands details: 
total_CMD = 0 
n_nop = 0 
Read = 0 
Write = 0 
L2_Alloc = 0 
L2_WB = 0 
n_act = 0 
n_pre = 0 
n_ref = 0 
n_req = 0 
total_req = 0 

Dual Bus Interface Util: 
issued_total_row = 0 
issued_total_col = 0 
Row_Bus_Util =  -nan 
CoL_Bus_Util = -nan 
Either_Row_CoL_Bus_Util = -nan 
Issued_on_Two_Bus_Simul_Util = -nan 
issued_two_Eff = -nan 
queue_avg = -nan 


dram_util_bins: 0 0 0 0 0 0 0 0 0 0
dram_eff_bins: 0 0 0 0 0 0 0 0 0 0
mrqq: max=0 avg=-nan
Memory Partition 8: 
Cache L2_bank_016:
MSHR contents

Cache L2_bank_017:
MSHR contents

In Dram Latency Queue (total = 0): 
DRAM[8]: 16 bks, busW=8 BL=4 CL=19, tRRD=6 tCCD=1, tRCD=19 tRAS=45 tRP=19 tRC=50
n_cmd=0 n_nop=0 n_act=0 n_pre=0 n_ref_event=0 n_req=0 n_rd=0 n_rd_L2_A=0 n_write=0 n_wr_bk=0 bw_util=-nan
n_activity=0 dram_eff=-nan
bk0: 0a 0i bk1: 0a 0i bk2: 0a 0i bk3: 0a 0i bk4: 0a 0i bk5: 0a 0i bk6: 0a 0i bk7: 0a 0i bk8: 0a 0i bk9: 0a 0i bk10: 0a 0i bk11: 0a 0i bk12: 0a 0i bk13: 0a 0i bk14: 0a 0i bk15: 0a 0i 

------------------------------------------------------------------------

Row_Buffer_Locality = -nan
Row_Buffer_Locality_read = -nan
Row_Buffer_Locality_write = -nan
Bank_Level_Parallism = -nan
Bank_Level_Parallism_Col = -nan
Bank_Level_Parallism_Ready = -nan
write_to_read_ratio_blp_rw_average = -nan
GrpLevelPara = -nan 

BW Util details:
bwutil = -nan 
total_CMD = 0 
util_bw = 0 
Wasted_Col = 0 
Wasted_Row = 0 
Idle = 0 

BW Util Bottlenecks: 
RCDc_limit = 0 
RCDWRc_limit = 0 
WTRc_limit = 0 
RTWc_limit = 0 
CCDLc_limit = 0 
rwq = 0 
CCDLc_limit_alone = 0 
WTRc_limit_alone = 0 
RTWc_limit_alone = 0 

Commands details: 
total_CMD = 0 
n_nop = 0 
Read = 0 
Write = 0 
L2_Alloc = 0 
L2_WB = 0 
n_act = 0 
n_pre = 0 
n_ref = 0 
n_req = 0 
total_req = 0 

Dual Bus Interface Util: 
issued_total_row = 0 
issued_total_col = 0 
Row_Bus_Util =  -nan 
CoL_Bus_Util = -nan 
Either_Row_CoL_Bus_Util = -nan 
Issued_on_Two_Bus_Simul_Util = -nan 
issued_two_Eff = -nan 
queue_avg = -nan 


dram_util_bins: 0 0 0 0 0 0 0 0 0 0
dram_eff_bins: 0 0 0 0 0 0 0 0 0 0
mrqq: max=0 avg=-nan
Memory Partition 9: 
Cache L2_bank_018:
MSHR contents

Cache L2_bank_019:
MSHR contents

In Dram Latency Queue (total = 0): 
DRAM[9]: 16 bks, busW=8 BL=4 CL=19, tRRD=6 tCCD=1, tRCD=19 tRAS=45 tRP=19 tRC=50
n_cmd=0 n_nop=0 n_act=0 n_pre=0 n_ref_event=0 n_req=0 n_rd=0 n_rd_L2_A=0 n_write=0 n_wr_bk=0 bw_util=-nan
n_activity=0 dram_eff=-nan
bk0: 0a 0i bk1: 0a 0i bk2: 0a 0i bk3: 0a 0i bk4: 0a 0i bk5: 0a 0i bk6: 0a 0i bk7: 0a 0i bk8: 0a 0i bk9: 0a 0i bk10: 0a 0i bk11: 0a 0i bk12: 0a 0i bk13: 0a 0i bk14: 0a 0i bk15: 0a 0i 

------------------------------------------------------------------------

Row_Buffer_Locality = -nan
Row_Buffer_Locality_read = -nan
Row_Buffer_Locality_write = -nan
Bank_Level_Parallism = -nan
Bank_Level_Parallism_Col = -nan
Bank_Level_Parallism_Ready = -nan
write_to_read_ratio_blp_rw_average = -nan
GrpLevelPara = -nan 

BW Util details:
bwutil = -nan 
total_CMD = 0 
util_bw = 0 
Wasted_Col = 0 
Wasted_Row = 0 
Idle = 0 

BW Util Bottlenecks: 
RCDc_limit = 0 
RCDWRc_limit = 0 
WTRc_limit = 0 
RTWc_limit = 0 
CCDLc_limit = 0 
rwq = 0 
CCDLc_limit_alone = 0 
WTRc_limit_alone = 0 
RTWc_limit_alone = 0 

Commands details: 
total_CMD = 0 
n_nop = 0 
Read = 0 
Write = 0 
L2_Alloc = 0 
L2_WB = 0 
n_act = 0 
n_pre = 0 
n_ref = 0 
n_req = 0 
total_req = 0 

Dual Bus Interface Util: 
issued_total_row = 0 
issued_total_col = 0 
Row_Bus_Util =  -nan 
CoL_Bus_Util = -nan 
Either_Row_CoL_Bus_Util = -nan 
Issued_on_Two_Bus_Simul_Util = -nan 
issued_two_Eff = -nan 
queue_avg = -nan 


dram_util_bins: 0 0 0 0 0 0 0 0 0 0
dram_eff_bins: 0 0 0 0 0 0 0 0 0 0
mrqq: max=0 avg=-nan
Memory Partition 10: 
Cache L2_bank_020:
MSHR contents

Cache L2_bank_021:
MSHR contents

In Dram Latency Queue (total = 0): 
DRAM[10]: 16 bks, busW=8 BL=4 CL=19, tRRD=6 tCCD=1, tRCD=19 tRAS=45 tRP=19 tRC=50
n_cmd=0 n_nop=0 n_act=0 n_pre=0 n_ref_event=0 n_req=0 n_rd=0 n_rd_L2_A=0 n_write=0 n_wr_bk=0 bw_util=-nan
n_activity=0 dram_eff=-nan
bk0: 0a 0i bk1: 0a 0i bk2: 0a 0i bk3: 0a 0i bk4: 0a 0i bk5: 0a 0i bk6: 0a 0i bk7: 0a 0i bk8: 0a 0i bk9: 0a 0i bk10: 0a 0i bk11: 0a 0i bk12: 0a 0i bk13: 0a 0i bk14: 0a 0i bk15: 0a 0i 

------------------------------------------------------------------------

Row_Buffer_Locality = -nan
Row_Buffer_Locality_read = -nan
Row_Buffer_Locality_write = -nan
Bank_Level_Parallism = -nan
Bank_Level_Parallism_Col = -nan
Bank_Level_Parallism_Ready = -nan
write_to_read_ratio_blp_rw_average = -nan
GrpLevelPara = -nan 

BW Util details:
bwutil = -nan 
total_CMD = 0 
util_bw = 0 
Wasted_Col = 0 
Wasted_Row = 0 
Idle = 0 

BW Util Bottlenecks: 
RCDc_limit = 0 
RCDWRc_limit = 0 
WTRc_limit = 0 
RTWc_limit = 0 
CCDLc_limit = 0 
rwq = 0 
CCDLc_limit_alone = 0 
WTRc_limit_alone = 0 
RTWc_limit_alone = 0 

Commands details: 
total_CMD = 0 
n_nop = 0 
Read = 0 
Write = 0 
L2_Alloc = 0 
L2_WB = 0 
n_act = 0 
n_pre = 0 
n_ref = 0 
n_req = 0 
total_req = 0 

Dual Bus Interface Util: 
issued_total_row = 0 
issued_total_col = 0 
Row_Bus_Util =  -nan 
CoL_Bus_Util = -nan 
Either_Row_CoL_Bus_Util = -nan 
Issued_on_Two_Bus_Simul_Util = -nan 
issued_two_Eff = -nan 
queue_avg = -nan 


dram_util_bins: 0 0 0 0 0 0 0 0 0 0
dram_eff_bins: 0 0 0 0 0 0 0 0 0 0
mrqq: max=0 avg=-nan
Memory Partition 11: 
Cache L2_bank_022:
MSHR contents

Cache L2_bank_023:
MSHR contents

In Dram Latency Queue (total = 0): 
DRAM[11]: 16 bks, busW=8 BL=4 CL=19, tRRD=6 tCCD=1, tRCD=19 tRAS=45 tRP=19 tRC=50
n_cmd=0 n_nop=0 n_act=0 n_pre=0 n_ref_event=0 n_req=0 n_rd=0 n_rd_L2_A=0 n_write=0 n_wr_bk=0 bw_util=-nan
n_activity=0 dram_eff=-nan
bk0: 0a 0i bk1: 0a 0i bk2: 0a 0i bk3: 0a 0i bk4: 0a 0i bk5: 0a 0i bk6: 0a 0i bk7: 0a 0i bk8: 0a 0i bk9: 0a 0i bk10: 0a 0i bk11: 0a 0i bk12: 0a 0i bk13: 0a 0i bk14: 0a 0i bk15: 0a 0i 

------------------------------------------------------------------------

Row_Buffer_Locality = -nan
Row_Buffer_Locality_read = -nan
Row_Buffer_Locality_write = -nan
Bank_Level_Parallism = -nan
Bank_Level_Parallism_Col = -nan
Bank_Level_Parallism_Ready = -nan
write_to_read_ratio_blp_rw_average = -nan
GrpLevelPara = -nan 

BW Util details:
bwutil = -nan 
total_CMD = 0 
util_bw = 0 
Wasted_Col = 0 
Wasted_Row = 0 
Idle = 0 

BW Util Bottlenecks: 
RCDc_limit = 0 
RCDWRc_limit = 0 
WTRc_limit = 0 
RTWc_limit = 0 
CCDLc_limit = 0 
rwq = 0 
CCDLc_limit_alone = 0 
WTRc_limit_alone = 0 
RTWc_limit_alone = 0 

Commands details: 
total_CMD = 0 
n_nop = 0 
Read = 0 
Write = 0 
L2_Alloc = 0 
L2_WB = 0 
n_act = 0 
n_pre = 0 
n_ref = 0 
n_req = 0 
total_req = 0 

Dual Bus Interface Util: 
issued_total_row = 0 
issued_total_col = 0 
Row_Bus_Util =  -nan 
CoL_Bus_Util = -nan 
Either_Row_CoL_Bus_Util = -nan 
Issued_on_Two_Bus_Simul_Util = -nan 
issued_two_Eff = -nan 
queue_avg = -nan 


dram_util_bins: 0 0 0 0 0 0 0 0 0 0
dram_eff_bins: 0 0 0 0 0 0 0 0 0 0
mrqq: max=0 avg=-nan
Memory Partition 12: 
Cache L2_bank_024:
MSHR contents

Cache L2_bank_025:
MSHR contents

In Dram Latency Queue (total = 0): 
DRAM[12]: 16 bks, busW=8 BL=4 CL=19, tRRD=6 tCCD=1, tRCD=19 tRAS=45 tRP=19 tRC=50
n_cmd=0 n_nop=0 n_act=0 n_pre=0 n_ref_event=0 n_req=0 n_rd=0 n_rd_L2_A=0 n_write=0 n_wr_bk=0 bw_util=-nan
n_activity=0 dram_eff=-nan
bk0: 0a 0i bk1: 0a 0i bk2: 0a 0i bk3: 0a 0i bk4: 0a 0i bk5: 0a 0i bk6: 0a 0i bk7: 0a 0i bk8: 0a 0i bk9: 0a 0i bk10: 0a 0i bk11: 0a 0i bk12: 0a 0i bk13: 0a 0i bk14: 0a 0i bk15: 0a 0i 

------------------------------------------------------------------------

Row_Buffer_Locality = -nan
Row_Buffer_Locality_read = -nan
Row_Buffer_Locality_write = -nan
Bank_Level_Parallism = -nan
Bank_Level_Parallism_Col = -nan
Bank_Level_Parallism_Ready = -nan
write_to_read_ratio_blp_rw_average = -nan
GrpLevelPara = -nan 

BW Util details:
bwutil = -nan 
total_CMD = 0 
util_bw = 0 
Wasted_Col = 0 
Wasted_Row = 0 
Idle = 0 

BW Util Bottlenecks: 
RCDc_limit = 0 
RCDWRc_limit = 0 
WTRc_limit = 0 
RTWc_limit = 0 
CCDLc_limit = 0 
rwq = 0 
CCDLc_limit_alone = 0 
WTRc_limit_alone = 0 
RTWc_limit_alone = 0 

Commands details: 
total_CMD = 0 
n_nop = 0 
Read = 0 
Write = 0 
L2_Alloc = 0 
L2_WB = 0 
n_act = 0 
n_pre = 0 
n_ref = 0 
n_req = 0 
total_req = 0 

Dual Bus Interface Util: 
issued_total_row = 0 
issued_total_col = 0 
Row_Bus_Util =  -nan 
CoL_Bus_Util = -nan 
Either_Row_CoL_Bus_Util = -nan 
Issued_on_Two_Bus_Simul_Util = -nan 
issued_two_Eff = -nan 
queue_avg = -nan 


dram_util_bins: 0 0 0 0 0 0 0 0 0 0
dram_eff_bins: 0 0 0 0 0 0 0 0 0 0
mrqq: max=0 avg=-nan
Memory Partition 13: 
Cache L2_bank_026:
MSHR contents

Cache L2_bank_027:
MSHR contents

In Dram Latency Queue (total = 0): 
DRAM[13]: 16 bks, busW=8 BL=4 CL=19, tRRD=6 tCCD=1, tRCD=19 tRAS=45 tRP=19 tRC=50
n_cmd=0 n_nop=0 n_act=0 n_pre=0 n_ref_event=0 n_req=0 n_rd=0 n_rd_L2_A=0 n_write=0 n_wr_bk=0 bw_util=-nan
n_activity=0 dram_eff=-nan
bk0: 0a 0i bk1: 0a 0i bk2: 0a 0i bk3: 0a 0i bk4: 0a 0i bk5: 0a 0i bk6: 0a 0i bk7: 0a 0i bk8: 0a 0i bk9: 0a 0i bk10: 0a 0i bk11: 0a 0i bk12: 0a 0i bk13: 0a 0i bk14: 0a 0i bk15: 0a 0i 

------------------------------------------------------------------------

Row_Buffer_Locality = -nan
Row_Buffer_Locality_read = -nan
Row_Buffer_Locality_write = -nan
Bank_Level_Parallism = -nan
Bank_Level_Parallism_Col = -nan
Bank_Level_Parallism_Ready = -nan
write_to_read_ratio_blp_rw_average = -nan
GrpLevelPara = -nan 

BW Util details:
bwutil = -nan 
total_CMD = 0 
util_bw = 0 
Wasted_Col = 0 
Wasted_Row = 0 
Idle = 0 

BW Util Bottlenecks: 
RCDc_limit = 0 
RCDWRc_limit = 0 
WTRc_limit = 0 
RTWc_limit = 0 
CCDLc_limit = 0 
rwq = 0 
CCDLc_limit_alone = 0 
WTRc_limit_alone = 0 
RTWc_limit_alone = 0 

Commands details: 
total_CMD = 0 
n_nop = 0 
Read = 0 
Write = 0 
L2_Alloc = 0 
L2_WB = 0 
n_act = 0 
n_pre = 0 
n_ref = 0 
n_req = 0 
total_req = 0 

Dual Bus Interface Util: 
issued_total_row = 0 
issued_total_col = 0 
Row_Bus_Util =  -nan 
CoL_Bus_Util = -nan 
Either_Row_CoL_Bus_Util = -nan 
Issued_on_Two_Bus_Simul_Util = -nan 
issued_two_Eff = -nan 
queue_avg = -nan 


dram_util_bins: 0 0 0 0 0 0 0 0 0 0
dram_eff_bins: 0 0 0 0 0 0 0 0 0 0
mrqq: max=0 avg=-nan
Memory Partition 14: 
Cache L2_bank_028:
MSHR contents

Cache L2_bank_029:
MSHR contents

In Dram Latency Queue (total = 0): 
DRAM[14]: 16 bks, busW=8 BL=4 CL=19, tRRD=6 tCCD=1, tRCD=19 tRAS=45 tRP=19 tRC=50
n_cmd=0 n_nop=0 n_act=0 n_pre=0 n_ref_event=0 n_req=0 n_rd=0 n_rd_L2_A=0 n_write=0 n_wr_bk=0 bw_util=-nan
n_activity=0 dram_eff=-nan
bk0: 0a 0i bk1: 0a 0i bk2: 0a 0i bk3: 0a 0i bk4: 0a 0i bk5: 0a 0i bk6: 0a 0i bk7: 0a 0i bk8: 0a 0i bk9: 0a 0i bk10: 0a 0i bk11: 0a 0i bk12: 0a 0i bk13: 0a 0i bk14: 0a 0i bk15: 0a 0i 

------------------------------------------------------------------------

Row_Buffer_Locality = -nan
Row_Buffer_Locality_read = -nan
Row_Buffer_Locality_write = -nan
Bank_Level_Parallism = -nan
Bank_Level_Parallism_Col = -nan
Bank_Level_Parallism_Ready = -nan
write_to_read_ratio_blp_rw_average = -nan
GrpLevelPara = -nan 

BW Util details:
bwutil = -nan 
total_CMD = 0 
util_bw = 0 
Wasted_Col = 0 
Wasted_Row = 0 
Idle = 0 

BW Util Bottlenecks: 
RCDc_limit = 0 
RCDWRc_limit = 0 
WTRc_limit = 0 
RTWc_limit = 0 
CCDLc_limit = 0 
rwq = 0 
CCDLc_limit_alone = 0 
WTRc_limit_alone = 0 
RTWc_limit_alone = 0 

Commands details: 
total_CMD = 0 
n_nop = 0 
Read = 0 
Write = 0 
L2_Alloc = 0 
L2_WB = 0 
n_act = 0 
n_pre = 0 
n_ref = 0 
n_req = 0 
total_req = 0 

Dual Bus Interface Util: 
issued_total_row = 0 
issued_total_col = 0 
Row_Bus_Util =  -nan 
CoL_Bus_Util = -nan 
Either_Row_CoL_Bus_Util = -nan 
Issued_on_Two_Bus_Simul_Util = -nan 
issued_two_Eff = -nan 
queue_avg = -nan 


dram_util_bins: 0 0 0 0 0 0 0 0 0 0
dram_eff_bins: 0 0 0 0 0 0 0 0 0 0
mrqq: max=0 avg=-nan
Memory Partition 15: 
Cache L2_bank_030:
MSHR contents

Cache L2_bank_031:
MSHR contents

In Dram Latency Queue (total = 0): 
DRAM[15]: 16 bks, busW=8 BL=4 CL=19, tRRD=6 tCCD=1, tRCD=19 tRAS=45 tRP=19 tRC=50
n_cmd=0 n_nop=0 n_act=0 n_pre=0 n_ref_event=0 n_req=0 n_rd=0 n_rd_L2_A=0 n_write=0 n_wr_bk=0 bw_util=-nan
n_activity=0 dram_eff=-nan
bk0: 0a 0i bk1: 0a 0i bk2: 0a 0i bk3: 0a 0i bk4: 0a 0i bk5: 0a 0i bk6: 0a 0i bk7: 0a 0i bk8: 0a 0i bk9: 0a 0i bk10: 0a 0i bk11: 0a 0i bk12: 0a 0i bk13: 0a 0i bk14: 0a 0i bk15: 0a 0i 

------------------------------------------------------------------------

Row_Buffer_Locality = -nan
Row_Buffer_Locality_read = -nan
Row_Buffer_Locality_write = -nan
Bank_Level_Parallism = -nan
Bank_Level_Parallism_Col = -nan
Bank_Level_Parallism_Ready = -nan
write_to_read_ratio_blp_rw_average = -nan
GrpLevelPara = -nan 

BW Util details:
bwutil = -nan 
total_CMD = 0 
util_bw = 0 
Wasted_Col = 0 
Wasted_Row = 0 
Idle = 0 

BW Util Bottlenecks: 
RCDc_limit = 0 
RCDWRc_limit = 0 
WTRc_limit = 0 
RTWc_limit = 0 
CCDLc_limit = 0 
rwq = 0 
CCDLc_limit_alone = 0 
WTRc_limit_alone = 0 
RTWc_limit_alone = 0 

Commands details: 
total_CMD = 0 
n_nop = 0 
Read = 0 
Write = 0 
L2_Alloc = 0 
L2_WB = 0 
n_act = 0 
n_pre = 0 
n_ref = 0 
n_req = 0 
total_req = 0 

Dual Bus Interface Util: 
issued_total_row = 0 
issued_total_col = 0 
Row_Bus_Util =  -nan 
CoL_Bus_Util = -nan 
Either_Row_CoL_Bus_Util = -nan 
Issued_on_Two_Bus_Simul_Util = -nan 
issued_two_Eff = -nan 
queue_avg = -nan 


dram_util_bins: 0 0 0 0 0 0 0 0 0 0
dram_eff_bins: 0 0 0 0 0 0 0 0 0 0
mrqq: max=0 avg=-nan
Memory Partition 16: 
Cache L2_bank_032:
MSHR contents

Cache L2_bank_033:
MSHR contents

In Dram Latency Queue (total = 0): 
DRAM[16]: 16 bks, busW=8 BL=4 CL=19, tRRD=6 tCCD=1, tRCD=19 tRAS=45 tRP=19 tRC=50
n_cmd=0 n_nop=0 n_act=0 n_pre=0 n_ref_event=0 n_req=0 n_rd=0 n_rd_L2_A=0 n_write=0 n_wr_bk=0 bw_util=-nan
n_activity=0 dram_eff=-nan
bk0: 0a 0i bk1: 0a 0i bk2: 0a 0i bk3: 0a 0i bk4: 0a 0i bk5: 0a 0i bk6: 0a 0i bk7: 0a 0i bk8: 0a 0i bk9: 0a 0i bk10: 0a 0i bk11: 0a 0i bk12: 0a 0i bk13: 0a 0i bk14: 0a 0i bk15: 0a 0i 

------------------------------------------------------------------------

Row_Buffer_Locality = -nan
Row_Buffer_Locality_read = -nan
Row_Buffer_Locality_write = -nan
Bank_Level_Parallism = -nan
Bank_Level_Parallism_Col = -nan
Bank_Level_Parallism_Ready = -nan
write_to_read_ratio_blp_rw_average = -nan
GrpLevelPara = -nan 

BW Util details:
bwutil = -nan 
total_CMD = 0 
util_bw = 0 
Wasted_Col = 0 
Wasted_Row = 0 
Idle = 0 

BW Util Bottlenecks: 
RCDc_limit = 0 
RCDWRc_limit = 0 
WTRc_limit = 0 
RTWc_limit = 0 
CCDLc_limit = 0 
rwq = 0 
CCDLc_limit_alone = 0 
WTRc_limit_alone = 0 
RTWc_limit_alone = 0 

Commands details: 
total_CMD = 0 
n_nop = 0 
Read = 0 
Write = 0 
L2_Alloc = 0 
L2_WB = 0 
n_act = 0 
n_pre = 0 
n_ref = 0 
n_req = 0 
total_req = 0 

Dual Bus Interface Util: 
issued_total_row = 0 
issued_total_col = 0 
Row_Bus_Util =  -nan 
CoL_Bus_Util = -nan 
Either_Row_CoL_Bus_Util = -nan 
Issued_on_Two_Bus_Simul_Util = -nan 
issued_two_Eff = -nan 
queue_avg = -nan 


dram_util_bins: 0 0 0 0 0 0 0 0 0 0
dram_eff_bins: 0 0 0 0 0 0 0 0 0 0
mrqq: max=0 avg=-nan
Memory Partition 17: 
Cache L2_bank_034:
MSHR contents

Cache L2_bank_035:
MSHR contents

In Dram Latency Queue (total = 0): 
DRAM[17]: 16 bks, busW=8 BL=4 CL=19, tRRD=6 tCCD=1, tRCD=19 tRAS=45 tRP=19 tRC=50
n_cmd=0 n_nop=0 n_act=0 n_pre=0 n_ref_event=0 n_req=0 n_rd=0 n_rd_L2_A=0 n_write=0 n_wr_bk=0 bw_util=-nan
n_activity=0 dram_eff=-nan
bk0: 0a 0i bk1: 0a 0i bk2: 0a 0i bk3: 0a 0i bk4: 0a 0i bk5: 0a 0i bk6: 0a 0i bk7: 0a 0i bk8: 0a 0i bk9: 0a 0i bk10: 0a 0i bk11: 0a 0i bk12: 0a 0i bk13: 0a 0i bk14: 0a 0i bk15: 0a 0i 

------------------------------------------------------------------------

Row_Buffer_Locality = -nan
Row_Buffer_Locality_read = -nan
Row_Buffer_Locality_write = -nan
Bank_Level_Parallism = -nan
Bank_Level_Parallism_Col = -nan
Bank_Level_Parallism_Ready = -nan
write_to_read_ratio_blp_rw_average = -nan
GrpLevelPara = -nan 

BW Util details:
bwutil = -nan 
total_CMD = 0 
util_bw = 0 
Wasted_Col = 0 
Wasted_Row = 0 
Idle = 0 

BW Util Bottlenecks: 
RCDc_limit = 0 
RCDWRc_limit = 0 
WTRc_limit = 0 
RTWc_limit = 0 
CCDLc_limit = 0 
rwq = 0 
CCDLc_limit_alone = 0 
WTRc_limit_alone = 0 
RTWc_limit_alone = 0 

Commands details: 
total_CMD = 0 
n_nop = 0 
Read = 0 
Write = 0 
L2_Alloc = 0 
L2_WB = 0 
n_act = 0 
n_pre = 0 
n_ref = 0 
n_req = 0 
total_req = 0 

Dual Bus Interface Util: 
issued_total_row = 0 
issued_total_col = 0 
Row_Bus_Util =  -nan 
CoL_Bus_Util = -nan 
Either_Row_CoL_Bus_Util = -nan 
Issued_on_Two_Bus_Simul_Util = -nan 
issued_two_Eff = -nan 
queue_avg = -nan 


dram_util_bins: 0 0 0 0 0 0 0 0 0 0
dram_eff_bins: 0 0 0 0 0 0 0 0 0 0
mrqq: max=0 avg=-nan
Memory Partition 18: 
Cache L2_bank_036:
MSHR contents

Cache L2_bank_037:
MSHR contents

In Dram Latency Queue (total = 0): 
DRAM[18]: 16 bks, busW=8 BL=4 CL=19, tRRD=6 tCCD=1, tRCD=19 tRAS=45 tRP=19 tRC=50
n_cmd=0 n_nop=0 n_act=0 n_pre=0 n_ref_event=0 n_req=0 n_rd=0 n_rd_L2_A=0 n_write=0 n_wr_bk=0 bw_util=-nan
n_activity=0 dram_eff=-nan
bk0: 0a 0i bk1: 0a 0i bk2: 0a 0i bk3: 0a 0i bk4: 0a 0i bk5: 0a 0i bk6: 0a 0i bk7: 0a 0i bk8: 0a 0i bk9: 0a 0i bk10: 0a 0i bk11: 0a 0i bk12: 0a 0i bk13: 0a 0i bk14: 0a 0i bk15: 0a 0i 

------------------------------------------------------------------------

Row_Buffer_Locality = -nan
Row_Buffer_Locality_read = -nan
Row_Buffer_Locality_write = -nan
Bank_Level_Parallism = -nan
Bank_Level_Parallism_Col = -nan
Bank_Level_Parallism_Ready = -nan
write_to_read_ratio_blp_rw_average = -nan
GrpLevelPara = -nan 

BW Util details:
bwutil = -nan 
total_CMD = 0 
util_bw = 0 
Wasted_Col = 0 
Wasted_Row = 0 
Idle = 0 

BW Util Bottlenecks: 
RCDc_limit = 0 
RCDWRc_limit = 0 
WTRc_limit = 0 
RTWc_limit = 0 
CCDLc_limit = 0 
rwq = 0 
CCDLc_limit_alone = 0 
WTRc_limit_alone = 0 
RTWc_limit_alone = 0 

Commands details: 
total_CMD = 0 
n_nop = 0 
Read = 0 
Write = 0 
L2_Alloc = 0 
L2_WB = 0 
n_act = 0 
n_pre = 0 
n_ref = 0 
n_req = 0 
total_req = 0 

Dual Bus Interface Util: 
issued_total_row = 0 
issued_total_col = 0 
Row_Bus_Util =  -nan 
CoL_Bus_Util = -nan 
Either_Row_CoL_Bus_Util = -nan 
Issued_on_Two_Bus_Simul_Util = -nan 
issued_two_Eff = -nan 
queue_avg = -nan 


dram_util_bins: 0 0 0 0 0 0 0 0 0 0
dram_eff_bins: 0 0 0 0 0 0 0 0 0 0
mrqq: max=0 avg=-nan
Memory Partition 19: 
Cache L2_bank_038:
MSHR contents

Cache L2_bank_039:
MSHR contents

In Dram Latency Queue (total = 0): 
DRAM[19]: 16 bks, busW=8 BL=4 CL=19, tRRD=6 tCCD=1, tRCD=19 tRAS=45 tRP=19 tRC=50
n_cmd=0 n_nop=0 n_act=0 n_pre=0 n_ref_event=0 n_req=0 n_rd=0 n_rd_L2_A=0 n_write=0 n_wr_bk=0 bw_util=-nan
n_activity=0 dram_eff=-nan
bk0: 0a 0i bk1: 0a 0i bk2: 0a 0i bk3: 0a 0i bk4: 0a 0i bk5: 0a 0i bk6: 0a 0i bk7: 0a 0i bk8: 0a 0i bk9: 0a 0i bk10: 0a 0i bk11: 0a 0i bk12: 0a 0i bk13: 0a 0i bk14: 0a 0i bk15: 0a 0i 

------------------------------------------------------------------------

Row_Buffer_Locality = -nan
Row_Buffer_Locality_read = -nan
Row_Buffer_Locality_write = -nan
Bank_Level_Parallism = -nan
Bank_Level_Parallism_Col = -nan
Bank_Level_Parallism_Ready = -nan
write_to_read_ratio_blp_rw_average = -nan
GrpLevelPara = -nan 

BW Util details:
bwutil = -nan 
total_CMD = 0 
util_bw = 0 
Wasted_Col = 0 
Wasted_Row = 0 
Idle = 0 

BW Util Bottlenecks: 
RCDc_limit = 0 
RCDWRc_limit = 0 
WTRc_limit = 0 
RTWc_limit = 0 
CCDLc_limit = 0 
rwq = 0 
CCDLc_limit_alone = 0 
WTRc_limit_alone = 0 
RTWc_limit_alone = 0 

Commands details: 
total_CMD = 0 
n_nop = 0 
Read = 0 
Write = 0 
L2_Alloc = 0 
L2_WB = 0 
n_act = 0 
n_pre = 0 
n_ref = 0 
n_req = 0 
total_req = 0 

Dual Bus Interface Util: 
issued_total_row = 0 
issued_total_col = 0 
Row_Bus_Util =  -nan 
CoL_Bus_Util = -nan 
Either_Row_CoL_Bus_Util = -nan 
Issued_on_Two_Bus_Simul_Util = -nan 
issued_two_Eff = -nan 
queue_avg = -nan 


dram_util_bins: 0 0 0 0 0 0 0 0 0 0
dram_eff_bins: 0 0 0 0 0 0 0 0 0 0
mrqq: max=0 avg=-nan
Memory Partition 20: 
Cache L2_bank_040:
MSHR contents

Cache L2_bank_041:
MSHR contents

In Dram Latency Queue (total = 0): 
DRAM[20]: 16 bks, busW=8 BL=4 CL=19, tRRD=6 tCCD=1, tRCD=19 tRAS=45 tRP=19 tRC=50
n_cmd=0 n_nop=0 n_act=0 n_pre=0 n_ref_event=0 n_req=0 n_rd=0 n_rd_L2_A=0 n_write=0 n_wr_bk=0 bw_util=-nan
n_activity=0 dram_eff=-nan
bk0: 0a 0i bk1: 0a 0i bk2: 0a 0i bk3: 0a 0i bk4: 0a 0i bk5: 0a 0i bk6: 0a 0i bk7: 0a 0i bk8: 0a 0i bk9: 0a 0i bk10: 0a 0i bk11: 0a 0i bk12: 0a 0i bk13: 0a 0i bk14: 0a 0i bk15: 0a 0i 

------------------------------------------------------------------------

Row_Buffer_Locality = -nan
Row_Buffer_Locality_read = -nan
Row_Buffer_Locality_write = -nan
Bank_Level_Parallism = -nan
Bank_Level_Parallism_Col = -nan
Bank_Level_Parallism_Ready = -nan
write_to_read_ratio_blp_rw_average = -nan
GrpLevelPara = -nan 

BW Util details:
bwutil = -nan 
total_CMD = 0 
util_bw = 0 
Wasted_Col = 0 
Wasted_Row = 0 
Idle = 0 

BW Util Bottlenecks: 
RCDc_limit = 0 
RCDWRc_limit = 0 
WTRc_limit = 0 
RTWc_limit = 0 
CCDLc_limit = 0 
rwq = 0 
CCDLc_limit_alone = 0 
WTRc_limit_alone = 0 
RTWc_limit_alone = 0 

Commands details: 
total_CMD = 0 
n_nop = 0 
Read = 0 
Write = 0 
L2_Alloc = 0 
L2_WB = 0 
n_act = 0 
n_pre = 0 
n_ref = 0 
n_req = 0 
total_req = 0 

Dual Bus Interface Util: 
issued_total_row = 0 
issued_total_col = 0 
Row_Bus_Util =  -nan 
CoL_Bus_Util = -nan 
Either_Row_CoL_Bus_Util = -nan 
Issued_on_Two_Bus_Simul_Util = -nan 
issued_two_Eff = -nan 
queue_avg = -nan 


dram_util_bins: 0 0 0 0 0 0 0 0 0 0
dram_eff_bins: 0 0 0 0 0 0 0 0 0 0
mrqq: max=0 avg=-nan
Memory Partition 21: 
Cache L2_bank_042:
MSHR contents

Cache L2_bank_043:
MSHR contents

In Dram Latency Queue (total = 0): 
DRAM[21]: 16 bks, busW=8 BL=4 CL=19, tRRD=6 tCCD=1, tRCD=19 tRAS=45 tRP=19 tRC=50
n_cmd=0 n_nop=0 n_act=0 n_pre=0 n_ref_event=0 n_req=0 n_rd=0 n_rd_L2_A=0 n_write=0 n_wr_bk=0 bw_util=-nan
n_activity=0 dram_eff=-nan
bk0: 0a 0i bk1: 0a 0i bk2: 0a 0i bk3: 0a 0i bk4: 0a 0i bk5: 0a 0i bk6: 0a 0i bk7: 0a 0i bk8: 0a 0i bk9: 0a 0i bk10: 0a 0i bk11: 0a 0i bk12: 0a 0i bk13: 0a 0i bk14: 0a 0i bk15: 0a 0i 

------------------------------------------------------------------------

Row_Buffer_Locality = -nan
Row_Buffer_Locality_read = -nan
Row_Buffer_Locality_write = -nan
Bank_Level_Parallism = -nan
Bank_Level_Parallism_Col = -nan
Bank_Level_Parallism_Ready = -nan
write_to_read_ratio_blp_rw_average = -nan
GrpLevelPara = -nan 

BW Util details:
bwutil = -nan 
total_CMD = 0 
util_bw = 0 
Wasted_Col = 0 
Wasted_Row = 0 
Idle = 0 

BW Util Bottlenecks: 
RCDc_limit = 0 
RCDWRc_limit = 0 
WTRc_limit = 0 
RTWc_limit = 0 
CCDLc_limit = 0 
rwq = 0 
CCDLc_limit_alone = 0 
WTRc_limit_alone = 0 
RTWc_limit_alone = 0 

Commands details: 
total_CMD = 0 
n_nop = 0 
Read = 0 
Write = 0 
L2_Alloc = 0 
L2_WB = 0 
n_act = 0 
n_pre = 0 
n_ref = 0 
n_req = 0 
total_req = 0 

Dual Bus Interface Util: 
issued_total_row = 0 
issued_total_col = 0 
Row_Bus_Util =  -nan 
CoL_Bus_Util = -nan 
Either_Row_CoL_Bus_Util = -nan 
Issued_on_Two_Bus_Simul_Util = -nan 
issued_two_Eff = -nan 
queue_avg = -nan 


dram_util_bins: 0 0 0 0 0 0 0 0 0 0
dram_eff_bins: 0 0 0 0 0 0 0 0 0 0
mrqq: max=0 avg=-nan
Memory Partition 22: 
Cache L2_bank_044:
MSHR contents

Cache L2_bank_045:
MSHR contents

In Dram Latency Queue (total = 0): 
DRAM[22]: 16 bks, busW=8 BL=4 CL=19, tRRD=6 tCCD=1, tRCD=19 tRAS=45 tRP=19 tRC=50
n_cmd=0 n_nop=0 n_act=0 n_pre=0 n_ref_event=0 n_req=0 n_rd=0 n_rd_L2_A=0 n_write=0 n_wr_bk=0 bw_util=-nan
n_activity=0 dram_eff=-nan
bk0: 0a 0i bk1: 0a 0i bk2: 0a 0i bk3: 0a 0i bk4: 0a 0i bk5: 0a 0i bk6: 0a 0i bk7: 0a 0i bk8: 0a 0i bk9: 0a 0i bk10: 0a 0i bk11: 0a 0i bk12: 0a 0i bk13: 0a 0i bk14: 0a 0i bk15: 0a 0i 

------------------------------------------------------------------------

Row_Buffer_Locality = -nan
Row_Buffer_Locality_read = -nan
Row_Buffer_Locality_write = -nan
Bank_Level_Parallism = -nan
Bank_Level_Parallism_Col = -nan
Bank_Level_Parallism_Ready = -nan
write_to_read_ratio_blp_rw_average = -nan
GrpLevelPara = -nan 

BW Util details:
bwutil = -nan 
total_CMD = 0 
util_bw = 0 
Wasted_Col = 0 
Wasted_Row = 0 
Idle = 0 

BW Util Bottlenecks: 
RCDc_limit = 0 
RCDWRc_limit = 0 
WTRc_limit = 0 
RTWc_limit = 0 
CCDLc_limit = 0 
rwq = 0 
CCDLc_limit_alone = 0 
WTRc_limit_alone = 0 
RTWc_limit_alone = 0 

Commands details: 
total_CMD = 0 
n_nop = 0 
Read = 0 
Write = 0 
L2_Alloc = 0 
L2_WB = 0 
n_act = 0 
n_pre = 0 
n_ref = 0 
n_req = 0 
total_req = 0 

Dual Bus Interface Util: 
issued_total_row = 0 
issued_total_col = 0 
Row_Bus_Util =  -nan 
CoL_Bus_Util = -nan 
Either_Row_CoL_Bus_Util = -nan 
Issued_on_Two_Bus_Simul_Util = -nan 
issued_two_Eff = -nan 
queue_avg = -nan 


dram_util_bins: 0 0 0 0 0 0 0 0 0 0
dram_eff_bins: 0 0 0 0 0 0 0 0 0 0
mrqq: max=0 avg=-nan
Memory Partition 23: 
Cache L2_bank_046:
MSHR contents

Cache L2_bank_047:
MSHR contents

In Dram Latency Queue (total = 0): 
DRAM[23]: 16 bks, busW=8 BL=4 CL=19, tRRD=6 tCCD=1, tRCD=19 tRAS=45 tRP=19 tRC=50
n_cmd=0 n_nop=0 n_act=0 n_pre=0 n_ref_event=0 n_req=0 n_rd=0 n_rd_L2_A=0 n_write=0 n_wr_bk=0 bw_util=-nan
n_activity=0 dram_eff=-nan
bk0: 0a 0i bk1: 0a 0i bk2: 0a 0i bk3: 0a 0i bk4: 0a 0i bk5: 0a 0i bk6: 0a 0i bk7: 0a 0i bk8: 0a 0i bk9: 0a 0i bk10: 0a 0i bk11: 0a 0i bk12: 0a 0i bk13: 0a 0i bk14: 0a 0i bk15: 0a 0i 

------------------------------------------------------------------------

Row_Buffer_Locality = -nan
Row_Buffer_Locality_read = -nan
Row_Buffer_Locality_write = -nan
Bank_Level_Parallism = -nan
Bank_Level_Parallism_Col = -nan
Bank_Level_Parallism_Ready = -nan
write_to_read_ratio_blp_rw_average = -nan
GrpLevelPara = -nan 

BW Util details:
bwutil = -nan 
total_CMD = 0 
util_bw = 0 
Wasted_Col = 0 
Wasted_Row = 0 
Idle = 0 

BW Util Bottlenecks: 
RCDc_limit = 0 
RCDWRc_limit = 0 
WTRc_limit = 0 
RTWc_limit = 0 
CCDLc_limit = 0 
rwq = 0 
CCDLc_limit_alone = 0 
WTRc_limit_alone = 0 
RTWc_limit_alone = 0 

Commands details: 
total_CMD = 0 
n_nop = 0 
Read = 0 
Write = 0 
L2_Alloc = 0 
L2_WB = 0 
n_act = 0 
n_pre = 0 
n_ref = 0 
n_req = 0 
total_req = 0 

Dual Bus Interface Util: 
issued_total_row = 0 
issued_total_col = 0 
Row_Bus_Util =  -nan 
CoL_Bus_Util = -nan 
Either_Row_CoL_Bus_Util = -nan 
Issued_on_Two_Bus_Simul_Util = -nan 
issued_two_Eff = -nan 
queue_avg = -nan 


dram_util_bins: 0 0 0 0 0 0 0 0 0 0
dram_eff_bins: 0 0 0 0 0 0 0 0 0 0
mrqq: max=0 avg=-nan
Memory Partition 24: 
Cache L2_bank_048:
MSHR contents

Cache L2_bank_049:
MSHR contents

In Dram Latency Queue (total = 0): 
DRAM[24]: 16 bks, busW=8 BL=4 CL=19, tRRD=6 tCCD=1, tRCD=19 tRAS=45 tRP=19 tRC=50
n_cmd=0 n_nop=0 n_act=0 n_pre=0 n_ref_event=0 n_req=0 n_rd=0 n_rd_L2_A=0 n_write=0 n_wr_bk=0 bw_util=-nan
n_activity=0 dram_eff=-nan
bk0: 0a 0i bk1: 0a 0i bk2: 0a 0i bk3: 0a 0i bk4: 0a 0i bk5: 0a 0i bk6: 0a 0i bk7: 0a 0i bk8: 0a 0i bk9: 0a 0i bk10: 0a 0i bk11: 0a 0i bk12: 0a 0i bk13: 0a 0i bk14: 0a 0i bk15: 0a 0i 

------------------------------------------------------------------------

Row_Buffer_Locality = -nan
Row_Buffer_Locality_read = -nan
Row_Buffer_Locality_write = -nan
Bank_Level_Parallism = -nan
Bank_Level_Parallism_Col = -nan
Bank_Level_Parallism_Ready = -nan
write_to_read_ratio_blp_rw_average = -nan
GrpLevelPara = -nan 

BW Util details:
bwutil = -nan 
total_CMD = 0 
util_bw = 0 
Wasted_Col = 0 
Wasted_Row = 0 
Idle = 0 

BW Util Bottlenecks: 
RCDc_limit = 0 
RCDWRc_limit = 0 
WTRc_limit = 0 
RTWc_limit = 0 
CCDLc_limit = 0 
rwq = 0 
CCDLc_limit_alone = 0 
WTRc_limit_alone = 0 
RTWc_limit_alone = 0 

Commands details: 
total_CMD = 0 
n_nop = 0 
Read = 0 
Write = 0 
L2_Alloc = 0 
L2_WB = 0 
n_act = 0 
n_pre = 0 
n_ref = 0 
n_req = 0 
total_req = 0 

Dual Bus Interface Util: 
issued_total_row = 0 
issued_total_col = 0 
Row_Bus_Util =  -nan 
CoL_Bus_Util = -nan 
Either_Row_CoL_Bus_Util = -nan 
Issued_on_Two_Bus_Simul_Util = -nan 
issued_two_Eff = -nan 
queue_avg = -nan 


dram_util_bins: 0 0 0 0 0 0 0 0 0 0
dram_eff_bins: 0 0 0 0 0 0 0 0 0 0
mrqq: max=0 avg=-nan
Memory Partition 25: 
Cache L2_bank_050:
MSHR contents

Cache L2_bank_051:
MSHR contents

In Dram Latency Queue (total = 0): 
DRAM[25]: 16 bks, busW=8 BL=4 CL=19, tRRD=6 tCCD=1, tRCD=19 tRAS=45 tRP=19 tRC=50
n_cmd=0 n_nop=0 n_act=0 n_pre=0 n_ref_event=0 n_req=0 n_rd=0 n_rd_L2_A=0 n_write=0 n_wr_bk=0 bw_util=-nan
n_activity=0 dram_eff=-nan
bk0: 0a 0i bk1: 0a 0i bk2: 0a 0i bk3: 0a 0i bk4: 0a 0i bk5: 0a 0i bk6: 0a 0i bk7: 0a 0i bk8: 0a 0i bk9: 0a 0i bk10: 0a 0i bk11: 0a 0i bk12: 0a 0i bk13: 0a 0i bk14: 0a 0i bk15: 0a 0i 

------------------------------------------------------------------------

Row_Buffer_Locality = -nan
Row_Buffer_Locality_read = -nan
Row_Buffer_Locality_write = -nan
Bank_Level_Parallism = -nan
Bank_Level_Parallism_Col = -nan
Bank_Level_Parallism_Ready = -nan
write_to_read_ratio_blp_rw_average = -nan
GrpLevelPara = -nan 

BW Util details:
bwutil = -nan 
total_CMD = 0 
util_bw = 0 
Wasted_Col = 0 
Wasted_Row = 0 
Idle = 0 

BW Util Bottlenecks: 
RCDc_limit = 0 
RCDWRc_limit = 0 
WTRc_limit = 0 
RTWc_limit = 0 
CCDLc_limit = 0 
rwq = 0 
CCDLc_limit_alone = 0 
WTRc_limit_alone = 0 
RTWc_limit_alone = 0 

Commands details: 
total_CMD = 0 
n_nop = 0 
Read = 0 
Write = 0 
L2_Alloc = 0 
L2_WB = 0 
n_act = 0 
n_pre = 0 
n_ref = 0 
n_req = 0 
total_req = 0 

Dual Bus Interface Util: 
issued_total_row = 0 
issued_total_col = 0 
Row_Bus_Util =  -nan 
CoL_Bus_Util = -nan 
Either_Row_CoL_Bus_Util = -nan 
Issued_on_Two_Bus_Simul_Util = -nan 
issued_two_Eff = -nan 
queue_avg = -nan 


dram_util_bins: 0 0 0 0 0 0 0 0 0 0
dram_eff_bins: 0 0 0 0 0 0 0 0 0 0
mrqq: max=0 avg=-nan
Memory Partition 26: 
Cache L2_bank_052:
MSHR contents

Cache L2_bank_053:
MSHR contents

In Dram Latency Queue (total = 0): 
DRAM[26]: 16 bks, busW=8 BL=4 CL=19, tRRD=6 tCCD=1, tRCD=19 tRAS=45 tRP=19 tRC=50
n_cmd=0 n_nop=0 n_act=0 n_pre=0 n_ref_event=0 n_req=0 n_rd=0 n_rd_L2_A=0 n_write=0 n_wr_bk=0 bw_util=-nan
n_activity=0 dram_eff=-nan
bk0: 0a 0i bk1: 0a 0i bk2: 0a 0i bk3: 0a 0i bk4: 0a 0i bk5: 0a 0i bk6: 0a 0i bk7: 0a 0i bk8: 0a 0i bk9: 0a 0i bk10: 0a 0i bk11: 0a 0i bk12: 0a 0i bk13: 0a 0i bk14: 0a 0i bk15: 0a 0i 

------------------------------------------------------------------------

Row_Buffer_Locality = -nan
Row_Buffer_Locality_read = -nan
Row_Buffer_Locality_write = -nan
Bank_Level_Parallism = -nan
Bank_Level_Parallism_Col = -nan
Bank_Level_Parallism_Ready = -nan
write_to_read_ratio_blp_rw_average = -nan
GrpLevelPara = -nan 

BW Util details:
bwutil = -nan 
total_CMD = 0 
util_bw = 0 
Wasted_Col = 0 
Wasted_Row = 0 
Idle = 0 

BW Util Bottlenecks: 
RCDc_limit = 0 
RCDWRc_limit = 0 
WTRc_limit = 0 
RTWc_limit = 0 
CCDLc_limit = 0 
rwq = 0 
CCDLc_limit_alone = 0 
WTRc_limit_alone = 0 
RTWc_limit_alone = 0 

Commands details: 
total_CMD = 0 
n_nop = 0 
Read = 0 
Write = 0 
L2_Alloc = 0 
L2_WB = 0 
n_act = 0 
n_pre = 0 
n_ref = 0 
n_req = 0 
total_req = 0 

Dual Bus Interface Util: 
issued_total_row = 0 
issued_total_col = 0 
Row_Bus_Util =  -nan 
CoL_Bus_Util = -nan 
Either_Row_CoL_Bus_Util = -nan 
Issued_on_Two_Bus_Simul_Util = -nan 
issued_two_Eff = -nan 
queue_avg = -nan 


dram_util_bins: 0 0 0 0 0 0 0 0 0 0
dram_eff_bins: 0 0 0 0 0 0 0 0 0 0
mrqq: max=0 avg=-nan
Memory Partition 27: 
Cache L2_bank_054:
MSHR contents

Cache L2_bank_055:
MSHR contents

In Dram Latency Queue (total = 0): 
DRAM[27]: 16 bks, busW=8 BL=4 CL=19, tRRD=6 tCCD=1, tRCD=19 tRAS=45 tRP=19 tRC=50
n_cmd=0 n_nop=0 n_act=0 n_pre=0 n_ref_event=0 n_req=0 n_rd=0 n_rd_L2_A=0 n_write=0 n_wr_bk=0 bw_util=-nan
n_activity=0 dram_eff=-nan
bk0: 0a 0i bk1: 0a 0i bk2: 0a 0i bk3: 0a 0i bk4: 0a 0i bk5: 0a 0i bk6: 0a 0i bk7: 0a 0i bk8: 0a 0i bk9: 0a 0i bk10: 0a 0i bk11: 0a 0i bk12: 0a 0i bk13: 0a 0i bk14: 0a 0i bk15: 0a 0i 

------------------------------------------------------------------------

Row_Buffer_Locality = -nan
Row_Buffer_Locality_read = -nan
Row_Buffer_Locality_write = -nan
Bank_Level_Parallism = -nan
Bank_Level_Parallism_Col = -nan
Bank_Level_Parallism_Ready = -nan
write_to_read_ratio_blp_rw_average = -nan
GrpLevelPara = -nan 

BW Util details:
bwutil = -nan 
total_CMD = 0 
util_bw = 0 
Wasted_Col = 0 
Wasted_Row = 0 
Idle = 0 

BW Util Bottlenecks: 
RCDc_limit = 0 
RCDWRc_limit = 0 
WTRc_limit = 0 
RTWc_limit = 0 
CCDLc_limit = 0 
rwq = 0 
CCDLc_limit_alone = 0 
WTRc_limit_alone = 0 
RTWc_limit_alone = 0 

Commands details: 
total_CMD = 0 
n_nop = 0 
Read = 0 
Write = 0 
L2_Alloc = 0 
L2_WB = 0 
n_act = 0 
n_pre = 0 
n_ref = 0 
n_req = 0 
total_req = 0 

Dual Bus Interface Util: 
issued_total_row = 0 
issued_total_col = 0 
Row_Bus_Util =  -nan 
CoL_Bus_Util = -nan 
Either_Row_CoL_Bus_Util = -nan 
Issued_on_Two_Bus_Simul_Util = -nan 
issued_two_Eff = -nan 
queue_avg = -nan 


dram_util_bins: 0 0 0 0 0 0 0 0 0 0
dram_eff_bins: 0 0 0 0 0 0 0 0 0 0
mrqq: max=0 avg=-nan
Memory Partition 28: 
Cache L2_bank_056:
MSHR contents

Cache L2_bank_057:
MSHR contents

In Dram Latency Queue (total = 0): 
DRAM[28]: 16 bks, busW=8 BL=4 CL=19, tRRD=6 tCCD=1, tRCD=19 tRAS=45 tRP=19 tRC=50
n_cmd=0 n_nop=0 n_act=0 n_pre=0 n_ref_event=0 n_req=0 n_rd=0 n_rd_L2_A=0 n_write=0 n_wr_bk=0 bw_util=-nan
n_activity=0 dram_eff=-nan
bk0: 0a 0i bk1: 0a 0i bk2: 0a 0i bk3: 0a 0i bk4: 0a 0i bk5: 0a 0i bk6: 0a 0i bk7: 0a 0i bk8: 0a 0i bk9: 0a 0i bk10: 0a 0i bk11: 0a 0i bk12: 0a 0i bk13: 0a 0i bk14: 0a 0i bk15: 0a 0i 

------------------------------------------------------------------------

Row_Buffer_Locality = -nan
Row_Buffer_Locality_read = -nan
Row_Buffer_Locality_write = -nan
Bank_Level_Parallism = -nan
Bank_Level_Parallism_Col = -nan
Bank_Level_Parallism_Ready = -nan
write_to_read_ratio_blp_rw_average = -nan
GrpLevelPara = -nan 

BW Util details:
bwutil = -nan 
total_CMD = 0 
util_bw = 0 
Wasted_Col = 0 
Wasted_Row = 0 
Idle = 0 

BW Util Bottlenecks: 
RCDc_limit = 0 
RCDWRc_limit = 0 
WTRc_limit = 0 
RTWc_limit = 0 
CCDLc_limit = 0 
rwq = 0 
CCDLc_limit_alone = 0 
WTRc_limit_alone = 0 
RTWc_limit_alone = 0 

Commands details: 
total_CMD = 0 
n_nop = 0 
Read = 0 
Write = 0 
L2_Alloc = 0 
L2_WB = 0 
n_act = 0 
n_pre = 0 
n_ref = 0 
n_req = 0 
total_req = 0 

Dual Bus Interface Util: 
issued_total_row = 0 
issued_total_col = 0 
Row_Bus_Util =  -nan 
CoL_Bus_Util = -nan 
Either_Row_CoL_Bus_Util = -nan 
Issued_on_Two_Bus_Simul_Util = -nan 
issued_two_Eff = -nan 
queue_avg = -nan 


dram_util_bins: 0 0 0 0 0 0 0 0 0 0
dram_eff_bins: 0 0 0 0 0 0 0 0 0 0
mrqq: max=0 avg=-nan
Memory Partition 29: 
Cache L2_bank_058:
MSHR contents

Cache L2_bank_059:
MSHR contents

In Dram Latency Queue (total = 0): 
DRAM[29]: 16 bks, busW=8 BL=4 CL=19, tRRD=6 tCCD=1, tRCD=19 tRAS=45 tRP=19 tRC=50
n_cmd=0 n_nop=0 n_act=0 n_pre=0 n_ref_event=0 n_req=0 n_rd=0 n_rd_L2_A=0 n_write=0 n_wr_bk=0 bw_util=-nan
n_activity=0 dram_eff=-nan
bk0: 0a 0i bk1: 0a 0i bk2: 0a 0i bk3: 0a 0i bk4: 0a 0i bk5: 0a 0i bk6: 0a 0i bk7: 0a 0i bk8: 0a 0i bk9: 0a 0i bk10: 0a 0i bk11: 0a 0i bk12: 0a 0i bk13: 0a 0i bk14: 0a 0i bk15: 0a 0i 

------------------------------------------------------------------------

Row_Buffer_Locality = -nan
Row_Buffer_Locality_read = -nan
Row_Buffer_Locality_write = -nan
Bank_Level_Parallism = -nan
Bank_Level_Parallism_Col = -nan
Bank_Level_Parallism_Ready = -nan
write_to_read_ratio_blp_rw_average = -nan
GrpLevelPara = -nan 

BW Util details:
bwutil = -nan 
total_CMD = 0 
util_bw = 0 
Wasted_Col = 0 
Wasted_Row = 0 
Idle = 0 

BW Util Bottlenecks: 
RCDc_limit = 0 
RCDWRc_limit = 0 
WTRc_limit = 0 
RTWc_limit = 0 
CCDLc_limit = 0 
rwq = 0 
CCDLc_limit_alone = 0 
WTRc_limit_alone = 0 
RTWc_limit_alone = 0 

Commands details: 
total_CMD = 0 
n_nop = 0 
Read = 0 
Write = 0 
L2_Alloc = 0 
L2_WB = 0 
n_act = 0 
n_pre = 0 
n_ref = 0 
n_req = 0 
total_req = 0 

Dual Bus Interface Util: 
issued_total_row = 0 
issued_total_col = 0 
Row_Bus_Util =  -nan 
CoL_Bus_Util = -nan 
Either_Row_CoL_Bus_Util = -nan 
Issued_on_Two_Bus_Simul_Util = -nan 
issued_two_Eff = -nan 
queue_avg = -nan 


dram_util_bins: 0 0 0 0 0 0 0 0 0 0
dram_eff_bins: 0 0 0 0 0 0 0 0 0 0
mrqq: max=0 avg=-nan
Memory Partition 30: 
Cache L2_bank_060:
MSHR contents

Cache L2_bank_061:
MSHR contents

In Dram Latency Queue (total = 0): 
DRAM[30]: 16 bks, busW=8 BL=4 CL=19, tRRD=6 tCCD=1, tRCD=19 tRAS=45 tRP=19 tRC=50
n_cmd=0 n_nop=0 n_act=0 n_pre=0 n_ref_event=0 n_req=0 n_rd=0 n_rd_L2_A=0 n_write=0 n_wr_bk=0 bw_util=-nan
n_activity=0 dram_eff=-nan
bk0: 0a 0i bk1: 0a 0i bk2: 0a 0i bk3: 0a 0i bk4: 0a 0i bk5: 0a 0i bk6: 0a 0i bk7: 0a 0i bk8: 0a 0i bk9: 0a 0i bk10: 0a 0i bk11: 0a 0i bk12: 0a 0i bk13: 0a 0i bk14: 0a 0i bk15: 0a 0i 

------------------------------------------------------------------------

Row_Buffer_Locality = -nan
Row_Buffer_Locality_read = -nan
Row_Buffer_Locality_write = -nan
Bank_Level_Parallism = -nan
Bank_Level_Parallism_Col = -nan
Bank_Level_Parallism_Ready = -nan
write_to_read_ratio_blp_rw_average = -nan
GrpLevelPara = -nan 

BW Util details:
bwutil = -nan 
total_CMD = 0 
util_bw = 0 
Wasted_Col = 0 
Wasted_Row = 0 
Idle = 0 

BW Util Bottlenecks: 
RCDc_limit = 0 
RCDWRc_limit = 0 
WTRc_limit = 0 
RTWc_limit = 0 
CCDLc_limit = 0 
rwq = 0 
CCDLc_limit_alone = 0 
WTRc_limit_alone = 0 
RTWc_limit_alone = 0 

Commands details: 
total_CMD = 0 
n_nop = 0 
Read = 0 
Write = 0 
L2_Alloc = 0 
L2_WB = 0 
n_act = 0 
n_pre = 0 
n_ref = 0 
n_req = 0 
total_req = 0 

Dual Bus Interface Util: 
issued_total_row = 0 
issued_total_col = 0 
Row_Bus_Util =  -nan 
CoL_Bus_Util = -nan 
Either_Row_CoL_Bus_Util = -nan 
Issued_on_Two_Bus_Simul_Util = -nan 
issued_two_Eff = -nan 
queue_avg = -nan 


dram_util_bins: 0 0 0 0 0 0 0 0 0 0
dram_eff_bins: 0 0 0 0 0 0 0 0 0 0
mrqq: max=0 avg=-nan
Memory Partition 31: 
Cache L2_bank_062:
MSHR contents

Cache L2_bank_063:
MSHR contents

In Dram Latency Queue (total = 0): 
DRAM[31]: 16 bks, busW=8 BL=4 CL=19, tRRD=6 tCCD=1, tRCD=19 tRAS=45 tRP=19 tRC=50
n_cmd=0 n_nop=0 n_act=0 n_pre=0 n_ref_event=0 n_req=0 n_rd=0 n_rd_L2_A=0 n_write=0 n_wr_bk=0 bw_util=-nan
n_activity=0 dram_eff=-nan
bk0: 0a 0i bk1: 0a 0i bk2: 0a 0i bk3: 0a 0i bk4: 0a 0i bk5: 0a 0i bk6: 0a 0i bk7: 0a 0i bk8: 0a 0i bk9: 0a 0i bk10: 0a 0i bk11: 0a 0i bk12: 0a 0i bk13: 0a 0i bk14: 0a 0i bk15: 0a 0i 

------------------------------------------------------------------------

Row_Buffer_Locality = -nan
Row_Buffer_Locality_read = -nan
Row_Buffer_Locality_write = -nan
Bank_Level_Parallism = -nan
Bank_Level_Parallism_Col = -nan
Bank_Level_Parallism_Ready = -nan
write_to_read_ratio_blp_rw_average = -nan
GrpLevelPara = -nan 

BW Util details:
bwutil = -nan 
total_CMD = 0 
util_bw = 0 
Wasted_Col = 0 
Wasted_Row = 0 
Idle = 0 

BW Util Bottlenecks: 
RCDc_limit = 0 
RCDWRc_limit = 0 
WTRc_limit = 0 
RTWc_limit = 0 
CCDLc_limit = 0 
rwq = 0 
CCDLc_limit_alone = 0 
WTRc_limit_alone = 0 
RTWc_limit_alone = 0 

Commands details: 
total_CMD = 0 
n_nop = 0 
Read = 0 
Write = 0 
L2_Alloc = 0 
L2_WB = 0 
n_act = 0 
n_pre = 0 
n_ref = 0 
n_req = 0 
total_req = 0 

Dual Bus Interface Util: 
issued_total_row = 0 
issued_total_col = 0 
Row_Bus_Util =  -nan 
CoL_Bus_Util = -nan 
Either_Row_CoL_Bus_Util = -nan 
Issued_on_Two_Bus_Simul_Util = -nan 
issued_two_Eff = -nan 
queue_avg = -nan 


dram_util_bins: 0 0 0 0 0 0 0 0 0 0
dram_eff_bins: 0 0 0 0 0 0 0 0 0 0
mrqq: max=0 avg=-nan
Memory Partition 32: 
Cache L2_bank_064:
MSHR contents

Cache L2_bank_065:
MSHR contents

In Dram Latency Queue (total = 0): 
DRAM[32]: 16 bks, busW=8 BL=4 CL=19, tRRD=6 tCCD=1, tRCD=19 tRAS=45 tRP=19 tRC=50
n_cmd=0 n_nop=0 n_act=0 n_pre=0 n_ref_event=0 n_req=0 n_rd=0 n_rd_L2_A=0 n_write=0 n_wr_bk=0 bw_util=-nan
n_activity=0 dram_eff=-nan
bk0: 0a 0i bk1: 0a 0i bk2: 0a 0i bk3: 0a 0i bk4: 0a 0i bk5: 0a 0i bk6: 0a 0i bk7: 0a 0i bk8: 0a 0i bk9: 0a 0i bk10: 0a 0i bk11: 0a 0i bk12: 0a 0i bk13: 0a 0i bk14: 0a 0i bk15: 0a 0i 

------------------------------------------------------------------------

Row_Buffer_Locality = -nan
Row_Buffer_Locality_read = -nan
Row_Buffer_Locality_write = -nan
Bank_Level_Parallism = -nan
Bank_Level_Parallism_Col = -nan
Bank_Level_Parallism_Ready = -nan
write_to_read_ratio_blp_rw_average = -nan
GrpLevelPara = -nan 

BW Util details:
bwutil = -nan 
total_CMD = 0 
util_bw = 0 
Wasted_Col = 0 
Wasted_Row = 0 
Idle = 0 

BW Util Bottlenecks: 
RCDc_limit = 0 
RCDWRc_limit = 0 
WTRc_limit = 0 
RTWc_limit = 0 
CCDLc_limit = 0 
rwq = 0 
CCDLc_limit_alone = 0 
WTRc_limit_alone = 0 
RTWc_limit_alone = 0 

Commands details: 
total_CMD = 0 
n_nop = 0 
Read = 0 
Write = 0 
L2_Alloc = 0 
L2_WB = 0 
n_act = 0 
n_pre = 0 
n_ref = 0 
n_req = 0 
total_req = 0 

Dual Bus Interface Util: 
issued_total_row = 0 
issued_total_col = 0 
Row_Bus_Util =  -nan 
CoL_Bus_Util = -nan 
Either_Row_CoL_Bus_Util = -nan 
Issued_on_Two_Bus_Simul_Util = -nan 
issued_two_Eff = -nan 
queue_avg = -nan 


dram_util_bins: 0 0 0 0 0 0 0 0 0 0
dram_eff_bins: 0 0 0 0 0 0 0 0 0 0
mrqq: max=0 avg=-nan
Memory Partition 33: 
Cache L2_bank_066:
MSHR contents

Cache L2_bank_067:
MSHR contents

In Dram Latency Queue (total = 0): 
DRAM[33]: 16 bks, busW=8 BL=4 CL=19, tRRD=6 tCCD=1, tRCD=19 tRAS=45 tRP=19 tRC=50
n_cmd=0 n_nop=0 n_act=0 n_pre=0 n_ref_event=0 n_req=0 n_rd=0 n_rd_L2_A=0 n_write=0 n_wr_bk=0 bw_util=-nan
n_activity=0 dram_eff=-nan
bk0: 0a 0i bk1: 0a 0i bk2: 0a 0i bk3: 0a 0i bk4: 0a 0i bk5: 0a 0i bk6: 0a 0i bk7: 0a 0i bk8: 0a 0i bk9: 0a 0i bk10: 0a 0i bk11: 0a 0i bk12: 0a 0i bk13: 0a 0i bk14: 0a 0i bk15: 0a 0i 

------------------------------------------------------------------------

Row_Buffer_Locality = -nan
Row_Buffer_Locality_read = -nan
Row_Buffer_Locality_write = -nan
Bank_Level_Parallism = -nan
Bank_Level_Parallism_Col = -nan
Bank_Level_Parallism_Ready = -nan
write_to_read_ratio_blp_rw_average = -nan
GrpLevelPara = -nan 

BW Util details:
bwutil = -nan 
total_CMD = 0 
util_bw = 0 
Wasted_Col = 0 
Wasted_Row = 0 
Idle = 0 

BW Util Bottlenecks: 
RCDc_limit = 0 
RCDWRc_limit = 0 
WTRc_limit = 0 
RTWc_limit = 0 
CCDLc_limit = 0 
rwq = 0 
CCDLc_limit_alone = 0 
WTRc_limit_alone = 0 
RTWc_limit_alone = 0 

Commands details: 
total_CMD = 0 
n_nop = 0 
Read = 0 
Write = 0 
L2_Alloc = 0 
L2_WB = 0 
n_act = 0 
n_pre = 0 
n_ref = 0 
n_req = 0 
total_req = 0 

Dual Bus Interface Util: 
issued_total_row = 0 
issued_total_col = 0 
Row_Bus_Util =  -nan 
CoL_Bus_Util = -nan 
Either_Row_CoL_Bus_Util = -nan 
Issued_on_Two_Bus_Simul_Util = -nan 
issued_two_Eff = -nan 
queue_avg = -nan 


dram_util_bins: 0 0 0 0 0 0 0 0 0 0
dram_eff_bins: 0 0 0 0 0 0 0 0 0 0
mrqq: max=0 avg=-nan
Memory Partition 34: 
Cache L2_bank_068:
MSHR contents

Cache L2_bank_069:
MSHR contents

In Dram Latency Queue (total = 0): 
DRAM[34]: 16 bks, busW=8 BL=4 CL=19, tRRD=6 tCCD=1, tRCD=19 tRAS=45 tRP=19 tRC=50
n_cmd=0 n_nop=0 n_act=0 n_pre=0 n_ref_event=0 n_req=0 n_rd=0 n_rd_L2_A=0 n_write=0 n_wr_bk=0 bw_util=-nan
n_activity=0 dram_eff=-nan
bk0: 0a 0i bk1: 0a 0i bk2: 0a 0i bk3: 0a 0i bk4: 0a 0i bk5: 0a 0i bk6: 0a 0i bk7: 0a 0i bk8: 0a 0i bk9: 0a 0i bk10: 0a 0i bk11: 0a 0i bk12: 0a 0i bk13: 0a 0i bk14: 0a 0i bk15: 0a 0i 

------------------------------------------------------------------------

Row_Buffer_Locality = -nan
Row_Buffer_Locality_read = -nan
Row_Buffer_Locality_write = -nan
Bank_Level_Parallism = -nan
Bank_Level_Parallism_Col = -nan
Bank_Level_Parallism_Ready = -nan
write_to_read_ratio_blp_rw_average = -nan
GrpLevelPara = -nan 

BW Util details:
bwutil = -nan 
total_CMD = 0 
util_bw = 0 
Wasted_Col = 0 
Wasted_Row = 0 
Idle = 0 

BW Util Bottlenecks: 
RCDc_limit = 0 
RCDWRc_limit = 0 
WTRc_limit = 0 
RTWc_limit = 0 
CCDLc_limit = 0 
rwq = 0 
CCDLc_limit_alone = 0 
WTRc_limit_alone = 0 
RTWc_limit_alone = 0 

Commands details: 
total_CMD = 0 
n_nop = 0 
Read = 0 
Write = 0 
L2_Alloc = 0 
L2_WB = 0 
n_act = 0 
n_pre = 0 
n_ref = 0 
n_req = 0 
total_req = 0 

Dual Bus Interface Util: 
issued_total_row = 0 
issued_total_col = 0 
Row_Bus_Util =  -nan 
CoL_Bus_Util = -nan 
Either_Row_CoL_Bus_Util = -nan 
Issued_on_Two_Bus_Simul_Util = -nan 
issued_two_Eff = -nan 
queue_avg = -nan 


dram_util_bins: 0 0 0 0 0 0 0 0 0 0
dram_eff_bins: 0 0 0 0 0 0 0 0 0 0
mrqq: max=0 avg=-nan
Memory Partition 35: 
Cache L2_bank_070:
MSHR contents

Cache L2_bank_071:
MSHR contents

In Dram Latency Queue (total = 0): 
DRAM[35]: 16 bks, busW=8 BL=4 CL=19, tRRD=6 tCCD=1, tRCD=19 tRAS=45 tRP=19 tRC=50
n_cmd=0 n_nop=0 n_act=0 n_pre=0 n_ref_event=0 n_req=0 n_rd=0 n_rd_L2_A=0 n_write=0 n_wr_bk=0 bw_util=-nan
n_activity=0 dram_eff=-nan
bk0: 0a 0i bk1: 0a 0i bk2: 0a 0i bk3: 0a 0i bk4: 0a 0i bk5: 0a 0i bk6: 0a 0i bk7: 0a 0i bk8: 0a 0i bk9: 0a 0i bk10: 0a 0i bk11: 0a 0i bk12: 0a 0i bk13: 0a 0i bk14: 0a 0i bk15: 0a 0i 

------------------------------------------------------------------------

Row_Buffer_Locality = -nan
Row_Buffer_Locality_read = -nan
Row_Buffer_Locality_write = -nan
Bank_Level_Parallism = -nan
Bank_Level_Parallism_Col = -nan
Bank_Level_Parallism_Ready = -nan
write_to_read_ratio_blp_rw_average = -nan
GrpLevelPara = -nan 

BW Util details:
bwutil = -nan 
total_CMD = 0 
util_bw = 0 
Wasted_Col = 0 
Wasted_Row = 0 
Idle = 0 

BW Util Bottlenecks: 
RCDc_limit = 0 
RCDWRc_limit = 0 
WTRc_limit = 0 
RTWc_limit = 0 
CCDLc_limit = 0 
rwq = 0 
CCDLc_limit_alone = 0 
WTRc_limit_alone = 0 
RTWc_limit_alone = 0 

Commands details: 
total_CMD = 0 
n_nop = 0 
Read = 0 
Write = 0 
L2_Alloc = 0 
L2_WB = 0 
n_act = 0 
n_pre = 0 
n_ref = 0 
n_req = 0 
total_req = 0 

Dual Bus Interface Util: 
issued_total_row = 0 
issued_total_col = 0 
Row_Bus_Util =  -nan 
CoL_Bus_Util = -nan 
Either_Row_CoL_Bus_Util = -nan 
Issued_on_Two_Bus_Simul_Util = -nan 
issued_two_Eff = -nan 
queue_avg = -nan 


dram_util_bins: 0 0 0 0 0 0 0 0 0 0
dram_eff_bins: 0 0 0 0 0 0 0 0 0 0
mrqq: max=0 avg=-nan
Memory Partition 36: 
Cache L2_bank_072:
MSHR contents

Cache L2_bank_073:
MSHR contents

In Dram Latency Queue (total = 0): 
DRAM[36]: 16 bks, busW=8 BL=4 CL=19, tRRD=6 tCCD=1, tRCD=19 tRAS=45 tRP=19 tRC=50
n_cmd=0 n_nop=0 n_act=0 n_pre=0 n_ref_event=0 n_req=0 n_rd=0 n_rd_L2_A=0 n_write=0 n_wr_bk=0 bw_util=-nan
n_activity=0 dram_eff=-nan
bk0: 0a 0i bk1: 0a 0i bk2: 0a 0i bk3: 0a 0i bk4: 0a 0i bk5: 0a 0i bk6: 0a 0i bk7: 0a 0i bk8: 0a 0i bk9: 0a 0i bk10: 0a 0i bk11: 0a 0i bk12: 0a 0i bk13: 0a 0i bk14: 0a 0i bk15: 0a 0i 

------------------------------------------------------------------------

Row_Buffer_Locality = -nan
Row_Buffer_Locality_read = -nan
Row_Buffer_Locality_write = -nan
Bank_Level_Parallism = -nan
Bank_Level_Parallism_Col = -nan
Bank_Level_Parallism_Ready = -nan
write_to_read_ratio_blp_rw_average = -nan
GrpLevelPara = -nan 

BW Util details:
bwutil = -nan 
total_CMD = 0 
util_bw = 0 
Wasted_Col = 0 
Wasted_Row = 0 
Idle = 0 

BW Util Bottlenecks: 
RCDc_limit = 0 
RCDWRc_limit = 0 
WTRc_limit = 0 
RTWc_limit = 0 
CCDLc_limit = 0 
rwq = 0 
CCDLc_limit_alone = 0 
WTRc_limit_alone = 0 
RTWc_limit_alone = 0 

Commands details: 
total_CMD = 0 
n_nop = 0 
Read = 0 
Write = 0 
L2_Alloc = 0 
L2_WB = 0 
n_act = 0 
n_pre = 0 
n_ref = 0 
n_req = 0 
total_req = 0 

Dual Bus Interface Util: 
issued_total_row = 0 
issued_total_col = 0 
Row_Bus_Util =  -nan 
CoL_Bus_Util = -nan 
Either_Row_CoL_Bus_Util = -nan 
Issued_on_Two_Bus_Simul_Util = -nan 
issued_two_Eff = -nan 
queue_avg = -nan 


dram_util_bins: 0 0 0 0 0 0 0 0 0 0
dram_eff_bins: 0 0 0 0 0 0 0 0 0 0
mrqq: max=0 avg=-nan
Memory Partition 37: 
Cache L2_bank_074:
MSHR contents

Cache L2_bank_075:
MSHR contents

In Dram Latency Queue (total = 0): 
DRAM[37]: 16 bks, busW=8 BL=4 CL=19, tRRD=6 tCCD=1, tRCD=19 tRAS=45 tRP=19 tRC=50
n_cmd=0 n_nop=0 n_act=0 n_pre=0 n_ref_event=0 n_req=0 n_rd=0 n_rd_L2_A=0 n_write=0 n_wr_bk=0 bw_util=-nan
n_activity=0 dram_eff=-nan
bk0: 0a 0i bk1: 0a 0i bk2: 0a 0i bk3: 0a 0i bk4: 0a 0i bk5: 0a 0i bk6: 0a 0i bk7: 0a 0i bk8: 0a 0i bk9: 0a 0i bk10: 0a 0i bk11: 0a 0i bk12: 0a 0i bk13: 0a 0i bk14: 0a 0i bk15: 0a 0i 

------------------------------------------------------------------------

Row_Buffer_Locality = -nan
Row_Buffer_Locality_read = -nan
Row_Buffer_Locality_write = -nan
Bank_Level_Parallism = -nan
Bank_Level_Parallism_Col = -nan
Bank_Level_Parallism_Ready = -nan
write_to_read_ratio_blp_rw_average = -nan
GrpLevelPara = -nan 

BW Util details:
bwutil = -nan 
total_CMD = 0 
util_bw = 0 
Wasted_Col = 0 
Wasted_Row = 0 
Idle = 0 

BW Util Bottlenecks: 
RCDc_limit = 0 
RCDWRc_limit = 0 
WTRc_limit = 0 
RTWc_limit = 0 
CCDLc_limit = 0 
rwq = 0 
CCDLc_limit_alone = 0 
WTRc_limit_alone = 0 
RTWc_limit_alone = 0 

Commands details: 
total_CMD = 0 
n_nop = 0 
Read = 0 
Write = 0 
L2_Alloc = 0 
L2_WB = 0 
n_act = 0 
n_pre = 0 
n_ref = 0 
n_req = 0 
total_req = 0 

Dual Bus Interface Util: 
issued_total_row = 0 
issued_total_col = 0 
Row_Bus_Util =  -nan 
CoL_Bus_Util = -nan 
Either_Row_CoL_Bus_Util = -nan 
Issued_on_Two_Bus_Simul_Util = -nan 
issued_two_Eff = -nan 
queue_avg = -nan 


dram_util_bins: 0 0 0 0 0 0 0 0 0 0
dram_eff_bins: 0 0 0 0 0 0 0 0 0 0
mrqq: max=0 avg=-nan
Memory Partition 38: 
Cache L2_bank_076:
MSHR contents

Cache L2_bank_077:
MSHR contents

In Dram Latency Queue (total = 0): 
DRAM[38]: 16 bks, busW=8 BL=4 CL=19, tRRD=6 tCCD=1, tRCD=19 tRAS=45 tRP=19 tRC=50
n_cmd=0 n_nop=0 n_act=0 n_pre=0 n_ref_event=0 n_req=0 n_rd=0 n_rd_L2_A=0 n_write=0 n_wr_bk=0 bw_util=-nan
n_activity=0 dram_eff=-nan
bk0: 0a 0i bk1: 0a 0i bk2: 0a 0i bk3: 0a 0i bk4: 0a 0i bk5: 0a 0i bk6: 0a 0i bk7: 0a 0i bk8: 0a 0i bk9: 0a 0i bk10: 0a 0i bk11: 0a 0i bk12: 0a 0i bk13: 0a 0i bk14: 0a 0i bk15: 0a 0i 

------------------------------------------------------------------------

Row_Buffer_Locality = -nan
Row_Buffer_Locality_read = -nan
Row_Buffer_Locality_write = -nan
Bank_Level_Parallism = -nan
Bank_Level_Parallism_Col = -nan
Bank_Level_Parallism_Ready = -nan
write_to_read_ratio_blp_rw_average = -nan
GrpLevelPara = -nan 

BW Util details:
bwutil = -nan 
total_CMD = 0 
util_bw = 0 
Wasted_Col = 0 
Wasted_Row = 0 
Idle = 0 

BW Util Bottlenecks: 
RCDc_limit = 0 
RCDWRc_limit = 0 
WTRc_limit = 0 
RTWc_limit = 0 
CCDLc_limit = 0 
rwq = 0 
CCDLc_limit_alone = 0 
WTRc_limit_alone = 0 
RTWc_limit_alone = 0 

Commands details: 
total_CMD = 0 
n_nop = 0 
Read = 0 
Write = 0 
L2_Alloc = 0 
L2_WB = 0 
n_act = 0 
n_pre = 0 
n_ref = 0 
n_req = 0 
total_req = 0 

Dual Bus Interface Util: 
issued_total_row = 0 
issued_total_col = 0 
Row_Bus_Util =  -nan 
CoL_Bus_Util = -nan 
Either_Row_CoL_Bus_Util = -nan 
Issued_on_Two_Bus_Simul_Util = -nan 
issued_two_Eff = -nan 
queue_avg = -nan 


dram_util_bins: 0 0 0 0 0 0 0 0 0 0
dram_eff_bins: 0 0 0 0 0 0 0 0 0 0
mrqq: max=0 avg=-nan
Memory Partition 39: 
Cache L2_bank_078:
MSHR contents

Cache L2_bank_079:
MSHR contents

In Dram Latency Queue (total = 0): 
DRAM[39]: 16 bks, busW=8 BL=4 CL=19, tRRD=6 tCCD=1, tRCD=19 tRAS=45 tRP=19 tRC=50
n_cmd=0 n_nop=0 n_act=0 n_pre=0 n_ref_event=0 n_req=0 n_rd=0 n_rd_L2_A=0 n_write=0 n_wr_bk=0 bw_util=-nan
n_activity=0 dram_eff=-nan
bk0: 0a 0i bk1: 0a 0i bk2: 0a 0i bk3: 0a 0i bk4: 0a 0i bk5: 0a 0i bk6: 0a 0i bk7: 0a 0i bk8: 0a 0i bk9: 0a 0i bk10: 0a 0i bk11: 0a 0i bk12: 0a 0i bk13: 0a 0i bk14: 0a 0i bk15: 0a 0i 

------------------------------------------------------------------------

Row_Buffer_Locality = -nan
Row_Buffer_Locality_read = -nan
Row_Buffer_Locality_write = -nan
Bank_Level_Parallism = -nan
Bank_Level_Parallism_Col = -nan
Bank_Level_Parallism_Ready = -nan
write_to_read_ratio_blp_rw_average = -nan
GrpLevelPara = -nan 

BW Util details:
bwutil = -nan 
total_CMD = 0 
util_bw = 0 
Wasted_Col = 0 
Wasted_Row = 0 
Idle = 0 

BW Util Bottlenecks: 
RCDc_limit = 0 
RCDWRc_limit = 0 
WTRc_limit = 0 
RTWc_limit = 0 
CCDLc_limit = 0 
rwq = 0 
CCDLc_limit_alone = 0 
WTRc_limit_alone = 0 
RTWc_limit_alone = 0 

Commands details: 
total_CMD = 0 
n_nop = 0 
Read = 0 
Write = 0 
L2_Alloc = 0 
L2_WB = 0 
n_act = 0 
n_pre = 0 
n_ref = 0 
n_req = 0 
total_req = 0 

Dual Bus Interface Util: 
issued_total_row = 0 
issued_total_col = 0 
Row_Bus_Util =  -nan 
CoL_Bus_Util = -nan 
Either_Row_CoL_Bus_Util = -nan 
Issued_on_Two_Bus_Simul_Util = -nan 
issued_two_Eff = -nan 
queue_avg = -nan 


dram_util_bins: 0 0 0 0 0 0 0 0 0 0
dram_eff_bins: 0 0 0 0 0 0 0 0 0 0
mrqq: max=0 avg=-nan

========= L2 cache stats =========
L2_cache_bank[0]: Access = 448, Miss = 440, Miss_rate = 0.982, Pending_hits = 0, Reservation_fails = 0
L2_cache_bank[1]: Access = 444, Miss = 436, Miss_rate = 0.982, Pending_hits = 0, Reservation_fails = 0
L2_cache_bank[2]: Access = 449, Miss = 441, Miss_rate = 0.982, Pending_hits = 0, Reservation_fails = 0
L2_cache_bank[3]: Access = 452, Miss = 444, Miss_rate = 0.982, Pending_hits = 0, Reservation_fails = 0
L2_cache_bank[4]: Access = 441, Miss = 437, Miss_rate = 0.991, Pending_hits = 0, Reservation_fails = 0
L2_cache_bank[5]: Access = 445, Miss = 441, Miss_rate = 0.991, Pending_hits = 0, Reservation_fails = 0
L2_cache_bank[6]: Access = 448, Miss = 444, Miss_rate = 0.991, Pending_hits = 0, Reservation_fails = 0
L2_cache_bank[7]: Access = 448, Miss = 444, Miss_rate = 0.991, Pending_hits = 0, Reservation_fails = 0
L2_cache_bank[8]: Access = 445, Miss = 441, Miss_rate = 0.991, Pending_hits = 0, Reservation_fails = 0
L2_cache_bank[9]: Access = 441, Miss = 437, Miss_rate = 0.991, Pending_hits = 0, Reservation_fails = 0
L2_cache_bank[10]: Access = 421, Miss = 417, Miss_rate = 0.990, Pending_hits = 0, Reservation_fails = 0
L2_cache_bank[11]: Access = 424, Miss = 420, Miss_rate = 0.991, Pending_hits = 0, Reservation_fails = 0
L2_cache_bank[12]: Access = 416, Miss = 412, Miss_rate = 0.990, Pending_hits = 0, Reservation_fails = 0
L2_cache_bank[13]: Access = 414, Miss = 410, Miss_rate = 0.990, Pending_hits = 0, Reservation_fails = 0
L2_cache_bank[14]: Access = 416, Miss = 412, Miss_rate = 0.990, Pending_hits = 0, Reservation_fails = 0
L2_cache_bank[15]: Access = 416, Miss = 412, Miss_rate = 0.990, Pending_hits = 0, Reservation_fails = 0
L2_cache_bank[16]: Access = 417, Miss = 413, Miss_rate = 0.990, Pending_hits = 0, Reservation_fails = 0
L2_cache_bank[17]: Access = 417, Miss = 413, Miss_rate = 0.990, Pending_hits = 0, Reservation_fails = 0
L2_cache_bank[18]: Access = 421, Miss = 417, Miss_rate = 0.990, Pending_hits = 0, Reservation_fails = 0
L2_cache_bank[19]: Access = 421, Miss = 417, Miss_rate = 0.990, Pending_hits = 0, Reservation_fails = 0
L2_cache_bank[20]: Access = 424, Miss = 416, Miss_rate = 0.981, Pending_hits = 0, Reservation_fails = 0
L2_cache_bank[21]: Access = 425, Miss = 417, Miss_rate = 0.981, Pending_hits = 0, Reservation_fails = 0
L2_cache_bank[22]: Access = 420, Miss = 412, Miss_rate = 0.981, Pending_hits = 0, Reservation_fails = 0
L2_cache_bank[23]: Access = 420, Miss = 412, Miss_rate = 0.981, Pending_hits = 0, Reservation_fails = 0
L2_cache_bank[24]: Access = 425, Miss = 417, Miss_rate = 0.981, Pending_hits = 0, Reservation_fails = 0
L2_cache_bank[25]: Access = 424, Miss = 416, Miss_rate = 0.981, Pending_hits = 0, Reservation_fails = 0
L2_cache_bank[26]: Access = 424, Miss = 416, Miss_rate = 0.981, Pending_hits = 0, Reservation_fails = 0
L2_cache_bank[27]: Access = 425, Miss = 417, Miss_rate = 0.981, Pending_hits = 0, Reservation_fails = 0
L2_cache_bank[28]: Access = 424, Miss = 416, Miss_rate = 0.981, Pending_hits = 0, Reservation_fails = 0
L2_cache_bank[29]: Access = 424, Miss = 416, Miss_rate = 0.981, Pending_hits = 0, Reservation_fails = 0
L2_cache_bank[30]: Access = 412, Miss = 404, Miss_rate = 0.981, Pending_hits = 0, Reservation_fails = 0
L2_cache_bank[31]: Access = 416, Miss = 408, Miss_rate = 0.981, Pending_hits = 0, Reservation_fails = 0
L2_cache_bank[32]: Access = 420, Miss = 412, Miss_rate = 0.981, Pending_hits = 0, Reservation_fails = 0
L2_cache_bank[33]: Access = 416, Miss = 408, Miss_rate = 0.981, Pending_hits = 0, Reservation_fails = 0
L2_cache_bank[34]: Access = 420, Miss = 412, Miss_rate = 0.981, Pending_hits = 0, Reservation_fails = 0
L2_cache_bank[35]: Access = 416, Miss = 408, Miss_rate = 0.981, Pending_hits = 0, Reservation_fails = 0
L2_cache_bank[36]: Access = 416, Miss = 408, Miss_rate = 0.981, Pending_hits = 0, Reservation_fails = 0
L2_cache_bank[37]: Access = 416, Miss = 408, Miss_rate = 0.981, Pending_hits = 0, Reservation_fails = 0
L2_cache_bank[38]: Access = 413, Miss = 405, Miss_rate = 0.981, Pending_hits = 0, Reservation_fails = 0
L2_cache_bank[39]: Access = 416, Miss = 408, Miss_rate = 0.981, Pending_hits = 0, Reservation_fails = 0
L2_cache_bank[40]: Access = 100, Miss = 100, Miss_rate = 1.000, Pending_hits = 0, Reservation_fails = 0
L2_cache_bank[41]: Access = 96, Miss = 96, Miss_rate = 1.000, Pending_hits = 0, Reservation_fails = 0
L2_cache_bank[42]: Access = 101, Miss = 101, Miss_rate = 1.000, Pending_hits = 0, Reservation_fails = 0
L2_cache_bank[43]: Access = 100, Miss = 100, Miss_rate = 1.000, Pending_hits = 0, Reservation_fails = 0
L2_cache_bank[44]: Access = 101, Miss = 101, Miss_rate = 1.000, Pending_hits = 0, Reservation_fails = 0
L2_cache_bank[45]: Access = 105, Miss = 105, Miss_rate = 1.000, Pending_hits = 0, Reservation_fails = 0
L2_cache_bank[46]: Access = 104, Miss = 104, Miss_rate = 1.000, Pending_hits = 0, Reservation_fails = 0
L2_cache_bank[47]: Access = 108, Miss = 108, Miss_rate = 1.000, Pending_hits = 0, Reservation_fails = 0
L2_cache_bank[48]: Access = 105, Miss = 105, Miss_rate = 1.000, Pending_hits = 0, Reservation_fails = 0
L2_cache_bank[49]: Access = 101, Miss = 101, Miss_rate = 1.000, Pending_hits = 0, Reservation_fails = 0
L2_cache_bank[50]: Access = 97, Miss = 97, Miss_rate = 1.000, Pending_hits = 0, Reservation_fails = 0
L2_cache_bank[51]: Access = 100, Miss = 100, Miss_rate = 1.000, Pending_hits = 0, Reservation_fails = 0
L2_cache_bank[52]: Access = 96, Miss = 96, Miss_rate = 1.000, Pending_hits = 0, Reservation_fails = 0
L2_cache_bank[53]: Access = 98, Miss = 98, Miss_rate = 1.000, Pending_hits = 0, Reservation_fails = 0
L2_cache_bank[54]: Access = 96, Miss = 96, Miss_rate = 1.000, Pending_hits = 0, Reservation_fails = 0
L2_cache_bank[55]: Access = 96, Miss = 96, Miss_rate = 1.000, Pending_hits = 0, Reservation_fails = 0
L2_cache_bank[56]: Access = 101, Miss = 101, Miss_rate = 1.000, Pending_hits = 0, Reservation_fails = 0
L2_cache_bank[57]: Access = 97, Miss = 97, Miss_rate = 1.000, Pending_hits = 0, Reservation_fails = 0
L2_cache_bank[58]: Access = 105, Miss = 105, Miss_rate = 1.000, Pending_hits = 0, Reservation_fails = 0
L2_cache_bank[59]: Access = 105, Miss = 105, Miss_rate = 1.000, Pending_hits = 0, Reservation_fails = 0
L2_cache_bank[60]: Access = 100, Miss = 100, Miss_rate = 1.000, Pending_hits = 0, Reservation_fails = 0
L2_cache_bank[61]: Access = 101, Miss = 101, Miss_rate = 1.000, Pending_hits = 0, Reservation_fails = 0
L2_cache_bank[62]: Access = 100, Miss = 100, Miss_rate = 1.000, Pending_hits = 0, Reservation_fails = 0
L2_cache_bank[63]: Access = 100, Miss = 100, Miss_rate = 1.000, Pending_hits = 0, Reservation_fails = 0
L2_cache_bank[64]: Access = 109, Miss = 109, Miss_rate = 1.000, Pending_hits = 0, Reservation_fails = 0
L2_cache_bank[65]: Access = 104, Miss = 104, Miss_rate = 1.000, Pending_hits = 0, Reservation_fails = 0
L2_cache_bank[66]: Access = 100, Miss = 100, Miss_rate = 1.000, Pending_hits = 0, Reservation_fails = 0
L2_cache_bank[67]: Access = 105, Miss = 105, Miss_rate = 1.000, Pending_hits = 0, Reservation_fails = 0
L2_cache_bank[68]: Access = 100, Miss = 100, Miss_rate = 1.000, Pending_hits = 0, Reservation_fails = 0
L2_cache_bank[69]: Access = 100, Miss = 100, Miss_rate = 1.000, Pending_hits = 0, Reservation_fails = 0
L2_cache_bank[70]: Access = 112, Miss = 112, Miss_rate = 1.000, Pending_hits = 0, Reservation_fails = 0
L2_cache_bank[71]: Access = 116, Miss = 116, Miss_rate = 1.000, Pending_hits = 0, Reservation_fails = 0
L2_cache_bank[72]: Access = 112, Miss = 112, Miss_rate = 1.000, Pending_hits = 0, Reservation_fails = 0
L2_cache_bank[73]: Access = 112, Miss = 112, Miss_rate = 1.000, Pending_hits = 0, Reservation_fails = 0
L2_cache_bank[74]: Access = 116, Miss = 116, Miss_rate = 1.000, Pending_hits = 0, Reservation_fails = 0
L2_cache_bank[75]: Access = 108, Miss = 108, Miss_rate = 1.000, Pending_hits = 0, Reservation_fails = 0
L2_cache_bank[76]: Access = 116, Miss = 116, Miss_rate = 1.000, Pending_hits = 0, Reservation_fails = 0
L2_cache_bank[77]: Access = 116, Miss = 116, Miss_rate = 1.000, Pending_hits = 0, Reservation_fails = 0
L2_cache_bank[78]: Access = 109, Miss = 109, Miss_rate = 1.000, Pending_hits = 0, Reservation_fails = 0
L2_cache_bank[79]: Access = 112, Miss = 112, Miss_rate = 1.000, Pending_hits = 0, Reservation_fails = 0
L2_total_cache_accesses = 21200
L2_total_cache_misses = 20944
L2_total_cache_miss_rate = 0.9879
L2_total_cache_pending_hits = 0
L2_total_cache_reservation_fails = 0
L2_total_cache_breakdown:
	L2_cache_stats_breakdown[GLOBAL_ACC_R][HIT] = 0
	L2_cache_stats_breakdown[GLOBAL_ACC_R][HIT_RESERVED] = 0
	L2_cache_stats_breakdown[GLOBAL_ACC_R][MISS] = 2128
	L2_cache_stats_breakdown[GLOBAL_ACC_R][RESERVATION_FAIL] = 0
	L2_cache_stats_breakdown[GLOBAL_ACC_R][SECTOR_MISS] = 6336
	L2_cache_stats_breakdown[GLOBAL_ACC_R][MSHR_HIT] = 0
	L2_cache_stats_breakdown[GLOBAL_ACC_R][WRITE_ALLOCATED] = 0
	L2_cache_stats_breakdown[CHIPLET_ACC_R][HIT] = 0
	L2_cache_stats_breakdown[CHIPLET_ACC_R][HIT_RESERVED] = 0
	L2_cache_stats_breakdown[CHIPLET_ACC_R][MISS] = 1052
	L2_cache_stats_breakdown[CHIPLET_ACC_R][RESERVATION_FAIL] = 0
	L2_cache_stats_breakdown[CHIPLET_ACC_R][SECTOR_MISS] = 3108
	L2_cache_stats_breakdown[CHIPLET_ACC_R][MSHR_HIT] = 0
	L2_cache_stats_breakdown[CHIPLET_ACC_R][WRITE_ALLOCATED] = 0
	L2_cache_stats_breakdown[LOCAL_ACC_R][HIT] = 0
	L2_cache_stats_breakdown[LOCAL_ACC_R][HIT_RESERVED] = 0
	L2_cache_stats_breakdown[LOCAL_ACC_R][MISS] = 0
	L2_cache_stats_breakdown[LOCAL_ACC_R][RESERVATION_FAIL] = 0
	L2_cache_stats_breakdown[LOCAL_ACC_R][SECTOR_MISS] = 0
	L2_cache_stats_breakdown[LOCAL_ACC_R][MSHR_HIT] = 0
	L2_cache_stats_breakdown[LOCAL_ACC_R][WRITE_ALLOCATED] = 0
	L2_cache_stats_breakdown[CONST_ACC_R][HIT] = 0
	L2_cache_stats_breakdown[CONST_ACC_R][HIT_RESERVED] = 0
	L2_cache_stats_breakdown[CONST_ACC_R][MISS] = 0
	L2_cache_stats_breakdown[CONST_ACC_R][RESERVATION_FAIL] = 0
	L2_cache_stats_breakdown[CONST_ACC_R][SECTOR_MISS] = 0
	L2_cache_stats_breakdown[CONST_ACC_R][MSHR_HIT] = 0
	L2_cache_stats_breakdown[CONST_ACC_R][WRITE_ALLOCATED] = 0
	L2_cache_stats_breakdown[TEXTURE_ACC_R][HIT] = 0
	L2_cache_stats_breakdown[TEXTURE_ACC_R][HIT_RESERVED] = 0
	L2_cache_stats_breakdown[TEXTURE_ACC_R][MISS] = 0
	L2_cache_stats_breakdown[TEXTURE_ACC_R][RESERVATION_FAIL] = 0
	L2_cache_stats_breakdown[TEXTURE_ACC_R][SECTOR_MISS] = 0
	L2_cache_stats_breakdown[TEXTURE_ACC_R][MSHR_HIT] = 0
	L2_cache_stats_breakdown[TEXTURE_ACC_R][WRITE_ALLOCATED] = 0
	L2_cache_stats_breakdown[GLOBAL_ACC_W][HIT] = 256
	L2_cache_stats_breakdown[GLOBAL_ACC_W][HIT_RESERVED] = 0
	L2_cache_stats_breakdown[GLOBAL_ACC_W][MISS] = 2080
	L2_cache_stats_breakdown[GLOBAL_ACC_W][RESERVATION_FAIL] = 0
	L2_cache_stats_breakdown[GLOBAL_ACC_W][SECTOR_MISS] = 6240
	L2_cache_stats_breakdown[GLOBAL_ACC_W][MSHR_HIT] = 0
	L2_cache_stats_breakdown[GLOBAL_ACC_W][WRITE_ALLOCATED] = 8320
	L2_cache_stats_breakdown[CHIPLET_ACC_W][HIT] = 0
	L2_cache_stats_breakdown[CHIPLET_ACC_W][HIT_RESERVED] = 0
	L2_cache_stats_breakdown[CHIPLET_ACC_W][MISS] = 0
	L2_cache_stats_breakdown[CHIPLET_ACC_W][RESERVATION_FAIL] = 0
	L2_cache_stats_breakdown[CHIPLET_ACC_W][SECTOR_MISS] = 0
	L2_cache_stats_breakdown[CHIPLET_ACC_W][MSHR_HIT] = 0
	L2_cache_stats_breakdown[CHIPLET_ACC_W][WRITE_ALLOCATED] = 0
	L2_cache_stats_breakdown[LOCAL_ACC_W][HIT] = 0
	L2_cache_stats_breakdown[LOCAL_ACC_W][HIT_RESERVED] = 0
	L2_cache_stats_breakdown[LOCAL_ACC_W][MISS] = 0
	L2_cache_stats_breakdown[LOCAL_ACC_W][RESERVATION_FAIL] = 0
	L2_cache_stats_breakdown[LOCAL_ACC_W][SECTOR_MISS] = 0
	L2_cache_stats_breakdown[LOCAL_ACC_W][MSHR_HIT] = 0
	L2_cache_stats_breakdown[LOCAL_ACC_W][WRITE_ALLOCATED] = 0
	L2_cache_stats_breakdown[L1_WRBK_ACC][HIT] = 0
	L2_cache_stats_breakdown[L1_WRBK_ACC][HIT_RESERVED] = 0
	L2_cache_stats_breakdown[L1_WRBK_ACC][MISS] = 0
	L2_cache_stats_breakdown[L1_WRBK_ACC][RESERVATION_FAIL] = 0
	L2_cache_stats_breakdown[L1_WRBK_ACC][SECTOR_MISS] = 0
	L2_cache_stats_breakdown[L1_WRBK_ACC][MSHR_HIT] = 0
	L2_cache_stats_breakdown[L1_WRBK_ACC][WRITE_ALLOCATED] = 0
	L2_cache_stats_breakdown[L2_WRBK_ACC][HIT] = 0
	L2_cache_stats_breakdown[L2_WRBK_ACC][HIT_RESERVED] = 0
	L2_cache_stats_breakdown[L2_WRBK_ACC][MISS] = 0
	L2_cache_stats_breakdown[L2_WRBK_ACC][RESERVATION_FAIL] = 0
	L2_cache_stats_breakdown[L2_WRBK_ACC][SECTOR_MISS] = 0
	L2_cache_stats_breakdown[L2_WRBK_ACC][MSHR_HIT] = 0
	L2_cache_stats_breakdown[L2_WRBK_ACC][WRITE_ALLOCATED] = 0
	L2_cache_stats_breakdown[INST_ACC_R][HIT] = 0
	L2_cache_stats_breakdown[INST_ACC_R][HIT_RESERVED] = 0
	L2_cache_stats_breakdown[INST_ACC_R][MISS] = 0
	L2_cache_stats_breakdown[INST_ACC_R][RESERVATION_FAIL] = 0
	L2_cache_stats_breakdown[INST_ACC_R][SECTOR_MISS] = 0
	L2_cache_stats_breakdown[INST_ACC_R][MSHR_HIT] = 0
	L2_cache_stats_breakdown[INST_ACC_R][WRITE_ALLOCATED] = 0
	L2_cache_stats_breakdown[L1_WR_ALLOC_R][HIT] = 0
	L2_cache_stats_breakdown[L1_WR_ALLOC_R][HIT_RESERVED] = 0
	L2_cache_stats_breakdown[L1_WR_ALLOC_R][MISS] = 0
	L2_cache_stats_breakdown[L1_WR_ALLOC_R][RESERVATION_FAIL] = 0
	L2_cache_stats_breakdown[L1_WR_ALLOC_R][SECTOR_MISS] = 0
	L2_cache_stats_breakdown[L1_WR_ALLOC_R][MSHR_HIT] = 0
	L2_cache_stats_breakdown[L1_WR_ALLOC_R][WRITE_ALLOCATED] = 0
	L2_cache_stats_breakdown[L2_WR_ALLOC_R][HIT] = 0
	L2_cache_stats_breakdown[L2_WR_ALLOC_R][HIT_RESERVED] = 0
	L2_cache_stats_breakdown[L2_WR_ALLOC_R][MISS] = 0
	L2_cache_stats_breakdown[L2_WR_ALLOC_R][RESERVATION_FAIL] = 0
	L2_cache_stats_breakdown[L2_WR_ALLOC_R][SECTOR_MISS] = 0
	L2_cache_stats_breakdown[L2_WR_ALLOC_R][MSHR_HIT] = 0
	L2_cache_stats_breakdown[L2_WR_ALLOC_R][WRITE_ALLOCATED] = 0
	L2_cache_stats_breakdown[GLOBAL_ACC_R][TOTAL_ACCESS] = 8464
	L2_cache_stats_breakdown[CHIPLET_ACC_R][TOTAL_ACCESS] = 4160
	L2_cache_stats_breakdown[GLOBAL_ACC_W][TOTAL_ACCESS] = 8576
L2_total_cache_reservation_fail_breakdown:
L2_cache_data_port_util = 0.000
L2_cache_fill_port_util = 0.009

icnt_total_pkts_mem_to_simt=25600
icnt_total_pkts_simt_to_mem=25728
LD_mem_lat_dist  0 0 0 0 0 0 0 0 0 0 0 0 0 0 0 0 0 0 0 0 0 0 0 0 0 0 0
ST_mem_lat_dist  0 0 0 0 0 0 0 0 0 0 0 0 0 0 0 0 0 0 0 0 0 0 0 0 0 0 0
----------------------------Interconnect-DETAILS--------------------------------
Class 0:
Packet latency average = 104.325
	minimum = 4
	maximum = 318
Network latency average = 11.5734
	minimum = 4
	maximum = 107
Slowest packet = 48
Flit latency average = 11.5734
	minimum = 4
	maximum = 107
Slowest flit = 6235
Fragmentation average = 0
	minimum = 0
	maximum = 0
Injected packet rate average = 0.00970338
	minimum = 0 (at node 16)
	maximum = 0.0588268 (at node 0)
Accepted packet rate average = 0.00970338
	minimum = 0 (at node 16)
	maximum = 0.0588268 (at node 0)
Injected flit rate average = 0.00970338
	minimum = 0 (at node 16)
	maximum = 0.0588268 (at node 0)
Accepted flit rate average= 0.00970338
	minimum = 0 (at node 16)
	maximum = 0.0588268 (at node 0)
Injected packet length average = 1
Accepted packet length average = 1
Total in-flight flits = 0 (0 measured)
====== Overall Traffic Statistics ======
====== Traffic class 0 ======
Packet latency average = 104.325 (1 samples)
	minimum = 4 (1 samples)
	maximum = 318 (1 samples)
Network latency average = 11.5734 (1 samples)
	minimum = 4 (1 samples)
	maximum = 107 (1 samples)
Flit latency average = 11.5734 (1 samples)
	minimum = 4 (1 samples)
	maximum = 107 (1 samples)
Fragmentation average = 0 (1 samples)
	minimum = 0 (1 samples)
	maximum = 0 (1 samples)
Injected packet rate average = 0.00970338 (1 samples)
	minimum = 0 (1 samples)
	maximum = 0.0588268 (1 samples)
Accepted packet rate average = 0.00970338 (1 samples)
	minimum = 0 (1 samples)
	maximum = 0.0588268 (1 samples)
Injected flit rate average = 0.00970338 (1 samples)
	minimum = 0 (1 samples)
	maximum = 0.0588268 (1 samples)
Accepted flit rate average = 0.00970338 (1 samples)
	minimum = 0 (1 samples)
	maximum = 0.0588268 (1 samples)
Injected packet size average = 1 (1 samples)
Accepted packet size average = 1 (1 samples)
Hops average = 1 (1 samples)
----------------------------END-of-Interconnect-DETAILS-------------------------


gpgpu_simulation_time = 0 days, 0 hrs, 0 min, 2 sec (2 sec)
gpgpu_simulation_rate = 886832 (inst/sec)
gpgpu_simulation_rate = 4539 (cycle/sec)
gpgpu_silicon_slowdown = 386649x
Processing kernel /localhome/tsousape/cam_with_gpu/traces/sched_A_16_234/traces/kernel-2-ctx_0x559224ee2480.tracez
-kernel name = _Z8sched_acPjPKjS_PfiiiiPy
-kernel id = 2
-grid dim = (16,1,1)
-block dim = (128,1,1)
-shmem = 33032
-nregs = 31
-binary version = 90
-cuda stream id = 0
-shmem base_addr = 0x00007f7d00000000
-local mem base_addr = 0x00007f7c81000000
-nvbit version = 1.8
-accelsim tracer version = 6
-enable lineinfo = 0
Header info loaded for kernel command : /localhome/tsousape/cam_with_gpu/traces/sched_A_16_234/traces/kernel-2-ctx_0x559224ee2480.tracez
launching kernel name: _Z8sched_acPjPKjS_PfiiiiPy uid: 2 cuda_stream_id: 0
GPGPU-Sim uArch: Shader 16 bind to kernel 2 '_Z8sched_acPjPKjS_PfiiiiPy'
GPGPU-Sim: Reconfigure L1 cache to 192KB
thread block = 0,0,0
GPGPU-Sim uArch: Shader 17 bind to kernel 2 '_Z8sched_acPjPKjS_PfiiiiPy'
thread block = 1,0,0
GPGPU-Sim uArch: Shader 18 bind to kernel 2 '_Z8sched_acPjPKjS_PfiiiiPy'
thread block = 2,0,0
GPGPU-Sim uArch: Shader 19 bind to kernel 2 '_Z8sched_acPjPKjS_PfiiiiPy'
thread block = 3,0,0
GPGPU-Sim uArch: Shader 20 bind to kernel 2 '_Z8sched_acPjPKjS_PfiiiiPy'
thread block = 4,0,0
GPGPU-Sim uArch: Shader 21 bind to kernel 2 '_Z8sched_acPjPKjS_PfiiiiPy'
thread block = 5,0,0
GPGPU-Sim uArch: Shader 22 bind to kernel 2 '_Z8sched_acPjPKjS_PfiiiiPy'
thread block = 6,0,0
GPGPU-Sim uArch: Shader 23 bind to kernel 2 '_Z8sched_acPjPKjS_PfiiiiPy'
thread block = 7,0,0
GPGPU-Sim uArch: Shader 24 bind to kernel 2 '_Z8sched_acPjPKjS_PfiiiiPy'
thread block = 8,0,0
GPGPU-Sim uArch: Shader 25 bind to kernel 2 '_Z8sched_acPjPKjS_PfiiiiPy'
thread block = 9,0,0
GPGPU-Sim uArch: Shader 26 bind to kernel 2 '_Z8sched_acPjPKjS_PfiiiiPy'
thread block = 10,0,0
GPGPU-Sim uArch: Shader 27 bind to kernel 2 '_Z8sched_acPjPKjS_PfiiiiPy'
thread block = 11,0,0
GPGPU-Sim uArch: Shader 28 bind to kernel 2 '_Z8sched_acPjPKjS_PfiiiiPy'
thread block = 12,0,0
GPGPU-Sim uArch: Shader 29 bind to kernel 2 '_Z8sched_acPjPKjS_PfiiiiPy'
thread block = 13,0,0
GPGPU-Sim uArch: Shader 30 bind to kernel 2 '_Z8sched_acPjPKjS_PfiiiiPy'
thread block = 14,0,0
GPGPU-Sim uArch: Shader 31 bind to kernel 2 '_Z8sched_acPjPKjS_PfiiiiPy'
thread block = 15,0,0
Destroy streams for kernel 2: size 0
kernel_name = _Z8sched_acPjPKjS_PfiiiiPy 
kernel_launch_uid = 2 
kernel_stream_id = 0
gpu_sim_cycle = 145831
gpu_sim_insn = 53026832
gpu_ipc =     363.6184
gpu_tot_sim_cycle = 154909
gpu_tot_sim_insn = 54800496
gpu_tot_ipc =     353.7593
gpu_tot_issued_cta = 32
gpu_occupancy = 6.2497% 
gpu_tot_occupancy = 6.2495% 
max_total_param_size = 0
gpu_stall_dramfull = 0
gpu_stall_icnt2sh    = 0
partiton_level_parallism =       3.6408
partiton_level_parallism_total  =       3.5378
partiton_level_parallism_util =       8.7080
partiton_level_parallism_util_total  =       8.8240
L2_BW  =     204.4683 GB/Sec
L2_BW_total  =     198.6810 GB/Sec
gpu_total_sim_rate=928821

========= Core cache stats =========
L1I_cache:
	L1I_total_cache_accesses = 0
	L1I_total_cache_misses = 0
	L1I_total_cache_pending_hits = 0
	L1I_total_cache_reservation_fails = 0
L1D_cache:
	L1D_cache_core[0]: Access = 32, Miss = 16, Miss_rate = 0.500, Pending_hits = 0, Reservation_fails = 0
	L1D_cache_core[1]: Access = 32, Miss = 16, Miss_rate = 0.500, Pending_hits = 0, Reservation_fails = 0
	L1D_cache_core[2]: Access = 32, Miss = 16, Miss_rate = 0.500, Pending_hits = 0, Reservation_fails = 0
	L1D_cache_core[3]: Access = 32, Miss = 16, Miss_rate = 0.500, Pending_hits = 0, Reservation_fails = 0
	L1D_cache_core[4]: Access = 32, Miss = 16, Miss_rate = 0.500, Pending_hits = 0, Reservation_fails = 0
	L1D_cache_core[5]: Access = 32, Miss = 16, Miss_rate = 0.500, Pending_hits = 0, Reservation_fails = 0
	L1D_cache_core[6]: Access = 32, Miss = 16, Miss_rate = 0.500, Pending_hits = 0, Reservation_fails = 0
	L1D_cache_core[7]: Access = 32, Miss = 16, Miss_rate = 0.500, Pending_hits = 0, Reservation_fails = 0
	L1D_cache_core[8]: Access = 32, Miss = 16, Miss_rate = 0.500, Pending_hits = 0, Reservation_fails = 0
	L1D_cache_core[9]: Access = 32, Miss = 16, Miss_rate = 0.500, Pending_hits = 0, Reservation_fails = 0
	L1D_cache_core[10]: Access = 32, Miss = 16, Miss_rate = 0.500, Pending_hits = 0, Reservation_fails = 0
	L1D_cache_core[11]: Access = 32, Miss = 16, Miss_rate = 0.500, Pending_hits = 0, Reservation_fails = 0
	L1D_cache_core[12]: Access = 32, Miss = 16, Miss_rate = 0.500, Pending_hits = 0, Reservation_fails = 0
	L1D_cache_core[13]: Access = 32, Miss = 16, Miss_rate = 0.500, Pending_hits = 0, Reservation_fails = 0
	L1D_cache_core[14]: Access = 32, Miss = 16, Miss_rate = 0.500, Pending_hits = 0, Reservation_fails = 0
	L1D_cache_core[15]: Access = 32, Miss = 16, Miss_rate = 0.500, Pending_hits = 0, Reservation_fails = 0
	L1D_cache_core[16]: Access = 32, Miss = 16, Miss_rate = 0.500, Pending_hits = 0, Reservation_fails = 0
	L1D_cache_core[17]: Access = 32, Miss = 16, Miss_rate = 0.500, Pending_hits = 0, Reservation_fails = 0
	L1D_cache_core[18]: Access = 32, Miss = 16, Miss_rate = 0.500, Pending_hits = 0, Reservation_fails = 0
	L1D_cache_core[19]: Access = 32, Miss = 16, Miss_rate = 0.500, Pending_hits = 0, Reservation_fails = 0
	L1D_cache_core[20]: Access = 32, Miss = 16, Miss_rate = 0.500, Pending_hits = 0, Reservation_fails = 0
	L1D_cache_core[21]: Access = 32, Miss = 16, Miss_rate = 0.500, Pending_hits = 0, Reservation_fails = 0
	L1D_cache_core[22]: Access = 32, Miss = 16, Miss_rate = 0.500, Pending_hits = 0, Reservation_fails = 0
	L1D_cache_core[23]: Access = 32, Miss = 16, Miss_rate = 0.500, Pending_hits = 0, Reservation_fails = 0
	L1D_cache_core[24]: Access = 32, Miss = 16, Miss_rate = 0.500, Pending_hits = 0, Reservation_fails = 0
	L1D_cache_core[25]: Access = 32, Miss = 16, Miss_rate = 0.500, Pending_hits = 0, Reservation_fails = 0
	L1D_cache_core[26]: Access = 32, Miss = 16, Miss_rate = 0.500, Pending_hits = 0, Reservation_fails = 0
	L1D_cache_core[27]: Access = 32, Miss = 16, Miss_rate = 0.500, Pending_hits = 0, Reservation_fails = 0
	L1D_cache_core[28]: Access = 32, Miss = 16, Miss_rate = 0.500, Pending_hits = 0, Reservation_fails = 0
	L1D_cache_core[29]: Access = 32, Miss = 16, Miss_rate = 0.500, Pending_hits = 0, Reservation_fails = 0
	L1D_cache_core[30]: Access = 32, Miss = 16, Miss_rate = 0.500, Pending_hits = 0, Reservation_fails = 0
	L1D_cache_core[31]: Access = 32, Miss = 16, Miss_rate = 0.500, Pending_hits = 0, Reservation_fails = 0
	L1D_cache_core[32]: Access = 0, Miss = 0, Miss_rate = -nan, Pending_hits = 0, Reservation_fails = 0
	L1D_cache_core[33]: Access = 0, Miss = 0, Miss_rate = -nan, Pending_hits = 0, Reservation_fails = 0
	L1D_cache_core[34]: Access = 0, Miss = 0, Miss_rate = -nan, Pending_hits = 0, Reservation_fails = 0
	L1D_cache_core[35]: Access = 0, Miss = 0, Miss_rate = -nan, Pending_hits = 0, Reservation_fails = 0
	L1D_cache_core[36]: Access = 0, Miss = 0, Miss_rate = -nan, Pending_hits = 0, Reservation_fails = 0
	L1D_cache_core[37]: Access = 0, Miss = 0, Miss_rate = -nan, Pending_hits = 0, Reservation_fails = 0
	L1D_cache_core[38]: Access = 0, Miss = 0, Miss_rate = -nan, Pending_hits = 0, Reservation_fails = 0
	L1D_cache_core[39]: Access = 0, Miss = 0, Miss_rate = -nan, Pending_hits = 0, Reservation_fails = 0
	L1D_cache_core[40]: Access = 0, Miss = 0, Miss_rate = -nan, Pending_hits = 0, Reservation_fails = 0
	L1D_cache_core[41]: Access = 0, Miss = 0, Miss_rate = -nan, Pending_hits = 0, Reservation_fails = 0
	L1D_cache_core[42]: Access = 0, Miss = 0, Miss_rate = -nan, Pending_hits = 0, Reservation_fails = 0
	L1D_cache_core[43]: Access = 0, Miss = 0, Miss_rate = -nan, Pending_hits = 0, Reservation_fails = 0
	L1D_cache_core[44]: Access = 0, Miss = 0, Miss_rate = -nan, Pending_hits = 0, Reservation_fails = 0
	L1D_cache_core[45]: Access = 0, Miss = 0, Miss_rate = -nan, Pending_hits = 0, Reservation_fails = 0
	L1D_cache_core[46]: Access = 0, Miss = 0, Miss_rate = -nan, Pending_hits = 0, Reservation_fails = 0
	L1D_cache_core[47]: Access = 0, Miss = 0, Miss_rate = -nan, Pending_hits = 0, Reservation_fails = 0
	L1D_cache_core[48]: Access = 0, Miss = 0, Miss_rate = -nan, Pending_hits = 0, Reservation_fails = 0
	L1D_cache_core[49]: Access = 0, Miss = 0, Miss_rate = -nan, Pending_hits = 0, Reservation_fails = 0
	L1D_cache_core[50]: Access = 0, Miss = 0, Miss_rate = -nan, Pending_hits = 0, Reservation_fails = 0
	L1D_cache_core[51]: Access = 0, Miss = 0, Miss_rate = -nan, Pending_hits = 0, Reservation_fails = 0
	L1D_cache_core[52]: Access = 0, Miss = 0, Miss_rate = -nan, Pending_hits = 0, Reservation_fails = 0
	L1D_cache_core[53]: Access = 0, Miss = 0, Miss_rate = -nan, Pending_hits = 0, Reservation_fails = 0
	L1D_cache_core[54]: Access = 0, Miss = 0, Miss_rate = -nan, Pending_hits = 0, Reservation_fails = 0
	L1D_cache_core[55]: Access = 0, Miss = 0, Miss_rate = -nan, Pending_hits = 0, Reservation_fails = 0
	L1D_cache_core[56]: Access = 0, Miss = 0, Miss_rate = -nan, Pending_hits = 0, Reservation_fails = 0
	L1D_cache_core[57]: Access = 0, Miss = 0, Miss_rate = -nan, Pending_hits = 0, Reservation_fails = 0
	L1D_cache_core[58]: Access = 0, Miss = 0, Miss_rate = -nan, Pending_hits = 0, Reservation_fails = 0
	L1D_cache_core[59]: Access = 0, Miss = 0, Miss_rate = -nan, Pending_hits = 0, Reservation_fails = 0
	L1D_cache_core[60]: Access = 0, Miss = 0, Miss_rate = -nan, Pending_hits = 0, Reservation_fails = 0
	L1D_cache_core[61]: Access = 0, Miss = 0, Miss_rate = -nan, Pending_hits = 0, Reservation_fails = 0
	L1D_cache_core[62]: Access = 0, Miss = 0, Miss_rate = -nan, Pending_hits = 0, Reservation_fails = 0
	L1D_cache_core[63]: Access = 0, Miss = 0, Miss_rate = -nan, Pending_hits = 0, Reservation_fails = 0
	L1D_cache_core[64]: Access = 0, Miss = 0, Miss_rate = -nan, Pending_hits = 0, Reservation_fails = 0
	L1D_cache_core[65]: Access = 0, Miss = 0, Miss_rate = -nan, Pending_hits = 0, Reservation_fails = 0
	L1D_cache_core[66]: Access = 0, Miss = 0, Miss_rate = -nan, Pending_hits = 0, Reservation_fails = 0
	L1D_cache_core[67]: Access = 0, Miss = 0, Miss_rate = -nan, Pending_hits = 0, Reservation_fails = 0
	L1D_cache_core[68]: Access = 0, Miss = 0, Miss_rate = -nan, Pending_hits = 0, Reservation_fails = 0
	L1D_cache_core[69]: Access = 0, Miss = 0, Miss_rate = -nan, Pending_hits = 0, Reservation_fails = 0
	L1D_cache_core[70]: Access = 0, Miss = 0, Miss_rate = -nan, Pending_hits = 0, Reservation_fails = 0
	L1D_cache_core[71]: Access = 0, Miss = 0, Miss_rate = -nan, Pending_hits = 0, Reservation_fails = 0
	L1D_cache_core[72]: Access = 0, Miss = 0, Miss_rate = -nan, Pending_hits = 0, Reservation_fails = 0
	L1D_cache_core[73]: Access = 0, Miss = 0, Miss_rate = -nan, Pending_hits = 0, Reservation_fails = 0
	L1D_cache_core[74]: Access = 0, Miss = 0, Miss_rate = -nan, Pending_hits = 0, Reservation_fails = 0
	L1D_cache_core[75]: Access = 0, Miss = 0, Miss_rate = -nan, Pending_hits = 0, Reservation_fails = 0
	L1D_cache_core[76]: Access = 0, Miss = 0, Miss_rate = -nan, Pending_hits = 0, Reservation_fails = 0
	L1D_cache_core[77]: Access = 0, Miss = 0, Miss_rate = -nan, Pending_hits = 0, Reservation_fails = 0
	L1D_cache_core[78]: Access = 0, Miss = 0, Miss_rate = -nan, Pending_hits = 0, Reservation_fails = 0
	L1D_cache_core[79]: Access = 0, Miss = 0, Miss_rate = -nan, Pending_hits = 0, Reservation_fails = 0
	L1D_cache_core[80]: Access = 0, Miss = 0, Miss_rate = -nan, Pending_hits = 0, Reservation_fails = 0
	L1D_cache_core[81]: Access = 0, Miss = 0, Miss_rate = -nan, Pending_hits = 0, Reservation_fails = 0
	L1D_cache_core[82]: Access = 0, Miss = 0, Miss_rate = -nan, Pending_hits = 0, Reservation_fails = 0
	L1D_cache_core[83]: Access = 0, Miss = 0, Miss_rate = -nan, Pending_hits = 0, Reservation_fails = 0
	L1D_cache_core[84]: Access = 0, Miss = 0, Miss_rate = -nan, Pending_hits = 0, Reservation_fails = 0
	L1D_cache_core[85]: Access = 0, Miss = 0, Miss_rate = -nan, Pending_hits = 0, Reservation_fails = 0
	L1D_cache_core[86]: Access = 0, Miss = 0, Miss_rate = -nan, Pending_hits = 0, Reservation_fails = 0
	L1D_cache_core[87]: Access = 0, Miss = 0, Miss_rate = -nan, Pending_hits = 0, Reservation_fails = 0
	L1D_cache_core[88]: Access = 0, Miss = 0, Miss_rate = -nan, Pending_hits = 0, Reservation_fails = 0
	L1D_cache_core[89]: Access = 0, Miss = 0, Miss_rate = -nan, Pending_hits = 0, Reservation_fails = 0
	L1D_cache_core[90]: Access = 0, Miss = 0, Miss_rate = -nan, Pending_hits = 0, Reservation_fails = 0
	L1D_cache_core[91]: Access = 0, Miss = 0, Miss_rate = -nan, Pending_hits = 0, Reservation_fails = 0
	L1D_cache_core[92]: Access = 0, Miss = 0, Miss_rate = -nan, Pending_hits = 0, Reservation_fails = 0
	L1D_cache_core[93]: Access = 0, Miss = 0, Miss_rate = -nan, Pending_hits = 0, Reservation_fails = 0
	L1D_cache_core[94]: Access = 0, Miss = 0, Miss_rate = -nan, Pending_hits = 0, Reservation_fails = 0
	L1D_cache_core[95]: Access = 0, Miss = 0, Miss_rate = -nan, Pending_hits = 0, Reservation_fails = 0
	L1D_cache_core[96]: Access = 0, Miss = 0, Miss_rate = -nan, Pending_hits = 0, Reservation_fails = 0
	L1D_cache_core[97]: Access = 0, Miss = 0, Miss_rate = -nan, Pending_hits = 0, Reservation_fails = 0
	L1D_cache_core[98]: Access = 0, Miss = 0, Miss_rate = -nan, Pending_hits = 0, Reservation_fails = 0
	L1D_cache_core[99]: Access = 0, Miss = 0, Miss_rate = -nan, Pending_hits = 0, Reservation_fails = 0
	L1D_cache_core[100]: Access = 0, Miss = 0, Miss_rate = -nan, Pending_hits = 0, Reservation_fails = 0
	L1D_cache_core[101]: Access = 0, Miss = 0, Miss_rate = -nan, Pending_hits = 0, Reservation_fails = 0
	L1D_cache_core[102]: Access = 0, Miss = 0, Miss_rate = -nan, Pending_hits = 0, Reservation_fails = 0
	L1D_cache_core[103]: Access = 0, Miss = 0, Miss_rate = -nan, Pending_hits = 0, Reservation_fails = 0
	L1D_cache_core[104]: Access = 0, Miss = 0, Miss_rate = -nan, Pending_hits = 0, Reservation_fails = 0
	L1D_cache_core[105]: Access = 0, Miss = 0, Miss_rate = -nan, Pending_hits = 0, Reservation_fails = 0
	L1D_cache_core[106]: Access = 0, Miss = 0, Miss_rate = -nan, Pending_hits = 0, Reservation_fails = 0
	L1D_cache_core[107]: Access = 0, Miss = 0, Miss_rate = -nan, Pending_hits = 0, Reservation_fails = 0
	L1D_cache_core[108]: Access = 0, Miss = 0, Miss_rate = -nan, Pending_hits = 0, Reservation_fails = 0
	L1D_cache_core[109]: Access = 0, Miss = 0, Miss_rate = -nan, Pending_hits = 0, Reservation_fails = 0
	L1D_cache_core[110]: Access = 0, Miss = 0, Miss_rate = -nan, Pending_hits = 0, Reservation_fails = 0
	L1D_cache_core[111]: Access = 0, Miss = 0, Miss_rate = -nan, Pending_hits = 0, Reservation_fails = 0
	L1D_cache_core[112]: Access = 0, Miss = 0, Miss_rate = -nan, Pending_hits = 0, Reservation_fails = 0
	L1D_cache_core[113]: Access = 0, Miss = 0, Miss_rate = -nan, Pending_hits = 0, Reservation_fails = 0
	L1D_total_cache_accesses = 1024
	L1D_total_cache_misses = 512
	L1D_total_cache_miss_rate = 0.5000
	L1D_total_cache_pending_hits = 0
	L1D_total_cache_reservation_fails = 0
	L1D_cache_data_port_util = 0.000
	L1D_cache_fill_port_util = 0.000
L1C_cache:
	L1C_total_cache_accesses = 0
	L1C_total_cache_misses = 0
	L1C_total_cache_pending_hits = 0
	L1C_total_cache_reservation_fails = 0
L1T_cache:
	L1T_total_cache_accesses = 0
	L1T_total_cache_misses = 0
	L1T_total_cache_pending_hits = 0
	L1T_total_cache_reservation_fails = 0

Total_core_cache_stats:
	Total_core_cache_stats_breakdown[GLOBAL_ACC_R][HIT] = 0
	Total_core_cache_stats_breakdown[GLOBAL_ACC_R][HIT_RESERVED] = 0
	Total_core_cache_stats_breakdown[GLOBAL_ACC_R][MISS] = 128
	Total_core_cache_stats_breakdown[GLOBAL_ACC_R][RESERVATION_FAIL] = 0
	Total_core_cache_stats_breakdown[GLOBAL_ACC_R][SECTOR_MISS] = 384
	Total_core_cache_stats_breakdown[GLOBAL_ACC_R][MSHR_HIT] = 0
	Total_core_cache_stats_breakdown[GLOBAL_ACC_R][WRITE_ALLOCATED] = 0
	Total_core_cache_stats_breakdown[CHIPLET_ACC_R][HIT] = 0
	Total_core_cache_stats_breakdown[CHIPLET_ACC_R][HIT_RESERVED] = 0
	Total_core_cache_stats_breakdown[CHIPLET_ACC_R][MISS] = 0
	Total_core_cache_stats_breakdown[CHIPLET_ACC_R][RESERVATION_FAIL] = 0
	Total_core_cache_stats_breakdown[CHIPLET_ACC_R][SECTOR_MISS] = 0
	Total_core_cache_stats_breakdown[CHIPLET_ACC_R][MSHR_HIT] = 0
	Total_core_cache_stats_breakdown[CHIPLET_ACC_R][WRITE_ALLOCATED] = 0
	Total_core_cache_stats_breakdown[LOCAL_ACC_R][HIT] = 0
	Total_core_cache_stats_breakdown[LOCAL_ACC_R][HIT_RESERVED] = 0
	Total_core_cache_stats_breakdown[LOCAL_ACC_R][MISS] = 0
	Total_core_cache_stats_breakdown[LOCAL_ACC_R][RESERVATION_FAIL] = 0
	Total_core_cache_stats_breakdown[LOCAL_ACC_R][SECTOR_MISS] = 0
	Total_core_cache_stats_breakdown[LOCAL_ACC_R][MSHR_HIT] = 0
	Total_core_cache_stats_breakdown[LOCAL_ACC_R][WRITE_ALLOCATED] = 0
	Total_core_cache_stats_breakdown[CONST_ACC_R][HIT] = 0
	Total_core_cache_stats_breakdown[CONST_ACC_R][HIT_RESERVED] = 0
	Total_core_cache_stats_breakdown[CONST_ACC_R][MISS] = 0
	Total_core_cache_stats_breakdown[CONST_ACC_R][RESERVATION_FAIL] = 0
	Total_core_cache_stats_breakdown[CONST_ACC_R][SECTOR_MISS] = 0
	Total_core_cache_stats_breakdown[CONST_ACC_R][MSHR_HIT] = 0
	Total_core_cache_stats_breakdown[CONST_ACC_R][WRITE_ALLOCATED] = 0
	Total_core_cache_stats_breakdown[TEXTURE_ACC_R][HIT] = 0
	Total_core_cache_stats_breakdown[TEXTURE_ACC_R][HIT_RESERVED] = 0
	Total_core_cache_stats_breakdown[TEXTURE_ACC_R][MISS] = 0
	Total_core_cache_stats_breakdown[TEXTURE_ACC_R][RESERVATION_FAIL] = 0
	Total_core_cache_stats_breakdown[TEXTURE_ACC_R][SECTOR_MISS] = 0
	Total_core_cache_stats_breakdown[TEXTURE_ACC_R][MSHR_HIT] = 0
	Total_core_cache_stats_breakdown[TEXTURE_ACC_R][WRITE_ALLOCATED] = 0
	Total_core_cache_stats_breakdown[GLOBAL_ACC_W][HIT] = 512
	Total_core_cache_stats_breakdown[GLOBAL_ACC_W][HIT_RESERVED] = 0
	Total_core_cache_stats_breakdown[GLOBAL_ACC_W][MISS] = 0
	Total_core_cache_stats_breakdown[GLOBAL_ACC_W][RESERVATION_FAIL] = 0
	Total_core_cache_stats_breakdown[GLOBAL_ACC_W][SECTOR_MISS] = 0
	Total_core_cache_stats_breakdown[GLOBAL_ACC_W][MSHR_HIT] = 0
	Total_core_cache_stats_breakdown[GLOBAL_ACC_W][WRITE_ALLOCATED] = 0
	Total_core_cache_stats_breakdown[CHIPLET_ACC_W][HIT] = 0
	Total_core_cache_stats_breakdown[CHIPLET_ACC_W][HIT_RESERVED] = 0
	Total_core_cache_stats_breakdown[CHIPLET_ACC_W][MISS] = 0
	Total_core_cache_stats_breakdown[CHIPLET_ACC_W][RESERVATION_FAIL] = 0
	Total_core_cache_stats_breakdown[CHIPLET_ACC_W][SECTOR_MISS] = 0
	Total_core_cache_stats_breakdown[CHIPLET_ACC_W][MSHR_HIT] = 0
	Total_core_cache_stats_breakdown[CHIPLET_ACC_W][WRITE_ALLOCATED] = 0
	Total_core_cache_stats_breakdown[LOCAL_ACC_W][HIT] = 0
	Total_core_cache_stats_breakdown[LOCAL_ACC_W][HIT_RESERVED] = 0
	Total_core_cache_stats_breakdown[LOCAL_ACC_W][MISS] = 0
	Total_core_cache_stats_breakdown[LOCAL_ACC_W][RESERVATION_FAIL] = 0
	Total_core_cache_stats_breakdown[LOCAL_ACC_W][SECTOR_MISS] = 0
	Total_core_cache_stats_breakdown[LOCAL_ACC_W][MSHR_HIT] = 0
	Total_core_cache_stats_breakdown[LOCAL_ACC_W][WRITE_ALLOCATED] = 0
	Total_core_cache_stats_breakdown[L1_WRBK_ACC][HIT] = 0
	Total_core_cache_stats_breakdown[L1_WRBK_ACC][HIT_RESERVED] = 0
	Total_core_cache_stats_breakdown[L1_WRBK_ACC][MISS] = 0
	Total_core_cache_stats_breakdown[L1_WRBK_ACC][RESERVATION_FAIL] = 0
	Total_core_cache_stats_breakdown[L1_WRBK_ACC][SECTOR_MISS] = 0
	Total_core_cache_stats_breakdown[L1_WRBK_ACC][MSHR_HIT] = 0
	Total_core_cache_stats_breakdown[L1_WRBK_ACC][WRITE_ALLOCATED] = 0
	Total_core_cache_stats_breakdown[L2_WRBK_ACC][HIT] = 0
	Total_core_cache_stats_breakdown[L2_WRBK_ACC][HIT_RESERVED] = 0
	Total_core_cache_stats_breakdown[L2_WRBK_ACC][MISS] = 0
	Total_core_cache_stats_breakdown[L2_WRBK_ACC][RESERVATION_FAIL] = 0
	Total_core_cache_stats_breakdown[L2_WRBK_ACC][SECTOR_MISS] = 0
	Total_core_cache_stats_breakdown[L2_WRBK_ACC][MSHR_HIT] = 0
	Total_core_cache_stats_breakdown[L2_WRBK_ACC][WRITE_ALLOCATED] = 0
	Total_core_cache_stats_breakdown[INST_ACC_R][HIT] = 0
	Total_core_cache_stats_breakdown[INST_ACC_R][HIT_RESERVED] = 0
	Total_core_cache_stats_breakdown[INST_ACC_R][MISS] = 0
	Total_core_cache_stats_breakdown[INST_ACC_R][RESERVATION_FAIL] = 0
	Total_core_cache_stats_breakdown[INST_ACC_R][SECTOR_MISS] = 0
	Total_core_cache_stats_breakdown[INST_ACC_R][MSHR_HIT] = 0
	Total_core_cache_stats_breakdown[INST_ACC_R][WRITE_ALLOCATED] = 0
	Total_core_cache_stats_breakdown[L1_WR_ALLOC_R][HIT] = 0
	Total_core_cache_stats_breakdown[L1_WR_ALLOC_R][HIT_RESERVED] = 0
	Total_core_cache_stats_breakdown[L1_WR_ALLOC_R][MISS] = 0
	Total_core_cache_stats_breakdown[L1_WR_ALLOC_R][RESERVATION_FAIL] = 0
	Total_core_cache_stats_breakdown[L1_WR_ALLOC_R][SECTOR_MISS] = 0
	Total_core_cache_stats_breakdown[L1_WR_ALLOC_R][MSHR_HIT] = 0
	Total_core_cache_stats_breakdown[L1_WR_ALLOC_R][WRITE_ALLOCATED] = 0
	Total_core_cache_stats_breakdown[L2_WR_ALLOC_R][HIT] = 0
	Total_core_cache_stats_breakdown[L2_WR_ALLOC_R][HIT_RESERVED] = 0
	Total_core_cache_stats_breakdown[L2_WR_ALLOC_R][MISS] = 0
	Total_core_cache_stats_breakdown[L2_WR_ALLOC_R][RESERVATION_FAIL] = 0
	Total_core_cache_stats_breakdown[L2_WR_ALLOC_R][SECTOR_MISS] = 0
	Total_core_cache_stats_breakdown[L2_WR_ALLOC_R][MSHR_HIT] = 0
	Total_core_cache_stats_breakdown[L2_WR_ALLOC_R][WRITE_ALLOCATED] = 0
	Total_core_cache_stats_breakdown[GLOBAL_ACC_R][TOTAL_ACCESS] = 512
	Total_core_cache_stats_breakdown[GLOBAL_ACC_W][TOTAL_ACCESS] = 512

Total_core_cache_fail_stats:
ctas_completed 32, Shader 0 warp_id issue ditsribution:
warp_id:
0, 1, 2, 3, 
distro:
932, 911, 896, 896, 
MBARRIER_TRYWAIT,16,0,13259,13459,13659,13859,14059,14259,17639,17839,18039,18239,18439,18639,22019,22219,22419,22619,22819,23019,26399,26599,26799,26999,27199,27399,30779,30979,31179,31379,31579,31779,35159,35359,35559,35759,35959,36159,39539,39739,39939,40139,40339,40539,43919,44119,44319,44519,44719,44919,48784,48984,49184,49384,49584,49784,53164,53364,53564,53764,53964,54164,57544,57744,57944,58144,58344,58544,61924,62124,62324,62524,62724,62924,66304,66504,66704,66904,67104,67304,70684,70884,71084,71284,71484,71684,75064,75264,75464,75664,75864,76064,79444,79644,79844,80044,80244,80444,84311,84511,84711,84911,85111,85311,88691,88891,89091,89291,89491,89691,93071,93271,93471,93671,93871,94071,97451,97651,97851,98051,98251,98451,101831,102031,102231,102431,102631,102831,106211,106411,106611,106811,107011,107211,110591,110791,110991,111191,111391,111591,114971,115171,115371,115571,115771,115971,119836,120036,120236,120436,120636,120836,124216,124416,124616,124816,125016,125216,128596,128796,128996,129196,129396,129596,132976,133176,133376,133576,133776,133976,137356,137556,137756,137956,138156,138356,141736,141936,142136,142336,142536,142736,146116,146316,146516,146716,146916,147116,150496,150696,150896,151096,151296,151496
MBARRIER_TRYWAIT,16,1,13074,13274,13474,13674,13874,14074,14274,17455,17655,17855,18055,18255,18455,18655,21835,22035,22235,22435,22635,22835,23035,26215,26415,26615,26815,27015,27215,27415,30595,30795,30995,31195,31395,31595,31795,34975,35175,35375,35575,35775,35975,36175,39355,39555,39755,39955,40155,40355,40555,43735,43935,44135,44335,44535,44735,44935,48601,48801,49001,49201,49401,49601,49801,52980,53180,53380,53580,53780,53980,54180,57360,57560,57760,57960,58160,58360,58560,61740,61940,62140,62340,62540,62740,62940,66120,66320,66520,66720,66920,67120,67320,70500,70700,70900,71100,71300,71500,71700,74880,75080,75280,75480,75680,75880,76080,79260,79460,79660,79860,80060,80260,80460,84127,84327,84527,84727,84927,85127,85327,88507,88707,88907,89107,89307,89507,89707,92887,93087,93287,93487,93687,93887,94087,97267,97467,97667,97867,98067,98267,98467,101647,101847,102047,102247,102447,102647,102847,106027,106227,106427,106627,106827,107027,107227,110407,110607,110807,111007,111207,111407,111607,114787,114987,115187,115387,115587,115787,115987,119653,119853,120053,120253,120453,120653,120853,124032,124232,124432,124632,124832,125032,125232,128412,128612,128812,129012,129212,129412,129612,132792,132992,133192,133392,133592,133792,133992,137172,137372,137572,137772,137972,138172,138372,141552,141752,141952,142152,142352,142552,142752,145932,146132,146332,146532,146732,146932,147132,150312,150512,150712,150912,151112,151312,151512
MBARRIER_TRYWAIT,16,2,13070,13270,13470,13670,13870,14070,14270,17450,17650,17850,18050,18250,18450,18650,21830,22030,22230,22430,22630,22830,23030,26210,26410,26610,26810,27010,27210,27410,30590,30790,30990,31190,31390,31590,31790,34970,35170,35370,35570,35770,35970,36170,39350,39550,39750,39950,40150,40350,40550,43730,43930,44130,44330,44530,44730,44930,48596,48796,48996,49196,49396,49596,49796,52975,53175,53375,53575,53775,53975,54175,57355,57555,57755,57955,58155,58355,58555,61735,61935,62135,62335,62535,62735,62935,66115,66315,66515,66715,66915,67115,67315,70495,70695,70895,71095,71295,71495,71695,74875,75075,75275,75475,75675,75875,76075,79255,79455,79655,79855,80055,80255,80455,84122,84322,84522,84722,84922,85122,85322,88502,88702,88902,89102,89302,89502,89702,92882,93082,93282,93482,93682,93882,94082,97262,97462,97662,97862,98062,98262,98462,101642,101842,102042,102242,102442,102642,102842,106022,106222,106422,106622,106822,107022,107222,110402,110602,110802,111002,111202,111402,111602,114782,114982,115182,115382,115582,115782,115982,119648,119848,120048,120248,120448,120648,120848,124027,124227,124427,124627,124827,125027,125227,128407,128607,128807,129007,129207,129407,129607,132787,132987,133187,133387,133587,133787,133987,137167,137367,137567,137767,137967,138167,138367,141547,141747,141947,142147,142347,142547,142747,145927,146127,146327,146527,146727,146927,147127,150307,150507,150707,150907,151107,151307,151507
MBARRIER_TRYWAIT,16,3,13071,13271,13471,13671,13871,14071,14271,17451,17651,17851,18051,18251,18451,18651,21831,22031,22231,22431,22631,22831,23031,26211,26411,26611,26811,27011,27211,27411,30591,30791,30991,31191,31391,31591,31791,34971,35171,35371,35571,35771,35971,36171,39351,39551,39751,39951,40151,40351,40551,43731,43931,44131,44331,44531,44731,44931,48596,48796,48996,49196,49396,49596,49796,52975,53175,53375,53575,53775,53975,54175,57355,57555,57755,57955,58155,58355,58555,61735,61935,62135,62335,62535,62735,62935,66115,66315,66515,66715,66915,67115,67315,70495,70695,70895,71095,71295,71495,71695,74875,75075,75275,75475,75675,75875,76075,79255,79455,79655,79855,80055,80255,80455,84123,84323,84523,84723,84923,85123,85323,88503,88703,88903,89103,89303,89503,89703,92883,93083,93283,93483,93683,93883,94083,97263,97463,97663,97863,98063,98263,98463,101643,101843,102043,102243,102443,102643,102843,106023,106223,106423,106623,106823,107023,107223,110403,110603,110803,111003,111203,111403,111603,114783,114983,115183,115383,115583,115783,115983,119648,119848,120048,120248,120448,120648,120848,124027,124227,124427,124627,124827,125027,125227,128407,128607,128807,129007,129207,129407,129607,132787,132987,133187,133387,133587,133787,133987,137167,137367,137567,137767,137967,138167,138367,141547,141747,141947,142147,142347,142547,142747,145927,146127,146327,146527,146727,146927,147127,150307,150507,150707,150907,151107,151307,151507
MBARRIER_TRYWAIT,17,0,13259,13459,13659,13859,14059,14259,17639,17839,18039,18239,18439,18639,22019,22219,22419,22619,22819,23019,26399,26599,26799,26999,27199,27399,30779,30979,31179,31379,31579,31779,35159,35359,35559,35759,35959,36159,39539,39739,39939,40139,40339,40539,44406,44606,44806,45006,45206,45406,48787,48987,49187,49387,49587,49787,53167,53367,53567,53767,53967,54167,57547,57747,57947,58147,58347,58547,61927,62127,62327,62527,62727,62927,66307,66507,66707,66907,67107,67307,70687,70887,71087,71287,71487,71687,75067,75267,75467,75667,75867,76067,79934,80134,80334,80534,80734,80934,84315,84515,84715,84915,85115,85315,88695,88895,89095,89295,89495,89695,93075,93275,93475,93675,93875,94075,97455,97655,97855,98055,98255,98455,101835,102035,102235,102435,102635,102835,106215,106415,106615,106815,107015,107215,110595,110795,110995,111195,111395,111595,115460,115660,115860,116060,116260,116460,119840,120040,120240,120440,120640,120840,124220,124420,124620,124820,125020,125220,128600,128800,129000,129200,129400,129600,132980,133180,133380,133580,133780,133980,137360,137560,137760,137960,138160,138360,141740,141940,142140,142340,142540,142740,146120,146320,146520,146720,146920,147120,150986,151186,151386,151586,151786,151986
MBARRIER_TRYWAIT,17,1,13074,13274,13474,13674,13874,14074,14274,17455,17655,17855,18055,18255,18455,18655,21835,22035,22235,22435,22635,22835,23035,26215,26415,26615,26815,27015,27215,27415,30595,30795,30995,31195,31395,31595,31795,34975,35175,35375,35575,35775,35975,36175,39355,39555,39755,39955,40155,40355,40555,44222,44422,44622,44822,45022,45222,45422,48603,48803,49003,49203,49403,49603,49803,52983,53183,53383,53583,53783,53983,54183,57363,57563,57763,57963,58163,58363,58563,61743,61943,62143,62343,62543,62743,62943,66123,66323,66523,66723,66923,67123,67323,70503,70703,70903,71103,71303,71503,71703,74883,75083,75283,75483,75683,75883,76083,79750,79950,80150,80350,80550,80750,80950,84131,84331,84531,84731,84931,85131,85331,88511,88711,88911,89111,89311,89511,89711,92891,93091,93291,93491,93691,93891,94091,97271,97471,97671,97871,98071,98271,98471,101651,101851,102051,102251,102451,102651,102851,106031,106231,106431,106631,106831,107031,107231,110411,110611,110811,111011,111211,111411,111611,115277,115477,115677,115877,116077,116277,116477,119656,119856,120056,120256,120456,120656,120856,124036,124236,124436,124636,124836,125036,125236,128416,128616,128816,129016,129216,129416,129616,132796,132996,133196,133396,133596,133796,133996,137176,137376,137576,137776,137976,138176,138376,141556,141756,141956,142156,142356,142556,142756,145936,146136,146336,146536,146736,146936,147136,150802,151002,151202,151402,151602,151802,152002
MBARRIER_TRYWAIT,17,2,13070,13270,13470,13670,13870,14070,14270,17450,17650,17850,18050,18250,18450,18650,21830,22030,22230,22430,22630,22830,23030,26210,26410,26610,26810,27010,27210,27410,30590,30790,30990,31190,31390,31590,31790,34970,35170,35370,35570,35770,35970,36170,39350,39550,39750,39950,40150,40350,40550,44218,44418,44618,44818,45018,45218,45418,48598,48798,48998,49198,49398,49598,49798,52978,53178,53378,53578,53778,53978,54178,57358,57558,57758,57958,58158,58358,58558,61738,61938,62138,62338,62538,62738,62938,66118,66318,66518,66718,66918,67118,67318,70498,70698,70898,71098,71298,71498,71698,74878,75078,75278,75478,75678,75878,76078,79746,79946,80146,80346,80546,80746,80946,84126,84326,84526,84726,84926,85126,85326,88506,88706,88906,89106,89306,89506,89706,92886,93086,93286,93486,93686,93886,94086,97266,97466,97666,97866,98066,98266,98466,101646,101846,102046,102246,102446,102646,102846,106026,106226,106426,106626,106826,107026,107226,110406,110606,110806,111006,111206,111406,111606,115272,115472,115672,115872,116072,116272,116472,119651,119851,120051,120251,120451,120651,120851,124031,124231,124431,124631,124831,125031,125231,128411,128611,128811,129011,129211,129411,129611,132791,132991,133191,133391,133591,133791,133991,137171,137371,137571,137771,137971,138171,138371,141551,141751,141951,142151,142351,142551,142751,145931,146131,146331,146531,146731,146931,147131,150798,150998,151198,151398,151598,151798,151998
MBARRIER_TRYWAIT,17,3,13071,13271,13471,13671,13871,14071,14271,17451,17651,17851,18051,18251,18451,18651,21831,22031,22231,22431,22631,22831,23031,26211,26411,26611,26811,27011,27211,27411,30591,30791,30991,31191,31391,31591,31791,34971,35171,35371,35571,35771,35971,36171,39351,39551,39751,39951,40151,40351,40551,44218,44418,44618,44818,45018,45218,45418,48599,48799,48999,49199,49399,49599,49799,52979,53179,53379,53579,53779,53979,54179,57359,57559,57759,57959,58159,58359,58559,61739,61939,62139,62339,62539,62739,62939,66119,66319,66519,66719,66919,67119,67319,70499,70699,70899,71099,71299,71499,71699,74879,75079,75279,75479,75679,75879,76079,79746,79946,80146,80346,80546,80746,80946,84127,84327,84527,84727,84927,85127,85327,88507,88707,88907,89107,89307,89507,89707,92887,93087,93287,93487,93687,93887,94087,97267,97467,97667,97867,98067,98267,98467,101647,101847,102047,102247,102447,102647,102847,106027,106227,106427,106627,106827,107027,107227,110407,110607,110807,111007,111207,111407,111607,115272,115472,115672,115872,116072,116272,116472,119651,119851,120051,120251,120451,120651,120851,124031,124231,124431,124631,124831,125031,125231,128411,128611,128811,129011,129211,129411,129611,132791,132991,133191,133391,133591,133791,133991,137171,137371,137571,137771,137971,138171,138371,141551,141751,141951,142151,142351,142551,142751,145931,146131,146331,146531,146731,146931,147131,150798,150998,151198,151398,151598,151798,151998
MBARRIER_TRYWAIT,18,0,13259,13459,13659,13859,14059,14259,17639,17839,18039,18239,18439,18639,22019,22219,22419,22619,22819,23019,26399,26599,26799,26999,27199,27399,30779,30979,31179,31379,31579,31779,35159,35359,35559,35759,35959,36159,40024,40224,40424,40624,40824,41024,44404,44604,44804,45004,45204,45404,48784,48984,49184,49384,49584,49784,53164,53364,53564,53764,53964,54164,57544,57744,57944,58144,58344,58544,61924,62124,62324,62524,62724,62924,66304,66504,66704,66904,67104,67304,70684,70884,71084,71284,71484,71684,75550,75750,75950,76150,76350,76550,79931,80131,80331,80531,80731,80931,84311,84511,84711,84911,85111,85311,88691,88891,89091,89291,89491,89691,93071,93271,93471,93671,93871,94071,97451,97651,97851,98051,98251,98451,101831,102031,102231,102431,102631,102831,106211,106411,106611,106811,107011,107211,111076,111276,111476,111676,111876,112076,115456,115656,115856,116056,116256,116456,119836,120036,120236,120436,120636,120836,124216,124416,124616,124816,125016,125216,128596,128796,128996,129196,129396,129596,132976,133176,133376,133576,133776,133976,137356,137556,137756,137956,138156,138356,141736,141936,142136,142336,142536,142736,146602,146802,147002,147202,147402,147602,150983,151183,151383,151583,151783,151983
MBARRIER_TRYWAIT,18,1,13074,13274,13474,13674,13874,14074,14274,17455,17655,17855,18055,18255,18455,18655,21835,22035,22235,22435,22635,22835,23035,26215,26415,26615,26815,27015,27215,27415,30595,30795,30995,31195,31395,31595,31795,34975,35175,35375,35575,35775,35975,36175,39841,40041,40241,40441,40641,40841,41041,44220,44420,44620,44820,45020,45220,45420,48600,48800,49000,49200,49400,49600,49800,52980,53180,53380,53580,53780,53980,54180,57360,57560,57760,57960,58160,58360,58560,61740,61940,62140,62340,62540,62740,62940,66120,66320,66520,66720,66920,67120,67320,70500,70700,70900,71100,71300,71500,71700,75366,75566,75766,75966,76166,76366,76566,79747,79947,80147,80347,80547,80747,80947,84127,84327,84527,84727,84927,85127,85327,88507,88707,88907,89107,89307,89507,89707,92887,93087,93287,93487,93687,93887,94087,97267,97467,97667,97867,98067,98267,98467,101647,101847,102047,102247,102447,102647,102847,106027,106227,106427,106627,106827,107027,107227,110893,111093,111293,111493,111693,111893,112093,115272,115472,115672,115872,116072,116272,116472,119652,119852,120052,120252,120452,120652,120852,124032,124232,124432,124632,124832,125032,125232,128412,128612,128812,129012,129212,129412,129612,132792,132992,133192,133392,133592,133792,133992,137172,137372,137572,137772,137972,138172,138372,141552,141752,141952,142152,142352,142552,142752,146418,146618,146818,147018,147218,147418,147618,150799,150999,151199,151399,151599,151799,151999
MBARRIER_TRYWAIT,18,2,13070,13270,13470,13670,13870,14070,14270,17450,17650,17850,18050,18250,18450,18650,21830,22030,22230,22430,22630,22830,23030,26210,26410,26610,26810,27010,27210,27410,30590,30790,30990,31190,31390,31590,31790,34970,35170,35370,35570,35770,35970,36170,39836,40036,40236,40436,40636,40836,41036,44215,44415,44615,44815,45015,45215,45415,48595,48795,48995,49195,49395,49595,49795,52975,53175,53375,53575,53775,53975,54175,57355,57555,57755,57955,58155,58355,58555,61735,61935,62135,62335,62535,62735,62935,66115,66315,66515,66715,66915,67115,67315,70495,70695,70895,71095,71295,71495,71695,75362,75562,75762,75962,76162,76362,76562,79742,79942,80142,80342,80542,80742,80942,84122,84322,84522,84722,84922,85122,85322,88502,88702,88902,89102,89302,89502,89702,92882,93082,93282,93482,93682,93882,94082,97262,97462,97662,97862,98062,98262,98462,101642,101842,102042,102242,102442,102642,102842,106022,106222,106422,106622,106822,107022,107222,110888,111088,111288,111488,111688,111888,112088,115267,115467,115667,115867,116067,116267,116467,119647,119847,120047,120247,120447,120647,120847,124027,124227,124427,124627,124827,125027,125227,128407,128607,128807,129007,129207,129407,129607,132787,132987,133187,133387,133587,133787,133987,137167,137367,137567,137767,137967,138167,138367,141547,141747,141947,142147,142347,142547,142747,146414,146614,146814,147014,147214,147414,147614,150794,150994,151194,151394,151594,151794,151994
MBARRIER_TRYWAIT,18,3,13071,13271,13471,13671,13871,14071,14271,17451,17651,17851,18051,18251,18451,18651,21831,22031,22231,22431,22631,22831,23031,26211,26411,26611,26811,27011,27211,27411,30591,30791,30991,31191,31391,31591,31791,34971,35171,35371,35571,35771,35971,36171,39836,40036,40236,40436,40636,40836,41036,44215,44415,44615,44815,45015,45215,45415,48595,48795,48995,49195,49395,49595,49795,52975,53175,53375,53575,53775,53975,54175,57355,57555,57755,57955,58155,58355,58555,61735,61935,62135,62335,62535,62735,62935,66115,66315,66515,66715,66915,67115,67315,70495,70695,70895,71095,71295,71495,71695,75362,75562,75762,75962,76162,76362,76562,79743,79943,80143,80343,80543,80743,80943,84123,84323,84523,84723,84923,85123,85323,88503,88703,88903,89103,89303,89503,89703,92883,93083,93283,93483,93683,93883,94083,97263,97463,97663,97863,98063,98263,98463,101643,101843,102043,102243,102443,102643,102843,106023,106223,106423,106623,106823,107023,107223,110888,111088,111288,111488,111688,111888,112088,115267,115467,115667,115867,116067,116267,116467,119647,119847,120047,120247,120447,120647,120847,124027,124227,124427,124627,124827,125027,125227,128407,128607,128807,129007,129207,129407,129607,132787,132987,133187,133387,133587,133787,133987,137167,137367,137567,137767,137967,138167,138367,141547,141747,141947,142147,142347,142547,142747,146414,146614,146814,147014,147214,147414,147614,150795,150995,151195,151395,151595,151795,151995
MBARRIER_TRYWAIT,19,0,13259,13459,13659,13859,14059,14259,17639,17839,18039,18239,18439,18639,22019,22219,22419,22619,22819,23019,26399,26599,26799,26999,27199,27399,30779,30979,31179,31379,31579,31779,35644,35844,36044,36244,36444,36644,40024,40224,40424,40624,40824,41024,44404,44604,44804,45004,45204,45404,48784,48984,49184,49384,49584,49784,53164,53364,53564,53764,53964,54164,57544,57744,57944,58144,58344,58544,61924,62124,62324,62524,62724,62924,66304,66504,66704,66904,67104,67304,71171,71371,71571,71771,71971,72171,75551,75751,75951,76151,76351,76551,79931,80131,80331,80531,80731,80931,84311,84511,84711,84911,85111,85311,88691,88891,89091,89291,89491,89691,93071,93271,93471,93671,93871,94071,97451,97651,97851,98051,98251,98451,101831,102031,102231,102431,102631,102831,106696,106896,107096,107296,107496,107696,111076,111276,111476,111676,111876,112076,115456,115656,115856,116056,116256,116456,119836,120036,120236,120436,120636,120836,124216,124416,124616,124816,125016,125216,128596,128796,128996,129196,129396,129596,132976,133176,133376,133576,133776,133976,137356,137556,137756,137956,138156,138356,142222,142422,142622,142822,143022,143222,146603,146803,147003,147203,147403,147603,150983,151183,151383,151583,151783,151983
MBARRIER_TRYWAIT,19,1,13074,13274,13474,13674,13874,14074,14274,17455,17655,17855,18055,18255,18455,18655,21835,22035,22235,22435,22635,22835,23035,26215,26415,26615,26815,27015,27215,27415,30595,30795,30995,31195,31395,31595,31795,35461,35661,35861,36061,36261,36461,36661,39840,40040,40240,40440,40640,40840,41040,44220,44420,44620,44820,45020,45220,45420,48600,48800,49000,49200,49400,49600,49800,52980,53180,53380,53580,53780,53980,54180,57360,57560,57760,57960,58160,58360,58560,61740,61940,62140,62340,62540,62740,62940,66120,66320,66520,66720,66920,67120,67320,70987,71187,71387,71587,71787,71987,72187,75367,75567,75767,75967,76167,76367,76567,79747,79947,80147,80347,80547,80747,80947,84127,84327,84527,84727,84927,85127,85327,88507,88707,88907,89107,89307,89507,89707,92887,93087,93287,93487,93687,93887,94087,97267,97467,97667,97867,98067,98267,98467,101647,101847,102047,102247,102447,102647,102847,106513,106713,106913,107113,107313,107513,107713,110892,111092,111292,111492,111692,111892,112092,115272,115472,115672,115872,116072,116272,116472,119652,119852,120052,120252,120452,120652,120852,124032,124232,124432,124632,124832,125032,125232,128412,128612,128812,129012,129212,129412,129612,132792,132992,133192,133392,133592,133792,133992,137172,137372,137572,137772,137972,138172,138372,142038,142238,142438,142638,142838,143038,143238,146419,146619,146819,147019,147219,147419,147619,150799,150999,151199,151399,151599,151799,151999
MBARRIER_TRYWAIT,19,2,13070,13270,13470,13670,13870,14070,14270,17450,17650,17850,18050,18250,18450,18650,21830,22030,22230,22430,22630,22830,23030,26210,26410,26610,26810,27010,27210,27410,30590,30790,30990,31190,31390,31590,31790,35456,35656,35856,36056,36256,36456,36656,39835,40035,40235,40435,40635,40835,41035,44215,44415,44615,44815,45015,45215,45415,48595,48795,48995,49195,49395,49595,49795,52975,53175,53375,53575,53775,53975,54175,57355,57555,57755,57955,58155,58355,58555,61735,61935,62135,62335,62535,62735,62935,66115,66315,66515,66715,66915,67115,67315,70982,71182,71382,71582,71782,71982,72182,75362,75562,75762,75962,76162,76362,76562,79742,79942,80142,80342,80542,80742,80942,84122,84322,84522,84722,84922,85122,85322,88502,88702,88902,89102,89302,89502,89702,92882,93082,93282,93482,93682,93882,94082,97262,97462,97662,97862,98062,98262,98462,101642,101842,102042,102242,102442,102642,102842,106508,106708,106908,107108,107308,107508,107708,110887,111087,111287,111487,111687,111887,112087,115267,115467,115667,115867,116067,116267,116467,119647,119847,120047,120247,120447,120647,120847,124027,124227,124427,124627,124827,125027,125227,128407,128607,128807,129007,129207,129407,129607,132787,132987,133187,133387,133587,133787,133987,137167,137367,137567,137767,137967,138167,138367,142034,142234,142434,142634,142834,143034,143234,146414,146614,146814,147014,147214,147414,147614,150794,150994,151194,151394,151594,151794,151994
MBARRIER_TRYWAIT,19,3,13071,13271,13471,13671,13871,14071,14271,17451,17651,17851,18051,18251,18451,18651,21831,22031,22231,22431,22631,22831,23031,26211,26411,26611,26811,27011,27211,27411,30591,30791,30991,31191,31391,31591,31791,35456,35656,35856,36056,36256,36456,36656,39835,40035,40235,40435,40635,40835,41035,44215,44415,44615,44815,45015,45215,45415,48595,48795,48995,49195,49395,49595,49795,52975,53175,53375,53575,53775,53975,54175,57355,57555,57755,57955,58155,58355,58555,61735,61935,62135,62335,62535,62735,62935,66115,66315,66515,66715,66915,67115,67315,70983,71183,71383,71583,71783,71983,72183,75363,75563,75763,75963,76163,76363,76563,79743,79943,80143,80343,80543,80743,80943,84123,84323,84523,84723,84923,85123,85323,88503,88703,88903,89103,89303,89503,89703,92883,93083,93283,93483,93683,93883,94083,97263,97463,97663,97863,98063,98263,98463,101643,101843,102043,102243,102443,102643,102843,106508,106708,106908,107108,107308,107508,107708,110887,111087,111287,111487,111687,111887,112087,115267,115467,115667,115867,116067,116267,116467,119647,119847,120047,120247,120447,120647,120847,124027,124227,124427,124627,124827,125027,125227,128407,128607,128807,129007,129207,129407,129607,132787,132987,133187,133387,133587,133787,133987,137167,137367,137567,137767,137967,138167,138367,142034,142234,142434,142634,142834,143034,143234,146415,146615,146815,147015,147215,147415,147615,150795,150995,151195,151395,151595,151795,151995
MBARRIER_TRYWAIT,20,0,13259,13459,13659,13859,14059,14259,17639,17839,18039,18239,18439,18639,22019,22219,22419,22619,22819,23019,26399,26599,26799,26999,27199,27399,31264,31464,31664,31864,32064,32264,35644,35844,36044,36244,36444,36644,40024,40224,40424,40624,40824,41024,44404,44604,44804,45004,45204,45404,48784,48984,49184,49384,49584,49784,53164,53364,53564,53764,53964,54164,57544,57744,57944,58144,58344,58544,61924,62124,62324,62524,62724,62924,66790,66990,67190,67390,67590,67790,71171,71371,71571,71771,71971,72171,75551,75751,75951,76151,76351,76551,79931,80131,80331,80531,80731,80931,84311,84511,84711,84911,85111,85311,88691,88891,89091,89291,89491,89691,93071,93271,93471,93671,93871,94071,97451,97651,97851,98051,98251,98451,102316,102516,102716,102916,103116,103316,106696,106896,107096,107296,107496,107696,111076,111276,111476,111676,111876,112076,115456,115656,115856,116056,116256,116456,119836,120036,120236,120436,120636,120836,124216,124416,124616,124816,125016,125216,128596,128796,128996,129196,129396,129596,132976,133176,133376,133576,133776,133976,137843,138043,138243,138443,138643,138843,142223,142423,142623,142823,143023,143223,146603,146803,147003,147203,147403,147603,150983,151183,151383,151583,151783,151983
MBARRIER_TRYWAIT,20,1,13074,13274,13474,13674,13874,14074,14274,17455,17655,17855,18055,18255,18455,18655,21835,22035,22235,22435,22635,22835,23035,26215,26415,26615,26815,27015,27215,27415,31081,31281,31481,31681,31881,32081,32281,35460,35660,35860,36060,36260,36460,36660,39840,40040,40240,40440,40640,40840,41040,44220,44420,44620,44820,45020,45220,45420,48600,48800,49000,49200,49400,49600,49800,52980,53180,53380,53580,53780,53980,54180,57360,57560,57760,57960,58160,58360,58560,61740,61940,62140,62340,62540,62740,62940,66606,66806,67006,67206,67406,67606,67806,70987,71187,71387,71587,71787,71987,72187,75367,75567,75767,75967,76167,76367,76567,79747,79947,80147,80347,80547,80747,80947,84127,84327,84527,84727,84927,85127,85327,88507,88707,88907,89107,89307,89507,89707,92887,93087,93287,93487,93687,93887,94087,97267,97467,97667,97867,98067,98267,98467,102133,102333,102533,102733,102933,103133,103333,106512,106712,106912,107112,107312,107512,107712,110892,111092,111292,111492,111692,111892,112092,115272,115472,115672,115872,116072,116272,116472,119652,119852,120052,120252,120452,120652,120852,124032,124232,124432,124632,124832,125032,125232,128412,128612,128812,129012,129212,129412,129612,132792,132992,133192,133392,133592,133792,133992,137659,137859,138059,138259,138459,138659,138859,142039,142239,142439,142639,142839,143039,143239,146419,146619,146819,147019,147219,147419,147619,150799,150999,151199,151399,151599,151799,151999
MBARRIER_TRYWAIT,20,2,13070,13270,13470,13670,13870,14070,14270,17450,17650,17850,18050,18250,18450,18650,21830,22030,22230,22430,22630,22830,23030,26210,26410,26610,26810,27010,27210,27410,31076,31276,31476,31676,31876,32076,32276,35455,35655,35855,36055,36255,36455,36655,39835,40035,40235,40435,40635,40835,41035,44215,44415,44615,44815,45015,45215,45415,48595,48795,48995,49195,49395,49595,49795,52975,53175,53375,53575,53775,53975,54175,57355,57555,57755,57955,58155,58355,58555,61735,61935,62135,62335,62535,62735,62935,66602,66802,67002,67202,67402,67602,67802,70982,71182,71382,71582,71782,71982,72182,75362,75562,75762,75962,76162,76362,76562,79742,79942,80142,80342,80542,80742,80942,84122,84322,84522,84722,84922,85122,85322,88502,88702,88902,89102,89302,89502,89702,92882,93082,93282,93482,93682,93882,94082,97262,97462,97662,97862,98062,98262,98462,102128,102328,102528,102728,102928,103128,103328,106507,106707,106907,107107,107307,107507,107707,110887,111087,111287,111487,111687,111887,112087,115267,115467,115667,115867,116067,116267,116467,119647,119847,120047,120247,120447,120647,120847,124027,124227,124427,124627,124827,125027,125227,128407,128607,128807,129007,129207,129407,129607,132787,132987,133187,133387,133587,133787,133987,137654,137854,138054,138254,138454,138654,138854,142034,142234,142434,142634,142834,143034,143234,146414,146614,146814,147014,147214,147414,147614,150794,150994,151194,151394,151594,151794,151994
MBARRIER_TRYWAIT,20,3,13071,13271,13471,13671,13871,14071,14271,17451,17651,17851,18051,18251,18451,18651,21831,22031,22231,22431,22631,22831,23031,26211,26411,26611,26811,27011,27211,27411,31076,31276,31476,31676,31876,32076,32276,35455,35655,35855,36055,36255,36455,36655,39835,40035,40235,40435,40635,40835,41035,44215,44415,44615,44815,45015,45215,45415,48595,48795,48995,49195,49395,49595,49795,52975,53175,53375,53575,53775,53975,54175,57355,57555,57755,57955,58155,58355,58555,61735,61935,62135,62335,62535,62735,62935,66602,66802,67002,67202,67402,67602,67802,70983,71183,71383,71583,71783,71983,72183,75363,75563,75763,75963,76163,76363,76563,79743,79943,80143,80343,80543,80743,80943,84123,84323,84523,84723,84923,85123,85323,88503,88703,88903,89103,89303,89503,89703,92883,93083,93283,93483,93683,93883,94083,97263,97463,97663,97863,98063,98263,98463,102128,102328,102528,102728,102928,103128,103328,106507,106707,106907,107107,107307,107507,107707,110887,111087,111287,111487,111687,111887,112087,115267,115467,115667,115867,116067,116267,116467,119647,119847,120047,120247,120447,120647,120847,124027,124227,124427,124627,124827,125027,125227,128407,128607,128807,129007,129207,129407,129607,132787,132987,133187,133387,133587,133787,133987,137655,137855,138055,138255,138455,138655,138855,142035,142235,142435,142635,142835,143035,143235,146415,146615,146815,147015,147215,147415,147615,150795,150995,151195,151395,151595,151795,151995
MBARRIER_TRYWAIT,21,0,13259,13459,13659,13859,14059,14259,17639,17839,18039,18239,18439,18639,22019,22219,22419,22619,22819,23019,26884,27084,27284,27484,27684,27884,31264,31464,31664,31864,32064,32264,35644,35844,36044,36244,36444,36644,40024,40224,40424,40624,40824,41024,44404,44604,44804,45004,45204,45404,48784,48984,49184,49384,49584,49784,53164,53364,53564,53764,53964,54164,57544,57744,57944,58144,58344,58544,62411,62611,62811,63011,63211,63411,66791,66991,67191,67391,67591,67791,71171,71371,71571,71771,71971,72171,75551,75751,75951,76151,76351,76551,79931,80131,80331,80531,80731,80931,84311,84511,84711,84911,85111,85311,88691,88891,89091,89291,89491,89691,93071,93271,93471,93671,93871,94071,97936,98136,98336,98536,98736,98936,102316,102516,102716,102916,103116,103316,106696,106896,107096,107296,107496,107696,111076,111276,111476,111676,111876,112076,115456,115656,115856,116056,116256,116456,119836,120036,120236,120436,120636,120836,124216,124416,124616,124816,125016,125216,128596,128796,128996,129196,129396,129596,133462,133662,133862,134062,134262,134462,137843,138043,138243,138443,138643,138843,142223,142423,142623,142823,143023,143223,146603,146803,147003,147203,147403,147603,150983,151183,151383,151583,151783,151983
MBARRIER_TRYWAIT,21,1,13074,13274,13474,13674,13874,14074,14274,17455,17655,17855,18055,18255,18455,18655,21835,22035,22235,22435,22635,22835,23035,26701,26901,27101,27301,27501,27701,27901,31080,31280,31480,31680,31880,32080,32280,35460,35660,35860,36060,36260,36460,36660,39840,40040,40240,40440,40640,40840,41040,44220,44420,44620,44820,45020,45220,45420,48600,48800,49000,49200,49400,49600,49800,52980,53180,53380,53580,53780,53980,54180,57360,57560,57760,57960,58160,58360,58560,62227,62427,62627,62827,63027,63227,63427,66607,66807,67007,67207,67407,67607,67807,70987,71187,71387,71587,71787,71987,72187,75367,75567,75767,75967,76167,76367,76567,79747,79947,80147,80347,80547,80747,80947,84127,84327,84527,84727,84927,85127,85327,88507,88707,88907,89107,89307,89507,89707,92887,93087,93287,93487,93687,93887,94087,97753,97953,98153,98353,98553,98753,98953,102132,102332,102532,102732,102932,103132,103332,106512,106712,106912,107112,107312,107512,107712,110892,111092,111292,111492,111692,111892,112092,115272,115472,115672,115872,116072,116272,116472,119652,119852,120052,120252,120452,120652,120852,124032,124232,124432,124632,124832,125032,125232,128412,128612,128812,129012,129212,129412,129612,133278,133478,133678,133878,134078,134278,134478,137659,137859,138059,138259,138459,138659,138859,142039,142239,142439,142639,142839,143039,143239,146419,146619,146819,147019,147219,147419,147619,150799,150999,151199,151399,151599,151799,151999
MBARRIER_TRYWAIT,21,2,13070,13270,13470,13670,13870,14070,14270,17450,17650,17850,18050,18250,18450,18650,21830,22030,22230,22430,22630,22830,23030,26696,26896,27096,27296,27496,27696,27896,31075,31275,31475,31675,31875,32075,32275,35455,35655,35855,36055,36255,36455,36655,39835,40035,40235,40435,40635,40835,41035,44215,44415,44615,44815,45015,45215,45415,48595,48795,48995,49195,49395,49595,49795,52975,53175,53375,53575,53775,53975,54175,57355,57555,57755,57955,58155,58355,58555,62222,62422,62622,62822,63022,63222,63422,66602,66802,67002,67202,67402,67602,67802,70982,71182,71382,71582,71782,71982,72182,75362,75562,75762,75962,76162,76362,76562,79742,79942,80142,80342,80542,80742,80942,84122,84322,84522,84722,84922,85122,85322,88502,88702,88902,89102,89302,89502,89702,92882,93082,93282,93482,93682,93882,94082,97748,97948,98148,98348,98548,98748,98948,102127,102327,102527,102727,102927,103127,103327,106507,106707,106907,107107,107307,107507,107707,110887,111087,111287,111487,111687,111887,112087,115267,115467,115667,115867,116067,116267,116467,119647,119847,120047,120247,120447,120647,120847,124027,124227,124427,124627,124827,125027,125227,128407,128607,128807,129007,129207,129407,129607,133274,133474,133674,133874,134074,134274,134474,137654,137854,138054,138254,138454,138654,138854,142034,142234,142434,142634,142834,143034,143234,146414,146614,146814,147014,147214,147414,147614,150794,150994,151194,151394,151594,151794,151994
MBARRIER_TRYWAIT,21,3,13071,13271,13471,13671,13871,14071,14271,17451,17651,17851,18051,18251,18451,18651,21831,22031,22231,22431,22631,22831,23031,26696,26896,27096,27296,27496,27696,27896,31075,31275,31475,31675,31875,32075,32275,35455,35655,35855,36055,36255,36455,36655,39835,40035,40235,40435,40635,40835,41035,44215,44415,44615,44815,45015,45215,45415,48595,48795,48995,49195,49395,49595,49795,52975,53175,53375,53575,53775,53975,54175,57355,57555,57755,57955,58155,58355,58555,62223,62423,62623,62823,63023,63223,63423,66603,66803,67003,67203,67403,67603,67803,70983,71183,71383,71583,71783,71983,72183,75363,75563,75763,75963,76163,76363,76563,79743,79943,80143,80343,80543,80743,80943,84123,84323,84523,84723,84923,85123,85323,88503,88703,88903,89103,89303,89503,89703,92883,93083,93283,93483,93683,93883,94083,97748,97948,98148,98348,98548,98748,98948,102127,102327,102527,102727,102927,103127,103327,106507,106707,106907,107107,107307,107507,107707,110887,111087,111287,111487,111687,111887,112087,115267,115467,115667,115867,116067,116267,116467,119647,119847,120047,120247,120447,120647,120847,124027,124227,124427,124627,124827,125027,125227,128407,128607,128807,129007,129207,129407,129607,133274,133474,133674,133874,134074,134274,134474,137655,137855,138055,138255,138455,138655,138855,142035,142235,142435,142635,142835,143035,143235,146415,146615,146815,147015,147215,147415,147615,150795,150995,151195,151395,151595,151795,151995
MBARRIER_TRYWAIT,22,0,13259,13459,13659,13859,14059,14259,17639,17839,18039,18239,18439,18639,22504,22704,22904,23104,23304,23504,26884,27084,27284,27484,27684,27884,31264,31464,31664,31864,32064,32264,35644,35844,36044,36244,36444,36644,40024,40224,40424,40624,40824,41024,44404,44604,44804,45004,45204,45404,48784,48984,49184,49384,49584,49784,53164,53364,53564,53764,53964,54164,58030,58230,58430,58630,58830,59030,62411,62611,62811,63011,63211,63411,66791,66991,67191,67391,67591,67791,71171,71371,71571,71771,71971,72171,75551,75751,75951,76151,76351,76551,79931,80131,80331,80531,80731,80931,84311,84511,84711,84911,85111,85311,88691,88891,89091,89291,89491,89691,93556,93756,93956,94156,94356,94556,97936,98136,98336,98536,98736,98936,102316,102516,102716,102916,103116,103316,106696,106896,107096,107296,107496,107696,111076,111276,111476,111676,111876,112076,115456,115656,115856,116056,116256,116456,119836,120036,120236,120436,120636,120836,124216,124416,124616,124816,125016,125216,129082,129282,129482,129682,129882,130082,133463,133663,133863,134063,134263,134463,137843,138043,138243,138443,138643,138843,142223,142423,142623,142823,143023,143223,146603,146803,147003,147203,147403,147603,150983,151183,151383,151583,151783,151983
MBARRIER_TRYWAIT,22,1,13074,13274,13474,13674,13874,14074,14274,17455,17655,17855,18055,18255,18455,18655,22321,22521,22721,22921,23121,23321,23521,26700,26900,27100,27300,27500,27700,27900,31080,31280,31480,31680,31880,32080,32280,35460,35660,35860,36060,36260,36460,36660,39840,40040,40240,40440,40640,40840,41040,44220,44420,44620,44820,45020,45220,45420,48600,48800,49000,49200,49400,49600,49800,52980,53180,53380,53580,53780,53980,54180,57846,58046,58246,58446,58646,58846,59046,62227,62427,62627,62827,63027,63227,63427,66607,66807,67007,67207,67407,67607,67807,70987,71187,71387,71587,71787,71987,72187,75367,75567,75767,75967,76167,76367,76567,79747,79947,80147,80347,80547,80747,80947,84127,84327,84527,84727,84927,85127,85327,88507,88707,88907,89107,89307,89507,89707,93373,93573,93773,93973,94173,94373,94573,97752,97952,98152,98352,98552,98752,98952,102132,102332,102532,102732,102932,103132,103332,106512,106712,106912,107112,107312,107512,107712,110892,111092,111292,111492,111692,111892,112092,115272,115472,115672,115872,116072,116272,116472,119652,119852,120052,120252,120452,120652,120852,124032,124232,124432,124632,124832,125032,125232,128898,129098,129298,129498,129698,129898,130098,133279,133479,133679,133879,134079,134279,134479,137659,137859,138059,138259,138459,138659,138859,142039,142239,142439,142639,142839,143039,143239,146419,146619,146819,147019,147219,147419,147619,150799,150999,151199,151399,151599,151799,151999
MBARRIER_TRYWAIT,22,2,13070,13270,13470,13670,13870,14070,14270,17450,17650,17850,18050,18250,18450,18650,22316,22516,22716,22916,23116,23316,23516,26695,26895,27095,27295,27495,27695,27895,31075,31275,31475,31675,31875,32075,32275,35455,35655,35855,36055,36255,36455,36655,39835,40035,40235,40435,40635,40835,41035,44215,44415,44615,44815,45015,45215,45415,48595,48795,48995,49195,49395,49595,49795,52975,53175,53375,53575,53775,53975,54175,57842,58042,58242,58442,58642,58842,59042,62222,62422,62622,62822,63022,63222,63422,66602,66802,67002,67202,67402,67602,67802,70982,71182,71382,71582,71782,71982,72182,75362,75562,75762,75962,76162,76362,76562,79742,79942,80142,80342,80542,80742,80942,84122,84322,84522,84722,84922,85122,85322,88502,88702,88902,89102,89302,89502,89702,93368,93568,93768,93968,94168,94368,94568,97747,97947,98147,98347,98547,98747,98947,102127,102327,102527,102727,102927,103127,103327,106507,106707,106907,107107,107307,107507,107707,110887,111087,111287,111487,111687,111887,112087,115267,115467,115667,115867,116067,116267,116467,119647,119847,120047,120247,120447,120647,120847,124027,124227,124427,124627,124827,125027,125227,128894,129094,129294,129494,129694,129894,130094,133274,133474,133674,133874,134074,134274,134474,137654,137854,138054,138254,138454,138654,138854,142034,142234,142434,142634,142834,143034,143234,146414,146614,146814,147014,147214,147414,147614,150794,150994,151194,151394,151594,151794,151994
MBARRIER_TRYWAIT,22,3,13071,13271,13471,13671,13871,14071,14271,17451,17651,17851,18051,18251,18451,18651,22316,22516,22716,22916,23116,23316,23516,26695,26895,27095,27295,27495,27695,27895,31075,31275,31475,31675,31875,32075,32275,35455,35655,35855,36055,36255,36455,36655,39835,40035,40235,40435,40635,40835,41035,44215,44415,44615,44815,45015,45215,45415,48595,48795,48995,49195,49395,49595,49795,52975,53175,53375,53575,53775,53975,54175,57842,58042,58242,58442,58642,58842,59042,62223,62423,62623,62823,63023,63223,63423,66603,66803,67003,67203,67403,67603,67803,70983,71183,71383,71583,71783,71983,72183,75363,75563,75763,75963,76163,76363,76563,79743,79943,80143,80343,80543,80743,80943,84123,84323,84523,84723,84923,85123,85323,88503,88703,88903,89103,89303,89503,89703,93368,93568,93768,93968,94168,94368,94568,97747,97947,98147,98347,98547,98747,98947,102127,102327,102527,102727,102927,103127,103327,106507,106707,106907,107107,107307,107507,107707,110887,111087,111287,111487,111687,111887,112087,115267,115467,115667,115867,116067,116267,116467,119647,119847,120047,120247,120447,120647,120847,124027,124227,124427,124627,124827,125027,125227,128894,129094,129294,129494,129694,129894,130094,133275,133475,133675,133875,134075,134275,134475,137655,137855,138055,138255,138455,138655,138855,142035,142235,142435,142635,142835,143035,143235,146415,146615,146815,147015,147215,147415,147615,150795,150995,151195,151395,151595,151795,151995
MBARRIER_TRYWAIT,23,0,13259,13459,13659,13859,14059,14259,18124,18324,18524,18724,18924,19124,22504,22704,22904,23104,23304,23504,26884,27084,27284,27484,27684,27884,31264,31464,31664,31864,32064,32264,35644,35844,36044,36244,36444,36644,40024,40224,40424,40624,40824,41024,44404,44604,44804,45004,45204,45404,48784,48984,49184,49384,49584,49784,53650,53850,54050,54250,54450,54650,58031,58231,58431,58631,58831,59031,62411,62611,62811,63011,63211,63411,66791,66991,67191,67391,67591,67791,71171,71371,71571,71771,71971,72171,75551,75751,75951,76151,76351,76551,79931,80131,80331,80531,80731,80931,84311,84511,84711,84911,85111,85311,89176,89376,89576,89776,89976,90176,93556,93756,93956,94156,94356,94556,97936,98136,98336,98536,98736,98936,102316,102516,102716,102916,103116,103316,106696,106896,107096,107296,107496,107696,111076,111276,111476,111676,111876,112076,115456,115656,115856,116056,116256,116456,119836,120036,120236,120436,120636,120836,124702,124902,125102,125302,125502,125702,129083,129283,129483,129683,129883,130083,133463,133663,133863,134063,134263,134463,137843,138043,138243,138443,138643,138843,142223,142423,142623,142823,143023,143223,146603,146803,147003,147203,147403,147603,150983,151183,151383,151583,151783,151983
MBARRIER_TRYWAIT,23,1,13074,13274,13474,13674,13874,14074,14274,17940,18140,18340,18540,18740,18940,19140,22320,22520,22720,22920,23120,23320,23520,26700,26900,27100,27300,27500,27700,27900,31080,31280,31480,31680,31880,32080,32280,35460,35660,35860,36060,36260,36460,36660,39840,40040,40240,40440,40640,40840,41040,44220,44420,44620,44820,45020,45220,45420,48600,48800,49000,49200,49400,49600,49800,53466,53666,53866,54066,54266,54466,54666,57847,58047,58247,58447,58647,58847,59047,62227,62427,62627,62827,63027,63227,63427,66607,66807,67007,67207,67407,67607,67807,70987,71187,71387,71587,71787,71987,72187,75367,75567,75767,75967,76167,76367,76567,79747,79947,80147,80347,80547,80747,80947,84127,84327,84527,84727,84927,85127,85327,88993,89193,89393,89593,89793,89993,90193,93372,93572,93772,93972,94172,94372,94572,97752,97952,98152,98352,98552,98752,98952,102132,102332,102532,102732,102932,103132,103332,106512,106712,106912,107112,107312,107512,107712,110892,111092,111292,111492,111692,111892,112092,115272,115472,115672,115872,116072,116272,116472,119652,119852,120052,120252,120452,120652,120852,124518,124718,124918,125118,125318,125518,125718,128899,129099,129299,129499,129699,129899,130099,133279,133479,133679,133879,134079,134279,134479,137659,137859,138059,138259,138459,138659,138859,142039,142239,142439,142639,142839,143039,143239,146419,146619,146819,147019,147219,147419,147619,150799,150999,151199,151399,151599,151799,151999
MBARRIER_TRYWAIT,23,2,13070,13270,13470,13670,13870,14070,14270,17935,18135,18335,18535,18735,18935,19135,22315,22515,22715,22915,23115,23315,23515,26695,26895,27095,27295,27495,27695,27895,31075,31275,31475,31675,31875,32075,32275,35455,35655,35855,36055,36255,36455,36655,39835,40035,40235,40435,40635,40835,41035,44215,44415,44615,44815,45015,45215,45415,48595,48795,48995,49195,49395,49595,49795,53462,53662,53862,54062,54262,54462,54662,57842,58042,58242,58442,58642,58842,59042,62222,62422,62622,62822,63022,63222,63422,66602,66802,67002,67202,67402,67602,67802,70982,71182,71382,71582,71782,71982,72182,75362,75562,75762,75962,76162,76362,76562,79742,79942,80142,80342,80542,80742,80942,84122,84322,84522,84722,84922,85122,85322,88988,89188,89388,89588,89788,89988,90188,93367,93567,93767,93967,94167,94367,94567,97747,97947,98147,98347,98547,98747,98947,102127,102327,102527,102727,102927,103127,103327,106507,106707,106907,107107,107307,107507,107707,110887,111087,111287,111487,111687,111887,112087,115267,115467,115667,115867,116067,116267,116467,119647,119847,120047,120247,120447,120647,120847,124514,124714,124914,125114,125314,125514,125714,128894,129094,129294,129494,129694,129894,130094,133274,133474,133674,133874,134074,134274,134474,137654,137854,138054,138254,138454,138654,138854,142034,142234,142434,142634,142834,143034,143234,146414,146614,146814,147014,147214,147414,147614,150794,150994,151194,151394,151594,151794,151994
MBARRIER_TRYWAIT,23,3,13071,13271,13471,13671,13871,14071,14271,17935,18135,18335,18535,18735,18935,19135,22315,22515,22715,22915,23115,23315,23515,26695,26895,27095,27295,27495,27695,27895,31075,31275,31475,31675,31875,32075,32275,35455,35655,35855,36055,36255,36455,36655,39835,40035,40235,40435,40635,40835,41035,44215,44415,44615,44815,45015,45215,45415,48595,48795,48995,49195,49395,49595,49795,53462,53662,53862,54062,54262,54462,54662,57843,58043,58243,58443,58643,58843,59043,62223,62423,62623,62823,63023,63223,63423,66603,66803,67003,67203,67403,67603,67803,70983,71183,71383,71583,71783,71983,72183,75363,75563,75763,75963,76163,76363,76563,79743,79943,80143,80343,80543,80743,80943,84123,84323,84523,84723,84923,85123,85323,88988,89188,89388,89588,89788,89988,90188,93367,93567,93767,93967,94167,94367,94567,97747,97947,98147,98347,98547,98747,98947,102127,102327,102527,102727,102927,103127,103327,106507,106707,106907,107107,107307,107507,107707,110887,111087,111287,111487,111687,111887,112087,115267,115467,115667,115867,116067,116267,116467,119647,119847,120047,120247,120447,120647,120847,124514,124714,124914,125114,125314,125514,125714,128895,129095,129295,129495,129695,129895,130095,133275,133475,133675,133875,134075,134275,134475,137655,137855,138055,138255,138455,138655,138855,142035,142235,142435,142635,142835,143035,143235,146415,146615,146815,147015,147215,147415,147615,150795,150995,151195,151395,151595,151795,151995
MBARRIER_TRYWAIT,24,0,13259,13459,13659,13859,14059,14259,17639,17839,18039,18239,18439,18639,22019,22219,22419,22619,22819,23019,26399,26599,26799,26999,27199,27399,30779,30979,31179,31379,31579,31779,35159,35359,35559,35759,35959,36159,39539,39739,39939,40139,40339,40539,43919,44119,44319,44519,44719,44919,48784,48984,49184,49384,49584,49784,53164,53364,53564,53764,53964,54164,57544,57744,57944,58144,58344,58544,61924,62124,62324,62524,62724,62924,66304,66504,66704,66904,67104,67304,70684,70884,71084,71284,71484,71684,75064,75264,75464,75664,75864,76064,79444,79644,79844,80044,80244,80444,84311,84511,84711,84911,85111,85311,88691,88891,89091,89291,89491,89691,93071,93271,93471,93671,93871,94071,97451,97651,97851,98051,98251,98451,101831,102031,102231,102431,102631,102831,106211,106411,106611,106811,107011,107211,110591,110791,110991,111191,111391,111591,114971,115171,115371,115571,115771,115971,119836,120036,120236,120436,120636,120836,124216,124416,124616,124816,125016,125216,128596,128796,128996,129196,129396,129596,132976,133176,133376,133576,133776,133976,137356,137556,137756,137956,138156,138356,141736,141936,142136,142336,142536,142736,146116,146316,146516,146716,146916,147116,150496,150696,150896,151096,151296,151496
MBARRIER_TRYWAIT,24,1,13074,13274,13474,13674,13874,14074,14274,17455,17655,17855,18055,18255,18455,18655,21835,22035,22235,22435,22635,22835,23035,26215,26415,26615,26815,27015,27215,27415,30595,30795,30995,31195,31395,31595,31795,34975,35175,35375,35575,35775,35975,36175,39355,39555,39755,39955,40155,40355,40555,43735,43935,44135,44335,44535,44735,44935,48601,48801,49001,49201,49401,49601,49801,52980,53180,53380,53580,53780,53980,54180,57360,57560,57760,57960,58160,58360,58560,61740,61940,62140,62340,62540,62740,62940,66120,66320,66520,66720,66920,67120,67320,70500,70700,70900,71100,71300,71500,71700,74880,75080,75280,75480,75680,75880,76080,79260,79460,79660,79860,80060,80260,80460,84127,84327,84527,84727,84927,85127,85327,88507,88707,88907,89107,89307,89507,89707,92887,93087,93287,93487,93687,93887,94087,97267,97467,97667,97867,98067,98267,98467,101647,101847,102047,102247,102447,102647,102847,106027,106227,106427,106627,106827,107027,107227,110407,110607,110807,111007,111207,111407,111607,114787,114987,115187,115387,115587,115787,115987,119653,119853,120053,120253,120453,120653,120853,124032,124232,124432,124632,124832,125032,125232,128412,128612,128812,129012,129212,129412,129612,132792,132992,133192,133392,133592,133792,133992,137172,137372,137572,137772,137972,138172,138372,141552,141752,141952,142152,142352,142552,142752,145932,146132,146332,146532,146732,146932,147132,150312,150512,150712,150912,151112,151312,151512
MBARRIER_TRYWAIT,24,2,13070,13270,13470,13670,13870,14070,14270,17450,17650,17850,18050,18250,18450,18650,21830,22030,22230,22430,22630,22830,23030,26210,26410,26610,26810,27010,27210,27410,30590,30790,30990,31190,31390,31590,31790,34970,35170,35370,35570,35770,35970,36170,39350,39550,39750,39950,40150,40350,40550,43730,43930,44130,44330,44530,44730,44930,48596,48796,48996,49196,49396,49596,49796,52975,53175,53375,53575,53775,53975,54175,57355,57555,57755,57955,58155,58355,58555,61735,61935,62135,62335,62535,62735,62935,66115,66315,66515,66715,66915,67115,67315,70495,70695,70895,71095,71295,71495,71695,74875,75075,75275,75475,75675,75875,76075,79255,79455,79655,79855,80055,80255,80455,84122,84322,84522,84722,84922,85122,85322,88502,88702,88902,89102,89302,89502,89702,92882,93082,93282,93482,93682,93882,94082,97262,97462,97662,97862,98062,98262,98462,101642,101842,102042,102242,102442,102642,102842,106022,106222,106422,106622,106822,107022,107222,110402,110602,110802,111002,111202,111402,111602,114782,114982,115182,115382,115582,115782,115982,119648,119848,120048,120248,120448,120648,120848,124027,124227,124427,124627,124827,125027,125227,128407,128607,128807,129007,129207,129407,129607,132787,132987,133187,133387,133587,133787,133987,137167,137367,137567,137767,137967,138167,138367,141547,141747,141947,142147,142347,142547,142747,145927,146127,146327,146527,146727,146927,147127,150307,150507,150707,150907,151107,151307,151507
MBARRIER_TRYWAIT,24,3,13071,13271,13471,13671,13871,14071,14271,17451,17651,17851,18051,18251,18451,18651,21831,22031,22231,22431,22631,22831,23031,26211,26411,26611,26811,27011,27211,27411,30591,30791,30991,31191,31391,31591,31791,34971,35171,35371,35571,35771,35971,36171,39351,39551,39751,39951,40151,40351,40551,43731,43931,44131,44331,44531,44731,44931,48596,48796,48996,49196,49396,49596,49796,52975,53175,53375,53575,53775,53975,54175,57355,57555,57755,57955,58155,58355,58555,61735,61935,62135,62335,62535,62735,62935,66115,66315,66515,66715,66915,67115,67315,70495,70695,70895,71095,71295,71495,71695,74875,75075,75275,75475,75675,75875,76075,79255,79455,79655,79855,80055,80255,80455,84123,84323,84523,84723,84923,85123,85323,88503,88703,88903,89103,89303,89503,89703,92883,93083,93283,93483,93683,93883,94083,97263,97463,97663,97863,98063,98263,98463,101643,101843,102043,102243,102443,102643,102843,106023,106223,106423,106623,106823,107023,107223,110403,110603,110803,111003,111203,111403,111603,114783,114983,115183,115383,115583,115783,115983,119648,119848,120048,120248,120448,120648,120848,124027,124227,124427,124627,124827,125027,125227,128407,128607,128807,129007,129207,129407,129607,132787,132987,133187,133387,133587,133787,133987,137167,137367,137567,137767,137967,138167,138367,141547,141747,141947,142147,142347,142547,142747,145927,146127,146327,146527,146727,146927,147127,150307,150507,150707,150907,151107,151307,151507
MBARRIER_TRYWAIT,25,0,13259,13459,13659,13859,14059,14259,17639,17839,18039,18239,18439,18639,22019,22219,22419,22619,22819,23019,26399,26599,26799,26999,27199,27399,30779,30979,31179,31379,31579,31779,35159,35359,35559,35759,35959,36159,39539,39739,39939,40139,40339,40539,44406,44606,44806,45006,45206,45406,48787,48987,49187,49387,49587,49787,53167,53367,53567,53767,53967,54167,57547,57747,57947,58147,58347,58547,61927,62127,62327,62527,62727,62927,66307,66507,66707,66907,67107,67307,70687,70887,71087,71287,71487,71687,75067,75267,75467,75667,75867,76067,79934,80134,80334,80534,80734,80934,84315,84515,84715,84915,85115,85315,88695,88895,89095,89295,89495,89695,93075,93275,93475,93675,93875,94075,97455,97655,97855,98055,98255,98455,101835,102035,102235,102435,102635,102835,106215,106415,106615,106815,107015,107215,110595,110795,110995,111195,111395,111595,115460,115660,115860,116060,116260,116460,119840,120040,120240,120440,120640,120840,124220,124420,124620,124820,125020,125220,128600,128800,129000,129200,129400,129600,132980,133180,133380,133580,133780,133980,137360,137560,137760,137960,138160,138360,141740,141940,142140,142340,142540,142740,146120,146320,146520,146720,146920,147120,150986,151186,151386,151586,151786,151986
MBARRIER_TRYWAIT,25,1,13074,13274,13474,13674,13874,14074,14274,17455,17655,17855,18055,18255,18455,18655,21835,22035,22235,22435,22635,22835,23035,26215,26415,26615,26815,27015,27215,27415,30595,30795,30995,31195,31395,31595,31795,34975,35175,35375,35575,35775,35975,36175,39355,39555,39755,39955,40155,40355,40555,44222,44422,44622,44822,45022,45222,45422,48603,48803,49003,49203,49403,49603,49803,52983,53183,53383,53583,53783,53983,54183,57363,57563,57763,57963,58163,58363,58563,61743,61943,62143,62343,62543,62743,62943,66123,66323,66523,66723,66923,67123,67323,70503,70703,70903,71103,71303,71503,71703,74883,75083,75283,75483,75683,75883,76083,79750,79950,80150,80350,80550,80750,80950,84131,84331,84531,84731,84931,85131,85331,88511,88711,88911,89111,89311,89511,89711,92891,93091,93291,93491,93691,93891,94091,97271,97471,97671,97871,98071,98271,98471,101651,101851,102051,102251,102451,102651,102851,106031,106231,106431,106631,106831,107031,107231,110411,110611,110811,111011,111211,111411,111611,115277,115477,115677,115877,116077,116277,116477,119656,119856,120056,120256,120456,120656,120856,124036,124236,124436,124636,124836,125036,125236,128416,128616,128816,129016,129216,129416,129616,132796,132996,133196,133396,133596,133796,133996,137176,137376,137576,137776,137976,138176,138376,141556,141756,141956,142156,142356,142556,142756,145936,146136,146336,146536,146736,146936,147136,150802,151002,151202,151402,151602,151802,152002
MBARRIER_TRYWAIT,25,2,13070,13270,13470,13670,13870,14070,14270,17450,17650,17850,18050,18250,18450,18650,21830,22030,22230,22430,22630,22830,23030,26210,26410,26610,26810,27010,27210,27410,30590,30790,30990,31190,31390,31590,31790,34970,35170,35370,35570,35770,35970,36170,39350,39550,39750,39950,40150,40350,40550,44218,44418,44618,44818,45018,45218,45418,48598,48798,48998,49198,49398,49598,49798,52978,53178,53378,53578,53778,53978,54178,57358,57558,57758,57958,58158,58358,58558,61738,61938,62138,62338,62538,62738,62938,66118,66318,66518,66718,66918,67118,67318,70498,70698,70898,71098,71298,71498,71698,74878,75078,75278,75478,75678,75878,76078,79746,79946,80146,80346,80546,80746,80946,84126,84326,84526,84726,84926,85126,85326,88506,88706,88906,89106,89306,89506,89706,92886,93086,93286,93486,93686,93886,94086,97266,97466,97666,97866,98066,98266,98466,101646,101846,102046,102246,102446,102646,102846,106026,106226,106426,106626,106826,107026,107226,110406,110606,110806,111006,111206,111406,111606,115272,115472,115672,115872,116072,116272,116472,119651,119851,120051,120251,120451,120651,120851,124031,124231,124431,124631,124831,125031,125231,128411,128611,128811,129011,129211,129411,129611,132791,132991,133191,133391,133591,133791,133991,137171,137371,137571,137771,137971,138171,138371,141551,141751,141951,142151,142351,142551,142751,145931,146131,146331,146531,146731,146931,147131,150798,150998,151198,151398,151598,151798,151998
MBARRIER_TRYWAIT,25,3,13071,13271,13471,13671,13871,14071,14271,17451,17651,17851,18051,18251,18451,18651,21831,22031,22231,22431,22631,22831,23031,26211,26411,26611,26811,27011,27211,27411,30591,30791,30991,31191,31391,31591,31791,34971,35171,35371,35571,35771,35971,36171,39351,39551,39751,39951,40151,40351,40551,44218,44418,44618,44818,45018,45218,45418,48599,48799,48999,49199,49399,49599,49799,52979,53179,53379,53579,53779,53979,54179,57359,57559,57759,57959,58159,58359,58559,61739,61939,62139,62339,62539,62739,62939,66119,66319,66519,66719,66919,67119,67319,70499,70699,70899,71099,71299,71499,71699,74879,75079,75279,75479,75679,75879,76079,79746,79946,80146,80346,80546,80746,80946,84127,84327,84527,84727,84927,85127,85327,88507,88707,88907,89107,89307,89507,89707,92887,93087,93287,93487,93687,93887,94087,97267,97467,97667,97867,98067,98267,98467,101647,101847,102047,102247,102447,102647,102847,106027,106227,106427,106627,106827,107027,107227,110407,110607,110807,111007,111207,111407,111607,115272,115472,115672,115872,116072,116272,116472,119651,119851,120051,120251,120451,120651,120851,124031,124231,124431,124631,124831,125031,125231,128411,128611,128811,129011,129211,129411,129611,132791,132991,133191,133391,133591,133791,133991,137171,137371,137571,137771,137971,138171,138371,141551,141751,141951,142151,142351,142551,142751,145931,146131,146331,146531,146731,146931,147131,150798,150998,151198,151398,151598,151798,151998
MBARRIER_TRYWAIT,26,0,13259,13459,13659,13859,14059,14259,17639,17839,18039,18239,18439,18639,22019,22219,22419,22619,22819,23019,26399,26599,26799,26999,27199,27399,30779,30979,31179,31379,31579,31779,35159,35359,35559,35759,35959,36159,40024,40224,40424,40624,40824,41024,44404,44604,44804,45004,45204,45404,48784,48984,49184,49384,49584,49784,53164,53364,53564,53764,53964,54164,57544,57744,57944,58144,58344,58544,61924,62124,62324,62524,62724,62924,66304,66504,66704,66904,67104,67304,70684,70884,71084,71284,71484,71684,75550,75750,75950,76150,76350,76550,79931,80131,80331,80531,80731,80931,84311,84511,84711,84911,85111,85311,88692,88892,89092,89292,89492,89692,93072,93272,93472,93672,93872,94072,97452,97652,97852,98052,98252,98452,101832,102032,102232,102432,102632,102832,106212,106412,106612,106812,107012,107212,111078,111278,111478,111678,111878,112078,115459,115659,115859,116059,116259,116459,119839,120039,120239,120439,120639,120839,124219,124419,124619,124819,125019,125219,128599,128799,128999,129199,129399,129599,132979,133179,133379,133579,133779,133979,137359,137559,137759,137959,138159,138359,141739,141939,142139,142339,142539,142739,146604,146804,147004,147204,147404,147604,150984,151184,151384,151584,151784,151984
MBARRIER_TRYWAIT,26,1,13074,13274,13474,13674,13874,14074,14274,17455,17655,17855,18055,18255,18455,18655,21835,22035,22235,22435,22635,22835,23035,26215,26415,26615,26815,27015,27215,27415,30595,30795,30995,31195,31395,31595,31795,34975,35175,35375,35575,35775,35975,36175,39841,40041,40241,40441,40641,40841,41041,44220,44420,44620,44820,45020,45220,45420,48600,48800,49000,49200,49400,49600,49800,52980,53180,53380,53580,53780,53980,54180,57360,57560,57760,57960,58160,58360,58560,61740,61940,62140,62340,62540,62740,62940,66120,66320,66520,66720,66920,67120,67320,70500,70700,70900,71100,71300,71500,71700,75366,75566,75766,75966,76166,76366,76566,79747,79947,80147,80347,80547,80747,80947,84127,84327,84527,84727,84927,85127,85327,88508,88708,88908,89108,89308,89508,89708,92888,93088,93288,93488,93688,93888,94088,97268,97468,97668,97868,98068,98268,98468,101648,101848,102048,102248,102448,102648,102848,106028,106228,106428,106628,106828,107028,107228,110894,111094,111294,111494,111694,111894,112094,115275,115475,115675,115875,116075,116275,116475,119655,119855,120055,120255,120455,120655,120855,124035,124235,124435,124635,124835,125035,125235,128415,128615,128815,129015,129215,129415,129615,132795,132995,133195,133395,133595,133795,133995,137175,137375,137575,137775,137975,138175,138375,141555,141755,141955,142155,142355,142555,142755,146421,146621,146821,147021,147221,147421,147621,150800,151000,151200,151400,151600,151800,152000
MBARRIER_TRYWAIT,26,2,13070,13270,13470,13670,13870,14070,14270,17450,17650,17850,18050,18250,18450,18650,21830,22030,22230,22430,22630,22830,23030,26210,26410,26610,26810,27010,27210,27410,30590,30790,30990,31190,31390,31590,31790,34970,35170,35370,35570,35770,35970,36170,39836,40036,40236,40436,40636,40836,41036,44215,44415,44615,44815,45015,45215,45415,48595,48795,48995,49195,49395,49595,49795,52975,53175,53375,53575,53775,53975,54175,57355,57555,57755,57955,58155,58355,58555,61735,61935,62135,62335,62535,62735,62935,66115,66315,66515,66715,66915,67115,67315,70495,70695,70895,71095,71295,71495,71695,75362,75562,75762,75962,76162,76362,76562,79742,79942,80142,80342,80542,80742,80942,84122,84322,84522,84722,84922,85122,85322,88503,88703,88903,89103,89303,89503,89703,92883,93083,93283,93483,93683,93883,94083,97263,97463,97663,97863,98063,98263,98463,101643,101843,102043,102243,102443,102643,102843,106023,106223,106423,106623,106823,107023,107223,110890,111090,111290,111490,111690,111890,112090,115270,115470,115670,115870,116070,116270,116470,119650,119850,120050,120250,120450,120650,120850,124030,124230,124430,124630,124830,125030,125230,128410,128610,128810,129010,129210,129410,129610,132790,132990,133190,133390,133590,133790,133990,137170,137370,137570,137770,137970,138170,138370,141550,141750,141950,142150,142350,142550,142750,146416,146616,146816,147016,147216,147416,147616,150795,150995,151195,151395,151595,151795,151995
MBARRIER_TRYWAIT,26,3,13071,13271,13471,13671,13871,14071,14271,17451,17651,17851,18051,18251,18451,18651,21831,22031,22231,22431,22631,22831,23031,26211,26411,26611,26811,27011,27211,27411,30591,30791,30991,31191,31391,31591,31791,34971,35171,35371,35571,35771,35971,36171,39836,40036,40236,40436,40636,40836,41036,44215,44415,44615,44815,45015,45215,45415,48595,48795,48995,49195,49395,49595,49795,52975,53175,53375,53575,53775,53975,54175,57355,57555,57755,57955,58155,58355,58555,61735,61935,62135,62335,62535,62735,62935,66115,66315,66515,66715,66915,67115,67315,70495,70695,70895,71095,71295,71495,71695,75362,75562,75762,75962,76162,76362,76562,79743,79943,80143,80343,80543,80743,80943,84123,84323,84523,84723,84923,85123,85323,88503,88703,88903,89103,89303,89503,89703,92883,93083,93283,93483,93683,93883,94083,97263,97463,97663,97863,98063,98263,98463,101643,101843,102043,102243,102443,102643,102843,106023,106223,106423,106623,106823,107023,107223,110890,111090,111290,111490,111690,111890,112090,115271,115471,115671,115871,116071,116271,116471,119651,119851,120051,120251,120451,120651,120851,124031,124231,124431,124631,124831,125031,125231,128411,128611,128811,129011,129211,129411,129611,132791,132991,133191,133391,133591,133791,133991,137171,137371,137571,137771,137971,138171,138371,141551,141751,141951,142151,142351,142551,142751,146416,146616,146816,147016,147216,147416,147616,150795,150995,151195,151395,151595,151795,151995
MBARRIER_TRYWAIT,27,0,13259,13459,13659,13859,14059,14259,17639,17839,18039,18239,18439,18639,22019,22219,22419,22619,22819,23019,26399,26599,26799,26999,27199,27399,30779,30979,31179,31379,31579,31779,35644,35844,36044,36244,36444,36644,40024,40224,40424,40624,40824,41024,44404,44604,44804,45004,45204,45404,48784,48984,49184,49384,49584,49784,53164,53364,53564,53764,53964,54164,57544,57744,57944,58144,58344,58544,61924,62124,62324,62524,62724,62924,66304,66504,66704,66904,67104,67304,71171,71371,71571,71771,71971,72171,75551,75751,75951,76151,76351,76551,79931,80131,80331,80531,80731,80931,84311,84511,84711,84911,85111,85311,88691,88891,89091,89291,89491,89691,93071,93271,93471,93671,93871,94071,97451,97651,97851,98051,98251,98451,101831,102031,102231,102431,102631,102831,106698,106898,107098,107298,107498,107698,111079,111279,111479,111679,111879,112079,115459,115659,115859,116059,116259,116459,119839,120039,120239,120439,120639,120839,124219,124419,124619,124819,125019,125219,128599,128799,128999,129199,129399,129599,132979,133179,133379,133579,133779,133979,137359,137559,137759,137959,138159,138359,142224,142424,142624,142824,143024,143224,146604,146804,147004,147204,147404,147604,150984,151184,151384,151584,151784,151984
MBARRIER_TRYWAIT,27,1,13074,13274,13474,13674,13874,14074,14274,17455,17655,17855,18055,18255,18455,18655,21835,22035,22235,22435,22635,22835,23035,26215,26415,26615,26815,27015,27215,27415,30595,30795,30995,31195,31395,31595,31795,35461,35661,35861,36061,36261,36461,36661,39840,40040,40240,40440,40640,40840,41040,44220,44420,44620,44820,45020,45220,45420,48600,48800,49000,49200,49400,49600,49800,52980,53180,53380,53580,53780,53980,54180,57360,57560,57760,57960,58160,58360,58560,61740,61940,62140,62340,62540,62740,62940,66120,66320,66520,66720,66920,67120,67320,70987,71187,71387,71587,71787,71987,72187,75367,75567,75767,75967,76167,76367,76567,79747,79947,80147,80347,80547,80747,80947,84127,84327,84527,84727,84927,85127,85327,88507,88707,88907,89107,89307,89507,89707,92887,93087,93287,93487,93687,93887,94087,97267,97467,97667,97867,98067,98267,98467,101647,101847,102047,102247,102447,102647,102847,106514,106714,106914,107114,107314,107514,107714,110895,111095,111295,111495,111695,111895,112095,115275,115475,115675,115875,116075,116275,116475,119655,119855,120055,120255,120455,120655,120855,124035,124235,124435,124635,124835,125035,125235,128415,128615,128815,129015,129215,129415,129615,132795,132995,133195,133395,133595,133795,133995,137175,137375,137575,137775,137975,138175,138375,142041,142241,142441,142641,142841,143041,143241,146420,146620,146820,147020,147220,147420,147620,150800,151000,151200,151400,151600,151800,152000
MBARRIER_TRYWAIT,27,2,13070,13270,13470,13670,13870,14070,14270,17450,17650,17850,18050,18250,18450,18650,21830,22030,22230,22430,22630,22830,23030,26210,26410,26610,26810,27010,27210,27410,30590,30790,30990,31190,31390,31590,31790,35456,35656,35856,36056,36256,36456,36656,39835,40035,40235,40435,40635,40835,41035,44215,44415,44615,44815,45015,45215,45415,48595,48795,48995,49195,49395,49595,49795,52975,53175,53375,53575,53775,53975,54175,57355,57555,57755,57955,58155,58355,58555,61735,61935,62135,62335,62535,62735,62935,66115,66315,66515,66715,66915,67115,67315,70982,71182,71382,71582,71782,71982,72182,75362,75562,75762,75962,76162,76362,76562,79742,79942,80142,80342,80542,80742,80942,84122,84322,84522,84722,84922,85122,85322,88502,88702,88902,89102,89302,89502,89702,92882,93082,93282,93482,93682,93882,94082,97262,97462,97662,97862,98062,98262,98462,101642,101842,102042,102242,102442,102642,102842,106510,106710,106910,107110,107310,107510,107710,110890,111090,111290,111490,111690,111890,112090,115270,115470,115670,115870,116070,116270,116470,119650,119850,120050,120250,120450,120650,120850,124030,124230,124430,124630,124830,125030,125230,128410,128610,128810,129010,129210,129410,129610,132790,132990,133190,133390,133590,133790,133990,137170,137370,137570,137770,137970,138170,138370,142036,142236,142436,142636,142836,143036,143236,146415,146615,146815,147015,147215,147415,147615,150795,150995,151195,151395,151595,151795,151995
MBARRIER_TRYWAIT,27,3,13071,13271,13471,13671,13871,14071,14271,17451,17651,17851,18051,18251,18451,18651,21831,22031,22231,22431,22631,22831,23031,26211,26411,26611,26811,27011,27211,27411,30591,30791,30991,31191,31391,31591,31791,35456,35656,35856,36056,36256,36456,36656,39835,40035,40235,40435,40635,40835,41035,44215,44415,44615,44815,45015,45215,45415,48595,48795,48995,49195,49395,49595,49795,52975,53175,53375,53575,53775,53975,54175,57355,57555,57755,57955,58155,58355,58555,61735,61935,62135,62335,62535,62735,62935,66115,66315,66515,66715,66915,67115,67315,70983,71183,71383,71583,71783,71983,72183,75363,75563,75763,75963,76163,76363,76563,79743,79943,80143,80343,80543,80743,80943,84123,84323,84523,84723,84923,85123,85323,88503,88703,88903,89103,89303,89503,89703,92883,93083,93283,93483,93683,93883,94083,97263,97463,97663,97863,98063,98263,98463,101643,101843,102043,102243,102443,102643,102843,106510,106710,106910,107110,107310,107510,107710,110891,111091,111291,111491,111691,111891,112091,115271,115471,115671,115871,116071,116271,116471,119651,119851,120051,120251,120451,120651,120851,124031,124231,124431,124631,124831,125031,125231,128411,128611,128811,129011,129211,129411,129611,132791,132991,133191,133391,133591,133791,133991,137171,137371,137571,137771,137971,138171,138371,142036,142236,142436,142636,142836,143036,143236,146415,146615,146815,147015,147215,147415,147615,150795,150995,151195,151395,151595,151795,151995
MBARRIER_TRYWAIT,28,0,13259,13459,13659,13859,14059,14259,17639,17839,18039,18239,18439,18639,22019,22219,22419,22619,22819,23019,26399,26599,26799,26999,27199,27399,31264,31464,31664,31864,32064,32264,35644,35844,36044,36244,36444,36644,40024,40224,40424,40624,40824,41024,44404,44604,44804,45004,45204,45404,48784,48984,49184,49384,49584,49784,53164,53364,53564,53764,53964,54164,57544,57744,57944,58144,58344,58544,61924,62124,62324,62524,62724,62924,66790,66990,67190,67390,67590,67790,71171,71371,71571,71771,71971,72171,75551,75751,75951,76151,76351,76551,79931,80131,80331,80531,80731,80931,84311,84511,84711,84911,85111,85311,88691,88891,89091,89291,89491,89691,93071,93271,93471,93671,93871,94071,97451,97651,97851,98051,98251,98451,102318,102518,102718,102918,103118,103318,106699,106899,107099,107299,107499,107699,111079,111279,111479,111679,111879,112079,115459,115659,115859,116059,116259,116459,119839,120039,120239,120439,120639,120839,124219,124419,124619,124819,125019,125219,128599,128799,128999,129199,129399,129599,132979,133179,133379,133579,133779,133979,137844,138044,138244,138444,138644,138844,142224,142424,142624,142824,143024,143224,146604,146804,147004,147204,147404,147604,150984,151184,151384,151584,151784,151984
MBARRIER_TRYWAIT,28,1,13074,13274,13474,13674,13874,14074,14274,17455,17655,17855,18055,18255,18455,18655,21835,22035,22235,22435,22635,22835,23035,26215,26415,26615,26815,27015,27215,27415,31081,31281,31481,31681,31881,32081,32281,35460,35660,35860,36060,36260,36460,36660,39840,40040,40240,40440,40640,40840,41040,44220,44420,44620,44820,45020,45220,45420,48600,48800,49000,49200,49400,49600,49800,52980,53180,53380,53580,53780,53980,54180,57360,57560,57760,57960,58160,58360,58560,61740,61940,62140,62340,62540,62740,62940,66606,66806,67006,67206,67406,67606,67806,70987,71187,71387,71587,71787,71987,72187,75367,75567,75767,75967,76167,76367,76567,79747,79947,80147,80347,80547,80747,80947,84127,84327,84527,84727,84927,85127,85327,88507,88707,88907,89107,89307,89507,89707,92887,93087,93287,93487,93687,93887,94087,97267,97467,97667,97867,98067,98267,98467,102134,102334,102534,102734,102934,103134,103334,106515,106715,106915,107115,107315,107515,107715,110895,111095,111295,111495,111695,111895,112095,115275,115475,115675,115875,116075,116275,116475,119655,119855,120055,120255,120455,120655,120855,124035,124235,124435,124635,124835,125035,125235,128415,128615,128815,129015,129215,129415,129615,132795,132995,133195,133395,133595,133795,133995,137661,137861,138061,138261,138461,138661,138861,142041,142241,142441,142641,142841,143041,143241,146421,146621,146821,147021,147221,147421,147621,150801,151001,151201,151401,151601,151801,152001
MBARRIER_TRYWAIT,28,2,13070,13270,13470,13670,13870,14070,14270,17450,17650,17850,18050,18250,18450,18650,21830,22030,22230,22430,22630,22830,23030,26210,26410,26610,26810,27010,27210,27410,31076,31276,31476,31676,31876,32076,32276,35455,35655,35855,36055,36255,36455,36655,39835,40035,40235,40435,40635,40835,41035,44215,44415,44615,44815,45015,45215,45415,48595,48795,48995,49195,49395,49595,49795,52975,53175,53375,53575,53775,53975,54175,57355,57555,57755,57955,58155,58355,58555,61735,61935,62135,62335,62535,62735,62935,66602,66802,67002,67202,67402,67602,67802,70982,71182,71382,71582,71782,71982,72182,75362,75562,75762,75962,76162,76362,76562,79742,79942,80142,80342,80542,80742,80942,84122,84322,84522,84722,84922,85122,85322,88502,88702,88902,89102,89302,89502,89702,92882,93082,93282,93482,93682,93882,94082,97262,97462,97662,97862,98062,98262,98462,102130,102330,102530,102730,102930,103130,103330,106510,106710,106910,107110,107310,107510,107710,110890,111090,111290,111490,111690,111890,112090,115270,115470,115670,115870,116070,116270,116470,119650,119850,120050,120250,120450,120650,120850,124030,124230,124430,124630,124830,125030,125230,128410,128610,128810,129010,129210,129410,129610,132790,132990,133190,133390,133590,133790,133990,137656,137856,138056,138256,138456,138656,138856,142036,142236,142436,142636,142836,143036,143236,146416,146616,146816,147016,147216,147416,147616,150796,150996,151196,151396,151596,151796,151996
MBARRIER_TRYWAIT,28,3,13071,13271,13471,13671,13871,14071,14271,17451,17651,17851,18051,18251,18451,18651,21831,22031,22231,22431,22631,22831,23031,26211,26411,26611,26811,27011,27211,27411,31076,31276,31476,31676,31876,32076,32276,35455,35655,35855,36055,36255,36455,36655,39835,40035,40235,40435,40635,40835,41035,44215,44415,44615,44815,45015,45215,45415,48595,48795,48995,49195,49395,49595,49795,52975,53175,53375,53575,53775,53975,54175,57355,57555,57755,57955,58155,58355,58555,61735,61935,62135,62335,62535,62735,62935,66602,66802,67002,67202,67402,67602,67802,70983,71183,71383,71583,71783,71983,72183,75363,75563,75763,75963,76163,76363,76563,79743,79943,80143,80343,80543,80743,80943,84123,84323,84523,84723,84923,85123,85323,88503,88703,88903,89103,89303,89503,89703,92883,93083,93283,93483,93683,93883,94083,97263,97463,97663,97863,98063,98263,98463,102130,102330,102530,102730,102930,103130,103330,106511,106711,106911,107111,107311,107511,107711,110891,111091,111291,111491,111691,111891,112091,115271,115471,115671,115871,116071,116271,116471,119651,119851,120051,120251,120451,120651,120851,124031,124231,124431,124631,124831,125031,125231,128411,128611,128811,129011,129211,129411,129611,132791,132991,133191,133391,133591,133791,133991,137656,137856,138056,138256,138456,138656,138856,142036,142236,142436,142636,142836,143036,143236,146416,146616,146816,147016,147216,147416,147616,150796,150996,151196,151396,151596,151796,151996
MBARRIER_TRYWAIT,29,0,13259,13459,13659,13859,14059,14259,17640,17840,18040,18240,18440,18640,22020,22220,22420,22620,22820,23020,26887,27087,27287,27487,27687,27887,31267,31467,31667,31867,32067,32267,35647,35847,36047,36247,36447,36647,40027,40227,40427,40627,40827,41027,44407,44607,44807,45007,45207,45407,48787,48987,49187,49387,49587,49787,53167,53367,53567,53767,53967,54167,57547,57747,57947,58147,58347,58547,62412,62612,62812,63012,63212,63412,66792,66992,67192,67392,67592,67792,71172,71372,71572,71772,71972,72172,75552,75752,75952,76152,76352,76552,79932,80132,80332,80532,80732,80932,84312,84512,84712,84912,85112,85312,88692,88892,89092,89292,89492,89692,93072,93272,93472,93672,93872,94072,97939,98139,98339,98539,98739,98939,102319,102519,102719,102919,103119,103319,106699,106899,107099,107299,107499,107699,111079,111279,111479,111679,111879,112079,115459,115659,115859,116059,116259,116459,119839,120039,120239,120439,120639,120839,124219,124419,124619,124819,125019,125219,128599,128799,128999,129199,129399,129599,133464,133664,133864,134064,134264,134464,137844,138044,138244,138444,138644,138844,142224,142424,142624,142824,143024,143224,146604,146804,147004,147204,147404,147604,150984,151184,151384,151584,151784,151984
MBARRIER_TRYWAIT,29,1,13074,13274,13474,13674,13874,14074,14274,17457,17657,17857,18057,18257,18457,18657,21837,22037,22237,22437,22637,22837,23037,26703,26903,27103,27303,27503,27703,27903,31083,31283,31483,31683,31883,32083,32283,35463,35663,35863,36063,36263,36463,36663,39843,40043,40243,40443,40643,40843,41043,44223,44423,44623,44823,45023,45223,45423,48603,48803,49003,49203,49403,49603,49803,52983,53183,53383,53583,53783,53983,54183,57363,57563,57763,57963,58163,58363,58563,62229,62429,62629,62829,63029,63229,63429,66609,66809,67009,67209,67409,67609,67809,70989,71189,71389,71589,71789,71989,72189,75369,75569,75769,75969,76169,76369,76569,79749,79949,80149,80349,80549,80749,80949,84129,84329,84529,84729,84929,85129,85329,88509,88709,88909,89109,89309,89509,89709,92889,93089,93289,93489,93689,93889,94089,97755,97955,98155,98355,98555,98755,98955,102135,102335,102535,102735,102935,103135,103335,106515,106715,106915,107115,107315,107515,107715,110895,111095,111295,111495,111695,111895,112095,115275,115475,115675,115875,116075,116275,116475,119655,119855,120055,120255,120455,120655,120855,124035,124235,124435,124635,124835,125035,125235,128415,128615,128815,129015,129215,129415,129615,133281,133481,133681,133881,134081,134281,134481,137660,137860,138060,138260,138460,138660,138860,142040,142240,142440,142640,142840,143040,143240,146420,146620,146820,147020,147220,147420,147620,150800,151000,151200,151400,151600,151800,152000
MBARRIER_TRYWAIT,29,2,13070,13270,13470,13670,13870,14070,14270,17452,17652,17852,18052,18252,18452,18652,21832,22032,22232,22432,22632,22832,23032,26698,26898,27098,27298,27498,27698,27898,31078,31278,31478,31678,31878,32078,32278,35458,35658,35858,36058,36258,36458,36658,39838,40038,40238,40438,40638,40838,41038,44218,44418,44618,44818,45018,45218,45418,48598,48798,48998,49198,49398,49598,49798,52978,53178,53378,53578,53778,53978,54178,57358,57558,57758,57958,58158,58358,58558,62224,62424,62624,62824,63024,63224,63424,66604,66804,67004,67204,67404,67604,67804,70984,71184,71384,71584,71784,71984,72184,75364,75564,75764,75964,76164,76364,76564,79744,79944,80144,80344,80544,80744,80944,84124,84324,84524,84724,84924,85124,85324,88504,88704,88904,89104,89304,89504,89704,92884,93084,93284,93484,93684,93884,94084,97750,97950,98150,98350,98550,98750,98950,102130,102330,102530,102730,102930,103130,103330,106510,106710,106910,107110,107310,107510,107710,110890,111090,111290,111490,111690,111890,112090,115270,115470,115670,115870,116070,116270,116470,119650,119850,120050,120250,120450,120650,120850,124030,124230,124430,124630,124830,125030,125230,128410,128610,128810,129010,129210,129410,129610,133276,133476,133676,133876,134076,134276,134476,137655,137855,138055,138255,138455,138655,138855,142035,142235,142435,142635,142835,143035,143235,146415,146615,146815,147015,147215,147415,147615,150795,150995,151195,151395,151595,151795,151995
MBARRIER_TRYWAIT,29,3,13071,13271,13471,13671,13871,14071,14271,17452,17652,17852,18052,18252,18452,18652,21832,22032,22232,22432,22632,22832,23032,26699,26899,27099,27299,27499,27699,27899,31079,31279,31479,31679,31879,32079,32279,35459,35659,35859,36059,36259,36459,36659,39839,40039,40239,40439,40639,40839,41039,44219,44419,44619,44819,45019,45219,45419,48599,48799,48999,49199,49399,49599,49799,52979,53179,53379,53579,53779,53979,54179,57359,57559,57759,57959,58159,58359,58559,62224,62424,62624,62824,63024,63224,63424,66604,66804,67004,67204,67404,67604,67804,70984,71184,71384,71584,71784,71984,72184,75364,75564,75764,75964,76164,76364,76564,79744,79944,80144,80344,80544,80744,80944,84124,84324,84524,84724,84924,85124,85324,88504,88704,88904,89104,89304,89504,89704,92884,93084,93284,93484,93684,93884,94084,97751,97951,98151,98351,98551,98751,98951,102131,102331,102531,102731,102931,103131,103331,106511,106711,106911,107111,107311,107511,107711,110891,111091,111291,111491,111691,111891,112091,115271,115471,115671,115871,116071,116271,116471,119651,119851,120051,120251,120451,120651,120851,124031,124231,124431,124631,124831,125031,125231,128411,128611,128811,129011,129211,129411,129611,133276,133476,133676,133876,134076,134276,134476,137655,137855,138055,138255,138455,138655,138855,142035,142235,142435,142635,142835,143035,143235,146415,146615,146815,147015,147215,147415,147615,150795,150995,151195,151395,151595,151795,151995
MBARRIER_TRYWAIT,30,0,13259,13459,13659,13859,14059,14259,17639,17839,18039,18239,18439,18639,22504,22704,22904,23104,23304,23504,26884,27084,27284,27484,27684,27884,31264,31464,31664,31864,32064,32264,35644,35844,36044,36244,36444,36644,40024,40224,40424,40624,40824,41024,44404,44604,44804,45004,45204,45404,48784,48984,49184,49384,49584,49784,53164,53364,53564,53764,53964,54164,58030,58230,58430,58630,58830,59030,62411,62611,62811,63011,63211,63411,66791,66991,67191,67391,67591,67791,71171,71371,71571,71771,71971,72171,75551,75751,75951,76151,76351,76551,79931,80131,80331,80531,80731,80931,84311,84511,84711,84911,85111,85311,88691,88891,89091,89291,89491,89691,93556,93756,93956,94156,94356,94556,97936,98136,98336,98536,98736,98936,102316,102516,102716,102916,103116,103316,106696,106896,107096,107296,107496,107696,111076,111276,111476,111676,111876,112076,115456,115656,115856,116056,116256,116456,119836,120036,120236,120436,120636,120836,124216,124416,124616,124816,125016,125216,129082,129282,129482,129682,129882,130082,133463,133663,133863,134063,134263,134463,137843,138043,138243,138443,138643,138843,142223,142423,142623,142823,143023,143223,146603,146803,147003,147203,147403,147603,150983,151183,151383,151583,151783,151983
MBARRIER_TRYWAIT,30,1,13074,13274,13474,13674,13874,14074,14274,17455,17655,17855,18055,18255,18455,18655,22321,22521,22721,22921,23121,23321,23521,26700,26900,27100,27300,27500,27700,27900,31080,31280,31480,31680,31880,32080,32280,35460,35660,35860,36060,36260,36460,36660,39840,40040,40240,40440,40640,40840,41040,44220,44420,44620,44820,45020,45220,45420,48600,48800,49000,49200,49400,49600,49800,52980,53180,53380,53580,53780,53980,54180,57846,58046,58246,58446,58646,58846,59046,62227,62427,62627,62827,63027,63227,63427,66607,66807,67007,67207,67407,67607,67807,70987,71187,71387,71587,71787,71987,72187,75367,75567,75767,75967,76167,76367,76567,79747,79947,80147,80347,80547,80747,80947,84127,84327,84527,84727,84927,85127,85327,88507,88707,88907,89107,89307,89507,89707,93373,93573,93773,93973,94173,94373,94573,97752,97952,98152,98352,98552,98752,98952,102132,102332,102532,102732,102932,103132,103332,106512,106712,106912,107112,107312,107512,107712,110892,111092,111292,111492,111692,111892,112092,115272,115472,115672,115872,116072,116272,116472,119652,119852,120052,120252,120452,120652,120852,124032,124232,124432,124632,124832,125032,125232,128898,129098,129298,129498,129698,129898,130098,133279,133479,133679,133879,134079,134279,134479,137659,137859,138059,138259,138459,138659,138859,142039,142239,142439,142639,142839,143039,143239,146419,146619,146819,147019,147219,147419,147619,150799,150999,151199,151399,151599,151799,151999
MBARRIER_TRYWAIT,30,2,13070,13270,13470,13670,13870,14070,14270,17450,17650,17850,18050,18250,18450,18650,22316,22516,22716,22916,23116,23316,23516,26695,26895,27095,27295,27495,27695,27895,31075,31275,31475,31675,31875,32075,32275,35455,35655,35855,36055,36255,36455,36655,39835,40035,40235,40435,40635,40835,41035,44215,44415,44615,44815,45015,45215,45415,48595,48795,48995,49195,49395,49595,49795,52975,53175,53375,53575,53775,53975,54175,57842,58042,58242,58442,58642,58842,59042,62222,62422,62622,62822,63022,63222,63422,66602,66802,67002,67202,67402,67602,67802,70982,71182,71382,71582,71782,71982,72182,75362,75562,75762,75962,76162,76362,76562,79742,79942,80142,80342,80542,80742,80942,84122,84322,84522,84722,84922,85122,85322,88502,88702,88902,89102,89302,89502,89702,93368,93568,93768,93968,94168,94368,94568,97747,97947,98147,98347,98547,98747,98947,102127,102327,102527,102727,102927,103127,103327,106507,106707,106907,107107,107307,107507,107707,110887,111087,111287,111487,111687,111887,112087,115267,115467,115667,115867,116067,116267,116467,119647,119847,120047,120247,120447,120647,120847,124027,124227,124427,124627,124827,125027,125227,128894,129094,129294,129494,129694,129894,130094,133274,133474,133674,133874,134074,134274,134474,137654,137854,138054,138254,138454,138654,138854,142034,142234,142434,142634,142834,143034,143234,146414,146614,146814,147014,147214,147414,147614,150794,150994,151194,151394,151594,151794,151994
MBARRIER_TRYWAIT,30,3,13071,13271,13471,13671,13871,14071,14271,17451,17651,17851,18051,18251,18451,18651,22316,22516,22716,22916,23116,23316,23516,26695,26895,27095,27295,27495,27695,27895,31075,31275,31475,31675,31875,32075,32275,35455,35655,35855,36055,36255,36455,36655,39835,40035,40235,40435,40635,40835,41035,44215,44415,44615,44815,45015,45215,45415,48595,48795,48995,49195,49395,49595,49795,52975,53175,53375,53575,53775,53975,54175,57842,58042,58242,58442,58642,58842,59042,62223,62423,62623,62823,63023,63223,63423,66603,66803,67003,67203,67403,67603,67803,70983,71183,71383,71583,71783,71983,72183,75363,75563,75763,75963,76163,76363,76563,79743,79943,80143,80343,80543,80743,80943,84123,84323,84523,84723,84923,85123,85323,88503,88703,88903,89103,89303,89503,89703,93368,93568,93768,93968,94168,94368,94568,97747,97947,98147,98347,98547,98747,98947,102127,102327,102527,102727,102927,103127,103327,106507,106707,106907,107107,107307,107507,107707,110887,111087,111287,111487,111687,111887,112087,115267,115467,115667,115867,116067,116267,116467,119647,119847,120047,120247,120447,120647,120847,124027,124227,124427,124627,124827,125027,125227,128894,129094,129294,129494,129694,129894,130094,133275,133475,133675,133875,134075,134275,134475,137655,137855,138055,138255,138455,138655,138855,142035,142235,142435,142635,142835,143035,143235,146415,146615,146815,147015,147215,147415,147615,150795,150995,151195,151395,151595,151795,151995
MBARRIER_TRYWAIT,31,0,13259,13459,13659,13859,14059,14259,18124,18324,18524,18724,18924,19124,22504,22704,22904,23104,23304,23504,26884,27084,27284,27484,27684,27884,31264,31464,31664,31864,32064,32264,35644,35844,36044,36244,36444,36644,40024,40224,40424,40624,40824,41024,44404,44604,44804,45004,45204,45404,48784,48984,49184,49384,49584,49784,53650,53850,54050,54250,54450,54650,58031,58231,58431,58631,58831,59031,62411,62611,62811,63011,63211,63411,66791,66991,67191,67391,67591,67791,71171,71371,71571,71771,71971,72171,75551,75751,75951,76151,76351,76551,79931,80131,80331,80531,80731,80931,84311,84511,84711,84911,85111,85311,89176,89376,89576,89776,89976,90176,93556,93756,93956,94156,94356,94556,97936,98136,98336,98536,98736,98936,102316,102516,102716,102916,103116,103316,106696,106896,107096,107296,107496,107696,111076,111276,111476,111676,111876,112076,115456,115656,115856,116056,116256,116456,119836,120036,120236,120436,120636,120836,124702,124902,125102,125302,125502,125702,129083,129283,129483,129683,129883,130083,133463,133663,133863,134063,134263,134463,137843,138043,138243,138443,138643,138843,142223,142423,142623,142823,143023,143223,146603,146803,147003,147203,147403,147603,150983,151183,151383,151583,151783,151983
MBARRIER_TRYWAIT,31,1,13074,13274,13474,13674,13874,14074,14274,17940,18140,18340,18540,18740,18940,19140,22320,22520,22720,22920,23120,23320,23520,26700,26900,27100,27300,27500,27700,27900,31080,31280,31480,31680,31880,32080,32280,35460,35660,35860,36060,36260,36460,36660,39840,40040,40240,40440,40640,40840,41040,44220,44420,44620,44820,45020,45220,45420,48600,48800,49000,49200,49400,49600,49800,53466,53666,53866,54066,54266,54466,54666,57847,58047,58247,58447,58647,58847,59047,62227,62427,62627,62827,63027,63227,63427,66607,66807,67007,67207,67407,67607,67807,70987,71187,71387,71587,71787,71987,72187,75367,75567,75767,75967,76167,76367,76567,79747,79947,80147,80347,80547,80747,80947,84127,84327,84527,84727,84927,85127,85327,88993,89193,89393,89593,89793,89993,90193,93372,93572,93772,93972,94172,94372,94572,97752,97952,98152,98352,98552,98752,98952,102132,102332,102532,102732,102932,103132,103332,106512,106712,106912,107112,107312,107512,107712,110892,111092,111292,111492,111692,111892,112092,115272,115472,115672,115872,116072,116272,116472,119652,119852,120052,120252,120452,120652,120852,124518,124718,124918,125118,125318,125518,125718,128899,129099,129299,129499,129699,129899,130099,133279,133479,133679,133879,134079,134279,134479,137659,137859,138059,138259,138459,138659,138859,142039,142239,142439,142639,142839,143039,143239,146419,146619,146819,147019,147219,147419,147619,150799,150999,151199,151399,151599,151799,151999
MBARRIER_TRYWAIT,31,2,13070,13270,13470,13670,13870,14070,14270,17935,18135,18335,18535,18735,18935,19135,22315,22515,22715,22915,23115,23315,23515,26695,26895,27095,27295,27495,27695,27895,31075,31275,31475,31675,31875,32075,32275,35455,35655,35855,36055,36255,36455,36655,39835,40035,40235,40435,40635,40835,41035,44215,44415,44615,44815,45015,45215,45415,48595,48795,48995,49195,49395,49595,49795,53462,53662,53862,54062,54262,54462,54662,57842,58042,58242,58442,58642,58842,59042,62222,62422,62622,62822,63022,63222,63422,66602,66802,67002,67202,67402,67602,67802,70982,71182,71382,71582,71782,71982,72182,75362,75562,75762,75962,76162,76362,76562,79742,79942,80142,80342,80542,80742,80942,84122,84322,84522,84722,84922,85122,85322,88988,89188,89388,89588,89788,89988,90188,93367,93567,93767,93967,94167,94367,94567,97747,97947,98147,98347,98547,98747,98947,102127,102327,102527,102727,102927,103127,103327,106507,106707,106907,107107,107307,107507,107707,110887,111087,111287,111487,111687,111887,112087,115267,115467,115667,115867,116067,116267,116467,119647,119847,120047,120247,120447,120647,120847,124514,124714,124914,125114,125314,125514,125714,128894,129094,129294,129494,129694,129894,130094,133274,133474,133674,133874,134074,134274,134474,137654,137854,138054,138254,138454,138654,138854,142034,142234,142434,142634,142834,143034,143234,146414,146614,146814,147014,147214,147414,147614,150794,150994,151194,151394,151594,151794,151994
MBARRIER_TRYWAIT,31,3,13071,13271,13471,13671,13871,14071,14271,17935,18135,18335,18535,18735,18935,19135,22315,22515,22715,22915,23115,23315,23515,26695,26895,27095,27295,27495,27695,27895,31075,31275,31475,31675,31875,32075,32275,35455,35655,35855,36055,36255,36455,36655,39835,40035,40235,40435,40635,40835,41035,44215,44415,44615,44815,45015,45215,45415,48595,48795,48995,49195,49395,49595,49795,53462,53662,53862,54062,54262,54462,54662,57843,58043,58243,58443,58643,58843,59043,62223,62423,62623,62823,63023,63223,63423,66603,66803,67003,67203,67403,67603,67803,70983,71183,71383,71583,71783,71983,72183,75363,75563,75763,75963,76163,76363,76563,79743,79943,80143,80343,80543,80743,80943,84123,84323,84523,84723,84923,85123,85323,88988,89188,89388,89588,89788,89988,90188,93367,93567,93767,93967,94167,94367,94567,97747,97947,98147,98347,98547,98747,98947,102127,102327,102527,102727,102927,103127,103327,106507,106707,106907,107107,107307,107507,107707,110887,111087,111287,111487,111687,111887,112087,115267,115467,115667,115867,116067,116267,116467,119647,119847,120047,120247,120447,120647,120847,124514,124714,124914,125114,125314,125514,125714,128895,129095,129295,129495,129695,129895,130095,133275,133475,133675,133875,134075,134275,134475,137655,137855,138055,138255,138455,138655,138855,142035,142235,142435,142635,142835,143035,143235,146415,146615,146815,147015,147215,147415,147615,150795,150995,151195,151395,151595,151795,151995
gpgpu_n_tot_thrd_icount = 54800496
gpgpu_n_tot_w_icount = 1786352
gpgpu_n_stall_shd_mem = 203280
gpgpu_n_mem_read_local = 0
gpgpu_n_mem_write_local = 0
gpgpu_n_mem_read_global = 272960
gpgpu_n_mem_write_global = 275072
gpgpu_n_mem_texture = 0
gpgpu_n_mem_const = 0
gpgpu_n_load_insn  = 6736
gpgpu_n_store_insn = 4624
gpgpu_n_shmem_insn = 4478992
gpgpu_n_sstarr_insn = 0
gpgpu_n_tex_insn = 0
gpgpu_n_const_mem_insn = 0
gpgpu_n_param_mem_insn = 0
gpgpu_n_shmem_bkconflict = 0
gpgpu_n_l1cache_bkconflict = 0
gpgpu_n_intrawarp_mshr_merge = 0
gpgpu_n_cmem_portconflict = 0
gpgpu_stall_shd_mem[c_mem][resource_stall] = 0
gpgpu_stall_shd_mem[s_mem][bk_conf] = 0
gpgpu_stall_shd_mem[gl_mem][resource_stall] = 0
gpgpu_stall_shd_mem[gl_mem][coal_stall] = 68112
gpgpu_stall_shd_mem[gl_mem][data_port_stall] = 0
gpu_reg_bank_conflict_stalls = 0
Warp Occupancy Distribution:
Stall:337390	W0_Idle:3607466	W0_Scoreboard:3837960	W1:24848	W2:0	W3:0	W4:0	W5:0	W6:0	W7:0	W8:0	W9:0	W10:0	W11:0	W12:0	W13:0	W14:0	W15:0	W16:0	W17:0	W18:0	W19:0	W20:0	W21:0	W22:0	W23:0	W24:0	W25:0	W26:0	W27:0	W28:0	W29:0	W30:0	W31:5280	W32:1706624
single_issue_nums: WS0:458864	WS1:447776	WS2:439856	WS3:439856	
dual_issue_nums: WS0:0	WS1:0	WS2:0	WS3:0	
traffic_breakdown_coretomem[GLOBAL_ACC_R] = 2166784 {8:270848,}
traffic_breakdown_coretomem[GLOBAL_ACC_W] = 11002880 {40:275072,}
traffic_breakdown_coretomem[GLOBAL_ATOMIC] = 84480 {40:2112,}
traffic_breakdown_memtocore[CHIPLET_ACC_R] = 5408640 {40:135216,}
traffic_breakdown_memtocore[GLOBAL_ACC_R] = 5425280 {40:135632,}
traffic_breakdown_memtocore[GLOBAL_ACC_W] = 2200576 {8:275072,}
traffic_breakdown_memtocore[GLOBAL_ATOMIC] = 84480 {40:2112,}
maxmflatency = 1005 
max_icnt2mem_latency = 165 
maxmrqlatency = 0 
max_icnt2sh_latency = 41 
averagemflatency = 547 
avg_icnt2mem_latency = 100 
avg_icnt2sh_latency = 5 
mrq_lat_table:0 	0 	0 	0 	0 	0 	0 	0 	0 	0 	0 	0 	0 	0 	0 	0 	0 	0 	0 	0 	0 	0 	0 	0 	0 	0 	0 	0 	0 	0 	0 	0 	
dq_lat_table:0 	0 	0 	0 	0 	0 	0 	0 	0 	0 	0 	0 	0 	0 	0 	0 	0 	0 	0 	0 	0 	0 	0 	0 	0 	0 	0 	0 	0 	0 	0 	0 	
mf_lat_table:0 	0 	0 	0 	0 	0 	0 	20685 	256435 	270912 	0 	0 	0 	0 	0 	0 	0 	0 	0 	0 	0 	0 	0 	0 	0 	0 	0 	0 	0 	0 	0 	0 	
icnt2mem_lat_table:0 	2430 	5859 	16157 	33196 	67555 	135341 	287494 	0 	0 	0 	0 	0 	0 	0 	0 	0 	0 	0 	0 	0 	0 	0 	0 	
icnt2sh_lat_table:0 	161522 	256593 	111732 	18007 	178 	0 	0 	0 	0 	0 	0 	0 	0 	0 	0 	0 	0 	0 	0 	0 	0 	0 	0 	
mf_lat_pw_table:0 	0 	0 	0 	0 	0 	0 	31 	87 	75 	0 	0 	0 	0 	0 	0 	0 	0 	0 	0 	0 	0 	0 	0 	0 	0 	0 	0 	0 	0 	0 	0 	
maximum concurrent accesses to same row:
dram[0]:         0         0         0         0         0         0         0         0         0         0         0         0         0         0         0         0 
dram[1]:         0         0         0         0         0         0         0         0         0         0         0         0         0         0         0         0 
dram[2]:         0         0         0         0         0         0         0         0         0         0         0         0         0         0         0         0 
dram[3]:         0         0         0         0         0         0         0         0         0         0         0         0         0         0         0         0 
dram[4]:         0         0         0         0         0         0         0         0         0         0         0         0         0         0         0         0 
dram[5]:         0         0         0         0         0         0         0         0         0         0         0         0         0         0         0         0 
dram[6]:         0         0         0         0         0         0         0         0         0         0         0         0         0         0         0         0 
dram[7]:         0         0         0         0         0         0         0         0         0         0         0         0         0         0         0         0 
dram[8]:         0         0         0         0         0         0         0         0         0         0         0         0         0         0         0         0 
dram[9]:         0         0         0         0         0         0         0         0         0         0         0         0         0         0         0         0 
dram[10]:         0         0         0         0         0         0         0         0         0         0         0         0         0         0         0         0 
dram[11]:         0         0         0         0         0         0         0         0         0         0         0         0         0         0         0         0 
dram[12]:         0         0         0         0         0         0         0         0         0         0         0         0         0         0         0         0 
dram[13]:         0         0         0         0         0         0         0         0         0         0         0         0         0         0         0         0 
dram[14]:         0         0         0         0         0         0         0         0         0         0         0         0         0         0         0         0 
dram[15]:         0         0         0         0         0         0         0         0         0         0         0         0         0         0         0         0 
dram[16]:         0         0         0         0         0         0         0         0         0         0         0         0         0         0         0         0 
dram[17]:         0         0         0         0         0         0         0         0         0         0         0         0         0         0         0         0 
dram[18]:         0         0         0         0         0         0         0         0         0         0         0         0         0         0         0         0 
dram[19]:         0         0         0         0         0         0         0         0         0         0         0         0         0         0         0         0 
dram[20]:         0         0         0         0         0         0         0         0         0         0         0         0         0         0         0         0 
dram[21]:         0         0         0         0         0         0         0         0         0         0         0         0         0         0         0         0 
dram[22]:         0         0         0         0         0         0         0         0         0         0         0         0         0         0         0         0 
dram[23]:         0         0         0         0         0         0         0         0         0         0         0         0         0         0         0         0 
dram[24]:         0         0         0         0         0         0         0         0         0         0         0         0         0         0         0         0 
dram[25]:         0         0         0         0         0         0         0         0         0         0         0         0         0         0         0         0 
dram[26]:         0         0         0         0         0         0         0         0         0         0         0         0         0         0         0         0 
dram[27]:         0         0         0         0         0         0         0         0         0         0         0         0         0         0         0         0 
dram[28]:         0         0         0         0         0         0         0         0         0         0         0         0         0         0         0         0 
dram[29]:         0         0         0         0         0         0         0         0         0         0         0         0         0         0         0         0 
dram[30]:         0         0         0         0         0         0         0         0         0         0         0         0         0         0         0         0 
dram[31]:         0         0         0         0         0         0         0         0         0         0         0         0         0         0         0         0 
dram[32]:         0         0         0         0         0         0         0         0         0         0         0         0         0         0         0         0 
dram[33]:         0         0         0         0         0         0         0         0         0         0         0         0         0         0         0         0 
dram[34]:         0         0         0         0         0         0         0         0         0         0         0         0         0         0         0         0 
dram[35]:         0         0         0         0         0         0         0         0         0         0         0         0         0         0         0         0 
dram[36]:         0         0         0         0         0         0         0         0         0         0         0         0         0         0         0         0 
dram[37]:         0         0         0         0         0         0         0         0         0         0         0         0         0         0         0         0 
dram[38]:         0         0         0         0         0         0         0         0         0         0         0         0         0         0         0         0 
dram[39]:         0         0         0         0         0         0         0         0         0         0         0         0         0         0         0         0 
maximum service time to same row:
dram[0]:         0         0         0         0         0         0         0         0         0         0         0         0         0         0         0         0 
dram[1]:         0         0         0         0         0         0         0         0         0         0         0         0         0         0         0         0 
dram[2]:         0         0         0         0         0         0         0         0         0         0         0         0         0         0         0         0 
dram[3]:         0         0         0         0         0         0         0         0         0         0         0         0         0         0         0         0 
dram[4]:         0         0         0         0         0         0         0         0         0         0         0         0         0         0         0         0 
dram[5]:         0         0         0         0         0         0         0         0         0         0         0         0         0         0         0         0 
dram[6]:         0         0         0         0         0         0         0         0         0         0         0         0         0         0         0         0 
dram[7]:         0         0         0         0         0         0         0         0         0         0         0         0         0         0         0         0 
dram[8]:         0         0         0         0         0         0         0         0         0         0         0         0         0         0         0         0 
dram[9]:         0         0         0         0         0         0         0         0         0         0         0         0         0         0         0         0 
dram[10]:         0         0         0         0         0         0         0         0         0         0         0         0         0         0         0         0 
dram[11]:         0         0         0         0         0         0         0         0         0         0         0         0         0         0         0         0 
dram[12]:         0         0         0         0         0         0         0         0         0         0         0         0         0         0         0         0 
dram[13]:         0         0         0         0         0         0         0         0         0         0         0         0         0         0         0         0 
dram[14]:         0         0         0         0         0         0         0         0         0         0         0         0         0         0         0         0 
dram[15]:         0         0         0         0         0         0         0         0         0         0         0         0         0         0         0         0 
dram[16]:         0         0         0         0         0         0         0         0         0         0         0         0         0         0         0         0 
dram[17]:         0         0         0         0         0         0         0         0         0         0         0         0         0         0         0         0 
dram[18]:         0         0         0         0         0         0         0         0         0         0         0         0         0         0         0         0 
dram[19]:         0         0         0         0         0         0         0         0         0         0         0         0         0         0         0         0 
dram[20]:         0         0         0         0         0         0         0         0         0         0         0         0         0         0         0         0 
dram[21]:         0         0         0         0         0         0         0         0         0         0         0         0         0         0         0         0 
dram[22]:         0         0         0         0         0         0         0         0         0         0         0         0         0         0         0         0 
dram[23]:         0         0         0         0         0         0         0         0         0         0         0         0         0         0         0         0 
dram[24]:         0         0         0         0         0         0         0         0         0         0         0         0         0         0         0         0 
dram[25]:         0         0         0         0         0         0         0         0         0         0         0         0         0         0         0         0 
dram[26]:         0         0         0         0         0         0         0         0         0         0         0         0         0         0         0         0 
dram[27]:         0         0         0         0         0         0         0         0         0         0         0         0         0         0         0         0 
dram[28]:         0         0         0         0         0         0         0         0         0         0         0         0         0         0         0         0 
dram[29]:         0         0         0         0         0         0         0         0         0         0         0         0         0         0         0         0 
dram[30]:         0         0         0         0         0         0         0         0         0         0         0         0         0         0         0         0 
dram[31]:         0         0         0         0         0         0         0         0         0         0         0         0         0         0         0         0 
dram[32]:         0         0         0         0         0         0         0         0         0         0         0         0         0         0         0         0 
dram[33]:         0         0         0         0         0         0         0         0         0         0         0         0         0         0         0         0 
dram[34]:         0         0         0         0         0         0         0         0         0         0         0         0         0         0         0         0 
dram[35]:         0         0         0         0         0         0         0         0         0         0         0         0         0         0         0         0 
dram[36]:         0         0         0         0         0         0         0         0         0         0         0         0         0         0         0         0 
dram[37]:         0         0         0         0         0         0         0         0         0         0         0         0         0         0         0         0 
dram[38]:         0         0         0         0         0         0         0         0         0         0         0         0         0         0         0         0 
dram[39]:         0         0         0         0         0         0         0         0         0         0         0         0         0         0         0         0 
average row accesses per activate:
dram[0]:      -nan      -nan      -nan      -nan      -nan      -nan      -nan      -nan      -nan      -nan      -nan      -nan      -nan      -nan      -nan      -nan 
dram[1]:      -nan      -nan      -nan      -nan      -nan      -nan      -nan      -nan      -nan      -nan      -nan      -nan      -nan      -nan      -nan      -nan 
dram[2]:      -nan      -nan      -nan      -nan      -nan      -nan      -nan      -nan      -nan      -nan      -nan      -nan      -nan      -nan      -nan      -nan 
dram[3]:      -nan      -nan      -nan      -nan      -nan      -nan      -nan      -nan      -nan      -nan      -nan      -nan      -nan      -nan      -nan      -nan 
dram[4]:      -nan      -nan      -nan      -nan      -nan      -nan      -nan      -nan      -nan      -nan      -nan      -nan      -nan      -nan      -nan      -nan 
dram[5]:      -nan      -nan      -nan      -nan      -nan      -nan      -nan      -nan      -nan      -nan      -nan      -nan      -nan      -nan      -nan      -nan 
dram[6]:      -nan      -nan      -nan      -nan      -nan      -nan      -nan      -nan      -nan      -nan      -nan      -nan      -nan      -nan      -nan      -nan 
dram[7]:      -nan      -nan      -nan      -nan      -nan      -nan      -nan      -nan      -nan      -nan      -nan      -nan      -nan      -nan      -nan      -nan 
dram[8]:      -nan      -nan      -nan      -nan      -nan      -nan      -nan      -nan      -nan      -nan      -nan      -nan      -nan      -nan      -nan      -nan 
dram[9]:      -nan      -nan      -nan      -nan      -nan      -nan      -nan      -nan      -nan      -nan      -nan      -nan      -nan      -nan      -nan      -nan 
dram[10]:      -nan      -nan      -nan      -nan      -nan      -nan      -nan      -nan      -nan      -nan      -nan      -nan      -nan      -nan      -nan      -nan 
dram[11]:      -nan      -nan      -nan      -nan      -nan      -nan      -nan      -nan      -nan      -nan      -nan      -nan      -nan      -nan      -nan      -nan 
dram[12]:      -nan      -nan      -nan      -nan      -nan      -nan      -nan      -nan      -nan      -nan      -nan      -nan      -nan      -nan      -nan      -nan 
dram[13]:      -nan      -nan      -nan      -nan      -nan      -nan      -nan      -nan      -nan      -nan      -nan      -nan      -nan      -nan      -nan      -nan 
dram[14]:      -nan      -nan      -nan      -nan      -nan      -nan      -nan      -nan      -nan      -nan      -nan      -nan      -nan      -nan      -nan      -nan 
dram[15]:      -nan      -nan      -nan      -nan      -nan      -nan      -nan      -nan      -nan      -nan      -nan      -nan      -nan      -nan      -nan      -nan 
dram[16]:      -nan      -nan      -nan      -nan      -nan      -nan      -nan      -nan      -nan      -nan      -nan      -nan      -nan      -nan      -nan      -nan 
dram[17]:      -nan      -nan      -nan      -nan      -nan      -nan      -nan      -nan      -nan      -nan      -nan      -nan      -nan      -nan      -nan      -nan 
dram[18]:      -nan      -nan      -nan      -nan      -nan      -nan      -nan      -nan      -nan      -nan      -nan      -nan      -nan      -nan      -nan      -nan 
dram[19]:      -nan      -nan      -nan      -nan      -nan      -nan      -nan      -nan      -nan      -nan      -nan      -nan      -nan      -nan      -nan      -nan 
dram[20]:      -nan      -nan      -nan      -nan      -nan      -nan      -nan      -nan      -nan      -nan      -nan      -nan      -nan      -nan      -nan      -nan 
dram[21]:      -nan      -nan      -nan      -nan      -nan      -nan      -nan      -nan      -nan      -nan      -nan      -nan      -nan      -nan      -nan      -nan 
dram[22]:      -nan      -nan      -nan      -nan      -nan      -nan      -nan      -nan      -nan      -nan      -nan      -nan      -nan      -nan      -nan      -nan 
dram[23]:      -nan      -nan      -nan      -nan      -nan      -nan      -nan      -nan      -nan      -nan      -nan      -nan      -nan      -nan      -nan      -nan 
dram[24]:      -nan      -nan      -nan      -nan      -nan      -nan      -nan      -nan      -nan      -nan      -nan      -nan      -nan      -nan      -nan      -nan 
dram[25]:      -nan      -nan      -nan      -nan      -nan      -nan      -nan      -nan      -nan      -nan      -nan      -nan      -nan      -nan      -nan      -nan 
dram[26]:      -nan      -nan      -nan      -nan      -nan      -nan      -nan      -nan      -nan      -nan      -nan      -nan      -nan      -nan      -nan      -nan 
dram[27]:      -nan      -nan      -nan      -nan      -nan      -nan      -nan      -nan      -nan      -nan      -nan      -nan      -nan      -nan      -nan      -nan 
dram[28]:      -nan      -nan      -nan      -nan      -nan      -nan      -nan      -nan      -nan      -nan      -nan      -nan      -nan      -nan      -nan      -nan 
dram[29]:      -nan      -nan      -nan      -nan      -nan      -nan      -nan      -nan      -nan      -nan      -nan      -nan      -nan      -nan      -nan      -nan 
dram[30]:      -nan      -nan      -nan      -nan      -nan      -nan      -nan      -nan      -nan      -nan      -nan      -nan      -nan      -nan      -nan      -nan 
dram[31]:      -nan      -nan      -nan      -nan      -nan      -nan      -nan      -nan      -nan      -nan      -nan      -nan      -nan      -nan      -nan      -nan 
dram[32]:      -nan      -nan      -nan      -nan      -nan      -nan      -nan      -nan      -nan      -nan      -nan      -nan      -nan      -nan      -nan      -nan 
dram[33]:      -nan      -nan      -nan      -nan      -nan      -nan      -nan      -nan      -nan      -nan      -nan      -nan      -nan      -nan      -nan      -nan 
dram[34]:      -nan      -nan      -nan      -nan      -nan      -nan      -nan      -nan      -nan      -nan      -nan      -nan      -nan      -nan      -nan      -nan 
dram[35]:      -nan      -nan      -nan      -nan      -nan      -nan      -nan      -nan      -nan      -nan      -nan      -nan      -nan      -nan      -nan      -nan 
dram[36]:      -nan      -nan      -nan      -nan      -nan      -nan      -nan      -nan      -nan      -nan      -nan      -nan      -nan      -nan      -nan      -nan 
dram[37]:      -nan      -nan      -nan      -nan      -nan      -nan      -nan      -nan      -nan      -nan      -nan      -nan      -nan      -nan      -nan      -nan 
dram[38]:      -nan      -nan      -nan      -nan      -nan      -nan      -nan      -nan      -nan      -nan      -nan      -nan      -nan      -nan      -nan      -nan 
dram[39]:      -nan      -nan      -nan      -nan      -nan      -nan      -nan      -nan      -nan      -nan      -nan      -nan      -nan      -nan      -nan      -nan 
average row locality = 0/0 = -nan
number of total memory accesses made:
dram[0]:         0         0         0         0         0         0         0         0         0         0         0         0         0         0         0         0 
dram[1]:         0         0         0         0         0         0         0         0         0         0         0         0         0         0         0         0 
dram[2]:         0         0         0         0         0         0         0         0         0         0         0         0         0         0         0         0 
dram[3]:         0         0         0         0         0         0         0         0         0         0         0         0         0         0         0         0 
dram[4]:         0         0         0         0         0         0         0         0         0         0         0         0         0         0         0         0 
dram[5]:         0         0         0         0         0         0         0         0         0         0         0         0         0         0         0         0 
dram[6]:         0         0         0         0         0         0         0         0         0         0         0         0         0         0         0         0 
dram[7]:         0         0         0         0         0         0         0         0         0         0         0         0         0         0         0         0 
dram[8]:         0         0         0         0         0         0         0         0         0         0         0         0         0         0         0         0 
dram[9]:         0         0         0         0         0         0         0         0         0         0         0         0         0         0         0         0 
dram[10]:         0         0         0         0         0         0         0         0         0         0         0         0         0         0         0         0 
dram[11]:         0         0         0         0         0         0         0         0         0         0         0         0         0         0         0         0 
dram[12]:         0         0         0         0         0         0         0         0         0         0         0         0         0         0         0         0 
dram[13]:         0         0         0         0         0         0         0         0         0         0         0         0         0         0         0         0 
dram[14]:         0         0         0         0         0         0         0         0         0         0         0         0         0         0         0         0 
dram[15]:         0         0         0         0         0         0         0         0         0         0         0         0         0         0         0         0 
dram[16]:         0         0         0         0         0         0         0         0         0         0         0         0         0         0         0         0 
dram[17]:         0         0         0         0         0         0         0         0         0         0         0         0         0         0         0         0 
dram[18]:         0         0         0         0         0         0         0         0         0         0         0         0         0         0         0         0 
dram[19]:         0         0         0         0         0         0         0         0         0         0         0         0         0         0         0         0 
dram[20]:         0         0         0         0         0         0         0         0         0         0         0         0         0         0         0         0 
dram[21]:         0         0         0         0         0         0         0         0         0         0         0         0         0         0         0         0 
dram[22]:         0         0         0         0         0         0         0         0         0         0         0         0         0         0         0         0 
dram[23]:         0         0         0         0         0         0         0         0         0         0         0         0         0         0         0         0 
dram[24]:         0         0         0         0         0         0         0         0         0         0         0         0         0         0         0         0 
dram[25]:         0         0         0         0         0         0         0         0         0         0         0         0         0         0         0         0 
dram[26]:         0         0         0         0         0         0         0         0         0         0         0         0         0         0         0         0 
dram[27]:         0         0         0         0         0         0         0         0         0         0         0         0         0         0         0         0 
dram[28]:         0         0         0         0         0         0         0         0         0         0         0         0         0         0         0         0 
dram[29]:         0         0         0         0         0         0         0         0         0         0         0         0         0         0         0         0 
dram[30]:         0         0         0         0         0         0         0         0         0         0         0         0         0         0         0         0 
dram[31]:         0         0         0         0         0         0         0         0         0         0         0         0         0         0         0         0 
dram[32]:         0         0         0         0         0         0         0         0         0         0         0         0         0         0         0         0 
dram[33]:         0         0         0         0         0         0         0         0         0         0         0         0         0         0         0         0 
dram[34]:         0         0         0         0         0         0         0         0         0         0         0         0         0         0         0         0 
dram[35]:         0         0         0         0         0         0         0         0         0         0         0         0         0         0         0         0 
dram[36]:         0         0         0         0         0         0         0         0         0         0         0         0         0         0         0         0 
dram[37]:         0         0         0         0         0         0         0         0         0         0         0         0         0         0         0         0 
dram[38]:         0         0         0         0         0         0         0         0         0         0         0         0         0         0         0         0 
dram[39]:         0         0         0         0         0         0         0         0         0         0         0         0         0         0         0         0 
total accesses: 0
min_bank_accesses = 0!
min_chip_accesses = 0!
number of total read accesses:
dram[0]:       440       444       400       392       372       380       384       388       396       396       456       460       444       444       500       504 
dram[1]:       440       436       400       404       380       376       388       384       392       392       452       448       452       452       504       500 
dram[2]:       440       444       388       396       380       376       384       384       396       396       456       456       448       448       504       504 
dram[3]:       440       444       404       396       376       384       380       384       392       392       440       444       460       460       500       504 
dram[4]:       452       444       392       396       376       368       384       380       396       396       448       444       452       452       504       500 
dram[5]:       444       448       404       400       384       376       384       384       388       388       452       456       452       448       504       504 
dram[6]:       440       440       400       408       376       380       380       380       396       388       456       448       444       452       500       500 
dram[7]:       456       444       396       392       376       384       384       384       388       396       448       460       452       444       504       504 
dram[8]:       448       452       408       400       376       368       380       380       384       388       444       448       460       452       500       500 
dram[9]:       448       452       392       400       380       384       384       384       392       388       460       448       448       460       504       504 
dram[10]:       420       416       428       432       368       364       376       372       380       380       420       416       480       484       496       496 
dram[11]:       420       424       432       424       356       364       372       376       380       380       420       424       476       476       492       496 
dram[12]:       420       420       432       440       364       360       372       372       376       372       420       416       488       484       496       492 
dram[13]:       428       424       428       428       364       356       376       372       380       380       424       424       480       480       496       492 
dram[14]:       428       432       440       436       360       368       372       376       372       376       408       412       492       492       492       496 
dram[15]:       428       424       436       440       364       364       368       368       376       372       424       416       480       488       496       496 
dram[16]:       428       432       428       428       376       372       376       372       376       376       424       428       484       480       500       500 
dram[17]:       432       424       436       432       364       368       368       372       372       376       408       420       488       484       496       496 
dram[18]:       432       436       420       428       368       372       372       372       376       372       424       412       476       488       500       500 
dram[19]:       420       424       432       424       364       360       368       368       372       376       420       424       488       476       496       496 
dram[20]:       424       420       429       432       372       364       372       368       372       372       412       408       488       488       500       496 
dram[21]:       424       428       431       426       368       372       368       372       376       376       416       420       480       480       496       500 
dram[22]:       424       420       435       431       368       372       372       372       376       376       408       412       484       484       496       496 
dram[23]:       432       428       418       426       372       364       376       372       380       380       424       420       472       472       500       496 
dram[24]:       420       428       433       429       372       380       372       376       376       376       420       420       480       480       496       500 
dram[25]:       424       420       428       431       360       368       372       372       376       376       416       412       480       484       492       492 
dram[26]:       424       428       426       427       368       364       376       376       372       376       412       420       484       476       492       492 
dram[27]:       412       420       429       432       368       360       372       372       376       372       420       408       476       484       492       488 
dram[28]:       420       416       426       428       368       376       376       376       380       376       424       420       468       476       492       496 
dram[29]:       420       416       439       432       364       360       372       372       376       380       408       420       480       468       488       488 
dram[30]:       452       456       396       396       368       372       380       384       388       388       452       456       460       456       504       504 
dram[31]:       452       448       393       400       384       376       384       380       388       388       452       448       464       464       508       504 
dram[32]:       452       452       400       385       376       380       384       384       392       396       456       460       452       456       504       508 
dram[33]:       444       448       400       404       376       384       380       384       388       388       444       444       460       460       504       508 
dram[34]:       444       440       385       392       380       372       384       380       396       392       460       456       448       448       508       504 
dram[35]:       448       452       392       388       376       376       384       384       392       396       452       460       456       452       504       504 
dram[36]:       448       444       396       400       364       368       380       380       392       392       452       448       452       456       500       500 
dram[37]:       444       452       392       392       376       368       384       384       396       392       468       456       448       452       504       504 
dram[38]:       444       440       408       400       372       368       380       380       392       396       452       464       460       448       500       500 
dram[39]:       452       448       400       405       372       380       384       384       396       392       456       452       452       460       504       504 
total dram reads = 270672
bank skew: 508/356 = 1.43
chip skew: 6841/6681 = 1.02
number of total write accesses:
dram[0]:         0         0         0         0         0         0         0         0         0         0         0         0         0         0         0         0 
dram[1]:         0         0         0         0         0         0         0         0         0         0         0         0         0         0         0         0 
dram[2]:         0         0         0         0         0         0         0         0         0         0         0         0         0         0         0         0 
dram[3]:         0         0         0         0         0         0         0         0         0         0         0         0         0         0         0         0 
dram[4]:         0         0         0         0         0         0         0         0         0         0         0         0         0         0         0         0 
dram[5]:         0         0         0         0         0         0         0         0         0         0         0         0         0         0         0         0 
dram[6]:         0         0         0         0         0         0         0         0         0         0         0         0         0         0         0         0 
dram[7]:         0         0         0         0         0         0         0         0         0         0         0         0         0         0         0         0 
dram[8]:         0         0         0         0         0         0         0         0         0         0         0         0         0         0         0         0 
dram[9]:         0         0         0         0         0         0         0         0         0         0         0         0         0         0         0         0 
dram[10]:         0         0         0         0         0         0         0         0         0         0         0         0         0         0         0         0 
dram[11]:         0         0         0         0         0         0         0         0         0         0         0         0         0         0         0         0 
dram[12]:         0         0         0         0         0         0         0         0         0         0         0         0         0         0         0         0 
dram[13]:         0         0         0         0         0         0         0         0         0         0         0         0         0         0         0         0 
dram[14]:         0         0         0         0         0         0         0         0         0         0         0         0         0         0         0         0 
dram[15]:         0         0         0         0         0         0         0         0         0         0         0         0         0         0         0         0 
dram[16]:         0         0         0         0         0         0         0         0         0         0         0         0         0         0         0         0 
dram[17]:         0         0         0         0         0         0         0         0         0         0         0         0         0         0         0         0 
dram[18]:         0         0         0         0         0         0         0         0         0         0         0         0         0         0         0         0 
dram[19]:         0         0         0         0         0         0         0         0         0         0         0         0         0         0         0         0 
dram[20]:         0         0         0         0         0         0         0         0         0         0         0         0         0         0         0         0 
dram[21]:         0         0         0         0         0         0         0         0         0         0         0         0         0         0         0         0 
dram[22]:         0         0         0         0         0         0         0         0         0         0         0         0         0         0         0         0 
dram[23]:         0         0         0         0         0         0         0         0         0         0         0         0         0         0         0         0 
dram[24]:         0         0         0         0         0         0         0         0         0         0         0         0         0         0         0         0 
dram[25]:         0         0         0         0         0         0         0         0         0         0         0         0         0         0         0         0 
dram[26]:         0         0         0         0         0         0         0         0         0         0         0         0         0         0         0         0 
dram[27]:         0         0         0         0         0         0         0         0         0         0         0         0         0         0         0         0 
dram[28]:         0         0         0         0         0         0         0         0         0         0         0         0         0         0         0         0 
dram[29]:         0         0         0         0         0         0         0         0         0         0         0         0         0         0         0         0 
dram[30]:         0         0         0         0         0         0         0         0         0         0         0         0         0         0         0         0 
dram[31]:         0         0         0         0         0         0         0         0         0         0         0         0         0         0         0         0 
dram[32]:         0         0         0         0         0         0         0         0         0         0         0         0         0         0         0         0 
dram[33]:         0         0         0         0         0         0         0         0         0         0         0         0         0         0         0         0 
dram[34]:         0         0         0         0         0         0         0         0         0         0         0         0         0         0         0         0 
dram[35]:         0         0         0         0         0         0         0         0         0         0         0         0         0         0         0         0 
dram[36]:         0         0         0         0         0         0         0         0         0         0         0         0         0         0         0         0 
dram[37]:         0         0         0         0         0         0         0         0         0         0         0         0         0         0         0         0 
dram[38]:         0         0         0         0         0         0         0         0         0         0         0         0         0         0         0         0 
dram[39]:         0         0         0         0         0         0         0         0         0         0         0         0         0         0         0         0 
total dram writes = 0
min_bank_accesses = 0!
min_chip_accesses = 0!
average mf latency per bank:
dram[0]:       1330      1325      1449      1442      1488      1469      1408      1401      1342      1341      1210      1205      1226      1225      1213      1208
dram[1]:       1338      1345      1494      1449      1478      1486      1400      1409      1357      1358      1219      1225      1221      1221      1215      1219
dram[2]:       1331      1327      1493      1486      1472      1478      1411      1402      1352      1345      1210      1210      1216      1219      1210      1209
dram[3]:       1342      1322      1443      1461      1486      1459      1419      1406      1360      1354      1237      1221      1211      1198      1221      1206
dram[4]:       1319      1331      1536      1503      1479      1496      1405      1412      1347      1346      1223      1227      1216      1215      1211      1216
dram[5]:       1327      1320      1486      1467      1463      1478      1407      1407      1352      1351      1217      1212      1210      1214      1203      1201
dram[6]:       1333      1333      1457      1528      1476      1467      1425      1426      1344      1357      1212      1222      1225      1216      1211      1211
dram[7]:       1312      1321      1443      1426      1470      1452      1413      1412      1352      1337      1222      1201      1211      1219      1203      1202
dram[8]:       1327      1314      1512      1493      1479      1482      1429      1416      1368      1348      1230      1220      1209      1208      1213      1205
dram[9]:       1323      1317      1489      1488      1465      1457      1416      1416      1348      1356      1207      1222      1219      1205      1206      1206
dram[10]:       1356      1362      1379      1448      1496      1503      1429      1437      1374      1372      1252      1256      1187      1182      1210      1209
dram[11]:       1361      1355      1383      1389      1540      1519      1446      1439      1374      1375      1263      1256      1194      1194      1222      1218
dram[12]:       1358      1354      1445      1365      1498      1521      1446      1439      1381      1383      1260      1263      1178      1180      1216      1217
dram[13]:       1355      1349      1384      1447      1522      1511      1442      1442      1379      1370      1260      1251      1196      1184      1221      1216
dram[14]:       1349      1344      1371      1365      1526      1507      1444      1436      1388      1380      1278      1272      1179      1179      1221      1217
dram[15]:       1341      1347      1357      1352      1500      1500      1449      1451      1375      1383      1256      1266      1187      1179      1215      1215
dram[16]:       1349      1342      1384      1384      1485      1494      1439      1448      1390      1388      1257      1252      1185      1190      1215      1214
dram[17]:       1336      1347      1364      1371      1509      1495      1443      1441      1391      1383      1273      1256      1183      1179      1218      1214
dram[18]:       1345      1326      1402      1373      1501      1484      1452      1431      1392      1388      1259      1263      1195      1179      1218      1211
dram[19]:       1359      1353      1456      1395      1506      1513      1455      1454      1395      1388      1260      1254      1178      1190      1218      1217
dram[20]:        885       884       884       883       890       890       886       886       888       888       886       886       885       885       882       883
dram[21]:        885       884       883       882       891       891       887       886       887       888       887       887       885       885       883       882
dram[22]:        884       882       881       881       892       889       885       884       890       887       886       884       887       883       884       881
dram[23]:        885       885       881       882       892       893       886       886       890       890       886       886       887       887       884       884
dram[24]:        885       884       880       880       891       891       886       885       889       888       886       884       887       886       884       884
dram[25]:        883       883       883       883       888       887       887       887       883       882       883       884       885       885       883       883
dram[26]:        882       881       882       880       887       887       886       886       885       883       883       883       885       883       882       881
dram[27]:        881       878       884       880       887       884       885       883       883       881       883       882       884       881       882       878
dram[28]:        882       881       884       884       886       886       886       885       884       884       885       884       885       883       882       882
dram[29]:        881       881       883       883       887       886       885       885       885       885       885       884       884       883       881       881
dram[30]:        886       884       889       885       888       888       887       885       888       887       886       886       885       885       883       882
dram[31]:        886       885       889       887       889       888       887       887       888       887       886       886       885       884       885       884
dram[32]:        882       884       881       887       888       887       885       886       886       885       884       885       885       883       883       883
dram[33]:        884       884       885       882       888       888       887       886       886       886       886       884       887       886       884       883
dram[34]:        884       883       885       885       887       886       887       886       885       884       885       884       886       885       884       883
dram[35]:        884       884       884       884       889       888       888       888       885       884       887       887       887       886       885       885
dram[36]:        884       883       883       883       889       889       888       887       886       885       887       887       885       886       885       884
dram[37]:        882       881       886       882       891       887       886       885       886       884       884       884       887       883       884       883
dram[38]:        883       883       886       887       892       892       887       887       887       888       885       885       887       887       884       884
dram[39]:        883       882       883       885       890       891       886       885       885       887       884       884       887       886       883       883
maximum mf latency per bank:
dram[0]:        777       782       784       781       787       786       759       761       792       791       793       791       763       761       778       781
dram[1]:        773       785       775       782       778       787       759       759       785       793       782       793       777       780       775       783
dram[2]:        783       773       767       773       772       778       760       751       783       784       784       783       781       780       786       775
dram[3]:        785       785       764       767       775       774       757       772       782       777       783       782       778       782       787       788
dram[4]:        786       786       751       759       777       773       756       754       778       781       772       774       777       782       789       789
dram[5]:        763       763       752       750       753       746       755       752       750       749       761       761       765       763       765       767
dram[6]:        765       766       785       786       754       757       753       748       752       753       763       764       769       765       772       779
dram[7]:        763       760       783       782       752       756       756       747       757       746       769       758       772       760       760       776
dram[8]:        765       763       787       787       754       750       758       761       755       755       772       774       775       774       765       756
dram[9]:        766       773       782       788       749       749       779       783       748       755       764       777       768       773       768       774
dram[10]:        766       755       771       770       786       758       781       785       787       788       788       787       785       774       770       769
dram[11]:        764       757       774       773       783       791       785       788       792       792       791       790       779       782       773       770
dram[12]:        767       750       773       759       772       780       772       777       784       784       757       783       783       781       778       764
dram[13]:        765       773       774       777       771       776       775       768       788       788       764       762       789       790       779       778
dram[14]:        767       775       777       778       771       776       783       779       789       791       766       767       790       791       781       780
dram[15]:        772       766       759       765       782       784       773       775       783       789       785       785       768       770       772       775
dram[16]:        774       767       757       764       787       785       763       777       788       790       791       790       759       772       776       776
dram[17]:        764       768       769       766       760       782       778       786       793       784       774       785       782       762       787       771
dram[18]:        777       779       777       778       767       761       781       783       795       794       775       776       785       784       790       788
dram[19]:        775       781       773       779       783       762       784       784       797       793       776       775       788       785       792       789
dram[20]:        968       953       953       975       969       967       971       967       979       977       957       961       961       967       946       947
dram[21]:        972       972       954       966       967       965       969       966       977       975       971       968       963       967       969       948
dram[22]:        957       969       972       957       981       963       957       962       982       968       986       964       970       964       986       969
dram[23]:        965       965       970       978       973       983       956       958       978       984       976       979       964       963       978       984
dram[24]:        965       964       962       973       957       960       950       953       970       974       968       965       969       968       971       970
dram[25]:        967       967       972       967       946       947       960       961       962       953       964       963       971       970       966       961
dram[26]:        968       967       973       962       976       976       963       959       972       973       964       960       972       971       967       961
dram[27]:        958       944       966       949       968       951       951       951       958       966       972       956       966       964       971       949
dram[28]:        960       956       968       978       973       976       951       955       959       958       987       983       968       965       985       987
dram[29]:        954       953       971       978       973       977       951       955       986       990       986       983       968       964       984       988
dram[30]:        975       974       972       976       950       953       973       977       977       972       984       980       964       961       980       961
dram[31]:        972       975       974       978       955       954       976       978       977       980       988       989       960       961       993       996
dram[32]:        971       967       961       978       954       955       976       977       982       980       974       984       959       960       969       988
dram[33]:        972       973       959       963       955       956       977       986       983       986       979       982       978       983       970       974
dram[34]:        978       975       960       963       953       954       982       987       983       986       982       982       979       984       970       975
dram[35]:        973       974       983       987       983       978       989       995       998       987      1005      1001       997      1004       980       983
dram[36]:        973       973       989       986       983       980       990       994       999       985      1005       999       997      1003       985       983
dram[37]:        984       973       994       983       989       977       990       992       975       986       982       999       991      1002       988       988
dram[38]:        988       989       996       997       988       996       990       985       970       973       977       976       991       987       984       983
dram[39]:        971       983       984       986       978       984       983       978       959       966       971       973       983       983       974       972
LRC stats:
LRC_subpartition_num_lrc_to_l2_sectors.sum = 271376
LRC_subpartition_num_icnt_to_lrc_sectors.sum = 272998
Number of LRC to L2 sectors: 271376
Number of ICNT to LRC sectors: 272998
Number of LRC to L2 bytes: 8684032
Number of ICNT to LRC bytes: 8735936
LRC compression ratio: 1.005977
LRC_subpartition_l2_stall_due_to_lrc_full.sum = 0
Inter-chiplet stats:
interchip_read_requests = 135296
interchip_write_requests = 274560
Total inter-chiplet requests: 409856
Memory Partition 0: 
Cache L2_bank_000:
MSHR contents

Cache L2_bank_001:
MSHR contents

In Dram Latency Queue (total = 0): 
DRAM[0]: 16 bks, busW=8 BL=4 CL=19, tRRD=6 tCCD=1, tRCD=19 tRAS=45 tRP=19 tRC=50
n_cmd=0 n_nop=0 n_act=0 n_pre=0 n_ref_event=0 n_req=0 n_rd=0 n_rd_L2_A=0 n_write=0 n_wr_bk=0 bw_util=-nan
n_activity=0 dram_eff=-nan
bk0: 0a 0i bk1: 0a 0i bk2: 0a 0i bk3: 0a 0i bk4: 0a 0i bk5: 0a 0i bk6: 0a 0i bk7: 0a 0i bk8: 0a 0i bk9: 0a 0i bk10: 0a 0i bk11: 0a 0i bk12: 0a 0i bk13: 0a 0i bk14: 0a 0i bk15: 0a 0i 

------------------------------------------------------------------------

Row_Buffer_Locality = -nan
Row_Buffer_Locality_read = -nan
Row_Buffer_Locality_write = -nan
Bank_Level_Parallism = -nan
Bank_Level_Parallism_Col = -nan
Bank_Level_Parallism_Ready = -nan
write_to_read_ratio_blp_rw_average = -nan
GrpLevelPara = -nan 

BW Util details:
bwutil = -nan 
total_CMD = 0 
util_bw = 0 
Wasted_Col = 0 
Wasted_Row = 0 
Idle = 0 

BW Util Bottlenecks: 
RCDc_limit = 0 
RCDWRc_limit = 0 
WTRc_limit = 0 
RTWc_limit = 0 
CCDLc_limit = 0 
rwq = 0 
CCDLc_limit_alone = 0 
WTRc_limit_alone = 0 
RTWc_limit_alone = 0 

Commands details: 
total_CMD = 0 
n_nop = 0 
Read = 0 
Write = 0 
L2_Alloc = 0 
L2_WB = 0 
n_act = 0 
n_pre = 0 
n_ref = 0 
n_req = 0 
total_req = 0 

Dual Bus Interface Util: 
issued_total_row = 0 
issued_total_col = 0 
Row_Bus_Util =  -nan 
CoL_Bus_Util = -nan 
Either_Row_CoL_Bus_Util = -nan 
Issued_on_Two_Bus_Simul_Util = -nan 
issued_two_Eff = -nan 
queue_avg = -nan 


dram_util_bins: 0 0 0 0 0 0 0 0 0 0
dram_eff_bins: 0 0 0 0 0 0 0 0 0 0
mrqq: max=0 avg=-nan
Memory Partition 1: 
Cache L2_bank_002:
MSHR contents

Cache L2_bank_003:
MSHR contents

In Dram Latency Queue (total = 0): 
DRAM[1]: 16 bks, busW=8 BL=4 CL=19, tRRD=6 tCCD=1, tRCD=19 tRAS=45 tRP=19 tRC=50
n_cmd=0 n_nop=0 n_act=0 n_pre=0 n_ref_event=0 n_req=0 n_rd=0 n_rd_L2_A=0 n_write=0 n_wr_bk=0 bw_util=-nan
n_activity=0 dram_eff=-nan
bk0: 0a 0i bk1: 0a 0i bk2: 0a 0i bk3: 0a 0i bk4: 0a 0i bk5: 0a 0i bk6: 0a 0i bk7: 0a 0i bk8: 0a 0i bk9: 0a 0i bk10: 0a 0i bk11: 0a 0i bk12: 0a 0i bk13: 0a 0i bk14: 0a 0i bk15: 0a 0i 

------------------------------------------------------------------------

Row_Buffer_Locality = -nan
Row_Buffer_Locality_read = -nan
Row_Buffer_Locality_write = -nan
Bank_Level_Parallism = -nan
Bank_Level_Parallism_Col = -nan
Bank_Level_Parallism_Ready = -nan
write_to_read_ratio_blp_rw_average = -nan
GrpLevelPara = -nan 

BW Util details:
bwutil = -nan 
total_CMD = 0 
util_bw = 0 
Wasted_Col = 0 
Wasted_Row = 0 
Idle = 0 

BW Util Bottlenecks: 
RCDc_limit = 0 
RCDWRc_limit = 0 
WTRc_limit = 0 
RTWc_limit = 0 
CCDLc_limit = 0 
rwq = 0 
CCDLc_limit_alone = 0 
WTRc_limit_alone = 0 
RTWc_limit_alone = 0 

Commands details: 
total_CMD = 0 
n_nop = 0 
Read = 0 
Write = 0 
L2_Alloc = 0 
L2_WB = 0 
n_act = 0 
n_pre = 0 
n_ref = 0 
n_req = 0 
total_req = 0 

Dual Bus Interface Util: 
issued_total_row = 0 
issued_total_col = 0 
Row_Bus_Util =  -nan 
CoL_Bus_Util = -nan 
Either_Row_CoL_Bus_Util = -nan 
Issued_on_Two_Bus_Simul_Util = -nan 
issued_two_Eff = -nan 
queue_avg = -nan 


dram_util_bins: 0 0 0 0 0 0 0 0 0 0
dram_eff_bins: 0 0 0 0 0 0 0 0 0 0
mrqq: max=0 avg=-nan
Memory Partition 2: 
Cache L2_bank_004:
MSHR contents

Cache L2_bank_005:
MSHR contents

In Dram Latency Queue (total = 0): 
DRAM[2]: 16 bks, busW=8 BL=4 CL=19, tRRD=6 tCCD=1, tRCD=19 tRAS=45 tRP=19 tRC=50
n_cmd=0 n_nop=0 n_act=0 n_pre=0 n_ref_event=0 n_req=0 n_rd=0 n_rd_L2_A=0 n_write=0 n_wr_bk=0 bw_util=-nan
n_activity=0 dram_eff=-nan
bk0: 0a 0i bk1: 0a 0i bk2: 0a 0i bk3: 0a 0i bk4: 0a 0i bk5: 0a 0i bk6: 0a 0i bk7: 0a 0i bk8: 0a 0i bk9: 0a 0i bk10: 0a 0i bk11: 0a 0i bk12: 0a 0i bk13: 0a 0i bk14: 0a 0i bk15: 0a 0i 

------------------------------------------------------------------------

Row_Buffer_Locality = -nan
Row_Buffer_Locality_read = -nan
Row_Buffer_Locality_write = -nan
Bank_Level_Parallism = -nan
Bank_Level_Parallism_Col = -nan
Bank_Level_Parallism_Ready = -nan
write_to_read_ratio_blp_rw_average = -nan
GrpLevelPara = -nan 

BW Util details:
bwutil = -nan 
total_CMD = 0 
util_bw = 0 
Wasted_Col = 0 
Wasted_Row = 0 
Idle = 0 

BW Util Bottlenecks: 
RCDc_limit = 0 
RCDWRc_limit = 0 
WTRc_limit = 0 
RTWc_limit = 0 
CCDLc_limit = 0 
rwq = 0 
CCDLc_limit_alone = 0 
WTRc_limit_alone = 0 
RTWc_limit_alone = 0 

Commands details: 
total_CMD = 0 
n_nop = 0 
Read = 0 
Write = 0 
L2_Alloc = 0 
L2_WB = 0 
n_act = 0 
n_pre = 0 
n_ref = 0 
n_req = 0 
total_req = 0 

Dual Bus Interface Util: 
issued_total_row = 0 
issued_total_col = 0 
Row_Bus_Util =  -nan 
CoL_Bus_Util = -nan 
Either_Row_CoL_Bus_Util = -nan 
Issued_on_Two_Bus_Simul_Util = -nan 
issued_two_Eff = -nan 
queue_avg = -nan 


dram_util_bins: 0 0 0 0 0 0 0 0 0 0
dram_eff_bins: 0 0 0 0 0 0 0 0 0 0
mrqq: max=0 avg=-nan
Memory Partition 3: 
Cache L2_bank_006:
MSHR contents

Cache L2_bank_007:
MSHR contents

In Dram Latency Queue (total = 0): 
DRAM[3]: 16 bks, busW=8 BL=4 CL=19, tRRD=6 tCCD=1, tRCD=19 tRAS=45 tRP=19 tRC=50
n_cmd=0 n_nop=0 n_act=0 n_pre=0 n_ref_event=94713791221136 n_req=0 n_rd=0 n_rd_L2_A=0 n_write=0 n_wr_bk=0 bw_util=-nan
n_activity=0 dram_eff=-nan
bk0: 0a 0i bk1: 0a 0i bk2: 0a 0i bk3: 0a 0i bk4: 0a 0i bk5: 0a 0i bk6: 0a 0i bk7: 0a 0i bk8: 0a 0i bk9: 0a 0i bk10: 0a 0i bk11: 0a 0i bk12: 0a 0i bk13: 0a 0i bk14: 0a 0i bk15: 0a 0i 

------------------------------------------------------------------------

Row_Buffer_Locality = -nan
Row_Buffer_Locality_read = -nan
Row_Buffer_Locality_write = -nan
Bank_Level_Parallism = -nan
Bank_Level_Parallism_Col = inf
Bank_Level_Parallism_Ready = -nan
write_to_read_ratio_blp_rw_average = -nan
GrpLevelPara = -nan 

BW Util details:
bwutil = -nan 
total_CMD = 0 
util_bw = 0 
Wasted_Col = 0 
Wasted_Row = 0 
Idle = 0 

BW Util Bottlenecks: 
RCDc_limit = 0 
RCDWRc_limit = 0 
WTRc_limit = 0 
RTWc_limit = 0 
CCDLc_limit = 0 
rwq = 0 
CCDLc_limit_alone = 0 
WTRc_limit_alone = 0 
RTWc_limit_alone = 0 

Commands details: 
total_CMD = 0 
n_nop = 0 
Read = 0 
Write = 0 
L2_Alloc = 0 
L2_WB = 0 
n_act = 0 
n_pre = 0 
n_ref = 94713791221136 
n_req = 0 
total_req = 0 

Dual Bus Interface Util: 
issued_total_row = 0 
issued_total_col = 0 
Row_Bus_Util =  -nan 
CoL_Bus_Util = -nan 
Either_Row_CoL_Bus_Util = -nan 
Issued_on_Two_Bus_Simul_Util = -nan 
issued_two_Eff = -nan 
queue_avg = -nan 


dram_util_bins: 0 0 0 0 0 0 0 0 0 0
dram_eff_bins: 0 0 0 0 0 0 0 0 0 0
mrqq: max=0 avg=-nan
Memory Partition 4: 
Cache L2_bank_008:
MSHR contents

Cache L2_bank_009:
MSHR contents

In Dram Latency Queue (total = 0): 
DRAM[4]: 16 bks, busW=8 BL=4 CL=19, tRRD=6 tCCD=1, tRCD=19 tRAS=45 tRP=19 tRC=50
n_cmd=0 n_nop=0 n_act=0 n_pre=0 n_ref_event=0 n_req=0 n_rd=0 n_rd_L2_A=0 n_write=0 n_wr_bk=0 bw_util=-nan
n_activity=0 dram_eff=-nan
bk0: 0a 0i bk1: 0a 0i bk2: 0a 0i bk3: 0a 0i bk4: 0a 0i bk5: 0a 0i bk6: 0a 0i bk7: 0a 0i bk8: 0a 0i bk9: 0a 0i bk10: 0a 0i bk11: 0a 0i bk12: 0a 0i bk13: 0a 0i bk14: 0a 0i bk15: 0a 0i 

------------------------------------------------------------------------

Row_Buffer_Locality = -nan
Row_Buffer_Locality_read = -nan
Row_Buffer_Locality_write = -nan
Bank_Level_Parallism = -nan
Bank_Level_Parallism_Col = -nan
Bank_Level_Parallism_Ready = -nan
write_to_read_ratio_blp_rw_average = -nan
GrpLevelPara = -nan 

BW Util details:
bwutil = -nan 
total_CMD = 0 
util_bw = 0 
Wasted_Col = 0 
Wasted_Row = 0 
Idle = 0 

BW Util Bottlenecks: 
RCDc_limit = 0 
RCDWRc_limit = 0 
WTRc_limit = 0 
RTWc_limit = 0 
CCDLc_limit = 0 
rwq = 0 
CCDLc_limit_alone = 0 
WTRc_limit_alone = 0 
RTWc_limit_alone = 0 

Commands details: 
total_CMD = 0 
n_nop = 0 
Read = 0 
Write = 0 
L2_Alloc = 0 
L2_WB = 0 
n_act = 0 
n_pre = 0 
n_ref = 0 
n_req = 0 
total_req = 0 

Dual Bus Interface Util: 
issued_total_row = 0 
issued_total_col = 0 
Row_Bus_Util =  -nan 
CoL_Bus_Util = -nan 
Either_Row_CoL_Bus_Util = -nan 
Issued_on_Two_Bus_Simul_Util = -nan 
issued_two_Eff = -nan 
queue_avg = -nan 


dram_util_bins: 0 0 0 0 0 0 0 0 0 0
dram_eff_bins: 0 0 0 0 0 0 0 0 0 0
mrqq: max=0 avg=-nan
Memory Partition 5: 
Cache L2_bank_010:
MSHR contents

Cache L2_bank_011:
MSHR contents

In Dram Latency Queue (total = 0): 
DRAM[5]: 16 bks, busW=8 BL=4 CL=19, tRRD=6 tCCD=1, tRCD=19 tRAS=45 tRP=19 tRC=50
n_cmd=0 n_nop=0 n_act=0 n_pre=0 n_ref_event=0 n_req=0 n_rd=0 n_rd_L2_A=0 n_write=0 n_wr_bk=0 bw_util=-nan
n_activity=0 dram_eff=-nan
bk0: 0a 0i bk1: 0a 0i bk2: 0a 0i bk3: 0a 0i bk4: 0a 0i bk5: 0a 0i bk6: 0a 0i bk7: 0a 0i bk8: 0a 0i bk9: 0a 0i bk10: 0a 0i bk11: 0a 0i bk12: 0a 0i bk13: 0a 0i bk14: 0a 0i bk15: 0a 0i 

------------------------------------------------------------------------

Row_Buffer_Locality = -nan
Row_Buffer_Locality_read = -nan
Row_Buffer_Locality_write = -nan
Bank_Level_Parallism = -nan
Bank_Level_Parallism_Col = -nan
Bank_Level_Parallism_Ready = -nan
write_to_read_ratio_blp_rw_average = -nan
GrpLevelPara = -nan 

BW Util details:
bwutil = -nan 
total_CMD = 0 
util_bw = 0 
Wasted_Col = 0 
Wasted_Row = 0 
Idle = 0 

BW Util Bottlenecks: 
RCDc_limit = 0 
RCDWRc_limit = 0 
WTRc_limit = 0 
RTWc_limit = 0 
CCDLc_limit = 0 
rwq = 0 
CCDLc_limit_alone = 0 
WTRc_limit_alone = 0 
RTWc_limit_alone = 0 

Commands details: 
total_CMD = 0 
n_nop = 0 
Read = 0 
Write = 0 
L2_Alloc = 0 
L2_WB = 0 
n_act = 0 
n_pre = 0 
n_ref = 0 
n_req = 0 
total_req = 0 

Dual Bus Interface Util: 
issued_total_row = 0 
issued_total_col = 0 
Row_Bus_Util =  -nan 
CoL_Bus_Util = -nan 
Either_Row_CoL_Bus_Util = -nan 
Issued_on_Two_Bus_Simul_Util = -nan 
issued_two_Eff = -nan 
queue_avg = -nan 


dram_util_bins: 0 0 0 0 0 0 0 0 0 0
dram_eff_bins: 0 0 0 0 0 0 0 0 0 0
mrqq: max=0 avg=-nan
Memory Partition 6: 
Cache L2_bank_012:
MSHR contents

Cache L2_bank_013:
MSHR contents

In Dram Latency Queue (total = 0): 
DRAM[6]: 16 bks, busW=8 BL=4 CL=19, tRRD=6 tCCD=1, tRCD=19 tRAS=45 tRP=19 tRC=50
n_cmd=0 n_nop=0 n_act=0 n_pre=0 n_ref_event=0 n_req=0 n_rd=0 n_rd_L2_A=0 n_write=0 n_wr_bk=0 bw_util=-nan
n_activity=0 dram_eff=-nan
bk0: 0a 0i bk1: 0a 0i bk2: 0a 0i bk3: 0a 0i bk4: 0a 0i bk5: 0a 0i bk6: 0a 0i bk7: 0a 0i bk8: 0a 0i bk9: 0a 0i bk10: 0a 0i bk11: 0a 0i bk12: 0a 0i bk13: 0a 0i bk14: 0a 0i bk15: 0a 0i 

------------------------------------------------------------------------

Row_Buffer_Locality = -nan
Row_Buffer_Locality_read = -nan
Row_Buffer_Locality_write = -nan
Bank_Level_Parallism = -nan
Bank_Level_Parallism_Col = -nan
Bank_Level_Parallism_Ready = -nan
write_to_read_ratio_blp_rw_average = -nan
GrpLevelPara = -nan 

BW Util details:
bwutil = -nan 
total_CMD = 0 
util_bw = 0 
Wasted_Col = 0 
Wasted_Row = 0 
Idle = 0 

BW Util Bottlenecks: 
RCDc_limit = 0 
RCDWRc_limit = 0 
WTRc_limit = 0 
RTWc_limit = 0 
CCDLc_limit = 0 
rwq = 0 
CCDLc_limit_alone = 0 
WTRc_limit_alone = 0 
RTWc_limit_alone = 0 

Commands details: 
total_CMD = 0 
n_nop = 0 
Read = 0 
Write = 0 
L2_Alloc = 0 
L2_WB = 0 
n_act = 0 
n_pre = 0 
n_ref = 0 
n_req = 0 
total_req = 0 

Dual Bus Interface Util: 
issued_total_row = 0 
issued_total_col = 0 
Row_Bus_Util =  -nan 
CoL_Bus_Util = -nan 
Either_Row_CoL_Bus_Util = -nan 
Issued_on_Two_Bus_Simul_Util = -nan 
issued_two_Eff = -nan 
queue_avg = -nan 


dram_util_bins: 0 0 0 0 0 0 0 0 0 0
dram_eff_bins: 0 0 0 0 0 0 0 0 0 0
mrqq: max=0 avg=-nan
Memory Partition 7: 
Cache L2_bank_014:
MSHR contents

Cache L2_bank_015:
MSHR contents

In Dram Latency Queue (total = 0): 
DRAM[7]: 16 bks, busW=8 BL=4 CL=19, tRRD=6 tCCD=1, tRCD=19 tRAS=45 tRP=19 tRC=50
n_cmd=0 n_nop=0 n_act=0 n_pre=0 n_ref_event=0 n_req=0 n_rd=0 n_rd_L2_A=0 n_write=0 n_wr_bk=0 bw_util=-nan
n_activity=0 dram_eff=-nan
bk0: 0a 0i bk1: 0a 0i bk2: 0a 0i bk3: 0a 0i bk4: 0a 0i bk5: 0a 0i bk6: 0a 0i bk7: 0a 0i bk8: 0a 0i bk9: 0a 0i bk10: 0a 0i bk11: 0a 0i bk12: 0a 0i bk13: 0a 0i bk14: 0a 0i bk15: 0a 0i 

------------------------------------------------------------------------

Row_Buffer_Locality = -nan
Row_Buffer_Locality_read = -nan
Row_Buffer_Locality_write = -nan
Bank_Level_Parallism = -nan
Bank_Level_Parallism_Col = -nan
Bank_Level_Parallism_Ready = -nan
write_to_read_ratio_blp_rw_average = -nan
GrpLevelPara = -nan 

BW Util details:
bwutil = -nan 
total_CMD = 0 
util_bw = 0 
Wasted_Col = 0 
Wasted_Row = 0 
Idle = 0 

BW Util Bottlenecks: 
RCDc_limit = 0 
RCDWRc_limit = 0 
WTRc_limit = 0 
RTWc_limit = 0 
CCDLc_limit = 0 
rwq = 0 
CCDLc_limit_alone = 0 
WTRc_limit_alone = 0 
RTWc_limit_alone = 0 

Commands details: 
total_CMD = 0 
n_nop = 0 
Read = 0 
Write = 0 
L2_Alloc = 0 
L2_WB = 0 
n_act = 0 
n_pre = 0 
n_ref = 0 
n_req = 0 
total_req = 0 

Dual Bus Interface Util: 
issued_total_row = 0 
issued_total_col = 0 
Row_Bus_Util =  -nan 
CoL_Bus_Util = -nan 
Either_Row_CoL_Bus_Util = -nan 
Issued_on_Two_Bus_Simul_Util = -nan 
issued_two_Eff = -nan 
queue_avg = -nan 


dram_util_bins: 0 0 0 0 0 0 0 0 0 0
dram_eff_bins: 0 0 0 0 0 0 0 0 0 0
mrqq: max=0 avg=-nan
Memory Partition 8: 
Cache L2_bank_016:
MSHR contents

Cache L2_bank_017:
MSHR contents

In Dram Latency Queue (total = 0): 
DRAM[8]: 16 bks, busW=8 BL=4 CL=19, tRRD=6 tCCD=1, tRCD=19 tRAS=45 tRP=19 tRC=50
n_cmd=0 n_nop=0 n_act=0 n_pre=0 n_ref_event=0 n_req=0 n_rd=0 n_rd_L2_A=0 n_write=0 n_wr_bk=0 bw_util=-nan
n_activity=0 dram_eff=-nan
bk0: 0a 0i bk1: 0a 0i bk2: 0a 0i bk3: 0a 0i bk4: 0a 0i bk5: 0a 0i bk6: 0a 0i bk7: 0a 0i bk8: 0a 0i bk9: 0a 0i bk10: 0a 0i bk11: 0a 0i bk12: 0a 0i bk13: 0a 0i bk14: 0a 0i bk15: 0a 0i 

------------------------------------------------------------------------

Row_Buffer_Locality = -nan
Row_Buffer_Locality_read = -nan
Row_Buffer_Locality_write = -nan
Bank_Level_Parallism = -nan
Bank_Level_Parallism_Col = -nan
Bank_Level_Parallism_Ready = -nan
write_to_read_ratio_blp_rw_average = -nan
GrpLevelPara = -nan 

BW Util details:
bwutil = -nan 
total_CMD = 0 
util_bw = 0 
Wasted_Col = 0 
Wasted_Row = 0 
Idle = 0 

BW Util Bottlenecks: 
RCDc_limit = 0 
RCDWRc_limit = 0 
WTRc_limit = 0 
RTWc_limit = 0 
CCDLc_limit = 0 
rwq = 0 
CCDLc_limit_alone = 0 
WTRc_limit_alone = 0 
RTWc_limit_alone = 0 

Commands details: 
total_CMD = 0 
n_nop = 0 
Read = 0 
Write = 0 
L2_Alloc = 0 
L2_WB = 0 
n_act = 0 
n_pre = 0 
n_ref = 0 
n_req = 0 
total_req = 0 

Dual Bus Interface Util: 
issued_total_row = 0 
issued_total_col = 0 
Row_Bus_Util =  -nan 
CoL_Bus_Util = -nan 
Either_Row_CoL_Bus_Util = -nan 
Issued_on_Two_Bus_Simul_Util = -nan 
issued_two_Eff = -nan 
queue_avg = -nan 


dram_util_bins: 0 0 0 0 0 0 0 0 0 0
dram_eff_bins: 0 0 0 0 0 0 0 0 0 0
mrqq: max=0 avg=-nan
Memory Partition 9: 
Cache L2_bank_018:
MSHR contents

Cache L2_bank_019:
MSHR contents

In Dram Latency Queue (total = 0): 
DRAM[9]: 16 bks, busW=8 BL=4 CL=19, tRRD=6 tCCD=1, tRCD=19 tRAS=45 tRP=19 tRC=50
n_cmd=0 n_nop=0 n_act=0 n_pre=0 n_ref_event=0 n_req=0 n_rd=0 n_rd_L2_A=0 n_write=0 n_wr_bk=0 bw_util=-nan
n_activity=0 dram_eff=-nan
bk0: 0a 0i bk1: 0a 0i bk2: 0a 0i bk3: 0a 0i bk4: 0a 0i bk5: 0a 0i bk6: 0a 0i bk7: 0a 0i bk8: 0a 0i bk9: 0a 0i bk10: 0a 0i bk11: 0a 0i bk12: 0a 0i bk13: 0a 0i bk14: 0a 0i bk15: 0a 0i 

------------------------------------------------------------------------

Row_Buffer_Locality = -nan
Row_Buffer_Locality_read = -nan
Row_Buffer_Locality_write = -nan
Bank_Level_Parallism = -nan
Bank_Level_Parallism_Col = -nan
Bank_Level_Parallism_Ready = -nan
write_to_read_ratio_blp_rw_average = -nan
GrpLevelPara = -nan 

BW Util details:
bwutil = -nan 
total_CMD = 0 
util_bw = 0 
Wasted_Col = 0 
Wasted_Row = 0 
Idle = 0 

BW Util Bottlenecks: 
RCDc_limit = 0 
RCDWRc_limit = 0 
WTRc_limit = 0 
RTWc_limit = 0 
CCDLc_limit = 0 
rwq = 0 
CCDLc_limit_alone = 0 
WTRc_limit_alone = 0 
RTWc_limit_alone = 0 

Commands details: 
total_CMD = 0 
n_nop = 0 
Read = 0 
Write = 0 
L2_Alloc = 0 
L2_WB = 0 
n_act = 0 
n_pre = 0 
n_ref = 0 
n_req = 0 
total_req = 0 

Dual Bus Interface Util: 
issued_total_row = 0 
issued_total_col = 0 
Row_Bus_Util =  -nan 
CoL_Bus_Util = -nan 
Either_Row_CoL_Bus_Util = -nan 
Issued_on_Two_Bus_Simul_Util = -nan 
issued_two_Eff = -nan 
queue_avg = -nan 


dram_util_bins: 0 0 0 0 0 0 0 0 0 0
dram_eff_bins: 0 0 0 0 0 0 0 0 0 0
mrqq: max=0 avg=-nan
Memory Partition 10: 
Cache L2_bank_020:
MSHR contents

Cache L2_bank_021:
MSHR contents

In Dram Latency Queue (total = 0): 
DRAM[10]: 16 bks, busW=8 BL=4 CL=19, tRRD=6 tCCD=1, tRCD=19 tRAS=45 tRP=19 tRC=50
n_cmd=0 n_nop=0 n_act=0 n_pre=0 n_ref_event=0 n_req=0 n_rd=0 n_rd_L2_A=0 n_write=0 n_wr_bk=0 bw_util=-nan
n_activity=0 dram_eff=-nan
bk0: 0a 0i bk1: 0a 0i bk2: 0a 0i bk3: 0a 0i bk4: 0a 0i bk5: 0a 0i bk6: 0a 0i bk7: 0a 0i bk8: 0a 0i bk9: 0a 0i bk10: 0a 0i bk11: 0a 0i bk12: 0a 0i bk13: 0a 0i bk14: 0a 0i bk15: 0a 0i 

------------------------------------------------------------------------

Row_Buffer_Locality = -nan
Row_Buffer_Locality_read = -nan
Row_Buffer_Locality_write = -nan
Bank_Level_Parallism = -nan
Bank_Level_Parallism_Col = -nan
Bank_Level_Parallism_Ready = -nan
write_to_read_ratio_blp_rw_average = -nan
GrpLevelPara = -nan 

BW Util details:
bwutil = -nan 
total_CMD = 0 
util_bw = 0 
Wasted_Col = 0 
Wasted_Row = 0 
Idle = 0 

BW Util Bottlenecks: 
RCDc_limit = 0 
RCDWRc_limit = 0 
WTRc_limit = 0 
RTWc_limit = 0 
CCDLc_limit = 0 
rwq = 0 
CCDLc_limit_alone = 0 
WTRc_limit_alone = 0 
RTWc_limit_alone = 0 

Commands details: 
total_CMD = 0 
n_nop = 0 
Read = 0 
Write = 0 
L2_Alloc = 0 
L2_WB = 0 
n_act = 0 
n_pre = 0 
n_ref = 0 
n_req = 0 
total_req = 0 

Dual Bus Interface Util: 
issued_total_row = 0 
issued_total_col = 0 
Row_Bus_Util =  -nan 
CoL_Bus_Util = -nan 
Either_Row_CoL_Bus_Util = -nan 
Issued_on_Two_Bus_Simul_Util = -nan 
issued_two_Eff = -nan 
queue_avg = -nan 


dram_util_bins: 0 0 0 0 0 0 0 0 0 0
dram_eff_bins: 0 0 0 0 0 0 0 0 0 0
mrqq: max=0 avg=-nan
Memory Partition 11: 
Cache L2_bank_022:
MSHR contents

Cache L2_bank_023:
MSHR contents

In Dram Latency Queue (total = 0): 
DRAM[11]: 16 bks, busW=8 BL=4 CL=19, tRRD=6 tCCD=1, tRCD=19 tRAS=45 tRP=19 tRC=50
n_cmd=0 n_nop=0 n_act=0 n_pre=0 n_ref_event=0 n_req=0 n_rd=0 n_rd_L2_A=0 n_write=0 n_wr_bk=0 bw_util=-nan
n_activity=0 dram_eff=-nan
bk0: 0a 0i bk1: 0a 0i bk2: 0a 0i bk3: 0a 0i bk4: 0a 0i bk5: 0a 0i bk6: 0a 0i bk7: 0a 0i bk8: 0a 0i bk9: 0a 0i bk10: 0a 0i bk11: 0a 0i bk12: 0a 0i bk13: 0a 0i bk14: 0a 0i bk15: 0a 0i 

------------------------------------------------------------------------

Row_Buffer_Locality = -nan
Row_Buffer_Locality_read = -nan
Row_Buffer_Locality_write = -nan
Bank_Level_Parallism = -nan
Bank_Level_Parallism_Col = -nan
Bank_Level_Parallism_Ready = -nan
write_to_read_ratio_blp_rw_average = -nan
GrpLevelPara = -nan 

BW Util details:
bwutil = -nan 
total_CMD = 0 
util_bw = 0 
Wasted_Col = 0 
Wasted_Row = 0 
Idle = 0 

BW Util Bottlenecks: 
RCDc_limit = 0 
RCDWRc_limit = 0 
WTRc_limit = 0 
RTWc_limit = 0 
CCDLc_limit = 0 
rwq = 0 
CCDLc_limit_alone = 0 
WTRc_limit_alone = 0 
RTWc_limit_alone = 0 

Commands details: 
total_CMD = 0 
n_nop = 0 
Read = 0 
Write = 0 
L2_Alloc = 0 
L2_WB = 0 
n_act = 0 
n_pre = 0 
n_ref = 0 
n_req = 0 
total_req = 0 

Dual Bus Interface Util: 
issued_total_row = 0 
issued_total_col = 0 
Row_Bus_Util =  -nan 
CoL_Bus_Util = -nan 
Either_Row_CoL_Bus_Util = -nan 
Issued_on_Two_Bus_Simul_Util = -nan 
issued_two_Eff = -nan 
queue_avg = -nan 


dram_util_bins: 0 0 0 0 0 0 0 0 0 0
dram_eff_bins: 0 0 0 0 0 0 0 0 0 0
mrqq: max=0 avg=-nan
Memory Partition 12: 
Cache L2_bank_024:
MSHR contents

Cache L2_bank_025:
MSHR contents

In Dram Latency Queue (total = 0): 
DRAM[12]: 16 bks, busW=8 BL=4 CL=19, tRRD=6 tCCD=1, tRCD=19 tRAS=45 tRP=19 tRC=50
n_cmd=0 n_nop=0 n_act=0 n_pre=0 n_ref_event=0 n_req=0 n_rd=0 n_rd_L2_A=0 n_write=0 n_wr_bk=0 bw_util=-nan
n_activity=0 dram_eff=-nan
bk0: 0a 0i bk1: 0a 0i bk2: 0a 0i bk3: 0a 0i bk4: 0a 0i bk5: 0a 0i bk6: 0a 0i bk7: 0a 0i bk8: 0a 0i bk9: 0a 0i bk10: 0a 0i bk11: 0a 0i bk12: 0a 0i bk13: 0a 0i bk14: 0a 0i bk15: 0a 0i 

------------------------------------------------------------------------

Row_Buffer_Locality = -nan
Row_Buffer_Locality_read = -nan
Row_Buffer_Locality_write = -nan
Bank_Level_Parallism = -nan
Bank_Level_Parallism_Col = -nan
Bank_Level_Parallism_Ready = -nan
write_to_read_ratio_blp_rw_average = -nan
GrpLevelPara = -nan 

BW Util details:
bwutil = -nan 
total_CMD = 0 
util_bw = 0 
Wasted_Col = 0 
Wasted_Row = 0 
Idle = 0 

BW Util Bottlenecks: 
RCDc_limit = 0 
RCDWRc_limit = 0 
WTRc_limit = 0 
RTWc_limit = 0 
CCDLc_limit = 0 
rwq = 0 
CCDLc_limit_alone = 0 
WTRc_limit_alone = 0 
RTWc_limit_alone = 0 

Commands details: 
total_CMD = 0 
n_nop = 0 
Read = 0 
Write = 0 
L2_Alloc = 0 
L2_WB = 0 
n_act = 0 
n_pre = 0 
n_ref = 0 
n_req = 0 
total_req = 0 

Dual Bus Interface Util: 
issued_total_row = 0 
issued_total_col = 0 
Row_Bus_Util =  -nan 
CoL_Bus_Util = -nan 
Either_Row_CoL_Bus_Util = -nan 
Issued_on_Two_Bus_Simul_Util = -nan 
issued_two_Eff = -nan 
queue_avg = -nan 


dram_util_bins: 0 0 0 0 0 0 0 0 0 0
dram_eff_bins: 0 0 0 0 0 0 0 0 0 0
mrqq: max=0 avg=-nan
Memory Partition 13: 
Cache L2_bank_026:
MSHR contents

Cache L2_bank_027:
MSHR contents

In Dram Latency Queue (total = 0): 
DRAM[13]: 16 bks, busW=8 BL=4 CL=19, tRRD=6 tCCD=1, tRCD=19 tRAS=45 tRP=19 tRC=50
n_cmd=0 n_nop=0 n_act=0 n_pre=0 n_ref_event=0 n_req=0 n_rd=0 n_rd_L2_A=0 n_write=0 n_wr_bk=0 bw_util=-nan
n_activity=0 dram_eff=-nan
bk0: 0a 0i bk1: 0a 0i bk2: 0a 0i bk3: 0a 0i bk4: 0a 0i bk5: 0a 0i bk6: 0a 0i bk7: 0a 0i bk8: 0a 0i bk9: 0a 0i bk10: 0a 0i bk11: 0a 0i bk12: 0a 0i bk13: 0a 0i bk14: 0a 0i bk15: 0a 0i 

------------------------------------------------------------------------

Row_Buffer_Locality = -nan
Row_Buffer_Locality_read = -nan
Row_Buffer_Locality_write = -nan
Bank_Level_Parallism = -nan
Bank_Level_Parallism_Col = -nan
Bank_Level_Parallism_Ready = -nan
write_to_read_ratio_blp_rw_average = -nan
GrpLevelPara = -nan 

BW Util details:
bwutil = -nan 
total_CMD = 0 
util_bw = 0 
Wasted_Col = 0 
Wasted_Row = 0 
Idle = 0 

BW Util Bottlenecks: 
RCDc_limit = 0 
RCDWRc_limit = 0 
WTRc_limit = 0 
RTWc_limit = 0 
CCDLc_limit = 0 
rwq = 0 
CCDLc_limit_alone = 0 
WTRc_limit_alone = 0 
RTWc_limit_alone = 0 

Commands details: 
total_CMD = 0 
n_nop = 0 
Read = 0 
Write = 0 
L2_Alloc = 0 
L2_WB = 0 
n_act = 0 
n_pre = 0 
n_ref = 0 
n_req = 0 
total_req = 0 

Dual Bus Interface Util: 
issued_total_row = 0 
issued_total_col = 0 
Row_Bus_Util =  -nan 
CoL_Bus_Util = -nan 
Either_Row_CoL_Bus_Util = -nan 
Issued_on_Two_Bus_Simul_Util = -nan 
issued_two_Eff = -nan 
queue_avg = -nan 


dram_util_bins: 0 0 0 0 0 0 0 0 0 0
dram_eff_bins: 0 0 0 0 0 0 0 0 0 0
mrqq: max=0 avg=-nan
Memory Partition 14: 
Cache L2_bank_028:
MSHR contents

Cache L2_bank_029:
MSHR contents

In Dram Latency Queue (total = 0): 
DRAM[14]: 16 bks, busW=8 BL=4 CL=19, tRRD=6 tCCD=1, tRCD=19 tRAS=45 tRP=19 tRC=50
n_cmd=0 n_nop=0 n_act=0 n_pre=0 n_ref_event=0 n_req=0 n_rd=0 n_rd_L2_A=0 n_write=0 n_wr_bk=0 bw_util=-nan
n_activity=0 dram_eff=-nan
bk0: 0a 0i bk1: 0a 0i bk2: 0a 0i bk3: 0a 0i bk4: 0a 0i bk5: 0a 0i bk6: 0a 0i bk7: 0a 0i bk8: 0a 0i bk9: 0a 0i bk10: 0a 0i bk11: 0a 0i bk12: 0a 0i bk13: 0a 0i bk14: 0a 0i bk15: 0a 0i 

------------------------------------------------------------------------

Row_Buffer_Locality = -nan
Row_Buffer_Locality_read = -nan
Row_Buffer_Locality_write = -nan
Bank_Level_Parallism = -nan
Bank_Level_Parallism_Col = -nan
Bank_Level_Parallism_Ready = -nan
write_to_read_ratio_blp_rw_average = -nan
GrpLevelPara = -nan 

BW Util details:
bwutil = -nan 
total_CMD = 0 
util_bw = 0 
Wasted_Col = 0 
Wasted_Row = 0 
Idle = 0 

BW Util Bottlenecks: 
RCDc_limit = 0 
RCDWRc_limit = 0 
WTRc_limit = 0 
RTWc_limit = 0 
CCDLc_limit = 0 
rwq = 0 
CCDLc_limit_alone = 0 
WTRc_limit_alone = 0 
RTWc_limit_alone = 0 

Commands details: 
total_CMD = 0 
n_nop = 0 
Read = 0 
Write = 0 
L2_Alloc = 0 
L2_WB = 0 
n_act = 0 
n_pre = 0 
n_ref = 0 
n_req = 0 
total_req = 0 

Dual Bus Interface Util: 
issued_total_row = 0 
issued_total_col = 0 
Row_Bus_Util =  -nan 
CoL_Bus_Util = -nan 
Either_Row_CoL_Bus_Util = -nan 
Issued_on_Two_Bus_Simul_Util = -nan 
issued_two_Eff = -nan 
queue_avg = -nan 


dram_util_bins: 0 0 0 0 0 0 0 0 0 0
dram_eff_bins: 0 0 0 0 0 0 0 0 0 0
mrqq: max=0 avg=-nan
Memory Partition 15: 
Cache L2_bank_030:
MSHR contents

Cache L2_bank_031:
MSHR contents

In Dram Latency Queue (total = 0): 
DRAM[15]: 16 bks, busW=8 BL=4 CL=19, tRRD=6 tCCD=1, tRCD=19 tRAS=45 tRP=19 tRC=50
n_cmd=0 n_nop=0 n_act=0 n_pre=0 n_ref_event=0 n_req=0 n_rd=0 n_rd_L2_A=0 n_write=0 n_wr_bk=0 bw_util=-nan
n_activity=0 dram_eff=-nan
bk0: 0a 0i bk1: 0a 0i bk2: 0a 0i bk3: 0a 0i bk4: 0a 0i bk5: 0a 0i bk6: 0a 0i bk7: 0a 0i bk8: 0a 0i bk9: 0a 0i bk10: 0a 0i bk11: 0a 0i bk12: 0a 0i bk13: 0a 0i bk14: 0a 0i bk15: 0a 0i 

------------------------------------------------------------------------

Row_Buffer_Locality = -nan
Row_Buffer_Locality_read = -nan
Row_Buffer_Locality_write = -nan
Bank_Level_Parallism = -nan
Bank_Level_Parallism_Col = -nan
Bank_Level_Parallism_Ready = -nan
write_to_read_ratio_blp_rw_average = -nan
GrpLevelPara = -nan 

BW Util details:
bwutil = -nan 
total_CMD = 0 
util_bw = 0 
Wasted_Col = 0 
Wasted_Row = 0 
Idle = 0 

BW Util Bottlenecks: 
RCDc_limit = 0 
RCDWRc_limit = 0 
WTRc_limit = 0 
RTWc_limit = 0 
CCDLc_limit = 0 
rwq = 0 
CCDLc_limit_alone = 0 
WTRc_limit_alone = 0 
RTWc_limit_alone = 0 

Commands details: 
total_CMD = 0 
n_nop = 0 
Read = 0 
Write = 0 
L2_Alloc = 0 
L2_WB = 0 
n_act = 0 
n_pre = 0 
n_ref = 0 
n_req = 0 
total_req = 0 

Dual Bus Interface Util: 
issued_total_row = 0 
issued_total_col = 0 
Row_Bus_Util =  -nan 
CoL_Bus_Util = -nan 
Either_Row_CoL_Bus_Util = -nan 
Issued_on_Two_Bus_Simul_Util = -nan 
issued_two_Eff = -nan 
queue_avg = -nan 


dram_util_bins: 0 0 0 0 0 0 0 0 0 0
dram_eff_bins: 0 0 0 0 0 0 0 0 0 0
mrqq: max=0 avg=-nan
Memory Partition 16: 
Cache L2_bank_032:
MSHR contents

Cache L2_bank_033:
MSHR contents

In Dram Latency Queue (total = 0): 
DRAM[16]: 16 bks, busW=8 BL=4 CL=19, tRRD=6 tCCD=1, tRCD=19 tRAS=45 tRP=19 tRC=50
n_cmd=0 n_nop=0 n_act=0 n_pre=0 n_ref_event=0 n_req=0 n_rd=0 n_rd_L2_A=0 n_write=0 n_wr_bk=0 bw_util=-nan
n_activity=0 dram_eff=-nan
bk0: 0a 0i bk1: 0a 0i bk2: 0a 0i bk3: 0a 0i bk4: 0a 0i bk5: 0a 0i bk6: 0a 0i bk7: 0a 0i bk8: 0a 0i bk9: 0a 0i bk10: 0a 0i bk11: 0a 0i bk12: 0a 0i bk13: 0a 0i bk14: 0a 0i bk15: 0a 0i 

------------------------------------------------------------------------

Row_Buffer_Locality = -nan
Row_Buffer_Locality_read = -nan
Row_Buffer_Locality_write = -nan
Bank_Level_Parallism = -nan
Bank_Level_Parallism_Col = -nan
Bank_Level_Parallism_Ready = -nan
write_to_read_ratio_blp_rw_average = -nan
GrpLevelPara = -nan 

BW Util details:
bwutil = -nan 
total_CMD = 0 
util_bw = 0 
Wasted_Col = 0 
Wasted_Row = 0 
Idle = 0 

BW Util Bottlenecks: 
RCDc_limit = 0 
RCDWRc_limit = 0 
WTRc_limit = 0 
RTWc_limit = 0 
CCDLc_limit = 0 
rwq = 0 
CCDLc_limit_alone = 0 
WTRc_limit_alone = 0 
RTWc_limit_alone = 0 

Commands details: 
total_CMD = 0 
n_nop = 0 
Read = 0 
Write = 0 
L2_Alloc = 0 
L2_WB = 0 
n_act = 0 
n_pre = 0 
n_ref = 0 
n_req = 0 
total_req = 0 

Dual Bus Interface Util: 
issued_total_row = 0 
issued_total_col = 0 
Row_Bus_Util =  -nan 
CoL_Bus_Util = -nan 
Either_Row_CoL_Bus_Util = -nan 
Issued_on_Two_Bus_Simul_Util = -nan 
issued_two_Eff = -nan 
queue_avg = -nan 


dram_util_bins: 0 0 0 0 0 0 0 0 0 0
dram_eff_bins: 0 0 0 0 0 0 0 0 0 0
mrqq: max=0 avg=-nan
Memory Partition 17: 
Cache L2_bank_034:
MSHR contents

Cache L2_bank_035:
MSHR contents

In Dram Latency Queue (total = 0): 
DRAM[17]: 16 bks, busW=8 BL=4 CL=19, tRRD=6 tCCD=1, tRCD=19 tRAS=45 tRP=19 tRC=50
n_cmd=0 n_nop=0 n_act=0 n_pre=0 n_ref_event=0 n_req=0 n_rd=0 n_rd_L2_A=0 n_write=0 n_wr_bk=0 bw_util=-nan
n_activity=0 dram_eff=-nan
bk0: 0a 0i bk1: 0a 0i bk2: 0a 0i bk3: 0a 0i bk4: 0a 0i bk5: 0a 0i bk6: 0a 0i bk7: 0a 0i bk8: 0a 0i bk9: 0a 0i bk10: 0a 0i bk11: 0a 0i bk12: 0a 0i bk13: 0a 0i bk14: 0a 0i bk15: 0a 0i 

------------------------------------------------------------------------

Row_Buffer_Locality = -nan
Row_Buffer_Locality_read = -nan
Row_Buffer_Locality_write = -nan
Bank_Level_Parallism = -nan
Bank_Level_Parallism_Col = -nan
Bank_Level_Parallism_Ready = -nan
write_to_read_ratio_blp_rw_average = -nan
GrpLevelPara = -nan 

BW Util details:
bwutil = -nan 
total_CMD = 0 
util_bw = 0 
Wasted_Col = 0 
Wasted_Row = 0 
Idle = 0 

BW Util Bottlenecks: 
RCDc_limit = 0 
RCDWRc_limit = 0 
WTRc_limit = 0 
RTWc_limit = 0 
CCDLc_limit = 0 
rwq = 0 
CCDLc_limit_alone = 0 
WTRc_limit_alone = 0 
RTWc_limit_alone = 0 

Commands details: 
total_CMD = 0 
n_nop = 0 
Read = 0 
Write = 0 
L2_Alloc = 0 
L2_WB = 0 
n_act = 0 
n_pre = 0 
n_ref = 0 
n_req = 0 
total_req = 0 

Dual Bus Interface Util: 
issued_total_row = 0 
issued_total_col = 0 
Row_Bus_Util =  -nan 
CoL_Bus_Util = -nan 
Either_Row_CoL_Bus_Util = -nan 
Issued_on_Two_Bus_Simul_Util = -nan 
issued_two_Eff = -nan 
queue_avg = -nan 


dram_util_bins: 0 0 0 0 0 0 0 0 0 0
dram_eff_bins: 0 0 0 0 0 0 0 0 0 0
mrqq: max=0 avg=-nan
Memory Partition 18: 
Cache L2_bank_036:
MSHR contents

Cache L2_bank_037:
MSHR contents

In Dram Latency Queue (total = 0): 
DRAM[18]: 16 bks, busW=8 BL=4 CL=19, tRRD=6 tCCD=1, tRCD=19 tRAS=45 tRP=19 tRC=50
n_cmd=0 n_nop=0 n_act=0 n_pre=0 n_ref_event=0 n_req=0 n_rd=0 n_rd_L2_A=0 n_write=0 n_wr_bk=0 bw_util=-nan
n_activity=0 dram_eff=-nan
bk0: 0a 0i bk1: 0a 0i bk2: 0a 0i bk3: 0a 0i bk4: 0a 0i bk5: 0a 0i bk6: 0a 0i bk7: 0a 0i bk8: 0a 0i bk9: 0a 0i bk10: 0a 0i bk11: 0a 0i bk12: 0a 0i bk13: 0a 0i bk14: 0a 0i bk15: 0a 0i 

------------------------------------------------------------------------

Row_Buffer_Locality = -nan
Row_Buffer_Locality_read = -nan
Row_Buffer_Locality_write = -nan
Bank_Level_Parallism = -nan
Bank_Level_Parallism_Col = -nan
Bank_Level_Parallism_Ready = -nan
write_to_read_ratio_blp_rw_average = -nan
GrpLevelPara = -nan 

BW Util details:
bwutil = -nan 
total_CMD = 0 
util_bw = 0 
Wasted_Col = 0 
Wasted_Row = 0 
Idle = 0 

BW Util Bottlenecks: 
RCDc_limit = 0 
RCDWRc_limit = 0 
WTRc_limit = 0 
RTWc_limit = 0 
CCDLc_limit = 0 
rwq = 0 
CCDLc_limit_alone = 0 
WTRc_limit_alone = 0 
RTWc_limit_alone = 0 

Commands details: 
total_CMD = 0 
n_nop = 0 
Read = 0 
Write = 0 
L2_Alloc = 0 
L2_WB = 0 
n_act = 0 
n_pre = 0 
n_ref = 0 
n_req = 0 
total_req = 0 

Dual Bus Interface Util: 
issued_total_row = 0 
issued_total_col = 0 
Row_Bus_Util =  -nan 
CoL_Bus_Util = -nan 
Either_Row_CoL_Bus_Util = -nan 
Issued_on_Two_Bus_Simul_Util = -nan 
issued_two_Eff = -nan 
queue_avg = -nan 


dram_util_bins: 0 0 0 0 0 0 0 0 0 0
dram_eff_bins: 0 0 0 0 0 0 0 0 0 0
mrqq: max=0 avg=-nan
Memory Partition 19: 
Cache L2_bank_038:
MSHR contents

Cache L2_bank_039:
MSHR contents

In Dram Latency Queue (total = 0): 
DRAM[19]: 16 bks, busW=8 BL=4 CL=19, tRRD=6 tCCD=1, tRCD=19 tRAS=45 tRP=19 tRC=50
n_cmd=0 n_nop=0 n_act=0 n_pre=0 n_ref_event=0 n_req=0 n_rd=0 n_rd_L2_A=0 n_write=0 n_wr_bk=0 bw_util=-nan
n_activity=0 dram_eff=-nan
bk0: 0a 0i bk1: 0a 0i bk2: 0a 0i bk3: 0a 0i bk4: 0a 0i bk5: 0a 0i bk6: 0a 0i bk7: 0a 0i bk8: 0a 0i bk9: 0a 0i bk10: 0a 0i bk11: 0a 0i bk12: 0a 0i bk13: 0a 0i bk14: 0a 0i bk15: 0a 0i 

------------------------------------------------------------------------

Row_Buffer_Locality = -nan
Row_Buffer_Locality_read = -nan
Row_Buffer_Locality_write = -nan
Bank_Level_Parallism = -nan
Bank_Level_Parallism_Col = -nan
Bank_Level_Parallism_Ready = -nan
write_to_read_ratio_blp_rw_average = -nan
GrpLevelPara = -nan 

BW Util details:
bwutil = -nan 
total_CMD = 0 
util_bw = 0 
Wasted_Col = 0 
Wasted_Row = 0 
Idle = 0 

BW Util Bottlenecks: 
RCDc_limit = 0 
RCDWRc_limit = 0 
WTRc_limit = 0 
RTWc_limit = 0 
CCDLc_limit = 0 
rwq = 0 
CCDLc_limit_alone = 0 
WTRc_limit_alone = 0 
RTWc_limit_alone = 0 

Commands details: 
total_CMD = 0 
n_nop = 0 
Read = 0 
Write = 0 
L2_Alloc = 0 
L2_WB = 0 
n_act = 0 
n_pre = 0 
n_ref = 0 
n_req = 0 
total_req = 0 

Dual Bus Interface Util: 
issued_total_row = 0 
issued_total_col = 0 
Row_Bus_Util =  -nan 
CoL_Bus_Util = -nan 
Either_Row_CoL_Bus_Util = -nan 
Issued_on_Two_Bus_Simul_Util = -nan 
issued_two_Eff = -nan 
queue_avg = -nan 


dram_util_bins: 0 0 0 0 0 0 0 0 0 0
dram_eff_bins: 0 0 0 0 0 0 0 0 0 0
mrqq: max=0 avg=-nan
Memory Partition 20: 
Cache L2_bank_040:
MSHR contents

Cache L2_bank_041:
MSHR contents

In Dram Latency Queue (total = 0): 
DRAM[20]: 16 bks, busW=8 BL=4 CL=19, tRRD=6 tCCD=1, tRCD=19 tRAS=45 tRP=19 tRC=50
n_cmd=0 n_nop=0 n_act=0 n_pre=0 n_ref_event=0 n_req=0 n_rd=0 n_rd_L2_A=0 n_write=0 n_wr_bk=0 bw_util=-nan
n_activity=0 dram_eff=-nan
bk0: 0a 0i bk1: 0a 0i bk2: 0a 0i bk3: 0a 0i bk4: 0a 0i bk5: 0a 0i bk6: 0a 0i bk7: 0a 0i bk8: 0a 0i bk9: 0a 0i bk10: 0a 0i bk11: 0a 0i bk12: 0a 0i bk13: 0a 0i bk14: 0a 0i bk15: 0a 0i 

------------------------------------------------------------------------

Row_Buffer_Locality = -nan
Row_Buffer_Locality_read = -nan
Row_Buffer_Locality_write = -nan
Bank_Level_Parallism = -nan
Bank_Level_Parallism_Col = -nan
Bank_Level_Parallism_Ready = -nan
write_to_read_ratio_blp_rw_average = -nan
GrpLevelPara = -nan 

BW Util details:
bwutil = -nan 
total_CMD = 0 
util_bw = 0 
Wasted_Col = 0 
Wasted_Row = 0 
Idle = 0 

BW Util Bottlenecks: 
RCDc_limit = 0 
RCDWRc_limit = 0 
WTRc_limit = 0 
RTWc_limit = 0 
CCDLc_limit = 0 
rwq = 0 
CCDLc_limit_alone = 0 
WTRc_limit_alone = 0 
RTWc_limit_alone = 0 

Commands details: 
total_CMD = 0 
n_nop = 0 
Read = 0 
Write = 0 
L2_Alloc = 0 
L2_WB = 0 
n_act = 0 
n_pre = 0 
n_ref = 0 
n_req = 0 
total_req = 0 

Dual Bus Interface Util: 
issued_total_row = 0 
issued_total_col = 0 
Row_Bus_Util =  -nan 
CoL_Bus_Util = -nan 
Either_Row_CoL_Bus_Util = -nan 
Issued_on_Two_Bus_Simul_Util = -nan 
issued_two_Eff = -nan 
queue_avg = -nan 


dram_util_bins: 0 0 0 0 0 0 0 0 0 0
dram_eff_bins: 0 0 0 0 0 0 0 0 0 0
mrqq: max=0 avg=-nan
Memory Partition 21: 
Cache L2_bank_042:
MSHR contents

Cache L2_bank_043:
MSHR contents

In Dram Latency Queue (total = 0): 
DRAM[21]: 16 bks, busW=8 BL=4 CL=19, tRRD=6 tCCD=1, tRCD=19 tRAS=45 tRP=19 tRC=50
n_cmd=0 n_nop=0 n_act=0 n_pre=0 n_ref_event=0 n_req=0 n_rd=0 n_rd_L2_A=0 n_write=0 n_wr_bk=0 bw_util=-nan
n_activity=0 dram_eff=-nan
bk0: 0a 0i bk1: 0a 0i bk2: 0a 0i bk3: 0a 0i bk4: 0a 0i bk5: 0a 0i bk6: 0a 0i bk7: 0a 0i bk8: 0a 0i bk9: 0a 0i bk10: 0a 0i bk11: 0a 0i bk12: 0a 0i bk13: 0a 0i bk14: 0a 0i bk15: 0a 0i 

------------------------------------------------------------------------

Row_Buffer_Locality = -nan
Row_Buffer_Locality_read = -nan
Row_Buffer_Locality_write = -nan
Bank_Level_Parallism = -nan
Bank_Level_Parallism_Col = -nan
Bank_Level_Parallism_Ready = -nan
write_to_read_ratio_blp_rw_average = -nan
GrpLevelPara = -nan 

BW Util details:
bwutil = -nan 
total_CMD = 0 
util_bw = 0 
Wasted_Col = 0 
Wasted_Row = 0 
Idle = 0 

BW Util Bottlenecks: 
RCDc_limit = 0 
RCDWRc_limit = 0 
WTRc_limit = 0 
RTWc_limit = 0 
CCDLc_limit = 0 
rwq = 0 
CCDLc_limit_alone = 0 
WTRc_limit_alone = 0 
RTWc_limit_alone = 0 

Commands details: 
total_CMD = 0 
n_nop = 0 
Read = 0 
Write = 0 
L2_Alloc = 0 
L2_WB = 0 
n_act = 0 
n_pre = 0 
n_ref = 0 
n_req = 0 
total_req = 0 

Dual Bus Interface Util: 
issued_total_row = 0 
issued_total_col = 0 
Row_Bus_Util =  -nan 
CoL_Bus_Util = -nan 
Either_Row_CoL_Bus_Util = -nan 
Issued_on_Two_Bus_Simul_Util = -nan 
issued_two_Eff = -nan 
queue_avg = -nan 


dram_util_bins: 0 0 0 0 0 0 0 0 0 0
dram_eff_bins: 0 0 0 0 0 0 0 0 0 0
mrqq: max=0 avg=-nan
Memory Partition 22: 
Cache L2_bank_044:
MSHR contents

Cache L2_bank_045:
MSHR contents

In Dram Latency Queue (total = 0): 
DRAM[22]: 16 bks, busW=8 BL=4 CL=19, tRRD=6 tCCD=1, tRCD=19 tRAS=45 tRP=19 tRC=50
n_cmd=0 n_nop=0 n_act=0 n_pre=0 n_ref_event=0 n_req=0 n_rd=0 n_rd_L2_A=0 n_write=0 n_wr_bk=0 bw_util=-nan
n_activity=0 dram_eff=-nan
bk0: 0a 0i bk1: 0a 0i bk2: 0a 0i bk3: 0a 0i bk4: 0a 0i bk5: 0a 0i bk6: 0a 0i bk7: 0a 0i bk8: 0a 0i bk9: 0a 0i bk10: 0a 0i bk11: 0a 0i bk12: 0a 0i bk13: 0a 0i bk14: 0a 0i bk15: 0a 0i 

------------------------------------------------------------------------

Row_Buffer_Locality = -nan
Row_Buffer_Locality_read = -nan
Row_Buffer_Locality_write = -nan
Bank_Level_Parallism = -nan
Bank_Level_Parallism_Col = -nan
Bank_Level_Parallism_Ready = -nan
write_to_read_ratio_blp_rw_average = -nan
GrpLevelPara = -nan 

BW Util details:
bwutil = -nan 
total_CMD = 0 
util_bw = 0 
Wasted_Col = 0 
Wasted_Row = 0 
Idle = 0 

BW Util Bottlenecks: 
RCDc_limit = 0 
RCDWRc_limit = 0 
WTRc_limit = 0 
RTWc_limit = 0 
CCDLc_limit = 0 
rwq = 0 
CCDLc_limit_alone = 0 
WTRc_limit_alone = 0 
RTWc_limit_alone = 0 

Commands details: 
total_CMD = 0 
n_nop = 0 
Read = 0 
Write = 0 
L2_Alloc = 0 
L2_WB = 0 
n_act = 0 
n_pre = 0 
n_ref = 0 
n_req = 0 
total_req = 0 

Dual Bus Interface Util: 
issued_total_row = 0 
issued_total_col = 0 
Row_Bus_Util =  -nan 
CoL_Bus_Util = -nan 
Either_Row_CoL_Bus_Util = -nan 
Issued_on_Two_Bus_Simul_Util = -nan 
issued_two_Eff = -nan 
queue_avg = -nan 


dram_util_bins: 0 0 0 0 0 0 0 0 0 0
dram_eff_bins: 0 0 0 0 0 0 0 0 0 0
mrqq: max=0 avg=-nan
Memory Partition 23: 
Cache L2_bank_046:
MSHR contents

Cache L2_bank_047:
MSHR contents

In Dram Latency Queue (total = 0): 
DRAM[23]: 16 bks, busW=8 BL=4 CL=19, tRRD=6 tCCD=1, tRCD=19 tRAS=45 tRP=19 tRC=50
n_cmd=0 n_nop=0 n_act=0 n_pre=0 n_ref_event=0 n_req=0 n_rd=0 n_rd_L2_A=0 n_write=0 n_wr_bk=0 bw_util=-nan
n_activity=0 dram_eff=-nan
bk0: 0a 0i bk1: 0a 0i bk2: 0a 0i bk3: 0a 0i bk4: 0a 0i bk5: 0a 0i bk6: 0a 0i bk7: 0a 0i bk8: 0a 0i bk9: 0a 0i bk10: 0a 0i bk11: 0a 0i bk12: 0a 0i bk13: 0a 0i bk14: 0a 0i bk15: 0a 0i 

------------------------------------------------------------------------

Row_Buffer_Locality = -nan
Row_Buffer_Locality_read = -nan
Row_Buffer_Locality_write = -nan
Bank_Level_Parallism = -nan
Bank_Level_Parallism_Col = -nan
Bank_Level_Parallism_Ready = -nan
write_to_read_ratio_blp_rw_average = -nan
GrpLevelPara = -nan 

BW Util details:
bwutil = -nan 
total_CMD = 0 
util_bw = 0 
Wasted_Col = 0 
Wasted_Row = 0 
Idle = 0 

BW Util Bottlenecks: 
RCDc_limit = 0 
RCDWRc_limit = 0 
WTRc_limit = 0 
RTWc_limit = 0 
CCDLc_limit = 0 
rwq = 0 
CCDLc_limit_alone = 0 
WTRc_limit_alone = 0 
RTWc_limit_alone = 0 

Commands details: 
total_CMD = 0 
n_nop = 0 
Read = 0 
Write = 0 
L2_Alloc = 0 
L2_WB = 0 
n_act = 0 
n_pre = 0 
n_ref = 0 
n_req = 0 
total_req = 0 

Dual Bus Interface Util: 
issued_total_row = 0 
issued_total_col = 0 
Row_Bus_Util =  -nan 
CoL_Bus_Util = -nan 
Either_Row_CoL_Bus_Util = -nan 
Issued_on_Two_Bus_Simul_Util = -nan 
issued_two_Eff = -nan 
queue_avg = -nan 


dram_util_bins: 0 0 0 0 0 0 0 0 0 0
dram_eff_bins: 0 0 0 0 0 0 0 0 0 0
mrqq: max=0 avg=-nan
Memory Partition 24: 
Cache L2_bank_048:
MSHR contents

Cache L2_bank_049:
MSHR contents

In Dram Latency Queue (total = 0): 
DRAM[24]: 16 bks, busW=8 BL=4 CL=19, tRRD=6 tCCD=1, tRCD=19 tRAS=45 tRP=19 tRC=50
n_cmd=0 n_nop=0 n_act=0 n_pre=0 n_ref_event=0 n_req=0 n_rd=0 n_rd_L2_A=0 n_write=0 n_wr_bk=0 bw_util=-nan
n_activity=0 dram_eff=-nan
bk0: 0a 0i bk1: 0a 0i bk2: 0a 0i bk3: 0a 0i bk4: 0a 0i bk5: 0a 0i bk6: 0a 0i bk7: 0a 0i bk8: 0a 0i bk9: 0a 0i bk10: 0a 0i bk11: 0a 0i bk12: 0a 0i bk13: 0a 0i bk14: 0a 0i bk15: 0a 0i 

------------------------------------------------------------------------

Row_Buffer_Locality = -nan
Row_Buffer_Locality_read = -nan
Row_Buffer_Locality_write = -nan
Bank_Level_Parallism = -nan
Bank_Level_Parallism_Col = -nan
Bank_Level_Parallism_Ready = -nan
write_to_read_ratio_blp_rw_average = -nan
GrpLevelPara = -nan 

BW Util details:
bwutil = -nan 
total_CMD = 0 
util_bw = 0 
Wasted_Col = 0 
Wasted_Row = 0 
Idle = 0 

BW Util Bottlenecks: 
RCDc_limit = 0 
RCDWRc_limit = 0 
WTRc_limit = 0 
RTWc_limit = 0 
CCDLc_limit = 0 
rwq = 0 
CCDLc_limit_alone = 0 
WTRc_limit_alone = 0 
RTWc_limit_alone = 0 

Commands details: 
total_CMD = 0 
n_nop = 0 
Read = 0 
Write = 0 
L2_Alloc = 0 
L2_WB = 0 
n_act = 0 
n_pre = 0 
n_ref = 0 
n_req = 0 
total_req = 0 

Dual Bus Interface Util: 
issued_total_row = 0 
issued_total_col = 0 
Row_Bus_Util =  -nan 
CoL_Bus_Util = -nan 
Either_Row_CoL_Bus_Util = -nan 
Issued_on_Two_Bus_Simul_Util = -nan 
issued_two_Eff = -nan 
queue_avg = -nan 


dram_util_bins: 0 0 0 0 0 0 0 0 0 0
dram_eff_bins: 0 0 0 0 0 0 0 0 0 0
mrqq: max=0 avg=-nan
Memory Partition 25: 
Cache L2_bank_050:
MSHR contents

Cache L2_bank_051:
MSHR contents

In Dram Latency Queue (total = 0): 
DRAM[25]: 16 bks, busW=8 BL=4 CL=19, tRRD=6 tCCD=1, tRCD=19 tRAS=45 tRP=19 tRC=50
n_cmd=0 n_nop=0 n_act=0 n_pre=0 n_ref_event=0 n_req=0 n_rd=0 n_rd_L2_A=0 n_write=0 n_wr_bk=0 bw_util=-nan
n_activity=0 dram_eff=-nan
bk0: 0a 0i bk1: 0a 0i bk2: 0a 0i bk3: 0a 0i bk4: 0a 0i bk5: 0a 0i bk6: 0a 0i bk7: 0a 0i bk8: 0a 0i bk9: 0a 0i bk10: 0a 0i bk11: 0a 0i bk12: 0a 0i bk13: 0a 0i bk14: 0a 0i bk15: 0a 0i 

------------------------------------------------------------------------

Row_Buffer_Locality = -nan
Row_Buffer_Locality_read = -nan
Row_Buffer_Locality_write = -nan
Bank_Level_Parallism = -nan
Bank_Level_Parallism_Col = -nan
Bank_Level_Parallism_Ready = -nan
write_to_read_ratio_blp_rw_average = -nan
GrpLevelPara = -nan 

BW Util details:
bwutil = -nan 
total_CMD = 0 
util_bw = 0 
Wasted_Col = 0 
Wasted_Row = 0 
Idle = 0 

BW Util Bottlenecks: 
RCDc_limit = 0 
RCDWRc_limit = 0 
WTRc_limit = 0 
RTWc_limit = 0 
CCDLc_limit = 0 
rwq = 0 
CCDLc_limit_alone = 0 
WTRc_limit_alone = 0 
RTWc_limit_alone = 0 

Commands details: 
total_CMD = 0 
n_nop = 0 
Read = 0 
Write = 0 
L2_Alloc = 0 
L2_WB = 0 
n_act = 0 
n_pre = 0 
n_ref = 0 
n_req = 0 
total_req = 0 

Dual Bus Interface Util: 
issued_total_row = 0 
issued_total_col = 0 
Row_Bus_Util =  -nan 
CoL_Bus_Util = -nan 
Either_Row_CoL_Bus_Util = -nan 
Issued_on_Two_Bus_Simul_Util = -nan 
issued_two_Eff = -nan 
queue_avg = -nan 


dram_util_bins: 0 0 0 0 0 0 0 0 0 0
dram_eff_bins: 0 0 0 0 0 0 0 0 0 0
mrqq: max=0 avg=-nan
Memory Partition 26: 
Cache L2_bank_052:
MSHR contents

Cache L2_bank_053:
MSHR contents

In Dram Latency Queue (total = 0): 
DRAM[26]: 16 bks, busW=8 BL=4 CL=19, tRRD=6 tCCD=1, tRCD=19 tRAS=45 tRP=19 tRC=50
n_cmd=0 n_nop=0 n_act=0 n_pre=0 n_ref_event=0 n_req=0 n_rd=0 n_rd_L2_A=0 n_write=0 n_wr_bk=0 bw_util=-nan
n_activity=0 dram_eff=-nan
bk0: 0a 0i bk1: 0a 0i bk2: 0a 0i bk3: 0a 0i bk4: 0a 0i bk5: 0a 0i bk6: 0a 0i bk7: 0a 0i bk8: 0a 0i bk9: 0a 0i bk10: 0a 0i bk11: 0a 0i bk12: 0a 0i bk13: 0a 0i bk14: 0a 0i bk15: 0a 0i 

------------------------------------------------------------------------

Row_Buffer_Locality = -nan
Row_Buffer_Locality_read = -nan
Row_Buffer_Locality_write = -nan
Bank_Level_Parallism = -nan
Bank_Level_Parallism_Col = -nan
Bank_Level_Parallism_Ready = -nan
write_to_read_ratio_blp_rw_average = -nan
GrpLevelPara = -nan 

BW Util details:
bwutil = -nan 
total_CMD = 0 
util_bw = 0 
Wasted_Col = 0 
Wasted_Row = 0 
Idle = 0 

BW Util Bottlenecks: 
RCDc_limit = 0 
RCDWRc_limit = 0 
WTRc_limit = 0 
RTWc_limit = 0 
CCDLc_limit = 0 
rwq = 0 
CCDLc_limit_alone = 0 
WTRc_limit_alone = 0 
RTWc_limit_alone = 0 

Commands details: 
total_CMD = 0 
n_nop = 0 
Read = 0 
Write = 0 
L2_Alloc = 0 
L2_WB = 0 
n_act = 0 
n_pre = 0 
n_ref = 0 
n_req = 0 
total_req = 0 

Dual Bus Interface Util: 
issued_total_row = 0 
issued_total_col = 0 
Row_Bus_Util =  -nan 
CoL_Bus_Util = -nan 
Either_Row_CoL_Bus_Util = -nan 
Issued_on_Two_Bus_Simul_Util = -nan 
issued_two_Eff = -nan 
queue_avg = -nan 


dram_util_bins: 0 0 0 0 0 0 0 0 0 0
dram_eff_bins: 0 0 0 0 0 0 0 0 0 0
mrqq: max=0 avg=-nan
Memory Partition 27: 
Cache L2_bank_054:
MSHR contents

Cache L2_bank_055:
MSHR contents

In Dram Latency Queue (total = 0): 
DRAM[27]: 16 bks, busW=8 BL=4 CL=19, tRRD=6 tCCD=1, tRCD=19 tRAS=45 tRP=19 tRC=50
n_cmd=0 n_nop=0 n_act=0 n_pre=0 n_ref_event=0 n_req=0 n_rd=0 n_rd_L2_A=0 n_write=0 n_wr_bk=0 bw_util=-nan
n_activity=0 dram_eff=-nan
bk0: 0a 0i bk1: 0a 0i bk2: 0a 0i bk3: 0a 0i bk4: 0a 0i bk5: 0a 0i bk6: 0a 0i bk7: 0a 0i bk8: 0a 0i bk9: 0a 0i bk10: 0a 0i bk11: 0a 0i bk12: 0a 0i bk13: 0a 0i bk14: 0a 0i bk15: 0a 0i 

------------------------------------------------------------------------

Row_Buffer_Locality = -nan
Row_Buffer_Locality_read = -nan
Row_Buffer_Locality_write = -nan
Bank_Level_Parallism = -nan
Bank_Level_Parallism_Col = -nan
Bank_Level_Parallism_Ready = -nan
write_to_read_ratio_blp_rw_average = -nan
GrpLevelPara = -nan 

BW Util details:
bwutil = -nan 
total_CMD = 0 
util_bw = 0 
Wasted_Col = 0 
Wasted_Row = 0 
Idle = 0 

BW Util Bottlenecks: 
RCDc_limit = 0 
RCDWRc_limit = 0 
WTRc_limit = 0 
RTWc_limit = 0 
CCDLc_limit = 0 
rwq = 0 
CCDLc_limit_alone = 0 
WTRc_limit_alone = 0 
RTWc_limit_alone = 0 

Commands details: 
total_CMD = 0 
n_nop = 0 
Read = 0 
Write = 0 
L2_Alloc = 0 
L2_WB = 0 
n_act = 0 
n_pre = 0 
n_ref = 0 
n_req = 0 
total_req = 0 

Dual Bus Interface Util: 
issued_total_row = 0 
issued_total_col = 0 
Row_Bus_Util =  -nan 
CoL_Bus_Util = -nan 
Either_Row_CoL_Bus_Util = -nan 
Issued_on_Two_Bus_Simul_Util = -nan 
issued_two_Eff = -nan 
queue_avg = -nan 


dram_util_bins: 0 0 0 0 0 0 0 0 0 0
dram_eff_bins: 0 0 0 0 0 0 0 0 0 0
mrqq: max=0 avg=-nan
Memory Partition 28: 
Cache L2_bank_056:
MSHR contents

Cache L2_bank_057:
MSHR contents

In Dram Latency Queue (total = 0): 
DRAM[28]: 16 bks, busW=8 BL=4 CL=19, tRRD=6 tCCD=1, tRCD=19 tRAS=45 tRP=19 tRC=50
n_cmd=0 n_nop=0 n_act=0 n_pre=0 n_ref_event=0 n_req=0 n_rd=0 n_rd_L2_A=0 n_write=0 n_wr_bk=0 bw_util=-nan
n_activity=0 dram_eff=-nan
bk0: 0a 0i bk1: 0a 0i bk2: 0a 0i bk3: 0a 0i bk4: 0a 0i bk5: 0a 0i bk6: 0a 0i bk7: 0a 0i bk8: 0a 0i bk9: 0a 0i bk10: 0a 0i bk11: 0a 0i bk12: 0a 0i bk13: 0a 0i bk14: 0a 0i bk15: 0a 0i 

------------------------------------------------------------------------

Row_Buffer_Locality = -nan
Row_Buffer_Locality_read = -nan
Row_Buffer_Locality_write = -nan
Bank_Level_Parallism = -nan
Bank_Level_Parallism_Col = -nan
Bank_Level_Parallism_Ready = -nan
write_to_read_ratio_blp_rw_average = -nan
GrpLevelPara = -nan 

BW Util details:
bwutil = -nan 
total_CMD = 0 
util_bw = 0 
Wasted_Col = 0 
Wasted_Row = 0 
Idle = 0 

BW Util Bottlenecks: 
RCDc_limit = 0 
RCDWRc_limit = 0 
WTRc_limit = 0 
RTWc_limit = 0 
CCDLc_limit = 0 
rwq = 0 
CCDLc_limit_alone = 0 
WTRc_limit_alone = 0 
RTWc_limit_alone = 0 

Commands details: 
total_CMD = 0 
n_nop = 0 
Read = 0 
Write = 0 
L2_Alloc = 0 
L2_WB = 0 
n_act = 0 
n_pre = 0 
n_ref = 0 
n_req = 0 
total_req = 0 

Dual Bus Interface Util: 
issued_total_row = 0 
issued_total_col = 0 
Row_Bus_Util =  -nan 
CoL_Bus_Util = -nan 
Either_Row_CoL_Bus_Util = -nan 
Issued_on_Two_Bus_Simul_Util = -nan 
issued_two_Eff = -nan 
queue_avg = -nan 


dram_util_bins: 0 0 0 0 0 0 0 0 0 0
dram_eff_bins: 0 0 0 0 0 0 0 0 0 0
mrqq: max=0 avg=-nan
Memory Partition 29: 
Cache L2_bank_058:
MSHR contents

Cache L2_bank_059:
MSHR contents

In Dram Latency Queue (total = 0): 
DRAM[29]: 16 bks, busW=8 BL=4 CL=19, tRRD=6 tCCD=1, tRCD=19 tRAS=45 tRP=19 tRC=50
n_cmd=0 n_nop=0 n_act=0 n_pre=0 n_ref_event=0 n_req=0 n_rd=0 n_rd_L2_A=0 n_write=0 n_wr_bk=0 bw_util=-nan
n_activity=0 dram_eff=-nan
bk0: 0a 0i bk1: 0a 0i bk2: 0a 0i bk3: 0a 0i bk4: 0a 0i bk5: 0a 0i bk6: 0a 0i bk7: 0a 0i bk8: 0a 0i bk9: 0a 0i bk10: 0a 0i bk11: 0a 0i bk12: 0a 0i bk13: 0a 0i bk14: 0a 0i bk15: 0a 0i 

------------------------------------------------------------------------

Row_Buffer_Locality = -nan
Row_Buffer_Locality_read = -nan
Row_Buffer_Locality_write = -nan
Bank_Level_Parallism = -nan
Bank_Level_Parallism_Col = -nan
Bank_Level_Parallism_Ready = -nan
write_to_read_ratio_blp_rw_average = -nan
GrpLevelPara = -nan 

BW Util details:
bwutil = -nan 
total_CMD = 0 
util_bw = 0 
Wasted_Col = 0 
Wasted_Row = 0 
Idle = 0 

BW Util Bottlenecks: 
RCDc_limit = 0 
RCDWRc_limit = 0 
WTRc_limit = 0 
RTWc_limit = 0 
CCDLc_limit = 0 
rwq = 0 
CCDLc_limit_alone = 0 
WTRc_limit_alone = 0 
RTWc_limit_alone = 0 

Commands details: 
total_CMD = 0 
n_nop = 0 
Read = 0 
Write = 0 
L2_Alloc = 0 
L2_WB = 0 
n_act = 0 
n_pre = 0 
n_ref = 0 
n_req = 0 
total_req = 0 

Dual Bus Interface Util: 
issued_total_row = 0 
issued_total_col = 0 
Row_Bus_Util =  -nan 
CoL_Bus_Util = -nan 
Either_Row_CoL_Bus_Util = -nan 
Issued_on_Two_Bus_Simul_Util = -nan 
issued_two_Eff = -nan 
queue_avg = -nan 


dram_util_bins: 0 0 0 0 0 0 0 0 0 0
dram_eff_bins: 0 0 0 0 0 0 0 0 0 0
mrqq: max=0 avg=-nan
Memory Partition 30: 
Cache L2_bank_060:
MSHR contents

Cache L2_bank_061:
MSHR contents

In Dram Latency Queue (total = 0): 
DRAM[30]: 16 bks, busW=8 BL=4 CL=19, tRRD=6 tCCD=1, tRCD=19 tRAS=45 tRP=19 tRC=50
n_cmd=0 n_nop=0 n_act=0 n_pre=0 n_ref_event=0 n_req=0 n_rd=0 n_rd_L2_A=0 n_write=0 n_wr_bk=0 bw_util=-nan
n_activity=0 dram_eff=-nan
bk0: 0a 0i bk1: 0a 0i bk2: 0a 0i bk3: 0a 0i bk4: 0a 0i bk5: 0a 0i bk6: 0a 0i bk7: 0a 0i bk8: 0a 0i bk9: 0a 0i bk10: 0a 0i bk11: 0a 0i bk12: 0a 0i bk13: 0a 0i bk14: 0a 0i bk15: 0a 0i 

------------------------------------------------------------------------

Row_Buffer_Locality = -nan
Row_Buffer_Locality_read = -nan
Row_Buffer_Locality_write = -nan
Bank_Level_Parallism = -nan
Bank_Level_Parallism_Col = -nan
Bank_Level_Parallism_Ready = -nan
write_to_read_ratio_blp_rw_average = -nan
GrpLevelPara = -nan 

BW Util details:
bwutil = -nan 
total_CMD = 0 
util_bw = 0 
Wasted_Col = 0 
Wasted_Row = 0 
Idle = 0 

BW Util Bottlenecks: 
RCDc_limit = 0 
RCDWRc_limit = 0 
WTRc_limit = 0 
RTWc_limit = 0 
CCDLc_limit = 0 
rwq = 0 
CCDLc_limit_alone = 0 
WTRc_limit_alone = 0 
RTWc_limit_alone = 0 

Commands details: 
total_CMD = 0 
n_nop = 0 
Read = 0 
Write = 0 
L2_Alloc = 0 
L2_WB = 0 
n_act = 0 
n_pre = 0 
n_ref = 0 
n_req = 0 
total_req = 0 

Dual Bus Interface Util: 
issued_total_row = 0 
issued_total_col = 0 
Row_Bus_Util =  -nan 
CoL_Bus_Util = -nan 
Either_Row_CoL_Bus_Util = -nan 
Issued_on_Two_Bus_Simul_Util = -nan 
issued_two_Eff = -nan 
queue_avg = -nan 


dram_util_bins: 0 0 0 0 0 0 0 0 0 0
dram_eff_bins: 0 0 0 0 0 0 0 0 0 0
mrqq: max=0 avg=-nan
Memory Partition 31: 
Cache L2_bank_062:
MSHR contents

Cache L2_bank_063:
MSHR contents

In Dram Latency Queue (total = 0): 
DRAM[31]: 16 bks, busW=8 BL=4 CL=19, tRRD=6 tCCD=1, tRCD=19 tRAS=45 tRP=19 tRC=50
n_cmd=0 n_nop=0 n_act=0 n_pre=0 n_ref_event=0 n_req=0 n_rd=0 n_rd_L2_A=0 n_write=0 n_wr_bk=0 bw_util=-nan
n_activity=0 dram_eff=-nan
bk0: 0a 0i bk1: 0a 0i bk2: 0a 0i bk3: 0a 0i bk4: 0a 0i bk5: 0a 0i bk6: 0a 0i bk7: 0a 0i bk8: 0a 0i bk9: 0a 0i bk10: 0a 0i bk11: 0a 0i bk12: 0a 0i bk13: 0a 0i bk14: 0a 0i bk15: 0a 0i 

------------------------------------------------------------------------

Row_Buffer_Locality = -nan
Row_Buffer_Locality_read = -nan
Row_Buffer_Locality_write = -nan
Bank_Level_Parallism = -nan
Bank_Level_Parallism_Col = -nan
Bank_Level_Parallism_Ready = -nan
write_to_read_ratio_blp_rw_average = -nan
GrpLevelPara = -nan 

BW Util details:
bwutil = -nan 
total_CMD = 0 
util_bw = 0 
Wasted_Col = 0 
Wasted_Row = 0 
Idle = 0 

BW Util Bottlenecks: 
RCDc_limit = 0 
RCDWRc_limit = 0 
WTRc_limit = 0 
RTWc_limit = 0 
CCDLc_limit = 0 
rwq = 0 
CCDLc_limit_alone = 0 
WTRc_limit_alone = 0 
RTWc_limit_alone = 0 

Commands details: 
total_CMD = 0 
n_nop = 0 
Read = 0 
Write = 0 
L2_Alloc = 0 
L2_WB = 0 
n_act = 0 
n_pre = 0 
n_ref = 0 
n_req = 0 
total_req = 0 

Dual Bus Interface Util: 
issued_total_row = 0 
issued_total_col = 0 
Row_Bus_Util =  -nan 
CoL_Bus_Util = -nan 
Either_Row_CoL_Bus_Util = -nan 
Issued_on_Two_Bus_Simul_Util = -nan 
issued_two_Eff = -nan 
queue_avg = -nan 


dram_util_bins: 0 0 0 0 0 0 0 0 0 0
dram_eff_bins: 0 0 0 0 0 0 0 0 0 0
mrqq: max=0 avg=-nan
Memory Partition 32: 
Cache L2_bank_064:
MSHR contents

Cache L2_bank_065:
MSHR contents

In Dram Latency Queue (total = 0): 
DRAM[32]: 16 bks, busW=8 BL=4 CL=19, tRRD=6 tCCD=1, tRCD=19 tRAS=45 tRP=19 tRC=50
n_cmd=0 n_nop=0 n_act=0 n_pre=0 n_ref_event=0 n_req=0 n_rd=0 n_rd_L2_A=0 n_write=0 n_wr_bk=0 bw_util=-nan
n_activity=0 dram_eff=-nan
bk0: 0a 0i bk1: 0a 0i bk2: 0a 0i bk3: 0a 0i bk4: 0a 0i bk5: 0a 0i bk6: 0a 0i bk7: 0a 0i bk8: 0a 0i bk9: 0a 0i bk10: 0a 0i bk11: 0a 0i bk12: 0a 0i bk13: 0a 0i bk14: 0a 0i bk15: 0a 0i 

------------------------------------------------------------------------

Row_Buffer_Locality = -nan
Row_Buffer_Locality_read = -nan
Row_Buffer_Locality_write = -nan
Bank_Level_Parallism = -nan
Bank_Level_Parallism_Col = -nan
Bank_Level_Parallism_Ready = -nan
write_to_read_ratio_blp_rw_average = -nan
GrpLevelPara = -nan 

BW Util details:
bwutil = -nan 
total_CMD = 0 
util_bw = 0 
Wasted_Col = 0 
Wasted_Row = 0 
Idle = 0 

BW Util Bottlenecks: 
RCDc_limit = 0 
RCDWRc_limit = 0 
WTRc_limit = 0 
RTWc_limit = 0 
CCDLc_limit = 0 
rwq = 0 
CCDLc_limit_alone = 0 
WTRc_limit_alone = 0 
RTWc_limit_alone = 0 

Commands details: 
total_CMD = 0 
n_nop = 0 
Read = 0 
Write = 0 
L2_Alloc = 0 
L2_WB = 0 
n_act = 0 
n_pre = 0 
n_ref = 0 
n_req = 0 
total_req = 0 

Dual Bus Interface Util: 
issued_total_row = 0 
issued_total_col = 0 
Row_Bus_Util =  -nan 
CoL_Bus_Util = -nan 
Either_Row_CoL_Bus_Util = -nan 
Issued_on_Two_Bus_Simul_Util = -nan 
issued_two_Eff = -nan 
queue_avg = -nan 


dram_util_bins: 0 0 0 0 0 0 0 0 0 0
dram_eff_bins: 0 0 0 0 0 0 0 0 0 0
mrqq: max=0 avg=-nan
Memory Partition 33: 
Cache L2_bank_066:
MSHR contents

Cache L2_bank_067:
MSHR contents

In Dram Latency Queue (total = 0): 
DRAM[33]: 16 bks, busW=8 BL=4 CL=19, tRRD=6 tCCD=1, tRCD=19 tRAS=45 tRP=19 tRC=50
n_cmd=0 n_nop=0 n_act=0 n_pre=0 n_ref_event=0 n_req=0 n_rd=0 n_rd_L2_A=0 n_write=0 n_wr_bk=0 bw_util=-nan
n_activity=0 dram_eff=-nan
bk0: 0a 0i bk1: 0a 0i bk2: 0a 0i bk3: 0a 0i bk4: 0a 0i bk5: 0a 0i bk6: 0a 0i bk7: 0a 0i bk8: 0a 0i bk9: 0a 0i bk10: 0a 0i bk11: 0a 0i bk12: 0a 0i bk13: 0a 0i bk14: 0a 0i bk15: 0a 0i 

------------------------------------------------------------------------

Row_Buffer_Locality = -nan
Row_Buffer_Locality_read = -nan
Row_Buffer_Locality_write = -nan
Bank_Level_Parallism = -nan
Bank_Level_Parallism_Col = -nan
Bank_Level_Parallism_Ready = -nan
write_to_read_ratio_blp_rw_average = -nan
GrpLevelPara = -nan 

BW Util details:
bwutil = -nan 
total_CMD = 0 
util_bw = 0 
Wasted_Col = 0 
Wasted_Row = 0 
Idle = 0 

BW Util Bottlenecks: 
RCDc_limit = 0 
RCDWRc_limit = 0 
WTRc_limit = 0 
RTWc_limit = 0 
CCDLc_limit = 0 
rwq = 0 
CCDLc_limit_alone = 0 
WTRc_limit_alone = 0 
RTWc_limit_alone = 0 

Commands details: 
total_CMD = 0 
n_nop = 0 
Read = 0 
Write = 0 
L2_Alloc = 0 
L2_WB = 0 
n_act = 0 
n_pre = 0 
n_ref = 0 
n_req = 0 
total_req = 0 

Dual Bus Interface Util: 
issued_total_row = 0 
issued_total_col = 0 
Row_Bus_Util =  -nan 
CoL_Bus_Util = -nan 
Either_Row_CoL_Bus_Util = -nan 
Issued_on_Two_Bus_Simul_Util = -nan 
issued_two_Eff = -nan 
queue_avg = -nan 


dram_util_bins: 0 0 0 0 0 0 0 0 0 0
dram_eff_bins: 0 0 0 0 0 0 0 0 0 0
mrqq: max=0 avg=-nan
Memory Partition 34: 
Cache L2_bank_068:
MSHR contents

Cache L2_bank_069:
MSHR contents

In Dram Latency Queue (total = 0): 
DRAM[34]: 16 bks, busW=8 BL=4 CL=19, tRRD=6 tCCD=1, tRCD=19 tRAS=45 tRP=19 tRC=50
n_cmd=0 n_nop=0 n_act=0 n_pre=0 n_ref_event=0 n_req=0 n_rd=0 n_rd_L2_A=0 n_write=0 n_wr_bk=0 bw_util=-nan
n_activity=0 dram_eff=-nan
bk0: 0a 0i bk1: 0a 0i bk2: 0a 0i bk3: 0a 0i bk4: 0a 0i bk5: 0a 0i bk6: 0a 0i bk7: 0a 0i bk8: 0a 0i bk9: 0a 0i bk10: 0a 0i bk11: 0a 0i bk12: 0a 0i bk13: 0a 0i bk14: 0a 0i bk15: 0a 0i 

------------------------------------------------------------------------

Row_Buffer_Locality = -nan
Row_Buffer_Locality_read = -nan
Row_Buffer_Locality_write = -nan
Bank_Level_Parallism = -nan
Bank_Level_Parallism_Col = -nan
Bank_Level_Parallism_Ready = -nan
write_to_read_ratio_blp_rw_average = -nan
GrpLevelPara = -nan 

BW Util details:
bwutil = -nan 
total_CMD = 0 
util_bw = 0 
Wasted_Col = 0 
Wasted_Row = 0 
Idle = 0 

BW Util Bottlenecks: 
RCDc_limit = 0 
RCDWRc_limit = 0 
WTRc_limit = 0 
RTWc_limit = 0 
CCDLc_limit = 0 
rwq = 0 
CCDLc_limit_alone = 0 
WTRc_limit_alone = 0 
RTWc_limit_alone = 0 

Commands details: 
total_CMD = 0 
n_nop = 0 
Read = 0 
Write = 0 
L2_Alloc = 0 
L2_WB = 0 
n_act = 0 
n_pre = 0 
n_ref = 0 
n_req = 0 
total_req = 0 

Dual Bus Interface Util: 
issued_total_row = 0 
issued_total_col = 0 
Row_Bus_Util =  -nan 
CoL_Bus_Util = -nan 
Either_Row_CoL_Bus_Util = -nan 
Issued_on_Two_Bus_Simul_Util = -nan 
issued_two_Eff = -nan 
queue_avg = -nan 


dram_util_bins: 0 0 0 0 0 0 0 0 0 0
dram_eff_bins: 0 0 0 0 0 0 0 0 0 0
mrqq: max=0 avg=-nan
Memory Partition 35: 
Cache L2_bank_070:
MSHR contents

Cache L2_bank_071:
MSHR contents

In Dram Latency Queue (total = 0): 
DRAM[35]: 16 bks, busW=8 BL=4 CL=19, tRRD=6 tCCD=1, tRCD=19 tRAS=45 tRP=19 tRC=50
n_cmd=0 n_nop=0 n_act=0 n_pre=0 n_ref_event=0 n_req=0 n_rd=0 n_rd_L2_A=0 n_write=0 n_wr_bk=0 bw_util=-nan
n_activity=0 dram_eff=-nan
bk0: 0a 0i bk1: 0a 0i bk2: 0a 0i bk3: 0a 0i bk4: 0a 0i bk5: 0a 0i bk6: 0a 0i bk7: 0a 0i bk8: 0a 0i bk9: 0a 0i bk10: 0a 0i bk11: 0a 0i bk12: 0a 0i bk13: 0a 0i bk14: 0a 0i bk15: 0a 0i 

------------------------------------------------------------------------

Row_Buffer_Locality = -nan
Row_Buffer_Locality_read = -nan
Row_Buffer_Locality_write = -nan
Bank_Level_Parallism = -nan
Bank_Level_Parallism_Col = -nan
Bank_Level_Parallism_Ready = -nan
write_to_read_ratio_blp_rw_average = -nan
GrpLevelPara = -nan 

BW Util details:
bwutil = -nan 
total_CMD = 0 
util_bw = 0 
Wasted_Col = 0 
Wasted_Row = 0 
Idle = 0 

BW Util Bottlenecks: 
RCDc_limit = 0 
RCDWRc_limit = 0 
WTRc_limit = 0 
RTWc_limit = 0 
CCDLc_limit = 0 
rwq = 0 
CCDLc_limit_alone = 0 
WTRc_limit_alone = 0 
RTWc_limit_alone = 0 

Commands details: 
total_CMD = 0 
n_nop = 0 
Read = 0 
Write = 0 
L2_Alloc = 0 
L2_WB = 0 
n_act = 0 
n_pre = 0 
n_ref = 0 
n_req = 0 
total_req = 0 

Dual Bus Interface Util: 
issued_total_row = 0 
issued_total_col = 0 
Row_Bus_Util =  -nan 
CoL_Bus_Util = -nan 
Either_Row_CoL_Bus_Util = -nan 
Issued_on_Two_Bus_Simul_Util = -nan 
issued_two_Eff = -nan 
queue_avg = -nan 


dram_util_bins: 0 0 0 0 0 0 0 0 0 0
dram_eff_bins: 0 0 0 0 0 0 0 0 0 0
mrqq: max=0 avg=-nan
Memory Partition 36: 
Cache L2_bank_072:
MSHR contents

Cache L2_bank_073:
MSHR contents

In Dram Latency Queue (total = 0): 
DRAM[36]: 16 bks, busW=8 BL=4 CL=19, tRRD=6 tCCD=1, tRCD=19 tRAS=45 tRP=19 tRC=50
n_cmd=0 n_nop=0 n_act=0 n_pre=0 n_ref_event=0 n_req=0 n_rd=0 n_rd_L2_A=0 n_write=0 n_wr_bk=0 bw_util=-nan
n_activity=0 dram_eff=-nan
bk0: 0a 0i bk1: 0a 0i bk2: 0a 0i bk3: 0a 0i bk4: 0a 0i bk5: 0a 0i bk6: 0a 0i bk7: 0a 0i bk8: 0a 0i bk9: 0a 0i bk10: 0a 0i bk11: 0a 0i bk12: 0a 0i bk13: 0a 0i bk14: 0a 0i bk15: 0a 0i 

------------------------------------------------------------------------

Row_Buffer_Locality = -nan
Row_Buffer_Locality_read = -nan
Row_Buffer_Locality_write = -nan
Bank_Level_Parallism = -nan
Bank_Level_Parallism_Col = -nan
Bank_Level_Parallism_Ready = -nan
write_to_read_ratio_blp_rw_average = -nan
GrpLevelPara = -nan 

BW Util details:
bwutil = -nan 
total_CMD = 0 
util_bw = 0 
Wasted_Col = 0 
Wasted_Row = 0 
Idle = 0 

BW Util Bottlenecks: 
RCDc_limit = 0 
RCDWRc_limit = 0 
WTRc_limit = 0 
RTWc_limit = 0 
CCDLc_limit = 0 
rwq = 0 
CCDLc_limit_alone = 0 
WTRc_limit_alone = 0 
RTWc_limit_alone = 0 

Commands details: 
total_CMD = 0 
n_nop = 0 
Read = 0 
Write = 0 
L2_Alloc = 0 
L2_WB = 0 
n_act = 0 
n_pre = 0 
n_ref = 0 
n_req = 0 
total_req = 0 

Dual Bus Interface Util: 
issued_total_row = 0 
issued_total_col = 0 
Row_Bus_Util =  -nan 
CoL_Bus_Util = -nan 
Either_Row_CoL_Bus_Util = -nan 
Issued_on_Two_Bus_Simul_Util = -nan 
issued_two_Eff = -nan 
queue_avg = -nan 


dram_util_bins: 0 0 0 0 0 0 0 0 0 0
dram_eff_bins: 0 0 0 0 0 0 0 0 0 0
mrqq: max=0 avg=-nan
Memory Partition 37: 
Cache L2_bank_074:
MSHR contents

Cache L2_bank_075:
MSHR contents

In Dram Latency Queue (total = 0): 
DRAM[37]: 16 bks, busW=8 BL=4 CL=19, tRRD=6 tCCD=1, tRCD=19 tRAS=45 tRP=19 tRC=50
n_cmd=0 n_nop=0 n_act=0 n_pre=0 n_ref_event=0 n_req=0 n_rd=0 n_rd_L2_A=0 n_write=0 n_wr_bk=0 bw_util=-nan
n_activity=0 dram_eff=-nan
bk0: 0a 0i bk1: 0a 0i bk2: 0a 0i bk3: 0a 0i bk4: 0a 0i bk5: 0a 0i bk6: 0a 0i bk7: 0a 0i bk8: 0a 0i bk9: 0a 0i bk10: 0a 0i bk11: 0a 0i bk12: 0a 0i bk13: 0a 0i bk14: 0a 0i bk15: 0a 0i 

------------------------------------------------------------------------

Row_Buffer_Locality = -nan
Row_Buffer_Locality_read = -nan
Row_Buffer_Locality_write = -nan
Bank_Level_Parallism = -nan
Bank_Level_Parallism_Col = -nan
Bank_Level_Parallism_Ready = -nan
write_to_read_ratio_blp_rw_average = -nan
GrpLevelPara = -nan 

BW Util details:
bwutil = -nan 
total_CMD = 0 
util_bw = 0 
Wasted_Col = 0 
Wasted_Row = 0 
Idle = 0 

BW Util Bottlenecks: 
RCDc_limit = 0 
RCDWRc_limit = 0 
WTRc_limit = 0 
RTWc_limit = 0 
CCDLc_limit = 0 
rwq = 0 
CCDLc_limit_alone = 0 
WTRc_limit_alone = 0 
RTWc_limit_alone = 0 

Commands details: 
total_CMD = 0 
n_nop = 0 
Read = 0 
Write = 0 
L2_Alloc = 0 
L2_WB = 0 
n_act = 0 
n_pre = 0 
n_ref = 0 
n_req = 0 
total_req = 0 

Dual Bus Interface Util: 
issued_total_row = 0 
issued_total_col = 0 
Row_Bus_Util =  -nan 
CoL_Bus_Util = -nan 
Either_Row_CoL_Bus_Util = -nan 
Issued_on_Two_Bus_Simul_Util = -nan 
issued_two_Eff = -nan 
queue_avg = -nan 


dram_util_bins: 0 0 0 0 0 0 0 0 0 0
dram_eff_bins: 0 0 0 0 0 0 0 0 0 0
mrqq: max=0 avg=-nan
Memory Partition 38: 
Cache L2_bank_076:
MSHR contents

Cache L2_bank_077:
MSHR contents

In Dram Latency Queue (total = 0): 
DRAM[38]: 16 bks, busW=8 BL=4 CL=19, tRRD=6 tCCD=1, tRCD=19 tRAS=45 tRP=19 tRC=50
n_cmd=0 n_nop=0 n_act=0 n_pre=0 n_ref_event=0 n_req=0 n_rd=0 n_rd_L2_A=0 n_write=0 n_wr_bk=0 bw_util=-nan
n_activity=0 dram_eff=-nan
bk0: 0a 0i bk1: 0a 0i bk2: 0a 0i bk3: 0a 0i bk4: 0a 0i bk5: 0a 0i bk6: 0a 0i bk7: 0a 0i bk8: 0a 0i bk9: 0a 0i bk10: 0a 0i bk11: 0a 0i bk12: 0a 0i bk13: 0a 0i bk14: 0a 0i bk15: 0a 0i 

------------------------------------------------------------------------

Row_Buffer_Locality = -nan
Row_Buffer_Locality_read = -nan
Row_Buffer_Locality_write = -nan
Bank_Level_Parallism = -nan
Bank_Level_Parallism_Col = -nan
Bank_Level_Parallism_Ready = -nan
write_to_read_ratio_blp_rw_average = -nan
GrpLevelPara = -nan 

BW Util details:
bwutil = -nan 
total_CMD = 0 
util_bw = 0 
Wasted_Col = 0 
Wasted_Row = 0 
Idle = 0 

BW Util Bottlenecks: 
RCDc_limit = 0 
RCDWRc_limit = 0 
WTRc_limit = 0 
RTWc_limit = 0 
CCDLc_limit = 0 
rwq = 0 
CCDLc_limit_alone = 0 
WTRc_limit_alone = 0 
RTWc_limit_alone = 0 

Commands details: 
total_CMD = 0 
n_nop = 0 
Read = 0 
Write = 0 
L2_Alloc = 0 
L2_WB = 0 
n_act = 0 
n_pre = 0 
n_ref = 0 
n_req = 0 
total_req = 0 

Dual Bus Interface Util: 
issued_total_row = 0 
issued_total_col = 0 
Row_Bus_Util =  -nan 
CoL_Bus_Util = -nan 
Either_Row_CoL_Bus_Util = -nan 
Issued_on_Two_Bus_Simul_Util = -nan 
issued_two_Eff = -nan 
queue_avg = -nan 


dram_util_bins: 0 0 0 0 0 0 0 0 0 0
dram_eff_bins: 0 0 0 0 0 0 0 0 0 0
mrqq: max=0 avg=-nan
Memory Partition 39: 
Cache L2_bank_078:
MSHR contents

Cache L2_bank_079:
MSHR contents

In Dram Latency Queue (total = 0): 
DRAM[39]: 16 bks, busW=8 BL=4 CL=19, tRRD=6 tCCD=1, tRCD=19 tRAS=45 tRP=19 tRC=50
n_cmd=0 n_nop=0 n_act=0 n_pre=0 n_ref_event=0 n_req=0 n_rd=0 n_rd_L2_A=0 n_write=0 n_wr_bk=0 bw_util=-nan
n_activity=0 dram_eff=-nan
bk0: 0a 0i bk1: 0a 0i bk2: 0a 0i bk3: 0a 0i bk4: 0a 0i bk5: 0a 0i bk6: 0a 0i bk7: 0a 0i bk8: 0a 0i bk9: 0a 0i bk10: 0a 0i bk11: 0a 0i bk12: 0a 0i bk13: 0a 0i bk14: 0a 0i bk15: 0a 0i 

------------------------------------------------------------------------

Row_Buffer_Locality = -nan
Row_Buffer_Locality_read = -nan
Row_Buffer_Locality_write = -nan
Bank_Level_Parallism = -nan
Bank_Level_Parallism_Col = -nan
Bank_Level_Parallism_Ready = -nan
write_to_read_ratio_blp_rw_average = -nan
GrpLevelPara = -nan 

BW Util details:
bwutil = -nan 
total_CMD = 0 
util_bw = 0 
Wasted_Col = 0 
Wasted_Row = 0 
Idle = 0 

BW Util Bottlenecks: 
RCDc_limit = 0 
RCDWRc_limit = 0 
WTRc_limit = 0 
RTWc_limit = 0 
CCDLc_limit = 0 
rwq = 0 
CCDLc_limit_alone = 0 
WTRc_limit_alone = 0 
RTWc_limit_alone = 0 

Commands details: 
total_CMD = 0 
n_nop = 0 
Read = 0 
Write = 0 
L2_Alloc = 0 
L2_WB = 0 
n_act = 0 
n_pre = 0 
n_ref = 0 
n_req = 0 
total_req = 0 

Dual Bus Interface Util: 
issued_total_row = 0 
issued_total_col = 0 
Row_Bus_Util =  -nan 
CoL_Bus_Util = -nan 
Either_Row_CoL_Bus_Util = -nan 
Issued_on_Two_Bus_Simul_Util = -nan 
issued_two_Eff = -nan 
queue_avg = -nan 


dram_util_bins: 0 0 0 0 0 0 0 0 0 0
dram_eff_bins: 0 0 0 0 0 0 0 0 0 0
mrqq: max=0 avg=-nan

========= L2 cache stats =========
L2_cache_bank[0]: Access = 13652, Miss = 13621, Miss_rate = 0.998, Pending_hits = 0, Reservation_fails = 0
L2_cache_bank[1]: Access = 13640, Miss = 13616, Miss_rate = 0.998, Pending_hits = 0, Reservation_fails = 0
L2_cache_bank[2]: Access = 13676, Miss = 13631, Miss_rate = 0.997, Pending_hits = 0, Reservation_fails = 0
L2_cache_bank[3]: Access = 13661, Miss = 13630, Miss_rate = 0.998, Pending_hits = 0, Reservation_fails = 0
L2_cache_bank[4]: Access = 13650, Miss = 13623, Miss_rate = 0.998, Pending_hits = 0, Reservation_fails = 0
L2_cache_bank[5]: Access = 13663, Miss = 13631, Miss_rate = 0.998, Pending_hits = 0, Reservation_fails = 0
L2_cache_bank[6]: Access = 13650, Miss = 13630, Miss_rate = 0.999, Pending_hits = 0, Reservation_fails = 0
L2_cache_bank[7]: Access = 13655, Miss = 13630, Miss_rate = 0.998, Pending_hits = 0, Reservation_fails = 0
L2_cache_bank[8]: Access = 13682, Miss = 13637, Miss_rate = 0.997, Pending_hits = 0, Reservation_fails = 0
L2_cache_bank[9]: Access = 13668, Miss = 13633, Miss_rate = 0.997, Pending_hits = 0, Reservation_fails = 0
L2_cache_bank[10]: Access = 13652, Miss = 13616, Miss_rate = 0.997, Pending_hits = 0, Reservation_fails = 0
L2_cache_bank[11]: Access = 13642, Miss = 13615, Miss_rate = 0.998, Pending_hits = 0, Reservation_fails = 0
L2_cache_bank[12]: Access = 13622, Miss = 13598, Miss_rate = 0.998, Pending_hits = 0, Reservation_fails = 0
L2_cache_bank[13]: Access = 13658, Miss = 13607, Miss_rate = 0.996, Pending_hits = 0, Reservation_fails = 0
L2_cache_bank[14]: Access = 13630, Miss = 13613, Miss_rate = 0.999, Pending_hits = 0, Reservation_fails = 0
L2_cache_bank[15]: Access = 13608, Miss = 13596, Miss_rate = 0.999, Pending_hits = 0, Reservation_fails = 0
L2_cache_bank[16]: Access = 13650, Miss = 13606, Miss_rate = 0.997, Pending_hits = 0, Reservation_fails = 0
L2_cache_bank[17]: Access = 13652, Miss = 13616, Miss_rate = 0.997, Pending_hits = 0, Reservation_fails = 0
L2_cache_bank[18]: Access = 13636, Miss = 13607, Miss_rate = 0.998, Pending_hits = 0, Reservation_fails = 0
L2_cache_bank[19]: Access = 13641, Miss = 13608, Miss_rate = 0.998, Pending_hits = 0, Reservation_fails = 0
L2_cache_bank[20]: Access = 13664, Miss = 13640, Miss_rate = 0.998, Pending_hits = 0, Reservation_fails = 0
L2_cache_bank[21]: Access = 13695, Miss = 13644, Miss_rate = 0.996, Pending_hits = 0, Reservation_fails = 0
L2_cache_bank[22]: Access = 13674, Miss = 13649, Miss_rate = 0.998, Pending_hits = 0, Reservation_fails = 0
L2_cache_bank[23]: Access = 13672, Miss = 13648, Miss_rate = 0.998, Pending_hits = 0, Reservation_fails = 0
L2_cache_bank[24]: Access = 13714, Miss = 13664, Miss_rate = 0.996, Pending_hits = 0, Reservation_fails = 0
L2_cache_bank[25]: Access = 13679, Miss = 13653, Miss_rate = 0.998, Pending_hits = 0, Reservation_fails = 0
L2_cache_bank[26]: Access = 13672, Miss = 13648, Miss_rate = 0.998, Pending_hits = 0, Reservation_fails = 0
L2_cache_bank[27]: Access = 13705, Miss = 13656, Miss_rate = 0.996, Pending_hits = 0, Reservation_fails = 0
L2_cache_bank[28]: Access = 13672, Miss = 13645, Miss_rate = 0.998, Pending_hits = 0, Reservation_fails = 0
L2_cache_bank[29]: Access = 13672, Miss = 13648, Miss_rate = 0.998, Pending_hits = 0, Reservation_fails = 0
L2_cache_bank[30]: Access = 13652, Miss = 13628, Miss_rate = 0.998, Pending_hits = 0, Reservation_fails = 0
L2_cache_bank[31]: Access = 13656, Miss = 13632, Miss_rate = 0.998, Pending_hits = 0, Reservation_fails = 0
L2_cache_bank[32]: Access = 13664, Miss = 13640, Miss_rate = 0.998, Pending_hits = 0, Reservation_fails = 0
L2_cache_bank[33]: Access = 13664, Miss = 13640, Miss_rate = 0.998, Pending_hits = 0, Reservation_fails = 0
L2_cache_bank[34]: Access = 13664, Miss = 13640, Miss_rate = 0.998, Pending_hits = 0, Reservation_fails = 0
L2_cache_bank[35]: Access = 13660, Miss = 13636, Miss_rate = 0.998, Pending_hits = 0, Reservation_fails = 0
L2_cache_bank[36]: Access = 13664, Miss = 13640, Miss_rate = 0.998, Pending_hits = 0, Reservation_fails = 0
L2_cache_bank[37]: Access = 13664, Miss = 13640, Miss_rate = 0.998, Pending_hits = 0, Reservation_fails = 0
L2_cache_bank[38]: Access = 13692, Miss = 13640, Miss_rate = 0.996, Pending_hits = 0, Reservation_fails = 0
L2_cache_bank[39]: Access = 13661, Miss = 13637, Miss_rate = 0.998, Pending_hits = 0, Reservation_fails = 0
L2_cache_bank[40]: Access = 3369, Miss = 3369, Miss_rate = 1.000, Pending_hits = 0, Reservation_fails = 0
L2_cache_bank[41]: Access = 3348, Miss = 3348, Miss_rate = 1.000, Pending_hits = 0, Reservation_fails = 0
L2_cache_bank[42]: Access = 3359, Miss = 3359, Miss_rate = 1.000, Pending_hits = 0, Reservation_fails = 0
L2_cache_bank[43]: Access = 3374, Miss = 3374, Miss_rate = 1.000, Pending_hits = 0, Reservation_fails = 0
L2_cache_bank[44]: Access = 3363, Miss = 3363, Miss_rate = 1.000, Pending_hits = 0, Reservation_fails = 0
L2_cache_bank[45]: Access = 3363, Miss = 3363, Miss_rate = 1.000, Pending_hits = 0, Reservation_fails = 0
L2_cache_bank[46]: Access = 3374, Miss = 3374, Miss_rate = 1.000, Pending_hits = 0, Reservation_fails = 0
L2_cache_bank[47]: Access = 3358, Miss = 3358, Miss_rate = 1.000, Pending_hits = 0, Reservation_fails = 0
L2_cache_bank[48]: Access = 3369, Miss = 3369, Miss_rate = 1.000, Pending_hits = 0, Reservation_fails = 0
L2_cache_bank[49]: Access = 3389, Miss = 3389, Miss_rate = 1.000, Pending_hits = 0, Reservation_fails = 0
L2_cache_bank[50]: Access = 3348, Miss = 3348, Miss_rate = 1.000, Pending_hits = 0, Reservation_fails = 0
L2_cache_bank[51]: Access = 3355, Miss = 3355, Miss_rate = 1.000, Pending_hits = 0, Reservation_fails = 0
L2_cache_bank[52]: Access = 3354, Miss = 3354, Miss_rate = 1.000, Pending_hits = 0, Reservation_fails = 0
L2_cache_bank[53]: Access = 3359, Miss = 3359, Miss_rate = 1.000, Pending_hits = 0, Reservation_fails = 0
L2_cache_bank[54]: Access = 3345, Miss = 3345, Miss_rate = 1.000, Pending_hits = 0, Reservation_fails = 0
L2_cache_bank[55]: Access = 3336, Miss = 3336, Miss_rate = 1.000, Pending_hits = 0, Reservation_fails = 0
L2_cache_bank[56]: Access = 3354, Miss = 3354, Miss_rate = 1.000, Pending_hits = 0, Reservation_fails = 0
L2_cache_bank[57]: Access = 3364, Miss = 3364, Miss_rate = 1.000, Pending_hits = 0, Reservation_fails = 0
L2_cache_bank[58]: Access = 3347, Miss = 3347, Miss_rate = 1.000, Pending_hits = 0, Reservation_fails = 0
L2_cache_bank[59]: Access = 3336, Miss = 3336, Miss_rate = 1.000, Pending_hits = 0, Reservation_fails = 0
L2_cache_bank[60]: Access = 3400, Miss = 3400, Miss_rate = 1.000, Pending_hits = 0, Reservation_fails = 0
L2_cache_bank[61]: Access = 3412, Miss = 3412, Miss_rate = 1.000, Pending_hits = 0, Reservation_fails = 0
L2_cache_bank[62]: Access = 3425, Miss = 3425, Miss_rate = 1.000, Pending_hits = 0, Reservation_fails = 0
L2_cache_bank[63]: Access = 3408, Miss = 3408, Miss_rate = 1.000, Pending_hits = 0, Reservation_fails = 0
L2_cache_bank[64]: Access = 3416, Miss = 3416, Miss_rate = 1.000, Pending_hits = 0, Reservation_fails = 0
L2_cache_bank[65]: Access = 3421, Miss = 3421, Miss_rate = 1.000, Pending_hits = 0, Reservation_fails = 0
L2_cache_bank[66]: Access = 3396, Miss = 3396, Miss_rate = 1.000, Pending_hits = 0, Reservation_fails = 0
L2_cache_bank[67]: Access = 3420, Miss = 3420, Miss_rate = 1.000, Pending_hits = 0, Reservation_fails = 0
L2_cache_bank[68]: Access = 3405, Miss = 3405, Miss_rate = 1.000, Pending_hits = 0, Reservation_fails = 0
L2_cache_bank[69]: Access = 3384, Miss = 3384, Miss_rate = 1.000, Pending_hits = 0, Reservation_fails = 0
L2_cache_bank[70]: Access = 3404, Miss = 3404, Miss_rate = 1.000, Pending_hits = 0, Reservation_fails = 0
L2_cache_bank[71]: Access = 3412, Miss = 3412, Miss_rate = 1.000, Pending_hits = 0, Reservation_fails = 0
L2_cache_bank[72]: Access = 3384, Miss = 3384, Miss_rate = 1.000, Pending_hits = 0, Reservation_fails = 0
L2_cache_bank[73]: Access = 3388, Miss = 3388, Miss_rate = 1.000, Pending_hits = 0, Reservation_fails = 0
L2_cache_bank[74]: Access = 3412, Miss = 3412, Miss_rate = 1.000, Pending_hits = 0, Reservation_fails = 0
L2_cache_bank[75]: Access = 3400, Miss = 3400, Miss_rate = 1.000, Pending_hits = 0, Reservation_fails = 0
L2_cache_bank[76]: Access = 3408, Miss = 3408, Miss_rate = 1.000, Pending_hits = 0, Reservation_fails = 0
L2_cache_bank[77]: Access = 3396, Miss = 3396, Miss_rate = 1.000, Pending_hits = 0, Reservation_fails = 0
L2_cache_bank[78]: Access = 3416, Miss = 3416, Miss_rate = 1.000, Pending_hits = 0, Reservation_fails = 0
L2_cache_bank[79]: Access = 3425, Miss = 3425, Miss_rate = 1.000, Pending_hits = 0, Reservation_fails = 0
L2_total_cache_accesses = 681744
L2_total_cache_misses = 680528
L2_total_cache_miss_rate = 0.9982
L2_total_cache_pending_hits = 0
L2_total_cache_reservation_fails = 0
L2_total_cache_breakdown:
	L2_cache_stats_breakdown[GLOBAL_ACC_R][HIT] = 704
	L2_cache_stats_breakdown[GLOBAL_ACC_R][HIT_RESERVED] = 0
	L2_cache_stats_breakdown[GLOBAL_ACC_R][MISS] = 67680
	L2_cache_stats_breakdown[GLOBAL_ACC_R][RESERVATION_FAIL] = 0
	L2_cache_stats_breakdown[GLOBAL_ACC_R][SECTOR_MISS] = 202992
	L2_cache_stats_breakdown[GLOBAL_ACC_R][MSHR_HIT] = 0
	L2_cache_stats_breakdown[GLOBAL_ACC_R][WRITE_ALLOCATED] = 0
	L2_cache_stats_breakdown[CHIPLET_ACC_R][HIT] = 0
	L2_cache_stats_breakdown[CHIPLET_ACC_R][HIT_RESERVED] = 0
	L2_cache_stats_breakdown[CHIPLET_ACC_R][MISS] = 33836
	L2_cache_stats_breakdown[CHIPLET_ACC_R][RESERVATION_FAIL] = 0
	L2_cache_stats_breakdown[CHIPLET_ACC_R][SECTOR_MISS] = 101460
	L2_cache_stats_breakdown[CHIPLET_ACC_R][MSHR_HIT] = 0
	L2_cache_stats_breakdown[CHIPLET_ACC_R][WRITE_ALLOCATED] = 0
	L2_cache_stats_breakdown[LOCAL_ACC_R][HIT] = 0
	L2_cache_stats_breakdown[LOCAL_ACC_R][HIT_RESERVED] = 0
	L2_cache_stats_breakdown[LOCAL_ACC_R][MISS] = 0
	L2_cache_stats_breakdown[LOCAL_ACC_R][RESERVATION_FAIL] = 0
	L2_cache_stats_breakdown[LOCAL_ACC_R][SECTOR_MISS] = 0
	L2_cache_stats_breakdown[LOCAL_ACC_R][MSHR_HIT] = 0
	L2_cache_stats_breakdown[LOCAL_ACC_R][WRITE_ALLOCATED] = 0
	L2_cache_stats_breakdown[CONST_ACC_R][HIT] = 0
	L2_cache_stats_breakdown[CONST_ACC_R][HIT_RESERVED] = 0
	L2_cache_stats_breakdown[CONST_ACC_R][MISS] = 0
	L2_cache_stats_breakdown[CONST_ACC_R][RESERVATION_FAIL] = 0
	L2_cache_stats_breakdown[CONST_ACC_R][SECTOR_MISS] = 0
	L2_cache_stats_breakdown[CONST_ACC_R][MSHR_HIT] = 0
	L2_cache_stats_breakdown[CONST_ACC_R][WRITE_ALLOCATED] = 0
	L2_cache_stats_breakdown[TEXTURE_ACC_R][HIT] = 0
	L2_cache_stats_breakdown[TEXTURE_ACC_R][HIT_RESERVED] = 0
	L2_cache_stats_breakdown[TEXTURE_ACC_R][MISS] = 0
	L2_cache_stats_breakdown[TEXTURE_ACC_R][RESERVATION_FAIL] = 0
	L2_cache_stats_breakdown[TEXTURE_ACC_R][SECTOR_MISS] = 0
	L2_cache_stats_breakdown[TEXTURE_ACC_R][MSHR_HIT] = 0
	L2_cache_stats_breakdown[TEXTURE_ACC_R][WRITE_ALLOCATED] = 0
	L2_cache_stats_breakdown[GLOBAL_ACC_W][HIT] = 512
	L2_cache_stats_breakdown[GLOBAL_ACC_W][HIT_RESERVED] = 0
	L2_cache_stats_breakdown[GLOBAL_ACC_W][MISS] = 68640
	L2_cache_stats_breakdown[GLOBAL_ACC_W][RESERVATION_FAIL] = 0
	L2_cache_stats_breakdown[GLOBAL_ACC_W][SECTOR_MISS] = 205920
	L2_cache_stats_breakdown[GLOBAL_ACC_W][MSHR_HIT] = 0
	L2_cache_stats_breakdown[GLOBAL_ACC_W][WRITE_ALLOCATED] = 274560
	L2_cache_stats_breakdown[CHIPLET_ACC_W][HIT] = 0
	L2_cache_stats_breakdown[CHIPLET_ACC_W][HIT_RESERVED] = 0
	L2_cache_stats_breakdown[CHIPLET_ACC_W][MISS] = 0
	L2_cache_stats_breakdown[CHIPLET_ACC_W][RESERVATION_FAIL] = 0
	L2_cache_stats_breakdown[CHIPLET_ACC_W][SECTOR_MISS] = 0
	L2_cache_stats_breakdown[CHIPLET_ACC_W][MSHR_HIT] = 0
	L2_cache_stats_breakdown[CHIPLET_ACC_W][WRITE_ALLOCATED] = 0
	L2_cache_stats_breakdown[LOCAL_ACC_W][HIT] = 0
	L2_cache_stats_breakdown[LOCAL_ACC_W][HIT_RESERVED] = 0
	L2_cache_stats_breakdown[LOCAL_ACC_W][MISS] = 0
	L2_cache_stats_breakdown[LOCAL_ACC_W][RESERVATION_FAIL] = 0
	L2_cache_stats_breakdown[LOCAL_ACC_W][SECTOR_MISS] = 0
	L2_cache_stats_breakdown[LOCAL_ACC_W][MSHR_HIT] = 0
	L2_cache_stats_breakdown[LOCAL_ACC_W][WRITE_ALLOCATED] = 0
	L2_cache_stats_breakdown[L1_WRBK_ACC][HIT] = 0
	L2_cache_stats_breakdown[L1_WRBK_ACC][HIT_RESERVED] = 0
	L2_cache_stats_breakdown[L1_WRBK_ACC][MISS] = 0
	L2_cache_stats_breakdown[L1_WRBK_ACC][RESERVATION_FAIL] = 0
	L2_cache_stats_breakdown[L1_WRBK_ACC][SECTOR_MISS] = 0
	L2_cache_stats_breakdown[L1_WRBK_ACC][MSHR_HIT] = 0
	L2_cache_stats_breakdown[L1_WRBK_ACC][WRITE_ALLOCATED] = 0
	L2_cache_stats_breakdown[L2_WRBK_ACC][HIT] = 0
	L2_cache_stats_breakdown[L2_WRBK_ACC][HIT_RESERVED] = 0
	L2_cache_stats_breakdown[L2_WRBK_ACC][MISS] = 0
	L2_cache_stats_breakdown[L2_WRBK_ACC][RESERVATION_FAIL] = 0
	L2_cache_stats_breakdown[L2_WRBK_ACC][SECTOR_MISS] = 0
	L2_cache_stats_breakdown[L2_WRBK_ACC][MSHR_HIT] = 0
	L2_cache_stats_breakdown[L2_WRBK_ACC][WRITE_ALLOCATED] = 0
	L2_cache_stats_breakdown[INST_ACC_R][HIT] = 0
	L2_cache_stats_breakdown[INST_ACC_R][HIT_RESERVED] = 0
	L2_cache_stats_breakdown[INST_ACC_R][MISS] = 0
	L2_cache_stats_breakdown[INST_ACC_R][RESERVATION_FAIL] = 0
	L2_cache_stats_breakdown[INST_ACC_R][SECTOR_MISS] = 0
	L2_cache_stats_breakdown[INST_ACC_R][MSHR_HIT] = 0
	L2_cache_stats_breakdown[INST_ACC_R][WRITE_ALLOCATED] = 0
	L2_cache_stats_breakdown[L1_WR_ALLOC_R][HIT] = 0
	L2_cache_stats_breakdown[L1_WR_ALLOC_R][HIT_RESERVED] = 0
	L2_cache_stats_breakdown[L1_WR_ALLOC_R][MISS] = 0
	L2_cache_stats_breakdown[L1_WR_ALLOC_R][RESERVATION_FAIL] = 0
	L2_cache_stats_breakdown[L1_WR_ALLOC_R][SECTOR_MISS] = 0
	L2_cache_stats_breakdown[L1_WR_ALLOC_R][MSHR_HIT] = 0
	L2_cache_stats_breakdown[L1_WR_ALLOC_R][WRITE_ALLOCATED] = 0
	L2_cache_stats_breakdown[L2_WR_ALLOC_R][HIT] = 0
	L2_cache_stats_breakdown[L2_WR_ALLOC_R][HIT_RESERVED] = 0
	L2_cache_stats_breakdown[L2_WR_ALLOC_R][MISS] = 0
	L2_cache_stats_breakdown[L2_WR_ALLOC_R][RESERVATION_FAIL] = 0
	L2_cache_stats_breakdown[L2_WR_ALLOC_R][SECTOR_MISS] = 0
	L2_cache_stats_breakdown[L2_WR_ALLOC_R][MSHR_HIT] = 0
	L2_cache_stats_breakdown[L2_WR_ALLOC_R][WRITE_ALLOCATED] = 0
	L2_cache_stats_breakdown[GLOBAL_ACC_R][TOTAL_ACCESS] = 271376
	L2_cache_stats_breakdown[CHIPLET_ACC_R][TOTAL_ACCESS] = 135296
	L2_cache_stats_breakdown[GLOBAL_ACC_W][TOTAL_ACCESS] = 275072
L2_total_cache_reservation_fail_breakdown:
L2_cache_data_port_util = 0.000
L2_cache_fill_port_util = 0.016

icnt_total_pkts_mem_to_simt=820992
icnt_total_pkts_simt_to_mem=825216
LD_mem_lat_dist  0 0 0 0 0 0 0 0 0 0 0 0 0 0 0 0 0 0 0 0 0 0 0 0 0 0 0
ST_mem_lat_dist  0 0 0 0 0 0 0 0 0 0 0 0 0 0 0 0 0 0 0 0 0 0 0 0 0 0 0
----------------------------Interconnect-DETAILS--------------------------------
Class 0:
Packet latency average = 103.789
	minimum = 4
	maximum = 327
Network latency average = 8.35113
	minimum = 4
	maximum = 107
Slowest packet = 48
Flit latency average = 8.35113
	minimum = 4
	maximum = 107
Slowest flit = 6235
Fragmentation average = 0
	minimum = 0
	maximum = 0
Injected packet rate average = 0.018236
	minimum = 0 (at node 32)
	maximum = 0.107108 (at node 16)
Accepted packet rate average = 0.018236
	minimum = 0 (at node 32)
	maximum = 0.107108 (at node 16)
Injected flit rate average = 0.018236
	minimum = 0 (at node 32)
	maximum = 0.107108 (at node 16)
Accepted flit rate average= 0.018236
	minimum = 0 (at node 32)
	maximum = 0.107108 (at node 16)
Injected packet length average = 1
Accepted packet length average = 1
Total in-flight flits = 0 (0 measured)
====== Overall Traffic Statistics ======
====== Traffic class 0 ======
Packet latency average = 104.057 (2 samples)
	minimum = 4 (2 samples)
	maximum = 322.5 (2 samples)
Network latency average = 9.96226 (2 samples)
	minimum = 4 (2 samples)
	maximum = 107 (2 samples)
Flit latency average = 9.96226 (2 samples)
	minimum = 4 (2 samples)
	maximum = 107 (2 samples)
Fragmentation average = 0 (2 samples)
	minimum = 0 (2 samples)
	maximum = 0 (2 samples)
Injected packet rate average = 0.0139697 (2 samples)
	minimum = 0 (2 samples)
	maximum = 0.0829676 (2 samples)
Accepted packet rate average = 0.0139697 (2 samples)
	minimum = 0 (2 samples)
	maximum = 0.0829676 (2 samples)
Injected flit rate average = 0.0139697 (2 samples)
	minimum = 0 (2 samples)
	maximum = 0.0829676 (2 samples)
Accepted flit rate average = 0.0139697 (2 samples)
	minimum = 0 (2 samples)
	maximum = 0.0829676 (2 samples)
Injected packet size average = 1 (2 samples)
Accepted packet size average = 1 (2 samples)
Hops average = 1 (2 samples)
----------------------------END-of-Interconnect-DETAILS-------------------------


gpgpu_simulation_time = 0 days, 0 hrs, 0 min, 59 sec (59 sec)
gpgpu_simulation_rate = 928821 (inst/sec)
gpgpu_simulation_rate = 2625 (cycle/sec)
gpgpu_silicon_slowdown = 668571x
Processing kernel /localhome/tsousape/cam_with_gpu/traces/sched_A_16_234/traces/kernel-3-ctx_0x559224ee2480.tracez
-kernel name = _Z8sched_acPjPKjS_PfiiiiPy
-kernel id = 3
-grid dim = (16,1,1)
-block dim = (128,1,1)
-shmem = 33032
-nregs = 31
-binary version = 90
-cuda stream id = 0
-shmem base_addr = 0x00007f7d00000000
-local mem base_addr = 0x00007f7c81000000
-nvbit version = 1.8
-accelsim tracer version = 6
-enable lineinfo = 0
Header info loaded for kernel command : /localhome/tsousape/cam_with_gpu/traces/sched_A_16_234/traces/kernel-3-ctx_0x559224ee2480.tracez
launching kernel name: _Z8sched_acPjPKjS_PfiiiiPy uid: 3 cuda_stream_id: 0
GPGPU-Sim uArch: Shader 32 bind to kernel 3 '_Z8sched_acPjPKjS_PfiiiiPy'
GPGPU-Sim: Reconfigure L1 cache to 192KB
thread block = 0,0,0
GPGPU-Sim uArch: Shader 33 bind to kernel 3 '_Z8sched_acPjPKjS_PfiiiiPy'
thread block = 1,0,0
GPGPU-Sim uArch: Shader 34 bind to kernel 3 '_Z8sched_acPjPKjS_PfiiiiPy'
thread block = 2,0,0
GPGPU-Sim uArch: Shader 35 bind to kernel 3 '_Z8sched_acPjPKjS_PfiiiiPy'
thread block = 3,0,0
GPGPU-Sim uArch: Shader 36 bind to kernel 3 '_Z8sched_acPjPKjS_PfiiiiPy'
thread block = 4,0,0
GPGPU-Sim uArch: Shader 37 bind to kernel 3 '_Z8sched_acPjPKjS_PfiiiiPy'
thread block = 5,0,0
GPGPU-Sim uArch: Shader 38 bind to kernel 3 '_Z8sched_acPjPKjS_PfiiiiPy'
thread block = 6,0,0
GPGPU-Sim uArch: Shader 39 bind to kernel 3 '_Z8sched_acPjPKjS_PfiiiiPy'
thread block = 7,0,0
GPGPU-Sim uArch: Shader 40 bind to kernel 3 '_Z8sched_acPjPKjS_PfiiiiPy'
thread block = 8,0,0
GPGPU-Sim uArch: Shader 41 bind to kernel 3 '_Z8sched_acPjPKjS_PfiiiiPy'
thread block = 9,0,0
GPGPU-Sim uArch: Shader 42 bind to kernel 3 '_Z8sched_acPjPKjS_PfiiiiPy'
thread block = 10,0,0
GPGPU-Sim uArch: Shader 43 bind to kernel 3 '_Z8sched_acPjPKjS_PfiiiiPy'
thread block = 11,0,0
GPGPU-Sim uArch: Shader 44 bind to kernel 3 '_Z8sched_acPjPKjS_PfiiiiPy'
thread block = 12,0,0
GPGPU-Sim uArch: Shader 45 bind to kernel 3 '_Z8sched_acPjPKjS_PfiiiiPy'
thread block = 13,0,0
GPGPU-Sim uArch: Shader 46 bind to kernel 3 '_Z8sched_acPjPKjS_PfiiiiPy'
thread block = 14,0,0
GPGPU-Sim uArch: Shader 47 bind to kernel 3 '_Z8sched_acPjPKjS_PfiiiiPy'
thread block = 15,0,0
Destroy streams for kernel 3: size 0
kernel_name = _Z8sched_acPjPKjS_PfiiiiPy 
kernel_launch_uid = 3 
kernel_stream_id = 0
gpu_sim_cycle = 288231
gpu_sim_insn = 105933328
gpu_ipc =     367.5293
gpu_tot_sim_cycle = 443140
gpu_tot_sim_insn = 160733824
gpu_tot_ipc =     362.7157
gpu_tot_issued_cta = 48
gpu_occupancy = 6.2499% 
gpu_tot_occupancy = 6.2497% 
max_total_param_size = 0
gpu_stall_dramfull = 0
gpu_stall_icnt2sh    = 0
partiton_level_parallism =       3.6824
partiton_level_parallism_total  =       3.6318
partiton_level_parallism_util =       8.6639
partiton_level_parallism_util_total  =       8.7177
L2_BW  =     206.8024 GB/Sec
L2_BW_total  =     203.9634 GB/Sec
gpu_total_sim_rate=1036992

========= Core cache stats =========
L1I_cache:
	L1I_total_cache_accesses = 0
	L1I_total_cache_misses = 0
	L1I_total_cache_pending_hits = 0
	L1I_total_cache_reservation_fails = 0
L1D_cache:
	L1D_cache_core[0]: Access = 32, Miss = 16, Miss_rate = 0.500, Pending_hits = 0, Reservation_fails = 0
	L1D_cache_core[1]: Access = 32, Miss = 16, Miss_rate = 0.500, Pending_hits = 0, Reservation_fails = 0
	L1D_cache_core[2]: Access = 32, Miss = 16, Miss_rate = 0.500, Pending_hits = 0, Reservation_fails = 0
	L1D_cache_core[3]: Access = 32, Miss = 16, Miss_rate = 0.500, Pending_hits = 0, Reservation_fails = 0
	L1D_cache_core[4]: Access = 32, Miss = 16, Miss_rate = 0.500, Pending_hits = 0, Reservation_fails = 0
	L1D_cache_core[5]: Access = 32, Miss = 16, Miss_rate = 0.500, Pending_hits = 0, Reservation_fails = 0
	L1D_cache_core[6]: Access = 32, Miss = 16, Miss_rate = 0.500, Pending_hits = 0, Reservation_fails = 0
	L1D_cache_core[7]: Access = 32, Miss = 16, Miss_rate = 0.500, Pending_hits = 0, Reservation_fails = 0
	L1D_cache_core[8]: Access = 32, Miss = 16, Miss_rate = 0.500, Pending_hits = 0, Reservation_fails = 0
	L1D_cache_core[9]: Access = 32, Miss = 16, Miss_rate = 0.500, Pending_hits = 0, Reservation_fails = 0
	L1D_cache_core[10]: Access = 32, Miss = 16, Miss_rate = 0.500, Pending_hits = 0, Reservation_fails = 0
	L1D_cache_core[11]: Access = 32, Miss = 16, Miss_rate = 0.500, Pending_hits = 0, Reservation_fails = 0
	L1D_cache_core[12]: Access = 32, Miss = 16, Miss_rate = 0.500, Pending_hits = 0, Reservation_fails = 0
	L1D_cache_core[13]: Access = 32, Miss = 16, Miss_rate = 0.500, Pending_hits = 0, Reservation_fails = 0
	L1D_cache_core[14]: Access = 32, Miss = 16, Miss_rate = 0.500, Pending_hits = 0, Reservation_fails = 0
	L1D_cache_core[15]: Access = 32, Miss = 16, Miss_rate = 0.500, Pending_hits = 0, Reservation_fails = 0
	L1D_cache_core[16]: Access = 32, Miss = 16, Miss_rate = 0.500, Pending_hits = 0, Reservation_fails = 0
	L1D_cache_core[17]: Access = 32, Miss = 16, Miss_rate = 0.500, Pending_hits = 0, Reservation_fails = 0
	L1D_cache_core[18]: Access = 32, Miss = 16, Miss_rate = 0.500, Pending_hits = 0, Reservation_fails = 0
	L1D_cache_core[19]: Access = 32, Miss = 16, Miss_rate = 0.500, Pending_hits = 0, Reservation_fails = 0
	L1D_cache_core[20]: Access = 32, Miss = 16, Miss_rate = 0.500, Pending_hits = 0, Reservation_fails = 0
	L1D_cache_core[21]: Access = 32, Miss = 16, Miss_rate = 0.500, Pending_hits = 0, Reservation_fails = 0
	L1D_cache_core[22]: Access = 32, Miss = 16, Miss_rate = 0.500, Pending_hits = 0, Reservation_fails = 0
	L1D_cache_core[23]: Access = 32, Miss = 16, Miss_rate = 0.500, Pending_hits = 0, Reservation_fails = 0
	L1D_cache_core[24]: Access = 32, Miss = 16, Miss_rate = 0.500, Pending_hits = 0, Reservation_fails = 0
	L1D_cache_core[25]: Access = 32, Miss = 16, Miss_rate = 0.500, Pending_hits = 0, Reservation_fails = 0
	L1D_cache_core[26]: Access = 32, Miss = 16, Miss_rate = 0.500, Pending_hits = 0, Reservation_fails = 0
	L1D_cache_core[27]: Access = 32, Miss = 16, Miss_rate = 0.500, Pending_hits = 0, Reservation_fails = 0
	L1D_cache_core[28]: Access = 32, Miss = 16, Miss_rate = 0.500, Pending_hits = 0, Reservation_fails = 0
	L1D_cache_core[29]: Access = 32, Miss = 16, Miss_rate = 0.500, Pending_hits = 0, Reservation_fails = 0
	L1D_cache_core[30]: Access = 32, Miss = 16, Miss_rate = 0.500, Pending_hits = 0, Reservation_fails = 0
	L1D_cache_core[31]: Access = 32, Miss = 16, Miss_rate = 0.500, Pending_hits = 0, Reservation_fails = 0
	L1D_cache_core[32]: Access = 32, Miss = 16, Miss_rate = 0.500, Pending_hits = 0, Reservation_fails = 0
	L1D_cache_core[33]: Access = 32, Miss = 16, Miss_rate = 0.500, Pending_hits = 0, Reservation_fails = 0
	L1D_cache_core[34]: Access = 32, Miss = 16, Miss_rate = 0.500, Pending_hits = 0, Reservation_fails = 0
	L1D_cache_core[35]: Access = 32, Miss = 16, Miss_rate = 0.500, Pending_hits = 0, Reservation_fails = 0
	L1D_cache_core[36]: Access = 32, Miss = 16, Miss_rate = 0.500, Pending_hits = 0, Reservation_fails = 0
	L1D_cache_core[37]: Access = 32, Miss = 16, Miss_rate = 0.500, Pending_hits = 0, Reservation_fails = 0
	L1D_cache_core[38]: Access = 32, Miss = 16, Miss_rate = 0.500, Pending_hits = 0, Reservation_fails = 0
	L1D_cache_core[39]: Access = 32, Miss = 16, Miss_rate = 0.500, Pending_hits = 0, Reservation_fails = 0
	L1D_cache_core[40]: Access = 32, Miss = 16, Miss_rate = 0.500, Pending_hits = 0, Reservation_fails = 0
	L1D_cache_core[41]: Access = 32, Miss = 16, Miss_rate = 0.500, Pending_hits = 0, Reservation_fails = 0
	L1D_cache_core[42]: Access = 32, Miss = 16, Miss_rate = 0.500, Pending_hits = 0, Reservation_fails = 0
	L1D_cache_core[43]: Access = 32, Miss = 16, Miss_rate = 0.500, Pending_hits = 0, Reservation_fails = 0
	L1D_cache_core[44]: Access = 32, Miss = 16, Miss_rate = 0.500, Pending_hits = 0, Reservation_fails = 0
	L1D_cache_core[45]: Access = 32, Miss = 16, Miss_rate = 0.500, Pending_hits = 0, Reservation_fails = 0
	L1D_cache_core[46]: Access = 32, Miss = 16, Miss_rate = 0.500, Pending_hits = 0, Reservation_fails = 0
	L1D_cache_core[47]: Access = 32, Miss = 16, Miss_rate = 0.500, Pending_hits = 0, Reservation_fails = 0
	L1D_cache_core[48]: Access = 0, Miss = 0, Miss_rate = -nan, Pending_hits = 0, Reservation_fails = 0
	L1D_cache_core[49]: Access = 0, Miss = 0, Miss_rate = -nan, Pending_hits = 0, Reservation_fails = 0
	L1D_cache_core[50]: Access = 0, Miss = 0, Miss_rate = -nan, Pending_hits = 0, Reservation_fails = 0
	L1D_cache_core[51]: Access = 0, Miss = 0, Miss_rate = -nan, Pending_hits = 0, Reservation_fails = 0
	L1D_cache_core[52]: Access = 0, Miss = 0, Miss_rate = -nan, Pending_hits = 0, Reservation_fails = 0
	L1D_cache_core[53]: Access = 0, Miss = 0, Miss_rate = -nan, Pending_hits = 0, Reservation_fails = 0
	L1D_cache_core[54]: Access = 0, Miss = 0, Miss_rate = -nan, Pending_hits = 0, Reservation_fails = 0
	L1D_cache_core[55]: Access = 0, Miss = 0, Miss_rate = -nan, Pending_hits = 0, Reservation_fails = 0
	L1D_cache_core[56]: Access = 0, Miss = 0, Miss_rate = -nan, Pending_hits = 0, Reservation_fails = 0
	L1D_cache_core[57]: Access = 0, Miss = 0, Miss_rate = -nan, Pending_hits = 0, Reservation_fails = 0
	L1D_cache_core[58]: Access = 0, Miss = 0, Miss_rate = -nan, Pending_hits = 0, Reservation_fails = 0
	L1D_cache_core[59]: Access = 0, Miss = 0, Miss_rate = -nan, Pending_hits = 0, Reservation_fails = 0
	L1D_cache_core[60]: Access = 0, Miss = 0, Miss_rate = -nan, Pending_hits = 0, Reservation_fails = 0
	L1D_cache_core[61]: Access = 0, Miss = 0, Miss_rate = -nan, Pending_hits = 0, Reservation_fails = 0
	L1D_cache_core[62]: Access = 0, Miss = 0, Miss_rate = -nan, Pending_hits = 0, Reservation_fails = 0
	L1D_cache_core[63]: Access = 0, Miss = 0, Miss_rate = -nan, Pending_hits = 0, Reservation_fails = 0
	L1D_cache_core[64]: Access = 0, Miss = 0, Miss_rate = -nan, Pending_hits = 0, Reservation_fails = 0
	L1D_cache_core[65]: Access = 0, Miss = 0, Miss_rate = -nan, Pending_hits = 0, Reservation_fails = 0
	L1D_cache_core[66]: Access = 0, Miss = 0, Miss_rate = -nan, Pending_hits = 0, Reservation_fails = 0
	L1D_cache_core[67]: Access = 0, Miss = 0, Miss_rate = -nan, Pending_hits = 0, Reservation_fails = 0
	L1D_cache_core[68]: Access = 0, Miss = 0, Miss_rate = -nan, Pending_hits = 0, Reservation_fails = 0
	L1D_cache_core[69]: Access = 0, Miss = 0, Miss_rate = -nan, Pending_hits = 0, Reservation_fails = 0
	L1D_cache_core[70]: Access = 0, Miss = 0, Miss_rate = -nan, Pending_hits = 0, Reservation_fails = 0
	L1D_cache_core[71]: Access = 0, Miss = 0, Miss_rate = -nan, Pending_hits = 0, Reservation_fails = 0
	L1D_cache_core[72]: Access = 0, Miss = 0, Miss_rate = -nan, Pending_hits = 0, Reservation_fails = 0
	L1D_cache_core[73]: Access = 0, Miss = 0, Miss_rate = -nan, Pending_hits = 0, Reservation_fails = 0
	L1D_cache_core[74]: Access = 0, Miss = 0, Miss_rate = -nan, Pending_hits = 0, Reservation_fails = 0
	L1D_cache_core[75]: Access = 0, Miss = 0, Miss_rate = -nan, Pending_hits = 0, Reservation_fails = 0
	L1D_cache_core[76]: Access = 0, Miss = 0, Miss_rate = -nan, Pending_hits = 0, Reservation_fails = 0
	L1D_cache_core[77]: Access = 0, Miss = 0, Miss_rate = -nan, Pending_hits = 0, Reservation_fails = 0
	L1D_cache_core[78]: Access = 0, Miss = 0, Miss_rate = -nan, Pending_hits = 0, Reservation_fails = 0
	L1D_cache_core[79]: Access = 0, Miss = 0, Miss_rate = -nan, Pending_hits = 0, Reservation_fails = 0
	L1D_cache_core[80]: Access = 0, Miss = 0, Miss_rate = -nan, Pending_hits = 0, Reservation_fails = 0
	L1D_cache_core[81]: Access = 0, Miss = 0, Miss_rate = -nan, Pending_hits = 0, Reservation_fails = 0
	L1D_cache_core[82]: Access = 0, Miss = 0, Miss_rate = -nan, Pending_hits = 0, Reservation_fails = 0
	L1D_cache_core[83]: Access = 0, Miss = 0, Miss_rate = -nan, Pending_hits = 0, Reservation_fails = 0
	L1D_cache_core[84]: Access = 0, Miss = 0, Miss_rate = -nan, Pending_hits = 0, Reservation_fails = 0
	L1D_cache_core[85]: Access = 0, Miss = 0, Miss_rate = -nan, Pending_hits = 0, Reservation_fails = 0
	L1D_cache_core[86]: Access = 0, Miss = 0, Miss_rate = -nan, Pending_hits = 0, Reservation_fails = 0
	L1D_cache_core[87]: Access = 0, Miss = 0, Miss_rate = -nan, Pending_hits = 0, Reservation_fails = 0
	L1D_cache_core[88]: Access = 0, Miss = 0, Miss_rate = -nan, Pending_hits = 0, Reservation_fails = 0
	L1D_cache_core[89]: Access = 0, Miss = 0, Miss_rate = -nan, Pending_hits = 0, Reservation_fails = 0
	L1D_cache_core[90]: Access = 0, Miss = 0, Miss_rate = -nan, Pending_hits = 0, Reservation_fails = 0
	L1D_cache_core[91]: Access = 0, Miss = 0, Miss_rate = -nan, Pending_hits = 0, Reservation_fails = 0
	L1D_cache_core[92]: Access = 0, Miss = 0, Miss_rate = -nan, Pending_hits = 0, Reservation_fails = 0
	L1D_cache_core[93]: Access = 0, Miss = 0, Miss_rate = -nan, Pending_hits = 0, Reservation_fails = 0
	L1D_cache_core[94]: Access = 0, Miss = 0, Miss_rate = -nan, Pending_hits = 0, Reservation_fails = 0
	L1D_cache_core[95]: Access = 0, Miss = 0, Miss_rate = -nan, Pending_hits = 0, Reservation_fails = 0
	L1D_cache_core[96]: Access = 0, Miss = 0, Miss_rate = -nan, Pending_hits = 0, Reservation_fails = 0
	L1D_cache_core[97]: Access = 0, Miss = 0, Miss_rate = -nan, Pending_hits = 0, Reservation_fails = 0
	L1D_cache_core[98]: Access = 0, Miss = 0, Miss_rate = -nan, Pending_hits = 0, Reservation_fails = 0
	L1D_cache_core[99]: Access = 0, Miss = 0, Miss_rate = -nan, Pending_hits = 0, Reservation_fails = 0
	L1D_cache_core[100]: Access = 0, Miss = 0, Miss_rate = -nan, Pending_hits = 0, Reservation_fails = 0
	L1D_cache_core[101]: Access = 0, Miss = 0, Miss_rate = -nan, Pending_hits = 0, Reservation_fails = 0
	L1D_cache_core[102]: Access = 0, Miss = 0, Miss_rate = -nan, Pending_hits = 0, Reservation_fails = 0
	L1D_cache_core[103]: Access = 0, Miss = 0, Miss_rate = -nan, Pending_hits = 0, Reservation_fails = 0
	L1D_cache_core[104]: Access = 0, Miss = 0, Miss_rate = -nan, Pending_hits = 0, Reservation_fails = 0
	L1D_cache_core[105]: Access = 0, Miss = 0, Miss_rate = -nan, Pending_hits = 0, Reservation_fails = 0
	L1D_cache_core[106]: Access = 0, Miss = 0, Miss_rate = -nan, Pending_hits = 0, Reservation_fails = 0
	L1D_cache_core[107]: Access = 0, Miss = 0, Miss_rate = -nan, Pending_hits = 0, Reservation_fails = 0
	L1D_cache_core[108]: Access = 0, Miss = 0, Miss_rate = -nan, Pending_hits = 0, Reservation_fails = 0
	L1D_cache_core[109]: Access = 0, Miss = 0, Miss_rate = -nan, Pending_hits = 0, Reservation_fails = 0
	L1D_cache_core[110]: Access = 0, Miss = 0, Miss_rate = -nan, Pending_hits = 0, Reservation_fails = 0
	L1D_cache_core[111]: Access = 0, Miss = 0, Miss_rate = -nan, Pending_hits = 0, Reservation_fails = 0
	L1D_cache_core[112]: Access = 0, Miss = 0, Miss_rate = -nan, Pending_hits = 0, Reservation_fails = 0
	L1D_cache_core[113]: Access = 0, Miss = 0, Miss_rate = -nan, Pending_hits = 0, Reservation_fails = 0
	L1D_total_cache_accesses = 1536
	L1D_total_cache_misses = 768
	L1D_total_cache_miss_rate = 0.5000
	L1D_total_cache_pending_hits = 0
	L1D_total_cache_reservation_fails = 0
	L1D_cache_data_port_util = 0.000
	L1D_cache_fill_port_util = 0.000
L1C_cache:
	L1C_total_cache_accesses = 0
	L1C_total_cache_misses = 0
	L1C_total_cache_pending_hits = 0
	L1C_total_cache_reservation_fails = 0
L1T_cache:
	L1T_total_cache_accesses = 0
	L1T_total_cache_misses = 0
	L1T_total_cache_pending_hits = 0
	L1T_total_cache_reservation_fails = 0

Total_core_cache_stats:
	Total_core_cache_stats_breakdown[GLOBAL_ACC_R][HIT] = 0
	Total_core_cache_stats_breakdown[GLOBAL_ACC_R][HIT_RESERVED] = 0
	Total_core_cache_stats_breakdown[GLOBAL_ACC_R][MISS] = 192
	Total_core_cache_stats_breakdown[GLOBAL_ACC_R][RESERVATION_FAIL] = 0
	Total_core_cache_stats_breakdown[GLOBAL_ACC_R][SECTOR_MISS] = 576
	Total_core_cache_stats_breakdown[GLOBAL_ACC_R][MSHR_HIT] = 0
	Total_core_cache_stats_breakdown[GLOBAL_ACC_R][WRITE_ALLOCATED] = 0
	Total_core_cache_stats_breakdown[CHIPLET_ACC_R][HIT] = 0
	Total_core_cache_stats_breakdown[CHIPLET_ACC_R][HIT_RESERVED] = 0
	Total_core_cache_stats_breakdown[CHIPLET_ACC_R][MISS] = 0
	Total_core_cache_stats_breakdown[CHIPLET_ACC_R][RESERVATION_FAIL] = 0
	Total_core_cache_stats_breakdown[CHIPLET_ACC_R][SECTOR_MISS] = 0
	Total_core_cache_stats_breakdown[CHIPLET_ACC_R][MSHR_HIT] = 0
	Total_core_cache_stats_breakdown[CHIPLET_ACC_R][WRITE_ALLOCATED] = 0
	Total_core_cache_stats_breakdown[LOCAL_ACC_R][HIT] = 0
	Total_core_cache_stats_breakdown[LOCAL_ACC_R][HIT_RESERVED] = 0
	Total_core_cache_stats_breakdown[LOCAL_ACC_R][MISS] = 0
	Total_core_cache_stats_breakdown[LOCAL_ACC_R][RESERVATION_FAIL] = 0
	Total_core_cache_stats_breakdown[LOCAL_ACC_R][SECTOR_MISS] = 0
	Total_core_cache_stats_breakdown[LOCAL_ACC_R][MSHR_HIT] = 0
	Total_core_cache_stats_breakdown[LOCAL_ACC_R][WRITE_ALLOCATED] = 0
	Total_core_cache_stats_breakdown[CONST_ACC_R][HIT] = 0
	Total_core_cache_stats_breakdown[CONST_ACC_R][HIT_RESERVED] = 0
	Total_core_cache_stats_breakdown[CONST_ACC_R][MISS] = 0
	Total_core_cache_stats_breakdown[CONST_ACC_R][RESERVATION_FAIL] = 0
	Total_core_cache_stats_breakdown[CONST_ACC_R][SECTOR_MISS] = 0
	Total_core_cache_stats_breakdown[CONST_ACC_R][MSHR_HIT] = 0
	Total_core_cache_stats_breakdown[CONST_ACC_R][WRITE_ALLOCATED] = 0
	Total_core_cache_stats_breakdown[TEXTURE_ACC_R][HIT] = 0
	Total_core_cache_stats_breakdown[TEXTURE_ACC_R][HIT_RESERVED] = 0
	Total_core_cache_stats_breakdown[TEXTURE_ACC_R][MISS] = 0
	Total_core_cache_stats_breakdown[TEXTURE_ACC_R][RESERVATION_FAIL] = 0
	Total_core_cache_stats_breakdown[TEXTURE_ACC_R][SECTOR_MISS] = 0
	Total_core_cache_stats_breakdown[TEXTURE_ACC_R][MSHR_HIT] = 0
	Total_core_cache_stats_breakdown[TEXTURE_ACC_R][WRITE_ALLOCATED] = 0
	Total_core_cache_stats_breakdown[GLOBAL_ACC_W][HIT] = 768
	Total_core_cache_stats_breakdown[GLOBAL_ACC_W][HIT_RESERVED] = 0
	Total_core_cache_stats_breakdown[GLOBAL_ACC_W][MISS] = 0
	Total_core_cache_stats_breakdown[GLOBAL_ACC_W][RESERVATION_FAIL] = 0
	Total_core_cache_stats_breakdown[GLOBAL_ACC_W][SECTOR_MISS] = 0
	Total_core_cache_stats_breakdown[GLOBAL_ACC_W][MSHR_HIT] = 0
	Total_core_cache_stats_breakdown[GLOBAL_ACC_W][WRITE_ALLOCATED] = 0
	Total_core_cache_stats_breakdown[CHIPLET_ACC_W][HIT] = 0
	Total_core_cache_stats_breakdown[CHIPLET_ACC_W][HIT_RESERVED] = 0
	Total_core_cache_stats_breakdown[CHIPLET_ACC_W][MISS] = 0
	Total_core_cache_stats_breakdown[CHIPLET_ACC_W][RESERVATION_FAIL] = 0
	Total_core_cache_stats_breakdown[CHIPLET_ACC_W][SECTOR_MISS] = 0
	Total_core_cache_stats_breakdown[CHIPLET_ACC_W][MSHR_HIT] = 0
	Total_core_cache_stats_breakdown[CHIPLET_ACC_W][WRITE_ALLOCATED] = 0
	Total_core_cache_stats_breakdown[LOCAL_ACC_W][HIT] = 0
	Total_core_cache_stats_breakdown[LOCAL_ACC_W][HIT_RESERVED] = 0
	Total_core_cache_stats_breakdown[LOCAL_ACC_W][MISS] = 0
	Total_core_cache_stats_breakdown[LOCAL_ACC_W][RESERVATION_FAIL] = 0
	Total_core_cache_stats_breakdown[LOCAL_ACC_W][SECTOR_MISS] = 0
	Total_core_cache_stats_breakdown[LOCAL_ACC_W][MSHR_HIT] = 0
	Total_core_cache_stats_breakdown[LOCAL_ACC_W][WRITE_ALLOCATED] = 0
	Total_core_cache_stats_breakdown[L1_WRBK_ACC][HIT] = 0
	Total_core_cache_stats_breakdown[L1_WRBK_ACC][HIT_RESERVED] = 0
	Total_core_cache_stats_breakdown[L1_WRBK_ACC][MISS] = 0
	Total_core_cache_stats_breakdown[L1_WRBK_ACC][RESERVATION_FAIL] = 0
	Total_core_cache_stats_breakdown[L1_WRBK_ACC][SECTOR_MISS] = 0
	Total_core_cache_stats_breakdown[L1_WRBK_ACC][MSHR_HIT] = 0
	Total_core_cache_stats_breakdown[L1_WRBK_ACC][WRITE_ALLOCATED] = 0
	Total_core_cache_stats_breakdown[L2_WRBK_ACC][HIT] = 0
	Total_core_cache_stats_breakdown[L2_WRBK_ACC][HIT_RESERVED] = 0
	Total_core_cache_stats_breakdown[L2_WRBK_ACC][MISS] = 0
	Total_core_cache_stats_breakdown[L2_WRBK_ACC][RESERVATION_FAIL] = 0
	Total_core_cache_stats_breakdown[L2_WRBK_ACC][SECTOR_MISS] = 0
	Total_core_cache_stats_breakdown[L2_WRBK_ACC][MSHR_HIT] = 0
	Total_core_cache_stats_breakdown[L2_WRBK_ACC][WRITE_ALLOCATED] = 0
	Total_core_cache_stats_breakdown[INST_ACC_R][HIT] = 0
	Total_core_cache_stats_breakdown[INST_ACC_R][HIT_RESERVED] = 0
	Total_core_cache_stats_breakdown[INST_ACC_R][MISS] = 0
	Total_core_cache_stats_breakdown[INST_ACC_R][RESERVATION_FAIL] = 0
	Total_core_cache_stats_breakdown[INST_ACC_R][SECTOR_MISS] = 0
	Total_core_cache_stats_breakdown[INST_ACC_R][MSHR_HIT] = 0
	Total_core_cache_stats_breakdown[INST_ACC_R][WRITE_ALLOCATED] = 0
	Total_core_cache_stats_breakdown[L1_WR_ALLOC_R][HIT] = 0
	Total_core_cache_stats_breakdown[L1_WR_ALLOC_R][HIT_RESERVED] = 0
	Total_core_cache_stats_breakdown[L1_WR_ALLOC_R][MISS] = 0
	Total_core_cache_stats_breakdown[L1_WR_ALLOC_R][RESERVATION_FAIL] = 0
	Total_core_cache_stats_breakdown[L1_WR_ALLOC_R][SECTOR_MISS] = 0
	Total_core_cache_stats_breakdown[L1_WR_ALLOC_R][MSHR_HIT] = 0
	Total_core_cache_stats_breakdown[L1_WR_ALLOC_R][WRITE_ALLOCATED] = 0
	Total_core_cache_stats_breakdown[L2_WR_ALLOC_R][HIT] = 0
	Total_core_cache_stats_breakdown[L2_WR_ALLOC_R][HIT_RESERVED] = 0
	Total_core_cache_stats_breakdown[L2_WR_ALLOC_R][MISS] = 0
	Total_core_cache_stats_breakdown[L2_WR_ALLOC_R][RESERVATION_FAIL] = 0
	Total_core_cache_stats_breakdown[L2_WR_ALLOC_R][SECTOR_MISS] = 0
	Total_core_cache_stats_breakdown[L2_WR_ALLOC_R][MSHR_HIT] = 0
	Total_core_cache_stats_breakdown[L2_WR_ALLOC_R][WRITE_ALLOCATED] = 0
	Total_core_cache_stats_breakdown[GLOBAL_ACC_R][TOTAL_ACCESS] = 768
	Total_core_cache_stats_breakdown[GLOBAL_ACC_W][TOTAL_ACCESS] = 768

Total_core_cache_fail_stats:
ctas_completed 48, Shader 0 warp_id issue ditsribution:
warp_id:
0, 1, 2, 3, 
distro:
932, 911, 896, 896, 
MBARRIER_TRYWAIT,32,0,159090,159290,159490,159690,159890,160090,163470,163670,163870,164070,164270,164470,167850,168050,168250,168450,168650,168850,172230,172430,172630,172830,173030,173230,176610,176810,177010,177210,177410,177610,180990,181190,181390,181590,181790,181990,185370,185570,185770,185970,186170,186370,189750,189950,190150,190350,190550,190750,194615,194815,195015,195215,195415,195615,198995,199195,199395,199595,199795,199995,203375,203575,203775,203975,204175,204375,207755,207955,208155,208355,208555,208755,212135,212335,212535,212735,212935,213135,216515,216715,216915,217115,217315,217515,220895,221095,221295,221495,221695,221895,225275,225475,225675,225875,226075,226275,230141,230341,230541,230741,230941,231141,234522,234722,234922,235122,235322,235522,238902,239102,239302,239502,239702,239902,243282,243482,243682,243882,244082,244282,247662,247862,248062,248262,248462,248662,252042,252242,252442,252642,252842,253042,256422,256622,256822,257022,257222,257422,260802,261002,261202,261402,261602,261802,265667,265867,266067,266267,266467,266667,270047,270247,270447,270647,270847,271047,274427,274627,274827,275027,275227,275427,278807,279007,279207,279407,279607,279807,283187,283387,283587,283787,283987,284187,287567,287767,287967,288167,288367,288567,291947,292147,292347,292547,292747,292947,296327,296527,296727,296927,297127,297327,301193,301393,301593,301793,301993,302193,305574,305774,305974,306174,306374,306574,309954,310154,310354,310554,310754,310954,314334,314534,314734,314934,315134,315334,318714,318914,319114,319314,319514,319714,323094,323294,323494,323694,323894,324094,327474,327674,327874,328074,328274,328474,331854,332054,332254,332454,332654,332854,336719,336919,337119,337319,337519,337719,341099,341299,341499,341699,341899,342099,345479,345679,345879,346079,346279,346479,349859,350059,350259,350459,350659,350859,354239,354439,354639,354839,355039,355239,358619,358819,359019,359219,359419,359619,362999,363199,363399,363599,363799,363999,367379,367579,367779,367979,368179,368379,372245,372445,372645,372845,373045,373245,376626,376826,377026,377226,377426,377626,381006,381206,381406,381606,381806,382006,385386,385586,385786,385986,386186,386386,389766,389966,390166,390366,390566,390766,394146,394346,394546,394746,394946,395146,398526,398726,398926,399126,399326,399526,402906,403106,403306,403506,403706,403906,407771,407971,408171,408371,408571,408771,412151,412351,412551,412751,412951,413151,416531,416731,416931,417131,417331,417531,420911,421111,421311,421511,421711,421911,425291,425491,425691,425891,426091,426291,429671,429871,430071,430271,430471,430671,434051,434251,434451,434651,434851,435051,438431,438631,438831,439031,439231,439431
MBARRIER_TRYWAIT,32,1,158905,159105,159305,159505,159705,159905,160105,163286,163486,163686,163886,164086,164286,164486,167666,167866,168066,168266,168466,168666,168866,172046,172246,172446,172646,172846,173046,173246,176426,176626,176826,177026,177226,177426,177626,180806,181006,181206,181406,181606,181806,182006,185186,185386,185586,185786,185986,186186,186386,189566,189766,189966,190166,190366,190566,190766,194432,194632,194832,195032,195232,195432,195632,198811,199011,199211,199411,199611,199811,200011,203191,203391,203591,203791,203991,204191,204391,207571,207771,207971,208171,208371,208571,208771,211951,212151,212351,212551,212751,212951,213151,216331,216531,216731,216931,217131,217331,217531,220711,220911,221111,221311,221511,221711,221911,225091,225291,225491,225691,225891,226091,226291,229957,230157,230357,230557,230757,230957,231157,234338,234538,234738,234938,235138,235338,235538,238718,238918,239118,239318,239518,239718,239918,243098,243298,243498,243698,243898,244098,244298,247478,247678,247878,248078,248278,248478,248678,251858,252058,252258,252458,252658,252858,253058,256238,256438,256638,256838,257038,257238,257438,260618,260818,261018,261218,261418,261618,261818,265484,265684,265884,266084,266284,266484,266684,269863,270063,270263,270463,270663,270863,271063,274243,274443,274643,274843,275043,275243,275443,278623,278823,279023,279223,279423,279623,279823,283003,283203,283403,283603,283803,284003,284203,287383,287583,287783,287983,288183,288383,288583,291763,291963,292163,292363,292563,292763,292963,296143,296343,296543,296743,296943,297143,297343,301009,301209,301409,301609,301809,302009,302209,305390,305590,305790,305990,306190,306390,306590,309770,309970,310170,310370,310570,310770,310970,314150,314350,314550,314750,314950,315150,315350,318530,318730,318930,319130,319330,319530,319730,322910,323110,323310,323510,323710,323910,324110,327290,327490,327690,327890,328090,328290,328490,331670,331870,332070,332270,332470,332670,332870,336536,336736,336936,337136,337336,337536,337736,340915,341115,341315,341515,341715,341915,342115,345295,345495,345695,345895,346095,346295,346495,349675,349875,350075,350275,350475,350675,350875,354055,354255,354455,354655,354855,355055,355255,358435,358635,358835,359035,359235,359435,359635,362815,363015,363215,363415,363615,363815,364015,367195,367395,367595,367795,367995,368195,368395,372061,372261,372461,372661,372861,373061,373261,376442,376642,376842,377042,377242,377442,377642,380822,381022,381222,381422,381622,381822,382022,385202,385402,385602,385802,386002,386202,386402,389582,389782,389982,390182,390382,390582,390782,393962,394162,394362,394562,394762,394962,395162,398342,398542,398742,398942,399142,399342,399542,402722,402922,403122,403322,403522,403722,403922,407588,407788,407988,408188,408388,408588,408788,411967,412167,412367,412567,412767,412967,413167,416347,416547,416747,416947,417147,417347,417547,420727,420927,421127,421327,421527,421727,421927,425107,425307,425507,425707,425907,426107,426307,429487,429687,429887,430087,430287,430487,430687,433867,434067,434267,434467,434667,434867,435067,438247,438447,438647,438847,439047,439247,439447
MBARRIER_TRYWAIT,32,2,158901,159101,159301,159501,159701,159901,160101,163281,163481,163681,163881,164081,164281,164481,167661,167861,168061,168261,168461,168661,168861,172041,172241,172441,172641,172841,173041,173241,176421,176621,176821,177021,177221,177421,177621,180801,181001,181201,181401,181601,181801,182001,185181,185381,185581,185781,185981,186181,186381,189561,189761,189961,190161,190361,190561,190761,194427,194627,194827,195027,195227,195427,195627,198806,199006,199206,199406,199606,199806,200006,203186,203386,203586,203786,203986,204186,204386,207566,207766,207966,208166,208366,208566,208766,211946,212146,212346,212546,212746,212946,213146,216326,216526,216726,216926,217126,217326,217526,220706,220906,221106,221306,221506,221706,221906,225086,225286,225486,225686,225886,226086,226286,229953,230153,230353,230553,230753,230953,231153,234333,234533,234733,234933,235133,235333,235533,238713,238913,239113,239313,239513,239713,239913,243093,243293,243493,243693,243893,244093,244293,247473,247673,247873,248073,248273,248473,248673,251853,252053,252253,252453,252653,252853,253053,256233,256433,256633,256833,257033,257233,257433,260613,260813,261013,261213,261413,261613,261813,265479,265679,265879,266079,266279,266479,266679,269858,270058,270258,270458,270658,270858,271058,274238,274438,274638,274838,275038,275238,275438,278618,278818,279018,279218,279418,279618,279818,282998,283198,283398,283598,283798,283998,284198,287378,287578,287778,287978,288178,288378,288578,291758,291958,292158,292358,292558,292758,292958,296138,296338,296538,296738,296938,297138,297338,301005,301205,301405,301605,301805,302005,302205,305385,305585,305785,305985,306185,306385,306585,309765,309965,310165,310365,310565,310765,310965,314145,314345,314545,314745,314945,315145,315345,318525,318725,318925,319125,319325,319525,319725,322905,323105,323305,323505,323705,323905,324105,327285,327485,327685,327885,328085,328285,328485,331665,331865,332065,332265,332465,332665,332865,336531,336731,336931,337131,337331,337531,337731,340910,341110,341310,341510,341710,341910,342110,345290,345490,345690,345890,346090,346290,346490,349670,349870,350070,350270,350470,350670,350870,354050,354250,354450,354650,354850,355050,355250,358430,358630,358830,359030,359230,359430,359630,362810,363010,363210,363410,363610,363810,364010,367190,367390,367590,367790,367990,368190,368390,372057,372257,372457,372657,372857,373057,373257,376437,376637,376837,377037,377237,377437,377637,380817,381017,381217,381417,381617,381817,382017,385197,385397,385597,385797,385997,386197,386397,389577,389777,389977,390177,390377,390577,390777,393957,394157,394357,394557,394757,394957,395157,398337,398537,398737,398937,399137,399337,399537,402717,402917,403117,403317,403517,403717,403917,407583,407783,407983,408183,408383,408583,408783,411962,412162,412362,412562,412762,412962,413162,416342,416542,416742,416942,417142,417342,417542,420722,420922,421122,421322,421522,421722,421922,425102,425302,425502,425702,425902,426102,426302,429482,429682,429882,430082,430282,430482,430682,433862,434062,434262,434462,434662,434862,435062,438242,438442,438642,438842,439042,439242,439442
MBARRIER_TRYWAIT,32,3,158902,159102,159302,159502,159702,159902,160102,163282,163482,163682,163882,164082,164282,164482,167662,167862,168062,168262,168462,168662,168862,172042,172242,172442,172642,172842,173042,173242,176422,176622,176822,177022,177222,177422,177622,180802,181002,181202,181402,181602,181802,182002,185182,185382,185582,185782,185982,186182,186382,189562,189762,189962,190162,190362,190562,190762,194427,194627,194827,195027,195227,195427,195627,198806,199006,199206,199406,199606,199806,200006,203186,203386,203586,203786,203986,204186,204386,207566,207766,207966,208166,208366,208566,208766,211946,212146,212346,212546,212746,212946,213146,216326,216526,216726,216926,217126,217326,217526,220706,220906,221106,221306,221506,221706,221906,225086,225286,225486,225686,225886,226086,226286,229953,230153,230353,230553,230753,230953,231153,234334,234534,234734,234934,235134,235334,235534,238714,238914,239114,239314,239514,239714,239914,243094,243294,243494,243694,243894,244094,244294,247474,247674,247874,248074,248274,248474,248674,251854,252054,252254,252454,252654,252854,253054,256234,256434,256634,256834,257034,257234,257434,260614,260814,261014,261214,261414,261614,261814,265479,265679,265879,266079,266279,266479,266679,269858,270058,270258,270458,270658,270858,271058,274238,274438,274638,274838,275038,275238,275438,278618,278818,279018,279218,279418,279618,279818,282998,283198,283398,283598,283798,283998,284198,287378,287578,287778,287978,288178,288378,288578,291758,291958,292158,292358,292558,292758,292958,296138,296338,296538,296738,296938,297138,297338,301005,301205,301405,301605,301805,302005,302205,305386,305586,305786,305986,306186,306386,306586,309766,309966,310166,310366,310566,310766,310966,314146,314346,314546,314746,314946,315146,315346,318526,318726,318926,319126,319326,319526,319726,322906,323106,323306,323506,323706,323906,324106,327286,327486,327686,327886,328086,328286,328486,331666,331866,332066,332266,332466,332666,332866,336531,336731,336931,337131,337331,337531,337731,340910,341110,341310,341510,341710,341910,342110,345290,345490,345690,345890,346090,346290,346490,349670,349870,350070,350270,350470,350670,350870,354050,354250,354450,354650,354850,355050,355250,358430,358630,358830,359030,359230,359430,359630,362810,363010,363210,363410,363610,363810,364010,367190,367390,367590,367790,367990,368190,368390,372057,372257,372457,372657,372857,373057,373257,376438,376638,376838,377038,377238,377438,377638,380818,381018,381218,381418,381618,381818,382018,385198,385398,385598,385798,385998,386198,386398,389578,389778,389978,390178,390378,390578,390778,393958,394158,394358,394558,394758,394958,395158,398338,398538,398738,398938,399138,399338,399538,402718,402918,403118,403318,403518,403718,403918,407583,407783,407983,408183,408383,408583,408783,411962,412162,412362,412562,412762,412962,413162,416342,416542,416742,416942,417142,417342,417542,420722,420922,421122,421322,421522,421722,421922,425102,425302,425502,425702,425902,426102,426302,429482,429682,429882,430082,430282,430482,430682,433862,434062,434262,434462,434662,434862,435062,438242,438442,438642,438842,439042,439242,439442
MBARRIER_TRYWAIT,33,0,159090,159290,159490,159690,159890,160090,163470,163670,163870,164070,164270,164470,167850,168050,168250,168450,168650,168850,172230,172430,172630,172830,173030,173230,176610,176810,177010,177210,177410,177610,180990,181190,181390,181590,181790,181990,185370,185570,185770,185970,186170,186370,190235,190435,190635,190835,191035,191235,194615,194815,195015,195215,195415,195615,198995,199195,199395,199595,199795,199995,203375,203575,203775,203975,204175,204375,207755,207955,208155,208355,208555,208755,212135,212335,212535,212735,212935,213135,216515,216715,216915,217115,217315,217515,220895,221095,221295,221495,221695,221895,225761,225961,226161,226361,226561,226761,230142,230342,230542,230742,230942,231142,234522,234722,234922,235122,235322,235522,238902,239102,239302,239502,239702,239902,243282,243482,243682,243882,244082,244282,247662,247862,248062,248262,248462,248662,252042,252242,252442,252642,252842,253042,256422,256622,256822,257022,257222,257422,261289,261489,261689,261889,262089,262289,265670,265870,266070,266270,266470,266670,270050,270250,270450,270650,270850,271050,274430,274630,274830,275030,275230,275430,278810,279010,279210,279410,279610,279810,283190,283390,283590,283790,283990,284190,287570,287770,287970,288170,288370,288570,291950,292150,292350,292550,292750,292950,296815,297015,297215,297415,297615,297815,301195,301395,301595,301795,301995,302195,305575,305775,305975,306175,306375,306575,309955,310155,310355,310555,310755,310955,314335,314535,314735,314935,315135,315335,318715,318915,319115,319315,319515,319715,323095,323295,323495,323695,323895,324095,327475,327675,327875,328075,328275,328475,332341,332541,332741,332941,333141,333341,336722,336922,337122,337322,337522,337722,341102,341302,341502,341702,341902,342102,345482,345682,345882,346082,346282,346482,349862,350062,350262,350462,350662,350862,354242,354442,354642,354842,355042,355242,358622,358822,359022,359222,359422,359622,363002,363202,363402,363602,363802,364002,367869,368069,368269,368469,368669,368869,372250,372450,372650,372850,373050,373250,376630,376830,377030,377230,377430,377630,381010,381210,381410,381610,381810,382010,385390,385590,385790,385990,386190,386390,389770,389970,390170,390370,390570,390770,394150,394350,394550,394750,394950,395150,398530,398730,398930,399130,399330,399530,403395,403595,403795,403995,404195,404395,407775,407975,408175,408375,408575,408775,412155,412355,412555,412755,412955,413155,416535,416735,416935,417135,417335,417535,420915,421115,421315,421515,421715,421915,425295,425495,425695,425895,426095,426295,429675,429875,430075,430275,430475,430675,434055,434255,434455,434655,434855,435055,438635,438835,439035,439235,439435,439635
MBARRIER_TRYWAIT,33,1,158905,159105,159305,159505,159705,159905,160105,163286,163486,163686,163886,164086,164286,164486,167666,167866,168066,168266,168466,168666,168866,172046,172246,172446,172646,172846,173046,173246,176426,176626,176826,177026,177226,177426,177626,180806,181006,181206,181406,181606,181806,182006,185186,185386,185586,185786,185986,186186,186386,190052,190252,190452,190652,190852,191052,191252,194431,194631,194831,195031,195231,195431,195631,198811,199011,199211,199411,199611,199811,200011,203191,203391,203591,203791,203991,204191,204391,207571,207771,207971,208171,208371,208571,208771,211951,212151,212351,212551,212751,212951,213151,216331,216531,216731,216931,217131,217331,217531,220711,220911,221111,221311,221511,221711,221911,225577,225777,225977,226177,226377,226577,226777,229958,230158,230358,230558,230758,230958,231158,234338,234538,234738,234938,235138,235338,235538,238718,238918,239118,239318,239518,239718,239918,243098,243298,243498,243698,243898,244098,244298,247478,247678,247878,248078,248278,248478,248678,251858,252058,252258,252458,252658,252858,253058,256238,256438,256638,256838,257038,257238,257438,261105,261305,261505,261705,261905,262105,262305,265486,265686,265886,266086,266286,266486,266686,269866,270066,270266,270466,270666,270866,271066,274246,274446,274646,274846,275046,275246,275446,278626,278826,279026,279226,279426,279626,279826,283006,283206,283406,283606,283806,284006,284206,287386,287586,287786,287986,288186,288386,288586,291766,291966,292166,292366,292566,292766,292966,296632,296832,297032,297232,297432,297632,297832,301011,301211,301411,301611,301811,302011,302211,305391,305591,305791,305991,306191,306391,306591,309771,309971,310171,310371,310571,310771,310971,314151,314351,314551,314751,314951,315151,315351,318531,318731,318931,319131,319331,319531,319731,322911,323111,323311,323511,323711,323911,324111,327291,327491,327691,327891,328091,328291,328491,332157,332357,332557,332757,332957,333157,333357,336538,336738,336938,337138,337338,337538,337738,340918,341118,341318,341518,341718,341918,342118,345298,345498,345698,345898,346098,346298,346498,349678,349878,350078,350278,350478,350678,350878,354058,354258,354458,354658,354858,355058,355258,358438,358638,358838,359038,359238,359438,359638,362818,363018,363218,363418,363618,363818,364018,367685,367885,368085,368285,368485,368685,368885,372066,372266,372466,372666,372866,373066,373266,376446,376646,376846,377046,377246,377446,377646,380826,381026,381226,381426,381626,381826,382026,385206,385406,385606,385806,386006,386206,386406,389586,389786,389986,390186,390386,390586,390786,393966,394166,394366,394566,394766,394966,395166,398346,398546,398746,398946,399146,399346,399546,403212,403412,403612,403812,404012,404212,404412,407591,407791,407991,408191,408391,408591,408791,411971,412171,412371,412571,412771,412971,413171,416351,416551,416751,416951,417151,417351,417551,420731,420931,421131,421331,421531,421731,421931,425111,425311,425511,425711,425911,426111,426311,429491,429691,429891,430091,430291,430491,430691,433871,434071,434271,434471,434671,434871,435071,438452,438652,438852,439052,439252,439452,439652
MBARRIER_TRYWAIT,33,2,158901,159101,159301,159501,159701,159901,160101,163281,163481,163681,163881,164081,164281,164481,167661,167861,168061,168261,168461,168661,168861,172041,172241,172441,172641,172841,173041,173241,176421,176621,176821,177021,177221,177421,177621,180801,181001,181201,181401,181601,181801,182001,185181,185381,185581,185781,185981,186181,186381,190047,190247,190447,190647,190847,191047,191247,194426,194626,194826,195026,195226,195426,195626,198806,199006,199206,199406,199606,199806,200006,203186,203386,203586,203786,203986,204186,204386,207566,207766,207966,208166,208366,208566,208766,211946,212146,212346,212546,212746,212946,213146,216326,216526,216726,216926,217126,217326,217526,220706,220906,221106,221306,221506,221706,221906,225573,225773,225973,226173,226373,226573,226773,229953,230153,230353,230553,230753,230953,231153,234333,234533,234733,234933,235133,235333,235533,238713,238913,239113,239313,239513,239713,239913,243093,243293,243493,243693,243893,244093,244293,247473,247673,247873,248073,248273,248473,248673,251853,252053,252253,252453,252653,252853,253053,256233,256433,256633,256833,257033,257233,257433,261101,261301,261501,261701,261901,262101,262301,265481,265681,265881,266081,266281,266481,266681,269861,270061,270261,270461,270661,270861,271061,274241,274441,274641,274841,275041,275241,275441,278621,278821,279021,279221,279421,279621,279821,283001,283201,283401,283601,283801,284001,284201,287381,287581,287781,287981,288181,288381,288581,291761,291961,292161,292361,292561,292761,292961,296627,296827,297027,297227,297427,297627,297827,301006,301206,301406,301606,301806,302006,302206,305386,305586,305786,305986,306186,306386,306586,309766,309966,310166,310366,310566,310766,310966,314146,314346,314546,314746,314946,315146,315346,318526,318726,318926,319126,319326,319526,319726,322906,323106,323306,323506,323706,323906,324106,327286,327486,327686,327886,328086,328286,328486,332153,332353,332553,332753,332953,333153,333353,336533,336733,336933,337133,337333,337533,337733,340913,341113,341313,341513,341713,341913,342113,345293,345493,345693,345893,346093,346293,346493,349673,349873,350073,350273,350473,350673,350873,354053,354253,354453,354653,354853,355053,355253,358433,358633,358833,359033,359233,359433,359633,362813,363013,363213,363413,363613,363813,364013,367681,367881,368081,368281,368481,368681,368881,372061,372261,372461,372661,372861,373061,373261,376441,376641,376841,377041,377241,377441,377641,380821,381021,381221,381421,381621,381821,382021,385201,385401,385601,385801,386001,386201,386401,389581,389781,389981,390181,390381,390581,390781,393961,394161,394361,394561,394761,394961,395161,398341,398541,398741,398941,399141,399341,399541,403207,403407,403607,403807,404007,404207,404407,407586,407786,407986,408186,408386,408586,408786,411966,412166,412366,412566,412766,412966,413166,416346,416546,416746,416946,417146,417346,417546,420726,420926,421126,421326,421526,421726,421926,425106,425306,425506,425706,425906,426106,426306,429486,429686,429886,430086,430286,430486,430686,433866,434066,434266,434466,434666,434866,435066,438447,438647,438847,439047,439247,439447,439647
MBARRIER_TRYWAIT,33,3,158902,159102,159302,159502,159702,159902,160102,163282,163482,163682,163882,164082,164282,164482,167662,167862,168062,168262,168462,168662,168862,172042,172242,172442,172642,172842,173042,173242,176422,176622,176822,177022,177222,177422,177622,180802,181002,181202,181402,181602,181802,182002,185182,185382,185582,185782,185982,186182,186382,190047,190247,190447,190647,190847,191047,191247,194426,194626,194826,195026,195226,195426,195626,198806,199006,199206,199406,199606,199806,200006,203186,203386,203586,203786,203986,204186,204386,207566,207766,207966,208166,208366,208566,208766,211946,212146,212346,212546,212746,212946,213146,216326,216526,216726,216926,217126,217326,217526,220706,220906,221106,221306,221506,221706,221906,225573,225773,225973,226173,226373,226573,226773,229954,230154,230354,230554,230754,230954,231154,234334,234534,234734,234934,235134,235334,235534,238714,238914,239114,239314,239514,239714,239914,243094,243294,243494,243694,243894,244094,244294,247474,247674,247874,248074,248274,248474,248674,251854,252054,252254,252454,252654,252854,253054,256234,256434,256634,256834,257034,257234,257434,261101,261301,261501,261701,261901,262101,262301,265482,265682,265882,266082,266282,266482,266682,269862,270062,270262,270462,270662,270862,271062,274242,274442,274642,274842,275042,275242,275442,278622,278822,279022,279222,279422,279622,279822,283002,283202,283402,283602,283802,284002,284202,287382,287582,287782,287982,288182,288382,288582,291762,291962,292162,292362,292562,292762,292962,296627,296827,297027,297227,297427,297627,297827,301006,301206,301406,301606,301806,302006,302206,305386,305586,305786,305986,306186,306386,306586,309766,309966,310166,310366,310566,310766,310966,314146,314346,314546,314746,314946,315146,315346,318526,318726,318926,319126,319326,319526,319726,322906,323106,323306,323506,323706,323906,324106,327286,327486,327686,327886,328086,328286,328486,332153,332353,332553,332753,332953,333153,333353,336534,336734,336934,337134,337334,337534,337734,340914,341114,341314,341514,341714,341914,342114,345294,345494,345694,345894,346094,346294,346494,349674,349874,350074,350274,350474,350674,350874,354054,354254,354454,354654,354854,355054,355254,358434,358634,358834,359034,359234,359434,359634,362814,363014,363214,363414,363614,363814,364014,367681,367881,368081,368281,368481,368681,368881,372062,372262,372462,372662,372862,373062,373262,376442,376642,376842,377042,377242,377442,377642,380822,381022,381222,381422,381622,381822,382022,385202,385402,385602,385802,386002,386202,386402,389582,389782,389982,390182,390382,390582,390782,393962,394162,394362,394562,394762,394962,395162,398342,398542,398742,398942,399142,399342,399542,403207,403407,403607,403807,404007,404207,404407,407586,407786,407986,408186,408386,408586,408786,411966,412166,412366,412566,412766,412966,413166,416346,416546,416746,416946,417146,417346,417546,420726,420926,421126,421326,421526,421726,421926,425106,425306,425506,425706,425906,426106,426306,429486,429686,429886,430086,430286,430486,430686,433866,434066,434266,434466,434666,434866,435066,438447,438647,438847,439047,439247,439447,439647
MBARRIER_TRYWAIT,34,0,159090,159290,159490,159690,159890,160090,163470,163670,163870,164070,164270,164470,167850,168050,168250,168450,168650,168850,172230,172430,172630,172830,173030,173230,176610,176810,177010,177210,177410,177610,180990,181190,181390,181590,181790,181990,185857,186057,186257,186457,186657,186857,190238,190438,190638,190838,191038,191238,194618,194818,195018,195218,195418,195618,198998,199198,199398,199598,199798,199998,203378,203578,203778,203978,204178,204378,207758,207958,208158,208358,208558,208758,212138,212338,212538,212738,212938,213138,216518,216718,216918,217118,217318,217518,221383,221583,221783,221983,222183,222383,225763,225963,226163,226363,226563,226763,230143,230343,230543,230743,230943,231143,234523,234723,234923,235123,235323,235523,238903,239103,239303,239503,239703,239903,243283,243483,243683,243883,244083,244283,247663,247863,248063,248263,248463,248663,252043,252243,252443,252643,252843,253043,256909,257109,257309,257509,257709,257909,261290,261490,261690,261890,262090,262290,265670,265870,266070,266270,266470,266670,270050,270250,270450,270650,270850,271050,274430,274630,274830,275030,275230,275430,278810,279010,279210,279410,279610,279810,283190,283390,283590,283790,283990,284190,287570,287770,287970,288170,288370,288570,292435,292635,292835,293035,293235,293435,296815,297015,297215,297415,297615,297815,301195,301395,301595,301795,301995,302195,305575,305775,305975,306175,306375,306575,309955,310155,310355,310555,310755,310955,314335,314535,314735,314935,315135,315335,318715,318915,319115,319315,319515,319715,323095,323295,323495,323695,323895,324095,327961,328161,328361,328561,328761,328961,332342,332542,332742,332942,333142,333342,336722,336922,337122,337322,337522,337722,341102,341302,341502,341702,341902,342102,345482,345682,345882,346082,346282,346482,349862,350062,350262,350462,350662,350862,354242,354442,354642,354842,355042,355242,358622,358822,359022,359222,359422,359622,363487,363687,363887,364087,364287,364487,367867,368067,368267,368467,368667,368867,372247,372447,372647,372847,373047,373247,376627,376827,377027,377227,377427,377627,381007,381207,381407,381607,381807,382007,385387,385587,385787,385987,386187,386387,389767,389967,390167,390367,390567,390767,394147,394347,394547,394747,394947,395147,399013,399213,399413,399613,399813,400013,403394,403594,403794,403994,404194,404394,407774,407974,408174,408374,408574,408774,412154,412354,412554,412754,412954,413154,416534,416734,416934,417134,417334,417534,420914,421114,421314,421514,421714,421914,425294,425494,425694,425894,426094,426294,429674,429874,430074,430274,430474,430674,434255,434455,434655,434855,435055,435255,438635,438835,439035,439235,439435,439635
MBARRIER_TRYWAIT,34,1,158905,159105,159305,159505,159705,159905,160105,163286,163486,163686,163886,164086,164286,164486,167666,167866,168066,168266,168466,168666,168866,172046,172246,172446,172646,172846,173046,173246,176426,176626,176826,177026,177226,177426,177626,180806,181006,181206,181406,181606,181806,182006,185673,185873,186073,186273,186473,186673,186873,190054,190254,190454,190654,190854,191054,191254,194434,194634,194834,195034,195234,195434,195634,198814,199014,199214,199414,199614,199814,200014,203194,203394,203594,203794,203994,204194,204394,207574,207774,207974,208174,208374,208574,208774,211954,212154,212354,212554,212754,212954,213154,216334,216534,216734,216934,217134,217334,217534,221200,221400,221600,221800,222000,222200,222400,225579,225779,225979,226179,226379,226579,226779,229959,230159,230359,230559,230759,230959,231159,234339,234539,234739,234939,235139,235339,235539,238719,238919,239119,239319,239519,239719,239919,243099,243299,243499,243699,243899,244099,244299,247479,247679,247879,248079,248279,248479,248679,251859,252059,252259,252459,252659,252859,253059,256725,256925,257125,257325,257525,257725,257925,261106,261306,261506,261706,261906,262106,262306,265486,265686,265886,266086,266286,266486,266686,269866,270066,270266,270466,270666,270866,271066,274246,274446,274646,274846,275046,275246,275446,278626,278826,279026,279226,279426,279626,279826,283006,283206,283406,283606,283806,284006,284206,287386,287586,287786,287986,288186,288386,288586,292252,292452,292652,292852,293052,293252,293452,296631,296831,297031,297231,297431,297631,297831,301011,301211,301411,301611,301811,302011,302211,305391,305591,305791,305991,306191,306391,306591,309771,309971,310171,310371,310571,310771,310971,314151,314351,314551,314751,314951,315151,315351,318531,318731,318931,319131,319331,319531,319731,322911,323111,323311,323511,323711,323911,324111,327777,327977,328177,328377,328577,328777,328977,332158,332358,332558,332758,332958,333158,333358,336538,336738,336938,337138,337338,337538,337738,340918,341118,341318,341518,341718,341918,342118,345298,345498,345698,345898,346098,346298,346498,349678,349878,350078,350278,350478,350678,350878,354058,354258,354458,354658,354858,355058,355258,358438,358638,358838,359038,359238,359438,359638,363304,363504,363704,363904,364104,364304,364504,367683,367883,368083,368283,368483,368683,368883,372063,372263,372463,372663,372863,373063,373263,376443,376643,376843,377043,377243,377443,377643,380823,381023,381223,381423,381623,381823,382023,385203,385403,385603,385803,386003,386203,386403,389583,389783,389983,390183,390383,390583,390783,393963,394163,394363,394563,394763,394963,395163,398829,399029,399229,399429,399629,399829,400029,403210,403410,403610,403810,404010,404210,404410,407590,407790,407990,408190,408390,408590,408790,411970,412170,412370,412570,412770,412970,413170,416350,416550,416750,416950,417150,417350,417550,420730,420930,421130,421330,421530,421730,421930,425110,425310,425510,425710,425910,426110,426310,429490,429690,429890,430090,430290,430490,430690,434071,434271,434471,434671,434871,435071,435271,438451,438651,438851,439051,439251,439451,439651
MBARRIER_TRYWAIT,34,2,158901,159101,159301,159501,159701,159901,160101,163281,163481,163681,163881,164081,164281,164481,167661,167861,168061,168261,168461,168661,168861,172041,172241,172441,172641,172841,173041,173241,176421,176621,176821,177021,177221,177421,177621,180801,181001,181201,181401,181601,181801,182001,185669,185869,186069,186269,186469,186669,186869,190049,190249,190449,190649,190849,191049,191249,194429,194629,194829,195029,195229,195429,195629,198809,199009,199209,199409,199609,199809,200009,203189,203389,203589,203789,203989,204189,204389,207569,207769,207969,208169,208369,208569,208769,211949,212149,212349,212549,212749,212949,213149,216329,216529,216729,216929,217129,217329,217529,221195,221395,221595,221795,221995,222195,222395,225574,225774,225974,226174,226374,226574,226774,229954,230154,230354,230554,230754,230954,231154,234334,234534,234734,234934,235134,235334,235534,238714,238914,239114,239314,239514,239714,239914,243094,243294,243494,243694,243894,244094,244294,247474,247674,247874,248074,248274,248474,248674,251854,252054,252254,252454,252654,252854,253054,256721,256921,257121,257321,257521,257721,257921,261101,261301,261501,261701,261901,262101,262301,265481,265681,265881,266081,266281,266481,266681,269861,270061,270261,270461,270661,270861,271061,274241,274441,274641,274841,275041,275241,275441,278621,278821,279021,279221,279421,279621,279821,283001,283201,283401,283601,283801,284001,284201,287381,287581,287781,287981,288181,288381,288581,292247,292447,292647,292847,293047,293247,293447,296626,296826,297026,297226,297426,297626,297826,301006,301206,301406,301606,301806,302006,302206,305386,305586,305786,305986,306186,306386,306586,309766,309966,310166,310366,310566,310766,310966,314146,314346,314546,314746,314946,315146,315346,318526,318726,318926,319126,319326,319526,319726,322906,323106,323306,323506,323706,323906,324106,327773,327973,328173,328373,328573,328773,328973,332153,332353,332553,332753,332953,333153,333353,336533,336733,336933,337133,337333,337533,337733,340913,341113,341313,341513,341713,341913,342113,345293,345493,345693,345893,346093,346293,346493,349673,349873,350073,350273,350473,350673,350873,354053,354253,354453,354653,354853,355053,355253,358433,358633,358833,359033,359233,359433,359633,363299,363499,363699,363899,364099,364299,364499,367678,367878,368078,368278,368478,368678,368878,372058,372258,372458,372658,372858,373058,373258,376438,376638,376838,377038,377238,377438,377638,380818,381018,381218,381418,381618,381818,382018,385198,385398,385598,385798,385998,386198,386398,389578,389778,389978,390178,390378,390578,390778,393958,394158,394358,394558,394758,394958,395158,398825,399025,399225,399425,399625,399825,400025,403205,403405,403605,403805,404005,404205,404405,407585,407785,407985,408185,408385,408585,408785,411965,412165,412365,412565,412765,412965,413165,416345,416545,416745,416945,417145,417345,417545,420725,420925,421125,421325,421525,421725,421925,425105,425305,425505,425705,425905,426105,426305,429485,429685,429885,430085,430285,430485,430685,434066,434266,434466,434666,434866,435066,435266,438446,438646,438846,439046,439246,439446,439646
MBARRIER_TRYWAIT,34,3,158902,159102,159302,159502,159702,159902,160102,163282,163482,163682,163882,164082,164282,164482,167662,167862,168062,168262,168462,168662,168862,172042,172242,172442,172642,172842,173042,173242,176422,176622,176822,177022,177222,177422,177622,180802,181002,181202,181402,181602,181802,182002,185669,185869,186069,186269,186469,186669,186869,190050,190250,190450,190650,190850,191050,191250,194430,194630,194830,195030,195230,195430,195630,198810,199010,199210,199410,199610,199810,200010,203190,203390,203590,203790,203990,204190,204390,207570,207770,207970,208170,208370,208570,208770,211950,212150,212350,212550,212750,212950,213150,216330,216530,216730,216930,217130,217330,217530,221195,221395,221595,221795,221995,222195,222395,225574,225774,225974,226174,226374,226574,226774,229954,230154,230354,230554,230754,230954,231154,234334,234534,234734,234934,235134,235334,235534,238714,238914,239114,239314,239514,239714,239914,243094,243294,243494,243694,243894,244094,244294,247474,247674,247874,248074,248274,248474,248674,251854,252054,252254,252454,252654,252854,253054,256721,256921,257121,257321,257521,257721,257921,261102,261302,261502,261702,261902,262102,262302,265482,265682,265882,266082,266282,266482,266682,269862,270062,270262,270462,270662,270862,271062,274242,274442,274642,274842,275042,275242,275442,278622,278822,279022,279222,279422,279622,279822,283002,283202,283402,283602,283802,284002,284202,287382,287582,287782,287982,288182,288382,288582,292247,292447,292647,292847,293047,293247,293447,296626,296826,297026,297226,297426,297626,297826,301006,301206,301406,301606,301806,302006,302206,305386,305586,305786,305986,306186,306386,306586,309766,309966,310166,310366,310566,310766,310966,314146,314346,314546,314746,314946,315146,315346,318526,318726,318926,319126,319326,319526,319726,322906,323106,323306,323506,323706,323906,324106,327773,327973,328173,328373,328573,328773,328973,332154,332354,332554,332754,332954,333154,333354,336534,336734,336934,337134,337334,337534,337734,340914,341114,341314,341514,341714,341914,342114,345294,345494,345694,345894,346094,346294,346494,349674,349874,350074,350274,350474,350674,350874,354054,354254,354454,354654,354854,355054,355254,358434,358634,358834,359034,359234,359434,359634,363299,363499,363699,363899,364099,364299,364499,367678,367878,368078,368278,368478,368678,368878,372058,372258,372458,372658,372858,373058,373258,376438,376638,376838,377038,377238,377438,377638,380818,381018,381218,381418,381618,381818,382018,385198,385398,385598,385798,385998,386198,386398,389578,389778,389978,390178,390378,390578,390778,393958,394158,394358,394558,394758,394958,395158,398825,399025,399225,399425,399625,399825,400025,403206,403406,403606,403806,404006,404206,404406,407586,407786,407986,408186,408386,408586,408786,411966,412166,412366,412566,412766,412966,413166,416346,416546,416746,416946,417146,417346,417546,420726,420926,421126,421326,421526,421726,421926,425106,425306,425506,425706,425906,426106,426306,429486,429686,429886,430086,430286,430486,430686,434066,434266,434466,434666,434866,435066,435266,438446,438646,438846,439046,439246,439446,439646
MBARRIER_TRYWAIT,35,0,159090,159290,159490,159690,159890,160090,163470,163670,163870,164070,164270,164470,167850,168050,168250,168450,168650,168850,172230,172430,172630,172830,173030,173230,176610,176810,177010,177210,177410,177610,181475,181675,181875,182075,182275,182475,185855,186055,186255,186455,186655,186855,190235,190435,190635,190835,191035,191235,194615,194815,195015,195215,195415,195615,198995,199195,199395,199595,199795,199995,203375,203575,203775,203975,204175,204375,207755,207955,208155,208355,208555,208755,212135,212335,212535,212735,212935,213135,217002,217202,217402,217602,217802,218002,221382,221582,221782,221982,222182,222382,225762,225962,226162,226362,226562,226762,230142,230342,230542,230742,230942,231142,234522,234722,234922,235122,235322,235522,238902,239102,239302,239502,239702,239902,243282,243482,243682,243882,244082,244282,247662,247862,248062,248262,248462,248662,252527,252727,252927,253127,253327,253527,256907,257107,257307,257507,257707,257907,261287,261487,261687,261887,262087,262287,265667,265867,266067,266267,266467,266667,270047,270247,270447,270647,270847,271047,274427,274627,274827,275027,275227,275427,278807,279007,279207,279407,279607,279807,283187,283387,283587,283787,283987,284187,288053,288253,288453,288653,288853,289053,292434,292634,292834,293034,293234,293434,296814,297014,297214,297414,297614,297814,301194,301394,301594,301794,301994,302194,305574,305774,305974,306174,306374,306574,309954,310154,310354,310554,310754,310954,314334,314534,314734,314934,315134,315334,318714,318914,319114,319314,319514,319714,323581,323781,323981,324181,324381,324581,327962,328162,328362,328562,328762,328962,332342,332542,332742,332942,333142,333342,336722,336922,337122,337322,337522,337722,341102,341302,341502,341702,341902,342102,345482,345682,345882,346082,346282,346482,349862,350062,350262,350462,350662,350862,354242,354442,354642,354842,355042,355242,359107,359307,359507,359707,359907,360107,363487,363687,363887,364087,364287,364487,367867,368067,368267,368467,368667,368867,372247,372447,372647,372847,373047,373247,376627,376827,377027,377227,377427,377627,381007,381207,381407,381607,381807,382007,385387,385587,385787,385987,386187,386387,389767,389967,390167,390367,390567,390767,394633,394833,395033,395233,395433,395633,399014,399214,399414,399614,399814,400014,403394,403594,403794,403994,404194,404394,407774,407974,408174,408374,408574,408774,412154,412354,412554,412754,412954,413154,416534,416734,416934,417134,417334,417534,420914,421114,421314,421514,421714,421914,425294,425494,425694,425894,426094,426294,430159,430359,430559,430759,430959,431159,434539,434739,434939,435139,435339,435539,438919,439119,439319,439519,439719,439919
MBARRIER_TRYWAIT,35,1,158905,159105,159305,159505,159705,159905,160105,163286,163486,163686,163886,164086,164286,164486,167666,167866,168066,168266,168466,168666,168866,172046,172246,172446,172646,172846,173046,173246,176426,176626,176826,177026,177226,177426,177626,181292,181492,181692,181892,182092,182292,182492,185671,185871,186071,186271,186471,186671,186871,190051,190251,190451,190651,190851,191051,191251,194431,194631,194831,195031,195231,195431,195631,198811,199011,199211,199411,199611,199811,200011,203191,203391,203591,203791,203991,204191,204391,207571,207771,207971,208171,208371,208571,208771,211951,212151,212351,212551,212751,212951,213151,216818,217018,217218,217418,217618,217818,218018,221198,221398,221598,221798,221998,222198,222398,225578,225778,225978,226178,226378,226578,226778,229958,230158,230358,230558,230758,230958,231158,234338,234538,234738,234938,235138,235338,235538,238718,238918,239118,239318,239518,239718,239918,243098,243298,243498,243698,243898,244098,244298,247478,247678,247878,248078,248278,248478,248678,252344,252544,252744,252944,253144,253344,253544,256723,256923,257123,257323,257523,257723,257923,261103,261303,261503,261703,261903,262103,262303,265483,265683,265883,266083,266283,266483,266683,269863,270063,270263,270463,270663,270863,271063,274243,274443,274643,274843,275043,275243,275443,278623,278823,279023,279223,279423,279623,279823,283003,283203,283403,283603,283803,284003,284203,287869,288069,288269,288469,288669,288869,289069,292250,292450,292650,292850,293050,293250,293450,296630,296830,297030,297230,297430,297630,297830,301010,301210,301410,301610,301810,302010,302210,305390,305590,305790,305990,306190,306390,306590,309770,309970,310170,310370,310570,310770,310970,314150,314350,314550,314750,314950,315150,315350,318530,318730,318930,319130,319330,319530,319730,323397,323597,323797,323997,324197,324397,324597,327778,327978,328178,328378,328578,328778,328978,332158,332358,332558,332758,332958,333158,333358,336538,336738,336938,337138,337338,337538,337738,340918,341118,341318,341518,341718,341918,342118,345298,345498,345698,345898,346098,346298,346498,349678,349878,350078,350278,350478,350678,350878,354058,354258,354458,354658,354858,355058,355258,358924,359124,359324,359524,359724,359924,360124,363303,363503,363703,363903,364103,364303,364503,367683,367883,368083,368283,368483,368683,368883,372063,372263,372463,372663,372863,373063,373263,376443,376643,376843,377043,377243,377443,377643,380823,381023,381223,381423,381623,381823,382023,385203,385403,385603,385803,386003,386203,386403,389583,389783,389983,390183,390383,390583,390783,394449,394649,394849,395049,395249,395449,395649,398830,399030,399230,399430,399630,399830,400030,403210,403410,403610,403810,404010,404210,404410,407590,407790,407990,408190,408390,408590,408790,411970,412170,412370,412570,412770,412970,413170,416350,416550,416750,416950,417150,417350,417550,420730,420930,421130,421330,421530,421730,421930,425110,425310,425510,425710,425910,426110,426310,429976,430176,430376,430576,430776,430976,431176,434355,434555,434755,434955,435155,435355,435555,438735,438935,439135,439335,439535,439735,439935
MBARRIER_TRYWAIT,35,2,158901,159101,159301,159501,159701,159901,160101,163281,163481,163681,163881,164081,164281,164481,167661,167861,168061,168261,168461,168661,168861,172041,172241,172441,172641,172841,173041,173241,176421,176621,176821,177021,177221,177421,177621,181287,181487,181687,181887,182087,182287,182487,185666,185866,186066,186266,186466,186666,186866,190046,190246,190446,190646,190846,191046,191246,194426,194626,194826,195026,195226,195426,195626,198806,199006,199206,199406,199606,199806,200006,203186,203386,203586,203786,203986,204186,204386,207566,207766,207966,208166,208366,208566,208766,211946,212146,212346,212546,212746,212946,213146,216813,217013,217213,217413,217613,217813,218013,221193,221393,221593,221793,221993,222193,222393,225573,225773,225973,226173,226373,226573,226773,229953,230153,230353,230553,230753,230953,231153,234333,234533,234733,234933,235133,235333,235533,238713,238913,239113,239313,239513,239713,239913,243093,243293,243493,243693,243893,244093,244293,247473,247673,247873,248073,248273,248473,248673,252339,252539,252739,252939,253139,253339,253539,256718,256918,257118,257318,257518,257718,257918,261098,261298,261498,261698,261898,262098,262298,265478,265678,265878,266078,266278,266478,266678,269858,270058,270258,270458,270658,270858,271058,274238,274438,274638,274838,275038,275238,275438,278618,278818,279018,279218,279418,279618,279818,282998,283198,283398,283598,283798,283998,284198,287865,288065,288265,288465,288665,288865,289065,292245,292445,292645,292845,293045,293245,293445,296625,296825,297025,297225,297425,297625,297825,301005,301205,301405,301605,301805,302005,302205,305385,305585,305785,305985,306185,306385,306585,309765,309965,310165,310365,310565,310765,310965,314145,314345,314545,314745,314945,315145,315345,318525,318725,318925,319125,319325,319525,319725,323393,323593,323793,323993,324193,324393,324593,327773,327973,328173,328373,328573,328773,328973,332153,332353,332553,332753,332953,333153,333353,336533,336733,336933,337133,337333,337533,337733,340913,341113,341313,341513,341713,341913,342113,345293,345493,345693,345893,346093,346293,346493,349673,349873,350073,350273,350473,350673,350873,354053,354253,354453,354653,354853,355053,355253,358919,359119,359319,359519,359719,359919,360119,363298,363498,363698,363898,364098,364298,364498,367678,367878,368078,368278,368478,368678,368878,372058,372258,372458,372658,372858,373058,373258,376438,376638,376838,377038,377238,377438,377638,380818,381018,381218,381418,381618,381818,382018,385198,385398,385598,385798,385998,386198,386398,389578,389778,389978,390178,390378,390578,390778,394445,394645,394845,395045,395245,395445,395645,398825,399025,399225,399425,399625,399825,400025,403205,403405,403605,403805,404005,404205,404405,407585,407785,407985,408185,408385,408585,408785,411965,412165,412365,412565,412765,412965,413165,416345,416545,416745,416945,417145,417345,417545,420725,420925,421125,421325,421525,421725,421925,425105,425305,425505,425705,425905,426105,426305,429971,430171,430371,430571,430771,430971,431171,434350,434550,434750,434950,435150,435350,435550,438730,438930,439130,439330,439530,439730,439930
MBARRIER_TRYWAIT,35,3,158902,159102,159302,159502,159702,159902,160102,163282,163482,163682,163882,164082,164282,164482,167662,167862,168062,168262,168462,168662,168862,172042,172242,172442,172642,172842,173042,173242,176422,176622,176822,177022,177222,177422,177622,181287,181487,181687,181887,182087,182287,182487,185666,185866,186066,186266,186466,186666,186866,190046,190246,190446,190646,190846,191046,191246,194426,194626,194826,195026,195226,195426,195626,198806,199006,199206,199406,199606,199806,200006,203186,203386,203586,203786,203986,204186,204386,207566,207766,207966,208166,208366,208566,208766,211946,212146,212346,212546,212746,212946,213146,216814,217014,217214,217414,217614,217814,218014,221194,221394,221594,221794,221994,222194,222394,225574,225774,225974,226174,226374,226574,226774,229954,230154,230354,230554,230754,230954,231154,234334,234534,234734,234934,235134,235334,235534,238714,238914,239114,239314,239514,239714,239914,243094,243294,243494,243694,243894,244094,244294,247474,247674,247874,248074,248274,248474,248674,252339,252539,252739,252939,253139,253339,253539,256718,256918,257118,257318,257518,257718,257918,261098,261298,261498,261698,261898,262098,262298,265478,265678,265878,266078,266278,266478,266678,269858,270058,270258,270458,270658,270858,271058,274238,274438,274638,274838,275038,275238,275438,278618,278818,279018,279218,279418,279618,279818,282998,283198,283398,283598,283798,283998,284198,287865,288065,288265,288465,288665,288865,289065,292246,292446,292646,292846,293046,293246,293446,296626,296826,297026,297226,297426,297626,297826,301006,301206,301406,301606,301806,302006,302206,305386,305586,305786,305986,306186,306386,306586,309766,309966,310166,310366,310566,310766,310966,314146,314346,314546,314746,314946,315146,315346,318526,318726,318926,319126,319326,319526,319726,323393,323593,323793,323993,324193,324393,324593,327774,327974,328174,328374,328574,328774,328974,332154,332354,332554,332754,332954,333154,333354,336534,336734,336934,337134,337334,337534,337734,340914,341114,341314,341514,341714,341914,342114,345294,345494,345694,345894,346094,346294,346494,349674,349874,350074,350274,350474,350674,350874,354054,354254,354454,354654,354854,355054,355254,358919,359119,359319,359519,359719,359919,360119,363298,363498,363698,363898,364098,364298,364498,367678,367878,368078,368278,368478,368678,368878,372058,372258,372458,372658,372858,373058,373258,376438,376638,376838,377038,377238,377438,377638,380818,381018,381218,381418,381618,381818,382018,385198,385398,385598,385798,385998,386198,386398,389578,389778,389978,390178,390378,390578,390778,394445,394645,394845,395045,395245,395445,395645,398826,399026,399226,399426,399626,399826,400026,403206,403406,403606,403806,404006,404206,404406,407586,407786,407986,408186,408386,408586,408786,411966,412166,412366,412566,412766,412966,413166,416346,416546,416746,416946,417146,417346,417546,420726,420926,421126,421326,421526,421726,421926,425106,425306,425506,425706,425906,426106,426306,429971,430171,430371,430571,430771,430971,431171,434350,434550,434750,434950,435150,435350,435550,438730,438930,439130,439330,439530,439730,439930
MBARRIER_TRYWAIT,36,0,159090,159290,159490,159690,159890,160090,163470,163670,163870,164070,164270,164470,167850,168050,168250,168450,168650,168850,172230,172430,172630,172830,173030,173230,177095,177295,177495,177695,177895,178095,181475,181675,181875,182075,182275,182475,185855,186055,186255,186455,186655,186855,190235,190435,190635,190835,191035,191235,194615,194815,195015,195215,195415,195615,198995,199195,199395,199595,199795,199995,203375,203575,203775,203975,204175,204375,207755,207955,208155,208355,208555,208755,212621,212821,213021,213221,213421,213621,217002,217202,217402,217602,217802,218002,221382,221582,221782,221982,222182,222382,225762,225962,226162,226362,226562,226762,230142,230342,230542,230742,230942,231142,234522,234722,234922,235122,235322,235522,238902,239102,239302,239502,239702,239902,243282,243482,243682,243882,244082,244282,248147,248347,248547,248747,248947,249147,252527,252727,252927,253127,253327,253527,256907,257107,257307,257507,257707,257907,261287,261487,261687,261887,262087,262287,265667,265867,266067,266267,266467,266667,270047,270247,270447,270647,270847,271047,274427,274627,274827,275027,275227,275427,278807,279007,279207,279407,279607,279807,283673,283873,284073,284273,284473,284673,288054,288254,288454,288654,288854,289054,292434,292634,292834,293034,293234,293434,296814,297014,297214,297414,297614,297814,301194,301394,301594,301794,301994,302194,305574,305774,305974,306174,306374,306574,309954,310154,310354,310554,310754,310954,314334,314534,314734,314934,315134,315334,319199,319399,319599,319799,319999,320199,323579,323779,323979,324179,324379,324579,327959,328159,328359,328559,328759,328959,332339,332539,332739,332939,333139,333339,336719,336919,337119,337319,337519,337719,341099,341299,341499,341699,341899,342099,345479,345679,345879,346079,346279,346479,349859,350059,350259,350459,350659,350859,354725,354925,355125,355325,355525,355725,359106,359306,359506,359706,359906,360106,363486,363686,363886,364086,364286,364486,367866,368066,368266,368466,368666,368866,372246,372446,372646,372846,373046,373246,376626,376826,377026,377226,377426,377626,381006,381206,381406,381606,381806,382006,385386,385586,385786,385986,386186,386386,390251,390451,390651,390851,391051,391251,394631,394831,395031,395231,395431,395631,399011,399211,399411,399611,399811,400011,403391,403591,403791,403991,404191,404391,407771,407971,408171,408371,408571,408771,412151,412351,412551,412751,412951,413151,416531,416731,416931,417131,417331,417531,420911,421111,421311,421511,421711,421911,425777,425977,426177,426377,426577,426777,430158,430358,430558,430758,430958,431158,434538,434738,434938,435138,435338,435538,438918,439118,439318,439518,439718,439918
MBARRIER_TRYWAIT,36,1,158905,159105,159305,159505,159705,159905,160105,163286,163486,163686,163886,164086,164286,164486,167666,167866,168066,168266,168466,168666,168866,172046,172246,172446,172646,172846,173046,173246,176912,177112,177312,177512,177712,177912,178112,181291,181491,181691,181891,182091,182291,182491,185671,185871,186071,186271,186471,186671,186871,190051,190251,190451,190651,190851,191051,191251,194431,194631,194831,195031,195231,195431,195631,198811,199011,199211,199411,199611,199811,200011,203191,203391,203591,203791,203991,204191,204391,207571,207771,207971,208171,208371,208571,208771,212437,212637,212837,213037,213237,213437,213637,216818,217018,217218,217418,217618,217818,218018,221198,221398,221598,221798,221998,222198,222398,225578,225778,225978,226178,226378,226578,226778,229958,230158,230358,230558,230758,230958,231158,234338,234538,234738,234938,235138,235338,235538,238718,238918,239118,239318,239518,239718,239918,243098,243298,243498,243698,243898,244098,244298,247964,248164,248364,248564,248764,248964,249164,252343,252543,252743,252943,253143,253343,253543,256723,256923,257123,257323,257523,257723,257923,261103,261303,261503,261703,261903,262103,262303,265483,265683,265883,266083,266283,266483,266683,269863,270063,270263,270463,270663,270863,271063,274243,274443,274643,274843,275043,275243,275443,278623,278823,279023,279223,279423,279623,279823,283489,283689,283889,284089,284289,284489,284689,287870,288070,288270,288470,288670,288870,289070,292250,292450,292650,292850,293050,293250,293450,296630,296830,297030,297230,297430,297630,297830,301010,301210,301410,301610,301810,302010,302210,305390,305590,305790,305990,306190,306390,306590,309770,309970,310170,310370,310570,310770,310970,314150,314350,314550,314750,314950,315150,315350,319016,319216,319416,319616,319816,320016,320216,323395,323595,323795,323995,324195,324395,324595,327775,327975,328175,328375,328575,328775,328975,332155,332355,332555,332755,332955,333155,333355,336535,336735,336935,337135,337335,337535,337735,340915,341115,341315,341515,341715,341915,342115,345295,345495,345695,345895,346095,346295,346495,349675,349875,350075,350275,350475,350675,350875,354541,354741,354941,355141,355341,355541,355741,358922,359122,359322,359522,359722,359922,360122,363302,363502,363702,363902,364102,364302,364502,367682,367882,368082,368282,368482,368682,368882,372062,372262,372462,372662,372862,373062,373262,376442,376642,376842,377042,377242,377442,377642,380822,381022,381222,381422,381622,381822,382022,385202,385402,385602,385802,386002,386202,386402,390068,390268,390468,390668,390868,391068,391268,394447,394647,394847,395047,395247,395447,395647,398827,399027,399227,399427,399627,399827,400027,403207,403407,403607,403807,404007,404207,404407,407587,407787,407987,408187,408387,408587,408787,411967,412167,412367,412567,412767,412967,413167,416347,416547,416747,416947,417147,417347,417547,420727,420927,421127,421327,421527,421727,421927,425593,425793,425993,426193,426393,426593,426793,429974,430174,430374,430574,430774,430974,431174,434354,434554,434754,434954,435154,435354,435554,438734,438934,439134,439334,439534,439734,439934
MBARRIER_TRYWAIT,36,2,158901,159101,159301,159501,159701,159901,160101,163281,163481,163681,163881,164081,164281,164481,167661,167861,168061,168261,168461,168661,168861,172041,172241,172441,172641,172841,173041,173241,176907,177107,177307,177507,177707,177907,178107,181286,181486,181686,181886,182086,182286,182486,185666,185866,186066,186266,186466,186666,186866,190046,190246,190446,190646,190846,191046,191246,194426,194626,194826,195026,195226,195426,195626,198806,199006,199206,199406,199606,199806,200006,203186,203386,203586,203786,203986,204186,204386,207566,207766,207966,208166,208366,208566,208766,212433,212633,212833,213033,213233,213433,213633,216813,217013,217213,217413,217613,217813,218013,221193,221393,221593,221793,221993,222193,222393,225573,225773,225973,226173,226373,226573,226773,229953,230153,230353,230553,230753,230953,231153,234333,234533,234733,234933,235133,235333,235533,238713,238913,239113,239313,239513,239713,239913,243093,243293,243493,243693,243893,244093,244293,247959,248159,248359,248559,248759,248959,249159,252338,252538,252738,252938,253138,253338,253538,256718,256918,257118,257318,257518,257718,257918,261098,261298,261498,261698,261898,262098,262298,265478,265678,265878,266078,266278,266478,266678,269858,270058,270258,270458,270658,270858,271058,274238,274438,274638,274838,275038,275238,275438,278618,278818,279018,279218,279418,279618,279818,283485,283685,283885,284085,284285,284485,284685,287865,288065,288265,288465,288665,288865,289065,292245,292445,292645,292845,293045,293245,293445,296625,296825,297025,297225,297425,297625,297825,301005,301205,301405,301605,301805,302005,302205,305385,305585,305785,305985,306185,306385,306585,309765,309965,310165,310365,310565,310765,310965,314145,314345,314545,314745,314945,315145,315345,319011,319211,319411,319611,319811,320011,320211,323390,323590,323790,323990,324190,324390,324590,327770,327970,328170,328370,328570,328770,328970,332150,332350,332550,332750,332950,333150,333350,336530,336730,336930,337130,337330,337530,337730,340910,341110,341310,341510,341710,341910,342110,345290,345490,345690,345890,346090,346290,346490,349670,349870,350070,350270,350470,350670,350870,354537,354737,354937,355137,355337,355537,355737,358917,359117,359317,359517,359717,359917,360117,363297,363497,363697,363897,364097,364297,364497,367677,367877,368077,368277,368477,368677,368877,372057,372257,372457,372657,372857,373057,373257,376437,376637,376837,377037,377237,377437,377637,380817,381017,381217,381417,381617,381817,382017,385197,385397,385597,385797,385997,386197,386397,390063,390263,390463,390663,390863,391063,391263,394442,394642,394842,395042,395242,395442,395642,398822,399022,399222,399422,399622,399822,400022,403202,403402,403602,403802,404002,404202,404402,407582,407782,407982,408182,408382,408582,408782,411962,412162,412362,412562,412762,412962,413162,416342,416542,416742,416942,417142,417342,417542,420722,420922,421122,421322,421522,421722,421922,425589,425789,425989,426189,426389,426589,426789,429969,430169,430369,430569,430769,430969,431169,434349,434549,434749,434949,435149,435349,435549,438729,438929,439129,439329,439529,439729,439929
MBARRIER_TRYWAIT,36,3,158902,159102,159302,159502,159702,159902,160102,163282,163482,163682,163882,164082,164282,164482,167662,167862,168062,168262,168462,168662,168862,172042,172242,172442,172642,172842,173042,173242,176907,177107,177307,177507,177707,177907,178107,181286,181486,181686,181886,182086,182286,182486,185666,185866,186066,186266,186466,186666,186866,190046,190246,190446,190646,190846,191046,191246,194426,194626,194826,195026,195226,195426,195626,198806,199006,199206,199406,199606,199806,200006,203186,203386,203586,203786,203986,204186,204386,207566,207766,207966,208166,208366,208566,208766,212433,212633,212833,213033,213233,213433,213633,216814,217014,217214,217414,217614,217814,218014,221194,221394,221594,221794,221994,222194,222394,225574,225774,225974,226174,226374,226574,226774,229954,230154,230354,230554,230754,230954,231154,234334,234534,234734,234934,235134,235334,235534,238714,238914,239114,239314,239514,239714,239914,243094,243294,243494,243694,243894,244094,244294,247959,248159,248359,248559,248759,248959,249159,252338,252538,252738,252938,253138,253338,253538,256718,256918,257118,257318,257518,257718,257918,261098,261298,261498,261698,261898,262098,262298,265478,265678,265878,266078,266278,266478,266678,269858,270058,270258,270458,270658,270858,271058,274238,274438,274638,274838,275038,275238,275438,278618,278818,279018,279218,279418,279618,279818,283485,283685,283885,284085,284285,284485,284685,287866,288066,288266,288466,288666,288866,289066,292246,292446,292646,292846,293046,293246,293446,296626,296826,297026,297226,297426,297626,297826,301006,301206,301406,301606,301806,302006,302206,305386,305586,305786,305986,306186,306386,306586,309766,309966,310166,310366,310566,310766,310966,314146,314346,314546,314746,314946,315146,315346,319011,319211,319411,319611,319811,320011,320211,323390,323590,323790,323990,324190,324390,324590,327770,327970,328170,328370,328570,328770,328970,332150,332350,332550,332750,332950,333150,333350,336530,336730,336930,337130,337330,337530,337730,340910,341110,341310,341510,341710,341910,342110,345290,345490,345690,345890,346090,346290,346490,349670,349870,350070,350270,350470,350670,350870,354537,354737,354937,355137,355337,355537,355737,358918,359118,359318,359518,359718,359918,360118,363298,363498,363698,363898,364098,364298,364498,367678,367878,368078,368278,368478,368678,368878,372058,372258,372458,372658,372858,373058,373258,376438,376638,376838,377038,377238,377438,377638,380818,381018,381218,381418,381618,381818,382018,385198,385398,385598,385798,385998,386198,386398,390063,390263,390463,390663,390863,391063,391263,394442,394642,394842,395042,395242,395442,395642,398822,399022,399222,399422,399622,399822,400022,403202,403402,403602,403802,404002,404202,404402,407582,407782,407982,408182,408382,408582,408782,411962,412162,412362,412562,412762,412962,413162,416342,416542,416742,416942,417142,417342,417542,420722,420922,421122,421322,421522,421722,421922,425589,425789,425989,426189,426389,426589,426789,429970,430170,430370,430570,430770,430970,431170,434350,434550,434750,434950,435150,435350,435550,438730,438930,439130,439330,439530,439730,439930
MBARRIER_TRYWAIT,37,0,159090,159290,159490,159690,159890,160090,163470,163670,163870,164070,164270,164470,167850,168050,168250,168450,168650,168850,172717,172917,173117,173317,173517,173717,177098,177298,177498,177698,177898,178098,181478,181678,181878,182078,182278,182478,185858,186058,186258,186458,186658,186858,190238,190438,190638,190838,191038,191238,194618,194818,195018,195218,195418,195618,198998,199198,199398,199598,199798,199998,203378,203578,203778,203978,204178,204378,208243,208443,208643,208843,209043,209243,212623,212823,213023,213223,213423,213623,217003,217203,217403,217603,217803,218003,221383,221583,221783,221983,222183,222383,225763,225963,226163,226363,226563,226763,230143,230343,230543,230743,230943,231143,234523,234723,234923,235123,235323,235523,238903,239103,239303,239503,239703,239903,243770,243970,244170,244370,244570,244770,248150,248350,248550,248750,248950,249150,252530,252730,252930,253130,253330,253530,256911,257111,257311,257511,257711,257911,261291,261491,261691,261891,262091,262291,265671,265871,266071,266271,266471,266671,270051,270251,270451,270651,270851,271051,274431,274631,274831,275031,275231,275431,279298,279498,279698,279898,280098,280298,283678,283878,284078,284278,284478,284678,288058,288258,288458,288658,288858,289058,292438,292638,292838,293038,293238,293438,296818,297018,297218,297418,297618,297818,301198,301398,301598,301798,301998,302198,305578,305778,305978,306178,306378,306578,309958,310158,310358,310558,310758,310958,314823,315023,315223,315423,315623,315823,319203,319403,319603,319803,320003,320203,323583,323783,323983,324183,324383,324583,327963,328163,328363,328563,328763,328963,332343,332543,332743,332943,333143,333343,336723,336923,337123,337323,337523,337723,341103,341303,341503,341703,341903,342103,345483,345683,345883,346083,346283,346483,350350,350550,350750,350950,351150,351350,354730,354930,355130,355330,355530,355730,359110,359310,359510,359710,359910,360110,363490,363690,363890,364090,364290,364490,367870,368070,368270,368470,368670,368870,372250,372450,372650,372850,373050,373250,376630,376830,377030,377230,377430,377630,381010,381210,381410,381610,381810,382010,385875,386075,386275,386475,386675,386875,390255,390455,390655,390855,391055,391255,394635,394835,395035,395235,395435,395635,399015,399215,399415,399615,399815,400015,403395,403595,403795,403995,404195,404395,407775,407975,408175,408375,408575,408775,412155,412355,412555,412755,412955,413155,416535,416735,416935,417135,417335,417535,421401,421601,421801,422001,422201,422401,425782,425982,426182,426382,426582,426782,430162,430362,430562,430762,430962,431162,434542,434742,434942,435142,435342,435542,438922,439122,439322,439522,439722,439922
MBARRIER_TRYWAIT,37,1,158905,159105,159305,159505,159705,159905,160105,163286,163486,163686,163886,164086,164286,164486,167666,167866,168066,168266,168466,168666,168866,172533,172733,172933,173133,173333,173533,173733,176914,177114,177314,177514,177714,177914,178114,181294,181494,181694,181894,182094,182294,182494,185674,185874,186074,186274,186474,186674,186874,190054,190254,190454,190654,190854,191054,191254,194434,194634,194834,195034,195234,195434,195634,198814,199014,199214,199414,199614,199814,200014,203194,203394,203594,203794,203994,204194,204394,208060,208260,208460,208660,208860,209060,209260,212439,212639,212839,213039,213239,213439,213639,216819,217019,217219,217419,217619,217819,218019,221199,221399,221599,221799,221999,222199,222399,225579,225779,225979,226179,226379,226579,226779,229959,230159,230359,230559,230759,230959,231159,234339,234539,234739,234939,235139,235339,235539,238719,238919,239119,239319,239519,239719,239919,243586,243786,243986,244186,244386,244586,244786,247966,248166,248366,248566,248766,248966,249166,252346,252546,252746,252946,253146,253346,253546,256727,256927,257127,257327,257527,257727,257927,261108,261308,261508,261708,261908,262108,262308,265488,265688,265888,266088,266288,266488,266688,269868,270068,270268,270468,270668,270868,271068,274248,274448,274648,274848,275048,275248,275448,279114,279314,279514,279714,279914,280114,280314,283494,283694,283894,284094,284294,284494,284694,287874,288074,288274,288474,288674,288874,289074,292254,292454,292654,292854,293054,293254,293454,296634,296834,297034,297234,297434,297634,297834,301014,301214,301414,301614,301814,302014,302214,305394,305594,305794,305994,306194,306394,306594,309774,309974,310174,310374,310574,310774,310974,314640,314840,315040,315240,315440,315640,315840,319020,319220,319420,319620,319820,320020,320220,323400,323600,323800,324000,324200,324400,324600,327780,327980,328180,328380,328580,328780,328980,332160,332360,332560,332760,332960,333160,333360,336540,336740,336940,337140,337340,337540,337740,340920,341120,341320,341520,341720,341920,342120,345300,345500,345700,345900,346100,346300,346500,350166,350366,350566,350766,350966,351166,351366,354546,354746,354946,355146,355346,355546,355746,358926,359126,359326,359526,359726,359926,360126,363306,363506,363706,363906,364106,364306,364506,367686,367886,368086,368286,368486,368686,368886,372066,372266,372466,372666,372866,373066,373266,376446,376646,376846,377046,377246,377446,377646,380826,381026,381226,381426,381626,381826,382026,385692,385892,386092,386292,386492,386692,386892,390071,390271,390471,390671,390871,391071,391271,394451,394651,394851,395051,395251,395451,395651,398831,399031,399231,399431,399631,399831,400031,403211,403411,403611,403811,404011,404211,404411,407591,407791,407991,408191,408391,408591,408791,411971,412171,412371,412571,412771,412971,413171,416351,416551,416751,416951,417151,417351,417551,421217,421417,421617,421817,422017,422217,422417,425598,425798,425998,426198,426398,426598,426798,429978,430178,430378,430578,430778,430978,431178,434358,434558,434758,434958,435158,435358,435558,438738,438938,439138,439338,439538,439738,439938
MBARRIER_TRYWAIT,37,2,158901,159101,159301,159501,159701,159901,160101,163281,163481,163681,163881,164081,164281,164481,167661,167861,168061,168261,168461,168661,168861,172529,172729,172929,173129,173329,173529,173729,176909,177109,177309,177509,177709,177909,178109,181289,181489,181689,181889,182089,182289,182489,185669,185869,186069,186269,186469,186669,186869,190049,190249,190449,190649,190849,191049,191249,194429,194629,194829,195029,195229,195429,195629,198809,199009,199209,199409,199609,199809,200009,203189,203389,203589,203789,203989,204189,204389,208055,208255,208455,208655,208855,209055,209255,212434,212634,212834,213034,213234,213434,213634,216814,217014,217214,217414,217614,217814,218014,221194,221394,221594,221794,221994,222194,222394,225574,225774,225974,226174,226374,226574,226774,229954,230154,230354,230554,230754,230954,231154,234334,234534,234734,234934,235134,235334,235534,238714,238914,239114,239314,239514,239714,239914,243581,243781,243981,244181,244381,244581,244781,247961,248161,248361,248561,248761,248961,249161,252341,252541,252741,252941,253141,253341,253541,256722,256922,257122,257322,257522,257722,257922,261103,261303,261503,261703,261903,262103,262303,265483,265683,265883,266083,266283,266483,266683,269863,270063,270263,270463,270663,270863,271063,274243,274443,274643,274843,275043,275243,275443,279109,279309,279509,279709,279909,280109,280309,283489,283689,283889,284089,284289,284489,284689,287869,288069,288269,288469,288669,288869,289069,292249,292449,292649,292849,293049,293249,293449,296629,296829,297029,297229,297429,297629,297829,301009,301209,301409,301609,301809,302009,302209,305389,305589,305789,305989,306189,306389,306589,309769,309969,310169,310369,310569,310769,310969,314635,314835,315035,315235,315435,315635,315835,319015,319215,319415,319615,319815,320015,320215,323395,323595,323795,323995,324195,324395,324595,327775,327975,328175,328375,328575,328775,328975,332155,332355,332555,332755,332955,333155,333355,336535,336735,336935,337135,337335,337535,337735,340915,341115,341315,341515,341715,341915,342115,345295,345495,345695,345895,346095,346295,346495,350161,350361,350561,350761,350961,351161,351361,354541,354741,354941,355141,355341,355541,355741,358921,359121,359321,359521,359721,359921,360121,363301,363501,363701,363901,364101,364301,364501,367681,367881,368081,368281,368481,368681,368881,372061,372261,372461,372661,372861,373061,373261,376441,376641,376841,377041,377241,377441,377641,380821,381021,381221,381421,381621,381821,382021,385687,385887,386087,386287,386487,386687,386887,390066,390266,390466,390666,390866,391066,391266,394446,394646,394846,395046,395246,395446,395646,398826,399026,399226,399426,399626,399826,400026,403206,403406,403606,403806,404006,404206,404406,407586,407786,407986,408186,408386,408586,408786,411966,412166,412366,412566,412766,412966,413166,416346,416546,416746,416946,417146,417346,417546,421213,421413,421613,421813,422013,422213,422413,425593,425793,425993,426193,426393,426593,426793,429973,430173,430373,430573,430773,430973,431173,434353,434553,434753,434953,435153,435353,435553,438733,438933,439133,439333,439533,439733,439933
MBARRIER_TRYWAIT,37,3,158902,159102,159302,159502,159702,159902,160102,163282,163482,163682,163882,164082,164282,164482,167662,167862,168062,168262,168462,168662,168862,172529,172729,172929,173129,173329,173529,173729,176910,177110,177310,177510,177710,177910,178110,181290,181490,181690,181890,182090,182290,182490,185670,185870,186070,186270,186470,186670,186870,190050,190250,190450,190650,190850,191050,191250,194430,194630,194830,195030,195230,195430,195630,198810,199010,199210,199410,199610,199810,200010,203190,203390,203590,203790,203990,204190,204390,208055,208255,208455,208655,208855,209055,209255,212434,212634,212834,213034,213234,213434,213634,216814,217014,217214,217414,217614,217814,218014,221194,221394,221594,221794,221994,222194,222394,225574,225774,225974,226174,226374,226574,226774,229954,230154,230354,230554,230754,230954,231154,234334,234534,234734,234934,235134,235334,235534,238714,238914,239114,239314,239514,239714,239914,243582,243782,243982,244182,244382,244582,244782,247962,248162,248362,248562,248762,248962,249162,252342,252542,252742,252942,253142,253342,253542,256722,256922,257122,257322,257522,257722,257922,261103,261303,261503,261703,261903,262103,262303,265483,265683,265883,266083,266283,266483,266683,269863,270063,270263,270463,270663,270863,271063,274243,274443,274643,274843,275043,275243,275443,279110,279310,279510,279710,279910,280110,280310,283490,283690,283890,284090,284290,284490,284690,287870,288070,288270,288470,288670,288870,289070,292250,292450,292650,292850,293050,293250,293450,296630,296830,297030,297230,297430,297630,297830,301010,301210,301410,301610,301810,302010,302210,305390,305590,305790,305990,306190,306390,306590,309770,309970,310170,310370,310570,310770,310970,314635,314835,315035,315235,315435,315635,315835,319015,319215,319415,319615,319815,320015,320215,323395,323595,323795,323995,324195,324395,324595,327775,327975,328175,328375,328575,328775,328975,332155,332355,332555,332755,332955,333155,333355,336535,336735,336935,337135,337335,337535,337735,340915,341115,341315,341515,341715,341915,342115,345295,345495,345695,345895,346095,346295,346495,350162,350362,350562,350762,350962,351162,351362,354542,354742,354942,355142,355342,355542,355742,358922,359122,359322,359522,359722,359922,360122,363302,363502,363702,363902,364102,364302,364502,367682,367882,368082,368282,368482,368682,368882,372062,372262,372462,372662,372862,373062,373262,376442,376642,376842,377042,377242,377442,377642,380822,381022,381222,381422,381622,381822,382022,385687,385887,386087,386287,386487,386687,386887,390066,390266,390466,390666,390866,391066,391266,394446,394646,394846,395046,395246,395446,395646,398826,399026,399226,399426,399626,399826,400026,403206,403406,403606,403806,404006,404206,404406,407586,407786,407986,408186,408386,408586,408786,411966,412166,412366,412566,412766,412966,413166,416346,416546,416746,416946,417146,417346,417546,421213,421413,421613,421813,422013,422213,422413,425594,425794,425994,426194,426394,426594,426794,429974,430174,430374,430574,430774,430974,431174,434354,434554,434754,434954,435154,435354,435554,438734,438934,439134,439334,439534,439734,439934
MBARRIER_TRYWAIT,38,0,159090,159290,159490,159690,159890,160090,163470,163670,163870,164070,164270,164470,168335,168535,168735,168935,169135,169335,172715,172915,173115,173315,173515,173715,177095,177295,177495,177695,177895,178095,181475,181675,181875,182075,182275,182475,185855,186055,186255,186455,186655,186855,190235,190435,190635,190835,191035,191235,194615,194815,195015,195215,195415,195615,198995,199195,199395,199595,199795,199995,203862,204062,204262,204462,204662,204862,208242,208442,208642,208842,209042,209242,212622,212822,213022,213222,213422,213622,217002,217202,217402,217602,217802,218002,221382,221582,221782,221982,222182,222382,225762,225962,226162,226362,226562,226762,230142,230342,230542,230742,230942,231142,234522,234722,234922,235122,235322,235522,239387,239587,239787,239987,240187,240387,243767,243967,244167,244367,244567,244767,248147,248347,248547,248747,248947,249147,252527,252727,252927,253127,253327,253527,256907,257107,257307,257507,257707,257907,261287,261487,261687,261887,262087,262287,265667,265867,266067,266267,266467,266667,270047,270247,270447,270647,270847,271047,274913,275113,275313,275513,275713,275913,279294,279494,279694,279894,280094,280294,283674,283874,284074,284274,284474,284674,288054,288254,288454,288654,288854,289054,292434,292634,292834,293034,293234,293434,296814,297014,297214,297414,297614,297814,301194,301394,301594,301794,301994,302194,305574,305774,305974,306174,306374,306574,310441,310641,310841,311041,311241,311441,314822,315022,315222,315422,315622,315822,319202,319402,319602,319802,320002,320202,323582,323782,323982,324182,324382,324582,327962,328162,328362,328562,328762,328962,332342,332542,332742,332942,333142,333342,336722,336922,337122,337322,337522,337722,341102,341302,341502,341702,341902,342102,345967,346167,346367,346567,346767,346967,350347,350547,350747,350947,351147,351347,354727,354927,355127,355327,355527,355727,359107,359307,359507,359707,359907,360107,363487,363687,363887,364087,364287,364487,367867,368067,368267,368467,368667,368867,372247,372447,372647,372847,373047,373247,376627,376827,377027,377227,377427,377627,381493,381693,381893,382093,382293,382493,385874,386074,386274,386474,386674,386874,390254,390454,390654,390854,391054,391254,394635,394835,395035,395235,395435,395635,399015,399215,399415,399615,399815,400015,403395,403595,403795,403995,404195,404395,407775,407975,408175,408375,408575,408775,412155,412355,412555,412755,412955,413155,417021,417221,417421,417621,417821,418021,421402,421602,421802,422002,422202,422402,425782,425982,426182,426382,426582,426782,430162,430362,430562,430762,430962,431162,434542,434742,434942,435142,435342,435542,438922,439122,439322,439522,439722,439922
MBARRIER_TRYWAIT,38,1,158905,159105,159305,159505,159705,159905,160105,163286,163486,163686,163886,164086,164286,164486,168152,168352,168552,168752,168952,169152,169352,172531,172731,172931,173131,173331,173531,173731,176911,177111,177311,177511,177711,177911,178111,181291,181491,181691,181891,182091,182291,182491,185671,185871,186071,186271,186471,186671,186871,190051,190251,190451,190651,190851,191051,191251,194431,194631,194831,195031,195231,195431,195631,198811,199011,199211,199411,199611,199811,200011,203678,203878,204078,204278,204478,204678,204878,208058,208258,208458,208658,208858,209058,209258,212438,212638,212838,213038,213238,213438,213638,216818,217018,217218,217418,217618,217818,218018,221198,221398,221598,221798,221998,222198,222398,225578,225778,225978,226178,226378,226578,226778,229958,230158,230358,230558,230758,230958,231158,234338,234538,234738,234938,235138,235338,235538,239204,239404,239604,239804,240004,240204,240404,243583,243783,243983,244183,244383,244583,244783,247963,248163,248363,248563,248763,248963,249163,252343,252543,252743,252943,253143,253343,253543,256723,256923,257123,257323,257523,257723,257923,261103,261303,261503,261703,261903,262103,262303,265483,265683,265883,266083,266283,266483,266683,269863,270063,270263,270463,270663,270863,271063,274729,274929,275129,275329,275529,275729,275929,279110,279310,279510,279710,279910,280110,280310,283490,283690,283890,284090,284290,284490,284690,287870,288070,288270,288470,288670,288870,289070,292250,292450,292650,292850,293050,293250,293450,296630,296830,297030,297230,297430,297630,297830,301010,301210,301410,301610,301810,302010,302210,305390,305590,305790,305990,306190,306390,306590,310257,310457,310657,310857,311057,311257,311457,314638,314838,315038,315238,315438,315638,315838,319018,319218,319418,319618,319818,320018,320218,323398,323598,323798,323998,324198,324398,324598,327778,327978,328178,328378,328578,328778,328978,332158,332358,332558,332758,332958,333158,333358,336538,336738,336938,337138,337338,337538,337738,340918,341118,341318,341518,341718,341918,342118,345784,345984,346184,346384,346584,346784,346984,350163,350363,350563,350763,350963,351163,351363,354543,354743,354943,355143,355343,355543,355743,358923,359123,359323,359523,359723,359923,360123,363303,363503,363703,363903,364103,364303,364503,367683,367883,368083,368283,368483,368683,368883,372063,372263,372463,372663,372863,373063,373263,376443,376643,376843,377043,377243,377443,377643,381309,381509,381709,381909,382109,382309,382509,385690,385890,386090,386290,386490,386690,386890,390070,390270,390470,390670,390870,391070,391270,394451,394651,394851,395051,395251,395451,395651,398832,399032,399232,399432,399632,399832,400032,403212,403412,403612,403812,404012,404212,404412,407592,407792,407992,408192,408392,408592,408792,411972,412172,412372,412572,412772,412972,413172,416837,417037,417237,417437,417637,417837,418037,421218,421418,421618,421818,422018,422218,422418,425598,425798,425998,426198,426398,426598,426798,429978,430178,430378,430578,430778,430978,431178,434358,434558,434758,434958,435158,435358,435558,438738,438938,439138,439338,439538,439738,439938
MBARRIER_TRYWAIT,38,2,158901,159101,159301,159501,159701,159901,160101,163281,163481,163681,163881,164081,164281,164481,168147,168347,168547,168747,168947,169147,169347,172526,172726,172926,173126,173326,173526,173726,176906,177106,177306,177506,177706,177906,178106,181286,181486,181686,181886,182086,182286,182486,185666,185866,186066,186266,186466,186666,186866,190046,190246,190446,190646,190846,191046,191246,194426,194626,194826,195026,195226,195426,195626,198806,199006,199206,199406,199606,199806,200006,203673,203873,204073,204273,204473,204673,204873,208053,208253,208453,208653,208853,209053,209253,212433,212633,212833,213033,213233,213433,213633,216813,217013,217213,217413,217613,217813,218013,221193,221393,221593,221793,221993,222193,222393,225573,225773,225973,226173,226373,226573,226773,229953,230153,230353,230553,230753,230953,231153,234333,234533,234733,234933,235133,235333,235533,239199,239399,239599,239799,239999,240199,240399,243578,243778,243978,244178,244378,244578,244778,247958,248158,248358,248558,248758,248958,249158,252338,252538,252738,252938,253138,253338,253538,256718,256918,257118,257318,257518,257718,257918,261098,261298,261498,261698,261898,262098,262298,265478,265678,265878,266078,266278,266478,266678,269858,270058,270258,270458,270658,270858,271058,274725,274925,275125,275325,275525,275725,275925,279105,279305,279505,279705,279905,280105,280305,283485,283685,283885,284085,284285,284485,284685,287865,288065,288265,288465,288665,288865,289065,292245,292445,292645,292845,293045,293245,293445,296625,296825,297025,297225,297425,297625,297825,301005,301205,301405,301605,301805,302005,302205,305385,305585,305785,305985,306185,306385,306585,310253,310453,310653,310853,311053,311253,311453,314633,314833,315033,315233,315433,315633,315833,319013,319213,319413,319613,319813,320013,320213,323393,323593,323793,323993,324193,324393,324593,327773,327973,328173,328373,328573,328773,328973,332153,332353,332553,332753,332953,333153,333353,336533,336733,336933,337133,337333,337533,337733,340913,341113,341313,341513,341713,341913,342113,345779,345979,346179,346379,346579,346779,346979,350158,350358,350558,350758,350958,351158,351358,354538,354738,354938,355138,355338,355538,355738,358918,359118,359318,359518,359718,359918,360118,363298,363498,363698,363898,364098,364298,364498,367678,367878,368078,368278,368478,368678,368878,372058,372258,372458,372658,372858,373058,373258,376438,376638,376838,377038,377238,377438,377638,381305,381505,381705,381905,382105,382305,382505,385685,385885,386085,386285,386485,386685,386885,390065,390265,390465,390665,390865,391065,391265,394446,394646,394846,395046,395246,395446,395646,398827,399027,399227,399427,399627,399827,400027,403207,403407,403607,403807,404007,404207,404407,407587,407787,407987,408187,408387,408587,408787,411967,412167,412367,412567,412767,412967,413167,416833,417033,417233,417433,417633,417833,418033,421213,421413,421613,421813,422013,422213,422413,425593,425793,425993,426193,426393,426593,426793,429973,430173,430373,430573,430773,430973,431173,434353,434553,434753,434953,435153,435353,435553,438733,438933,439133,439333,439533,439733,439933
MBARRIER_TRYWAIT,38,3,158902,159102,159302,159502,159702,159902,160102,163282,163482,163682,163882,164082,164282,164482,168147,168347,168547,168747,168947,169147,169347,172526,172726,172926,173126,173326,173526,173726,176906,177106,177306,177506,177706,177906,178106,181286,181486,181686,181886,182086,182286,182486,185666,185866,186066,186266,186466,186666,186866,190046,190246,190446,190646,190846,191046,191246,194426,194626,194826,195026,195226,195426,195626,198806,199006,199206,199406,199606,199806,200006,203674,203874,204074,204274,204474,204674,204874,208054,208254,208454,208654,208854,209054,209254,212434,212634,212834,213034,213234,213434,213634,216814,217014,217214,217414,217614,217814,218014,221194,221394,221594,221794,221994,222194,222394,225574,225774,225974,226174,226374,226574,226774,229954,230154,230354,230554,230754,230954,231154,234334,234534,234734,234934,235134,235334,235534,239199,239399,239599,239799,239999,240199,240399,243578,243778,243978,244178,244378,244578,244778,247958,248158,248358,248558,248758,248958,249158,252338,252538,252738,252938,253138,253338,253538,256718,256918,257118,257318,257518,257718,257918,261098,261298,261498,261698,261898,262098,262298,265478,265678,265878,266078,266278,266478,266678,269858,270058,270258,270458,270658,270858,271058,274725,274925,275125,275325,275525,275725,275925,279106,279306,279506,279706,279906,280106,280306,283486,283686,283886,284086,284286,284486,284686,287866,288066,288266,288466,288666,288866,289066,292246,292446,292646,292846,293046,293246,293446,296626,296826,297026,297226,297426,297626,297826,301006,301206,301406,301606,301806,302006,302206,305386,305586,305786,305986,306186,306386,306586,310253,310453,310653,310853,311053,311253,311453,314634,314834,315034,315234,315434,315634,315834,319014,319214,319414,319614,319814,320014,320214,323394,323594,323794,323994,324194,324394,324594,327774,327974,328174,328374,328574,328774,328974,332154,332354,332554,332754,332954,333154,333354,336534,336734,336934,337134,337334,337534,337734,340914,341114,341314,341514,341714,341914,342114,345779,345979,346179,346379,346579,346779,346979,350158,350358,350558,350758,350958,351158,351358,354538,354738,354938,355138,355338,355538,355738,358918,359118,359318,359518,359718,359918,360118,363298,363498,363698,363898,364098,364298,364498,367678,367878,368078,368278,368478,368678,368878,372058,372258,372458,372658,372858,373058,373258,376438,376638,376838,377038,377238,377438,377638,381305,381505,381705,381905,382105,382305,382505,385686,385886,386086,386286,386486,386686,386886,390066,390266,390466,390666,390866,391066,391266,394446,394646,394846,395046,395246,395446,395646,398827,399027,399227,399427,399627,399827,400027,403207,403407,403607,403807,404007,404207,404407,407587,407787,407987,408187,408387,408587,408787,411967,412167,412367,412567,412767,412967,413167,416833,417033,417233,417433,417633,417833,418033,421214,421414,421614,421814,422014,422214,422414,425594,425794,425994,426194,426394,426594,426794,429974,430174,430374,430574,430774,430974,431174,434354,434554,434754,434954,435154,435354,435554,438734,438934,439134,439334,439534,439734,439934
MBARRIER_TRYWAIT,39,0,159090,159290,159490,159690,159890,160090,163955,164155,164355,164555,164755,164955,168335,168535,168735,168935,169135,169335,172715,172915,173115,173315,173515,173715,177095,177295,177495,177695,177895,178095,181475,181675,181875,182075,182275,182475,185855,186055,186255,186455,186655,186855,190235,190435,190635,190835,191035,191235,194615,194815,195015,195215,195415,195615,199481,199681,199881,200081,200281,200481,203862,204062,204262,204462,204662,204862,208242,208442,208642,208842,209042,209242,212622,212822,213022,213222,213422,213622,217002,217202,217402,217602,217802,218002,221382,221582,221782,221982,222182,222382,225762,225962,226162,226362,226562,226762,230142,230342,230542,230742,230942,231142,235009,235209,235409,235609,235809,236009,239390,239590,239790,239990,240190,240390,243770,243970,244170,244370,244570,244770,248150,248350,248550,248750,248950,249150,252530,252730,252930,253130,253330,253530,256910,257110,257310,257510,257710,257910,261290,261490,261690,261890,262090,262290,265670,265870,266070,266270,266470,266670,270538,270738,270938,271138,271338,271538,274918,275118,275318,275518,275718,275918,279298,279498,279698,279898,280098,280298,283678,283878,284078,284278,284478,284678,288058,288258,288458,288658,288858,289058,292438,292638,292838,293038,293238,293438,296818,297018,297218,297418,297618,297818,301198,301398,301598,301798,301998,302198,306065,306265,306465,306665,306865,307065,310446,310646,310846,311046,311246,311446,314826,315026,315226,315426,315626,315826,319206,319406,319606,319806,320006,320206,323586,323786,323986,324186,324386,324586,327966,328166,328366,328566,328766,328966,332346,332546,332746,332946,333146,333346,336726,336926,337126,337326,337526,337726,341591,341791,341991,342191,342391,342591,345971,346171,346371,346571,346771,346971,350351,350551,350751,350951,351151,351351,354731,354931,355131,355331,355531,355731,359111,359311,359511,359711,359911,360111,363491,363691,363891,364091,364291,364491,367871,368071,368271,368471,368671,368871,372251,372451,372651,372851,373051,373251,377117,377317,377517,377717,377917,378117,381498,381698,381898,382098,382298,382498,385878,386078,386278,386478,386678,386878,390258,390458,390658,390858,391058,391258,394638,394838,395038,395238,395438,395638,399018,399218,399418,399618,399818,400018,403398,403598,403798,403998,404198,404398,407778,407978,408178,408378,408578,408778,412643,412843,413043,413243,413443,413643,417023,417223,417423,417623,417823,418023,421403,421603,421803,422003,422203,422403,425783,425983,426183,426383,426583,426783,430163,430363,430563,430763,430963,431163,434543,434743,434943,435143,435343,435543,438923,439123,439323,439523,439723,439923
MBARRIER_TRYWAIT,39,1,158905,159105,159305,159505,159705,159905,160105,163772,163972,164172,164372,164572,164772,164972,168151,168351,168551,168751,168951,169151,169351,172531,172731,172931,173131,173331,173531,173731,176911,177111,177311,177511,177711,177911,178111,181291,181491,181691,181891,182091,182291,182491,185671,185871,186071,186271,186471,186671,186871,190051,190251,190451,190651,190851,191051,191251,194431,194631,194831,195031,195231,195431,195631,199297,199497,199697,199897,200097,200297,200497,203678,203878,204078,204278,204478,204678,204878,208058,208258,208458,208658,208858,209058,209258,212438,212638,212838,213038,213238,213438,213638,216818,217018,217218,217418,217618,217818,218018,221198,221398,221598,221798,221998,222198,222398,225578,225778,225978,226178,226378,226578,226778,229958,230158,230358,230558,230758,230958,231158,234825,235025,235225,235425,235625,235825,236025,239206,239406,239606,239806,240006,240206,240406,243586,243786,243986,244186,244386,244586,244786,247966,248166,248366,248566,248766,248966,249166,252346,252546,252746,252946,253146,253346,253546,256726,256926,257126,257326,257526,257726,257926,261106,261306,261506,261706,261906,262106,262306,265486,265686,265886,266086,266286,266486,266686,270354,270554,270754,270954,271154,271354,271554,274734,274934,275134,275334,275534,275734,275934,279114,279314,279514,279714,279914,280114,280314,283494,283694,283894,284094,284294,284494,284694,287874,288074,288274,288474,288674,288874,289074,292254,292454,292654,292854,293054,293254,293454,296634,296834,297034,297234,297434,297634,297834,301014,301214,301414,301614,301814,302014,302214,305881,306081,306281,306481,306681,306881,307081,310262,310462,310662,310862,311062,311262,311462,314642,314842,315042,315242,315442,315642,315842,319022,319222,319422,319622,319822,320022,320222,323402,323602,323802,324002,324202,324402,324602,327782,327982,328182,328382,328582,328782,328982,332162,332362,332562,332762,332962,333162,333362,336542,336742,336942,337142,337342,337542,337742,341408,341608,341808,342008,342208,342408,342608,345787,345987,346187,346387,346587,346787,346987,350167,350367,350567,350767,350967,351167,351367,354547,354747,354947,355147,355347,355547,355747,358927,359127,359327,359527,359727,359927,360127,363307,363507,363707,363907,364107,364307,364507,367687,367887,368087,368287,368487,368687,368887,372067,372267,372467,372667,372867,373067,373267,376933,377133,377333,377533,377733,377933,378133,381314,381514,381714,381914,382114,382314,382514,385694,385894,386094,386294,386494,386694,386894,390074,390274,390474,390674,390874,391074,391274,394454,394654,394854,395054,395254,395454,395654,398834,399034,399234,399434,399634,399834,400034,403214,403414,403614,403814,404014,404214,404414,407594,407794,407994,408194,408394,408594,408794,412460,412660,412860,413060,413260,413460,413660,416839,417039,417239,417439,417639,417839,418039,421219,421419,421619,421819,422019,422219,422419,425599,425799,425999,426199,426399,426599,426799,429979,430179,430379,430579,430779,430979,431179,434359,434559,434759,434959,435159,435359,435559,438739,438939,439139,439339,439539,439739,439939
MBARRIER_TRYWAIT,39,2,158901,159101,159301,159501,159701,159901,160101,163767,163967,164167,164367,164567,164767,164967,168146,168346,168546,168746,168946,169146,169346,172526,172726,172926,173126,173326,173526,173726,176906,177106,177306,177506,177706,177906,178106,181286,181486,181686,181886,182086,182286,182486,185666,185866,186066,186266,186466,186666,186866,190046,190246,190446,190646,190846,191046,191246,194426,194626,194826,195026,195226,195426,195626,199293,199493,199693,199893,200093,200293,200493,203673,203873,204073,204273,204473,204673,204873,208053,208253,208453,208653,208853,209053,209253,212433,212633,212833,213033,213233,213433,213633,216813,217013,217213,217413,217613,217813,218013,221193,221393,221593,221793,221993,222193,222393,225573,225773,225973,226173,226373,226573,226773,229953,230153,230353,230553,230753,230953,231153,234821,235021,235221,235421,235621,235821,236021,239201,239401,239601,239801,240001,240201,240401,243581,243781,243981,244181,244381,244581,244781,247961,248161,248361,248561,248761,248961,249161,252341,252541,252741,252941,253141,253341,253541,256721,256921,257121,257321,257521,257721,257921,261101,261301,261501,261701,261901,262101,262301,265481,265681,265881,266081,266281,266481,266681,270349,270549,270749,270949,271149,271349,271549,274729,274929,275129,275329,275529,275729,275929,279109,279309,279509,279709,279909,280109,280309,283489,283689,283889,284089,284289,284489,284689,287869,288069,288269,288469,288669,288869,289069,292249,292449,292649,292849,293049,293249,293449,296629,296829,297029,297229,297429,297629,297829,301009,301209,301409,301609,301809,302009,302209,305877,306077,306277,306477,306677,306877,307077,310257,310457,310657,310857,311057,311257,311457,314637,314837,315037,315237,315437,315637,315837,319017,319217,319417,319617,319817,320017,320217,323397,323597,323797,323997,324197,324397,324597,327777,327977,328177,328377,328577,328777,328977,332157,332357,332557,332757,332957,333157,333357,336537,336737,336937,337137,337337,337537,337737,341403,341603,341803,342003,342203,342403,342603,345782,345982,346182,346382,346582,346782,346982,350162,350362,350562,350762,350962,351162,351362,354542,354742,354942,355142,355342,355542,355742,358922,359122,359322,359522,359722,359922,360122,363302,363502,363702,363902,364102,364302,364502,367682,367882,368082,368282,368482,368682,368882,372062,372262,372462,372662,372862,373062,373262,376929,377129,377329,377529,377729,377929,378129,381309,381509,381709,381909,382109,382309,382509,385689,385889,386089,386289,386489,386689,386889,390069,390269,390469,390669,390869,391069,391269,394449,394649,394849,395049,395249,395449,395649,398829,399029,399229,399429,399629,399829,400029,403209,403409,403609,403809,404009,404209,404409,407589,407789,407989,408189,408389,408589,408789,412455,412655,412855,413055,413255,413455,413655,416834,417034,417234,417434,417634,417834,418034,421214,421414,421614,421814,422014,422214,422414,425594,425794,425994,426194,426394,426594,426794,429974,430174,430374,430574,430774,430974,431174,434354,434554,434754,434954,435154,435354,435554,438734,438934,439134,439334,439534,439734,439934
MBARRIER_TRYWAIT,39,3,158902,159102,159302,159502,159702,159902,160102,163767,163967,164167,164367,164567,164767,164967,168146,168346,168546,168746,168946,169146,169346,172526,172726,172926,173126,173326,173526,173726,176906,177106,177306,177506,177706,177906,178106,181286,181486,181686,181886,182086,182286,182486,185666,185866,186066,186266,186466,186666,186866,190046,190246,190446,190646,190846,191046,191246,194426,194626,194826,195026,195226,195426,195626,199293,199493,199693,199893,200093,200293,200493,203674,203874,204074,204274,204474,204674,204874,208054,208254,208454,208654,208854,209054,209254,212434,212634,212834,213034,213234,213434,213634,216814,217014,217214,217414,217614,217814,218014,221194,221394,221594,221794,221994,222194,222394,225574,225774,225974,226174,226374,226574,226774,229954,230154,230354,230554,230754,230954,231154,234821,235021,235221,235421,235621,235821,236021,239202,239402,239602,239802,240002,240202,240402,243582,243782,243982,244182,244382,244582,244782,247962,248162,248362,248562,248762,248962,249162,252342,252542,252742,252942,253142,253342,253542,256722,256922,257122,257322,257522,257722,257922,261102,261302,261502,261702,261902,262102,262302,265482,265682,265882,266082,266282,266482,266682,270350,270550,270750,270950,271150,271350,271550,274730,274930,275130,275330,275530,275730,275930,279110,279310,279510,279710,279910,280110,280310,283490,283690,283890,284090,284290,284490,284690,287870,288070,288270,288470,288670,288870,289070,292250,292450,292650,292850,293050,293250,293450,296630,296830,297030,297230,297430,297630,297830,301010,301210,301410,301610,301810,302010,302210,305877,306077,306277,306477,306677,306877,307077,310258,310458,310658,310858,311058,311258,311458,314638,314838,315038,315238,315438,315638,315838,319018,319218,319418,319618,319818,320018,320218,323398,323598,323798,323998,324198,324398,324598,327778,327978,328178,328378,328578,328778,328978,332158,332358,332558,332758,332958,333158,333358,336538,336738,336938,337138,337338,337538,337738,341403,341603,341803,342003,342203,342403,342603,345782,345982,346182,346382,346582,346782,346982,350162,350362,350562,350762,350962,351162,351362,354542,354742,354942,355142,355342,355542,355742,358922,359122,359322,359522,359722,359922,360122,363302,363502,363702,363902,364102,364302,364502,367682,367882,368082,368282,368482,368682,368882,372062,372262,372462,372662,372862,373062,373262,376929,377129,377329,377529,377729,377929,378129,381310,381510,381710,381910,382110,382310,382510,385690,385890,386090,386290,386490,386690,386890,390070,390270,390470,390670,390870,391070,391270,394450,394650,394850,395050,395250,395450,395650,398830,399030,399230,399430,399630,399830,400030,403210,403410,403610,403810,404010,404210,404410,407590,407790,407990,408190,408390,408590,408790,412455,412655,412855,413055,413255,413455,413655,416834,417034,417234,417434,417634,417834,418034,421214,421414,421614,421814,422014,422214,422414,425594,425794,425994,426194,426394,426594,426794,429974,430174,430374,430574,430774,430974,431174,434354,434554,434754,434954,435154,435354,435554,438734,438934,439134,439334,439534,439734,439934
MBARRIER_TRYWAIT,40,0,159090,159290,159490,159690,159890,160090,163470,163670,163870,164070,164270,164470,167850,168050,168250,168450,168650,168850,172230,172430,172630,172830,173030,173230,176610,176810,177010,177210,177410,177610,180990,181190,181390,181590,181790,181990,185370,185570,185770,185970,186170,186370,189750,189950,190150,190350,190550,190750,194615,194815,195015,195215,195415,195615,198995,199195,199395,199595,199795,199995,203375,203575,203775,203975,204175,204375,207755,207955,208155,208355,208555,208755,212135,212335,212535,212735,212935,213135,216515,216715,216915,217115,217315,217515,220895,221095,221295,221495,221695,221895,225275,225475,225675,225875,226075,226275,230141,230341,230541,230741,230941,231141,234522,234722,234922,235122,235322,235522,238902,239102,239302,239502,239702,239902,243282,243482,243682,243882,244082,244282,247662,247862,248062,248262,248462,248662,252042,252242,252442,252642,252842,253042,256422,256622,256822,257022,257222,257422,260802,261002,261202,261402,261602,261802,265667,265867,266067,266267,266467,266667,270047,270247,270447,270647,270847,271047,274427,274627,274827,275027,275227,275427,278807,279007,279207,279407,279607,279807,283187,283387,283587,283787,283987,284187,287567,287767,287967,288167,288367,288567,291947,292147,292347,292547,292747,292947,296327,296527,296727,296927,297127,297327,301193,301393,301593,301793,301993,302193,305574,305774,305974,306174,306374,306574,309954,310154,310354,310554,310754,310954,314334,314534,314734,314934,315134,315334,318714,318914,319114,319314,319514,319714,323094,323294,323494,323694,323894,324094,327474,327674,327874,328074,328274,328474,331854,332054,332254,332454,332654,332854,336719,336919,337119,337319,337519,337719,341099,341299,341499,341699,341899,342099,345479,345679,345879,346079,346279,346479,349859,350059,350259,350459,350659,350859,354239,354439,354639,354839,355039,355239,358619,358819,359019,359219,359419,359619,362999,363199,363399,363599,363799,363999,367379,367579,367779,367979,368179,368379,372245,372445,372645,372845,373045,373245,376626,376826,377026,377226,377426,377626,381006,381206,381406,381606,381806,382006,385386,385586,385786,385986,386186,386386,389766,389966,390166,390366,390566,390766,394146,394346,394546,394746,394946,395146,398526,398726,398926,399126,399326,399526,402906,403106,403306,403506,403706,403906,407771,407971,408171,408371,408571,408771,412151,412351,412551,412751,412951,413151,416531,416731,416931,417131,417331,417531,420911,421111,421311,421511,421711,421911,425291,425491,425691,425891,426091,426291,429671,429871,430071,430271,430471,430671,434051,434251,434451,434651,434851,435051,438431,438631,438831,439031,439231,439431
MBARRIER_TRYWAIT,40,1,158905,159105,159305,159505,159705,159905,160105,163286,163486,163686,163886,164086,164286,164486,167666,167866,168066,168266,168466,168666,168866,172046,172246,172446,172646,172846,173046,173246,176426,176626,176826,177026,177226,177426,177626,180806,181006,181206,181406,181606,181806,182006,185186,185386,185586,185786,185986,186186,186386,189566,189766,189966,190166,190366,190566,190766,194432,194632,194832,195032,195232,195432,195632,198811,199011,199211,199411,199611,199811,200011,203191,203391,203591,203791,203991,204191,204391,207571,207771,207971,208171,208371,208571,208771,211951,212151,212351,212551,212751,212951,213151,216331,216531,216731,216931,217131,217331,217531,220711,220911,221111,221311,221511,221711,221911,225091,225291,225491,225691,225891,226091,226291,229957,230157,230357,230557,230757,230957,231157,234338,234538,234738,234938,235138,235338,235538,238718,238918,239118,239318,239518,239718,239918,243098,243298,243498,243698,243898,244098,244298,247478,247678,247878,248078,248278,248478,248678,251858,252058,252258,252458,252658,252858,253058,256238,256438,256638,256838,257038,257238,257438,260618,260818,261018,261218,261418,261618,261818,265484,265684,265884,266084,266284,266484,266684,269863,270063,270263,270463,270663,270863,271063,274243,274443,274643,274843,275043,275243,275443,278623,278823,279023,279223,279423,279623,279823,283003,283203,283403,283603,283803,284003,284203,287383,287583,287783,287983,288183,288383,288583,291763,291963,292163,292363,292563,292763,292963,296143,296343,296543,296743,296943,297143,297343,301009,301209,301409,301609,301809,302009,302209,305390,305590,305790,305990,306190,306390,306590,309770,309970,310170,310370,310570,310770,310970,314150,314350,314550,314750,314950,315150,315350,318530,318730,318930,319130,319330,319530,319730,322910,323110,323310,323510,323710,323910,324110,327290,327490,327690,327890,328090,328290,328490,331670,331870,332070,332270,332470,332670,332870,336536,336736,336936,337136,337336,337536,337736,340915,341115,341315,341515,341715,341915,342115,345295,345495,345695,345895,346095,346295,346495,349675,349875,350075,350275,350475,350675,350875,354055,354255,354455,354655,354855,355055,355255,358435,358635,358835,359035,359235,359435,359635,362815,363015,363215,363415,363615,363815,364015,367195,367395,367595,367795,367995,368195,368395,372061,372261,372461,372661,372861,373061,373261,376442,376642,376842,377042,377242,377442,377642,380822,381022,381222,381422,381622,381822,382022,385202,385402,385602,385802,386002,386202,386402,389582,389782,389982,390182,390382,390582,390782,393962,394162,394362,394562,394762,394962,395162,398342,398542,398742,398942,399142,399342,399542,402722,402922,403122,403322,403522,403722,403922,407588,407788,407988,408188,408388,408588,408788,411967,412167,412367,412567,412767,412967,413167,416347,416547,416747,416947,417147,417347,417547,420727,420927,421127,421327,421527,421727,421927,425107,425307,425507,425707,425907,426107,426307,429487,429687,429887,430087,430287,430487,430687,433867,434067,434267,434467,434667,434867,435067,438247,438447,438647,438847,439047,439247,439447
MBARRIER_TRYWAIT,40,2,158901,159101,159301,159501,159701,159901,160101,163281,163481,163681,163881,164081,164281,164481,167661,167861,168061,168261,168461,168661,168861,172041,172241,172441,172641,172841,173041,173241,176421,176621,176821,177021,177221,177421,177621,180801,181001,181201,181401,181601,181801,182001,185181,185381,185581,185781,185981,186181,186381,189561,189761,189961,190161,190361,190561,190761,194427,194627,194827,195027,195227,195427,195627,198806,199006,199206,199406,199606,199806,200006,203186,203386,203586,203786,203986,204186,204386,207566,207766,207966,208166,208366,208566,208766,211946,212146,212346,212546,212746,212946,213146,216326,216526,216726,216926,217126,217326,217526,220706,220906,221106,221306,221506,221706,221906,225086,225286,225486,225686,225886,226086,226286,229953,230153,230353,230553,230753,230953,231153,234333,234533,234733,234933,235133,235333,235533,238713,238913,239113,239313,239513,239713,239913,243093,243293,243493,243693,243893,244093,244293,247473,247673,247873,248073,248273,248473,248673,251853,252053,252253,252453,252653,252853,253053,256233,256433,256633,256833,257033,257233,257433,260613,260813,261013,261213,261413,261613,261813,265479,265679,265879,266079,266279,266479,266679,269858,270058,270258,270458,270658,270858,271058,274238,274438,274638,274838,275038,275238,275438,278618,278818,279018,279218,279418,279618,279818,282998,283198,283398,283598,283798,283998,284198,287378,287578,287778,287978,288178,288378,288578,291758,291958,292158,292358,292558,292758,292958,296138,296338,296538,296738,296938,297138,297338,301005,301205,301405,301605,301805,302005,302205,305385,305585,305785,305985,306185,306385,306585,309765,309965,310165,310365,310565,310765,310965,314145,314345,314545,314745,314945,315145,315345,318525,318725,318925,319125,319325,319525,319725,322905,323105,323305,323505,323705,323905,324105,327285,327485,327685,327885,328085,328285,328485,331665,331865,332065,332265,332465,332665,332865,336531,336731,336931,337131,337331,337531,337731,340910,341110,341310,341510,341710,341910,342110,345290,345490,345690,345890,346090,346290,346490,349670,349870,350070,350270,350470,350670,350870,354050,354250,354450,354650,354850,355050,355250,358430,358630,358830,359030,359230,359430,359630,362810,363010,363210,363410,363610,363810,364010,367190,367390,367590,367790,367990,368190,368390,372057,372257,372457,372657,372857,373057,373257,376437,376637,376837,377037,377237,377437,377637,380817,381017,381217,381417,381617,381817,382017,385197,385397,385597,385797,385997,386197,386397,389577,389777,389977,390177,390377,390577,390777,393957,394157,394357,394557,394757,394957,395157,398337,398537,398737,398937,399137,399337,399537,402717,402917,403117,403317,403517,403717,403917,407583,407783,407983,408183,408383,408583,408783,411962,412162,412362,412562,412762,412962,413162,416342,416542,416742,416942,417142,417342,417542,420722,420922,421122,421322,421522,421722,421922,425102,425302,425502,425702,425902,426102,426302,429482,429682,429882,430082,430282,430482,430682,433862,434062,434262,434462,434662,434862,435062,438242,438442,438642,438842,439042,439242,439442
MBARRIER_TRYWAIT,40,3,158902,159102,159302,159502,159702,159902,160102,163282,163482,163682,163882,164082,164282,164482,167662,167862,168062,168262,168462,168662,168862,172042,172242,172442,172642,172842,173042,173242,176422,176622,176822,177022,177222,177422,177622,180802,181002,181202,181402,181602,181802,182002,185182,185382,185582,185782,185982,186182,186382,189562,189762,189962,190162,190362,190562,190762,194427,194627,194827,195027,195227,195427,195627,198806,199006,199206,199406,199606,199806,200006,203186,203386,203586,203786,203986,204186,204386,207566,207766,207966,208166,208366,208566,208766,211946,212146,212346,212546,212746,212946,213146,216326,216526,216726,216926,217126,217326,217526,220706,220906,221106,221306,221506,221706,221906,225086,225286,225486,225686,225886,226086,226286,229953,230153,230353,230553,230753,230953,231153,234334,234534,234734,234934,235134,235334,235534,238714,238914,239114,239314,239514,239714,239914,243094,243294,243494,243694,243894,244094,244294,247474,247674,247874,248074,248274,248474,248674,251854,252054,252254,252454,252654,252854,253054,256234,256434,256634,256834,257034,257234,257434,260614,260814,261014,261214,261414,261614,261814,265479,265679,265879,266079,266279,266479,266679,269858,270058,270258,270458,270658,270858,271058,274238,274438,274638,274838,275038,275238,275438,278618,278818,279018,279218,279418,279618,279818,282998,283198,283398,283598,283798,283998,284198,287378,287578,287778,287978,288178,288378,288578,291758,291958,292158,292358,292558,292758,292958,296138,296338,296538,296738,296938,297138,297338,301005,301205,301405,301605,301805,302005,302205,305386,305586,305786,305986,306186,306386,306586,309766,309966,310166,310366,310566,310766,310966,314146,314346,314546,314746,314946,315146,315346,318526,318726,318926,319126,319326,319526,319726,322906,323106,323306,323506,323706,323906,324106,327286,327486,327686,327886,328086,328286,328486,331666,331866,332066,332266,332466,332666,332866,336531,336731,336931,337131,337331,337531,337731,340910,341110,341310,341510,341710,341910,342110,345290,345490,345690,345890,346090,346290,346490,349670,349870,350070,350270,350470,350670,350870,354050,354250,354450,354650,354850,355050,355250,358430,358630,358830,359030,359230,359430,359630,362810,363010,363210,363410,363610,363810,364010,367190,367390,367590,367790,367990,368190,368390,372057,372257,372457,372657,372857,373057,373257,376438,376638,376838,377038,377238,377438,377638,380818,381018,381218,381418,381618,381818,382018,385198,385398,385598,385798,385998,386198,386398,389578,389778,389978,390178,390378,390578,390778,393958,394158,394358,394558,394758,394958,395158,398338,398538,398738,398938,399138,399338,399538,402718,402918,403118,403318,403518,403718,403918,407583,407783,407983,408183,408383,408583,408783,411962,412162,412362,412562,412762,412962,413162,416342,416542,416742,416942,417142,417342,417542,420722,420922,421122,421322,421522,421722,421922,425102,425302,425502,425702,425902,426102,426302,429482,429682,429882,430082,430282,430482,430682,433862,434062,434262,434462,434662,434862,435062,438242,438442,438642,438842,439042,439242,439442
MBARRIER_TRYWAIT,41,0,159090,159290,159490,159690,159890,160090,163470,163670,163870,164070,164270,164470,167850,168050,168250,168450,168650,168850,172230,172430,172630,172830,173030,173230,176610,176810,177010,177210,177410,177610,180990,181190,181390,181590,181790,181990,185370,185570,185770,185970,186170,186370,190235,190435,190635,190835,191035,191235,194615,194815,195015,195215,195415,195615,198995,199195,199395,199595,199795,199995,203375,203575,203775,203975,204175,204375,207755,207955,208155,208355,208555,208755,212135,212335,212535,212735,212935,213135,216515,216715,216915,217115,217315,217515,220895,221095,221295,221495,221695,221895,225761,225961,226161,226361,226561,226761,230142,230342,230542,230742,230942,231142,234522,234722,234922,235122,235322,235522,238902,239102,239302,239502,239702,239902,243282,243482,243682,243882,244082,244282,247662,247862,248062,248262,248462,248662,252042,252242,252442,252642,252842,253042,256422,256622,256822,257022,257222,257422,261289,261489,261689,261889,262089,262289,265670,265870,266070,266270,266470,266670,270050,270250,270450,270650,270850,271050,274430,274630,274830,275030,275230,275430,278810,279010,279210,279410,279610,279810,283190,283390,283590,283790,283990,284190,287570,287770,287970,288170,288370,288570,291950,292150,292350,292550,292750,292950,296815,297015,297215,297415,297615,297815,301195,301395,301595,301795,301995,302195,305575,305775,305975,306175,306375,306575,309955,310155,310355,310555,310755,310955,314335,314535,314735,314935,315135,315335,318715,318915,319115,319315,319515,319715,323095,323295,323495,323695,323895,324095,327475,327675,327875,328075,328275,328475,332341,332541,332741,332941,333141,333341,336722,336922,337122,337322,337522,337722,341102,341302,341502,341702,341902,342102,345482,345682,345882,346082,346282,346482,349862,350062,350262,350462,350662,350862,354242,354442,354642,354842,355042,355242,358622,358822,359022,359222,359422,359622,363002,363202,363402,363602,363802,364002,367869,368069,368269,368469,368669,368869,372250,372450,372650,372850,373050,373250,376630,376830,377030,377230,377430,377630,381010,381210,381410,381610,381810,382010,385390,385590,385790,385990,386190,386390,389770,389970,390170,390370,390570,390770,394150,394350,394550,394750,394950,395150,398530,398730,398930,399130,399330,399530,403395,403595,403795,403995,404195,404395,407775,407975,408175,408375,408575,408775,412155,412355,412555,412755,412955,413155,416535,416735,416935,417135,417335,417535,420915,421115,421315,421515,421715,421915,425295,425495,425695,425895,426095,426295,429675,429875,430075,430275,430475,430675,434055,434255,434455,434655,434855,435055,438921,439121,439321,439521,439721,439921
MBARRIER_TRYWAIT,41,1,158905,159105,159305,159505,159705,159905,160105,163286,163486,163686,163886,164086,164286,164486,167666,167866,168066,168266,168466,168666,168866,172046,172246,172446,172646,172846,173046,173246,176426,176626,176826,177026,177226,177426,177626,180806,181006,181206,181406,181606,181806,182006,185186,185386,185586,185786,185986,186186,186386,190052,190252,190452,190652,190852,191052,191252,194431,194631,194831,195031,195231,195431,195631,198811,199011,199211,199411,199611,199811,200011,203191,203391,203591,203791,203991,204191,204391,207571,207771,207971,208171,208371,208571,208771,211951,212151,212351,212551,212751,212951,213151,216331,216531,216731,216931,217131,217331,217531,220711,220911,221111,221311,221511,221711,221911,225577,225777,225977,226177,226377,226577,226777,229958,230158,230358,230558,230758,230958,231158,234338,234538,234738,234938,235138,235338,235538,238718,238918,239118,239318,239518,239718,239918,243098,243298,243498,243698,243898,244098,244298,247478,247678,247878,248078,248278,248478,248678,251858,252058,252258,252458,252658,252858,253058,256238,256438,256638,256838,257038,257238,257438,261105,261305,261505,261705,261905,262105,262305,265486,265686,265886,266086,266286,266486,266686,269866,270066,270266,270466,270666,270866,271066,274246,274446,274646,274846,275046,275246,275446,278626,278826,279026,279226,279426,279626,279826,283006,283206,283406,283606,283806,284006,284206,287386,287586,287786,287986,288186,288386,288586,291766,291966,292166,292366,292566,292766,292966,296632,296832,297032,297232,297432,297632,297832,301011,301211,301411,301611,301811,302011,302211,305391,305591,305791,305991,306191,306391,306591,309771,309971,310171,310371,310571,310771,310971,314151,314351,314551,314751,314951,315151,315351,318531,318731,318931,319131,319331,319531,319731,322911,323111,323311,323511,323711,323911,324111,327291,327491,327691,327891,328091,328291,328491,332157,332357,332557,332757,332957,333157,333357,336538,336738,336938,337138,337338,337538,337738,340918,341118,341318,341518,341718,341918,342118,345298,345498,345698,345898,346098,346298,346498,349678,349878,350078,350278,350478,350678,350878,354058,354258,354458,354658,354858,355058,355258,358438,358638,358838,359038,359238,359438,359638,362818,363018,363218,363418,363618,363818,364018,367685,367885,368085,368285,368485,368685,368885,372066,372266,372466,372666,372866,373066,373266,376446,376646,376846,377046,377246,377446,377646,380826,381026,381226,381426,381626,381826,382026,385206,385406,385606,385806,386006,386206,386406,389586,389786,389986,390186,390386,390586,390786,393966,394166,394366,394566,394766,394966,395166,398346,398546,398746,398946,399146,399346,399546,403212,403412,403612,403812,404012,404212,404412,407591,407791,407991,408191,408391,408591,408791,411971,412171,412371,412571,412771,412971,413171,416351,416551,416751,416951,417151,417351,417551,420731,420931,421131,421331,421531,421731,421931,425111,425311,425511,425711,425911,426111,426311,429491,429691,429891,430091,430291,430491,430691,433871,434071,434271,434471,434671,434871,435071,438737,438937,439137,439337,439537,439737,439937
MBARRIER_TRYWAIT,41,2,158901,159101,159301,159501,159701,159901,160101,163281,163481,163681,163881,164081,164281,164481,167661,167861,168061,168261,168461,168661,168861,172041,172241,172441,172641,172841,173041,173241,176421,176621,176821,177021,177221,177421,177621,180801,181001,181201,181401,181601,181801,182001,185181,185381,185581,185781,185981,186181,186381,190047,190247,190447,190647,190847,191047,191247,194426,194626,194826,195026,195226,195426,195626,198806,199006,199206,199406,199606,199806,200006,203186,203386,203586,203786,203986,204186,204386,207566,207766,207966,208166,208366,208566,208766,211946,212146,212346,212546,212746,212946,213146,216326,216526,216726,216926,217126,217326,217526,220706,220906,221106,221306,221506,221706,221906,225573,225773,225973,226173,226373,226573,226773,229953,230153,230353,230553,230753,230953,231153,234333,234533,234733,234933,235133,235333,235533,238713,238913,239113,239313,239513,239713,239913,243093,243293,243493,243693,243893,244093,244293,247473,247673,247873,248073,248273,248473,248673,251853,252053,252253,252453,252653,252853,253053,256233,256433,256633,256833,257033,257233,257433,261101,261301,261501,261701,261901,262101,262301,265481,265681,265881,266081,266281,266481,266681,269861,270061,270261,270461,270661,270861,271061,274241,274441,274641,274841,275041,275241,275441,278621,278821,279021,279221,279421,279621,279821,283001,283201,283401,283601,283801,284001,284201,287381,287581,287781,287981,288181,288381,288581,291761,291961,292161,292361,292561,292761,292961,296627,296827,297027,297227,297427,297627,297827,301006,301206,301406,301606,301806,302006,302206,305386,305586,305786,305986,306186,306386,306586,309766,309966,310166,310366,310566,310766,310966,314146,314346,314546,314746,314946,315146,315346,318526,318726,318926,319126,319326,319526,319726,322906,323106,323306,323506,323706,323906,324106,327286,327486,327686,327886,328086,328286,328486,332153,332353,332553,332753,332953,333153,333353,336533,336733,336933,337133,337333,337533,337733,340913,341113,341313,341513,341713,341913,342113,345293,345493,345693,345893,346093,346293,346493,349673,349873,350073,350273,350473,350673,350873,354053,354253,354453,354653,354853,355053,355253,358433,358633,358833,359033,359233,359433,359633,362813,363013,363213,363413,363613,363813,364013,367681,367881,368081,368281,368481,368681,368881,372061,372261,372461,372661,372861,373061,373261,376441,376641,376841,377041,377241,377441,377641,380821,381021,381221,381421,381621,381821,382021,385201,385401,385601,385801,386001,386201,386401,389581,389781,389981,390181,390381,390581,390781,393961,394161,394361,394561,394761,394961,395161,398341,398541,398741,398941,399141,399341,399541,403207,403407,403607,403807,404007,404207,404407,407586,407786,407986,408186,408386,408586,408786,411966,412166,412366,412566,412766,412966,413166,416346,416546,416746,416946,417146,417346,417546,420726,420926,421126,421326,421526,421726,421926,425106,425306,425506,425706,425906,426106,426306,429486,429686,429886,430086,430286,430486,430686,433866,434066,434266,434466,434666,434866,435066,438733,438933,439133,439333,439533,439733,439933
MBARRIER_TRYWAIT,41,3,158902,159102,159302,159502,159702,159902,160102,163282,163482,163682,163882,164082,164282,164482,167662,167862,168062,168262,168462,168662,168862,172042,172242,172442,172642,172842,173042,173242,176422,176622,176822,177022,177222,177422,177622,180802,181002,181202,181402,181602,181802,182002,185182,185382,185582,185782,185982,186182,186382,190047,190247,190447,190647,190847,191047,191247,194426,194626,194826,195026,195226,195426,195626,198806,199006,199206,199406,199606,199806,200006,203186,203386,203586,203786,203986,204186,204386,207566,207766,207966,208166,208366,208566,208766,211946,212146,212346,212546,212746,212946,213146,216326,216526,216726,216926,217126,217326,217526,220706,220906,221106,221306,221506,221706,221906,225573,225773,225973,226173,226373,226573,226773,229954,230154,230354,230554,230754,230954,231154,234334,234534,234734,234934,235134,235334,235534,238714,238914,239114,239314,239514,239714,239914,243094,243294,243494,243694,243894,244094,244294,247474,247674,247874,248074,248274,248474,248674,251854,252054,252254,252454,252654,252854,253054,256234,256434,256634,256834,257034,257234,257434,261101,261301,261501,261701,261901,262101,262301,265482,265682,265882,266082,266282,266482,266682,269862,270062,270262,270462,270662,270862,271062,274242,274442,274642,274842,275042,275242,275442,278622,278822,279022,279222,279422,279622,279822,283002,283202,283402,283602,283802,284002,284202,287382,287582,287782,287982,288182,288382,288582,291762,291962,292162,292362,292562,292762,292962,296627,296827,297027,297227,297427,297627,297827,301006,301206,301406,301606,301806,302006,302206,305386,305586,305786,305986,306186,306386,306586,309766,309966,310166,310366,310566,310766,310966,314146,314346,314546,314746,314946,315146,315346,318526,318726,318926,319126,319326,319526,319726,322906,323106,323306,323506,323706,323906,324106,327286,327486,327686,327886,328086,328286,328486,332153,332353,332553,332753,332953,333153,333353,336534,336734,336934,337134,337334,337534,337734,340914,341114,341314,341514,341714,341914,342114,345294,345494,345694,345894,346094,346294,346494,349674,349874,350074,350274,350474,350674,350874,354054,354254,354454,354654,354854,355054,355254,358434,358634,358834,359034,359234,359434,359634,362814,363014,363214,363414,363614,363814,364014,367681,367881,368081,368281,368481,368681,368881,372062,372262,372462,372662,372862,373062,373262,376442,376642,376842,377042,377242,377442,377642,380822,381022,381222,381422,381622,381822,382022,385202,385402,385602,385802,386002,386202,386402,389582,389782,389982,390182,390382,390582,390782,393962,394162,394362,394562,394762,394962,395162,398342,398542,398742,398942,399142,399342,399542,403207,403407,403607,403807,404007,404207,404407,407586,407786,407986,408186,408386,408586,408786,411966,412166,412366,412566,412766,412966,413166,416346,416546,416746,416946,417146,417346,417546,420726,420926,421126,421326,421526,421726,421926,425106,425306,425506,425706,425906,426106,426306,429486,429686,429886,430086,430286,430486,430686,433866,434066,434266,434466,434666,434866,435066,438733,438933,439133,439333,439533,439733,439933
MBARRIER_TRYWAIT,42,0,159090,159290,159490,159690,159890,160090,163470,163670,163870,164070,164270,164470,167850,168050,168250,168450,168650,168850,172230,172430,172630,172830,173030,173230,176610,176810,177010,177210,177410,177610,180990,181190,181390,181590,181790,181990,185857,186057,186257,186457,186657,186857,190238,190438,190638,190838,191038,191238,194618,194818,195018,195218,195418,195618,198998,199198,199398,199598,199798,199998,203378,203578,203778,203978,204178,204378,207758,207958,208158,208358,208558,208758,212138,212338,212538,212738,212938,213138,216518,216718,216918,217118,217318,217518,221383,221583,221783,221983,222183,222383,225763,225963,226163,226363,226563,226763,230143,230343,230543,230743,230943,231143,234523,234723,234923,235123,235323,235523,238903,239103,239303,239503,239703,239903,243283,243483,243683,243883,244083,244283,247663,247863,248063,248263,248463,248663,252043,252243,252443,252643,252843,253043,256909,257109,257309,257509,257709,257909,261290,261490,261690,261890,262090,262290,265670,265870,266070,266270,266470,266670,270050,270250,270450,270650,270850,271050,274430,274630,274830,275030,275230,275430,278810,279010,279210,279410,279610,279810,283190,283390,283590,283790,283990,284190,287570,287770,287970,288170,288370,288570,292435,292635,292835,293035,293235,293435,296815,297015,297215,297415,297615,297815,301195,301395,301595,301795,301995,302195,305575,305775,305975,306175,306375,306575,309955,310155,310355,310555,310755,310955,314335,314535,314735,314935,315135,315335,318715,318915,319115,319315,319515,319715,323095,323295,323495,323695,323895,324095,327961,328161,328361,328561,328761,328961,332342,332542,332742,332942,333142,333342,336722,336922,337122,337322,337522,337722,341102,341302,341502,341702,341902,342102,345482,345682,345882,346082,346282,346482,349862,350062,350262,350462,350662,350862,354242,354442,354642,354842,355042,355242,358622,358822,359022,359222,359422,359622,363487,363687,363887,364087,364287,364487,367867,368067,368267,368467,368667,368867,372247,372447,372647,372847,373047,373247,376627,376827,377027,377227,377427,377627,381007,381207,381407,381607,381807,382007,385387,385587,385787,385987,386187,386387,389767,389967,390167,390367,390567,390767,394147,394347,394547,394747,394947,395147,399013,399213,399413,399613,399813,400013,403394,403594,403794,403994,404194,404394,407774,407974,408174,408374,408574,408774,412154,412354,412554,412754,412954,413154,416534,416734,416934,417134,417334,417534,420914,421114,421314,421514,421714,421914,425294,425494,425694,425894,426094,426294,429674,429874,430074,430274,430474,430674,434539,434739,434939,435139,435339,435539,438919,439119,439319,439519,439719,439919
MBARRIER_TRYWAIT,42,1,158905,159105,159305,159505,159705,159905,160105,163286,163486,163686,163886,164086,164286,164486,167666,167866,168066,168266,168466,168666,168866,172046,172246,172446,172646,172846,173046,173246,176426,176626,176826,177026,177226,177426,177626,180806,181006,181206,181406,181606,181806,182006,185673,185873,186073,186273,186473,186673,186873,190054,190254,190454,190654,190854,191054,191254,194434,194634,194834,195034,195234,195434,195634,198814,199014,199214,199414,199614,199814,200014,203194,203394,203594,203794,203994,204194,204394,207574,207774,207974,208174,208374,208574,208774,211954,212154,212354,212554,212754,212954,213154,216334,216534,216734,216934,217134,217334,217534,221200,221400,221600,221800,222000,222200,222400,225579,225779,225979,226179,226379,226579,226779,229959,230159,230359,230559,230759,230959,231159,234339,234539,234739,234939,235139,235339,235539,238719,238919,239119,239319,239519,239719,239919,243099,243299,243499,243699,243899,244099,244299,247479,247679,247879,248079,248279,248479,248679,251859,252059,252259,252459,252659,252859,253059,256725,256925,257125,257325,257525,257725,257925,261106,261306,261506,261706,261906,262106,262306,265486,265686,265886,266086,266286,266486,266686,269866,270066,270266,270466,270666,270866,271066,274246,274446,274646,274846,275046,275246,275446,278626,278826,279026,279226,279426,279626,279826,283006,283206,283406,283606,283806,284006,284206,287386,287586,287786,287986,288186,288386,288586,292252,292452,292652,292852,293052,293252,293452,296631,296831,297031,297231,297431,297631,297831,301011,301211,301411,301611,301811,302011,302211,305391,305591,305791,305991,306191,306391,306591,309771,309971,310171,310371,310571,310771,310971,314151,314351,314551,314751,314951,315151,315351,318531,318731,318931,319131,319331,319531,319731,322911,323111,323311,323511,323711,323911,324111,327777,327977,328177,328377,328577,328777,328977,332158,332358,332558,332758,332958,333158,333358,336538,336738,336938,337138,337338,337538,337738,340918,341118,341318,341518,341718,341918,342118,345298,345498,345698,345898,346098,346298,346498,349678,349878,350078,350278,350478,350678,350878,354058,354258,354458,354658,354858,355058,355258,358438,358638,358838,359038,359238,359438,359638,363304,363504,363704,363904,364104,364304,364504,367683,367883,368083,368283,368483,368683,368883,372063,372263,372463,372663,372863,373063,373263,376443,376643,376843,377043,377243,377443,377643,380823,381023,381223,381423,381623,381823,382023,385203,385403,385603,385803,386003,386203,386403,389583,389783,389983,390183,390383,390583,390783,393963,394163,394363,394563,394763,394963,395163,398829,399029,399229,399429,399629,399829,400029,403210,403410,403610,403810,404010,404210,404410,407590,407790,407990,408190,408390,408590,408790,411970,412170,412370,412570,412770,412970,413170,416350,416550,416750,416950,417150,417350,417550,420730,420930,421130,421330,421530,421730,421930,425110,425310,425510,425710,425910,426110,426310,429490,429690,429890,430090,430290,430490,430690,434356,434556,434756,434956,435156,435356,435556,438735,438935,439135,439335,439535,439735,439935
MBARRIER_TRYWAIT,42,2,158901,159101,159301,159501,159701,159901,160101,163281,163481,163681,163881,164081,164281,164481,167661,167861,168061,168261,168461,168661,168861,172041,172241,172441,172641,172841,173041,173241,176421,176621,176821,177021,177221,177421,177621,180801,181001,181201,181401,181601,181801,182001,185669,185869,186069,186269,186469,186669,186869,190049,190249,190449,190649,190849,191049,191249,194429,194629,194829,195029,195229,195429,195629,198809,199009,199209,199409,199609,199809,200009,203189,203389,203589,203789,203989,204189,204389,207569,207769,207969,208169,208369,208569,208769,211949,212149,212349,212549,212749,212949,213149,216329,216529,216729,216929,217129,217329,217529,221195,221395,221595,221795,221995,222195,222395,225574,225774,225974,226174,226374,226574,226774,229954,230154,230354,230554,230754,230954,231154,234334,234534,234734,234934,235134,235334,235534,238714,238914,239114,239314,239514,239714,239914,243094,243294,243494,243694,243894,244094,244294,247474,247674,247874,248074,248274,248474,248674,251854,252054,252254,252454,252654,252854,253054,256721,256921,257121,257321,257521,257721,257921,261101,261301,261501,261701,261901,262101,262301,265481,265681,265881,266081,266281,266481,266681,269861,270061,270261,270461,270661,270861,271061,274241,274441,274641,274841,275041,275241,275441,278621,278821,279021,279221,279421,279621,279821,283001,283201,283401,283601,283801,284001,284201,287381,287581,287781,287981,288181,288381,288581,292247,292447,292647,292847,293047,293247,293447,296626,296826,297026,297226,297426,297626,297826,301006,301206,301406,301606,301806,302006,302206,305386,305586,305786,305986,306186,306386,306586,309766,309966,310166,310366,310566,310766,310966,314146,314346,314546,314746,314946,315146,315346,318526,318726,318926,319126,319326,319526,319726,322906,323106,323306,323506,323706,323906,324106,327773,327973,328173,328373,328573,328773,328973,332153,332353,332553,332753,332953,333153,333353,336533,336733,336933,337133,337333,337533,337733,340913,341113,341313,341513,341713,341913,342113,345293,345493,345693,345893,346093,346293,346493,349673,349873,350073,350273,350473,350673,350873,354053,354253,354453,354653,354853,355053,355253,358433,358633,358833,359033,359233,359433,359633,363299,363499,363699,363899,364099,364299,364499,367678,367878,368078,368278,368478,368678,368878,372058,372258,372458,372658,372858,373058,373258,376438,376638,376838,377038,377238,377438,377638,380818,381018,381218,381418,381618,381818,382018,385198,385398,385598,385798,385998,386198,386398,389578,389778,389978,390178,390378,390578,390778,393958,394158,394358,394558,394758,394958,395158,398825,399025,399225,399425,399625,399825,400025,403205,403405,403605,403805,404005,404205,404405,407585,407785,407985,408185,408385,408585,408785,411965,412165,412365,412565,412765,412965,413165,416345,416545,416745,416945,417145,417345,417545,420725,420925,421125,421325,421525,421725,421925,425105,425305,425505,425705,425905,426105,426305,429485,429685,429885,430085,430285,430485,430685,434351,434551,434751,434951,435151,435351,435551,438730,438930,439130,439330,439530,439730,439930
MBARRIER_TRYWAIT,42,3,158902,159102,159302,159502,159702,159902,160102,163282,163482,163682,163882,164082,164282,164482,167662,167862,168062,168262,168462,168662,168862,172042,172242,172442,172642,172842,173042,173242,176422,176622,176822,177022,177222,177422,177622,180802,181002,181202,181402,181602,181802,182002,185669,185869,186069,186269,186469,186669,186869,190050,190250,190450,190650,190850,191050,191250,194430,194630,194830,195030,195230,195430,195630,198810,199010,199210,199410,199610,199810,200010,203190,203390,203590,203790,203990,204190,204390,207570,207770,207970,208170,208370,208570,208770,211950,212150,212350,212550,212750,212950,213150,216330,216530,216730,216930,217130,217330,217530,221195,221395,221595,221795,221995,222195,222395,225574,225774,225974,226174,226374,226574,226774,229954,230154,230354,230554,230754,230954,231154,234334,234534,234734,234934,235134,235334,235534,238714,238914,239114,239314,239514,239714,239914,243094,243294,243494,243694,243894,244094,244294,247474,247674,247874,248074,248274,248474,248674,251854,252054,252254,252454,252654,252854,253054,256721,256921,257121,257321,257521,257721,257921,261102,261302,261502,261702,261902,262102,262302,265482,265682,265882,266082,266282,266482,266682,269862,270062,270262,270462,270662,270862,271062,274242,274442,274642,274842,275042,275242,275442,278622,278822,279022,279222,279422,279622,279822,283002,283202,283402,283602,283802,284002,284202,287382,287582,287782,287982,288182,288382,288582,292247,292447,292647,292847,293047,293247,293447,296626,296826,297026,297226,297426,297626,297826,301006,301206,301406,301606,301806,302006,302206,305386,305586,305786,305986,306186,306386,306586,309766,309966,310166,310366,310566,310766,310966,314146,314346,314546,314746,314946,315146,315346,318526,318726,318926,319126,319326,319526,319726,322906,323106,323306,323506,323706,323906,324106,327773,327973,328173,328373,328573,328773,328973,332154,332354,332554,332754,332954,333154,333354,336534,336734,336934,337134,337334,337534,337734,340914,341114,341314,341514,341714,341914,342114,345294,345494,345694,345894,346094,346294,346494,349674,349874,350074,350274,350474,350674,350874,354054,354254,354454,354654,354854,355054,355254,358434,358634,358834,359034,359234,359434,359634,363299,363499,363699,363899,364099,364299,364499,367678,367878,368078,368278,368478,368678,368878,372058,372258,372458,372658,372858,373058,373258,376438,376638,376838,377038,377238,377438,377638,380818,381018,381218,381418,381618,381818,382018,385198,385398,385598,385798,385998,386198,386398,389578,389778,389978,390178,390378,390578,390778,393958,394158,394358,394558,394758,394958,395158,398825,399025,399225,399425,399625,399825,400025,403206,403406,403606,403806,404006,404206,404406,407586,407786,407986,408186,408386,408586,408786,411966,412166,412366,412566,412766,412966,413166,416346,416546,416746,416946,417146,417346,417546,420726,420926,421126,421326,421526,421726,421926,425106,425306,425506,425706,425906,426106,426306,429486,429686,429886,430086,430286,430486,430686,434351,434551,434751,434951,435151,435351,435551,438730,438930,439130,439330,439530,439730,439930
MBARRIER_TRYWAIT,43,0,159090,159290,159490,159690,159890,160090,163470,163670,163870,164070,164270,164470,167850,168050,168250,168450,168650,168850,172230,172430,172630,172830,173030,173230,176610,176810,177010,177210,177410,177610,181475,181675,181875,182075,182275,182475,185855,186055,186255,186455,186655,186855,190235,190435,190635,190835,191035,191235,194615,194815,195015,195215,195415,195615,198995,199195,199395,199595,199795,199995,203375,203575,203775,203975,204175,204375,207755,207955,208155,208355,208555,208755,212135,212335,212535,212735,212935,213135,217002,217202,217402,217602,217802,218002,221382,221582,221782,221982,222182,222382,225762,225962,226162,226362,226562,226762,230142,230342,230542,230742,230942,231142,234522,234722,234922,235122,235322,235522,238902,239102,239302,239502,239702,239902,243282,243482,243682,243882,244082,244282,247662,247862,248062,248262,248462,248662,252527,252727,252927,253127,253327,253527,256907,257107,257307,257507,257707,257907,261287,261487,261687,261887,262087,262287,265667,265867,266067,266267,266467,266667,270047,270247,270447,270647,270847,271047,274427,274627,274827,275027,275227,275427,278807,279007,279207,279407,279607,279807,283187,283387,283587,283787,283987,284187,288053,288253,288453,288653,288853,289053,292434,292634,292834,293034,293234,293434,296814,297014,297214,297414,297614,297814,301194,301394,301594,301794,301994,302194,305574,305774,305974,306174,306374,306574,309954,310154,310354,310554,310754,310954,314334,314534,314734,314934,315134,315334,318714,318914,319114,319314,319514,319714,323581,323781,323981,324181,324381,324581,327962,328162,328362,328562,328762,328962,332342,332542,332742,332942,333142,333342,336722,336922,337122,337322,337522,337722,341102,341302,341502,341702,341902,342102,345482,345682,345882,346082,346282,346482,349862,350062,350262,350462,350662,350862,354242,354442,354642,354842,355042,355242,359107,359307,359507,359707,359907,360107,363487,363687,363887,364087,364287,364487,367867,368067,368267,368467,368667,368867,372247,372447,372647,372847,373047,373247,376627,376827,377027,377227,377427,377627,381007,381207,381407,381607,381807,382007,385387,385587,385787,385987,386187,386387,389767,389967,390167,390367,390567,390767,394633,394833,395033,395233,395433,395633,399014,399214,399414,399614,399814,400014,403394,403594,403794,403994,404194,404394,407774,407974,408174,408374,408574,408774,412154,412354,412554,412754,412954,413154,416534,416734,416934,417134,417334,417534,420914,421114,421314,421514,421714,421914,425294,425494,425694,425894,426094,426294,430159,430359,430559,430759,430959,431159,434539,434739,434939,435139,435339,435539,438919,439119,439319,439519,439719,439919
MBARRIER_TRYWAIT,43,1,158905,159105,159305,159505,159705,159905,160105,163286,163486,163686,163886,164086,164286,164486,167666,167866,168066,168266,168466,168666,168866,172046,172246,172446,172646,172846,173046,173246,176426,176626,176826,177026,177226,177426,177626,181292,181492,181692,181892,182092,182292,182492,185671,185871,186071,186271,186471,186671,186871,190051,190251,190451,190651,190851,191051,191251,194431,194631,194831,195031,195231,195431,195631,198811,199011,199211,199411,199611,199811,200011,203191,203391,203591,203791,203991,204191,204391,207571,207771,207971,208171,208371,208571,208771,211951,212151,212351,212551,212751,212951,213151,216818,217018,217218,217418,217618,217818,218018,221198,221398,221598,221798,221998,222198,222398,225578,225778,225978,226178,226378,226578,226778,229958,230158,230358,230558,230758,230958,231158,234338,234538,234738,234938,235138,235338,235538,238718,238918,239118,239318,239518,239718,239918,243098,243298,243498,243698,243898,244098,244298,247478,247678,247878,248078,248278,248478,248678,252344,252544,252744,252944,253144,253344,253544,256723,256923,257123,257323,257523,257723,257923,261103,261303,261503,261703,261903,262103,262303,265483,265683,265883,266083,266283,266483,266683,269863,270063,270263,270463,270663,270863,271063,274243,274443,274643,274843,275043,275243,275443,278623,278823,279023,279223,279423,279623,279823,283003,283203,283403,283603,283803,284003,284203,287869,288069,288269,288469,288669,288869,289069,292250,292450,292650,292850,293050,293250,293450,296630,296830,297030,297230,297430,297630,297830,301010,301210,301410,301610,301810,302010,302210,305390,305590,305790,305990,306190,306390,306590,309770,309970,310170,310370,310570,310770,310970,314150,314350,314550,314750,314950,315150,315350,318530,318730,318930,319130,319330,319530,319730,323397,323597,323797,323997,324197,324397,324597,327778,327978,328178,328378,328578,328778,328978,332158,332358,332558,332758,332958,333158,333358,336538,336738,336938,337138,337338,337538,337738,340918,341118,341318,341518,341718,341918,342118,345298,345498,345698,345898,346098,346298,346498,349678,349878,350078,350278,350478,350678,350878,354058,354258,354458,354658,354858,355058,355258,358924,359124,359324,359524,359724,359924,360124,363303,363503,363703,363903,364103,364303,364503,367683,367883,368083,368283,368483,368683,368883,372063,372263,372463,372663,372863,373063,373263,376443,376643,376843,377043,377243,377443,377643,380823,381023,381223,381423,381623,381823,382023,385203,385403,385603,385803,386003,386203,386403,389583,389783,389983,390183,390383,390583,390783,394449,394649,394849,395049,395249,395449,395649,398830,399030,399230,399430,399630,399830,400030,403210,403410,403610,403810,404010,404210,404410,407590,407790,407990,408190,408390,408590,408790,411970,412170,412370,412570,412770,412970,413170,416350,416550,416750,416950,417150,417350,417550,420730,420930,421130,421330,421530,421730,421930,425110,425310,425510,425710,425910,426110,426310,429976,430176,430376,430576,430776,430976,431176,434355,434555,434755,434955,435155,435355,435555,438735,438935,439135,439335,439535,439735,439935
MBARRIER_TRYWAIT,43,2,158901,159101,159301,159501,159701,159901,160101,163281,163481,163681,163881,164081,164281,164481,167661,167861,168061,168261,168461,168661,168861,172041,172241,172441,172641,172841,173041,173241,176421,176621,176821,177021,177221,177421,177621,181287,181487,181687,181887,182087,182287,182487,185666,185866,186066,186266,186466,186666,186866,190046,190246,190446,190646,190846,191046,191246,194426,194626,194826,195026,195226,195426,195626,198806,199006,199206,199406,199606,199806,200006,203186,203386,203586,203786,203986,204186,204386,207566,207766,207966,208166,208366,208566,208766,211946,212146,212346,212546,212746,212946,213146,216813,217013,217213,217413,217613,217813,218013,221193,221393,221593,221793,221993,222193,222393,225573,225773,225973,226173,226373,226573,226773,229953,230153,230353,230553,230753,230953,231153,234333,234533,234733,234933,235133,235333,235533,238713,238913,239113,239313,239513,239713,239913,243093,243293,243493,243693,243893,244093,244293,247473,247673,247873,248073,248273,248473,248673,252339,252539,252739,252939,253139,253339,253539,256718,256918,257118,257318,257518,257718,257918,261098,261298,261498,261698,261898,262098,262298,265478,265678,265878,266078,266278,266478,266678,269858,270058,270258,270458,270658,270858,271058,274238,274438,274638,274838,275038,275238,275438,278618,278818,279018,279218,279418,279618,279818,282998,283198,283398,283598,283798,283998,284198,287865,288065,288265,288465,288665,288865,289065,292245,292445,292645,292845,293045,293245,293445,296625,296825,297025,297225,297425,297625,297825,301005,301205,301405,301605,301805,302005,302205,305385,305585,305785,305985,306185,306385,306585,309765,309965,310165,310365,310565,310765,310965,314145,314345,314545,314745,314945,315145,315345,318525,318725,318925,319125,319325,319525,319725,323393,323593,323793,323993,324193,324393,324593,327773,327973,328173,328373,328573,328773,328973,332153,332353,332553,332753,332953,333153,333353,336533,336733,336933,337133,337333,337533,337733,340913,341113,341313,341513,341713,341913,342113,345293,345493,345693,345893,346093,346293,346493,349673,349873,350073,350273,350473,350673,350873,354053,354253,354453,354653,354853,355053,355253,358919,359119,359319,359519,359719,359919,360119,363298,363498,363698,363898,364098,364298,364498,367678,367878,368078,368278,368478,368678,368878,372058,372258,372458,372658,372858,373058,373258,376438,376638,376838,377038,377238,377438,377638,380818,381018,381218,381418,381618,381818,382018,385198,385398,385598,385798,385998,386198,386398,389578,389778,389978,390178,390378,390578,390778,394445,394645,394845,395045,395245,395445,395645,398825,399025,399225,399425,399625,399825,400025,403205,403405,403605,403805,404005,404205,404405,407585,407785,407985,408185,408385,408585,408785,411965,412165,412365,412565,412765,412965,413165,416345,416545,416745,416945,417145,417345,417545,420725,420925,421125,421325,421525,421725,421925,425105,425305,425505,425705,425905,426105,426305,429971,430171,430371,430571,430771,430971,431171,434350,434550,434750,434950,435150,435350,435550,438730,438930,439130,439330,439530,439730,439930
MBARRIER_TRYWAIT,43,3,158902,159102,159302,159502,159702,159902,160102,163282,163482,163682,163882,164082,164282,164482,167662,167862,168062,168262,168462,168662,168862,172042,172242,172442,172642,172842,173042,173242,176422,176622,176822,177022,177222,177422,177622,181287,181487,181687,181887,182087,182287,182487,185666,185866,186066,186266,186466,186666,186866,190046,190246,190446,190646,190846,191046,191246,194426,194626,194826,195026,195226,195426,195626,198806,199006,199206,199406,199606,199806,200006,203186,203386,203586,203786,203986,204186,204386,207566,207766,207966,208166,208366,208566,208766,211946,212146,212346,212546,212746,212946,213146,216814,217014,217214,217414,217614,217814,218014,221194,221394,221594,221794,221994,222194,222394,225574,225774,225974,226174,226374,226574,226774,229954,230154,230354,230554,230754,230954,231154,234334,234534,234734,234934,235134,235334,235534,238714,238914,239114,239314,239514,239714,239914,243094,243294,243494,243694,243894,244094,244294,247474,247674,247874,248074,248274,248474,248674,252339,252539,252739,252939,253139,253339,253539,256718,256918,257118,257318,257518,257718,257918,261098,261298,261498,261698,261898,262098,262298,265478,265678,265878,266078,266278,266478,266678,269858,270058,270258,270458,270658,270858,271058,274238,274438,274638,274838,275038,275238,275438,278618,278818,279018,279218,279418,279618,279818,282998,283198,283398,283598,283798,283998,284198,287865,288065,288265,288465,288665,288865,289065,292246,292446,292646,292846,293046,293246,293446,296626,296826,297026,297226,297426,297626,297826,301006,301206,301406,301606,301806,302006,302206,305386,305586,305786,305986,306186,306386,306586,309766,309966,310166,310366,310566,310766,310966,314146,314346,314546,314746,314946,315146,315346,318526,318726,318926,319126,319326,319526,319726,323393,323593,323793,323993,324193,324393,324593,327774,327974,328174,328374,328574,328774,328974,332154,332354,332554,332754,332954,333154,333354,336534,336734,336934,337134,337334,337534,337734,340914,341114,341314,341514,341714,341914,342114,345294,345494,345694,345894,346094,346294,346494,349674,349874,350074,350274,350474,350674,350874,354054,354254,354454,354654,354854,355054,355254,358919,359119,359319,359519,359719,359919,360119,363298,363498,363698,363898,364098,364298,364498,367678,367878,368078,368278,368478,368678,368878,372058,372258,372458,372658,372858,373058,373258,376438,376638,376838,377038,377238,377438,377638,380818,381018,381218,381418,381618,381818,382018,385198,385398,385598,385798,385998,386198,386398,389578,389778,389978,390178,390378,390578,390778,394445,394645,394845,395045,395245,395445,395645,398826,399026,399226,399426,399626,399826,400026,403206,403406,403606,403806,404006,404206,404406,407586,407786,407986,408186,408386,408586,408786,411966,412166,412366,412566,412766,412966,413166,416346,416546,416746,416946,417146,417346,417546,420726,420926,421126,421326,421526,421726,421926,425106,425306,425506,425706,425906,426106,426306,429971,430171,430371,430571,430771,430971,431171,434350,434550,434750,434950,435150,435350,435550,438730,438930,439130,439330,439530,439730,439930
MBARRIER_TRYWAIT,44,0,159090,159290,159490,159690,159890,160090,163471,163671,163871,164071,164271,164471,167851,168051,168251,168451,168651,168851,172231,172431,172631,172831,173031,173231,177098,177298,177498,177698,177898,178098,181478,181678,181878,182078,182278,182478,185858,186058,186258,186458,186658,186858,190238,190438,190638,190838,191038,191238,194618,194818,195018,195218,195418,195618,198998,199198,199398,199598,199798,199998,203378,203578,203778,203978,204178,204378,207758,207958,208158,208358,208558,208758,212623,212823,213023,213223,213423,213623,217003,217203,217403,217603,217803,218003,221383,221583,221783,221983,222183,222383,225763,225963,226163,226363,226563,226763,230143,230343,230543,230743,230943,231143,234523,234723,234923,235123,235323,235523,238903,239103,239303,239503,239703,239903,243283,243483,243683,243883,244083,244283,248150,248350,248550,248750,248950,249150,252530,252730,252930,253130,253330,253530,256910,257110,257310,257510,257710,257910,261290,261490,261690,261890,262090,262290,265670,265870,266070,266270,266470,266670,270050,270250,270450,270650,270850,271050,274430,274630,274830,275030,275230,275430,278810,279010,279210,279410,279610,279810,283675,283875,284075,284275,284475,284675,288055,288255,288455,288655,288855,289055,292435,292635,292835,293035,293235,293435,296815,297015,297215,297415,297615,297815,301195,301395,301595,301795,301995,302195,305575,305775,305975,306175,306375,306575,309955,310155,310355,310555,310755,310955,314335,314535,314735,314935,315135,315335,319201,319401,319601,319801,320001,320201,323582,323782,323982,324182,324382,324582,327962,328162,328362,328562,328762,328962,332342,332542,332742,332942,333142,333342,336722,336922,337122,337322,337522,337722,341102,341302,341502,341702,341902,342102,345482,345682,345882,346082,346282,346482,349862,350062,350262,350462,350662,350862,354727,354927,355127,355327,355527,355727,359107,359307,359507,359707,359907,360107,363487,363687,363887,364087,364287,364487,367867,368067,368267,368467,368667,368867,372247,372447,372647,372847,373047,373247,376627,376827,377027,377227,377427,377627,381007,381207,381407,381607,381807,382007,385387,385587,385787,385987,386187,386387,390253,390453,390653,390853,391053,391253,394634,394834,395034,395234,395434,395634,399014,399214,399414,399614,399814,400014,403394,403594,403794,403994,404194,404394,407774,407974,408174,408374,408574,408774,412154,412354,412554,412754,412954,413154,416534,416734,416934,417134,417334,417534,420914,421114,421314,421514,421714,421914,425779,425979,426179,426379,426579,426779,430159,430359,430559,430759,430959,431159,434539,434739,434939,435139,435339,435539,438919,439119,439319,439519,439719,439919
MBARRIER_TRYWAIT,44,1,158905,159105,159305,159505,159705,159905,160105,163288,163488,163688,163888,164088,164288,164488,167668,167868,168068,168268,168468,168668,168868,172048,172248,172448,172648,172848,173048,173248,176914,177114,177314,177514,177714,177914,178114,181294,181494,181694,181894,182094,182294,182494,185674,185874,186074,186274,186474,186674,186874,190054,190254,190454,190654,190854,191054,191254,194434,194634,194834,195034,195234,195434,195634,198814,199014,199214,199414,199614,199814,200014,203194,203394,203594,203794,203994,204194,204394,207574,207774,207974,208174,208374,208574,208774,212440,212640,212840,213040,213240,213440,213640,216820,217020,217220,217420,217620,217820,218020,221200,221400,221600,221800,222000,222200,222400,225580,225780,225980,226180,226380,226580,226780,229960,230160,230360,230560,230760,230960,231160,234340,234540,234740,234940,235140,235340,235540,238720,238920,239120,239320,239520,239720,239920,243100,243300,243500,243700,243900,244100,244300,247966,248166,248366,248566,248766,248966,249166,252346,252546,252746,252946,253146,253346,253546,256726,256926,257126,257326,257526,257726,257926,261106,261306,261506,261706,261906,262106,262306,265486,265686,265886,266086,266286,266486,266686,269866,270066,270266,270466,270666,270866,271066,274246,274446,274646,274846,275046,275246,275446,278626,278826,279026,279226,279426,279626,279826,283492,283692,283892,284092,284292,284492,284692,287871,288071,288271,288471,288671,288871,289071,292251,292451,292651,292851,293051,293251,293451,296631,296831,297031,297231,297431,297631,297831,301011,301211,301411,301611,301811,302011,302211,305391,305591,305791,305991,306191,306391,306591,309771,309971,310171,310371,310571,310771,310971,314151,314351,314551,314751,314951,315151,315351,319017,319217,319417,319617,319817,320017,320217,323398,323598,323798,323998,324198,324398,324598,327778,327978,328178,328378,328578,328778,328978,332158,332358,332558,332758,332958,333158,333358,336538,336738,336938,337138,337338,337538,337738,340918,341118,341318,341518,341718,341918,342118,345298,345498,345698,345898,346098,346298,346498,349678,349878,350078,350278,350478,350678,350878,354544,354744,354944,355144,355344,355544,355744,358923,359123,359323,359523,359723,359923,360123,363303,363503,363703,363903,364103,364303,364503,367683,367883,368083,368283,368483,368683,368883,372063,372263,372463,372663,372863,373063,373263,376443,376643,376843,377043,377243,377443,377643,380823,381023,381223,381423,381623,381823,382023,385203,385403,385603,385803,386003,386203,386403,390069,390269,390469,390669,390869,391069,391269,394450,394650,394850,395050,395250,395450,395650,398830,399030,399230,399430,399630,399830,400030,403210,403410,403610,403810,404010,404210,404410,407590,407790,407990,408190,408390,408590,408790,411970,412170,412370,412570,412770,412970,413170,416350,416550,416750,416950,417150,417350,417550,420730,420930,421130,421330,421530,421730,421930,425596,425796,425996,426196,426396,426596,426796,429976,430176,430376,430576,430776,430976,431176,434356,434556,434756,434956,435156,435356,435556,438736,438936,439136,439336,439536,439736,439936
MBARRIER_TRYWAIT,44,2,158901,159101,159301,159501,159701,159901,160101,163283,163483,163683,163883,164083,164283,164483,167663,167863,168063,168263,168463,168663,168863,172043,172243,172443,172643,172843,173043,173243,176909,177109,177309,177509,177709,177909,178109,181289,181489,181689,181889,182089,182289,182489,185669,185869,186069,186269,186469,186669,186869,190049,190249,190449,190649,190849,191049,191249,194429,194629,194829,195029,195229,195429,195629,198809,199009,199209,199409,199609,199809,200009,203189,203389,203589,203789,203989,204189,204389,207569,207769,207969,208169,208369,208569,208769,212435,212635,212835,213035,213235,213435,213635,216815,217015,217215,217415,217615,217815,218015,221195,221395,221595,221795,221995,222195,222395,225575,225775,225975,226175,226375,226575,226775,229955,230155,230355,230555,230755,230955,231155,234335,234535,234735,234935,235135,235335,235535,238715,238915,239115,239315,239515,239715,239915,243095,243295,243495,243695,243895,244095,244295,247961,248161,248361,248561,248761,248961,249161,252341,252541,252741,252941,253141,253341,253541,256721,256921,257121,257321,257521,257721,257921,261101,261301,261501,261701,261901,262101,262301,265481,265681,265881,266081,266281,266481,266681,269861,270061,270261,270461,270661,270861,271061,274241,274441,274641,274841,275041,275241,275441,278621,278821,279021,279221,279421,279621,279821,283487,283687,283887,284087,284287,284487,284687,287866,288066,288266,288466,288666,288866,289066,292246,292446,292646,292846,293046,293246,293446,296626,296826,297026,297226,297426,297626,297826,301006,301206,301406,301606,301806,302006,302206,305386,305586,305786,305986,306186,306386,306586,309766,309966,310166,310366,310566,310766,310966,314146,314346,314546,314746,314946,315146,315346,319013,319213,319413,319613,319813,320013,320213,323393,323593,323793,323993,324193,324393,324593,327773,327973,328173,328373,328573,328773,328973,332153,332353,332553,332753,332953,333153,333353,336533,336733,336933,337133,337333,337533,337733,340913,341113,341313,341513,341713,341913,342113,345293,345493,345693,345893,346093,346293,346493,349673,349873,350073,350273,350473,350673,350873,354539,354739,354939,355139,355339,355539,355739,358918,359118,359318,359518,359718,359918,360118,363298,363498,363698,363898,364098,364298,364498,367678,367878,368078,368278,368478,368678,368878,372058,372258,372458,372658,372858,373058,373258,376438,376638,376838,377038,377238,377438,377638,380818,381018,381218,381418,381618,381818,382018,385198,385398,385598,385798,385998,386198,386398,390065,390265,390465,390665,390865,391065,391265,394445,394645,394845,395045,395245,395445,395645,398825,399025,399225,399425,399625,399825,400025,403205,403405,403605,403805,404005,404205,404405,407585,407785,407985,408185,408385,408585,408785,411965,412165,412365,412565,412765,412965,413165,416345,416545,416745,416945,417145,417345,417545,420725,420925,421125,421325,421525,421725,421925,425591,425791,425991,426191,426391,426591,426791,429971,430171,430371,430571,430771,430971,431171,434351,434551,434751,434951,435151,435351,435551,438731,438931,439131,439331,439531,439731,439931
MBARRIER_TRYWAIT,44,3,158902,159102,159302,159502,159702,159902,160102,163283,163483,163683,163883,164083,164283,164483,167663,167863,168063,168263,168463,168663,168863,172043,172243,172443,172643,172843,173043,173243,176910,177110,177310,177510,177710,177910,178110,181290,181490,181690,181890,182090,182290,182490,185670,185870,186070,186270,186470,186670,186870,190050,190250,190450,190650,190850,191050,191250,194430,194630,194830,195030,195230,195430,195630,198810,199010,199210,199410,199610,199810,200010,203190,203390,203590,203790,203990,204190,204390,207570,207770,207970,208170,208370,208570,208770,212435,212635,212835,213035,213235,213435,213635,216815,217015,217215,217415,217615,217815,218015,221195,221395,221595,221795,221995,222195,222395,225575,225775,225975,226175,226375,226575,226775,229955,230155,230355,230555,230755,230955,231155,234335,234535,234735,234935,235135,235335,235535,238715,238915,239115,239315,239515,239715,239915,243095,243295,243495,243695,243895,244095,244295,247962,248162,248362,248562,248762,248962,249162,252342,252542,252742,252942,253142,253342,253542,256722,256922,257122,257322,257522,257722,257922,261102,261302,261502,261702,261902,262102,262302,265482,265682,265882,266082,266282,266482,266682,269862,270062,270262,270462,270662,270862,271062,274242,274442,274642,274842,275042,275242,275442,278622,278822,279022,279222,279422,279622,279822,283487,283687,283887,284087,284287,284487,284687,287866,288066,288266,288466,288666,288866,289066,292246,292446,292646,292846,293046,293246,293446,296626,296826,297026,297226,297426,297626,297826,301006,301206,301406,301606,301806,302006,302206,305386,305586,305786,305986,306186,306386,306586,309766,309966,310166,310366,310566,310766,310966,314146,314346,314546,314746,314946,315146,315346,319013,319213,319413,319613,319813,320013,320213,323394,323594,323794,323994,324194,324394,324594,327774,327974,328174,328374,328574,328774,328974,332154,332354,332554,332754,332954,333154,333354,336534,336734,336934,337134,337334,337534,337734,340914,341114,341314,341514,341714,341914,342114,345294,345494,345694,345894,346094,346294,346494,349674,349874,350074,350274,350474,350674,350874,354539,354739,354939,355139,355339,355539,355739,358918,359118,359318,359518,359718,359918,360118,363298,363498,363698,363898,364098,364298,364498,367678,367878,368078,368278,368478,368678,368878,372058,372258,372458,372658,372858,373058,373258,376438,376638,376838,377038,377238,377438,377638,380818,381018,381218,381418,381618,381818,382018,385198,385398,385598,385798,385998,386198,386398,390065,390265,390465,390665,390865,391065,391265,394446,394646,394846,395046,395246,395446,395646,398826,399026,399226,399426,399626,399826,400026,403206,403406,403606,403806,404006,404206,404406,407586,407786,407986,408186,408386,408586,408786,411966,412166,412366,412566,412766,412966,413166,416346,416546,416746,416946,417146,417346,417546,420726,420926,421126,421326,421526,421726,421926,425591,425791,425991,426191,426391,426591,426791,429971,430171,430371,430571,430771,430971,431171,434351,434551,434751,434951,435151,435351,435551,438731,438931,439131,439331,439531,439731,439931
MBARRIER_TRYWAIT,45,0,159090,159290,159490,159690,159890,160090,163470,163670,163870,164070,164270,164470,167850,168050,168250,168450,168650,168850,172717,172917,173117,173317,173517,173717,177098,177298,177498,177698,177898,178098,181478,181678,181878,182078,182278,182478,185858,186058,186258,186458,186658,186858,190238,190438,190638,190838,191038,191238,194618,194818,195018,195218,195418,195618,198998,199198,199398,199598,199798,199998,203378,203578,203778,203978,204178,204378,208243,208443,208643,208843,209043,209243,212623,212823,213023,213223,213423,213623,217003,217203,217403,217603,217803,218003,221383,221583,221783,221983,222183,222383,225763,225963,226163,226363,226563,226763,230143,230343,230543,230743,230943,231143,234523,234723,234923,235123,235323,235523,238903,239103,239303,239503,239703,239903,243769,243969,244169,244369,244569,244769,248150,248350,248550,248750,248950,249150,252530,252730,252930,253130,253330,253530,256910,257110,257310,257510,257710,257910,261290,261490,261690,261890,262090,262290,265670,265870,266070,266270,266470,266670,270050,270250,270450,270650,270850,271050,274430,274630,274830,275030,275230,275430,279295,279495,279695,279895,280095,280295,283675,283875,284075,284275,284475,284675,288055,288255,288455,288655,288855,289055,292435,292635,292835,293035,293235,293435,296815,297015,297215,297415,297615,297815,301195,301395,301595,301795,301995,302195,305575,305775,305975,306175,306375,306575,309955,310155,310355,310555,310755,310955,314821,315021,315221,315421,315621,315821,319202,319402,319602,319802,320002,320202,323582,323782,323982,324182,324382,324582,327962,328162,328362,328562,328762,328962,332342,332542,332742,332942,333142,333342,336722,336922,337122,337322,337522,337722,341102,341302,341502,341702,341902,342102,345482,345682,345882,346082,346282,346482,350347,350547,350747,350947,351147,351347,354727,354927,355127,355327,355527,355727,359107,359307,359507,359707,359907,360107,363487,363687,363887,364087,364287,364487,367867,368067,368267,368467,368667,368867,372247,372447,372647,372847,373047,373247,376627,376827,377027,377227,377427,377627,381007,381207,381407,381607,381807,382007,385874,386074,386274,386474,386674,386874,390254,390454,390654,390854,391054,391254,394634,394834,395034,395234,395434,395634,399014,399214,399414,399614,399814,400014,403394,403594,403794,403994,404194,404394,407774,407974,408174,408374,408574,408774,412154,412354,412554,412754,412954,413154,416534,416734,416934,417134,417334,417534,421399,421599,421799,421999,422199,422399,425779,425979,426179,426379,426579,426779,430159,430359,430559,430759,430959,431159,434539,434739,434939,435139,435339,435539,438919,439119,439319,439519,439719,439919
MBARRIER_TRYWAIT,45,1,158905,159105,159305,159505,159705,159905,160105,163286,163486,163686,163886,164086,164286,164486,167666,167866,168066,168266,168466,168666,168866,172533,172733,172933,173133,173333,173533,173733,176914,177114,177314,177514,177714,177914,178114,181294,181494,181694,181894,182094,182294,182494,185674,185874,186074,186274,186474,186674,186874,190054,190254,190454,190654,190854,191054,191254,194434,194634,194834,195034,195234,195434,195634,198814,199014,199214,199414,199614,199814,200014,203194,203394,203594,203794,203994,204194,204394,208060,208260,208460,208660,208860,209060,209260,212439,212639,212839,213039,213239,213439,213639,216819,217019,217219,217419,217619,217819,218019,221199,221399,221599,221799,221999,222199,222399,225579,225779,225979,226179,226379,226579,226779,229959,230159,230359,230559,230759,230959,231159,234339,234539,234739,234939,235139,235339,235539,238719,238919,239119,239319,239519,239719,239919,243585,243785,243985,244185,244385,244585,244785,247966,248166,248366,248566,248766,248966,249166,252346,252546,252746,252946,253146,253346,253546,256726,256926,257126,257326,257526,257726,257926,261106,261306,261506,261706,261906,262106,262306,265486,265686,265886,266086,266286,266486,266686,269866,270066,270266,270466,270666,270866,271066,274246,274446,274646,274846,275046,275246,275446,279112,279312,279512,279712,279912,280112,280312,283491,283691,283891,284091,284291,284491,284691,287871,288071,288271,288471,288671,288871,289071,292251,292451,292651,292851,293051,293251,293451,296631,296831,297031,297231,297431,297631,297831,301011,301211,301411,301611,301811,302011,302211,305391,305591,305791,305991,306191,306391,306591,309771,309971,310171,310371,310571,310771,310971,314637,314837,315037,315237,315437,315637,315837,319018,319218,319418,319618,319818,320018,320218,323398,323598,323798,323998,324198,324398,324598,327778,327978,328178,328378,328578,328778,328978,332158,332358,332558,332758,332958,333158,333358,336538,336738,336938,337138,337338,337538,337738,340918,341118,341318,341518,341718,341918,342118,345298,345498,345698,345898,346098,346298,346498,350164,350364,350564,350764,350964,351164,351364,354543,354743,354943,355143,355343,355543,355743,358923,359123,359323,359523,359723,359923,360123,363303,363503,363703,363903,364103,364303,364503,367683,367883,368083,368283,368483,368683,368883,372063,372263,372463,372663,372863,373063,373263,376443,376643,376843,377043,377243,377443,377643,380823,381023,381223,381423,381623,381823,382023,385690,385890,386090,386290,386490,386690,386890,390070,390270,390470,390670,390870,391070,391270,394450,394650,394850,395050,395250,395450,395650,398830,399030,399230,399430,399630,399830,400030,403210,403410,403610,403810,404010,404210,404410,407590,407790,407990,408190,408390,408590,408790,411970,412170,412370,412570,412770,412970,413170,416350,416550,416750,416950,417150,417350,417550,421216,421416,421616,421816,422016,422216,422416,425595,425795,425995,426195,426395,426595,426795,429975,430175,430375,430575,430775,430975,431175,434355,434555,434755,434955,435155,435355,435555,438735,438935,439135,439335,439535,439735,439935
MBARRIER_TRYWAIT,45,2,158901,159101,159301,159501,159701,159901,160101,163281,163481,163681,163881,164081,164281,164481,167661,167861,168061,168261,168461,168661,168861,172529,172729,172929,173129,173329,173529,173729,176909,177109,177309,177509,177709,177909,178109,181289,181489,181689,181889,182089,182289,182489,185669,185869,186069,186269,186469,186669,186869,190049,190249,190449,190649,190849,191049,191249,194429,194629,194829,195029,195229,195429,195629,198809,199009,199209,199409,199609,199809,200009,203189,203389,203589,203789,203989,204189,204389,208055,208255,208455,208655,208855,209055,209255,212434,212634,212834,213034,213234,213434,213634,216814,217014,217214,217414,217614,217814,218014,221194,221394,221594,221794,221994,222194,222394,225574,225774,225974,226174,226374,226574,226774,229954,230154,230354,230554,230754,230954,231154,234334,234534,234734,234934,235134,235334,235534,238714,238914,239114,239314,239514,239714,239914,243581,243781,243981,244181,244381,244581,244781,247961,248161,248361,248561,248761,248961,249161,252341,252541,252741,252941,253141,253341,253541,256721,256921,257121,257321,257521,257721,257921,261101,261301,261501,261701,261901,262101,262301,265481,265681,265881,266081,266281,266481,266681,269861,270061,270261,270461,270661,270861,271061,274241,274441,274641,274841,275041,275241,275441,279107,279307,279507,279707,279907,280107,280307,283486,283686,283886,284086,284286,284486,284686,287866,288066,288266,288466,288666,288866,289066,292246,292446,292646,292846,293046,293246,293446,296626,296826,297026,297226,297426,297626,297826,301006,301206,301406,301606,301806,302006,302206,305386,305586,305786,305986,306186,306386,306586,309766,309966,310166,310366,310566,310766,310966,314633,314833,315033,315233,315433,315633,315833,319013,319213,319413,319613,319813,320013,320213,323393,323593,323793,323993,324193,324393,324593,327773,327973,328173,328373,328573,328773,328973,332153,332353,332553,332753,332953,333153,333353,336533,336733,336933,337133,337333,337533,337733,340913,341113,341313,341513,341713,341913,342113,345293,345493,345693,345893,346093,346293,346493,350159,350359,350559,350759,350959,351159,351359,354538,354738,354938,355138,355338,355538,355738,358918,359118,359318,359518,359718,359918,360118,363298,363498,363698,363898,364098,364298,364498,367678,367878,368078,368278,368478,368678,368878,372058,372258,372458,372658,372858,373058,373258,376438,376638,376838,377038,377238,377438,377638,380818,381018,381218,381418,381618,381818,382018,385685,385885,386085,386285,386485,386685,386885,390065,390265,390465,390665,390865,391065,391265,394445,394645,394845,395045,395245,395445,395645,398825,399025,399225,399425,399625,399825,400025,403205,403405,403605,403805,404005,404205,404405,407585,407785,407985,408185,408385,408585,408785,411965,412165,412365,412565,412765,412965,413165,416345,416545,416745,416945,417145,417345,417545,421211,421411,421611,421811,422011,422211,422411,425590,425790,425990,426190,426390,426590,426790,429970,430170,430370,430570,430770,430970,431170,434350,434550,434750,434950,435150,435350,435550,438730,438930,439130,439330,439530,439730,439930
MBARRIER_TRYWAIT,45,3,158902,159102,159302,159502,159702,159902,160102,163282,163482,163682,163882,164082,164282,164482,167662,167862,168062,168262,168462,168662,168862,172529,172729,172929,173129,173329,173529,173729,176910,177110,177310,177510,177710,177910,178110,181290,181490,181690,181890,182090,182290,182490,185670,185870,186070,186270,186470,186670,186870,190050,190250,190450,190650,190850,191050,191250,194430,194630,194830,195030,195230,195430,195630,198810,199010,199210,199410,199610,199810,200010,203190,203390,203590,203790,203990,204190,204390,208055,208255,208455,208655,208855,209055,209255,212434,212634,212834,213034,213234,213434,213634,216814,217014,217214,217414,217614,217814,218014,221194,221394,221594,221794,221994,222194,222394,225574,225774,225974,226174,226374,226574,226774,229954,230154,230354,230554,230754,230954,231154,234334,234534,234734,234934,235134,235334,235534,238714,238914,239114,239314,239514,239714,239914,243581,243781,243981,244181,244381,244581,244781,247962,248162,248362,248562,248762,248962,249162,252342,252542,252742,252942,253142,253342,253542,256722,256922,257122,257322,257522,257722,257922,261102,261302,261502,261702,261902,262102,262302,265482,265682,265882,266082,266282,266482,266682,269862,270062,270262,270462,270662,270862,271062,274242,274442,274642,274842,275042,275242,275442,279107,279307,279507,279707,279907,280107,280307,283486,283686,283886,284086,284286,284486,284686,287866,288066,288266,288466,288666,288866,289066,292246,292446,292646,292846,293046,293246,293446,296626,296826,297026,297226,297426,297626,297826,301006,301206,301406,301606,301806,302006,302206,305386,305586,305786,305986,306186,306386,306586,309766,309966,310166,310366,310566,310766,310966,314633,314833,315033,315233,315433,315633,315833,319014,319214,319414,319614,319814,320014,320214,323394,323594,323794,323994,324194,324394,324594,327774,327974,328174,328374,328574,328774,328974,332154,332354,332554,332754,332954,333154,333354,336534,336734,336934,337134,337334,337534,337734,340914,341114,341314,341514,341714,341914,342114,345294,345494,345694,345894,346094,346294,346494,350159,350359,350559,350759,350959,351159,351359,354538,354738,354938,355138,355338,355538,355738,358918,359118,359318,359518,359718,359918,360118,363298,363498,363698,363898,364098,364298,364498,367678,367878,368078,368278,368478,368678,368878,372058,372258,372458,372658,372858,373058,373258,376438,376638,376838,377038,377238,377438,377638,380818,381018,381218,381418,381618,381818,382018,385686,385886,386086,386286,386486,386686,386886,390066,390266,390466,390666,390866,391066,391266,394446,394646,394846,395046,395246,395446,395646,398826,399026,399226,399426,399626,399826,400026,403206,403406,403606,403806,404006,404206,404406,407586,407786,407986,408186,408386,408586,408786,411966,412166,412366,412566,412766,412966,413166,416346,416546,416746,416946,417146,417346,417546,421211,421411,421611,421811,422011,422211,422411,425590,425790,425990,426190,426390,426590,426790,429970,430170,430370,430570,430770,430970,431170,434350,434550,434750,434950,435150,435350,435550,438730,438930,439130,439330,439530,439730,439930
MBARRIER_TRYWAIT,46,0,159090,159290,159490,159690,159890,160090,163470,163670,163870,164070,164270,164470,168335,168535,168735,168935,169135,169335,172715,172915,173115,173315,173515,173715,177095,177295,177495,177695,177895,178095,181475,181675,181875,182075,182275,182475,185855,186055,186255,186455,186655,186855,190235,190435,190635,190835,191035,191235,194615,194815,195015,195215,195415,195615,198995,199195,199395,199595,199795,199995,203862,204062,204262,204462,204662,204862,208242,208442,208642,208842,209042,209242,212622,212822,213022,213222,213422,213622,217002,217202,217402,217602,217802,218002,221382,221582,221782,221982,222182,222382,225762,225962,226162,226362,226562,226762,230142,230342,230542,230742,230942,231142,234522,234722,234922,235122,235322,235522,239389,239589,239789,239989,240189,240389,243770,243970,244170,244370,244570,244770,248150,248350,248550,248750,248950,249150,252530,252730,252930,253130,253330,253530,256910,257110,257310,257510,257710,257910,261290,261490,261690,261890,262090,262290,265670,265870,266070,266270,266470,266670,270050,270250,270450,270650,270850,271050,274917,275117,275317,275517,275717,275917,279298,279498,279698,279898,280098,280298,283678,283878,284078,284278,284478,284678,288058,288258,288458,288658,288858,289058,292438,292638,292838,293038,293238,293438,296818,297018,297218,297418,297618,297818,301198,301398,301598,301798,301998,302198,305578,305778,305978,306178,306378,306578,310443,310643,310843,311043,311243,311443,314823,315023,315223,315423,315623,315823,319203,319403,319603,319803,320003,320203,323583,323783,323983,324183,324383,324583,327963,328163,328363,328563,328763,328963,332343,332543,332743,332943,333143,333343,336723,336923,337123,337323,337523,337723,341103,341303,341503,341703,341903,342103,345969,346169,346369,346569,346769,346969,350350,350550,350750,350950,351150,351350,354730,354930,355130,355330,355530,355730,359110,359310,359510,359710,359910,360110,363490,363690,363890,364090,364290,364490,367870,368070,368270,368470,368670,368870,372250,372450,372650,372850,373050,373250,376630,376830,377030,377230,377430,377630,381497,381697,381897,382097,382297,382497,385878,386078,386278,386478,386678,386878,390258,390458,390658,390858,391058,391258,394638,394838,395038,395238,395438,395638,399018,399218,399418,399618,399818,400018,403398,403598,403798,403998,404198,404398,407778,407978,408178,408378,408578,408778,412158,412358,412558,412758,412958,413158,417023,417223,417423,417623,417823,418023,421403,421603,421803,422003,422203,422403,425783,425983,426183,426383,426583,426783,430163,430363,430563,430763,430963,431163,434543,434743,434943,435143,435343,435543,438923,439123,439323,439523,439723,439923
MBARRIER_TRYWAIT,46,1,158905,159105,159305,159505,159705,159905,160105,163286,163486,163686,163886,164086,164286,164486,168152,168352,168552,168752,168952,169152,169352,172531,172731,172931,173131,173331,173531,173731,176911,177111,177311,177511,177711,177911,178111,181291,181491,181691,181891,182091,182291,182491,185671,185871,186071,186271,186471,186671,186871,190051,190251,190451,190651,190851,191051,191251,194431,194631,194831,195031,195231,195431,195631,198811,199011,199211,199411,199611,199811,200011,203678,203878,204078,204278,204478,204678,204878,208058,208258,208458,208658,208858,209058,209258,212438,212638,212838,213038,213238,213438,213638,216818,217018,217218,217418,217618,217818,218018,221198,221398,221598,221798,221998,222198,222398,225578,225778,225978,226178,226378,226578,226778,229958,230158,230358,230558,230758,230958,231158,234338,234538,234738,234938,235138,235338,235538,239205,239405,239605,239805,240005,240205,240405,243586,243786,243986,244186,244386,244586,244786,247966,248166,248366,248566,248766,248966,249166,252346,252546,252746,252946,253146,253346,253546,256726,256926,257126,257326,257526,257726,257926,261106,261306,261506,261706,261906,262106,262306,265486,265686,265886,266086,266286,266486,266686,269866,270066,270266,270466,270666,270866,271066,274733,274933,275133,275333,275533,275733,275933,279114,279314,279514,279714,279914,280114,280314,283494,283694,283894,284094,284294,284494,284694,287874,288074,288274,288474,288674,288874,289074,292254,292454,292654,292854,293054,293254,293454,296634,296834,297034,297234,297434,297634,297834,301014,301214,301414,301614,301814,302014,302214,305394,305594,305794,305994,306194,306394,306594,310260,310460,310660,310860,311060,311260,311460,314639,314839,315039,315239,315439,315639,315839,319019,319219,319419,319619,319819,320019,320219,323399,323599,323799,323999,324199,324399,324599,327779,327979,328179,328379,328579,328779,328979,332159,332359,332559,332759,332959,333159,333359,336539,336739,336939,337139,337339,337539,337739,340919,341119,341319,341519,341719,341919,342119,345785,345985,346185,346385,346585,346785,346985,350166,350366,350566,350766,350966,351166,351366,354546,354746,354946,355146,355346,355546,355746,358926,359126,359326,359526,359726,359926,360126,363306,363506,363706,363906,364106,364306,364506,367686,367886,368086,368286,368486,368686,368886,372066,372266,372466,372666,372866,373066,373266,376446,376646,376846,377046,377246,377446,377646,381313,381513,381713,381913,382113,382313,382513,385694,385894,386094,386294,386494,386694,386894,390074,390274,390474,390674,390874,391074,391274,394454,394654,394854,395054,395254,395454,395654,398834,399034,399234,399434,399634,399834,400034,403214,403414,403614,403814,404014,404214,404414,407594,407794,407994,408194,408394,408594,408794,411974,412174,412374,412574,412774,412974,413174,416840,417040,417240,417440,417640,417840,418040,421219,421419,421619,421819,422019,422219,422419,425599,425799,425999,426199,426399,426599,426799,429979,430179,430379,430579,430779,430979,431179,434359,434559,434759,434959,435159,435359,435559,438739,438939,439139,439339,439539,439739,439939
MBARRIER_TRYWAIT,46,2,158901,159101,159301,159501,159701,159901,160101,163281,163481,163681,163881,164081,164281,164481,168147,168347,168547,168747,168947,169147,169347,172526,172726,172926,173126,173326,173526,173726,176906,177106,177306,177506,177706,177906,178106,181286,181486,181686,181886,182086,182286,182486,185666,185866,186066,186266,186466,186666,186866,190046,190246,190446,190646,190846,191046,191246,194426,194626,194826,195026,195226,195426,195626,198806,199006,199206,199406,199606,199806,200006,203673,203873,204073,204273,204473,204673,204873,208053,208253,208453,208653,208853,209053,209253,212433,212633,212833,213033,213233,213433,213633,216813,217013,217213,217413,217613,217813,218013,221193,221393,221593,221793,221993,222193,222393,225573,225773,225973,226173,226373,226573,226773,229953,230153,230353,230553,230753,230953,231153,234333,234533,234733,234933,235133,235333,235533,239201,239401,239601,239801,240001,240201,240401,243581,243781,243981,244181,244381,244581,244781,247961,248161,248361,248561,248761,248961,249161,252341,252541,252741,252941,253141,253341,253541,256721,256921,257121,257321,257521,257721,257921,261101,261301,261501,261701,261901,262101,262301,265481,265681,265881,266081,266281,266481,266681,269861,270061,270261,270461,270661,270861,271061,274729,274929,275129,275329,275529,275729,275929,279109,279309,279509,279709,279909,280109,280309,283489,283689,283889,284089,284289,284489,284689,287869,288069,288269,288469,288669,288869,289069,292249,292449,292649,292849,293049,293249,293449,296629,296829,297029,297229,297429,297629,297829,301009,301209,301409,301609,301809,302009,302209,305389,305589,305789,305989,306189,306389,306589,310255,310455,310655,310855,311055,311255,311455,314634,314834,315034,315234,315434,315634,315834,319014,319214,319414,319614,319814,320014,320214,323394,323594,323794,323994,324194,324394,324594,327774,327974,328174,328374,328574,328774,328974,332154,332354,332554,332754,332954,333154,333354,336534,336734,336934,337134,337334,337534,337734,340914,341114,341314,341514,341714,341914,342114,345781,345981,346181,346381,346581,346781,346981,350161,350361,350561,350761,350961,351161,351361,354541,354741,354941,355141,355341,355541,355741,358921,359121,359321,359521,359721,359921,360121,363301,363501,363701,363901,364101,364301,364501,367681,367881,368081,368281,368481,368681,368881,372061,372261,372461,372661,372861,373061,373261,376441,376641,376841,377041,377241,377441,377641,381309,381509,381709,381909,382109,382309,382509,385689,385889,386089,386289,386489,386689,386889,390069,390269,390469,390669,390869,391069,391269,394449,394649,394849,395049,395249,395449,395649,398829,399029,399229,399429,399629,399829,400029,403209,403409,403609,403809,404009,404209,404409,407589,407789,407989,408189,408389,408589,408789,411969,412169,412369,412569,412769,412969,413169,416835,417035,417235,417435,417635,417835,418035,421214,421414,421614,421814,422014,422214,422414,425594,425794,425994,426194,426394,426594,426794,429974,430174,430374,430574,430774,430974,431174,434354,434554,434754,434954,435154,435354,435554,438734,438934,439134,439334,439534,439734,439934
MBARRIER_TRYWAIT,46,3,158902,159102,159302,159502,159702,159902,160102,163282,163482,163682,163882,164082,164282,164482,168147,168347,168547,168747,168947,169147,169347,172526,172726,172926,173126,173326,173526,173726,176906,177106,177306,177506,177706,177906,178106,181286,181486,181686,181886,182086,182286,182486,185666,185866,186066,186266,186466,186666,186866,190046,190246,190446,190646,190846,191046,191246,194426,194626,194826,195026,195226,195426,195626,198806,199006,199206,199406,199606,199806,200006,203674,203874,204074,204274,204474,204674,204874,208054,208254,208454,208654,208854,209054,209254,212434,212634,212834,213034,213234,213434,213634,216814,217014,217214,217414,217614,217814,218014,221194,221394,221594,221794,221994,222194,222394,225574,225774,225974,226174,226374,226574,226774,229954,230154,230354,230554,230754,230954,231154,234334,234534,234734,234934,235134,235334,235534,239201,239401,239601,239801,240001,240201,240401,243582,243782,243982,244182,244382,244582,244782,247962,248162,248362,248562,248762,248962,249162,252342,252542,252742,252942,253142,253342,253542,256722,256922,257122,257322,257522,257722,257922,261102,261302,261502,261702,261902,262102,262302,265482,265682,265882,266082,266282,266482,266682,269862,270062,270262,270462,270662,270862,271062,274729,274929,275129,275329,275529,275729,275929,279110,279310,279510,279710,279910,280110,280310,283490,283690,283890,284090,284290,284490,284690,287870,288070,288270,288470,288670,288870,289070,292250,292450,292650,292850,293050,293250,293450,296630,296830,297030,297230,297430,297630,297830,301010,301210,301410,301610,301810,302010,302210,305390,305590,305790,305990,306190,306390,306590,310255,310455,310655,310855,311055,311255,311455,314634,314834,315034,315234,315434,315634,315834,319014,319214,319414,319614,319814,320014,320214,323394,323594,323794,323994,324194,324394,324594,327774,327974,328174,328374,328574,328774,328974,332154,332354,332554,332754,332954,333154,333354,336534,336734,336934,337134,337334,337534,337734,340914,341114,341314,341514,341714,341914,342114,345781,345981,346181,346381,346581,346781,346981,350162,350362,350562,350762,350962,351162,351362,354542,354742,354942,355142,355342,355542,355742,358922,359122,359322,359522,359722,359922,360122,363302,363502,363702,363902,364102,364302,364502,367682,367882,368082,368282,368482,368682,368882,372062,372262,372462,372662,372862,373062,373262,376442,376642,376842,377042,377242,377442,377642,381309,381509,381709,381909,382109,382309,382509,385690,385890,386090,386290,386490,386690,386890,390070,390270,390470,390670,390870,391070,391270,394450,394650,394850,395050,395250,395450,395650,398830,399030,399230,399430,399630,399830,400030,403210,403410,403610,403810,404010,404210,404410,407590,407790,407990,408190,408390,408590,408790,411970,412170,412370,412570,412770,412970,413170,416835,417035,417235,417435,417635,417835,418035,421214,421414,421614,421814,422014,422214,422414,425594,425794,425994,426194,426394,426594,426794,429974,430174,430374,430574,430774,430974,431174,434354,434554,434754,434954,435154,435354,435554,438734,438934,439134,439334,439534,439734,439934
MBARRIER_TRYWAIT,47,0,159090,159290,159490,159690,159890,160090,163955,164155,164355,164555,164755,164955,168335,168535,168735,168935,169135,169335,172715,172915,173115,173315,173515,173715,177095,177295,177495,177695,177895,178095,181475,181675,181875,182075,182275,182475,185855,186055,186255,186455,186655,186855,190235,190435,190635,190835,191035,191235,194615,194815,195015,195215,195415,195615,199481,199681,199881,200081,200281,200481,203862,204062,204262,204462,204662,204862,208242,208442,208642,208842,209042,209242,212622,212822,213022,213222,213422,213622,217002,217202,217402,217602,217802,218002,221382,221582,221782,221982,222182,222382,225762,225962,226162,226362,226562,226762,230142,230342,230542,230742,230942,231142,235010,235210,235410,235610,235810,236010,239390,239590,239790,239990,240190,240390,243770,243970,244170,244370,244570,244770,248150,248350,248550,248750,248950,249150,252530,252730,252930,253130,253330,253530,256910,257110,257310,257510,257710,257910,261290,261490,261690,261890,262090,262290,265670,265870,266070,266270,266470,266670,270535,270735,270935,271135,271335,271535,274915,275115,275315,275515,275715,275915,279295,279495,279695,279895,280095,280295,283675,283875,284075,284275,284475,284675,288055,288255,288455,288655,288855,289055,292435,292635,292835,293035,293235,293435,296815,297015,297215,297415,297615,297815,301195,301395,301595,301795,301995,302195,306061,306261,306461,306661,306861,307061,310442,310642,310842,311042,311242,311442,314822,315022,315222,315422,315622,315822,319202,319402,319602,319802,320002,320202,323582,323782,323982,324182,324382,324582,327962,328162,328362,328562,328762,328962,332342,332542,332742,332942,333142,333342,336722,336922,337122,337322,337522,337722,341587,341787,341987,342187,342387,342587,345967,346167,346367,346567,346767,346967,350347,350547,350747,350947,351147,351347,354727,354927,355127,355327,355527,355727,359107,359307,359507,359707,359907,360107,363487,363687,363887,364087,364287,364487,367867,368067,368267,368467,368667,368867,372247,372447,372647,372847,373047,373247,377113,377313,377513,377713,377913,378113,381494,381694,381894,382094,382294,382494,385874,386074,386274,386474,386674,386874,390254,390454,390654,390854,391054,391254,394634,394834,395034,395234,395434,395634,399014,399214,399414,399614,399814,400014,403394,403594,403794,403994,404194,404394,407774,407974,408174,408374,408574,408774,412639,412839,413039,413239,413439,413639,417019,417219,417419,417619,417819,418019,421399,421599,421799,421999,422199,422399,425779,425979,426179,426379,426579,426779,430159,430359,430559,430759,430959,431159,434539,434739,434939,435139,435339,435539,438919,439119,439319,439519,439719,439919
MBARRIER_TRYWAIT,47,1,158905,159105,159305,159505,159705,159905,160105,163772,163972,164172,164372,164572,164772,164972,168151,168351,168551,168751,168951,169151,169351,172531,172731,172931,173131,173331,173531,173731,176911,177111,177311,177511,177711,177911,178111,181291,181491,181691,181891,182091,182291,182491,185671,185871,186071,186271,186471,186671,186871,190051,190251,190451,190651,190851,191051,191251,194431,194631,194831,195031,195231,195431,195631,199297,199497,199697,199897,200097,200297,200497,203678,203878,204078,204278,204478,204678,204878,208058,208258,208458,208658,208858,209058,209258,212438,212638,212838,213038,213238,213438,213638,216818,217018,217218,217418,217618,217818,218018,221198,221398,221598,221798,221998,222198,222398,225578,225778,225978,226178,226378,226578,226778,229958,230158,230358,230558,230758,230958,231158,234826,235026,235226,235426,235626,235826,236026,239206,239406,239606,239806,240006,240206,240406,243586,243786,243986,244186,244386,244586,244786,247966,248166,248366,248566,248766,248966,249166,252346,252546,252746,252946,253146,253346,253546,256726,256926,257126,257326,257526,257726,257926,261106,261306,261506,261706,261906,262106,262306,265486,265686,265886,266086,266286,266486,266686,270352,270552,270752,270952,271152,271352,271552,274731,274931,275131,275331,275531,275731,275931,279111,279311,279511,279711,279911,280111,280311,283491,283691,283891,284091,284291,284491,284691,287871,288071,288271,288471,288671,288871,289071,292251,292451,292651,292851,293051,293251,293451,296631,296831,297031,297231,297431,297631,297831,301011,301211,301411,301611,301811,302011,302211,305877,306077,306277,306477,306677,306877,307077,310258,310458,310658,310858,311058,311258,311458,314638,314838,315038,315238,315438,315638,315838,319018,319218,319418,319618,319818,320018,320218,323398,323598,323798,323998,324198,324398,324598,327778,327978,328178,328378,328578,328778,328978,332158,332358,332558,332758,332958,333158,333358,336538,336738,336938,337138,337338,337538,337738,341404,341604,341804,342004,342204,342404,342604,345783,345983,346183,346383,346583,346783,346983,350163,350363,350563,350763,350963,351163,351363,354543,354743,354943,355143,355343,355543,355743,358923,359123,359323,359523,359723,359923,360123,363303,363503,363703,363903,364103,364303,364503,367683,367883,368083,368283,368483,368683,368883,372063,372263,372463,372663,372863,373063,373263,376929,377129,377329,377529,377729,377929,378129,381310,381510,381710,381910,382110,382310,382510,385690,385890,386090,386290,386490,386690,386890,390070,390270,390470,390670,390870,391070,391270,394450,394650,394850,395050,395250,395450,395650,398830,399030,399230,399430,399630,399830,400030,403210,403410,403610,403810,404010,404210,404410,407590,407790,407990,408190,408390,408590,408790,412456,412656,412856,413056,413256,413456,413656,416835,417035,417235,417435,417635,417835,418035,421215,421415,421615,421815,422015,422215,422415,425595,425795,425995,426195,426395,426595,426795,429975,430175,430375,430575,430775,430975,431175,434355,434555,434755,434955,435155,435355,435555,438735,438935,439135,439335,439535,439735,439935
MBARRIER_TRYWAIT,47,2,158901,159101,159301,159501,159701,159901,160101,163767,163967,164167,164367,164567,164767,164967,168146,168346,168546,168746,168946,169146,169346,172526,172726,172926,173126,173326,173526,173726,176906,177106,177306,177506,177706,177906,178106,181286,181486,181686,181886,182086,182286,182486,185666,185866,186066,186266,186466,186666,186866,190046,190246,190446,190646,190846,191046,191246,194426,194626,194826,195026,195226,195426,195626,199293,199493,199693,199893,200093,200293,200493,203673,203873,204073,204273,204473,204673,204873,208053,208253,208453,208653,208853,209053,209253,212433,212633,212833,213033,213233,213433,213633,216813,217013,217213,217413,217613,217813,218013,221193,221393,221593,221793,221993,222193,222393,225573,225773,225973,226173,226373,226573,226773,229953,230153,230353,230553,230753,230953,231153,234821,235021,235221,235421,235621,235821,236021,239201,239401,239601,239801,240001,240201,240401,243581,243781,243981,244181,244381,244581,244781,247961,248161,248361,248561,248761,248961,249161,252341,252541,252741,252941,253141,253341,253541,256721,256921,257121,257321,257521,257721,257921,261101,261301,261501,261701,261901,262101,262301,265481,265681,265881,266081,266281,266481,266681,270347,270547,270747,270947,271147,271347,271547,274726,274926,275126,275326,275526,275726,275926,279106,279306,279506,279706,279906,280106,280306,283486,283686,283886,284086,284286,284486,284686,287866,288066,288266,288466,288666,288866,289066,292246,292446,292646,292846,293046,293246,293446,296626,296826,297026,297226,297426,297626,297826,301006,301206,301406,301606,301806,302006,302206,305873,306073,306273,306473,306673,306873,307073,310253,310453,310653,310853,311053,311253,311453,314633,314833,315033,315233,315433,315633,315833,319013,319213,319413,319613,319813,320013,320213,323393,323593,323793,323993,324193,324393,324593,327773,327973,328173,328373,328573,328773,328973,332153,332353,332553,332753,332953,333153,333353,336533,336733,336933,337133,337333,337533,337733,341399,341599,341799,341999,342199,342399,342599,345778,345978,346178,346378,346578,346778,346978,350158,350358,350558,350758,350958,351158,351358,354538,354738,354938,355138,355338,355538,355738,358918,359118,359318,359518,359718,359918,360118,363298,363498,363698,363898,364098,364298,364498,367678,367878,368078,368278,368478,368678,368878,372058,372258,372458,372658,372858,373058,373258,376925,377125,377325,377525,377725,377925,378125,381305,381505,381705,381905,382105,382305,382505,385685,385885,386085,386285,386485,386685,386885,390065,390265,390465,390665,390865,391065,391265,394445,394645,394845,395045,395245,395445,395645,398825,399025,399225,399425,399625,399825,400025,403205,403405,403605,403805,404005,404205,404405,407585,407785,407985,408185,408385,408585,408785,412451,412651,412851,413051,413251,413451,413651,416830,417030,417230,417430,417630,417830,418030,421210,421410,421610,421810,422010,422210,422410,425590,425790,425990,426190,426390,426590,426790,429970,430170,430370,430570,430770,430970,431170,434350,434550,434750,434950,435150,435350,435550,438730,438930,439130,439330,439530,439730,439930
MBARRIER_TRYWAIT,47,3,158902,159102,159302,159502,159702,159902,160102,163767,163967,164167,164367,164567,164767,164967,168146,168346,168546,168746,168946,169146,169346,172526,172726,172926,173126,173326,173526,173726,176906,177106,177306,177506,177706,177906,178106,181286,181486,181686,181886,182086,182286,182486,185666,185866,186066,186266,186466,186666,186866,190046,190246,190446,190646,190846,191046,191246,194426,194626,194826,195026,195226,195426,195626,199293,199493,199693,199893,200093,200293,200493,203674,203874,204074,204274,204474,204674,204874,208054,208254,208454,208654,208854,209054,209254,212434,212634,212834,213034,213234,213434,213634,216814,217014,217214,217414,217614,217814,218014,221194,221394,221594,221794,221994,222194,222394,225574,225774,225974,226174,226374,226574,226774,229954,230154,230354,230554,230754,230954,231154,234822,235022,235222,235422,235622,235822,236022,239202,239402,239602,239802,240002,240202,240402,243582,243782,243982,244182,244382,244582,244782,247962,248162,248362,248562,248762,248962,249162,252342,252542,252742,252942,253142,253342,253542,256722,256922,257122,257322,257522,257722,257922,261102,261302,261502,261702,261902,262102,262302,265482,265682,265882,266082,266282,266482,266682,270347,270547,270747,270947,271147,271347,271547,274726,274926,275126,275326,275526,275726,275926,279106,279306,279506,279706,279906,280106,280306,283486,283686,283886,284086,284286,284486,284686,287866,288066,288266,288466,288666,288866,289066,292246,292446,292646,292846,293046,293246,293446,296626,296826,297026,297226,297426,297626,297826,301006,301206,301406,301606,301806,302006,302206,305873,306073,306273,306473,306673,306873,307073,310254,310454,310654,310854,311054,311254,311454,314634,314834,315034,315234,315434,315634,315834,319014,319214,319414,319614,319814,320014,320214,323394,323594,323794,323994,324194,324394,324594,327774,327974,328174,328374,328574,328774,328974,332154,332354,332554,332754,332954,333154,333354,336534,336734,336934,337134,337334,337534,337734,341399,341599,341799,341999,342199,342399,342599,345778,345978,346178,346378,346578,346778,346978,350158,350358,350558,350758,350958,351158,351358,354538,354738,354938,355138,355338,355538,355738,358918,359118,359318,359518,359718,359918,360118,363298,363498,363698,363898,364098,364298,364498,367678,367878,368078,368278,368478,368678,368878,372058,372258,372458,372658,372858,373058,373258,376925,377125,377325,377525,377725,377925,378125,381306,381506,381706,381906,382106,382306,382506,385686,385886,386086,386286,386486,386686,386886,390066,390266,390466,390666,390866,391066,391266,394446,394646,394846,395046,395246,395446,395646,398826,399026,399226,399426,399626,399826,400026,403206,403406,403606,403806,404006,404206,404406,407586,407786,407986,408186,408386,408586,408786,412451,412651,412851,413051,413251,413451,413651,416830,417030,417230,417430,417630,417830,418030,421210,421410,421610,421810,422010,422210,422410,425590,425790,425990,426190,426390,426590,426790,429970,430170,430370,430570,430770,430970,431170,434350,434550,434750,434950,435150,435350,435550,438730,438930,439130,439330,439530,439730,439930
gpgpu_n_tot_thrd_icount = 160733824
gpgpu_n_tot_w_icount = 5238448
gpgpu_n_stall_shd_mem = 597520
gpgpu_n_mem_read_local = 0
gpgpu_n_mem_write_local = 0
gpgpu_n_mem_read_global = 801600
gpgpu_n_mem_write_global = 807808
gpgpu_n_mem_texture = 0
gpgpu_n_mem_const = 0
gpgpu_n_load_insn  = 13904
gpgpu_n_store_insn = 7696
gpgpu_n_shmem_insn = 13164048
gpgpu_n_sstarr_insn = 0
gpgpu_n_tex_insn = 0
gpgpu_n_const_mem_insn = 0
gpgpu_n_param_mem_insn = 0
gpgpu_n_shmem_bkconflict = 0
gpgpu_n_l1cache_bkconflict = 0
gpgpu_n_intrawarp_mshr_merge = 0
gpgpu_n_cmem_portconflict = 0
gpgpu_stall_shd_mem[c_mem][resource_stall] = 0
gpgpu_stall_shd_mem[s_mem][bk_conf] = 0
gpgpu_stall_shd_mem[gl_mem][resource_stall] = 0
gpgpu_stall_shd_mem[gl_mem][coal_stall] = 200208
gpgpu_stall_shd_mem[gl_mem][data_port_stall] = 0
gpu_reg_bank_conflict_stalls = 0
Warp Occupancy Distribution:
Stall:989057	W0_Idle:10492322	W0_Scoreboard:11197273	W1:72992	W2:0	W3:0	W4:0	W5:0	W6:0	W7:0	W8:0	W9:0	W10:0	W11:0	W12:0	W13:0	W14:0	W15:0	W16:0	W17:0	W18:0	W19:0	W20:0	W21:0	W22:0	W23:0	W24:0	W25:0	W26:0	W27:0	W28:0	W29:0	W30:0	W31:15520	W32:5005616
single_issue_nums: WS0:1345696	WS1:1313104	WS2:1289824	WS3:1289824	
dual_issue_nums: WS0:0	WS1:0	WS2:0	WS3:0	
traffic_breakdown_coretomem[GLOBAL_ACC_R] = 6363136 {8:795392,}
traffic_breakdown_coretomem[GLOBAL_ACC_W] = 32312320 {40:807808,}
traffic_breakdown_coretomem[GLOBAL_ATOMIC] = 248320 {40:6208,}
traffic_breakdown_memtocore[CHIPLET_ACC_R] = 15896320 {40:397408,}
traffic_breakdown_memtocore[GLOBAL_ACC_R] = 15919360 {40:397984,}
traffic_breakdown_memtocore[GLOBAL_ACC_W] = 6462464 {8:807808,}
traffic_breakdown_memtocore[GLOBAL_ATOMIC] = 248320 {40:6208,}
maxmflatency = 1012 
max_icnt2mem_latency = 165 
maxmrqlatency = 0 
max_icnt2sh_latency = 41 
averagemflatency = 548 
avg_icnt2mem_latency = 99 
avg_icnt2sh_latency = 5 
mrq_lat_table:0 	0 	0 	0 	0 	0 	0 	0 	0 	0 	0 	0 	0 	0 	0 	0 	0 	0 	0 	0 	0 	0 	0 	0 	0 	0 	0 	0 	0 	0 	0 	0 	
dq_lat_table:0 	0 	0 	0 	0 	0 	0 	0 	0 	0 	0 	0 	0 	0 	0 	0 	0 	0 	0 	0 	0 	0 	0 	0 	0 	0 	0 	0 	0 	0 	0 	0 	
mf_lat_table:0 	0 	0 	0 	0 	0 	0 	58776 	754676 	795956 	0 	0 	0 	0 	0 	0 	0 	0 	0 	0 	0 	0 	0 	0 	0 	0 	0 	0 	0 	0 	0 	0 	
icnt2mem_lat_table:0 	7215 	17759 	47746 	97869 	199830 	397425 	841564 	0 	0 	0 	0 	0 	0 	0 	0 	0 	0 	0 	0 	0 	0 	0 	0 	
icnt2sh_lat_table:0 	462561 	774618 	327729 	44186 	314 	0 	0 	0 	0 	0 	0 	0 	0 	0 	0 	0 	0 	0 	0 	0 	0 	0 	0 	
mf_lat_pw_table:0 	0 	0 	0 	0 	0 	0 	91 	253 	225 	0 	0 	0 	0 	0 	0 	0 	0 	0 	0 	0 	0 	0 	0 	0 	0 	0 	0 	0 	0 	0 	0 	
maximum concurrent accesses to same row:
dram[0]:         0         0         0         0         0         0         0         0         0         0         0         0         0         0         0         0 
dram[1]:         0         0         0         0         0         0         0         0         0         0         0         0         0         0         0         0 
dram[2]:         0         0         0         0         0         0         0         0         0         0         0         0         0         0         0         0 
dram[3]:         0         0         0         0         0         0         0         0         0         0         0         0         0         0         0         0 
dram[4]:         0         0         0         0         0         0         0         0         0         0         0         0         0         0         0         0 
dram[5]:         0         0         0         0         0         0         0         0         0         0         0         0         0         0         0         0 
dram[6]:         0         0         0         0         0         0         0         0         0         0         0         0         0         0         0         0 
dram[7]:         0         0         0         0         0         0         0         0         0         0         0         0         0         0         0         0 
dram[8]:         0         0         0         0         0         0         0         0         0         0         0         0         0         0         0         0 
dram[9]:         0         0         0         0         0         0         0         0         0         0         0         0         0         0         0         0 
dram[10]:         0         0         0         0         0         0         0         0         0         0         0         0         0         0         0         0 
dram[11]:         0         0         0         0         0         0         0         0         0         0         0         0         0         0         0         0 
dram[12]:         0         0         0         0         0         0         0         0         0         0         0         0         0         0         0         0 
dram[13]:         0         0         0         0         0         0         0         0         0         0         0         0         0         0         0         0 
dram[14]:         0         0         0         0         0         0         0         0         0         0         0         0         0         0         0         0 
dram[15]:         0         0         0         0         0         0         0         0         0         0         0         0         0         0         0         0 
dram[16]:         0         0         0         0         0         0         0         0         0         0         0         0         0         0         0         0 
dram[17]:         0         0         0         0         0         0         0         0         0         0         0         0         0         0         0         0 
dram[18]:         0         0         0         0         0         0         0         0         0         0         0         0         0         0         0         0 
dram[19]:         0         0         0         0         0         0         0         0         0         0         0         0         0         0         0         0 
dram[20]:         0         0         0         0         0         0         0         0         0         0         0         0         0         0         0         0 
dram[21]:         0         0         0         0         0         0         0         0         0         0         0         0         0         0         0         0 
dram[22]:         0         0         0         0         0         0         0         0         0         0         0         0         0         0         0         0 
dram[23]:         0         0         0         0         0         0         0         0         0         0         0         0         0         0         0         0 
dram[24]:         0         0         0         0         0         0         0         0         0         0         0         0         0         0         0         0 
dram[25]:         0         0         0         0         0         0         0         0         0         0         0         0         0         0         0         0 
dram[26]:         0         0         0         0         0         0         0         0         0         0         0         0         0         0         0         0 
dram[27]:         0         0         0         0         0         0         0         0         0         0         0         0         0         0         0         0 
dram[28]:         0         0         0         0         0         0         0         0         0         0         0         0         0         0         0         0 
dram[29]:         0         0         0         0         0         0         0         0         0         0         0         0         0         0         0         0 
dram[30]:         0         0         0         0         0         0         0         0         0         0         0         0         0         0         0         0 
dram[31]:         0         0         0         0         0         0         0         0         0         0         0         0         0         0         0         0 
dram[32]:         0         0         0         0         0         0         0         0         0         0         0         0         0         0         0         0 
dram[33]:         0         0         0         0         0         0         0         0         0         0         0         0         0         0         0         0 
dram[34]:         0         0         0         0         0         0         0         0         0         0         0         0         0         0         0         0 
dram[35]:         0         0         0         0         0         0         0         0         0         0         0         0         0         0         0         0 
dram[36]:         0         0         0         0         0         0         0         0         0         0         0         0         0         0         0         0 
dram[37]:         0         0         0         0         0         0         0         0         0         0         0         0         0         0         0         0 
dram[38]:         0         0         0         0         0         0         0         0         0         0         0         0         0         0         0         0 
dram[39]:         0         0         0         0         0         0         0         0         0         0         0         0         0         0         0         0 
maximum service time to same row:
dram[0]:         0         0         0         0         0         0         0         0         0         0         0         0         0         0         0         0 
dram[1]:         0         0         0         0         0         0         0         0         0         0         0         0         0         0         0         0 
dram[2]:         0         0         0         0         0         0         0         0         0         0         0         0         0         0         0         0 
dram[3]:         0         0         0         0         0         0         0         0         0         0         0         0         0         0         0         0 
dram[4]:         0         0         0         0         0         0         0         0         0         0         0         0         0         0         0         0 
dram[5]:         0         0         0         0         0         0         0         0         0         0         0         0         0         0         0         0 
dram[6]:         0         0         0         0         0         0         0         0         0         0         0         0         0         0         0         0 
dram[7]:         0         0         0         0         0         0         0         0         0         0         0         0         0         0         0         0 
dram[8]:         0         0         0         0         0         0         0         0         0         0         0         0         0         0         0         0 
dram[9]:         0         0         0         0         0         0         0         0         0         0         0         0         0         0         0         0 
dram[10]:         0         0         0         0         0         0         0         0         0         0         0         0         0         0         0         0 
dram[11]:         0         0         0         0         0         0         0         0         0         0         0         0         0         0         0         0 
dram[12]:         0         0         0         0         0         0         0         0         0         0         0         0         0         0         0         0 
dram[13]:         0         0         0         0         0         0         0         0         0         0         0         0         0         0         0         0 
dram[14]:         0         0         0         0         0         0         0         0         0         0         0         0         0         0         0         0 
dram[15]:         0         0         0         0         0         0         0         0         0         0         0         0         0         0         0         0 
dram[16]:         0         0         0         0         0         0         0         0         0         0         0         0         0         0         0         0 
dram[17]:         0         0         0         0         0         0         0         0         0         0         0         0         0         0         0         0 
dram[18]:         0         0         0         0         0         0         0         0         0         0         0         0         0         0         0         0 
dram[19]:         0         0         0         0         0         0         0         0         0         0         0         0         0         0         0         0 
dram[20]:         0         0         0         0         0         0         0         0         0         0         0         0         0         0         0         0 
dram[21]:         0         0         0         0         0         0         0         0         0         0         0         0         0         0         0         0 
dram[22]:         0         0         0         0         0         0         0         0         0         0         0         0         0         0         0         0 
dram[23]:         0         0         0         0         0         0         0         0         0         0         0         0         0         0         0         0 
dram[24]:         0         0         0         0         0         0         0         0         0         0         0         0         0         0         0         0 
dram[25]:         0         0         0         0         0         0         0         0         0         0         0         0         0         0         0         0 
dram[26]:         0         0         0         0         0         0         0         0         0         0         0         0         0         0         0         0 
dram[27]:         0         0         0         0         0         0         0         0         0         0         0         0         0         0         0         0 
dram[28]:         0         0         0         0         0         0         0         0         0         0         0         0         0         0         0         0 
dram[29]:         0         0         0         0         0         0         0         0         0         0         0         0         0         0         0         0 
dram[30]:         0         0         0         0         0         0         0         0         0         0         0         0         0         0         0         0 
dram[31]:         0         0         0         0         0         0         0         0         0         0         0         0         0         0         0         0 
dram[32]:         0         0         0         0         0         0         0         0         0         0         0         0         0         0         0         0 
dram[33]:         0         0         0         0         0         0         0         0         0         0         0         0         0         0         0         0 
dram[34]:         0         0         0         0         0         0         0         0         0         0         0         0         0         0         0         0 
dram[35]:         0         0         0         0         0         0         0         0         0         0         0         0         0         0         0         0 
dram[36]:         0         0         0         0         0         0         0         0         0         0         0         0         0         0         0         0 
dram[37]:         0         0         0         0         0         0         0         0         0         0         0         0         0         0         0         0 
dram[38]:         0         0         0         0         0         0         0         0         0         0         0         0         0         0         0         0 
dram[39]:         0         0         0         0         0         0         0         0         0         0         0         0         0         0         0         0 
average row accesses per activate:
dram[0]:      -nan      -nan      -nan      -nan      -nan      -nan      -nan      -nan      -nan      -nan      -nan      -nan      -nan      -nan      -nan      -nan 
dram[1]:      -nan      -nan      -nan      -nan      -nan      -nan      -nan      -nan      -nan      -nan      -nan      -nan      -nan      -nan      -nan      -nan 
dram[2]:      -nan      -nan      -nan      -nan      -nan      -nan      -nan      -nan      -nan      -nan      -nan      -nan      -nan      -nan      -nan      -nan 
dram[3]:      -nan      -nan      -nan      -nan      -nan      -nan      -nan      -nan      -nan      -nan      -nan      -nan      -nan      -nan      -nan      -nan 
dram[4]:      -nan      -nan      -nan      -nan      -nan      -nan      -nan      -nan      -nan      -nan      -nan      -nan      -nan      -nan      -nan      -nan 
dram[5]:      -nan      -nan      -nan      -nan      -nan      -nan      -nan      -nan      -nan      -nan      -nan      -nan      -nan      -nan      -nan      -nan 
dram[6]:      -nan      -nan      -nan      -nan      -nan      -nan      -nan      -nan      -nan      -nan      -nan      -nan      -nan      -nan      -nan      -nan 
dram[7]:      -nan      -nan      -nan      -nan      -nan      -nan      -nan      -nan      -nan      -nan      -nan      -nan      -nan      -nan      -nan      -nan 
dram[8]:      -nan      -nan      -nan      -nan      -nan      -nan      -nan      -nan      -nan      -nan      -nan      -nan      -nan      -nan      -nan      -nan 
dram[9]:      -nan      -nan      -nan      -nan      -nan      -nan      -nan      -nan      -nan      -nan      -nan      -nan      -nan      -nan      -nan      -nan 
dram[10]:      -nan      -nan      -nan      -nan      -nan      -nan      -nan      -nan      -nan      -nan      -nan      -nan      -nan      -nan      -nan      -nan 
dram[11]:      -nan      -nan      -nan      -nan      -nan      -nan      -nan      -nan      -nan      -nan      -nan      -nan      -nan      -nan      -nan      -nan 
dram[12]:      -nan      -nan      -nan      -nan      -nan      -nan      -nan      -nan      -nan      -nan      -nan      -nan      -nan      -nan      -nan      -nan 
dram[13]:      -nan      -nan      -nan      -nan      -nan      -nan      -nan      -nan      -nan      -nan      -nan      -nan      -nan      -nan      -nan      -nan 
dram[14]:      -nan      -nan      -nan      -nan      -nan      -nan      -nan      -nan      -nan      -nan      -nan      -nan      -nan      -nan      -nan      -nan 
dram[15]:      -nan      -nan      -nan      -nan      -nan      -nan      -nan      -nan      -nan      -nan      -nan      -nan      -nan      -nan      -nan      -nan 
dram[16]:      -nan      -nan      -nan      -nan      -nan      -nan      -nan      -nan      -nan      -nan      -nan      -nan      -nan      -nan      -nan      -nan 
dram[17]:      -nan      -nan      -nan      -nan      -nan      -nan      -nan      -nan      -nan      -nan      -nan      -nan      -nan      -nan      -nan      -nan 
dram[18]:      -nan      -nan      -nan      -nan      -nan      -nan      -nan      -nan      -nan      -nan      -nan      -nan      -nan      -nan      -nan      -nan 
dram[19]:      -nan      -nan      -nan      -nan      -nan      -nan      -nan      -nan      -nan      -nan      -nan      -nan      -nan      -nan      -nan      -nan 
dram[20]:      -nan      -nan      -nan      -nan      -nan      -nan      -nan      -nan      -nan      -nan      -nan      -nan      -nan      -nan      -nan      -nan 
dram[21]:      -nan      -nan      -nan      -nan      -nan      -nan      -nan      -nan      -nan      -nan      -nan      -nan      -nan      -nan      -nan      -nan 
dram[22]:      -nan      -nan      -nan      -nan      -nan      -nan      -nan      -nan      -nan      -nan      -nan      -nan      -nan      -nan      -nan      -nan 
dram[23]:      -nan      -nan      -nan      -nan      -nan      -nan      -nan      -nan      -nan      -nan      -nan      -nan      -nan      -nan      -nan      -nan 
dram[24]:      -nan      -nan      -nan      -nan      -nan      -nan      -nan      -nan      -nan      -nan      -nan      -nan      -nan      -nan      -nan      -nan 
dram[25]:      -nan      -nan      -nan      -nan      -nan      -nan      -nan      -nan      -nan      -nan      -nan      -nan      -nan      -nan      -nan      -nan 
dram[26]:      -nan      -nan      -nan      -nan      -nan      -nan      -nan      -nan      -nan      -nan      -nan      -nan      -nan      -nan      -nan      -nan 
dram[27]:      -nan      -nan      -nan      -nan      -nan      -nan      -nan      -nan      -nan      -nan      -nan      -nan      -nan      -nan      -nan      -nan 
dram[28]:      -nan      -nan      -nan      -nan      -nan      -nan      -nan      -nan      -nan      -nan      -nan      -nan      -nan      -nan      -nan      -nan 
dram[29]:      -nan      -nan      -nan      -nan      -nan      -nan      -nan      -nan      -nan      -nan      -nan      -nan      -nan      -nan      -nan      -nan 
dram[30]:      -nan      -nan      -nan      -nan      -nan      -nan      -nan      -nan      -nan      -nan      -nan      -nan      -nan      -nan      -nan      -nan 
dram[31]:      -nan      -nan      -nan      -nan      -nan      -nan      -nan      -nan      -nan      -nan      -nan      -nan      -nan      -nan      -nan      -nan 
dram[32]:      -nan      -nan      -nan      -nan      -nan      -nan      -nan      -nan      -nan      -nan      -nan      -nan      -nan      -nan      -nan      -nan 
dram[33]:      -nan      -nan      -nan      -nan      -nan      -nan      -nan      -nan      -nan      -nan      -nan      -nan      -nan      -nan      -nan      -nan 
dram[34]:      -nan      -nan      -nan      -nan      -nan      -nan      -nan      -nan      -nan      -nan      -nan      -nan      -nan      -nan      -nan      -nan 
dram[35]:      -nan      -nan      -nan      -nan      -nan      -nan      -nan      -nan      -nan      -nan      -nan      -nan      -nan      -nan      -nan      -nan 
dram[36]:      -nan      -nan      -nan      -nan      -nan      -nan      -nan      -nan      -nan      -nan      -nan      -nan      -nan      -nan      -nan      -nan 
dram[37]:      -nan      -nan      -nan      -nan      -nan      -nan      -nan      -nan      -nan      -nan      -nan      -nan      -nan      -nan      -nan      -nan 
dram[38]:      -nan      -nan      -nan      -nan      -nan      -nan      -nan      -nan      -nan      -nan      -nan      -nan      -nan      -nan      -nan      -nan 
dram[39]:      -nan      -nan      -nan      -nan      -nan      -nan      -nan      -nan      -nan      -nan      -nan      -nan      -nan      -nan      -nan      -nan 
average row locality = 0/0 = -nan
number of total memory accesses made:
dram[0]:         0         0         0         0         0         0         0         0         0         0         0         0         0         0         0         0 
dram[1]:         0         0         0         0         0         0         0         0         0         0         0         0         0         0         0         0 
dram[2]:         0         0         0         0         0         0         0         0         0         0         0         0         0         0         0         0 
dram[3]:         0         0         0         0         0         0         0         0         0         0         0         0         0         0         0         0 
dram[4]:         0         0         0         0         0         0         0         0         0         0         0         0         0         0         0         0 
dram[5]:         0         0         0         0         0         0         0         0         0         0         0         0         0         0         0         0 
dram[6]:         0         0         0         0         0         0         0         0         0         0         0         0         0         0         0         0 
dram[7]:         0         0         0         0         0         0         0         0         0         0         0         0         0         0         0         0 
dram[8]:         0         0         0         0         0         0         0         0         0         0         0         0         0         0         0         0 
dram[9]:         0         0         0         0         0         0         0         0         0         0         0         0         0         0         0         0 
dram[10]:         0         0         0         0         0         0         0         0         0         0         0         0         0         0         0         0 
dram[11]:         0         0         0         0         0         0         0         0         0         0         0         0         0         0         0         0 
dram[12]:         0         0         0         0         0         0         0         0         0         0         0         0         0         0         0         0 
dram[13]:         0         0         0         0         0         0         0         0         0         0         0         0         0         0         0         0 
dram[14]:         0         0         0         0         0         0         0         0         0         0         0         0         0         0         0         0 
dram[15]:         0         0         0         0         0         0         0         0         0         0         0         0         0         0         0         0 
dram[16]:         0         0         0         0         0         0         0         0         0         0         0         0         0         0         0         0 
dram[17]:         0         0         0         0         0         0         0         0         0         0         0         0         0         0         0         0 
dram[18]:         0         0         0         0         0         0         0         0         0         0         0         0         0         0         0         0 
dram[19]:         0         0         0         0         0         0         0         0         0         0         0         0         0         0         0         0 
dram[20]:         0         0         0         0         0         0         0         0         0         0         0         0         0         0         0         0 
dram[21]:         0         0         0         0         0         0         0         0         0         0         0         0         0         0         0         0 
dram[22]:         0         0         0         0         0         0         0         0         0         0         0         0         0         0         0         0 
dram[23]:         0         0         0         0         0         0         0         0         0         0         0         0         0         0         0         0 
dram[24]:         0         0         0         0         0         0         0         0         0         0         0         0         0         0         0         0 
dram[25]:         0         0         0         0         0         0         0         0         0         0         0         0         0         0         0         0 
dram[26]:         0         0         0         0         0         0         0         0         0         0         0         0         0         0         0         0 
dram[27]:         0         0         0         0         0         0         0         0         0         0         0         0         0         0         0         0 
dram[28]:         0         0         0         0         0         0         0         0         0         0         0         0         0         0         0         0 
dram[29]:         0         0         0         0         0         0         0         0         0         0         0         0         0         0         0         0 
dram[30]:         0         0         0         0         0         0         0         0         0         0         0         0         0         0         0         0 
dram[31]:         0         0         0         0         0         0         0         0         0         0         0         0         0         0         0         0 
dram[32]:         0         0         0         0         0         0         0         0         0         0         0         0         0         0         0         0 
dram[33]:         0         0         0         0         0         0         0         0         0         0         0         0         0         0         0         0 
dram[34]:         0         0         0         0         0         0         0         0         0         0         0         0         0         0         0         0 
dram[35]:         0         0         0         0         0         0         0         0         0         0         0         0         0         0         0         0 
dram[36]:         0         0         0         0         0         0         0         0         0         0         0         0         0         0         0         0 
dram[37]:         0         0         0         0         0         0         0         0         0         0         0         0         0         0         0         0 
dram[38]:         0         0         0         0         0         0         0         0         0         0         0         0         0         0         0         0 
dram[39]:         0         0         0         0         0         0         0         0         0         0         0         0         0         0         0         0 
total accesses: 0
min_bank_accesses = 0!
min_chip_accesses = 0!
number of total read accesses:
dram[0]:      1216      1224      1220      1224      1228      1224      1216      1208      1228      1220      1296      1296      1264      1264      1288      1296 
dram[1]:      1228      1220      1232      1228      1216      1220      1204      1212      1216      1224      1288      1288      1272      1272      1296      1288 
dram[2]:      1224      1224      1216      1216      1224      1224      1208      1208      1220      1220      1296      1296      1264      1264      1296      1296 
dram[3]:      1220      1228      1220      1224      1220      1216      1212      1204      1224      1216      1288      1288      1272      1272      1288      1296 
dram[4]:      1224      1216      1216      1212      1224      1228      1208      1216      1220      1228      1296      1296      1264      1264      1296      1288 
dram[5]:      1228      1224      1224      1216      1216      1224      1204      1208      1220      1220      1288      1296      1272      1264      1296      1296 
dram[6]:      1216      1220      1212      1220      1228      1220      1216      1212      1232      1228      1296      1288      1264      1272      1288      1288 
dram[7]:      1224      1224      1216      1216      1224      1224      1208      1208      1220      1224      1296      1296      1264      1264      1296      1296 
dram[8]:      1220      1216      1220      1212      1220      1228      1212      1216      1224      1228      1288      1296      1272      1264      1288      1288 
dram[9]:      1224      1228      1216      1224      1224      1216      1208      1204      1220      1216      1296      1288      1264      1272      1296      1296 
dram[10]:      1216      1208      1244      1240      1204      1208      1216      1224      1232      1240      1264      1264      1296      1296      1272      1264 
dram[11]:      1204      1212      1232      1236      1216      1212      1228      1220      1240      1232      1272      1272      1288      1288      1264      1272 
dram[12]:      1208      1208      1232      1240      1208      1208      1224      1224      1236      1236      1264      1264      1296      1296      1264      1264 
dram[13]:      1212      1204      1236      1224      1212      1216      1220      1228      1232      1240      1272      1272      1288      1288      1272      1264 
dram[14]:      1208      1216      1240      1244      1208      1204      1224      1216      1236      1228      1264      1264      1296      1296      1264      1272 
dram[15]:      1204      1208      1224      1232      1216      1208      1228      1224      1240      1236      1272      1264      1288      1296      1264      1264 
dram[16]:      1216      1212      1236      1228      1204      1212      1216      1220      1232      1232      1264      1272      1296      1288      1272      1272 
dram[17]:      1208      1208      1232      1232      1208      1208      1224      1224      1236      1240      1264      1264      1296      1296      1264      1264 
dram[18]:      1212      1216      1228      1236      1212      1204      1220      1216      1232      1228      1272      1264      1288      1296      1272      1272 
dram[19]:      1208      1204      1232      1224      1208      1216      1224      1228      1236      1240      1264      1272      1296      1288      1264      1264 
dram[20]:      1216      1208      1234      1232      1204      1208      1216      1224      1228      1236      1264      1264      1296      1296      1272      1264 
dram[21]:      1204      1212      1220      1224      1216      1212      1228      1220      1240      1232      1272      1272      1288      1288      1264      1272 
dram[22]:      1208      1208      1233      1229      1208      1208      1224      1224      1240      1240      1264      1264      1296      1296      1264      1264 
dram[23]:      1212      1204      1228      1224      1212      1216      1220      1228      1236      1244      1272      1272      1288      1288      1272      1264 
dram[24]:      1208      1216      1233      1237      1208      1204      1224      1216      1240      1232      1264      1264      1296      1296      1264      1272 
dram[25]:      1204      1208      1225      1232      1216      1208      1228      1224      1240      1240      1272      1264      1288      1296      1264      1264 
dram[26]:      1216      1212      1236      1230      1204      1212      1216      1220      1228      1232      1264      1272      1296      1288      1272      1272 
dram[27]:      1208      1208      1232      1232      1208      1208      1224      1224      1240      1236      1264      1264      1296      1296      1264      1264 
dram[28]:      1212      1216      1229      1237      1212      1204      1220      1216      1236      1232      1272      1264      1288      1296      1272      1272 
dram[29]:      1208      1204      1233      1225      1208      1216      1224      1228      1240      1244      1264      1272      1296      1288      1264      1264 
dram[30]:      1216      1224      1208      1212      1228      1224      1216      1208      1224      1216      1296      1296      1264      1264      1288      1296 
dram[31]:      1228      1220      1220      1216      1216      1220      1204      1212      1216      1224      1288      1288      1272      1272      1296      1288 
dram[32]:      1224      1224      1220      1212      1224      1224      1208      1208      1220      1220      1296      1296      1264      1264      1296      1296 
dram[33]:      1220      1228      1216      1228      1220      1216      1212      1204      1224      1216      1288      1288      1272      1272      1288      1296 
dram[34]:      1224      1216      1212      1208      1224      1228      1208      1216      1220      1228      1296      1296      1264      1264      1296      1288 
dram[35]:      1228      1224      1224      1216      1216      1224      1204      1208      1216      1220      1288      1296      1272      1264      1296      1296 
dram[36]:      1216      1220      1212      1220      1228      1220      1216      1212      1224      1224      1296      1288      1264      1272      1288      1288 
dram[37]:      1224      1224      1216      1216      1224      1224      1208      1208      1220      1216      1296      1296      1264      1264      1296      1296 
dram[38]:      1220      1216      1220      1212      1220      1228      1212      1216      1224      1228      1288      1296      1272      1264      1288      1288 
dram[39]:      1224      1228      1220      1228      1224      1216      1208      1204      1220      1216      1296      1288      1264      1272      1296      1296 
total dram reads = 795341
bank skew: 1296/1204 = 1.08
chip skew: 19912/19862 = 1.00
number of total write accesses:
dram[0]:      1216      1216      1228      1228      1352      1352      1220      1220      1300      1300      1156      1156      1168      1168      1164      1164 
dram[1]:      1216      1216      1235      1232      1352      1352      1220      1220      1300      1300      1148      1148      1168      1168      1168      1168 
dram[2]:      1212      1216      1235      1235      1352      1352      1220      1220      1300      1296      1148      1148      1164      1168      1168      1168 
dram[3]:      1216      1212      1224      1228      1352      1352      1220      1220      1300      1300      1148      1148      1168      1164      1168      1168 
dram[4]:      1216      1216      1231      1227      1352      1352      1220      1220      1296      1300      1148      1148      1168      1168      1168      1168 
dram[5]:      1216      1216      1228      1228      1352      1352      1224      1224      1296      1296      1152      1152      1168      1168      1168      1168 
dram[6]:      1216      1216      1228      1231      1352      1352      1224      1224      1296      1296      1152      1152      1168      1168      1164      1164 
dram[7]:      1216      1216      1228      1224      1348      1352      1224      1224      1296      1296      1156      1152      1168      1168      1160      1164 
dram[8]:      1216      1216      1228      1231      1348      1348      1224      1224      1296      1296      1152      1156      1168      1168      1164      1160 
dram[9]:      1216      1216      1227      1228      1352      1348      1224      1224      1296      1296      1148      1148      1168      1168      1164      1164 
dram[10]:      1212      1212      1224      1228      1352      1352      1220      1220      1304      1304      1156      1156      1172      1172      1168      1168 
dram[11]:      1212      1212      1224      1224      1352      1352      1216      1216      1300      1300      1156      1156      1172      1172      1168      1168 
dram[12]:      1208      1212      1228      1224      1352      1352      1220      1216      1296      1296      1156      1156      1168      1172      1172      1172 
dram[13]:      1212      1208      1224      1228      1352      1352      1216      1220      1296      1296      1156      1156      1172      1168      1172      1172 
dram[14]:      1212      1212      1224      1224      1352      1352      1216      1216      1296      1296      1156      1156      1172      1172      1172      1172 
dram[15]:      1208      1208      1224      1224      1348      1348      1216      1216      1296      1296      1156      1156      1168      1168      1172      1172 
dram[16]:      1208      1208      1224      1224      1348      1352      1220      1220      1296      1296      1156      1156      1168      1168      1168      1168 
dram[17]:      1204      1208      1224      1224      1356      1348      1220      1220      1296      1296      1160      1156      1168      1168      1176      1168 
dram[18]:      1208      1204      1224      1224      1352      1356      1220      1220      1296      1296      1156      1160      1168      1168      1172      1176 
dram[19]:      1208      1208      1228      1224      1352      1352      1220      1220      1296      1300      1156      1156      1168      1168      1168      1172 
dram[20]:         0         0         0         0         0         0         0         0         0         0         0         0         0         0         0         0 
dram[21]:         0         0         0         0         0         0         0         0         0         0         0         0         0         0         0         0 
dram[22]:         0         0         0         0         0         0         0         0         0         0         0         0         0         0         0         0 
dram[23]:         0         0         0         0         0         0         0         0         0         0         0         0         0         0         0         0 
dram[24]:         0         0         3         0         0         0         0         0         0         0         0         0         0         0         0         0 
dram[25]:         0         0         0         0         0         0         0         0         0         0         0         0         0         0         0         0 
dram[26]:         0         0         0         3         0         0         0         0         0         0         0         0         0         0         0         0 
dram[27]:         0         0         0         0         0         0         0         0         0         0         0         0         0         0         0         0 
dram[28]:         0         0         0         3         0         0         0         0         0         0         0         0         0         0         0         0 
dram[29]:         0         0         3         0         0         0         0         0         0         0         0         0         0         0         0         0 
dram[30]:         0         0         0         0         0         0         0         0         0         0         0         0         0         0         0         0 
dram[31]:         0         0         0         0         0         0         0         0         0         0         0         0         0         0         0         0 
dram[32]:         0         0         0         0         0         0         0         0         0         0         0         0         0         0         0         0 
dram[33]:         0         0         0         0         0         0         0         0         0         0         0         0         0         0         0         0 
dram[34]:         0         0         0         0         0         0         0         0         0         0         0         0         0         0         0         0 
dram[35]:         0         0         0         0         0         0         0         0         0         0         0         0         0         0         0         0 
dram[36]:         0         0         0         0         0         0         0         0         0         0         0         0         0         0         0         0 
dram[37]:         0         0         0         0         0         0         0         0         0         0         0         0         0         0         0         0 
dram[38]:         0         0         0         0         0         0         0         0         0         0         0         0         0         0         0         0 
dram[39]:         0         0         0         0         0         0         0         0         0         0         0         0         0         0         0         0 
total dram writes = 391968
min_bank_accesses = 0!
min_chip_accesses = 0!
average mf latency per bank:
dram[0]:        675       675       696       703       640       640       675       675       635       635       676       676       683       682       689       689
dram[1]:        677       677       690       691       643       643       676       676       639       640       680       681       686       686       692       692
dram[2]:        676       673       702       686       642       640       673       673       638       637       677       677       683       683       690       688
dram[3]:        679       674       707       701       644       639       677       671       641       636       682       674       688       681       694       687
dram[4]:        676       676       703       704       641       641       674       674       639       638       679       679       685       684       691       691
dram[5]:        673       673       703       702       641       641       672       672       637       636       675       675       680       680       689       688
dram[6]:        677       677       704       704       643       642       675       676       640       639       679       679       684       684       692       692
dram[7]:        675       674       701       702       641       640       674       672       636       636       676       676       683       681       689       689
dram[8]:        679       673       706       698       645       638       678       671       640       634       681       673       686       681       694       687
dram[9]:        676       676       704       704       641       642       675       675       638       637       680       679       684       684       691       691
dram[10]:        673       673       689       687       639       639       671       671       635       635       674       674       680       680       686       685
dram[11]:        675       675       691       691       642       642       677       677       638       637       677       677       682       682       689       689
dram[12]:        675       672       687       687       638       638       673       673       637       635       676       674       681       679       686       684
dram[13]:        677       673       693       685       643       636       678       672       640       635       678       674       684       679       690       684
dram[14]:        674       674       690       690       641       640       675       675       637       637       675       675       681       681       687       687
dram[15]:        676       676       675       675       640       640       675       676       636       636       676       677       682       682       685       685
dram[16]:        679       679       678       678       643       642       676       677       640       640       678       678       683       683       689       689
dram[17]:        677       675       677       675       639       640       673       673       638       636       675       675       682       679       686       685
dram[18]:        681       675       680       674       643       636       678       671       640       636       680       672       685       679       689       684
dram[19]:        678       679       690       691       641       640       676       675       638       637       677       677       683       682       688       687
dram[20]:        886       885       885       884       889       888       886       886       885       885       887       887       887       886       885       885
dram[21]:        885       885       884       884       888       888       885       885       884       885       886       886       885       886       884       885
dram[22]:        883       882       884       881       889       886       885       883       886       883       885       883       886       883       886       882
dram[23]:        884       884       885       884       889       889       886       885       887       887       886       885       886       886       886       885
dram[24]:        885       883       881       883       888       888       885       885       886       885       885       884       886       885       885       885
dram[25]:        883       883       885       885       886       886       886       887       883       883       885       885       886       886       884       884
dram[26]:        883       882       885       882       886       886       886       886       884       883       885       884       886       885       884       884
dram[27]:        882       880       884       882       887       884       886       883       884       881       886       883       886       883       884       882
dram[28]:        883       882       885       881       887       887       887       886       885       884       887       886       887       885       885       883
dram[29]:        883       883       882       883       887       887       887       886       884       885       886       885       886       885       884       882
dram[30]:        883       883       886       886       885       885       885       885       883       883       885       885       885       885       884       884
dram[31]:        884       882       886       885       886       885       886       885       883       883       885       885       885       884       884       884
dram[32]:        881       881       884       883       886       884       884       884       884       881       884       883       883       882       884       882
dram[33]:        882       882       885       884       886       886       885       885       884       883       885       884       885       884       885       884
dram[34]:        882       881       885       884       886       885       885       884       883       882       884       883       884       884       884       883
dram[35]:        886       885       884       884       888       887       887       887       885       884       885       885       888       888       885       885
dram[36]:        885       885       884       884       888       888       886       886       884       884       885       885       887       887       885       885
dram[37]:        883       882       884       883       888       885       887       883       884       882       884       882       887       884       884       882
dram[38]:        885       885       884       884       889       889       887       887       885       886       885       885       888       887       884       884
dram[39]:        885       884       882       883       887       887       886       885       884       884       884       884       887       886       883       883
maximum mf latency per bank:
dram[0]:        826       816       825       821       825       827       810       808       824       823       833       836       838       841       834       837
dram[1]:        816       817       815       823       823       823       810       808       824       823       823       832       830       838       824       832
dram[2]:        793       803       810       810       838       818       814       813       814       824       844       823       833       833       829       824
dram[3]:        845       842       800       804       837       836       809       808       815       815       843       839       834       825       849       845
dram[4]:        836       842       801       795       827       836       807       805       817       816       834       839       823       824       840       845
dram[5]:        779       772       836       844       839       829       846       847       820       812       822       826       806       805       806       804
dram[6]:        779       775       831       841       834       827       842       844       823       826       818       823       806       804       840       843
dram[7]:        831       826       840       842       822       827       827       845       829       822       829       824       812       804       832       844
dram[8]:        831       830       841       835       821       812       827       824       830       817       838       828       844       842       833       823
dram[9]:        831       829       836       831       821       814       827       824       829       817       838       832       839       838       828       818
dram[10]:        803       804       790       783       795       800       795       800       796       792       800       805       794       800       807       807
dram[11]:        803       803       808       801       830       813       822       804       835       794       800       803       802       806       810       810
dram[12]:        795       803       814       800       784       814       789       822       787       827       798       803       790       800       811       810
dram[13]:        801       785       794       810       786       784       796       792       790       794       794       803       800       790       800       806
dram[14]:        803       803       793       799       786       787       798       792       789       793       804       794       795       791       800       799
dram[15]:        800       806       818       815       802       806       816       804       818       813       793       799       790       796       811       810
dram[16]:        798       811       803       811       800       811       801       814       792       800       791       798       805       817       800       814
dram[17]:        823       800       809       797       800       802       811       800       802       791       814       787       800       803       826       803
dram[18]:        830       820       811       801       803       791       818       804       803       806       821       807       817       809       833       824
dram[19]:        821       825       794       791       783       786       806       809       797       797       812       812       810       800       823       828
dram[20]:        987       995       994       997       998      1002       991       994       987       988       993       997       999       988       998       986
dram[21]:        985       990       985       996       996       997       986       992       990       985       978       992       991       997       987       995
dram[22]:        976       989       987       983      1001       996       999       985       982       982       993       981       986       983       993       979
dram[23]:        987       976       984       981      1006      1011      1012      1008       978       984       995       985       989       992       993       987
dram[24]:        987       986       978       981       990       997       992       995       982       982       985       987       987       988       982       983
dram[25]:        989       982       990       987       987       985       985       986       999       991       999       995       991       985       987       982
dram[26]:        981       983       992       985       988       987       986       985       999       991      1004      1003       987       985      1008      1008
dram[27]:        986       979       978       984       987       986       983       986       981       985       993      1002       980       982       991      1005
dram[28]:        980       984       990       978       985       983       989       984       981       973       992       989       982       975       990       991
dram[29]:        985       982      1005       992       992       995      1004      1001       986       990       992       988       973       967       991       990
dram[30]:        975       974       972       976       962       964       973       977       977       972       984       980       968       970       980       965
dram[31]:        972       975       974       978       963       962       976       978       977       980       988       989       965       969       993       996
dram[32]:        971       971       963       978       964       961       976       977       982       980       974       984       966       967       969       988
dram[33]:        972       973       969       968       968       976       977       986       983       986       979       982       978       983       970       974
dram[34]:        978       975       972       969       976       975       982       987       983       986       982       982       979       984       970       975
dram[35]:        984       981       983       987       994      1000       989       995       998       987      1005      1001       997      1004       980       984
dram[36]:        985       979       989       986       991       990       990       994       999       985      1005       999       997      1003       985       983
dram[37]:        985       979       994       983      1004       991       990       992       987       986       982       999      1002      1002      1000       988
dram[38]:        996       996       996       997      1009      1007       990       985       986      1003       977       977      1005      1002      1010      1004
dram[39]:        988       993       984       986      1000      1004       983       978       977       998       972       978      1001       996      1001      1002
LRC stats:
LRC_subpartition_num_lrc_to_l2_sectors.sum = 796944
LRC_subpartition_num_icnt_to_lrc_sectors.sum = 801719
Number of LRC to L2 sectors: 796944
Number of ICNT to LRC sectors: 801719
Number of LRC to L2 bytes: 25502208
Number of ICNT to LRC bytes: 25655008
LRC compression ratio: 1.005992
LRC_subpartition_l2_stall_due_to_lrc_full.sum = 0
Inter-chiplet stats:
interchip_read_requests = 397616
interchip_write_requests = 807040
Total inter-chiplet requests: 1204656
Memory Partition 0: 
Cache L2_bank_000:
MSHR contents

Cache L2_bank_001:
MSHR contents

In Dram Latency Queue (total = 0): 
DRAM[0]: 16 bks, busW=8 BL=4 CL=19, tRRD=6 tCCD=1, tRCD=19 tRAS=45 tRP=19 tRC=50
n_cmd=0 n_nop=0 n_act=0 n_pre=0 n_ref_event=0 n_req=0 n_rd=0 n_rd_L2_A=0 n_write=0 n_wr_bk=0 bw_util=-nan
n_activity=0 dram_eff=-nan
bk0: 0a 0i bk1: 0a 0i bk2: 0a 0i bk3: 0a 0i bk4: 0a 0i bk5: 0a 0i bk6: 0a 0i bk7: 0a 0i bk8: 0a 0i bk9: 0a 0i bk10: 0a 0i bk11: 0a 0i bk12: 0a 0i bk13: 0a 0i bk14: 0a 0i bk15: 0a 0i 

------------------------------------------------------------------------

Row_Buffer_Locality = -nan
Row_Buffer_Locality_read = -nan
Row_Buffer_Locality_write = -nan
Bank_Level_Parallism = -nan
Bank_Level_Parallism_Col = -nan
Bank_Level_Parallism_Ready = -nan
write_to_read_ratio_blp_rw_average = -nan
GrpLevelPara = -nan 

BW Util details:
bwutil = -nan 
total_CMD = 0 
util_bw = 0 
Wasted_Col = 0 
Wasted_Row = 0 
Idle = 0 

BW Util Bottlenecks: 
RCDc_limit = 0 
RCDWRc_limit = 0 
WTRc_limit = 0 
RTWc_limit = 0 
CCDLc_limit = 0 
rwq = 0 
CCDLc_limit_alone = 0 
WTRc_limit_alone = 0 
RTWc_limit_alone = 0 

Commands details: 
total_CMD = 0 
n_nop = 0 
Read = 0 
Write = 0 
L2_Alloc = 0 
L2_WB = 0 
n_act = 0 
n_pre = 0 
n_ref = 0 
n_req = 0 
total_req = 0 

Dual Bus Interface Util: 
issued_total_row = 0 
issued_total_col = 0 
Row_Bus_Util =  -nan 
CoL_Bus_Util = -nan 
Either_Row_CoL_Bus_Util = -nan 
Issued_on_Two_Bus_Simul_Util = -nan 
issued_two_Eff = -nan 
queue_avg = -nan 


dram_util_bins: 0 0 0 0 0 0 0 0 0 0
dram_eff_bins: 0 0 0 0 0 0 0 0 0 0
mrqq: max=0 avg=-nan
Memory Partition 1: 
Cache L2_bank_002:
MSHR contents

Cache L2_bank_003:
MSHR contents

In Dram Latency Queue (total = 0): 
DRAM[1]: 16 bks, busW=8 BL=4 CL=19, tRRD=6 tCCD=1, tRCD=19 tRAS=45 tRP=19 tRC=50
n_cmd=0 n_nop=0 n_act=0 n_pre=0 n_ref_event=0 n_req=0 n_rd=0 n_rd_L2_A=0 n_write=0 n_wr_bk=0 bw_util=-nan
n_activity=0 dram_eff=-nan
bk0: 0a 0i bk1: 0a 0i bk2: 0a 0i bk3: 0a 0i bk4: 0a 0i bk5: 0a 0i bk6: 0a 0i bk7: 0a 0i bk8: 0a 0i bk9: 0a 0i bk10: 0a 0i bk11: 0a 0i bk12: 0a 0i bk13: 0a 0i bk14: 0a 0i bk15: 0a 0i 

------------------------------------------------------------------------

Row_Buffer_Locality = -nan
Row_Buffer_Locality_read = -nan
Row_Buffer_Locality_write = -nan
Bank_Level_Parallism = -nan
Bank_Level_Parallism_Col = -nan
Bank_Level_Parallism_Ready = -nan
write_to_read_ratio_blp_rw_average = -nan
GrpLevelPara = -nan 

BW Util details:
bwutil = -nan 
total_CMD = 0 
util_bw = 0 
Wasted_Col = 0 
Wasted_Row = 0 
Idle = 0 

BW Util Bottlenecks: 
RCDc_limit = 0 
RCDWRc_limit = 0 
WTRc_limit = 0 
RTWc_limit = 0 
CCDLc_limit = 0 
rwq = 0 
CCDLc_limit_alone = 0 
WTRc_limit_alone = 0 
RTWc_limit_alone = 0 

Commands details: 
total_CMD = 0 
n_nop = 0 
Read = 0 
Write = 0 
L2_Alloc = 0 
L2_WB = 0 
n_act = 0 
n_pre = 0 
n_ref = 0 
n_req = 0 
total_req = 0 

Dual Bus Interface Util: 
issued_total_row = 0 
issued_total_col = 0 
Row_Bus_Util =  -nan 
CoL_Bus_Util = -nan 
Either_Row_CoL_Bus_Util = -nan 
Issued_on_Two_Bus_Simul_Util = -nan 
issued_two_Eff = -nan 
queue_avg = -nan 


dram_util_bins: 0 0 0 0 0 0 0 0 0 0
dram_eff_bins: 0 0 0 0 0 0 0 0 0 0
mrqq: max=0 avg=-nan
Memory Partition 2: 
Cache L2_bank_004:
MSHR contents

Cache L2_bank_005:
MSHR contents

In Dram Latency Queue (total = 0): 
DRAM[2]: 16 bks, busW=8 BL=4 CL=19, tRRD=6 tCCD=1, tRCD=19 tRAS=45 tRP=19 tRC=50
n_cmd=0 n_nop=0 n_act=0 n_pre=0 n_ref_event=0 n_req=0 n_rd=0 n_rd_L2_A=0 n_write=0 n_wr_bk=0 bw_util=-nan
n_activity=0 dram_eff=-nan
bk0: 0a 0i bk1: 0a 0i bk2: 0a 0i bk3: 0a 0i bk4: 0a 0i bk5: 0a 0i bk6: 0a 0i bk7: 0a 0i bk8: 0a 0i bk9: 0a 0i bk10: 0a 0i bk11: 0a 0i bk12: 0a 0i bk13: 0a 0i bk14: 0a 0i bk15: 0a 0i 

------------------------------------------------------------------------

Row_Buffer_Locality = -nan
Row_Buffer_Locality_read = -nan
Row_Buffer_Locality_write = -nan
Bank_Level_Parallism = -nan
Bank_Level_Parallism_Col = -nan
Bank_Level_Parallism_Ready = -nan
write_to_read_ratio_blp_rw_average = -nan
GrpLevelPara = -nan 

BW Util details:
bwutil = -nan 
total_CMD = 0 
util_bw = 0 
Wasted_Col = 0 
Wasted_Row = 0 
Idle = 0 

BW Util Bottlenecks: 
RCDc_limit = 0 
RCDWRc_limit = 0 
WTRc_limit = 0 
RTWc_limit = 0 
CCDLc_limit = 0 
rwq = 0 
CCDLc_limit_alone = 0 
WTRc_limit_alone = 0 
RTWc_limit_alone = 0 

Commands details: 
total_CMD = 0 
n_nop = 0 
Read = 0 
Write = 0 
L2_Alloc = 0 
L2_WB = 0 
n_act = 0 
n_pre = 0 
n_ref = 0 
n_req = 0 
total_req = 0 

Dual Bus Interface Util: 
issued_total_row = 0 
issued_total_col = 0 
Row_Bus_Util =  -nan 
CoL_Bus_Util = -nan 
Either_Row_CoL_Bus_Util = -nan 
Issued_on_Two_Bus_Simul_Util = -nan 
issued_two_Eff = -nan 
queue_avg = -nan 


dram_util_bins: 0 0 0 0 0 0 0 0 0 0
dram_eff_bins: 0 0 0 0 0 0 0 0 0 0
mrqq: max=0 avg=-nan
Memory Partition 3: 
Cache L2_bank_006:
MSHR contents

Cache L2_bank_007:
MSHR contents

In Dram Latency Queue (total = 0): 
DRAM[3]: 16 bks, busW=8 BL=4 CL=19, tRRD=6 tCCD=1, tRCD=19 tRAS=45 tRP=19 tRC=50
n_cmd=0 n_nop=0 n_act=0 n_pre=0 n_ref_event=94713791221136 n_req=0 n_rd=0 n_rd_L2_A=0 n_write=0 n_wr_bk=0 bw_util=-nan
n_activity=0 dram_eff=-nan
bk0: 0a 0i bk1: 0a 0i bk2: 0a 0i bk3: 0a 0i bk4: 0a 0i bk5: 0a 0i bk6: 0a 0i bk7: 0a 0i bk8: 0a 0i bk9: 0a 0i bk10: 0a 0i bk11: 0a 0i bk12: 0a 0i bk13: 0a 0i bk14: 0a 0i bk15: 0a 0i 

------------------------------------------------------------------------

Row_Buffer_Locality = -nan
Row_Buffer_Locality_read = -nan
Row_Buffer_Locality_write = -nan
Bank_Level_Parallism = -nan
Bank_Level_Parallism_Col = inf
Bank_Level_Parallism_Ready = -nan
write_to_read_ratio_blp_rw_average = -nan
GrpLevelPara = -nan 

BW Util details:
bwutil = -nan 
total_CMD = 0 
util_bw = 0 
Wasted_Col = 0 
Wasted_Row = 0 
Idle = 0 

BW Util Bottlenecks: 
RCDc_limit = 0 
RCDWRc_limit = 0 
WTRc_limit = 0 
RTWc_limit = 0 
CCDLc_limit = 0 
rwq = 0 
CCDLc_limit_alone = 0 
WTRc_limit_alone = 0 
RTWc_limit_alone = 0 

Commands details: 
total_CMD = 0 
n_nop = 0 
Read = 0 
Write = 0 
L2_Alloc = 0 
L2_WB = 0 
n_act = 0 
n_pre = 0 
n_ref = 94713791221136 
n_req = 0 
total_req = 0 

Dual Bus Interface Util: 
issued_total_row = 0 
issued_total_col = 0 
Row_Bus_Util =  -nan 
CoL_Bus_Util = -nan 
Either_Row_CoL_Bus_Util = -nan 
Issued_on_Two_Bus_Simul_Util = -nan 
issued_two_Eff = -nan 
queue_avg = -nan 


dram_util_bins: 0 0 0 0 0 0 0 0 0 0
dram_eff_bins: 0 0 0 0 0 0 0 0 0 0
mrqq: max=0 avg=-nan
Memory Partition 4: 
Cache L2_bank_008:
MSHR contents

Cache L2_bank_009:
MSHR contents

In Dram Latency Queue (total = 0): 
DRAM[4]: 16 bks, busW=8 BL=4 CL=19, tRRD=6 tCCD=1, tRCD=19 tRAS=45 tRP=19 tRC=50
n_cmd=0 n_nop=0 n_act=0 n_pre=0 n_ref_event=0 n_req=0 n_rd=0 n_rd_L2_A=0 n_write=0 n_wr_bk=0 bw_util=-nan
n_activity=0 dram_eff=-nan
bk0: 0a 0i bk1: 0a 0i bk2: 0a 0i bk3: 0a 0i bk4: 0a 0i bk5: 0a 0i bk6: 0a 0i bk7: 0a 0i bk8: 0a 0i bk9: 0a 0i bk10: 0a 0i bk11: 0a 0i bk12: 0a 0i bk13: 0a 0i bk14: 0a 0i bk15: 0a 0i 

------------------------------------------------------------------------

Row_Buffer_Locality = -nan
Row_Buffer_Locality_read = -nan
Row_Buffer_Locality_write = -nan
Bank_Level_Parallism = -nan
Bank_Level_Parallism_Col = -nan
Bank_Level_Parallism_Ready = -nan
write_to_read_ratio_blp_rw_average = -nan
GrpLevelPara = -nan 

BW Util details:
bwutil = -nan 
total_CMD = 0 
util_bw = 0 
Wasted_Col = 0 
Wasted_Row = 0 
Idle = 0 

BW Util Bottlenecks: 
RCDc_limit = 0 
RCDWRc_limit = 0 
WTRc_limit = 0 
RTWc_limit = 0 
CCDLc_limit = 0 
rwq = 0 
CCDLc_limit_alone = 0 
WTRc_limit_alone = 0 
RTWc_limit_alone = 0 

Commands details: 
total_CMD = 0 
n_nop = 0 
Read = 0 
Write = 0 
L2_Alloc = 0 
L2_WB = 0 
n_act = 0 
n_pre = 0 
n_ref = 0 
n_req = 0 
total_req = 0 

Dual Bus Interface Util: 
issued_total_row = 0 
issued_total_col = 0 
Row_Bus_Util =  -nan 
CoL_Bus_Util = -nan 
Either_Row_CoL_Bus_Util = -nan 
Issued_on_Two_Bus_Simul_Util = -nan 
issued_two_Eff = -nan 
queue_avg = -nan 


dram_util_bins: 0 0 0 0 0 0 0 0 0 0
dram_eff_bins: 0 0 0 0 0 0 0 0 0 0
mrqq: max=0 avg=-nan
Memory Partition 5: 
Cache L2_bank_010:
MSHR contents

Cache L2_bank_011:
MSHR contents

In Dram Latency Queue (total = 0): 
DRAM[5]: 16 bks, busW=8 BL=4 CL=19, tRRD=6 tCCD=1, tRCD=19 tRAS=45 tRP=19 tRC=50
n_cmd=0 n_nop=0 n_act=0 n_pre=0 n_ref_event=0 n_req=0 n_rd=0 n_rd_L2_A=0 n_write=0 n_wr_bk=0 bw_util=-nan
n_activity=0 dram_eff=-nan
bk0: 0a 0i bk1: 0a 0i bk2: 0a 0i bk3: 0a 0i bk4: 0a 0i bk5: 0a 0i bk6: 0a 0i bk7: 0a 0i bk8: 0a 0i bk9: 0a 0i bk10: 0a 0i bk11: 0a 0i bk12: 0a 0i bk13: 0a 0i bk14: 0a 0i bk15: 0a 0i 

------------------------------------------------------------------------

Row_Buffer_Locality = -nan
Row_Buffer_Locality_read = -nan
Row_Buffer_Locality_write = -nan
Bank_Level_Parallism = -nan
Bank_Level_Parallism_Col = -nan
Bank_Level_Parallism_Ready = -nan
write_to_read_ratio_blp_rw_average = -nan
GrpLevelPara = -nan 

BW Util details:
bwutil = -nan 
total_CMD = 0 
util_bw = 0 
Wasted_Col = 0 
Wasted_Row = 0 
Idle = 0 

BW Util Bottlenecks: 
RCDc_limit = 0 
RCDWRc_limit = 0 
WTRc_limit = 0 
RTWc_limit = 0 
CCDLc_limit = 0 
rwq = 0 
CCDLc_limit_alone = 0 
WTRc_limit_alone = 0 
RTWc_limit_alone = 0 

Commands details: 
total_CMD = 0 
n_nop = 0 
Read = 0 
Write = 0 
L2_Alloc = 0 
L2_WB = 0 
n_act = 0 
n_pre = 0 
n_ref = 0 
n_req = 0 
total_req = 0 

Dual Bus Interface Util: 
issued_total_row = 0 
issued_total_col = 0 
Row_Bus_Util =  -nan 
CoL_Bus_Util = -nan 
Either_Row_CoL_Bus_Util = -nan 
Issued_on_Two_Bus_Simul_Util = -nan 
issued_two_Eff = -nan 
queue_avg = -nan 


dram_util_bins: 0 0 0 0 0 0 0 0 0 0
dram_eff_bins: 0 0 0 0 0 0 0 0 0 0
mrqq: max=0 avg=-nan
Memory Partition 6: 
Cache L2_bank_012:
MSHR contents

Cache L2_bank_013:
MSHR contents

In Dram Latency Queue (total = 0): 
DRAM[6]: 16 bks, busW=8 BL=4 CL=19, tRRD=6 tCCD=1, tRCD=19 tRAS=45 tRP=19 tRC=50
n_cmd=0 n_nop=0 n_act=0 n_pre=0 n_ref_event=0 n_req=0 n_rd=0 n_rd_L2_A=0 n_write=0 n_wr_bk=0 bw_util=-nan
n_activity=0 dram_eff=-nan
bk0: 0a 0i bk1: 0a 0i bk2: 0a 0i bk3: 0a 0i bk4: 0a 0i bk5: 0a 0i bk6: 0a 0i bk7: 0a 0i bk8: 0a 0i bk9: 0a 0i bk10: 0a 0i bk11: 0a 0i bk12: 0a 0i bk13: 0a 0i bk14: 0a 0i bk15: 0a 0i 

------------------------------------------------------------------------

Row_Buffer_Locality = -nan
Row_Buffer_Locality_read = -nan
Row_Buffer_Locality_write = -nan
Bank_Level_Parallism = -nan
Bank_Level_Parallism_Col = -nan
Bank_Level_Parallism_Ready = -nan
write_to_read_ratio_blp_rw_average = -nan
GrpLevelPara = -nan 

BW Util details:
bwutil = -nan 
total_CMD = 0 
util_bw = 0 
Wasted_Col = 0 
Wasted_Row = 0 
Idle = 0 

BW Util Bottlenecks: 
RCDc_limit = 0 
RCDWRc_limit = 0 
WTRc_limit = 0 
RTWc_limit = 0 
CCDLc_limit = 0 
rwq = 0 
CCDLc_limit_alone = 0 
WTRc_limit_alone = 0 
RTWc_limit_alone = 0 

Commands details: 
total_CMD = 0 
n_nop = 0 
Read = 0 
Write = 0 
L2_Alloc = 0 
L2_WB = 0 
n_act = 0 
n_pre = 0 
n_ref = 0 
n_req = 0 
total_req = 0 

Dual Bus Interface Util: 
issued_total_row = 0 
issued_total_col = 0 
Row_Bus_Util =  -nan 
CoL_Bus_Util = -nan 
Either_Row_CoL_Bus_Util = -nan 
Issued_on_Two_Bus_Simul_Util = -nan 
issued_two_Eff = -nan 
queue_avg = -nan 


dram_util_bins: 0 0 0 0 0 0 0 0 0 0
dram_eff_bins: 0 0 0 0 0 0 0 0 0 0
mrqq: max=0 avg=-nan
Memory Partition 7: 
Cache L2_bank_014:
MSHR contents

Cache L2_bank_015:
MSHR contents

In Dram Latency Queue (total = 0): 
DRAM[7]: 16 bks, busW=8 BL=4 CL=19, tRRD=6 tCCD=1, tRCD=19 tRAS=45 tRP=19 tRC=50
n_cmd=0 n_nop=0 n_act=0 n_pre=0 n_ref_event=0 n_req=0 n_rd=0 n_rd_L2_A=0 n_write=0 n_wr_bk=0 bw_util=-nan
n_activity=0 dram_eff=-nan
bk0: 0a 0i bk1: 0a 0i bk2: 0a 0i bk3: 0a 0i bk4: 0a 0i bk5: 0a 0i bk6: 0a 0i bk7: 0a 0i bk8: 0a 0i bk9: 0a 0i bk10: 0a 0i bk11: 0a 0i bk12: 0a 0i bk13: 0a 0i bk14: 0a 0i bk15: 0a 0i 

------------------------------------------------------------------------

Row_Buffer_Locality = -nan
Row_Buffer_Locality_read = -nan
Row_Buffer_Locality_write = -nan
Bank_Level_Parallism = -nan
Bank_Level_Parallism_Col = -nan
Bank_Level_Parallism_Ready = -nan
write_to_read_ratio_blp_rw_average = -nan
GrpLevelPara = -nan 

BW Util details:
bwutil = -nan 
total_CMD = 0 
util_bw = 0 
Wasted_Col = 0 
Wasted_Row = 0 
Idle = 0 

BW Util Bottlenecks: 
RCDc_limit = 0 
RCDWRc_limit = 0 
WTRc_limit = 0 
RTWc_limit = 0 
CCDLc_limit = 0 
rwq = 0 
CCDLc_limit_alone = 0 
WTRc_limit_alone = 0 
RTWc_limit_alone = 0 

Commands details: 
total_CMD = 0 
n_nop = 0 
Read = 0 
Write = 0 
L2_Alloc = 0 
L2_WB = 0 
n_act = 0 
n_pre = 0 
n_ref = 0 
n_req = 0 
total_req = 0 

Dual Bus Interface Util: 
issued_total_row = 0 
issued_total_col = 0 
Row_Bus_Util =  -nan 
CoL_Bus_Util = -nan 
Either_Row_CoL_Bus_Util = -nan 
Issued_on_Two_Bus_Simul_Util = -nan 
issued_two_Eff = -nan 
queue_avg = -nan 


dram_util_bins: 0 0 0 0 0 0 0 0 0 0
dram_eff_bins: 0 0 0 0 0 0 0 0 0 0
mrqq: max=0 avg=-nan
Memory Partition 8: 
Cache L2_bank_016:
MSHR contents

Cache L2_bank_017:
MSHR contents

In Dram Latency Queue (total = 0): 
DRAM[8]: 16 bks, busW=8 BL=4 CL=19, tRRD=6 tCCD=1, tRCD=19 tRAS=45 tRP=19 tRC=50
n_cmd=0 n_nop=0 n_act=0 n_pre=0 n_ref_event=0 n_req=0 n_rd=0 n_rd_L2_A=0 n_write=0 n_wr_bk=0 bw_util=-nan
n_activity=0 dram_eff=-nan
bk0: 0a 0i bk1: 0a 0i bk2: 0a 0i bk3: 0a 0i bk4: 0a 0i bk5: 0a 0i bk6: 0a 0i bk7: 0a 0i bk8: 0a 0i bk9: 0a 0i bk10: 0a 0i bk11: 0a 0i bk12: 0a 0i bk13: 0a 0i bk14: 0a 0i bk15: 0a 0i 

------------------------------------------------------------------------

Row_Buffer_Locality = -nan
Row_Buffer_Locality_read = -nan
Row_Buffer_Locality_write = -nan
Bank_Level_Parallism = -nan
Bank_Level_Parallism_Col = -nan
Bank_Level_Parallism_Ready = -nan
write_to_read_ratio_blp_rw_average = -nan
GrpLevelPara = -nan 

BW Util details:
bwutil = -nan 
total_CMD = 0 
util_bw = 0 
Wasted_Col = 0 
Wasted_Row = 0 
Idle = 0 

BW Util Bottlenecks: 
RCDc_limit = 0 
RCDWRc_limit = 0 
WTRc_limit = 0 
RTWc_limit = 0 
CCDLc_limit = 0 
rwq = 0 
CCDLc_limit_alone = 0 
WTRc_limit_alone = 0 
RTWc_limit_alone = 0 

Commands details: 
total_CMD = 0 
n_nop = 0 
Read = 0 
Write = 0 
L2_Alloc = 0 
L2_WB = 0 
n_act = 0 
n_pre = 0 
n_ref = 0 
n_req = 0 
total_req = 0 

Dual Bus Interface Util: 
issued_total_row = 0 
issued_total_col = 0 
Row_Bus_Util =  -nan 
CoL_Bus_Util = -nan 
Either_Row_CoL_Bus_Util = -nan 
Issued_on_Two_Bus_Simul_Util = -nan 
issued_two_Eff = -nan 
queue_avg = -nan 


dram_util_bins: 0 0 0 0 0 0 0 0 0 0
dram_eff_bins: 0 0 0 0 0 0 0 0 0 0
mrqq: max=0 avg=-nan
Memory Partition 9: 
Cache L2_bank_018:
MSHR contents

Cache L2_bank_019:
MSHR contents

In Dram Latency Queue (total = 0): 
DRAM[9]: 16 bks, busW=8 BL=4 CL=19, tRRD=6 tCCD=1, tRCD=19 tRAS=45 tRP=19 tRC=50
n_cmd=0 n_nop=0 n_act=0 n_pre=0 n_ref_event=0 n_req=0 n_rd=0 n_rd_L2_A=0 n_write=0 n_wr_bk=0 bw_util=-nan
n_activity=0 dram_eff=-nan
bk0: 0a 0i bk1: 0a 0i bk2: 0a 0i bk3: 0a 0i bk4: 0a 0i bk5: 0a 0i bk6: 0a 0i bk7: 0a 0i bk8: 0a 0i bk9: 0a 0i bk10: 0a 0i bk11: 0a 0i bk12: 0a 0i bk13: 0a 0i bk14: 0a 0i bk15: 0a 0i 

------------------------------------------------------------------------

Row_Buffer_Locality = -nan
Row_Buffer_Locality_read = -nan
Row_Buffer_Locality_write = -nan
Bank_Level_Parallism = -nan
Bank_Level_Parallism_Col = -nan
Bank_Level_Parallism_Ready = -nan
write_to_read_ratio_blp_rw_average = -nan
GrpLevelPara = -nan 

BW Util details:
bwutil = -nan 
total_CMD = 0 
util_bw = 0 
Wasted_Col = 0 
Wasted_Row = 0 
Idle = 0 

BW Util Bottlenecks: 
RCDc_limit = 0 
RCDWRc_limit = 0 
WTRc_limit = 0 
RTWc_limit = 0 
CCDLc_limit = 0 
rwq = 0 
CCDLc_limit_alone = 0 
WTRc_limit_alone = 0 
RTWc_limit_alone = 0 

Commands details: 
total_CMD = 0 
n_nop = 0 
Read = 0 
Write = 0 
L2_Alloc = 0 
L2_WB = 0 
n_act = 0 
n_pre = 0 
n_ref = 0 
n_req = 0 
total_req = 0 

Dual Bus Interface Util: 
issued_total_row = 0 
issued_total_col = 0 
Row_Bus_Util =  -nan 
CoL_Bus_Util = -nan 
Either_Row_CoL_Bus_Util = -nan 
Issued_on_Two_Bus_Simul_Util = -nan 
issued_two_Eff = -nan 
queue_avg = -nan 


dram_util_bins: 0 0 0 0 0 0 0 0 0 0
dram_eff_bins: 0 0 0 0 0 0 0 0 0 0
mrqq: max=0 avg=-nan
Memory Partition 10: 
Cache L2_bank_020:
MSHR contents

Cache L2_bank_021:
MSHR contents

In Dram Latency Queue (total = 0): 
DRAM[10]: 16 bks, busW=8 BL=4 CL=19, tRRD=6 tCCD=1, tRCD=19 tRAS=45 tRP=19 tRC=50
n_cmd=0 n_nop=0 n_act=0 n_pre=0 n_ref_event=0 n_req=0 n_rd=0 n_rd_L2_A=0 n_write=0 n_wr_bk=0 bw_util=-nan
n_activity=0 dram_eff=-nan
bk0: 0a 0i bk1: 0a 0i bk2: 0a 0i bk3: 0a 0i bk4: 0a 0i bk5: 0a 0i bk6: 0a 0i bk7: 0a 0i bk8: 0a 0i bk9: 0a 0i bk10: 0a 0i bk11: 0a 0i bk12: 0a 0i bk13: 0a 0i bk14: 0a 0i bk15: 0a 0i 

------------------------------------------------------------------------

Row_Buffer_Locality = -nan
Row_Buffer_Locality_read = -nan
Row_Buffer_Locality_write = -nan
Bank_Level_Parallism = -nan
Bank_Level_Parallism_Col = -nan
Bank_Level_Parallism_Ready = -nan
write_to_read_ratio_blp_rw_average = -nan
GrpLevelPara = -nan 

BW Util details:
bwutil = -nan 
total_CMD = 0 
util_bw = 0 
Wasted_Col = 0 
Wasted_Row = 0 
Idle = 0 

BW Util Bottlenecks: 
RCDc_limit = 0 
RCDWRc_limit = 0 
WTRc_limit = 0 
RTWc_limit = 0 
CCDLc_limit = 0 
rwq = 0 
CCDLc_limit_alone = 0 
WTRc_limit_alone = 0 
RTWc_limit_alone = 0 

Commands details: 
total_CMD = 0 
n_nop = 0 
Read = 0 
Write = 0 
L2_Alloc = 0 
L2_WB = 0 
n_act = 0 
n_pre = 0 
n_ref = 0 
n_req = 0 
total_req = 0 

Dual Bus Interface Util: 
issued_total_row = 0 
issued_total_col = 0 
Row_Bus_Util =  -nan 
CoL_Bus_Util = -nan 
Either_Row_CoL_Bus_Util = -nan 
Issued_on_Two_Bus_Simul_Util = -nan 
issued_two_Eff = -nan 
queue_avg = -nan 


dram_util_bins: 0 0 0 0 0 0 0 0 0 0
dram_eff_bins: 0 0 0 0 0 0 0 0 0 0
mrqq: max=0 avg=-nan
Memory Partition 11: 
Cache L2_bank_022:
MSHR contents

Cache L2_bank_023:
MSHR contents

In Dram Latency Queue (total = 0): 
DRAM[11]: 16 bks, busW=8 BL=4 CL=19, tRRD=6 tCCD=1, tRCD=19 tRAS=45 tRP=19 tRC=50
n_cmd=0 n_nop=0 n_act=0 n_pre=0 n_ref_event=0 n_req=0 n_rd=0 n_rd_L2_A=0 n_write=0 n_wr_bk=0 bw_util=-nan
n_activity=0 dram_eff=-nan
bk0: 0a 0i bk1: 0a 0i bk2: 0a 0i bk3: 0a 0i bk4: 0a 0i bk5: 0a 0i bk6: 0a 0i bk7: 0a 0i bk8: 0a 0i bk9: 0a 0i bk10: 0a 0i bk11: 0a 0i bk12: 0a 0i bk13: 0a 0i bk14: 0a 0i bk15: 0a 0i 

------------------------------------------------------------------------

Row_Buffer_Locality = -nan
Row_Buffer_Locality_read = -nan
Row_Buffer_Locality_write = -nan
Bank_Level_Parallism = -nan
Bank_Level_Parallism_Col = -nan
Bank_Level_Parallism_Ready = -nan
write_to_read_ratio_blp_rw_average = -nan
GrpLevelPara = -nan 

BW Util details:
bwutil = -nan 
total_CMD = 0 
util_bw = 0 
Wasted_Col = 0 
Wasted_Row = 0 
Idle = 0 

BW Util Bottlenecks: 
RCDc_limit = 0 
RCDWRc_limit = 0 
WTRc_limit = 0 
RTWc_limit = 0 
CCDLc_limit = 0 
rwq = 0 
CCDLc_limit_alone = 0 
WTRc_limit_alone = 0 
RTWc_limit_alone = 0 

Commands details: 
total_CMD = 0 
n_nop = 0 
Read = 0 
Write = 0 
L2_Alloc = 0 
L2_WB = 0 
n_act = 0 
n_pre = 0 
n_ref = 0 
n_req = 0 
total_req = 0 

Dual Bus Interface Util: 
issued_total_row = 0 
issued_total_col = 0 
Row_Bus_Util =  -nan 
CoL_Bus_Util = -nan 
Either_Row_CoL_Bus_Util = -nan 
Issued_on_Two_Bus_Simul_Util = -nan 
issued_two_Eff = -nan 
queue_avg = -nan 


dram_util_bins: 0 0 0 0 0 0 0 0 0 0
dram_eff_bins: 0 0 0 0 0 0 0 0 0 0
mrqq: max=0 avg=-nan
Memory Partition 12: 
Cache L2_bank_024:
MSHR contents

Cache L2_bank_025:
MSHR contents

In Dram Latency Queue (total = 0): 
DRAM[12]: 16 bks, busW=8 BL=4 CL=19, tRRD=6 tCCD=1, tRCD=19 tRAS=45 tRP=19 tRC=50
n_cmd=0 n_nop=0 n_act=0 n_pre=0 n_ref_event=0 n_req=0 n_rd=0 n_rd_L2_A=0 n_write=0 n_wr_bk=0 bw_util=-nan
n_activity=0 dram_eff=-nan
bk0: 0a 0i bk1: 0a 0i bk2: 0a 0i bk3: 0a 0i bk4: 0a 0i bk5: 0a 0i bk6: 0a 0i bk7: 0a 0i bk8: 0a 0i bk9: 0a 0i bk10: 0a 0i bk11: 0a 0i bk12: 0a 0i bk13: 0a 0i bk14: 0a 0i bk15: 0a 0i 

------------------------------------------------------------------------

Row_Buffer_Locality = -nan
Row_Buffer_Locality_read = -nan
Row_Buffer_Locality_write = -nan
Bank_Level_Parallism = -nan
Bank_Level_Parallism_Col = -nan
Bank_Level_Parallism_Ready = -nan
write_to_read_ratio_blp_rw_average = -nan
GrpLevelPara = -nan 

BW Util details:
bwutil = -nan 
total_CMD = 0 
util_bw = 0 
Wasted_Col = 0 
Wasted_Row = 0 
Idle = 0 

BW Util Bottlenecks: 
RCDc_limit = 0 
RCDWRc_limit = 0 
WTRc_limit = 0 
RTWc_limit = 0 
CCDLc_limit = 0 
rwq = 0 
CCDLc_limit_alone = 0 
WTRc_limit_alone = 0 
RTWc_limit_alone = 0 

Commands details: 
total_CMD = 0 
n_nop = 0 
Read = 0 
Write = 0 
L2_Alloc = 0 
L2_WB = 0 
n_act = 0 
n_pre = 0 
n_ref = 0 
n_req = 0 
total_req = 0 

Dual Bus Interface Util: 
issued_total_row = 0 
issued_total_col = 0 
Row_Bus_Util =  -nan 
CoL_Bus_Util = -nan 
Either_Row_CoL_Bus_Util = -nan 
Issued_on_Two_Bus_Simul_Util = -nan 
issued_two_Eff = -nan 
queue_avg = -nan 


dram_util_bins: 0 0 0 0 0 0 0 0 0 0
dram_eff_bins: 0 0 0 0 0 0 0 0 0 0
mrqq: max=0 avg=-nan
Memory Partition 13: 
Cache L2_bank_026:
MSHR contents

Cache L2_bank_027:
MSHR contents

In Dram Latency Queue (total = 0): 
DRAM[13]: 16 bks, busW=8 BL=4 CL=19, tRRD=6 tCCD=1, tRCD=19 tRAS=45 tRP=19 tRC=50
n_cmd=0 n_nop=0 n_act=0 n_pre=0 n_ref_event=0 n_req=0 n_rd=0 n_rd_L2_A=0 n_write=0 n_wr_bk=0 bw_util=-nan
n_activity=0 dram_eff=-nan
bk0: 0a 0i bk1: 0a 0i bk2: 0a 0i bk3: 0a 0i bk4: 0a 0i bk5: 0a 0i bk6: 0a 0i bk7: 0a 0i bk8: 0a 0i bk9: 0a 0i bk10: 0a 0i bk11: 0a 0i bk12: 0a 0i bk13: 0a 0i bk14: 0a 0i bk15: 0a 0i 

------------------------------------------------------------------------

Row_Buffer_Locality = -nan
Row_Buffer_Locality_read = -nan
Row_Buffer_Locality_write = -nan
Bank_Level_Parallism = -nan
Bank_Level_Parallism_Col = -nan
Bank_Level_Parallism_Ready = -nan
write_to_read_ratio_blp_rw_average = -nan
GrpLevelPara = -nan 

BW Util details:
bwutil = -nan 
total_CMD = 0 
util_bw = 0 
Wasted_Col = 0 
Wasted_Row = 0 
Idle = 0 

BW Util Bottlenecks: 
RCDc_limit = 0 
RCDWRc_limit = 0 
WTRc_limit = 0 
RTWc_limit = 0 
CCDLc_limit = 0 
rwq = 0 
CCDLc_limit_alone = 0 
WTRc_limit_alone = 0 
RTWc_limit_alone = 0 

Commands details: 
total_CMD = 0 
n_nop = 0 
Read = 0 
Write = 0 
L2_Alloc = 0 
L2_WB = 0 
n_act = 0 
n_pre = 0 
n_ref = 0 
n_req = 0 
total_req = 0 

Dual Bus Interface Util: 
issued_total_row = 0 
issued_total_col = 0 
Row_Bus_Util =  -nan 
CoL_Bus_Util = -nan 
Either_Row_CoL_Bus_Util = -nan 
Issued_on_Two_Bus_Simul_Util = -nan 
issued_two_Eff = -nan 
queue_avg = -nan 


dram_util_bins: 0 0 0 0 0 0 0 0 0 0
dram_eff_bins: 0 0 0 0 0 0 0 0 0 0
mrqq: max=0 avg=-nan
Memory Partition 14: 
Cache L2_bank_028:
MSHR contents

Cache L2_bank_029:
MSHR contents

In Dram Latency Queue (total = 0): 
DRAM[14]: 16 bks, busW=8 BL=4 CL=19, tRRD=6 tCCD=1, tRCD=19 tRAS=45 tRP=19 tRC=50
n_cmd=0 n_nop=0 n_act=0 n_pre=0 n_ref_event=0 n_req=0 n_rd=0 n_rd_L2_A=0 n_write=0 n_wr_bk=0 bw_util=-nan
n_activity=0 dram_eff=-nan
bk0: 0a 0i bk1: 0a 0i bk2: 0a 0i bk3: 0a 0i bk4: 0a 0i bk5: 0a 0i bk6: 0a 0i bk7: 0a 0i bk8: 0a 0i bk9: 0a 0i bk10: 0a 0i bk11: 0a 0i bk12: 0a 0i bk13: 0a 0i bk14: 0a 0i bk15: 0a 0i 

------------------------------------------------------------------------

Row_Buffer_Locality = -nan
Row_Buffer_Locality_read = -nan
Row_Buffer_Locality_write = -nan
Bank_Level_Parallism = -nan
Bank_Level_Parallism_Col = -nan
Bank_Level_Parallism_Ready = -nan
write_to_read_ratio_blp_rw_average = -nan
GrpLevelPara = -nan 

BW Util details:
bwutil = -nan 
total_CMD = 0 
util_bw = 0 
Wasted_Col = 0 
Wasted_Row = 0 
Idle = 0 

BW Util Bottlenecks: 
RCDc_limit = 0 
RCDWRc_limit = 0 
WTRc_limit = 0 
RTWc_limit = 0 
CCDLc_limit = 0 
rwq = 0 
CCDLc_limit_alone = 0 
WTRc_limit_alone = 0 
RTWc_limit_alone = 0 

Commands details: 
total_CMD = 0 
n_nop = 0 
Read = 0 
Write = 0 
L2_Alloc = 0 
L2_WB = 0 
n_act = 0 
n_pre = 0 
n_ref = 0 
n_req = 0 
total_req = 0 

Dual Bus Interface Util: 
issued_total_row = 0 
issued_total_col = 0 
Row_Bus_Util =  -nan 
CoL_Bus_Util = -nan 
Either_Row_CoL_Bus_Util = -nan 
Issued_on_Two_Bus_Simul_Util = -nan 
issued_two_Eff = -nan 
queue_avg = -nan 


dram_util_bins: 0 0 0 0 0 0 0 0 0 0
dram_eff_bins: 0 0 0 0 0 0 0 0 0 0
mrqq: max=0 avg=-nan
Memory Partition 15: 
Cache L2_bank_030:
MSHR contents

Cache L2_bank_031:
MSHR contents

In Dram Latency Queue (total = 0): 
DRAM[15]: 16 bks, busW=8 BL=4 CL=19, tRRD=6 tCCD=1, tRCD=19 tRAS=45 tRP=19 tRC=50
n_cmd=0 n_nop=0 n_act=0 n_pre=0 n_ref_event=0 n_req=0 n_rd=0 n_rd_L2_A=0 n_write=0 n_wr_bk=0 bw_util=-nan
n_activity=0 dram_eff=-nan
bk0: 0a 0i bk1: 0a 0i bk2: 0a 0i bk3: 0a 0i bk4: 0a 0i bk5: 0a 0i bk6: 0a 0i bk7: 0a 0i bk8: 0a 0i bk9: 0a 0i bk10: 0a 0i bk11: 0a 0i bk12: 0a 0i bk13: 0a 0i bk14: 0a 0i bk15: 0a 0i 

------------------------------------------------------------------------

Row_Buffer_Locality = -nan
Row_Buffer_Locality_read = -nan
Row_Buffer_Locality_write = -nan
Bank_Level_Parallism = -nan
Bank_Level_Parallism_Col = -nan
Bank_Level_Parallism_Ready = -nan
write_to_read_ratio_blp_rw_average = -nan
GrpLevelPara = -nan 

BW Util details:
bwutil = -nan 
total_CMD = 0 
util_bw = 0 
Wasted_Col = 0 
Wasted_Row = 0 
Idle = 0 

BW Util Bottlenecks: 
RCDc_limit = 0 
RCDWRc_limit = 0 
WTRc_limit = 0 
RTWc_limit = 0 
CCDLc_limit = 0 
rwq = 0 
CCDLc_limit_alone = 0 
WTRc_limit_alone = 0 
RTWc_limit_alone = 0 

Commands details: 
total_CMD = 0 
n_nop = 0 
Read = 0 
Write = 0 
L2_Alloc = 0 
L2_WB = 0 
n_act = 0 
n_pre = 0 
n_ref = 0 
n_req = 0 
total_req = 0 

Dual Bus Interface Util: 
issued_total_row = 0 
issued_total_col = 0 
Row_Bus_Util =  -nan 
CoL_Bus_Util = -nan 
Either_Row_CoL_Bus_Util = -nan 
Issued_on_Two_Bus_Simul_Util = -nan 
issued_two_Eff = -nan 
queue_avg = -nan 


dram_util_bins: 0 0 0 0 0 0 0 0 0 0
dram_eff_bins: 0 0 0 0 0 0 0 0 0 0
mrqq: max=0 avg=-nan
Memory Partition 16: 
Cache L2_bank_032:
MSHR contents

Cache L2_bank_033:
MSHR contents

In Dram Latency Queue (total = 0): 
DRAM[16]: 16 bks, busW=8 BL=4 CL=19, tRRD=6 tCCD=1, tRCD=19 tRAS=45 tRP=19 tRC=50
n_cmd=0 n_nop=0 n_act=0 n_pre=0 n_ref_event=0 n_req=0 n_rd=0 n_rd_L2_A=0 n_write=0 n_wr_bk=0 bw_util=-nan
n_activity=0 dram_eff=-nan
bk0: 0a 0i bk1: 0a 0i bk2: 0a 0i bk3: 0a 0i bk4: 0a 0i bk5: 0a 0i bk6: 0a 0i bk7: 0a 0i bk8: 0a 0i bk9: 0a 0i bk10: 0a 0i bk11: 0a 0i bk12: 0a 0i bk13: 0a 0i bk14: 0a 0i bk15: 0a 0i 

------------------------------------------------------------------------

Row_Buffer_Locality = -nan
Row_Buffer_Locality_read = -nan
Row_Buffer_Locality_write = -nan
Bank_Level_Parallism = -nan
Bank_Level_Parallism_Col = -nan
Bank_Level_Parallism_Ready = -nan
write_to_read_ratio_blp_rw_average = -nan
GrpLevelPara = -nan 

BW Util details:
bwutil = -nan 
total_CMD = 0 
util_bw = 0 
Wasted_Col = 0 
Wasted_Row = 0 
Idle = 0 

BW Util Bottlenecks: 
RCDc_limit = 0 
RCDWRc_limit = 0 
WTRc_limit = 0 
RTWc_limit = 0 
CCDLc_limit = 0 
rwq = 0 
CCDLc_limit_alone = 0 
WTRc_limit_alone = 0 
RTWc_limit_alone = 0 

Commands details: 
total_CMD = 0 
n_nop = 0 
Read = 0 
Write = 0 
L2_Alloc = 0 
L2_WB = 0 
n_act = 0 
n_pre = 0 
n_ref = 0 
n_req = 0 
total_req = 0 

Dual Bus Interface Util: 
issued_total_row = 0 
issued_total_col = 0 
Row_Bus_Util =  -nan 
CoL_Bus_Util = -nan 
Either_Row_CoL_Bus_Util = -nan 
Issued_on_Two_Bus_Simul_Util = -nan 
issued_two_Eff = -nan 
queue_avg = -nan 


dram_util_bins: 0 0 0 0 0 0 0 0 0 0
dram_eff_bins: 0 0 0 0 0 0 0 0 0 0
mrqq: max=0 avg=-nan
Memory Partition 17: 
Cache L2_bank_034:
MSHR contents

Cache L2_bank_035:
MSHR contents

In Dram Latency Queue (total = 0): 
DRAM[17]: 16 bks, busW=8 BL=4 CL=19, tRRD=6 tCCD=1, tRCD=19 tRAS=45 tRP=19 tRC=50
n_cmd=0 n_nop=0 n_act=0 n_pre=0 n_ref_event=0 n_req=0 n_rd=0 n_rd_L2_A=0 n_write=0 n_wr_bk=0 bw_util=-nan
n_activity=0 dram_eff=-nan
bk0: 0a 0i bk1: 0a 0i bk2: 0a 0i bk3: 0a 0i bk4: 0a 0i bk5: 0a 0i bk6: 0a 0i bk7: 0a 0i bk8: 0a 0i bk9: 0a 0i bk10: 0a 0i bk11: 0a 0i bk12: 0a 0i bk13: 0a 0i bk14: 0a 0i bk15: 0a 0i 

------------------------------------------------------------------------

Row_Buffer_Locality = -nan
Row_Buffer_Locality_read = -nan
Row_Buffer_Locality_write = -nan
Bank_Level_Parallism = -nan
Bank_Level_Parallism_Col = -nan
Bank_Level_Parallism_Ready = -nan
write_to_read_ratio_blp_rw_average = -nan
GrpLevelPara = -nan 

BW Util details:
bwutil = -nan 
total_CMD = 0 
util_bw = 0 
Wasted_Col = 0 
Wasted_Row = 0 
Idle = 0 

BW Util Bottlenecks: 
RCDc_limit = 0 
RCDWRc_limit = 0 
WTRc_limit = 0 
RTWc_limit = 0 
CCDLc_limit = 0 
rwq = 0 
CCDLc_limit_alone = 0 
WTRc_limit_alone = 0 
RTWc_limit_alone = 0 

Commands details: 
total_CMD = 0 
n_nop = 0 
Read = 0 
Write = 0 
L2_Alloc = 0 
L2_WB = 0 
n_act = 0 
n_pre = 0 
n_ref = 0 
n_req = 0 
total_req = 0 

Dual Bus Interface Util: 
issued_total_row = 0 
issued_total_col = 0 
Row_Bus_Util =  -nan 
CoL_Bus_Util = -nan 
Either_Row_CoL_Bus_Util = -nan 
Issued_on_Two_Bus_Simul_Util = -nan 
issued_two_Eff = -nan 
queue_avg = -nan 


dram_util_bins: 0 0 0 0 0 0 0 0 0 0
dram_eff_bins: 0 0 0 0 0 0 0 0 0 0
mrqq: max=0 avg=-nan
Memory Partition 18: 
Cache L2_bank_036:
MSHR contents

Cache L2_bank_037:
MSHR contents

In Dram Latency Queue (total = 0): 
DRAM[18]: 16 bks, busW=8 BL=4 CL=19, tRRD=6 tCCD=1, tRCD=19 tRAS=45 tRP=19 tRC=50
n_cmd=0 n_nop=0 n_act=0 n_pre=0 n_ref_event=0 n_req=0 n_rd=0 n_rd_L2_A=0 n_write=0 n_wr_bk=0 bw_util=-nan
n_activity=0 dram_eff=-nan
bk0: 0a 0i bk1: 0a 0i bk2: 0a 0i bk3: 0a 0i bk4: 0a 0i bk5: 0a 0i bk6: 0a 0i bk7: 0a 0i bk8: 0a 0i bk9: 0a 0i bk10: 0a 0i bk11: 0a 0i bk12: 0a 0i bk13: 0a 0i bk14: 0a 0i bk15: 0a 0i 

------------------------------------------------------------------------

Row_Buffer_Locality = -nan
Row_Buffer_Locality_read = -nan
Row_Buffer_Locality_write = -nan
Bank_Level_Parallism = -nan
Bank_Level_Parallism_Col = -nan
Bank_Level_Parallism_Ready = -nan
write_to_read_ratio_blp_rw_average = -nan
GrpLevelPara = -nan 

BW Util details:
bwutil = -nan 
total_CMD = 0 
util_bw = 0 
Wasted_Col = 0 
Wasted_Row = 0 
Idle = 0 

BW Util Bottlenecks: 
RCDc_limit = 0 
RCDWRc_limit = 0 
WTRc_limit = 0 
RTWc_limit = 0 
CCDLc_limit = 0 
rwq = 0 
CCDLc_limit_alone = 0 
WTRc_limit_alone = 0 
RTWc_limit_alone = 0 

Commands details: 
total_CMD = 0 
n_nop = 0 
Read = 0 
Write = 0 
L2_Alloc = 0 
L2_WB = 0 
n_act = 0 
n_pre = 0 
n_ref = 0 
n_req = 0 
total_req = 0 

Dual Bus Interface Util: 
issued_total_row = 0 
issued_total_col = 0 
Row_Bus_Util =  -nan 
CoL_Bus_Util = -nan 
Either_Row_CoL_Bus_Util = -nan 
Issued_on_Two_Bus_Simul_Util = -nan 
issued_two_Eff = -nan 
queue_avg = -nan 


dram_util_bins: 0 0 0 0 0 0 0 0 0 0
dram_eff_bins: 0 0 0 0 0 0 0 0 0 0
mrqq: max=0 avg=-nan
Memory Partition 19: 
Cache L2_bank_038:
MSHR contents

Cache L2_bank_039:
MSHR contents

In Dram Latency Queue (total = 0): 
DRAM[19]: 16 bks, busW=8 BL=4 CL=19, tRRD=6 tCCD=1, tRCD=19 tRAS=45 tRP=19 tRC=50
n_cmd=0 n_nop=0 n_act=0 n_pre=0 n_ref_event=0 n_req=0 n_rd=0 n_rd_L2_A=0 n_write=0 n_wr_bk=0 bw_util=-nan
n_activity=0 dram_eff=-nan
bk0: 0a 0i bk1: 0a 0i bk2: 0a 0i bk3: 0a 0i bk4: 0a 0i bk5: 0a 0i bk6: 0a 0i bk7: 0a 0i bk8: 0a 0i bk9: 0a 0i bk10: 0a 0i bk11: 0a 0i bk12: 0a 0i bk13: 0a 0i bk14: 0a 0i bk15: 0a 0i 

------------------------------------------------------------------------

Row_Buffer_Locality = -nan
Row_Buffer_Locality_read = -nan
Row_Buffer_Locality_write = -nan
Bank_Level_Parallism = -nan
Bank_Level_Parallism_Col = -nan
Bank_Level_Parallism_Ready = -nan
write_to_read_ratio_blp_rw_average = -nan
GrpLevelPara = -nan 

BW Util details:
bwutil = -nan 
total_CMD = 0 
util_bw = 0 
Wasted_Col = 0 
Wasted_Row = 0 
Idle = 0 

BW Util Bottlenecks: 
RCDc_limit = 0 
RCDWRc_limit = 0 
WTRc_limit = 0 
RTWc_limit = 0 
CCDLc_limit = 0 
rwq = 0 
CCDLc_limit_alone = 0 
WTRc_limit_alone = 0 
RTWc_limit_alone = 0 

Commands details: 
total_CMD = 0 
n_nop = 0 
Read = 0 
Write = 0 
L2_Alloc = 0 
L2_WB = 0 
n_act = 0 
n_pre = 0 
n_ref = 0 
n_req = 0 
total_req = 0 

Dual Bus Interface Util: 
issued_total_row = 0 
issued_total_col = 0 
Row_Bus_Util =  -nan 
CoL_Bus_Util = -nan 
Either_Row_CoL_Bus_Util = -nan 
Issued_on_Two_Bus_Simul_Util = -nan 
issued_two_Eff = -nan 
queue_avg = -nan 


dram_util_bins: 0 0 0 0 0 0 0 0 0 0
dram_eff_bins: 0 0 0 0 0 0 0 0 0 0
mrqq: max=0 avg=-nan
Memory Partition 20: 
Cache L2_bank_040:
MSHR contents

Cache L2_bank_041:
MSHR contents

In Dram Latency Queue (total = 0): 
DRAM[20]: 16 bks, busW=8 BL=4 CL=19, tRRD=6 tCCD=1, tRCD=19 tRAS=45 tRP=19 tRC=50
n_cmd=0 n_nop=0 n_act=0 n_pre=0 n_ref_event=0 n_req=0 n_rd=0 n_rd_L2_A=0 n_write=0 n_wr_bk=0 bw_util=-nan
n_activity=0 dram_eff=-nan
bk0: 0a 0i bk1: 0a 0i bk2: 0a 0i bk3: 0a 0i bk4: 0a 0i bk5: 0a 0i bk6: 0a 0i bk7: 0a 0i bk8: 0a 0i bk9: 0a 0i bk10: 0a 0i bk11: 0a 0i bk12: 0a 0i bk13: 0a 0i bk14: 0a 0i bk15: 0a 0i 

------------------------------------------------------------------------

Row_Buffer_Locality = -nan
Row_Buffer_Locality_read = -nan
Row_Buffer_Locality_write = -nan
Bank_Level_Parallism = -nan
Bank_Level_Parallism_Col = -nan
Bank_Level_Parallism_Ready = -nan
write_to_read_ratio_blp_rw_average = -nan
GrpLevelPara = -nan 

BW Util details:
bwutil = -nan 
total_CMD = 0 
util_bw = 0 
Wasted_Col = 0 
Wasted_Row = 0 
Idle = 0 

BW Util Bottlenecks: 
RCDc_limit = 0 
RCDWRc_limit = 0 
WTRc_limit = 0 
RTWc_limit = 0 
CCDLc_limit = 0 
rwq = 0 
CCDLc_limit_alone = 0 
WTRc_limit_alone = 0 
RTWc_limit_alone = 0 

Commands details: 
total_CMD = 0 
n_nop = 0 
Read = 0 
Write = 0 
L2_Alloc = 0 
L2_WB = 0 
n_act = 0 
n_pre = 0 
n_ref = 0 
n_req = 0 
total_req = 0 

Dual Bus Interface Util: 
issued_total_row = 0 
issued_total_col = 0 
Row_Bus_Util =  -nan 
CoL_Bus_Util = -nan 
Either_Row_CoL_Bus_Util = -nan 
Issued_on_Two_Bus_Simul_Util = -nan 
issued_two_Eff = -nan 
queue_avg = -nan 


dram_util_bins: 0 0 0 0 0 0 0 0 0 0
dram_eff_bins: 0 0 0 0 0 0 0 0 0 0
mrqq: max=0 avg=-nan
Memory Partition 21: 
Cache L2_bank_042:
MSHR contents

Cache L2_bank_043:
MSHR contents

In Dram Latency Queue (total = 0): 
DRAM[21]: 16 bks, busW=8 BL=4 CL=19, tRRD=6 tCCD=1, tRCD=19 tRAS=45 tRP=19 tRC=50
n_cmd=0 n_nop=0 n_act=0 n_pre=0 n_ref_event=0 n_req=0 n_rd=0 n_rd_L2_A=0 n_write=0 n_wr_bk=0 bw_util=-nan
n_activity=0 dram_eff=-nan
bk0: 0a 0i bk1: 0a 0i bk2: 0a 0i bk3: 0a 0i bk4: 0a 0i bk5: 0a 0i bk6: 0a 0i bk7: 0a 0i bk8: 0a 0i bk9: 0a 0i bk10: 0a 0i bk11: 0a 0i bk12: 0a 0i bk13: 0a 0i bk14: 0a 0i bk15: 0a 0i 

------------------------------------------------------------------------

Row_Buffer_Locality = -nan
Row_Buffer_Locality_read = -nan
Row_Buffer_Locality_write = -nan
Bank_Level_Parallism = -nan
Bank_Level_Parallism_Col = -nan
Bank_Level_Parallism_Ready = -nan
write_to_read_ratio_blp_rw_average = -nan
GrpLevelPara = -nan 

BW Util details:
bwutil = -nan 
total_CMD = 0 
util_bw = 0 
Wasted_Col = 0 
Wasted_Row = 0 
Idle = 0 

BW Util Bottlenecks: 
RCDc_limit = 0 
RCDWRc_limit = 0 
WTRc_limit = 0 
RTWc_limit = 0 
CCDLc_limit = 0 
rwq = 0 
CCDLc_limit_alone = 0 
WTRc_limit_alone = 0 
RTWc_limit_alone = 0 

Commands details: 
total_CMD = 0 
n_nop = 0 
Read = 0 
Write = 0 
L2_Alloc = 0 
L2_WB = 0 
n_act = 0 
n_pre = 0 
n_ref = 0 
n_req = 0 
total_req = 0 

Dual Bus Interface Util: 
issued_total_row = 0 
issued_total_col = 0 
Row_Bus_Util =  -nan 
CoL_Bus_Util = -nan 
Either_Row_CoL_Bus_Util = -nan 
Issued_on_Two_Bus_Simul_Util = -nan 
issued_two_Eff = -nan 
queue_avg = -nan 


dram_util_bins: 0 0 0 0 0 0 0 0 0 0
dram_eff_bins: 0 0 0 0 0 0 0 0 0 0
mrqq: max=0 avg=-nan
Memory Partition 22: 
Cache L2_bank_044:
MSHR contents

Cache L2_bank_045:
MSHR contents

In Dram Latency Queue (total = 0): 
DRAM[22]: 16 bks, busW=8 BL=4 CL=19, tRRD=6 tCCD=1, tRCD=19 tRAS=45 tRP=19 tRC=50
n_cmd=0 n_nop=0 n_act=0 n_pre=0 n_ref_event=0 n_req=0 n_rd=0 n_rd_L2_A=0 n_write=0 n_wr_bk=0 bw_util=-nan
n_activity=0 dram_eff=-nan
bk0: 0a 0i bk1: 0a 0i bk2: 0a 0i bk3: 0a 0i bk4: 0a 0i bk5: 0a 0i bk6: 0a 0i bk7: 0a 0i bk8: 0a 0i bk9: 0a 0i bk10: 0a 0i bk11: 0a 0i bk12: 0a 0i bk13: 0a 0i bk14: 0a 0i bk15: 0a 0i 

------------------------------------------------------------------------

Row_Buffer_Locality = -nan
Row_Buffer_Locality_read = -nan
Row_Buffer_Locality_write = -nan
Bank_Level_Parallism = -nan
Bank_Level_Parallism_Col = -nan
Bank_Level_Parallism_Ready = -nan
write_to_read_ratio_blp_rw_average = -nan
GrpLevelPara = -nan 

BW Util details:
bwutil = -nan 
total_CMD = 0 
util_bw = 0 
Wasted_Col = 0 
Wasted_Row = 0 
Idle = 0 

BW Util Bottlenecks: 
RCDc_limit = 0 
RCDWRc_limit = 0 
WTRc_limit = 0 
RTWc_limit = 0 
CCDLc_limit = 0 
rwq = 0 
CCDLc_limit_alone = 0 
WTRc_limit_alone = 0 
RTWc_limit_alone = 0 

Commands details: 
total_CMD = 0 
n_nop = 0 
Read = 0 
Write = 0 
L2_Alloc = 0 
L2_WB = 0 
n_act = 0 
n_pre = 0 
n_ref = 0 
n_req = 0 
total_req = 0 

Dual Bus Interface Util: 
issued_total_row = 0 
issued_total_col = 0 
Row_Bus_Util =  -nan 
CoL_Bus_Util = -nan 
Either_Row_CoL_Bus_Util = -nan 
Issued_on_Two_Bus_Simul_Util = -nan 
issued_two_Eff = -nan 
queue_avg = -nan 


dram_util_bins: 0 0 0 0 0 0 0 0 0 0
dram_eff_bins: 0 0 0 0 0 0 0 0 0 0
mrqq: max=0 avg=-nan
Memory Partition 23: 
Cache L2_bank_046:
MSHR contents

Cache L2_bank_047:
MSHR contents

In Dram Latency Queue (total = 0): 
DRAM[23]: 16 bks, busW=8 BL=4 CL=19, tRRD=6 tCCD=1, tRCD=19 tRAS=45 tRP=19 tRC=50
n_cmd=0 n_nop=0 n_act=0 n_pre=0 n_ref_event=0 n_req=0 n_rd=0 n_rd_L2_A=0 n_write=0 n_wr_bk=0 bw_util=-nan
n_activity=0 dram_eff=-nan
bk0: 0a 0i bk1: 0a 0i bk2: 0a 0i bk3: 0a 0i bk4: 0a 0i bk5: 0a 0i bk6: 0a 0i bk7: 0a 0i bk8: 0a 0i bk9: 0a 0i bk10: 0a 0i bk11: 0a 0i bk12: 0a 0i bk13: 0a 0i bk14: 0a 0i bk15: 0a 0i 

------------------------------------------------------------------------

Row_Buffer_Locality = -nan
Row_Buffer_Locality_read = -nan
Row_Buffer_Locality_write = -nan
Bank_Level_Parallism = -nan
Bank_Level_Parallism_Col = -nan
Bank_Level_Parallism_Ready = -nan
write_to_read_ratio_blp_rw_average = -nan
GrpLevelPara = -nan 

BW Util details:
bwutil = -nan 
total_CMD = 0 
util_bw = 0 
Wasted_Col = 0 
Wasted_Row = 0 
Idle = 0 

BW Util Bottlenecks: 
RCDc_limit = 0 
RCDWRc_limit = 0 
WTRc_limit = 0 
RTWc_limit = 0 
CCDLc_limit = 0 
rwq = 0 
CCDLc_limit_alone = 0 
WTRc_limit_alone = 0 
RTWc_limit_alone = 0 

Commands details: 
total_CMD = 0 
n_nop = 0 
Read = 0 
Write = 0 
L2_Alloc = 0 
L2_WB = 0 
n_act = 0 
n_pre = 0 
n_ref = 0 
n_req = 0 
total_req = 0 

Dual Bus Interface Util: 
issued_total_row = 0 
issued_total_col = 0 
Row_Bus_Util =  -nan 
CoL_Bus_Util = -nan 
Either_Row_CoL_Bus_Util = -nan 
Issued_on_Two_Bus_Simul_Util = -nan 
issued_two_Eff = -nan 
queue_avg = -nan 


dram_util_bins: 0 0 0 0 0 0 0 0 0 0
dram_eff_bins: 0 0 0 0 0 0 0 0 0 0
mrqq: max=0 avg=-nan
Memory Partition 24: 
Cache L2_bank_048:
MSHR contents

Cache L2_bank_049:
MSHR contents

In Dram Latency Queue (total = 0): 
DRAM[24]: 16 bks, busW=8 BL=4 CL=19, tRRD=6 tCCD=1, tRCD=19 tRAS=45 tRP=19 tRC=50
n_cmd=0 n_nop=0 n_act=0 n_pre=0 n_ref_event=0 n_req=0 n_rd=0 n_rd_L2_A=0 n_write=0 n_wr_bk=0 bw_util=-nan
n_activity=0 dram_eff=-nan
bk0: 0a 0i bk1: 0a 0i bk2: 0a 0i bk3: 0a 0i bk4: 0a 0i bk5: 0a 0i bk6: 0a 0i bk7: 0a 0i bk8: 0a 0i bk9: 0a 0i bk10: 0a 0i bk11: 0a 0i bk12: 0a 0i bk13: 0a 0i bk14: 0a 0i bk15: 0a 0i 

------------------------------------------------------------------------

Row_Buffer_Locality = -nan
Row_Buffer_Locality_read = -nan
Row_Buffer_Locality_write = -nan
Bank_Level_Parallism = -nan
Bank_Level_Parallism_Col = -nan
Bank_Level_Parallism_Ready = -nan
write_to_read_ratio_blp_rw_average = -nan
GrpLevelPara = -nan 

BW Util details:
bwutil = -nan 
total_CMD = 0 
util_bw = 0 
Wasted_Col = 0 
Wasted_Row = 0 
Idle = 0 

BW Util Bottlenecks: 
RCDc_limit = 0 
RCDWRc_limit = 0 
WTRc_limit = 0 
RTWc_limit = 0 
CCDLc_limit = 0 
rwq = 0 
CCDLc_limit_alone = 0 
WTRc_limit_alone = 0 
RTWc_limit_alone = 0 

Commands details: 
total_CMD = 0 
n_nop = 0 
Read = 0 
Write = 0 
L2_Alloc = 0 
L2_WB = 0 
n_act = 0 
n_pre = 0 
n_ref = 0 
n_req = 0 
total_req = 0 

Dual Bus Interface Util: 
issued_total_row = 0 
issued_total_col = 0 
Row_Bus_Util =  -nan 
CoL_Bus_Util = -nan 
Either_Row_CoL_Bus_Util = -nan 
Issued_on_Two_Bus_Simul_Util = -nan 
issued_two_Eff = -nan 
queue_avg = -nan 


dram_util_bins: 0 0 0 0 0 0 0 0 0 0
dram_eff_bins: 0 0 0 0 0 0 0 0 0 0
mrqq: max=0 avg=-nan
Memory Partition 25: 
Cache L2_bank_050:
MSHR contents

Cache L2_bank_051:
MSHR contents

In Dram Latency Queue (total = 0): 
DRAM[25]: 16 bks, busW=8 BL=4 CL=19, tRRD=6 tCCD=1, tRCD=19 tRAS=45 tRP=19 tRC=50
n_cmd=0 n_nop=0 n_act=0 n_pre=0 n_ref_event=0 n_req=0 n_rd=0 n_rd_L2_A=0 n_write=0 n_wr_bk=0 bw_util=-nan
n_activity=0 dram_eff=-nan
bk0: 0a 0i bk1: 0a 0i bk2: 0a 0i bk3: 0a 0i bk4: 0a 0i bk5: 0a 0i bk6: 0a 0i bk7: 0a 0i bk8: 0a 0i bk9: 0a 0i bk10: 0a 0i bk11: 0a 0i bk12: 0a 0i bk13: 0a 0i bk14: 0a 0i bk15: 0a 0i 

------------------------------------------------------------------------

Row_Buffer_Locality = -nan
Row_Buffer_Locality_read = -nan
Row_Buffer_Locality_write = -nan
Bank_Level_Parallism = -nan
Bank_Level_Parallism_Col = -nan
Bank_Level_Parallism_Ready = -nan
write_to_read_ratio_blp_rw_average = -nan
GrpLevelPara = -nan 

BW Util details:
bwutil = -nan 
total_CMD = 0 
util_bw = 0 
Wasted_Col = 0 
Wasted_Row = 0 
Idle = 0 

BW Util Bottlenecks: 
RCDc_limit = 0 
RCDWRc_limit = 0 
WTRc_limit = 0 
RTWc_limit = 0 
CCDLc_limit = 0 
rwq = 0 
CCDLc_limit_alone = 0 
WTRc_limit_alone = 0 
RTWc_limit_alone = 0 

Commands details: 
total_CMD = 0 
n_nop = 0 
Read = 0 
Write = 0 
L2_Alloc = 0 
L2_WB = 0 
n_act = 0 
n_pre = 0 
n_ref = 0 
n_req = 0 
total_req = 0 

Dual Bus Interface Util: 
issued_total_row = 0 
issued_total_col = 0 
Row_Bus_Util =  -nan 
CoL_Bus_Util = -nan 
Either_Row_CoL_Bus_Util = -nan 
Issued_on_Two_Bus_Simul_Util = -nan 
issued_two_Eff = -nan 
queue_avg = -nan 


dram_util_bins: 0 0 0 0 0 0 0 0 0 0
dram_eff_bins: 0 0 0 0 0 0 0 0 0 0
mrqq: max=0 avg=-nan
Memory Partition 26: 
Cache L2_bank_052:
MSHR contents

Cache L2_bank_053:
MSHR contents

In Dram Latency Queue (total = 0): 
DRAM[26]: 16 bks, busW=8 BL=4 CL=19, tRRD=6 tCCD=1, tRCD=19 tRAS=45 tRP=19 tRC=50
n_cmd=0 n_nop=0 n_act=0 n_pre=0 n_ref_event=0 n_req=0 n_rd=0 n_rd_L2_A=0 n_write=0 n_wr_bk=0 bw_util=-nan
n_activity=0 dram_eff=-nan
bk0: 0a 0i bk1: 0a 0i bk2: 0a 0i bk3: 0a 0i bk4: 0a 0i bk5: 0a 0i bk6: 0a 0i bk7: 0a 0i bk8: 0a 0i bk9: 0a 0i bk10: 0a 0i bk11: 0a 0i bk12: 0a 0i bk13: 0a 0i bk14: 0a 0i bk15: 0a 0i 

------------------------------------------------------------------------

Row_Buffer_Locality = -nan
Row_Buffer_Locality_read = -nan
Row_Buffer_Locality_write = -nan
Bank_Level_Parallism = -nan
Bank_Level_Parallism_Col = -nan
Bank_Level_Parallism_Ready = -nan
write_to_read_ratio_blp_rw_average = -nan
GrpLevelPara = -nan 

BW Util details:
bwutil = -nan 
total_CMD = 0 
util_bw = 0 
Wasted_Col = 0 
Wasted_Row = 0 
Idle = 0 

BW Util Bottlenecks: 
RCDc_limit = 0 
RCDWRc_limit = 0 
WTRc_limit = 0 
RTWc_limit = 0 
CCDLc_limit = 0 
rwq = 0 
CCDLc_limit_alone = 0 
WTRc_limit_alone = 0 
RTWc_limit_alone = 0 

Commands details: 
total_CMD = 0 
n_nop = 0 
Read = 0 
Write = 0 
L2_Alloc = 0 
L2_WB = 0 
n_act = 0 
n_pre = 0 
n_ref = 0 
n_req = 0 
total_req = 0 

Dual Bus Interface Util: 
issued_total_row = 0 
issued_total_col = 0 
Row_Bus_Util =  -nan 
CoL_Bus_Util = -nan 
Either_Row_CoL_Bus_Util = -nan 
Issued_on_Two_Bus_Simul_Util = -nan 
issued_two_Eff = -nan 
queue_avg = -nan 


dram_util_bins: 0 0 0 0 0 0 0 0 0 0
dram_eff_bins: 0 0 0 0 0 0 0 0 0 0
mrqq: max=0 avg=-nan
Memory Partition 27: 
Cache L2_bank_054:
MSHR contents

Cache L2_bank_055:
MSHR contents

In Dram Latency Queue (total = 0): 
DRAM[27]: 16 bks, busW=8 BL=4 CL=19, tRRD=6 tCCD=1, tRCD=19 tRAS=45 tRP=19 tRC=50
n_cmd=0 n_nop=0 n_act=0 n_pre=0 n_ref_event=0 n_req=0 n_rd=0 n_rd_L2_A=0 n_write=0 n_wr_bk=0 bw_util=-nan
n_activity=0 dram_eff=-nan
bk0: 0a 0i bk1: 0a 0i bk2: 0a 0i bk3: 0a 0i bk4: 0a 0i bk5: 0a 0i bk6: 0a 0i bk7: 0a 0i bk8: 0a 0i bk9: 0a 0i bk10: 0a 0i bk11: 0a 0i bk12: 0a 0i bk13: 0a 0i bk14: 0a 0i bk15: 0a 0i 

------------------------------------------------------------------------

Row_Buffer_Locality = -nan
Row_Buffer_Locality_read = -nan
Row_Buffer_Locality_write = -nan
Bank_Level_Parallism = -nan
Bank_Level_Parallism_Col = -nan
Bank_Level_Parallism_Ready = -nan
write_to_read_ratio_blp_rw_average = -nan
GrpLevelPara = -nan 

BW Util details:
bwutil = -nan 
total_CMD = 0 
util_bw = 0 
Wasted_Col = 0 
Wasted_Row = 0 
Idle = 0 

BW Util Bottlenecks: 
RCDc_limit = 0 
RCDWRc_limit = 0 
WTRc_limit = 0 
RTWc_limit = 0 
CCDLc_limit = 0 
rwq = 0 
CCDLc_limit_alone = 0 
WTRc_limit_alone = 0 
RTWc_limit_alone = 0 

Commands details: 
total_CMD = 0 
n_nop = 0 
Read = 0 
Write = 0 
L2_Alloc = 0 
L2_WB = 0 
n_act = 0 
n_pre = 0 
n_ref = 0 
n_req = 0 
total_req = 0 

Dual Bus Interface Util: 
issued_total_row = 0 
issued_total_col = 0 
Row_Bus_Util =  -nan 
CoL_Bus_Util = -nan 
Either_Row_CoL_Bus_Util = -nan 
Issued_on_Two_Bus_Simul_Util = -nan 
issued_two_Eff = -nan 
queue_avg = -nan 


dram_util_bins: 0 0 0 0 0 0 0 0 0 0
dram_eff_bins: 0 0 0 0 0 0 0 0 0 0
mrqq: max=0 avg=-nan
Memory Partition 28: 
Cache L2_bank_056:
MSHR contents

Cache L2_bank_057:
MSHR contents

In Dram Latency Queue (total = 0): 
DRAM[28]: 16 bks, busW=8 BL=4 CL=19, tRRD=6 tCCD=1, tRCD=19 tRAS=45 tRP=19 tRC=50
n_cmd=0 n_nop=0 n_act=0 n_pre=0 n_ref_event=0 n_req=0 n_rd=0 n_rd_L2_A=0 n_write=0 n_wr_bk=0 bw_util=-nan
n_activity=0 dram_eff=-nan
bk0: 0a 0i bk1: 0a 0i bk2: 0a 0i bk3: 0a 0i bk4: 0a 0i bk5: 0a 0i bk6: 0a 0i bk7: 0a 0i bk8: 0a 0i bk9: 0a 0i bk10: 0a 0i bk11: 0a 0i bk12: 0a 0i bk13: 0a 0i bk14: 0a 0i bk15: 0a 0i 

------------------------------------------------------------------------

Row_Buffer_Locality = -nan
Row_Buffer_Locality_read = -nan
Row_Buffer_Locality_write = -nan
Bank_Level_Parallism = -nan
Bank_Level_Parallism_Col = -nan
Bank_Level_Parallism_Ready = -nan
write_to_read_ratio_blp_rw_average = -nan
GrpLevelPara = -nan 

BW Util details:
bwutil = -nan 
total_CMD = 0 
util_bw = 0 
Wasted_Col = 0 
Wasted_Row = 0 
Idle = 0 

BW Util Bottlenecks: 
RCDc_limit = 0 
RCDWRc_limit = 0 
WTRc_limit = 0 
RTWc_limit = 0 
CCDLc_limit = 0 
rwq = 0 
CCDLc_limit_alone = 0 
WTRc_limit_alone = 0 
RTWc_limit_alone = 0 

Commands details: 
total_CMD = 0 
n_nop = 0 
Read = 0 
Write = 0 
L2_Alloc = 0 
L2_WB = 0 
n_act = 0 
n_pre = 0 
n_ref = 0 
n_req = 0 
total_req = 0 

Dual Bus Interface Util: 
issued_total_row = 0 
issued_total_col = 0 
Row_Bus_Util =  -nan 
CoL_Bus_Util = -nan 
Either_Row_CoL_Bus_Util = -nan 
Issued_on_Two_Bus_Simul_Util = -nan 
issued_two_Eff = -nan 
queue_avg = -nan 


dram_util_bins: 0 0 0 0 0 0 0 0 0 0
dram_eff_bins: 0 0 0 0 0 0 0 0 0 0
mrqq: max=0 avg=-nan
Memory Partition 29: 
Cache L2_bank_058:
MSHR contents

Cache L2_bank_059:
MSHR contents

In Dram Latency Queue (total = 0): 
DRAM[29]: 16 bks, busW=8 BL=4 CL=19, tRRD=6 tCCD=1, tRCD=19 tRAS=45 tRP=19 tRC=50
n_cmd=0 n_nop=0 n_act=0 n_pre=0 n_ref_event=0 n_req=0 n_rd=0 n_rd_L2_A=0 n_write=0 n_wr_bk=0 bw_util=-nan
n_activity=0 dram_eff=-nan
bk0: 0a 0i bk1: 0a 0i bk2: 0a 0i bk3: 0a 0i bk4: 0a 0i bk5: 0a 0i bk6: 0a 0i bk7: 0a 0i bk8: 0a 0i bk9: 0a 0i bk10: 0a 0i bk11: 0a 0i bk12: 0a 0i bk13: 0a 0i bk14: 0a 0i bk15: 0a 0i 

------------------------------------------------------------------------

Row_Buffer_Locality = -nan
Row_Buffer_Locality_read = -nan
Row_Buffer_Locality_write = -nan
Bank_Level_Parallism = -nan
Bank_Level_Parallism_Col = -nan
Bank_Level_Parallism_Ready = -nan
write_to_read_ratio_blp_rw_average = -nan
GrpLevelPara = -nan 

BW Util details:
bwutil = -nan 
total_CMD = 0 
util_bw = 0 
Wasted_Col = 0 
Wasted_Row = 0 
Idle = 0 

BW Util Bottlenecks: 
RCDc_limit = 0 
RCDWRc_limit = 0 
WTRc_limit = 0 
RTWc_limit = 0 
CCDLc_limit = 0 
rwq = 0 
CCDLc_limit_alone = 0 
WTRc_limit_alone = 0 
RTWc_limit_alone = 0 

Commands details: 
total_CMD = 0 
n_nop = 0 
Read = 0 
Write = 0 
L2_Alloc = 0 
L2_WB = 0 
n_act = 0 
n_pre = 0 
n_ref = 0 
n_req = 0 
total_req = 0 

Dual Bus Interface Util: 
issued_total_row = 0 
issued_total_col = 0 
Row_Bus_Util =  -nan 
CoL_Bus_Util = -nan 
Either_Row_CoL_Bus_Util = -nan 
Issued_on_Two_Bus_Simul_Util = -nan 
issued_two_Eff = -nan 
queue_avg = -nan 


dram_util_bins: 0 0 0 0 0 0 0 0 0 0
dram_eff_bins: 0 0 0 0 0 0 0 0 0 0
mrqq: max=0 avg=-nan
Memory Partition 30: 
Cache L2_bank_060:
MSHR contents

Cache L2_bank_061:
MSHR contents

In Dram Latency Queue (total = 0): 
DRAM[30]: 16 bks, busW=8 BL=4 CL=19, tRRD=6 tCCD=1, tRCD=19 tRAS=45 tRP=19 tRC=50
n_cmd=0 n_nop=0 n_act=0 n_pre=0 n_ref_event=0 n_req=0 n_rd=0 n_rd_L2_A=0 n_write=0 n_wr_bk=0 bw_util=-nan
n_activity=0 dram_eff=-nan
bk0: 0a 0i bk1: 0a 0i bk2: 0a 0i bk3: 0a 0i bk4: 0a 0i bk5: 0a 0i bk6: 0a 0i bk7: 0a 0i bk8: 0a 0i bk9: 0a 0i bk10: 0a 0i bk11: 0a 0i bk12: 0a 0i bk13: 0a 0i bk14: 0a 0i bk15: 0a 0i 

------------------------------------------------------------------------

Row_Buffer_Locality = -nan
Row_Buffer_Locality_read = -nan
Row_Buffer_Locality_write = -nan
Bank_Level_Parallism = -nan
Bank_Level_Parallism_Col = -nan
Bank_Level_Parallism_Ready = -nan
write_to_read_ratio_blp_rw_average = -nan
GrpLevelPara = -nan 

BW Util details:
bwutil = -nan 
total_CMD = 0 
util_bw = 0 
Wasted_Col = 0 
Wasted_Row = 0 
Idle = 0 

BW Util Bottlenecks: 
RCDc_limit = 0 
RCDWRc_limit = 0 
WTRc_limit = 0 
RTWc_limit = 0 
CCDLc_limit = 0 
rwq = 0 
CCDLc_limit_alone = 0 
WTRc_limit_alone = 0 
RTWc_limit_alone = 0 

Commands details: 
total_CMD = 0 
n_nop = 0 
Read = 0 
Write = 0 
L2_Alloc = 0 
L2_WB = 0 
n_act = 0 
n_pre = 0 
n_ref = 0 
n_req = 0 
total_req = 0 

Dual Bus Interface Util: 
issued_total_row = 0 
issued_total_col = 0 
Row_Bus_Util =  -nan 
CoL_Bus_Util = -nan 
Either_Row_CoL_Bus_Util = -nan 
Issued_on_Two_Bus_Simul_Util = -nan 
issued_two_Eff = -nan 
queue_avg = -nan 


dram_util_bins: 0 0 0 0 0 0 0 0 0 0
dram_eff_bins: 0 0 0 0 0 0 0 0 0 0
mrqq: max=0 avg=-nan
Memory Partition 31: 
Cache L2_bank_062:
MSHR contents

Cache L2_bank_063:
MSHR contents

In Dram Latency Queue (total = 0): 
DRAM[31]: 16 bks, busW=8 BL=4 CL=19, tRRD=6 tCCD=1, tRCD=19 tRAS=45 tRP=19 tRC=50
n_cmd=0 n_nop=0 n_act=0 n_pre=0 n_ref_event=0 n_req=0 n_rd=0 n_rd_L2_A=0 n_write=0 n_wr_bk=0 bw_util=-nan
n_activity=0 dram_eff=-nan
bk0: 0a 0i bk1: 0a 0i bk2: 0a 0i bk3: 0a 0i bk4: 0a 0i bk5: 0a 0i bk6: 0a 0i bk7: 0a 0i bk8: 0a 0i bk9: 0a 0i bk10: 0a 0i bk11: 0a 0i bk12: 0a 0i bk13: 0a 0i bk14: 0a 0i bk15: 0a 0i 

------------------------------------------------------------------------

Row_Buffer_Locality = -nan
Row_Buffer_Locality_read = -nan
Row_Buffer_Locality_write = -nan
Bank_Level_Parallism = -nan
Bank_Level_Parallism_Col = -nan
Bank_Level_Parallism_Ready = -nan
write_to_read_ratio_blp_rw_average = -nan
GrpLevelPara = -nan 

BW Util details:
bwutil = -nan 
total_CMD = 0 
util_bw = 0 
Wasted_Col = 0 
Wasted_Row = 0 
Idle = 0 

BW Util Bottlenecks: 
RCDc_limit = 0 
RCDWRc_limit = 0 
WTRc_limit = 0 
RTWc_limit = 0 
CCDLc_limit = 0 
rwq = 0 
CCDLc_limit_alone = 0 
WTRc_limit_alone = 0 
RTWc_limit_alone = 0 

Commands details: 
total_CMD = 0 
n_nop = 0 
Read = 0 
Write = 0 
L2_Alloc = 0 
L2_WB = 0 
n_act = 0 
n_pre = 0 
n_ref = 0 
n_req = 0 
total_req = 0 

Dual Bus Interface Util: 
issued_total_row = 0 
issued_total_col = 0 
Row_Bus_Util =  -nan 
CoL_Bus_Util = -nan 
Either_Row_CoL_Bus_Util = -nan 
Issued_on_Two_Bus_Simul_Util = -nan 
issued_two_Eff = -nan 
queue_avg = -nan 


dram_util_bins: 0 0 0 0 0 0 0 0 0 0
dram_eff_bins: 0 0 0 0 0 0 0 0 0 0
mrqq: max=0 avg=-nan
Memory Partition 32: 
Cache L2_bank_064:
MSHR contents

Cache L2_bank_065:
MSHR contents

In Dram Latency Queue (total = 0): 
DRAM[32]: 16 bks, busW=8 BL=4 CL=19, tRRD=6 tCCD=1, tRCD=19 tRAS=45 tRP=19 tRC=50
n_cmd=0 n_nop=0 n_act=0 n_pre=0 n_ref_event=0 n_req=0 n_rd=0 n_rd_L2_A=0 n_write=0 n_wr_bk=0 bw_util=-nan
n_activity=0 dram_eff=-nan
bk0: 0a 0i bk1: 0a 0i bk2: 0a 0i bk3: 0a 0i bk4: 0a 0i bk5: 0a 0i bk6: 0a 0i bk7: 0a 0i bk8: 0a 0i bk9: 0a 0i bk10: 0a 0i bk11: 0a 0i bk12: 0a 0i bk13: 0a 0i bk14: 0a 0i bk15: 0a 0i 

------------------------------------------------------------------------

Row_Buffer_Locality = -nan
Row_Buffer_Locality_read = -nan
Row_Buffer_Locality_write = -nan
Bank_Level_Parallism = -nan
Bank_Level_Parallism_Col = -nan
Bank_Level_Parallism_Ready = -nan
write_to_read_ratio_blp_rw_average = -nan
GrpLevelPara = -nan 

BW Util details:
bwutil = -nan 
total_CMD = 0 
util_bw = 0 
Wasted_Col = 0 
Wasted_Row = 0 
Idle = 0 

BW Util Bottlenecks: 
RCDc_limit = 0 
RCDWRc_limit = 0 
WTRc_limit = 0 
RTWc_limit = 0 
CCDLc_limit = 0 
rwq = 0 
CCDLc_limit_alone = 0 
WTRc_limit_alone = 0 
RTWc_limit_alone = 0 

Commands details: 
total_CMD = 0 
n_nop = 0 
Read = 0 
Write = 0 
L2_Alloc = 0 
L2_WB = 0 
n_act = 0 
n_pre = 0 
n_ref = 0 
n_req = 0 
total_req = 0 

Dual Bus Interface Util: 
issued_total_row = 0 
issued_total_col = 0 
Row_Bus_Util =  -nan 
CoL_Bus_Util = -nan 
Either_Row_CoL_Bus_Util = -nan 
Issued_on_Two_Bus_Simul_Util = -nan 
issued_two_Eff = -nan 
queue_avg = -nan 


dram_util_bins: 0 0 0 0 0 0 0 0 0 0
dram_eff_bins: 0 0 0 0 0 0 0 0 0 0
mrqq: max=0 avg=-nan
Memory Partition 33: 
Cache L2_bank_066:
MSHR contents

Cache L2_bank_067:
MSHR contents

In Dram Latency Queue (total = 0): 
DRAM[33]: 16 bks, busW=8 BL=4 CL=19, tRRD=6 tCCD=1, tRCD=19 tRAS=45 tRP=19 tRC=50
n_cmd=0 n_nop=0 n_act=0 n_pre=0 n_ref_event=0 n_req=0 n_rd=0 n_rd_L2_A=0 n_write=0 n_wr_bk=0 bw_util=-nan
n_activity=0 dram_eff=-nan
bk0: 0a 0i bk1: 0a 0i bk2: 0a 0i bk3: 0a 0i bk4: 0a 0i bk5: 0a 0i bk6: 0a 0i bk7: 0a 0i bk8: 0a 0i bk9: 0a 0i bk10: 0a 0i bk11: 0a 0i bk12: 0a 0i bk13: 0a 0i bk14: 0a 0i bk15: 0a 0i 

------------------------------------------------------------------------

Row_Buffer_Locality = -nan
Row_Buffer_Locality_read = -nan
Row_Buffer_Locality_write = -nan
Bank_Level_Parallism = -nan
Bank_Level_Parallism_Col = -nan
Bank_Level_Parallism_Ready = -nan
write_to_read_ratio_blp_rw_average = -nan
GrpLevelPara = -nan 

BW Util details:
bwutil = -nan 
total_CMD = 0 
util_bw = 0 
Wasted_Col = 0 
Wasted_Row = 0 
Idle = 0 

BW Util Bottlenecks: 
RCDc_limit = 0 
RCDWRc_limit = 0 
WTRc_limit = 0 
RTWc_limit = 0 
CCDLc_limit = 0 
rwq = 0 
CCDLc_limit_alone = 0 
WTRc_limit_alone = 0 
RTWc_limit_alone = 0 

Commands details: 
total_CMD = 0 
n_nop = 0 
Read = 0 
Write = 0 
L2_Alloc = 0 
L2_WB = 0 
n_act = 0 
n_pre = 0 
n_ref = 0 
n_req = 0 
total_req = 0 

Dual Bus Interface Util: 
issued_total_row = 0 
issued_total_col = 0 
Row_Bus_Util =  -nan 
CoL_Bus_Util = -nan 
Either_Row_CoL_Bus_Util = -nan 
Issued_on_Two_Bus_Simul_Util = -nan 
issued_two_Eff = -nan 
queue_avg = -nan 


dram_util_bins: 0 0 0 0 0 0 0 0 0 0
dram_eff_bins: 0 0 0 0 0 0 0 0 0 0
mrqq: max=0 avg=-nan
Memory Partition 34: 
Cache L2_bank_068:
MSHR contents

Cache L2_bank_069:
MSHR contents

In Dram Latency Queue (total = 0): 
DRAM[34]: 16 bks, busW=8 BL=4 CL=19, tRRD=6 tCCD=1, tRCD=19 tRAS=45 tRP=19 tRC=50
n_cmd=0 n_nop=0 n_act=0 n_pre=0 n_ref_event=0 n_req=0 n_rd=0 n_rd_L2_A=0 n_write=0 n_wr_bk=0 bw_util=-nan
n_activity=0 dram_eff=-nan
bk0: 0a 0i bk1: 0a 0i bk2: 0a 0i bk3: 0a 0i bk4: 0a 0i bk5: 0a 0i bk6: 0a 0i bk7: 0a 0i bk8: 0a 0i bk9: 0a 0i bk10: 0a 0i bk11: 0a 0i bk12: 0a 0i bk13: 0a 0i bk14: 0a 0i bk15: 0a 0i 

------------------------------------------------------------------------

Row_Buffer_Locality = -nan
Row_Buffer_Locality_read = -nan
Row_Buffer_Locality_write = -nan
Bank_Level_Parallism = -nan
Bank_Level_Parallism_Col = -nan
Bank_Level_Parallism_Ready = -nan
write_to_read_ratio_blp_rw_average = -nan
GrpLevelPara = -nan 

BW Util details:
bwutil = -nan 
total_CMD = 0 
util_bw = 0 
Wasted_Col = 0 
Wasted_Row = 0 
Idle = 0 

BW Util Bottlenecks: 
RCDc_limit = 0 
RCDWRc_limit = 0 
WTRc_limit = 0 
RTWc_limit = 0 
CCDLc_limit = 0 
rwq = 0 
CCDLc_limit_alone = 0 
WTRc_limit_alone = 0 
RTWc_limit_alone = 0 

Commands details: 
total_CMD = 0 
n_nop = 0 
Read = 0 
Write = 0 
L2_Alloc = 0 
L2_WB = 0 
n_act = 0 
n_pre = 0 
n_ref = 0 
n_req = 0 
total_req = 0 

Dual Bus Interface Util: 
issued_total_row = 0 
issued_total_col = 0 
Row_Bus_Util =  -nan 
CoL_Bus_Util = -nan 
Either_Row_CoL_Bus_Util = -nan 
Issued_on_Two_Bus_Simul_Util = -nan 
issued_two_Eff = -nan 
queue_avg = -nan 


dram_util_bins: 0 0 0 0 0 0 0 0 0 0
dram_eff_bins: 0 0 0 0 0 0 0 0 0 0
mrqq: max=0 avg=-nan
Memory Partition 35: 
Cache L2_bank_070:
MSHR contents

Cache L2_bank_071:
MSHR contents

In Dram Latency Queue (total = 0): 
DRAM[35]: 16 bks, busW=8 BL=4 CL=19, tRRD=6 tCCD=1, tRCD=19 tRAS=45 tRP=19 tRC=50
n_cmd=0 n_nop=0 n_act=0 n_pre=0 n_ref_event=0 n_req=0 n_rd=0 n_rd_L2_A=0 n_write=0 n_wr_bk=0 bw_util=-nan
n_activity=0 dram_eff=-nan
bk0: 0a 0i bk1: 0a 0i bk2: 0a 0i bk3: 0a 0i bk4: 0a 0i bk5: 0a 0i bk6: 0a 0i bk7: 0a 0i bk8: 0a 0i bk9: 0a 0i bk10: 0a 0i bk11: 0a 0i bk12: 0a 0i bk13: 0a 0i bk14: 0a 0i bk15: 0a 0i 

------------------------------------------------------------------------

Row_Buffer_Locality = -nan
Row_Buffer_Locality_read = -nan
Row_Buffer_Locality_write = -nan
Bank_Level_Parallism = -nan
Bank_Level_Parallism_Col = -nan
Bank_Level_Parallism_Ready = -nan
write_to_read_ratio_blp_rw_average = -nan
GrpLevelPara = -nan 

BW Util details:
bwutil = -nan 
total_CMD = 0 
util_bw = 0 
Wasted_Col = 0 
Wasted_Row = 0 
Idle = 0 

BW Util Bottlenecks: 
RCDc_limit = 0 
RCDWRc_limit = 0 
WTRc_limit = 0 
RTWc_limit = 0 
CCDLc_limit = 0 
rwq = 0 
CCDLc_limit_alone = 0 
WTRc_limit_alone = 0 
RTWc_limit_alone = 0 

Commands details: 
total_CMD = 0 
n_nop = 0 
Read = 0 
Write = 0 
L2_Alloc = 0 
L2_WB = 0 
n_act = 0 
n_pre = 0 
n_ref = 0 
n_req = 0 
total_req = 0 

Dual Bus Interface Util: 
issued_total_row = 0 
issued_total_col = 0 
Row_Bus_Util =  -nan 
CoL_Bus_Util = -nan 
Either_Row_CoL_Bus_Util = -nan 
Issued_on_Two_Bus_Simul_Util = -nan 
issued_two_Eff = -nan 
queue_avg = -nan 


dram_util_bins: 0 0 0 0 0 0 0 0 0 0
dram_eff_bins: 0 0 0 0 0 0 0 0 0 0
mrqq: max=0 avg=-nan
Memory Partition 36: 
Cache L2_bank_072:
MSHR contents

Cache L2_bank_073:
MSHR contents

In Dram Latency Queue (total = 0): 
DRAM[36]: 16 bks, busW=8 BL=4 CL=19, tRRD=6 tCCD=1, tRCD=19 tRAS=45 tRP=19 tRC=50
n_cmd=0 n_nop=0 n_act=0 n_pre=0 n_ref_event=0 n_req=0 n_rd=0 n_rd_L2_A=0 n_write=0 n_wr_bk=0 bw_util=-nan
n_activity=0 dram_eff=-nan
bk0: 0a 0i bk1: 0a 0i bk2: 0a 0i bk3: 0a 0i bk4: 0a 0i bk5: 0a 0i bk6: 0a 0i bk7: 0a 0i bk8: 0a 0i bk9: 0a 0i bk10: 0a 0i bk11: 0a 0i bk12: 0a 0i bk13: 0a 0i bk14: 0a 0i bk15: 0a 0i 

------------------------------------------------------------------------

Row_Buffer_Locality = -nan
Row_Buffer_Locality_read = -nan
Row_Buffer_Locality_write = -nan
Bank_Level_Parallism = -nan
Bank_Level_Parallism_Col = -nan
Bank_Level_Parallism_Ready = -nan
write_to_read_ratio_blp_rw_average = -nan
GrpLevelPara = -nan 

BW Util details:
bwutil = -nan 
total_CMD = 0 
util_bw = 0 
Wasted_Col = 0 
Wasted_Row = 0 
Idle = 0 

BW Util Bottlenecks: 
RCDc_limit = 0 
RCDWRc_limit = 0 
WTRc_limit = 0 
RTWc_limit = 0 
CCDLc_limit = 0 
rwq = 0 
CCDLc_limit_alone = 0 
WTRc_limit_alone = 0 
RTWc_limit_alone = 0 

Commands details: 
total_CMD = 0 
n_nop = 0 
Read = 0 
Write = 0 
L2_Alloc = 0 
L2_WB = 0 
n_act = 0 
n_pre = 0 
n_ref = 0 
n_req = 0 
total_req = 0 

Dual Bus Interface Util: 
issued_total_row = 0 
issued_total_col = 0 
Row_Bus_Util =  -nan 
CoL_Bus_Util = -nan 
Either_Row_CoL_Bus_Util = -nan 
Issued_on_Two_Bus_Simul_Util = -nan 
issued_two_Eff = -nan 
queue_avg = -nan 


dram_util_bins: 0 0 0 0 0 0 0 0 0 0
dram_eff_bins: 0 0 0 0 0 0 0 0 0 0
mrqq: max=0 avg=-nan
Memory Partition 37: 
Cache L2_bank_074:
MSHR contents

Cache L2_bank_075:
MSHR contents

In Dram Latency Queue (total = 0): 
DRAM[37]: 16 bks, busW=8 BL=4 CL=19, tRRD=6 tCCD=1, tRCD=19 tRAS=45 tRP=19 tRC=50
n_cmd=0 n_nop=0 n_act=0 n_pre=0 n_ref_event=0 n_req=0 n_rd=0 n_rd_L2_A=0 n_write=0 n_wr_bk=0 bw_util=-nan
n_activity=0 dram_eff=-nan
bk0: 0a 0i bk1: 0a 0i bk2: 0a 0i bk3: 0a 0i bk4: 0a 0i bk5: 0a 0i bk6: 0a 0i bk7: 0a 0i bk8: 0a 0i bk9: 0a 0i bk10: 0a 0i bk11: 0a 0i bk12: 0a 0i bk13: 0a 0i bk14: 0a 0i bk15: 0a 0i 

------------------------------------------------------------------------

Row_Buffer_Locality = -nan
Row_Buffer_Locality_read = -nan
Row_Buffer_Locality_write = -nan
Bank_Level_Parallism = -nan
Bank_Level_Parallism_Col = -nan
Bank_Level_Parallism_Ready = -nan
write_to_read_ratio_blp_rw_average = -nan
GrpLevelPara = -nan 

BW Util details:
bwutil = -nan 
total_CMD = 0 
util_bw = 0 
Wasted_Col = 0 
Wasted_Row = 0 
Idle = 0 

BW Util Bottlenecks: 
RCDc_limit = 0 
RCDWRc_limit = 0 
WTRc_limit = 0 
RTWc_limit = 0 
CCDLc_limit = 0 
rwq = 0 
CCDLc_limit_alone = 0 
WTRc_limit_alone = 0 
RTWc_limit_alone = 0 

Commands details: 
total_CMD = 0 
n_nop = 0 
Read = 0 
Write = 0 
L2_Alloc = 0 
L2_WB = 0 
n_act = 0 
n_pre = 0 
n_ref = 0 
n_req = 0 
total_req = 0 

Dual Bus Interface Util: 
issued_total_row = 0 
issued_total_col = 0 
Row_Bus_Util =  -nan 
CoL_Bus_Util = -nan 
Either_Row_CoL_Bus_Util = -nan 
Issued_on_Two_Bus_Simul_Util = -nan 
issued_two_Eff = -nan 
queue_avg = -nan 


dram_util_bins: 0 0 0 0 0 0 0 0 0 0
dram_eff_bins: 0 0 0 0 0 0 0 0 0 0
mrqq: max=0 avg=-nan
Memory Partition 38: 
Cache L2_bank_076:
MSHR contents

Cache L2_bank_077:
MSHR contents

In Dram Latency Queue (total = 0): 
DRAM[38]: 16 bks, busW=8 BL=4 CL=19, tRRD=6 tCCD=1, tRCD=19 tRAS=45 tRP=19 tRC=50
n_cmd=0 n_nop=0 n_act=0 n_pre=0 n_ref_event=0 n_req=0 n_rd=0 n_rd_L2_A=0 n_write=0 n_wr_bk=0 bw_util=-nan
n_activity=0 dram_eff=-nan
bk0: 0a 0i bk1: 0a 0i bk2: 0a 0i bk3: 0a 0i bk4: 0a 0i bk5: 0a 0i bk6: 0a 0i bk7: 0a 0i bk8: 0a 0i bk9: 0a 0i bk10: 0a 0i bk11: 0a 0i bk12: 0a 0i bk13: 0a 0i bk14: 0a 0i bk15: 0a 0i 

------------------------------------------------------------------------

Row_Buffer_Locality = -nan
Row_Buffer_Locality_read = -nan
Row_Buffer_Locality_write = -nan
Bank_Level_Parallism = -nan
Bank_Level_Parallism_Col = -nan
Bank_Level_Parallism_Ready = -nan
write_to_read_ratio_blp_rw_average = -nan
GrpLevelPara = -nan 

BW Util details:
bwutil = -nan 
total_CMD = 0 
util_bw = 0 
Wasted_Col = 0 
Wasted_Row = 0 
Idle = 0 

BW Util Bottlenecks: 
RCDc_limit = 0 
RCDWRc_limit = 0 
WTRc_limit = 0 
RTWc_limit = 0 
CCDLc_limit = 0 
rwq = 0 
CCDLc_limit_alone = 0 
WTRc_limit_alone = 0 
RTWc_limit_alone = 0 

Commands details: 
total_CMD = 0 
n_nop = 0 
Read = 0 
Write = 0 
L2_Alloc = 0 
L2_WB = 0 
n_act = 0 
n_pre = 0 
n_ref = 0 
n_req = 0 
total_req = 0 

Dual Bus Interface Util: 
issued_total_row = 0 
issued_total_col = 0 
Row_Bus_Util =  -nan 
CoL_Bus_Util = -nan 
Either_Row_CoL_Bus_Util = -nan 
Issued_on_Two_Bus_Simul_Util = -nan 
issued_two_Eff = -nan 
queue_avg = -nan 


dram_util_bins: 0 0 0 0 0 0 0 0 0 0
dram_eff_bins: 0 0 0 0 0 0 0 0 0 0
mrqq: max=0 avg=-nan
Memory Partition 39: 
Cache L2_bank_078:
MSHR contents

Cache L2_bank_079:
MSHR contents

In Dram Latency Queue (total = 0): 
DRAM[39]: 16 bks, busW=8 BL=4 CL=19, tRRD=6 tCCD=1, tRCD=19 tRAS=45 tRP=19 tRC=50
n_cmd=0 n_nop=0 n_act=0 n_pre=0 n_ref_event=0 n_req=0 n_rd=0 n_rd_L2_A=0 n_write=0 n_wr_bk=0 bw_util=-nan
n_activity=0 dram_eff=-nan
bk0: 0a 0i bk1: 0a 0i bk2: 0a 0i bk3: 0a 0i bk4: 0a 0i bk5: 0a 0i bk6: 0a 0i bk7: 0a 0i bk8: 0a 0i bk9: 0a 0i bk10: 0a 0i bk11: 0a 0i bk12: 0a 0i bk13: 0a 0i bk14: 0a 0i bk15: 0a 0i 

------------------------------------------------------------------------

Row_Buffer_Locality = -nan
Row_Buffer_Locality_read = -nan
Row_Buffer_Locality_write = -nan
Bank_Level_Parallism = -nan
Bank_Level_Parallism_Col = -nan
Bank_Level_Parallism_Ready = -nan
write_to_read_ratio_blp_rw_average = -nan
GrpLevelPara = -nan 

BW Util details:
bwutil = -nan 
total_CMD = 0 
util_bw = 0 
Wasted_Col = 0 
Wasted_Row = 0 
Idle = 0 

BW Util Bottlenecks: 
RCDc_limit = 0 
RCDWRc_limit = 0 
WTRc_limit = 0 
RTWc_limit = 0 
CCDLc_limit = 0 
rwq = 0 
CCDLc_limit_alone = 0 
WTRc_limit_alone = 0 
RTWc_limit_alone = 0 

Commands details: 
total_CMD = 0 
n_nop = 0 
Read = 0 
Write = 0 
L2_Alloc = 0 
L2_WB = 0 
n_act = 0 
n_pre = 0 
n_ref = 0 
n_req = 0 
total_req = 0 

Dual Bus Interface Util: 
issued_total_row = 0 
issued_total_col = 0 
Row_Bus_Util =  -nan 
CoL_Bus_Util = -nan 
Either_Row_CoL_Bus_Util = -nan 
Issued_on_Two_Bus_Simul_Util = -nan 
issued_two_Eff = -nan 
queue_avg = -nan 


dram_util_bins: 0 0 0 0 0 0 0 0 0 0
dram_eff_bins: 0 0 0 0 0 0 0 0 0 0
mrqq: max=0 avg=-nan

========= L2 cache stats =========
L2_cache_bank[0]: Access = 40136, Miss = 40062, Miss_rate = 0.998, Pending_hits = 0, Reservation_fails = 8
L2_cache_bank[1]: Access = 40152, Miss = 40064, Miss_rate = 0.998, Pending_hits = 0, Reservation_fails = 16
L2_cache_bank[2]: Access = 40120, Miss = 40060, Miss_rate = 0.999, Pending_hits = 0, Reservation_fails = 0
L2_cache_bank[3]: Access = 40120, Miss = 40060, Miss_rate = 0.999, Pending_hits = 0, Reservation_fails = 6
L2_cache_bank[4]: Access = 40132, Miss = 40061, Miss_rate = 0.998, Pending_hits = 0, Reservation_fails = 22
L2_cache_bank[5]: Access = 40100, Miss = 40057, Miss_rate = 0.999, Pending_hits = 0, Reservation_fails = 0
L2_cache_bank[6]: Access = 40132, Miss = 40060, Miss_rate = 0.998, Pending_hits = 0, Reservation_fails = 53
L2_cache_bank[7]: Access = 40132, Miss = 40060, Miss_rate = 0.998, Pending_hits = 0, Reservation_fails = 33
L2_cache_bank[8]: Access = 40132, Miss = 40061, Miss_rate = 0.998, Pending_hits = 0, Reservation_fails = 25
L2_cache_bank[9]: Access = 40132, Miss = 40061, Miss_rate = 0.998, Pending_hits = 0, Reservation_fails = 32
L2_cache_bank[10]: Access = 40128, Miss = 40057, Miss_rate = 0.998, Pending_hits = 0, Reservation_fails = 1
L2_cache_bank[11]: Access = 40128, Miss = 40056, Miss_rate = 0.998, Pending_hits = 0, Reservation_fails = 2
L2_cache_bank[12]: Access = 40128, Miss = 40056, Miss_rate = 0.998, Pending_hits = 0, Reservation_fails = 8
L2_cache_bank[13]: Access = 40128, Miss = 40058, Miss_rate = 0.998, Pending_hits = 0, Reservation_fails = 10
L2_cache_bank[14]: Access = 40132, Miss = 40060, Miss_rate = 0.998, Pending_hits = 0, Reservation_fails = 0
L2_cache_bank[15]: Access = 40128, Miss = 40056, Miss_rate = 0.998, Pending_hits = 0, Reservation_fails = 14
L2_cache_bank[16]: Access = 40128, Miss = 40057, Miss_rate = 0.998, Pending_hits = 0, Reservation_fails = 7
L2_cache_bank[17]: Access = 40132, Miss = 40061, Miss_rate = 0.998, Pending_hits = 0, Reservation_fails = 1
L2_cache_bank[18]: Access = 40128, Miss = 40057, Miss_rate = 0.998, Pending_hits = 0, Reservation_fails = 0
L2_cache_bank[19]: Access = 40128, Miss = 40057, Miss_rate = 0.998, Pending_hits = 0, Reservation_fails = 0
L2_cache_bank[20]: Access = 40124, Miss = 40064, Miss_rate = 0.999, Pending_hits = 0, Reservation_fails = 0
L2_cache_bank[21]: Access = 40124, Miss = 40065, Miss_rate = 0.999, Pending_hits = 0, Reservation_fails = 0
L2_cache_bank[22]: Access = 40124, Miss = 40064, Miss_rate = 0.999, Pending_hits = 0, Reservation_fails = 0
L2_cache_bank[23]: Access = 40124, Miss = 40064, Miss_rate = 0.999, Pending_hits = 0, Reservation_fails = 0
L2_cache_bank[24]: Access = 40120, Miss = 40061, Miss_rate = 0.999, Pending_hits = 0, Reservation_fails = 0
L2_cache_bank[25]: Access = 40124, Miss = 40064, Miss_rate = 0.999, Pending_hits = 0, Reservation_fails = 0
L2_cache_bank[26]: Access = 40124, Miss = 40064, Miss_rate = 0.999, Pending_hits = 0, Reservation_fails = 0
L2_cache_bank[27]: Access = 40120, Miss = 40061, Miss_rate = 0.999, Pending_hits = 0, Reservation_fails = 0
L2_cache_bank[28]: Access = 40124, Miss = 40064, Miss_rate = 0.999, Pending_hits = 0, Reservation_fails = 0
L2_cache_bank[29]: Access = 40124, Miss = 40064, Miss_rate = 0.999, Pending_hits = 0, Reservation_fails = 0
L2_cache_bank[30]: Access = 40088, Miss = 40056, Miss_rate = 0.999, Pending_hits = 0, Reservation_fails = 0
L2_cache_bank[31]: Access = 40088, Miss = 40056, Miss_rate = 0.999, Pending_hits = 0, Reservation_fails = 0
L2_cache_bank[32]: Access = 40088, Miss = 40056, Miss_rate = 0.999, Pending_hits = 0, Reservation_fails = 0
L2_cache_bank[33]: Access = 40088, Miss = 40056, Miss_rate = 0.999, Pending_hits = 0, Reservation_fails = 0
L2_cache_bank[34]: Access = 40088, Miss = 40056, Miss_rate = 0.999, Pending_hits = 0, Reservation_fails = 0
L2_cache_bank[35]: Access = 40088, Miss = 40056, Miss_rate = 0.999, Pending_hits = 0, Reservation_fails = 0
L2_cache_bank[36]: Access = 40088, Miss = 40056, Miss_rate = 0.999, Pending_hits = 0, Reservation_fails = 0
L2_cache_bank[37]: Access = 40088, Miss = 40056, Miss_rate = 0.999, Pending_hits = 0, Reservation_fails = 0
L2_cache_bank[38]: Access = 40120, Miss = 40060, Miss_rate = 0.999, Pending_hits = 0, Reservation_fails = 0
L2_cache_bank[39]: Access = 40120, Miss = 40060, Miss_rate = 0.999, Pending_hits = 0, Reservation_fails = 0
L2_cache_bank[40]: Access = 9930, Miss = 9930, Miss_rate = 1.000, Pending_hits = 0, Reservation_fails = 0
L2_cache_bank[41]: Access = 9932, Miss = 9932, Miss_rate = 1.000, Pending_hits = 0, Reservation_fails = 0
L2_cache_bank[42]: Access = 9932, Miss = 9932, Miss_rate = 1.000, Pending_hits = 0, Reservation_fails = 0
L2_cache_bank[43]: Access = 9932, Miss = 9932, Miss_rate = 1.000, Pending_hits = 0, Reservation_fails = 0
L2_cache_bank[44]: Access = 9937, Miss = 9937, Miss_rate = 1.000, Pending_hits = 0, Reservation_fails = 0
L2_cache_bank[45]: Access = 9933, Miss = 9933, Miss_rate = 1.000, Pending_hits = 0, Reservation_fails = 0
L2_cache_bank[46]: Access = 9940, Miss = 9940, Miss_rate = 1.000, Pending_hits = 0, Reservation_fails = 0
L2_cache_bank[47]: Access = 9940, Miss = 9940, Miss_rate = 1.000, Pending_hits = 0, Reservation_fails = 0
L2_cache_bank[48]: Access = 9937, Miss = 9937, Miss_rate = 1.000, Pending_hits = 0, Reservation_fails = 0
L2_cache_bank[49]: Access = 9937, Miss = 9937, Miss_rate = 1.000, Pending_hits = 0, Reservation_fails = 0
L2_cache_bank[50]: Access = 9937, Miss = 9937, Miss_rate = 1.000, Pending_hits = 0, Reservation_fails = 0
L2_cache_bank[51]: Access = 9936, Miss = 9936, Miss_rate = 1.000, Pending_hits = 0, Reservation_fails = 0
L2_cache_bank[52]: Access = 9932, Miss = 9932, Miss_rate = 1.000, Pending_hits = 0, Reservation_fails = 0
L2_cache_bank[53]: Access = 9938, Miss = 9938, Miss_rate = 1.000, Pending_hits = 0, Reservation_fails = 0
L2_cache_bank[54]: Access = 9936, Miss = 9936, Miss_rate = 1.000, Pending_hits = 0, Reservation_fails = 0
L2_cache_bank[55]: Access = 9932, Miss = 9932, Miss_rate = 1.000, Pending_hits = 0, Reservation_fails = 0
L2_cache_bank[56]: Access = 9941, Miss = 9941, Miss_rate = 1.000, Pending_hits = 0, Reservation_fails = 0
L2_cache_bank[57]: Access = 9937, Miss = 9937, Miss_rate = 1.000, Pending_hits = 0, Reservation_fails = 0
L2_cache_bank[58]: Access = 9937, Miss = 9937, Miss_rate = 1.000, Pending_hits = 0, Reservation_fails = 0
L2_cache_bank[59]: Access = 9941, Miss = 9941, Miss_rate = 1.000, Pending_hits = 0, Reservation_fails = 0
L2_cache_bank[60]: Access = 9940, Miss = 9940, Miss_rate = 1.000, Pending_hits = 0, Reservation_fails = 0
L2_cache_bank[61]: Access = 9941, Miss = 9940, Miss_rate = 1.000, Pending_hits = 0, Reservation_fails = 0
L2_cache_bank[62]: Access = 9940, Miss = 9940, Miss_rate = 1.000, Pending_hits = 0, Reservation_fails = 0
L2_cache_bank[63]: Access = 9940, Miss = 9940, Miss_rate = 1.000, Pending_hits = 0, Reservation_fails = 0
L2_cache_bank[64]: Access = 9953, Miss = 9952, Miss_rate = 1.000, Pending_hits = 0, Reservation_fails = 0
L2_cache_bank[65]: Access = 9944, Miss = 9944, Miss_rate = 1.000, Pending_hits = 0, Reservation_fails = 0
L2_cache_bank[66]: Access = 9940, Miss = 9940, Miss_rate = 1.000, Pending_hits = 0, Reservation_fails = 0
L2_cache_bank[67]: Access = 9949, Miss = 9948, Miss_rate = 1.000, Pending_hits = 0, Reservation_fails = 0
L2_cache_bank[68]: Access = 9944, Miss = 9944, Miss_rate = 1.000, Pending_hits = 0, Reservation_fails = 0
L2_cache_bank[69]: Access = 9944, Miss = 9944, Miss_rate = 1.000, Pending_hits = 0, Reservation_fails = 0
L2_cache_bank[70]: Access = 9944, Miss = 9944, Miss_rate = 1.000, Pending_hits = 0, Reservation_fails = 0
L2_cache_bank[71]: Access = 9948, Miss = 9948, Miss_rate = 1.000, Pending_hits = 0, Reservation_fails = 0
L2_cache_bank[72]: Access = 9944, Miss = 9944, Miss_rate = 1.000, Pending_hits = 0, Reservation_fails = 0
L2_cache_bank[73]: Access = 9944, Miss = 9944, Miss_rate = 1.000, Pending_hits = 0, Reservation_fails = 0
L2_cache_bank[74]: Access = 9948, Miss = 9948, Miss_rate = 1.000, Pending_hits = 0, Reservation_fails = 0
L2_cache_bank[75]: Access = 9944, Miss = 9944, Miss_rate = 1.000, Pending_hits = 0, Reservation_fails = 0
L2_cache_bank[76]: Access = 9944, Miss = 9944, Miss_rate = 1.000, Pending_hits = 0, Reservation_fails = 0
L2_cache_bank[77]: Access = 9948, Miss = 9948, Miss_rate = 1.000, Pending_hits = 0, Reservation_fails = 0
L2_cache_bank[78]: Access = 9952, Miss = 9952, Miss_rate = 1.000, Pending_hits = 0, Reservation_fails = 0
L2_cache_bank[79]: Access = 9948, Miss = 9948, Miss_rate = 1.000, Pending_hits = 0, Reservation_fails = 0
L2_total_cache_accesses = 2002368
L2_total_cache_misses = 1999997
L2_total_cache_miss_rate = 0.9988
L2_total_cache_pending_hits = 0
L2_total_cache_reservation_fails = 238
L2_total_cache_breakdown:
	L2_cache_stats_breakdown[GLOBAL_ACC_R][HIT] = 1600
	L2_cache_stats_breakdown[GLOBAL_ACC_R][HIT_RESERVED] = 0
	L2_cache_stats_breakdown[GLOBAL_ACC_R][MISS] = 198848
	L2_cache_stats_breakdown[GLOBAL_ACC_R][RESERVATION_FAIL] = 238
	L2_cache_stats_breakdown[GLOBAL_ACC_R][SECTOR_MISS] = 596496
	L2_cache_stats_breakdown[GLOBAL_ACC_R][MSHR_HIT] = 0
	L2_cache_stats_breakdown[GLOBAL_ACC_R][WRITE_ALLOCATED] = 0
	L2_cache_stats_breakdown[CHIPLET_ACC_R][HIT] = 3
	L2_cache_stats_breakdown[CHIPLET_ACC_R][HIT_RESERVED] = 0
	L2_cache_stats_breakdown[CHIPLET_ACC_R][MISS] = 99413
	L2_cache_stats_breakdown[CHIPLET_ACC_R][RESERVATION_FAIL] = 0
	L2_cache_stats_breakdown[CHIPLET_ACC_R][SECTOR_MISS] = 298200
	L2_cache_stats_breakdown[CHIPLET_ACC_R][MSHR_HIT] = 0
	L2_cache_stats_breakdown[CHIPLET_ACC_R][WRITE_ALLOCATED] = 0
	L2_cache_stats_breakdown[LOCAL_ACC_R][HIT] = 0
	L2_cache_stats_breakdown[LOCAL_ACC_R][HIT_RESERVED] = 0
	L2_cache_stats_breakdown[LOCAL_ACC_R][MISS] = 0
	L2_cache_stats_breakdown[LOCAL_ACC_R][RESERVATION_FAIL] = 0
	L2_cache_stats_breakdown[LOCAL_ACC_R][SECTOR_MISS] = 0
	L2_cache_stats_breakdown[LOCAL_ACC_R][MSHR_HIT] = 0
	L2_cache_stats_breakdown[LOCAL_ACC_R][WRITE_ALLOCATED] = 0
	L2_cache_stats_breakdown[CONST_ACC_R][HIT] = 0
	L2_cache_stats_breakdown[CONST_ACC_R][HIT_RESERVED] = 0
	L2_cache_stats_breakdown[CONST_ACC_R][MISS] = 0
	L2_cache_stats_breakdown[CONST_ACC_R][RESERVATION_FAIL] = 0
	L2_cache_stats_breakdown[CONST_ACC_R][SECTOR_MISS] = 0
	L2_cache_stats_breakdown[CONST_ACC_R][MSHR_HIT] = 0
	L2_cache_stats_breakdown[CONST_ACC_R][WRITE_ALLOCATED] = 0
	L2_cache_stats_breakdown[TEXTURE_ACC_R][HIT] = 0
	L2_cache_stats_breakdown[TEXTURE_ACC_R][HIT_RESERVED] = 0
	L2_cache_stats_breakdown[TEXTURE_ACC_R][MISS] = 0
	L2_cache_stats_breakdown[TEXTURE_ACC_R][RESERVATION_FAIL] = 0
	L2_cache_stats_breakdown[TEXTURE_ACC_R][SECTOR_MISS] = 0
	L2_cache_stats_breakdown[TEXTURE_ACC_R][MSHR_HIT] = 0
	L2_cache_stats_breakdown[TEXTURE_ACC_R][WRITE_ALLOCATED] = 0
	L2_cache_stats_breakdown[GLOBAL_ACC_W][HIT] = 768
	L2_cache_stats_breakdown[GLOBAL_ACC_W][HIT_RESERVED] = 0
	L2_cache_stats_breakdown[GLOBAL_ACC_W][MISS] = 201760
	L2_cache_stats_breakdown[GLOBAL_ACC_W][RESERVATION_FAIL] = 0
	L2_cache_stats_breakdown[GLOBAL_ACC_W][SECTOR_MISS] = 605280
	L2_cache_stats_breakdown[GLOBAL_ACC_W][MSHR_HIT] = 0
	L2_cache_stats_breakdown[GLOBAL_ACC_W][WRITE_ALLOCATED] = 807040
	L2_cache_stats_breakdown[CHIPLET_ACC_W][HIT] = 0
	L2_cache_stats_breakdown[CHIPLET_ACC_W][HIT_RESERVED] = 0
	L2_cache_stats_breakdown[CHIPLET_ACC_W][MISS] = 0
	L2_cache_stats_breakdown[CHIPLET_ACC_W][RESERVATION_FAIL] = 0
	L2_cache_stats_breakdown[CHIPLET_ACC_W][SECTOR_MISS] = 0
	L2_cache_stats_breakdown[CHIPLET_ACC_W][MSHR_HIT] = 0
	L2_cache_stats_breakdown[CHIPLET_ACC_W][WRITE_ALLOCATED] = 0
	L2_cache_stats_breakdown[LOCAL_ACC_W][HIT] = 0
	L2_cache_stats_breakdown[LOCAL_ACC_W][HIT_RESERVED] = 0
	L2_cache_stats_breakdown[LOCAL_ACC_W][MISS] = 0
	L2_cache_stats_breakdown[LOCAL_ACC_W][RESERVATION_FAIL] = 0
	L2_cache_stats_breakdown[LOCAL_ACC_W][SECTOR_MISS] = 0
	L2_cache_stats_breakdown[LOCAL_ACC_W][MSHR_HIT] = 0
	L2_cache_stats_breakdown[LOCAL_ACC_W][WRITE_ALLOCATED] = 0
	L2_cache_stats_breakdown[L1_WRBK_ACC][HIT] = 0
	L2_cache_stats_breakdown[L1_WRBK_ACC][HIT_RESERVED] = 0
	L2_cache_stats_breakdown[L1_WRBK_ACC][MISS] = 0
	L2_cache_stats_breakdown[L1_WRBK_ACC][RESERVATION_FAIL] = 0
	L2_cache_stats_breakdown[L1_WRBK_ACC][SECTOR_MISS] = 0
	L2_cache_stats_breakdown[L1_WRBK_ACC][MSHR_HIT] = 0
	L2_cache_stats_breakdown[L1_WRBK_ACC][WRITE_ALLOCATED] = 0
	L2_cache_stats_breakdown[L2_WRBK_ACC][HIT] = 0
	L2_cache_stats_breakdown[L2_WRBK_ACC][HIT_RESERVED] = 0
	L2_cache_stats_breakdown[L2_WRBK_ACC][MISS] = 0
	L2_cache_stats_breakdown[L2_WRBK_ACC][RESERVATION_FAIL] = 0
	L2_cache_stats_breakdown[L2_WRBK_ACC][SECTOR_MISS] = 0
	L2_cache_stats_breakdown[L2_WRBK_ACC][MSHR_HIT] = 0
	L2_cache_stats_breakdown[L2_WRBK_ACC][WRITE_ALLOCATED] = 0
	L2_cache_stats_breakdown[INST_ACC_R][HIT] = 0
	L2_cache_stats_breakdown[INST_ACC_R][HIT_RESERVED] = 0
	L2_cache_stats_breakdown[INST_ACC_R][MISS] = 0
	L2_cache_stats_breakdown[INST_ACC_R][RESERVATION_FAIL] = 0
	L2_cache_stats_breakdown[INST_ACC_R][SECTOR_MISS] = 0
	L2_cache_stats_breakdown[INST_ACC_R][MSHR_HIT] = 0
	L2_cache_stats_breakdown[INST_ACC_R][WRITE_ALLOCATED] = 0
	L2_cache_stats_breakdown[L1_WR_ALLOC_R][HIT] = 0
	L2_cache_stats_breakdown[L1_WR_ALLOC_R][HIT_RESERVED] = 0
	L2_cache_stats_breakdown[L1_WR_ALLOC_R][MISS] = 0
	L2_cache_stats_breakdown[L1_WR_ALLOC_R][RESERVATION_FAIL] = 0
	L2_cache_stats_breakdown[L1_WR_ALLOC_R][SECTOR_MISS] = 0
	L2_cache_stats_breakdown[L1_WR_ALLOC_R][MSHR_HIT] = 0
	L2_cache_stats_breakdown[L1_WR_ALLOC_R][WRITE_ALLOCATED] = 0
	L2_cache_stats_breakdown[L2_WR_ALLOC_R][HIT] = 0
	L2_cache_stats_breakdown[L2_WR_ALLOC_R][HIT_RESERVED] = 0
	L2_cache_stats_breakdown[L2_WR_ALLOC_R][MISS] = 0
	L2_cache_stats_breakdown[L2_WR_ALLOC_R][RESERVATION_FAIL] = 0
	L2_cache_stats_breakdown[L2_WR_ALLOC_R][SECTOR_MISS] = 0
	L2_cache_stats_breakdown[L2_WR_ALLOC_R][MSHR_HIT] = 0
	L2_cache_stats_breakdown[L2_WR_ALLOC_R][WRITE_ALLOCATED] = 0
	L2_cache_stats_breakdown[GLOBAL_ACC_R][TOTAL_ACCESS] = 796944
	L2_cache_stats_breakdown[CHIPLET_ACC_R][TOTAL_ACCESS] = 397616
	L2_cache_stats_breakdown[GLOBAL_ACC_W][TOTAL_ACCESS] = 807808
L2_total_cache_reservation_fail_breakdown:
	L2_cache_stats_fail_breakdown[GLOBAL_ACC_R][MISS_QUEUE_FULL] = 238
L2_cache_data_port_util = 0.002
L2_cache_fill_port_util = 0.017

icnt_total_pkts_mem_to_simt=2411008
icnt_total_pkts_simt_to_mem=2423424
LD_mem_lat_dist  0 0 0 0 0 0 0 0 0 0 0 0 0 0 0 0 0 0 0 0 0 0 0 0 0 0 0
ST_mem_lat_dist  0 0 0 0 0 0 0 0 0 0 0 0 0 0 0 0 0 0 0 0 0 0 0 0 0 0 0
----------------------------Interconnect-DETAILS--------------------------------
Class 0:
Packet latency average = 103.524
	minimum = 4
	maximum = 327
Network latency average = 7.99855
	minimum = 4
	maximum = 107
Slowest packet = 48
Flit latency average = 7.99855
	minimum = 4
	maximum = 107
Slowest flit = 6235
Fragmentation average = 0
	minimum = 0
	maximum = 0
Injected packet rate average = 0.0187208
	minimum = 0 (at node 48)
	maximum = 0.0748478 (at node 32)
Accepted packet rate average = 0.0187208
	minimum = 0 (at node 48)
	maximum = 0.0748478 (at node 32)
Injected flit rate average = 0.0187208
	minimum = 0 (at node 48)
	maximum = 0.0748478 (at node 32)
Accepted flit rate average= 0.0187208
	minimum = 0 (at node 48)
	maximum = 0.0748478 (at node 32)
Injected packet length average = 1
Accepted packet length average = 1
Total in-flight flits = 0 (0 measured)
====== Overall Traffic Statistics ======
====== Traffic class 0 ======
Packet latency average = 103.88 (3 samples)
	minimum = 4 (3 samples)
	maximum = 324 (3 samples)
Network latency average = 9.30769 (3 samples)
	minimum = 4 (3 samples)
	maximum = 107 (3 samples)
Flit latency average = 9.30769 (3 samples)
	minimum = 4 (3 samples)
	maximum = 107 (3 samples)
Fragmentation average = 0 (3 samples)
	minimum = 0 (3 samples)
	maximum = 0 (3 samples)
Injected packet rate average = 0.0155534 (3 samples)
	minimum = 0 (3 samples)
	maximum = 0.080261 (3 samples)
Accepted packet rate average = 0.0155534 (3 samples)
	minimum = 0 (3 samples)
	maximum = 0.080261 (3 samples)
Injected flit rate average = 0.0155534 (3 samples)
	minimum = 0 (3 samples)
	maximum = 0.080261 (3 samples)
Accepted flit rate average = 0.0155534 (3 samples)
	minimum = 0 (3 samples)
	maximum = 0.080261 (3 samples)
Injected packet size average = 1 (3 samples)
Accepted packet size average = 1 (3 samples)
Hops average = 1 (3 samples)
----------------------------END-of-Interconnect-DETAILS-------------------------


gpgpu_simulation_time = 0 days, 0 hrs, 2 min, 35 sec (155 sec)
gpgpu_simulation_rate = 1036992 (inst/sec)
gpgpu_simulation_rate = 2858 (cycle/sec)
gpgpu_silicon_slowdown = 614065x
GPGPU-Sim: *** simulation thread exiting ***
GPGPU-Sim: *** exit detected ***
