run_id,workload,mode,backend,backend_commit,dtype,batch_size,candidate_count,dimension,indexer_heads,k,seed,stage,graph_mode,timing_method,status,error,n_samples,warmup,group_size,median_us,mean_us,min_us,p95_us,p99_us,stdev_us,iqr_us,cv,host_median_us,topk_sorted,throughput_qps,peak_allocated_bytes,peak_reserved_bytes,setup_us,steps,block_kv,config_id
layer-full,decoder_layer,layer_moe,deepseek_v32_layer,78b69000794d0937b47ae3387eff7663410264d1|ba89a3466e9470ad08ab39738d4e7bb66989e1e7,bf16_weights_fp8_kv,1,8192,7168,64,2048,0,input_norm,eager,cuda_event_grouped_6,ok,,50,10,6,7.95733,7.97493,7.86133,8.06747,8.42795,0.123941,0.0626665,0.0155414,,0,125670,23090588672,23127392256,,,64,layer_moe|B1|N8192
layer-full,decoder_layer,layer_moe,deepseek_v32_layer,78b69000794d0937b47ae3387eff7663410264d1|ba89a3466e9470ad08ab39738d4e7bb66989e1e7,bf16_weights_fp8_kv,1,8192,7168,64,2048,0,q_down,eager,cuda_event_grouped_3,ok,,50,10,3,19.5413,19.7385,19.04,21.1691,22.562,0.73915,0.264,0.0374472,,0,51173.6,23090580480,23127392256,,,64,layer_moe|B1|N8192
layer-full,decoder_layer,layer_moe,deepseek_v32_layer,78b69000794d0937b47ae3387eff7663410264d1|ba89a3466e9470ad08ab39738d4e7bb66989e1e7,bf16_weights_fp8_kv,1,8192,7168,64,2048,0,q_up,eager,cuda_event_grouped_2,ok,,50,10,2,45.04,45.1354,44.496,45.64,47.2784,0.609579,0.52,0.0135056,,0,22202.5,23090622976,23127392256,,,64,layer_moe|B1|N8192
layer-full,decoder_layer,layer_moe,deepseek_v32_layer,78b69000794d0937b47ae3387eff7663410264d1|ba89a3466e9470ad08ab39738d4e7bb66989e1e7,bf16_weights_fp8_kv,1,8192,7168,64,2048,0,q_absorb,eager,cuda_event_per_iter,ok,,50,10,1,60.032,61.2326,58.336,66.3488,71.1488,2.95703,3.176,0.0482918,,0,16657.8,23090868736,23127392256,,,64,layer_moe|B1|N8192
layer-full,decoder_layer,layer_moe,deepseek_v32_layer,78b69000794d0937b47ae3387eff7663410264d1|ba89a3466e9470ad08ab39738d4e7bb66989e1e7,bf16_weights_fp8_kv,1,8192,7168,64,2048,0,kv_down,eager,cuda_event_per_iter,ok,,50,10,1,68.672,72.2624,67.52,75.128,149.25,21.0784,1.12,0.291692,,0,14562,23090578432,23127392256,,,64,layer_moe|B1|N8192
layer-full,decoder_layer,layer_moe,deepseek_v32_layer,78b69000794d0937b47ae3387eff7663410264d1|ba89a3466e9470ad08ab39738d4e7bb66989e1e7,bf16_weights_fp8_kv,1,8192,7168,64,2048,0,indexer_proj,eager,cuda_event_per_iter,ok,,50,10,1,63.408,63.872,62.56,67.5776,70.3347,1.68089,0.591999,0.0263166,,0,15770.9,23090619904,23127392256,,,64,layer_moe|B1|N8192
layer-full,decoder_layer,layer_moe,deepseek_v32_layer,78b69000794d0937b47ae3387eff7663410264d1|ba89a3466e9470ad08ab39738d4e7bb66989e1e7,bf16_weights_fp8_kv,1,8192,7168,64,2048,0,kv_append,eager,cuda_event_per_iter,ok,,50,10,1,155.088,158.245,153.408,167.744,175.505,5.921,7.552,0.0374167,,0,6447.95,23090579456,23127392256,,,64,layer_moe|B1|N8192
layer-full,decoder_layer,layer_moe,deepseek_v32_layer,78b69000794d0937b47ae3387eff7663410264d1|ba89a3466e9470ad08ab39738d4e7bb66989e1e7,bf16_weights_fp8_kv,1,8192,7168,64,2048,0,indexer_score,eager,cuda_event_grouped_3,ok,,50,10,3,16.6453,16.7678,16.3627,17.5653,18.4063,0.397276,0.165333,0.0236928,,0,60076.9,23090608640,23127392256,,,64,layer_moe|B1|N8192
layer-full,decoder_layer,layer_moe,deepseek_v32_layer,78b69000794d0937b47ae3387eff7663410264d1|ba89a3466e9470ad08ab39738d4e7bb66989e1e7,bf16_weights_fp8_kv,1,8192,7168,64,2048,0,indexer_select,eager,cuda_event_grouped_2,ok,,50,10,2,43.616,43.6544,43.248,43.776,45.2102,0.430443,0.160001,0.00986025,,0,22927.4,23090598400,23127392256,,,64,layer_moe|B1|N8192
layer-full,decoder_layer,layer_moe,deepseek_v32_layer,78b69000794d0937b47ae3387eff7663410264d1|ba89a3466e9470ad08ab39738d4e7bb66989e1e7,bf16_weights_fp8_kv,1,8192,7168,64,2048,0,index_map,eager,cuda_event_grouped_2,ok,,50,10,2,26.8,27.3702,25.232,30.3136,32.7816,1.70197,1.548,0.0621832,,0,37313.4,23090582016,23127392256,,,64,layer_moe|B1|N8192
layer-full,decoder_layer,layer_moe,deepseek_v32_layer,78b69000794d0937b47ae3387eff7663410264d1|ba89a3466e9470ad08ab39738d4e7bb66989e1e7,bf16_weights_fp8_kv,1,8192,7168,64,2048,0,sparse_mla,eager,cuda_event_grouped_3,ok,,50,10,3,20.832,20.8742,20.576,20.9669,22.3085,0.399877,0.114666,0.0191565,,0,48003.1,23106290688,23127392256,,,64,layer_moe|B1|N8192
layer-full,decoder_layer,layer_moe,deepseek_v32_layer,78b69000794d0937b47ae3387eff7663410264d1|ba89a3466e9470ad08ab39738d4e7bb66989e1e7,bf16_weights_fp8_kv,1,8192,7168,64,2048,0,o_absorb,eager,cuda_event_grouped_4,ok,,50,10,4,12.552,12.6784,12.328,13.5664,14.4884,0.453004,0.134,0.0357304,,0,79668.6,23090639360,23127392256,,,64,layer_moe|B1|N8192
layer-full,decoder_layer,layer_moe,deepseek_v32_layer,78b69000794d0937b47ae3387eff7663410264d1|ba89a3466e9470ad08ab39738d4e7bb66989e1e7,bf16_weights_fp8_kv,1,8192,7168,64,2048,0,o_proj,eager,cuda_event_per_iter,ok,,50,10,1,135.152,135.32,134.208,136.166,140.287,1.3593,0.583999,0.0100451,,0,7399.08,23090620928,23127392256,,,64,layer_moe|B1|N8192
layer-full,decoder_layer,layer_moe,deepseek_v32_layer,78b69000794d0937b47ae3387eff7663410264d1|ba89a3466e9470ad08ab39738d4e7bb66989e1e7,bf16_weights_fp8_kv,1,8192,7168,64,2048,0,post_norm,eager,cuda_event_grouped_5,ok,,50,10,5,11.2928,11.6724,10.8736,12.3731,12.751,0.578596,1.0944,0.0495694,,0,88552,23090635776,23127392256,,,64,layer_moe|B1|N8192
layer-full,decoder_layer,layer_moe,deepseek_v32_layer,78b69000794d0937b47ae3387eff7663410264d1|ba89a3466e9470ad08ab39738d4e7bb66989e1e7,bf16_weights_fp8_kv,1,8192,7168,64,2048,0,router_score,eager,cuda_event_grouped_3,ok,,50,10,3,17.2267,17.2971,16.64,18.5611,18.994,0.504797,0.328,0.029184,,0,58049.5,23090636288,23127392256,,,64,layer_moe|B1|N8192
layer-full,decoder_layer,layer_moe,deepseek_v32_layer,78b69000794d0937b47ae3387eff7663410264d1|ba89a3466e9470ad08ab39738d4e7bb66989e1e7,bf16_weights_fp8_kv,1,8192,7168,64,2048,0,router_topk,eager,cuda_event_per_iter,ok,,50,10,1,86.08,87.2358,85.088,94.016,98.7235,3.07955,0.776,0.0353015,,0,11617.1,23090612224,23127392256,,,64,layer_moe|B1|N8192
layer-full,decoder_layer,layer_moe,deepseek_v32_layer,78b69000794d0937b47ae3387eff7663410264d1|ba89a3466e9470ad08ab39738d4e7bb66989e1e7,bf16_weights_fp8_kv,1,8192,7168,64,2048,0,mlp_experts,eager,cuda_event_per_iter,ok,,50,10,1,687.92,688.136,682.944,689.827,697.916,2.86663,1.71201,0.00416579,,0,1453.66,23090672128,23127392256,,,64,layer_moe|B1|N8192
layer-full,decoder_layer,layer_moe,deepseek_v32_layer,78b69000794d0937b47ae3387eff7663410264d1|ba89a3466e9470ad08ab39738d4e7bb66989e1e7,bf16_weights_fp8_kv,1,8192,7168,64,2048,0,layer_total,eager,cuda_event_per_iter,ok,,50,10,1,1522.29,1527.05,1487.97,1560.54,1663.91,34.4574,21.8559,0.0225646,,0,656.906,23106348032,23127392256,1.61666e+06,,64,layer_moe|B1|N8192
layer-full,decoder_layer,layer_moe,deepseek_v32_layer,78b69000794d0937b47ae3387eff7663410264d1|ba89a3466e9470ad08ab39738d4e7bb66989e1e7,bf16_weights_fp8_kv,1,8192,7168,64,2048,0,input_norm,cudagraph,cuda_event_grouped_7,ok,,50,10,7,7.89029,7.89449,7.81714,7.97303,8.05577,0.0505171,0.0480004,0.00639903,,0,126738,23090607616,23133683712,,,64,layer_moe|B1|N8192
layer-full,decoder_layer,layer_moe,deepseek_v32_layer,78b69000794d0937b47ae3387eff7663410264d1|ba89a3466e9470ad08ab39738d4e7bb66989e1e7,bf16_weights_fp8_kv,1,8192,7168,64,2048,0,q_down,cudagraph,cuda_event_grouped_4,ok,,50,10,4,14.752,14.7915,14.68,14.9688,15.0898,0.104488,0.134,0.00706401,,0,67787.4,23157716480,23202889728,,,64,layer_moe|B1|N8192
layer-full,decoder_layer,layer_moe,deepseek_v32_layer,78b69000794d0937b47ae3387eff7663410264d1|ba89a3466e9470ad08ab39738d4e7bb66989e1e7,bf16_weights_fp8_kv,1,8192,7168,64,2048,0,q_up,cudagraph,cuda_event_grouped_2,ok,,50,10,2,44.816,44.8442,44.544,45.2368,45.4021,0.174481,0.135998,0.00389083,,0,22313.5,23191270912,23238541312,,,64,layer_moe|B1|N8192
layer-full,decoder_layer,layer_moe,deepseek_v32_layer,78b69000794d0937b47ae3387eff7663410264d1|ba89a3466e9470ad08ab39738d4e7bb66989e1e7,bf16_weights_fp8_kv,1,8192,7168,64,2048,0,q_absorb,cudagraph,cuda_event_grouped_2,ok,,50,10,2,26.08,26.1578,25.952,26.5432,26.86,0.216842,0.268,0.00828978,,0,38343.6,23224825344,23274192896,,,64,layer_moe|B1|N8192
layer-full,decoder_layer,layer_moe,deepseek_v32_layer,78b69000794d0937b47ae3387eff7663410264d1|ba89a3466e9470ad08ab39738d4e7bb66989e1e7,bf16_weights_fp8_kv,1,8192,7168,64,2048,0,kv_down,cudagraph,cuda_event_grouped_3,ok,,50,10,3,21.4613,21.5027,21.3973,21.6699,21.8973,0.114978,0.117334,0.00534712,,0,46595.4,23258379776,23309844480,,,64,layer_moe|B1|N8192
layer-full,decoder_layer,layer_moe,deepseek_v32_layer,78b69000794d0937b47ae3387eff7663410264d1|ba89a3466e9470ad08ab39738d4e7bb66989e1e7,bf16_weights_fp8_kv,1,8192,7168,64,2048,0,indexer_proj,cudagraph,cuda_event_grouped_2,ok,,50,10,2,30.208,30.3379,30.08,31.0024,31.0805,0.278381,0.295999,0.00917602,,0,33103.8,23291934208,23345496064,,,64,layer_moe|B1|N8192
layer-full,decoder_layer,layer_moe,deepseek_v32_layer,78b69000794d0937b47ae3387eff7663410264d1|ba89a3466e9470ad08ab39738d4e7bb66989e1e7,bf16_weights_fp8_kv,1,8192,7168,64,2048,0,kv_append,cudagraph,cuda_event_grouped_2,ok,,50,10,2,47.92,47.9939,47.84,48.2576,48.7101,0.190878,0.156001,0.00397714,,0,20868.1,23291934208,23345496064,,,64,layer_moe|B1|N8192
layer-full,decoder_layer,layer_moe,deepseek_v32_layer,78b69000794d0937b47ae3387eff7663410264d1|ba89a3466e9470ad08ab39738d4e7bb66989e1e7,bf16_weights_fp8_kv,1,8192,7168,64,2048,0,indexer_score,cudagraph,cuda_event_grouped_7,ok,,50,10,7,7.48571,7.48635,7.40571,7.56206,7.63259,0.0501775,0.0662858,0.00670253,,0,133588,23291934208,23347593216,,,64,layer_moe|B1|N8192
layer-full,decoder_layer,layer_moe,deepseek_v32_layer,78b69000794d0937b47ae3387eff7663410264d1|ba89a3466e9470ad08ab39738d4e7bb66989e1e7,bf16_weights_fp8_kv,1,8192,7168,64,2048,0,indexer_select,cudagraph,cuda_event_grouped_2,ok,,50,10,2,43.68,43.7552,43.568,44.0904,44.381,0.192659,0.112001,0.0044031,,0,22893.8,23291934208,23347593216,,,64,layer_moe|B1|N8192
layer-full,decoder_layer,layer_moe,deepseek_v32_layer,78b69000794d0937b47ae3387eff7663410264d1|ba89a3466e9470ad08ab39738d4e7bb66989e1e7,bf16_weights_fp8_kv,1,8192,7168,64,2048,0,index_map,cudagraph,cuda_event_grouped_13,ok,,50,10,13,3.30338,3.27739,3.05969,3.44283,3.6221,0.12649,0.140923,0.0385947,,0,302720,23291934208,23347593216,,,64,layer_moe|B1|N8192
layer-full,decoder_layer,layer_moe,deepseek_v32_layer,78b69000794d0937b47ae3387eff7663410264d1|ba89a3466e9470ad08ab39738d4e7bb66989e1e7,bf16_weights_fp8_kv,1,8192,7168,64,2048,0,sparse_mla,cudagraph,cuda_event_grouped_3,ok,,50,10,3,20.192,20.2236,20.0853,20.4384,20.5783,0.107878,0.101334,0.00533427,,0,49524.6,23291934208,23364370432,,,64,layer_moe|B1|N8192
layer-full,decoder_layer,layer_moe,deepseek_v32_layer,78b69000794d0937b47ae3387eff7663410264d1|ba89a3466e9470ad08ab39738d4e7bb66989e1e7,bf16_weights_fp8_kv,1,8192,7168,64,2048,0,o_absorb,cudagraph,cuda_event_grouped_7,ok,,50,10,7,7.20229,7.20658,7.11771,7.29851,7.36745,0.0558064,0.0662857,0.00774381,,0,138845,23325488640,23400022016,,,64,layer_moe|B1|N8192
layer-full,decoder_layer,layer_moe,deepseek_v32_layer,78b69000794d0937b47ae3387eff7663410264d1|ba89a3466e9470ad08ab39738d4e7bb66989e1e7,bf16_weights_fp8_kv,1,8192,7168,64,2048,0,o_proj,cudagraph,cuda_event_per_iter,ok,,50,10,1,134.144,134.236,133.472,135.358,135.978,0.568036,0.624005,0.00423163,,0,7454.68,23359043072,23416799232,,,64,layer_moe|B1|N8192
layer-full,decoder_layer,layer_moe,deepseek_v32_layer,78b69000794d0937b47ae3387eff7663410264d1|ba89a3466e9470ad08ab39738d4e7bb66989e1e7,bf16_weights_fp8_kv,1,8192,7168,64,2048,0,post_norm,cudagraph,cuda_event_grouped_5,ok,,50,10,5,9.9584,9.96851,9.8432,10.0522,10.1619,0.0627082,0.0720005,0.00629062,,0,100418,23359043072,23418896384,,,64,layer_moe|B1|N8192
layer-full,decoder_layer,layer_moe,deepseek_v32_layer,78b69000794d0937b47ae3387eff7663410264d1|ba89a3466e9470ad08ab39738d4e7bb66989e1e7,bf16_weights_fp8_kv,1,8192,7168,64,2048,0,router_score,cudagraph,cuda_event_grouped_4,ok,,50,10,4,14.632,14.6611,14.512,14.8568,15.07,0.120622,0.118,0.00822732,,0,68343.4,23392597504,23454547968,,,64,layer_moe|B1|N8192
layer-full,decoder_layer,layer_moe,deepseek_v32_layer,78b69000794d0937b47ae3387eff7663410264d1|ba89a3466e9470ad08ab39738d4e7bb66989e1e7,bf16_weights_fp8_kv,1,8192,7168,64,2048,0,router_topk,cudagraph,cuda_event_per_iter,ok,,50,10,1,52.128,52.2483,52.064,52.9632,53.545,0.366317,0.0319965,0.00701108,,0,19183.5,23392597504,23456645120,,,64,layer_moe|B1|N8192
layer-full,decoder_layer,layer_moe,deepseek_v32_layer,78b69000794d0937b47ae3387eff7663410264d1|ba89a3466e9470ad08ab39738d4e7bb66989e1e7,bf16_weights_fp8_kv,1,8192,7168,64,2048,0,mlp_experts,cudagraph,cuda_event_per_iter,ok,,50,10,1,618.032,618.067,616.512,619.107,620.955,0.914698,1.07202,0.00147993,,0,1618.04,23426151936,23490199552,,,64,layer_moe|B1|N8192
layer-full,decoder_layer,layer_moe,deepseek_v32_layer,78b69000794d0937b47ae3387eff7663410264d1|ba89a3466e9470ad08ab39738d4e7bb66989e1e7,bf16_weights_fp8_kv,1,8192,7168,64,2048,0,layer_total,cudagraph,cuda_event_per_iter,ok,,50,10,1,1159.97,1160.06,1157.73,1162.18,1163.5,1.30375,1.36799,0.00112386,,0,862.093,23459706368,23523753984,1.61666e+06,,64,layer_moe|B1|N8192
layer-full,decoder_layer,layer_moe,deepseek_v32_layer,78b69000794d0937b47ae3387eff7663410264d1|ba89a3466e9470ad08ab39738d4e7bb66989e1e7,bf16_weights_fp8_kv,1,32768,7168,64,2048,0,input_norm,eager,cuda_event_grouped_6,ok,,50,10,6,8.25333,8.26197,8.128,8.35253,8.7424,0.12808,0.0626667,0.0155023,,0,121163,23482677248,23557308416,,,64,layer_moe|B1|N32768
layer-full,decoder_layer,layer_moe,deepseek_v32_layer,78b69000794d0937b47ae3387eff7663410264d1|ba89a3466e9470ad08ab39738d4e7bb66989e1e7,bf16_weights_fp8_kv,1,32768,7168,64,2048,0,q_down,eager,cuda_event_grouped_3,ok,,50,10,3,18.9227,19.0761,18.6987,19.8395,21.7022,0.6061,0.245333,0.0317728,,0,52846.7,23482669056,23557308416,,,64,layer_moe|B1|N32768
layer-full,decoder_layer,layer_moe,deepseek_v32_layer,78b69000794d0937b47ae3387eff7663410264d1|ba89a3466e9470ad08ab39738d4e7bb66989e1e7,bf16_weights_fp8_kv,1,32768,7168,64,2048,0,q_up,eager,cuda_event_grouped_2,ok,,50,10,2,44.928,45.0173,44.528,45.2352,47.0824,0.566932,0.264002,0.0125936,,0,22257.8,23482711552,23557308416,,,64,layer_moe|B1|N32768
layer-full,decoder_layer,layer_moe,deepseek_v32_layer,78b69000794d0937b47ae3387eff7663410264d1|ba89a3466e9470ad08ab39738d4e7bb66989e1e7,bf16_weights_fp8_kv,1,32768,7168,64,2048,0,q_absorb,eager,cuda_event_per_iter,ok,,50,10,1,58.96,59.4118,57.696,61.6784,68.5478,2.25164,0.544,0.0378988,,0,16960.7,23482957312,23557308416,,,64,layer_moe|B1|N32768
layer-full,decoder_layer,layer_moe,deepseek_v32_layer,78b69000794d0937b47ae3387eff7663410264d1|ba89a3466e9470ad08ab39738d4e7bb66989e1e7,bf16_weights_fp8_kv,1,32768,7168,64,2048,0,kv_down,eager,cuda_event_per_iter,ok,,50,10,1,68.656,69.2506,67.808,71.9744,78.5043,2.13284,0.815999,0.0307989,,0,14565.4,23482667008,23557308416,,,64,layer_moe|B1|N32768
layer-full,decoder_layer,layer_moe,deepseek_v32_layer,78b69000794d0937b47ae3387eff7663410264d1|ba89a3466e9470ad08ab39738d4e7bb66989e1e7,bf16_weights_fp8_kv,1,32768,7168,64,2048,0,indexer_proj,eager,cuda_event_per_iter,ok,,50,10,1,63.2,63.7261,62.24,65.8,74.0109,2.41171,0.551997,0.0378449,,0,15822.8,23482708480,23557308416,,,64,layer_moe|B1|N32768
layer-full,decoder_layer,layer_moe,deepseek_v32_layer,78b69000794d0937b47ae3387eff7663410264d1|ba89a3466e9470ad08ab39738d4e7bb66989e1e7,bf16_weights_fp8_kv,1,32768,7168,64,2048,0,kv_append,eager,cuda_event_per_iter,ok,,50,10,1,153.92,155.085,151.84,161.762,167.291,3.38545,2.416,0.0218297,,0,6496.88,23482668032,23557308416,,,64,layer_moe|B1|N32768
layer-full,decoder_layer,layer_moe,deepseek_v32_layer,78b69000794d0937b47ae3387eff7663410264d1|ba89a3466e9470ad08ab39738d4e7bb66989e1e7,bf16_weights_fp8_kv,1,32768,7168,64,2048,0,indexer_score,eager,cuda_event_grouped_3,ok,,50,10,3,16.6507,16.7682,16.4267,17.3723,18.9018,0.519369,0.170667,0.0309734,,0,60057.7,23482795520,23557308416,,,64,layer_moe|B1|N32768
layer-full,decoder_layer,layer_moe,deepseek_v32_layer,78b69000794d0937b47ae3387eff7663410264d1|ba89a3466e9470ad08ab39738d4e7bb66989e1e7,bf16_weights_fp8_kv,1,32768,7168,64,2048,0,indexer_select,eager,cuda_event_per_iter,ok,,50,10,1,66.656,66.8448,65.696,67.3776,72.0256,1.43588,0.560004,0.0214809,,0,15002.4,23482708480,23557308416,,,64,layer_moe|B1|N32768
layer-full,decoder_layer,layer_moe,deepseek_v32_layer,78b69000794d0937b47ae3387eff7663410264d1|ba89a3466e9470ad08ab39738d4e7bb66989e1e7,bf16_weights_fp8_kv,1,32768,7168,64,2048,0,index_map,eager,cuda_event_grouped_2,ok,,50,10,2,26.832,27.1037,25.536,29.7608,31.1117,1.25167,0.947999,0.0461807,,0,37268.9,23482670592,23557308416,,,64,layer_moe|B1|N32768
layer-full,decoder_layer,layer_moe,deepseek_v32_layer,78b69000794d0937b47ae3387eff7663410264d1|ba89a3466e9470ad08ab39738d4e7bb66989e1e7,bf16_weights_fp8_kv,1,32768,7168,64,2048,0,sparse_mla,eager,cuda_event_grouped_3,ok,,50,10,3,20.3307,20.3876,20.1813,20.4907,21.7548,0.361625,0.117333,0.0177375,,0,49186.8,23498028032,23557308416,,,64,layer_moe|B1|N32768
layer-full,decoder_layer,layer_moe,deepseek_v32_layer,78b69000794d0937b47ae3387eff7663410264d1|ba89a3466e9470ad08ab39738d4e7bb66989e1e7,bf16_weights_fp8_kv,1,32768,7168,64,2048,0,o_absorb,eager,cuda_event_grouped_4,ok,,50,10,4,12.568,12.6469,12.368,13.1668,13.808,0.299254,0.148,0.0236623,,0,79567.2,23482727936,23557308416,,,64,layer_moe|B1|N32768
layer-full,decoder_layer,layer_moe,deepseek_v32_layer,78b69000794d0937b47ae3387eff7663410264d1|ba89a3466e9470ad08ab39738d4e7bb66989e1e7,bf16_weights_fp8_kv,1,32768,7168,64,2048,0,o_proj,eager,cuda_event_per_iter,ok,,50,10,1,136.112,136.401,135.04,137.632,141.312,1.39859,1.312,0.0102535,,0,7346.89,23482709504,23557308416,,,64,layer_moe|B1|N32768
layer-full,decoder_layer,layer_moe,deepseek_v32_layer,78b69000794d0937b47ae3387eff7663410264d1|ba89a3466e9470ad08ab39738d4e7bb66989e1e7,bf16_weights_fp8_kv,1,32768,7168,64,2048,0,post_norm,eager,cuda_event_grouped_5,ok,,50,10,5,11.2384,11.3608,11.0208,11.9424,13.2574,0.447247,0.1376,0.0393677,,0,88980.6,23482724352,23557308416,,,64,layer_moe|B1|N32768
layer-full,decoder_layer,layer_moe,deepseek_v32_layer,78b69000794d0937b47ae3387eff7663410264d1|ba89a3466e9470ad08ab39738d4e7bb66989e1e7,bf16_weights_fp8_kv,1,32768,7168,64,2048,0,router_score,eager,cuda_event_grouped_3,ok,,50,10,3,16.8107,16.9713,16.4907,17.8432,20.5835,0.872807,0.184,0.0514284,,0,59486,23482724864,23557308416,,,64,layer_moe|B1|N32768
layer-full,decoder_layer,layer_moe,deepseek_v32_layer,78b69000794d0937b47ae3387eff7663410264d1|ba89a3466e9470ad08ab39738d4e7bb66989e1e7,bf16_weights_fp8_kv,1,32768,7168,64,2048,0,router_topk,eager,cuda_event_per_iter,ok,,50,10,1,85.664,86.6266,84.864,92.056,97.9254,2.75406,1.016,0.0317924,,0,11673.5,23482700800,23557308416,,,64,layer_moe|B1|N32768
layer-full,decoder_layer,layer_moe,deepseek_v32_layer,78b69000794d0937b47ae3387eff7663410264d1|ba89a3466e9470ad08ab39738d4e7bb66989e1e7,bf16_weights_fp8_kv,1,32768,7168,64,2048,0,mlp_experts,eager,cuda_event_per_iter,ok,,50,10,1,704.928,705.043,702.848,706.869,714.124,2.51978,1.48802,0.00357394,,0,1418.58,23482760704,23557308416,,,64,layer_moe|B1|N32768
layer-full,decoder_layer,layer_moe,deepseek_v32_layer,78b69000794d0937b47ae3387eff7663410264d1|ba89a3466e9470ad08ab39738d4e7bb66989e1e7,bf16_weights_fp8_kv,1,32768,7168,64,2048,0,layer_total,eager,cuda_event_per_iter,ok,,50,10,1,1579.73,1598.83,1557.38,1670.32,1965.65,86.8281,28.176,0.0543071,,0,633.02,23498085376,23557308416,37054.8,,64,layer_moe|B1|N32768
layer-full,decoder_layer,layer_moe,deepseek_v32_layer,78b69000794d0937b47ae3387eff7663410264d1|ba89a3466e9470ad08ab39738d4e7bb66989e1e7,bf16_weights_fp8_kv,1,32768,7168,64,2048,0,input_norm,cudagraph,cuda_event_grouped_6,ok,,50,10,6,8.30933,8.32245,8.26133,8.40693,8.54341,0.0629779,0.0546671,0.00756722,,0,120347,23482696192,23523753984,,,64,layer_moe|B1|N32768
layer-full,decoder_layer,layer_moe,deepseek_v32_layer,78b69000794d0937b47ae3387eff7663410264d1|ba89a3466e9470ad08ab39738d4e7bb66989e1e7,bf16_weights_fp8_kv,1,32768,7168,64,2048,0,q_down,cudagraph,cuda_event_grouped_4,ok,,50,10,4,15.328,15.3451,15.208,15.488,15.6622,0.0916713,0.0639996,0.00597397,,0,65240.1,23516250624,23559405568,,,64,layer_moe|B1|N32768
layer-full,decoder_layer,layer_moe,deepseek_v32_layer,78b69000794d0937b47ae3387eff7663410264d1|ba89a3466e9470ad08ab39738d4e7bb66989e1e7,bf16_weights_fp8_kv,1,32768,7168,64,2048,0,q_up,cudagraph,cuda_event_grouped_2,ok,,50,10,2,44.92,44.9693,44.688,45.4112,45.6738,0.235331,0.236002,0.00523314,,0,22261.8,23549805056,23595057152,,,64,layer_moe|B1|N32768
layer-full,decoder_layer,layer_moe,deepseek_v32_layer,78b69000794d0937b47ae3387eff7663410264d1|ba89a3466e9470ad08ab39738d4e7bb66989e1e7,bf16_weights_fp8_kv,1,32768,7168,64,2048,0,q_absorb,cudagraph,cuda_event_grouped_2,ok,,50,10,2,26.112,26.183,25.952,26.48,26.6413,0.17435,0.188001,0.00665887,,0,38296.6,23583359488,23630708736,,,64,layer_moe|B1|N32768
layer-full,decoder_layer,layer_moe,deepseek_v32_layer,78b69000794d0937b47ae3387eff7663410264d1|ba89a3466e9470ad08ab39738d4e7bb66989e1e7,bf16_weights_fp8_kv,1,32768,7168,64,2048,0,kv_down,cudagraph,cuda_event_grouped_3,ok,,50,10,3,21.3227,21.3557,21.216,21.5525,21.7641,0.126984,0.130665,0.00594615,,0,46898.4,23616913920,23666360320,,,64,layer_moe|B1|N32768
layer-full,decoder_layer,layer_moe,deepseek_v32_layer,78b69000794d0937b47ae3387eff7663410264d1|ba89a3466e9470ad08ab39738d4e7bb66989e1e7,bf16_weights_fp8_kv,1,32768,7168,64,2048,0,indexer_proj,cudagraph,cuda_event_grouped_2,ok,,50,10,2,30.56,30.6026,30.176,31.1056,31.4168,0.302555,0.387999,0.00988659,,0,32722.5,23650468352,23702011904,,,64,layer_moe|B1|N32768
layer-full,decoder_layer,layer_moe,deepseek_v32_layer,78b69000794d0937b47ae3387eff7663410264d1|ba89a3466e9470ad08ab39738d4e7bb66989e1e7,bf16_weights_fp8_kv,1,32768,7168,64,2048,0,kv_append,cudagraph,cuda_event_grouped_2,ok,,50,10,2,47.952,48.04,47.904,48.3288,48.6298,0.178381,0.192001,0.00371317,,0,20854.2,23650468352,23702011904,,,64,layer_moe|B1|N32768
layer-full,decoder_layer,layer_moe,deepseek_v32_layer,78b69000794d0937b47ae3387eff7663410264d1|ba89a3466e9470ad08ab39738d4e7bb66989e1e7,bf16_weights_fp8_kv,1,32768,7168,64,2048,0,indexer_score,cudagraph,cuda_event_grouped_6,ok,,50,10,6,8.46933,8.47979,8.37867,8.56,8.66043,0.0597594,0.0693339,0.00704727,,0,118073,23650468352,23704109056,,,64,layer_moe|B1|N32768
layer-full,decoder_layer,layer_moe,deepseek_v32_layer,78b69000794d0937b47ae3387eff7663410264d1|ba89a3466e9470ad08ab39738d4e7bb66989e1e7,bf16_weights_fp8_kv,1,32768,7168,64,2048,0,indexer_select,cudagraph,cuda_event_grouped_2,ok,,50,10,2,48.64,48.6835,48.464,48.9864,49.4558,0.214395,0.195998,0.00440386,,0,20559.2,23650468352,23704109056,,,64,layer_moe|B1|N32768
layer-full,decoder_layer,layer_moe,deepseek_v32_layer,78b69000794d0937b47ae3387eff7663410264d1|ba89a3466e9470ad08ab39738d4e7bb66989e1e7,bf16_weights_fp8_kv,1,32768,7168,64,2048,0,index_map,cudagraph,cuda_event_grouped_14,ok,,50,10,14,3.096,3.11945,3.04686,3.2672,3.5035,0.0967331,0.0297142,0.0310096,,0,322997,23650468352,23704109056,,,64,layer_moe|B1|N32768
layer-full,decoder_layer,layer_moe,deepseek_v32_layer,78b69000794d0937b47ae3387eff7663410264d1|ba89a3466e9470ad08ab39738d4e7bb66989e1e7,bf16_weights_fp8_kv,1,32768,7168,64,2048,0,sparse_mla,cudagraph,cuda_event_grouped_3,ok,,50,10,3,20.1387,20.179,20.0427,20.4005,20.579,0.134601,0.165333,0.00667038,,0,49655.7,23650468352,23720886272,,,64,layer_moe|B1|N32768
layer-full,decoder_layer,layer_moe,deepseek_v32_layer,78b69000794d0937b47ae3387eff7663410264d1|ba89a3466e9470ad08ab39738d4e7bb66989e1e7,bf16_weights_fp8_kv,1,32768,7168,64,2048,0,o_absorb,cudagraph,cuda_event_grouped_7,ok,,50,10,7,7.60686,7.61929,7.47429,7.7328,7.77673,0.0607946,0.0617148,0.00797904,,0,131460,23684022784,23756537856,,,64,layer_moe|B1|N32768
layer-full,decoder_layer,layer_moe,deepseek_v32_layer,78b69000794d0937b47ae3387eff7663410264d1|ba89a3466e9470ad08ab39738d4e7bb66989e1e7,bf16_weights_fp8_kv,1,32768,7168,64,2048,0,o_proj,cudagraph,cuda_event_per_iter,ok,,50,10,1,134.048,134.051,133.248,134.787,135.201,0.402433,0.351995,0.0030021,,0,7460.01,23717577216,23773315072,,,64,layer_moe|B1|N32768
layer-full,decoder_layer,layer_moe,deepseek_v32_layer,78b69000794d0937b47ae3387eff7663410264d1|ba89a3466e9470ad08ab39738d4e7bb66989e1e7,bf16_weights_fp8_kv,1,32768,7168,64,2048,0,post_norm,cudagraph,cuda_event_grouped_6,ok,,50,10,6,9.744,9.76907,9.70133,9.904,10.0046,0.0727629,0.0786666,0.0074483,,0,102627,23717577216,23775412224,,,64,layer_moe|B1|N32768
layer-full,decoder_layer,layer_moe,deepseek_v32_layer,78b69000794d0937b47ae3387eff7663410264d1|ba89a3466e9470ad08ab39738d4e7bb66989e1e7,bf16_weights_fp8_kv,1,32768,7168,64,2048,0,router_score,cudagraph,cuda_event_grouped_4,ok,,50,10,4,14.832,14.8386,14.688,14.9652,15.1227,0.0950248,0.104,0.00640391,,0,67421.8,23717577216,23775412224,,,64,layer_moe|B1|N32768
layer-full,decoder_layer,layer_moe,deepseek_v32_layer,78b69000794d0937b47ae3387eff7663410264d1|ba89a3466e9470ad08ab39738d4e7bb66989e1e7,bf16_weights_fp8_kv,1,32768,7168,64,2048,0,router_topk,cudagraph,cuda_event_grouped_2,ok,,50,10,2,49.528,49.5494,49.376,49.772,50.1083,0.15581,0.108001,0.00314453,,0,20190.6,23717577216,23779606528,,,64,layer_moe|B1|N32768
layer-full,decoder_layer,layer_moe,deepseek_v32_layer,78b69000794d0937b47ae3387eff7663410264d1|ba89a3466e9470ad08ab39738d4e7bb66989e1e7,bf16_weights_fp8_kv,1,32768,7168,64,2048,0,mlp_experts,cudagraph,cuda_event_per_iter,ok,,50,10,1,618.528,618.658,617.216,620.368,621.886,1.01565,1.07202,0.0016417,,0,1616.74,23717577216,23779606528,,,64,layer_moe|B1|N32768
layer-full,decoder_layer,layer_moe,deepseek_v32_layer,78b69000794d0937b47ae3387eff7663410264d1|ba89a3466e9470ad08ab39738d4e7bb66989e1e7,bf16_weights_fp8_kv,1,32768,7168,64,2048,0,layer_total,cudagraph,cuda_event_per_iter,ok,,50,10,1,1169.55,1169.62,1167.58,1171.55,1172.93,1.28557,1.76001,0.00109913,,0,855.028,23717577216,23779606528,37054.8,,64,layer_moe|B1|N32768
layer-full,decoder_layer,layer_moe,deepseek_v32_layer,78b69000794d0937b47ae3387eff7663410264d1|ba89a3466e9470ad08ab39738d4e7bb66989e1e7,bf16_weights_fp8_kv,1,131072,7168,64,2048,0,input_norm,eager,cuda_event_grouped_6,ok,,50,10,6,8.17867,8.19776,8.05867,8.272,8.60331,0.111659,0.0573331,0.0136207,,0,122269,23807511040,23928504320,,,64,layer_moe|B1|N131072
layer-full,decoder_layer,layer_moe,deepseek_v32_layer,78b69000794d0937b47ae3387eff7663410264d1|ba89a3466e9470ad08ab39738d4e7bb66989e1e7,bf16_weights_fp8_kv,1,131072,7168,64,2048,0,q_down,eager,cuda_event_grouped_3,ok,,50,10,3,18.944,19.0601,18.5707,20.1749,20.6293,0.443953,0.274667,0.0232923,,0,52787.2,23807502848,23928504320,,,64,layer_moe|B1|N131072
layer-full,decoder_layer,layer_moe,deepseek_v32_layer,78b69000794d0937b47ae3387eff7663410264d1|ba89a3466e9470ad08ab39738d4e7bb66989e1e7,bf16_weights_fp8_kv,1,131072,7168,64,2048,0,q_up,eager,cuda_event_grouped_2,ok,,50,10,2,45.264,45.3894,44.704,45.9464,47.3627,0.591734,0.632001,0.0130368,,0,22092.6,23807545344,23928504320,,,64,layer_moe|B1|N131072
layer-full,decoder_layer,layer_moe,deepseek_v32_layer,78b69000794d0937b47ae3387eff7663410264d1|ba89a3466e9470ad08ab39738d4e7bb66989e1e7,bf16_weights_fp8_kv,1,131072,7168,64,2048,0,q_absorb,eager,cuda_event_per_iter,ok,,50,10,1,59.264,59.8029,58.112,62.656,66.7267,1.75992,0.728002,0.0294286,,0,16873.6,23807791104,23928504320,,,64,layer_moe|B1|N131072
layer-full,decoder_layer,layer_moe,deepseek_v32_layer,78b69000794d0937b47ae3387eff7663410264d1|ba89a3466e9470ad08ab39738d4e7bb66989e1e7,bf16_weights_fp8_kv,1,131072,7168,64,2048,0,kv_down,eager,cuda_event_per_iter,ok,,50,10,1,69.28,69.897,68.16,75.6208,77.513,2.19211,0.591997,0.0313621,,0,14434.2,23807500800,23928504320,,,64,layer_moe|B1|N131072
layer-full,decoder_layer,layer_moe,deepseek_v32_layer,78b69000794d0937b47ae3387eff7663410264d1|ba89a3466e9470ad08ab39738d4e7bb66989e1e7,bf16_weights_fp8_kv,1,131072,7168,64,2048,0,indexer_proj,eager,cuda_event_per_iter,ok,,50,10,1,63.264,63.6525,62.336,65.7728,70.0381,1.49971,0.711998,0.0235609,,0,15806.8,23807542272,23928504320,,,64,layer_moe|B1|N131072
layer-full,decoder_layer,layer_moe,deepseek_v32_layer,78b69000794d0937b47ae3387eff7663410264d1|ba89a3466e9470ad08ab39738d4e7bb66989e1e7,bf16_weights_fp8_kv,1,131072,7168,64,2048,0,kv_append,eager,cuda_event_per_iter,ok,,50,10,1,155.408,156.455,153.92,163.206,166.603,2.94039,2.28001,0.0187939,,0,6434.68,23807501824,23928504320,,,64,layer_moe|B1|N131072
layer-full,decoder_layer,layer_moe,deepseek_v32_layer,78b69000794d0937b47ae3387eff7663410264d1|ba89a3466e9470ad08ab39738d4e7bb66989e1e7,bf16_weights_fp8_kv,1,131072,7168,64,2048,0,indexer_score,eager,cuda_event_grouped_3,ok,,50,10,3,16.8853,16.9978,16.5227,17.9061,19.155,0.525028,0.272001,0.0308881,,0,59223,23808022528,23930601472,,,64,layer_moe|B1|N131072
layer-full,decoder_layer,layer_moe,deepseek_v32_layer,78b69000794d0937b47ae3387eff7663410264d1|ba89a3466e9470ad08ab39738d4e7bb66989e1e7,bf16_weights_fp8_kv,1,131072,7168,64,2048,0,indexer_select,eager,cuda_event_per_iter,ok,,50,10,1,77.12,77.2794,76.32,77.9152,82.1667,1.28931,0.607997,0.0166838,,0,12966.8,23807591424,23930601472,,,64,layer_moe|B1|N131072
layer-full,decoder_layer,layer_moe,deepseek_v32_layer,78b69000794d0937b47ae3387eff7663410264d1|ba89a3466e9470ad08ab39738d4e7bb66989e1e7,bf16_weights_fp8_kv,1,131072,7168,64,2048,0,index_map,eager,cuda_event_grouped_2,ok,,50,10,2,27.304,27.4442,25.616,29.368,30.9683,1.09303,0.887999,0.0398276,,0,36624.7,23807504384,23930601472,,,64,layer_moe|B1|N131072
layer-full,decoder_layer,layer_moe,deepseek_v32_layer,78b69000794d0937b47ae3387eff7663410264d1|ba89a3466e9470ad08ab39738d4e7bb66989e1e7,bf16_weights_fp8_kv,1,131072,7168,64,2048,0,sparse_mla,eager,cuda_event_grouped_3,ok,,50,10,3,20.4427,20.8576,20.2453,20.6187,30.8618,2.86239,0.136,0.137235,,0,48917.3,23822861824,23930601472,,,64,layer_moe|B1|N131072
layer-full,decoder_layer,layer_moe,deepseek_v32_layer,78b69000794d0937b47ae3387eff7663410264d1|ba89a3466e9470ad08ab39738d4e7bb66989e1e7,bf16_weights_fp8_kv,1,131072,7168,64,2048,0,o_absorb,eager,cuda_event_grouped_4,ok,,50,10,4,13.7,13.7811,13.576,14.3764,14.8092,0.276806,0.139999,0.0200859,,0,72992.7,23807561728,23930601472,,,64,layer_moe|B1|N131072
layer-full,decoder_layer,layer_moe,deepseek_v32_layer,78b69000794d0937b47ae3387eff7663410264d1|ba89a3466e9470ad08ab39738d4e7bb66989e1e7,bf16_weights_fp8_kv,1,131072,7168,64,2048,0,o_proj,eager,cuda_event_per_iter,ok,,50,10,1,136.384,136.648,135.52,137.202,142.281,1.50426,0.512004,0.0110082,,0,7332.24,23807543296,23930601472,,,64,layer_moe|B1|N131072
layer-full,decoder_layer,layer_moe,deepseek_v32_layer,78b69000794d0937b47ae3387eff7663410264d1|ba89a3466e9470ad08ab39738d4e7bb66989e1e7,bf16_weights_fp8_kv,1,131072,7168,64,2048,0,post_norm,eager,cuda_event_grouped_4,ok,,50,10,4,11.28,11.3837,10.96,12.0452,13.2224,0.43331,0.192,0.0380641,,0,88652.5,23807558144,23930601472,,,64,layer_moe|B1|N131072
layer-full,decoder_layer,layer_moe,deepseek_v32_layer,78b69000794d0937b47ae3387eff7663410264d1|ba89a3466e9470ad08ab39738d4e7bb66989e1e7,bf16_weights_fp8_kv,1,131072,7168,64,2048,0,router_score,eager,cuda_event_grouped_3,ok,,50,10,3,16.896,17.1036,16.512,17.8,20.509,0.751166,0.314667,0.0439187,,0,59185.6,23807558656,23930601472,,,64,layer_moe|B1|N131072
layer-full,decoder_layer,layer_moe,deepseek_v32_layer,78b69000794d0937b47ae3387eff7663410264d1|ba89a3466e9470ad08ab39738d4e7bb66989e1e7,bf16_weights_fp8_kv,1,131072,7168,64,2048,0,router_topk,eager,cuda_event_per_iter,ok,,50,10,1,86,86.7968,84.928,91.9824,97.3578,2.67053,1.76,0.0307676,,0,11627.9,23807534592,23930601472,,,64,layer_moe|B1|N131072
layer-full,decoder_layer,layer_moe,deepseek_v32_layer,78b69000794d0937b47ae3387eff7663410264d1|ba89a3466e9470ad08ab39738d4e7bb66989e1e7,bf16_weights_fp8_kv,1,131072,7168,64,2048,0,mlp_experts,eager,cuda_event_per_iter,ok,,50,10,1,706.336,706.468,703.712,707.829,715.458,2.56745,1.60803,0.0036342,,0,1415.76,23807594496,23930601472,,,64,layer_moe|B1|N131072
layer-full,decoder_layer,layer_moe,deepseek_v32_layer,78b69000794d0937b47ae3387eff7663410264d1|ba89a3466e9470ad08ab39738d4e7bb66989e1e7,bf16_weights_fp8_kv,1,131072,7168,64,2048,0,layer_total,eager,cuda_event_per_iter,ok,,50,10,1,1717.73,1749.86,1549.92,2065.14,2369.21,199.373,210.984,0.113937,,0,582.164,23822919168,23930601472,35442,,64,layer_moe|B1|N131072
layer-full,decoder_layer,layer_moe,deepseek_v32_layer,78b69000794d0937b47ae3387eff7663410264d1|ba89a3466e9470ad08ab39738d4e7bb66989e1e7,bf16_weights_fp8_kv,1,131072,7168,64,2048,0,input_norm,cudagraph,cuda_event_grouped_6,ok,,50,10,6,8.248,8.26859,8.15467,8.35253,8.4224,0.0564711,0.0573331,0.00682959,,0,121242,23807529984,23888658432,,,64,layer_moe|B1|N131072
layer-full,decoder_layer,layer_moe,deepseek_v32_layer,78b69000794d0937b47ae3387eff7663410264d1|ba89a3466e9470ad08ab39738d4e7bb66989e1e7,bf16_weights_fp8_kv,1,131072,7168,64,2048,0,q_down,cudagraph,cuda_event_grouped_4,ok,,50,10,4,15.192,15.2128,15.088,15.3768,15.5546,0.109309,0.12,0.00718531,,0,65824.1,23807529984,23890755584,,,64,layer_moe|B1|N131072
layer-full,decoder_layer,layer_moe,deepseek_v32_layer,78b69000794d0937b47ae3387eff7663410264d1|ba89a3466e9470ad08ab39738d4e7bb66989e1e7,bf16_weights_fp8_kv,1,131072,7168,64,2048,0,q_up,cudagraph,cuda_event_grouped_2,ok,,50,10,2,45.056,45.1008,44.8,45.4488,45.8392,0.231614,0.204002,0.00513548,,0,22194.6,23841084416,23926407168,,,64,layer_moe|B1|N131072
layer-full,decoder_layer,layer_moe,deepseek_v32_layer,78b69000794d0937b47ae3387eff7663410264d1|ba89a3466e9470ad08ab39738d4e7bb66989e1e7,bf16_weights_fp8_kv,1,131072,7168,64,2048,0,q_absorb,cudagraph,cuda_event_grouped_2,ok,,50,10,2,25.984,26.0694,25.856,26.3128,26.6742,0.180372,0.188,0.00691891,,0,38485.2,23874638848,23962058752,,,64,layer_moe|B1|N131072
layer-full,decoder_layer,layer_moe,deepseek_v32_layer,78b69000794d0937b47ae3387eff7663410264d1|ba89a3466e9470ad08ab39738d4e7bb66989e1e7,bf16_weights_fp8_kv,1,131072,7168,64,2048,0,kv_down,cudagraph,cuda_event_grouped_3,ok,,50,10,3,21.7333,21.7773,21.6107,21.9627,22.2001,0.122833,0.114668,0.00564041,,0,46012.3,23908193280,23997710336,,,64,layer_moe|B1|N131072
layer-full,decoder_layer,layer_moe,deepseek_v32_layer,78b69000794d0937b47ae3387eff7663410264d1|ba89a3466e9470ad08ab39738d4e7bb66989e1e7,bf16_weights_fp8_kv,1,131072,7168,64,2048,0,indexer_proj,cudagraph,cuda_event_grouped_2,ok,,50,10,2,30.52,30.633,30.32,31.1376,31.5192,0.301093,0.363999,0.00982906,,0,32765.4,23941747712,24033361920,,,64,layer_moe|B1|N131072
layer-full,decoder_layer,layer_moe,deepseek_v32_layer,78b69000794d0937b47ae3387eff7663410264d1|ba89a3466e9470ad08ab39738d4e7bb66989e1e7,bf16_weights_fp8_kv,1,131072,7168,64,2048,0,kv_append,cudagraph,cuda_event_grouped_2,ok,,50,10,2,48.344,48.4234,48.256,48.768,49.0448,0.192414,0.192001,0.00397357,,0,20685.1,23941747712,24033361920,,,64,layer_moe|B1|N131072
layer-full,decoder_layer,layer_moe,deepseek_v32_layer,78b69000794d0937b47ae3387eff7663410264d1|ba89a3466e9470ad08ab39738d4e7bb66989e1e7,bf16_weights_fp8_kv,1,131072,7168,64,2048,0,indexer_score,cudagraph,cuda_event_grouped_5,ok,,50,10,5,10.64,10.66,10.496,10.7923,11.0406,0.106277,0.0944,0.0099697,,0,93985,23941747712,24035459072,,,64,layer_moe|B1|N131072
layer-full,decoder_layer,layer_moe,deepseek_v32_layer,78b69000794d0937b47ae3387eff7663410264d1|ba89a3466e9470ad08ab39738d4e7bb66989e1e7,bf16_weights_fp8_kv,1,131072,7168,64,2048,0,indexer_select,cudagraph,cuda_event_per_iter,ok,,50,10,1,59.488,59.5994,59.2,60.0944,61.2019,0.418491,0.255998,0.00702174,,0,16810.1,23941747712,24035459072,,,64,layer_moe|B1|N131072
layer-full,decoder_layer,layer_moe,deepseek_v32_layer,78b69000794d0937b47ae3387eff7663410264d1|ba89a3466e9470ad08ab39738d4e7bb66989e1e7,bf16_weights_fp8_kv,1,131072,7168,64,2048,0,index_map,cudagraph,cuda_event_grouped_14,ok,,50,10,14,3.12,3.14171,3.072,3.18206,3.7035,0.152608,0.0285714,0.0485747,,0,320513,23941747712,24035459072,,,64,layer_moe|B1|N131072
layer-full,decoder_layer,layer_moe,deepseek_v32_layer,78b69000794d0937b47ae3387eff7663410264d1|ba89a3466e9470ad08ab39738d4e7bb66989e1e7,bf16_weights_fp8_kv,1,131072,7168,64,2048,0,sparse_mla,cudagraph,cuda_event_grouped_3,ok,,50,10,3,20.2347,20.2492,20.0747,20.4288,20.6967,0.128394,0.114668,0.00634071,,0,49420.1,23941747712,24052236288,,,64,layer_moe|B1|N131072
layer-full,decoder_layer,layer_moe,deepseek_v32_layer,78b69000794d0937b47ae3387eff7663410264d1|ba89a3466e9470ad08ab39738d4e7bb66989e1e7,bf16_weights_fp8_kv,1,131072,7168,64,2048,0,o_absorb,cudagraph,cuda_event_grouped_7,ok,,50,10,7,7.31886,7.328,7.23657,7.41326,7.4891,0.0544905,0.0537142,0.00743593,,0,136633,23975302144,24087887872,,,64,layer_moe|B1|N131072
layer-full,decoder_layer,layer_moe,deepseek_v32_layer,78b69000794d0937b47ae3387eff7663410264d1|ba89a3466e9470ad08ab39738d4e7bb66989e1e7,bf16_weights_fp8_kv,1,131072,7168,64,2048,0,o_proj,cudagraph,cuda_event_per_iter,ok,,50,10,1,135.424,135.501,134.656,136.254,136.97,0.488997,0.504006,0.00360879,,0,7384.22,23975302144,24071110656,,,64,layer_moe|B1|N131072
layer-full,decoder_layer,layer_moe,deepseek_v32_layer,78b69000794d0937b47ae3387eff7663410264d1|ba89a3466e9470ad08ab39738d4e7bb66989e1e7,bf16_weights_fp8_kv,1,131072,7168,64,2048,0,post_norm,cudagraph,cuda_event_grouped_5,ok,,50,10,5,10.1472,10.1632,10.112,10.2506,10.3699,0.0636857,0.0767998,0.0062663,,0,98549.4,23975302144,24073207808,,,64,layer_moe|B1|N131072
layer-full,decoder_layer,layer_moe,deepseek_v32_layer,78b69000794d0937b47ae3387eff7663410264d1|ba89a3466e9470ad08ab39738d4e7bb66989e1e7,bf16_weights_fp8_kv,1,131072,7168,64,2048,0,router_score,cudagraph,cuda_event_grouped_4,ok,,50,10,4,14.512,14.5245,14.32,14.6968,14.8339,0.104247,0.116,0.0071773,,0,68908.5,24008856576,24108859392,,,64,layer_moe|B1|N131072
layer-full,decoder_layer,layer_moe,deepseek_v32_layer,78b69000794d0937b47ae3387eff7663410264d1|ba89a3466e9470ad08ab39738d4e7bb66989e1e7,bf16_weights_fp8_kv,1,131072,7168,64,2048,0,router_topk,cudagraph,cuda_event_per_iter,ok,,50,10,1,51.264,51.3875,51.136,52.1632,52.6954,0.369976,0.112001,0.00719973,,0,19506.9,24008856576,24110956544,,,64,layer_moe|B1|N131072
layer-full,decoder_layer,layer_moe,deepseek_v32_layer,78b69000794d0937b47ae3387eff7663410264d1|ba89a3466e9470ad08ab39738d4e7bb66989e1e7,bf16_weights_fp8_kv,1,131072,7168,64,2048,0,mlp_experts,cudagraph,cuda_event_per_iter,ok,,50,10,1,618.272,618.291,615.84,619.885,621.522,1.22504,1.76798,0.00198133,,0,1617.41,24008856576,24110956544,,,64,layer_moe|B1|N131072
layer-full,decoder_layer,layer_moe,deepseek_v32_layer,78b69000794d0937b47ae3387eff7663410264d1|ba89a3466e9470ad08ab39738d4e7bb66989e1e7,bf16_weights_fp8_kv,1,131072,7168,64,2048,0,layer_total,cudagraph,cuda_event_per_iter,ok,,50,10,1,1188.94,1189.06,1186.98,1190.87,1191.84,1.20958,1.84795,0.00101726,,0,841.083,24008856576,24110956544,35442,,64,layer_moe|B1|N131072
layer-full,decoder_layer,layer_moe,deepseek_v32_layer,78b69000794d0937b47ae3387eff7663410264d1|ba89a3466e9470ad08ab39738d4e7bb66989e1e7,bf16_weights_fp8_kv,8,8192,7168,64,2048,0,input_norm,eager,cuda_event_grouped_6,ok,,50,10,6,8.52533,8.52992,8.384,8.58667,8.96747,0.127303,0.0746666,0.0149243,,0,938380,23954719744,24106762240,,,64,layer_moe|B8|N8192
layer-full,decoder_layer,layer_moe,deepseek_v32_layer,78b69000794d0937b47ae3387eff7663410264d1|ba89a3466e9470ad08ab39738d4e7bb66989e1e7,bf16_weights_fp8_kv,8,8192,7168,64,2048,0,q_down,eager,cuda_event_grouped_3,ok,,50,10,3,18.9707,19.1042,18.5067,19.5541,21.4961,0.55967,0.248001,0.0292956,,0,421704,23954654208,24106762240,,,64,layer_moe|B8|N8192
layer-full,decoder_layer,layer_moe,deepseek_v32_layer,78b69000794d0937b47ae3387eff7663410264d1|ba89a3466e9470ad08ab39738d4e7bb66989e1e7,bf16_weights_fp8_kv,8,8192,7168,64,2048,0,q_up,eager,cuda_event_grouped_2,ok,,50,10,2,46.12,46.2614,45.744,46.6968,48.099,0.553517,0.576001,0.011965,,0,173461,23954997760,24106762240,,,64,layer_moe|B8|N8192
layer-full,decoder_layer,layer_moe,deepseek_v32_layer,78b69000794d0937b47ae3387eff7663410264d1|ba89a3466e9470ad08ab39738d4e7bb66989e1e7,bf16_weights_fp8_kv,8,8192,7168,64,2048,0,q_absorb,eager,cuda_event_per_iter,ok,,50,10,1,60.336,61.0093,59.552,64.8896,69.9498,2.13707,0.44,0.0350285,,0,132591,23956963840,24106762240,,,64,layer_moe|B8|N8192
layer-full,decoder_layer,layer_moe,deepseek_v32_layer,78b69000794d0937b47ae3387eff7663410264d1|ba89a3466e9470ad08ab39738d4e7bb66989e1e7,bf16_weights_fp8_kv,8,8192,7168,64,2048,0,kv_down,eager,cuda_event_per_iter,ok,,50,10,1,74.336,74.9811,73.28,80.0624,82.1235,2.02847,0.640005,0.0270531,,0,107619,23954632192,24106762240,,,64,layer_moe|B8|N8192
layer-full,decoder_layer,layer_moe,deepseek_v32_layer,78b69000794d0937b47ae3387eff7663410264d1|ba89a3466e9470ad08ab39738d4e7bb66989e1e7,bf16_weights_fp8_kv,8,8192,7168,64,2048,0,indexer_proj,eager,cuda_event_per_iter,ok,,50,10,1,65.088,65.8541,64.096,69.3152,77.761,2.7034,0.952,0.0410514,,0,122911,23954969088,24106762240,,,64,layer_moe|B8|N8192
layer-full,decoder_layer,layer_moe,deepseek_v32_layer,78b69000794d0937b47ae3387eff7663410264d1|ba89a3466e9470ad08ab39738d4e7bb66989e1e7,bf16_weights_fp8_kv,8,8192,7168,64,2048,0,kv_append,eager,cuda_event_per_iter,ok,,50,10,1,154.16,155.488,152.256,163.475,167.152,3.36748,2.992,0.0216575,,0,51894.1,23954638848,24106762240,,,64,layer_moe|B8|N8192
layer-full,decoder_layer,layer_moe,deepseek_v32_layer,78b69000794d0937b47ae3387eff7663410264d1|ba89a3466e9470ad08ab39738d4e7bb66989e1e7,bf16_weights_fp8_kv,8,8192,7168,64,2048,0,indexer_score,eager,cuda_event_grouped_3,ok,,50,10,3,16.656,16.736,16.2773,17.1387,18.8994,0.513788,0.229333,0.0306996,,0,480307,23954875904,24106762240,,,64,layer_moe|B8|N8192
layer-full,decoder_layer,layer_moe,deepseek_v32_layer,78b69000794d0937b47ae3387eff7663410264d1|ba89a3466e9470ad08ab39738d4e7bb66989e1e7,bf16_weights_fp8_kv,8,8192,7168,64,2048,0,indexer_select,eager,cuda_event_per_iter,ok,,50,10,1,58.72,58.8262,58.048,59.1248,62.8877,1.12393,0.376003,0.0191059,,0,136240,23955063296,24106762240,,,64,layer_moe|B8|N8192
layer-full,decoder_layer,layer_moe,deepseek_v32_layer,78b69000794d0937b47ae3387eff7663410264d1|ba89a3466e9470ad08ab39738d4e7bb66989e1e7,bf16_weights_fp8_kv,8,8192,7168,64,2048,0,index_map,eager,cuda_event_grouped_2,ok,,50,10,2,27.376,27.6346,25.92,29.6688,32.7288,1.34777,1.212,0.0487711,,0,292227,23954670080,24106762240,,,64,layer_moe|B8|N8192
layer-full,decoder_layer,layer_moe,deepseek_v32_layer,78b69000794d0937b47ae3387eff7663410264d1|ba89a3466e9470ad08ab39738d4e7bb66989e1e7,bf16_weights_fp8_kv,8,8192,7168,64,2048,0,sparse_mla,eager,cuda_event_grouped_2,ok,,50,10,2,31.008,31.0848,30.688,31.2688,33.6576,0.682836,0.175999,0.0219669,,0,257998,23972729856,24106762240,,,64,layer_moe|B8|N8192
layer-full,decoder_layer,layer_moe,deepseek_v32_layer,78b69000794d0937b47ae3387eff7663410264d1|ba89a3466e9470ad08ab39738d4e7bb66989e1e7,bf16_weights_fp8_kv,8,8192,7168,64,2048,0,o_absorb,eager,cuda_event_grouped_4,ok,,50,10,4,12.556,12.6131,12.392,12.8612,13.4806,0.203318,0.142,0.0161196,,0,637146,23955128832,24106762240,,,64,layer_moe|B8|N8192
layer-full,decoder_layer,layer_moe,deepseek_v32_layer,78b69000794d0937b47ae3387eff7663410264d1|ba89a3466e9470ad08ab39738d4e7bb66989e1e7,bf16_weights_fp8_kv,8,8192,7168,64,2048,0,o_proj,eager,cuda_event_per_iter,ok,,50,10,1,143.376,143.622,142.4,144.547,148.93,1.48926,1.168,0.0103693,,0,55797.3,23955243520,24106762240,,,64,layer_moe|B8|N8192
layer-full,decoder_layer,layer_moe,deepseek_v32_layer,78b69000794d0937b47ae3387eff7663410264d1|ba89a3466e9470ad08ab39738d4e7bb66989e1e7,bf16_weights_fp8_kv,8,8192,7168,64,2048,0,post_norm,eager,cuda_event_grouped_4,ok,,50,10,4,11.704,11.7462,11.544,11.9084,12.7419,0.258291,0.118,0.0219892,,0,683527,23955096576,24106762240,,,64,layer_moe|B8|N8192
layer-full,decoder_layer,layer_moe,deepseek_v32_layer,78b69000794d0937b47ae3387eff7663410264d1|ba89a3466e9470ad08ab39738d4e7bb66989e1e7,bf16_weights_fp8_kv,8,8192,7168,64,2048,0,router_score,eager,cuda_event_grouped_2,ok,,50,10,2,26.576,26.6666,26.352,26.848,28.8421,0.571224,0.132,0.021421,,0,301023,23955104256,24106762240,,,64,layer_moe|B8|N8192
layer-full,decoder_layer,layer_moe,deepseek_v32_layer,78b69000794d0937b47ae3387eff7663410264d1|ba89a3466e9470ad08ab39738d4e7bb66989e1e7,bf16_weights_fp8_kv,8,8192,7168,64,2048,0,router_topk,eager,cuda_event_per_iter,ok,,50,10,1,86.016,86.5478,84.704,89.7536,94.8294,2.14471,1.008,0.0247806,,0,93006,23954886656,24106762240,,,64,layer_moe|B8|N8192
layer-full,decoder_layer,layer_moe,deepseek_v32_layer,78b69000794d0937b47ae3387eff7663410264d1|ba89a3466e9470ad08ab39738d4e7bb66989e1e7,bf16_weights_fp8_kv,8,8192,7168,64,2048,0,mlp_experts,eager,cuda_event_per_iter,ok,,50,10,1,5568.16,5568.06,5554.98,5575.14,5582.71,5.64426,6.85596,0.00101369,,0,1436.74,23955218944,24106762240,,,64,layer_moe|B8|N8192
layer-full,decoder_layer,layer_moe,deepseek_v32_layer,78b69000794d0937b47ae3387eff7663410264d1|ba89a3466e9470ad08ab39738d4e7bb66989e1e7,bf16_weights_fp8_kv,8,8192,7168,64,2048,0,layer_total,eager,cuda_event_per_iter,ok,,50,10,1,6293.28,6300.97,6272.48,6307.37,6535.74,66.0216,12.9437,0.010478,,0,1271.2,23973188608,24106762240,39641.2,,64,layer_moe|B8|N8192
layer-full,decoder_layer,layer_moe,deepseek_v32_layer,78b69000794d0937b47ae3387eff7663410264d1|ba89a3466e9470ad08ab39738d4e7bb66989e1e7,bf16_weights_fp8_kv,8,8192,7168,64,2048,0,input_norm,cudagraph,cuda_event_grouped_6,ok,,50,10,6,8.43733,8.44885,8.4,8.51733,8.63963,0.0565799,0.0533331,0.00669676,,0,948167,23954867712,24089985024,,,64,layer_moe|B8|N8192
layer-full,decoder_layer,layer_moe,deepseek_v32_layer,78b69000794d0937b47ae3387eff7663410264d1|ba89a3466e9470ad08ab39738d4e7bb66989e1e7,bf16_weights_fp8_kv,8,8192,7168,64,2048,0,q_down,cudagraph,cuda_event_grouped_4,ok,,50,10,4,13.536,13.5619,13.488,13.6888,13.8383,0.0836951,0.0739996,0.00617133,,0,591017,23954867712,24092082176,,,64,layer_moe|B8|N8192
layer-full,decoder_layer,layer_moe,deepseek_v32_layer,78b69000794d0937b47ae3387eff7663410264d1|ba89a3466e9470ad08ab39738d4e7bb66989e1e7,bf16_weights_fp8_kv,8,8192,7168,64,2048,0,q_up,cudagraph,cuda_event_grouped_2,ok,,50,10,2,45.808,45.8586,45.536,46.2112,46.4763,0.215012,0.263998,0.00468858,,0,174642,23988422144,24127733760,,,64,layer_moe|B8|N8192
layer-full,decoder_layer,layer_moe,deepseek_v32_layer,78b69000794d0937b47ae3387eff7663410264d1|ba89a3466e9470ad08ab39738d4e7bb66989e1e7,bf16_weights_fp8_kv,8,8192,7168,64,2048,0,q_absorb,cudagraph,cuda_event_grouped_2,ok,,50,10,2,28.312,28.3821,28.128,28.7736,29.0507,0.219086,0.284,0.00771918,,0,282566,24021976576,24203231232,,,64,layer_moe|B8|N8192
layer-full,decoder_layer,layer_moe,deepseek_v32_layer,78b69000794d0937b47ae3387eff7663410264d1|ba89a3466e9470ad08ab39738d4e7bb66989e1e7,bf16_weights_fp8_kv,8,8192,7168,64,2048,0,kv_down,cudagraph,cuda_event_grouped_2,ok,,50,10,2,26.256,26.3056,26.16,26.6008,26.8842,0.161858,0.0440003,0.006153,,0,304692,24055531008,24220008448,,,64,layer_moe|B8|N8192
layer-full,decoder_layer,layer_moe,deepseek_v32_layer,78b69000794d0937b47ae3387eff7663410264d1|ba89a3466e9470ad08ab39738d4e7bb66989e1e7,bf16_weights_fp8_kv,8,8192,7168,64,2048,0,indexer_proj,cudagraph,cuda_event_grouped_2,ok,,50,10,2,37.712,37.7706,37.616,38.1224,38.3963,0.173251,0.0640005,0.00458692,,0,212134,24089085440,24253562880,,,64,layer_moe|B8|N8192
layer-full,decoder_layer,layer_moe,deepseek_v32_layer,78b69000794d0937b47ae3387eff7663410264d1|ba89a3466e9470ad08ab39738d4e7bb66989e1e7,bf16_weights_fp8_kv,8,8192,7168,64,2048,0,kv_append,cudagraph,cuda_event_per_iter,ok,,50,10,1,57.472,57.5923,57.408,58.304,58.889,0.358533,0.0559976,0.00622536,,0,139198,24089085440,24253562880,,,64,layer_moe|B8|N8192
layer-full,decoder_layer,layer_moe,deepseek_v32_layer,78b69000794d0937b47ae3387eff7663410264d1|ba89a3466e9470ad08ab39738d4e7bb66989e1e7,bf16_weights_fp8_kv,8,8192,7168,64,2048,0,indexer_score,cudagraph,cuda_event_grouped_6,ok,,50,10,6,9.696,9.70005,9.6,9.80853,9.90288,0.0633579,0.0573338,0.00653171,,0,825083,24089085440,24255660032,,,64,layer_moe|B8|N8192
layer-full,decoder_layer,layer_moe,deepseek_v32_layer,78b69000794d0937b47ae3387eff7663410264d1|ba89a3466e9470ad08ab39738d4e7bb66989e1e7,bf16_weights_fp8_kv,8,8192,7168,64,2048,0,indexer_select,cudagraph,cuda_event_per_iter,ok,,50,10,1,57.248,57.2768,56.896,58.1152,58.584,0.359562,0.192001,0.00627763,,0,139743,24089085440,24255660032,,,64,layer_moe|B8|N8192
layer-full,decoder_layer,layer_moe,deepseek_v32_layer,78b69000794d0937b47ae3387eff7663410264d1|ba89a3466e9470ad08ab39738d4e7bb66989e1e7,bf16_weights_fp8_kv,8,8192,7168,64,2048,0,index_map,cudagraph,cuda_event_grouped_14,ok,,50,10,14,3.09943,3.11566,3.03771,3.24606,3.41365,0.0760154,0.0342857,0.0243979,,0,2.58112e+06,24089085440,24255660032,,,64,layer_moe|B8|N8192
layer-full,decoder_layer,layer_moe,deepseek_v32_layer,78b69000794d0937b47ae3387eff7663410264d1|ba89a3466e9470ad08ab39738d4e7bb66989e1e7,bf16_weights_fp8_kv,8,8192,7168,64,2048,0,sparse_mla,cudagraph,cuda_event_grouped_2,ok,,50,10,2,30.664,30.7248,30.496,31.1832,31.6613,0.250685,0.151999,0.00815904,,0,260892,24089085440,24274534400,,,64,layer_moe|B8|N8192
layer-full,decoder_layer,layer_moe,deepseek_v32_layer,78b69000794d0937b47ae3387eff7663410264d1|ba89a3466e9470ad08ab39738d4e7bb66989e1e7,bf16_weights_fp8_kv,8,8192,7168,64,2048,0,o_absorb,cudagraph,cuda_event_grouped_7,ok,,50,10,7,7.46971,7.47447,7.37371,7.5696,7.60014,0.0524238,0.072,0.00701372,,0,1.07099e+06,24089085440,24276631552,,,64,layer_moe|B8|N8192
layer-full,decoder_layer,layer_moe,deepseek_v32_layer,78b69000794d0937b47ae3387eff7663410264d1|ba89a3466e9470ad08ab39738d4e7bb66989e1e7,bf16_weights_fp8_kv,8,8192,7168,64,2048,0,o_proj,cudagraph,cuda_event_per_iter,ok,,50,10,1,141.6,141.652,140.448,142.747,143.108,0.596563,0.815999,0.00421147,,0,56497.2,24089085440,24255660032,,,64,layer_moe|B8|N8192
layer-full,decoder_layer,layer_moe,deepseek_v32_layer,78b69000794d0937b47ae3387eff7663410264d1|ba89a3466e9470ad08ab39738d4e7bb66989e1e7,bf16_weights_fp8_kv,8,8192,7168,64,2048,0,post_norm,cudagraph,cuda_event_grouped_5,ok,,50,10,5,10.9856,11.0016,10.944,11.0976,11.1923,0.0597862,0.0671998,0.00543432,,0,728226,24089085440,24257757184,,,64,layer_moe|B8|N8192
layer-full,decoder_layer,layer_moe,deepseek_v32_layer,78b69000794d0937b47ae3387eff7663410264d1|ba89a3466e9470ad08ab39738d4e7bb66989e1e7,bf16_weights_fp8_kv,8,8192,7168,64,2048,0,router_score,cudagraph,cuda_event_grouped_3,ok,,50,10,3,23.9147,23.9554,23.8507,24.1243,24.3391,0.10466,0.0640005,0.00436894,,0,334523,24089085440,24259854336,,,64,layer_moe|B8|N8192
layer-full,decoder_layer,layer_moe,deepseek_v32_layer,78b69000794d0937b47ae3387eff7663410264d1|ba89a3466e9470ad08ab39738d4e7bb66989e1e7,bf16_weights_fp8_kv,8,8192,7168,64,2048,0,router_topk,cudagraph,cuda_event_per_iter,ok,,50,10,1,54.208,54.3418,54.08,55.0896,55.6746,0.380813,0.0320002,0.00700775,,0,147580,24089085440,24261951488,,,64,layer_moe|B8|N8192
layer-full,decoder_layer,layer_moe,deepseek_v32_layer,78b69000794d0937b47ae3387eff7663410264d1|ba89a3466e9470ad08ab39738d4e7bb66989e1e7,bf16_weights_fp8_kv,8,8192,7168,64,2048,0,mlp_experts,cudagraph,cuda_event_per_iter,ok,,50,10,1,4881.63,4881.7,4877.28,4884.99,4885.78,2.20044,2.75171,0.000450752,,0,1638.8,24089085440,24261951488,,,64,layer_moe|B8|N8192
layer-full,decoder_layer,layer_moe,deepseek_v32_layer,78b69000794d0937b47ae3387eff7663410264d1|ba89a3466e9470ad08ab39738d4e7bb66989e1e7,bf16_weights_fp8_kv,8,8192,7168,64,2048,0,layer_total,cudagraph,cuda_event_per_iter,ok,,50,10,1,5500,5499.97,5494.91,5503.39,5504.2,2.18537,2.89595,0.000397343,,0,1454.55,24089085440,24270340096,39641.2,,64,layer_moe|B8|N8192
layer-full,decoder_layer,layer_moe,deepseek_v32_layer,78b69000794d0937b47ae3387eff7663410264d1|ba89a3466e9470ad08ab39738d4e7bb66989e1e7,bf16_weights_fp8_kv,8,32768,7168,64,2048,0,input_norm,eager,cuda_event_grouped_6,ok,,50,10,6,8.49333,8.512,8.37333,8.5712,9.01893,0.14123,0.0746666,0.0165919,,0,941915,24271194112,24482152448,,,64,layer_moe|B8|N32768
layer-full,decoder_layer,layer_moe,deepseek_v32_layer,78b69000794d0937b47ae3387eff7663410264d1|ba89a3466e9470ad08ab39738d4e7bb66989e1e7,bf16_weights_fp8_kv,8,32768,7168,64,2048,0,q_down,eager,cuda_event_grouped_3,ok,,50,10,3,18.9067,19.053,18.4747,19.9136,21.7099,0.663602,0.160001,0.0348293,,0,423131,24271128576,24482152448,,,64,layer_moe|B8|N32768
layer-full,decoder_layer,layer_moe,deepseek_v32_layer,78b69000794d0937b47ae3387eff7663410264d1|ba89a3466e9470ad08ab39738d4e7bb66989e1e7,bf16_weights_fp8_kv,8,32768,7168,64,2048,0,q_up,eager,cuda_event_grouped_2,ok,,50,10,2,45.776,45.864,45.504,46.0408,47.9656,0.590469,0.251998,0.0128743,,0,174764,24271472128,24482152448,,,64,layer_moe|B8|N32768
layer-full,decoder_layer,layer_moe,deepseek_v32_layer,78b69000794d0937b47ae3387eff7663410264d1|ba89a3466e9470ad08ab39738d4e7bb66989e1e7,bf16_weights_fp8_kv,8,32768,7168,64,2048,0,q_absorb,eager,cuda_event_per_iter,ok,,50,10,1,60.352,60.8659,59.2,63.1072,69.0701,2.17703,0.816002,0.0357677,,0,132556,24273438208,24482152448,,,64,layer_moe|B8|N32768
layer-full,decoder_layer,layer_moe,deepseek_v32_layer,78b69000794d0937b47ae3387eff7663410264d1|ba89a3466e9470ad08ab39738d4e7bb66989e1e7,bf16_weights_fp8_kv,8,32768,7168,64,2048,0,kv_down,eager,cuda_event_per_iter,ok,,50,10,1,74.272,74.8,73.504,77.12,81.6406,1.6798,1,0.0224573,,0,107712,24270524928,24482152448,,,64,layer_moe|B8|N32768
layer-full,decoder_layer,layer_moe,deepseek_v32_layer,78b69000794d0937b47ae3387eff7663410264d1|ba89a3466e9470ad08ab39738d4e7bb66989e1e7,bf16_weights_fp8_kv,8,32768,7168,64,2048,0,indexer_proj,eager,cuda_event_per_iter,ok,,50,10,1,64.912,65.4144,63.968,67.8176,73.9037,1.93355,0.799999,0.0295584,,0,123244,24270861824,24482152448,,,64,layer_moe|B8|N32768
layer-full,decoder_layer,layer_moe,deepseek_v32_layer,78b69000794d0937b47ae3387eff7663410264d1|ba89a3466e9470ad08ab39738d4e7bb66989e1e7,bf16_weights_fp8_kv,8,32768,7168,64,2048,0,kv_append,eager,cuda_event_per_iter,ok,,50,10,1,154.128,154.923,151.648,161.739,164.023,2.91285,2.784,0.018802,,0,51904.9,24270531584,24482152448,,,64,layer_moe|B8|N32768
layer-full,decoder_layer,layer_moe,deepseek_v32_layer,78b69000794d0937b47ae3387eff7663410264d1|ba89a3466e9470ad08ab39738d4e7bb66989e1e7,bf16_weights_fp8_kv,8,32768,7168,64,2048,0,indexer_score,eager,cuda_event_grouped_3,ok,,50,10,3,16.736,16.7919,16.2667,17.2107,18.955,0.552845,0.237334,0.0329233,,0,478011,24272259584,24482152448,,,64,layer_moe|B8|N32768
layer-full,decoder_layer,layer_moe,deepseek_v32_layer,78b69000794d0937b47ae3387eff7663410264d1|ba89a3466e9470ad08ab39738d4e7bb66989e1e7,bf16_weights_fp8_kv,8,32768,7168,64,2048,0,indexer_select,eager,cuda_event_per_iter,ok,,50,10,1,76.272,76.5107,75.424,77.4752,82.3987,1.59301,0.576004,0.0208207,,0,104888,24271886848,24482152448,,,64,layer_moe|B8|N32768
layer-full,decoder_layer,layer_moe,deepseek_v32_layer,78b69000794d0937b47ae3387eff7663410264d1|ba89a3466e9470ad08ab39738d4e7bb66989e1e7,bf16_weights_fp8_kv,8,32768,7168,64,2048,0,index_map,eager,cuda_event_grouped_2,ok,,50,10,2,26.928,27.0986,24.8,29.2088,31.184,1.27579,1.464,0.0470795,,0,297089,24270562816,24482152448,,,64,layer_moe|B8|N32768
layer-full,decoder_layer,layer_moe,deepseek_v32_layer,78b69000794d0937b47ae3387eff7663410264d1|ba89a3466e9470ad08ab39738d4e7bb66989e1e7,bf16_weights_fp8_kv,8,32768,7168,64,2048,0,sparse_mla,eager,cuda_event_grouped_2,ok,,50,10,2,31.184,31.2883,30.864,31.52,33.6616,0.630088,0.196,0.0201381,,0,256542,24288622592,24482152448,,,64,layer_moe|B8|N32768
layer-full,decoder_layer,layer_moe,deepseek_v32_layer,78b69000794d0937b47ae3387eff7663410264d1|ba89a3466e9470ad08ab39738d4e7bb66989e1e7,bf16_weights_fp8_kv,8,32768,7168,64,2048,0,o_absorb,eager,cuda_event_grouped_4,ok,,50,10,4,12.564,12.6755,12.4,13.3332,14.0846,0.360245,0.158,0.0284206,,0,636740,24271021568,24482152448,,,64,layer_moe|B8|N32768
layer-full,decoder_layer,layer_moe,deepseek_v32_layer,78b69000794d0937b47ae3387eff7663410264d1|ba89a3466e9470ad08ab39738d4e7bb66989e1e7,bf16_weights_fp8_kv,8,32768,7168,64,2048,0,o_proj,eager,cuda_event_per_iter,ok,,50,10,1,143.584,143.923,142.464,145.354,149.779,1.62549,1.056,0.0112941,,0,55716.5,24271136256,24482152448,,,64,layer_moe|B8|N32768
layer-full,decoder_layer,layer_moe,deepseek_v32_layer,78b69000794d0937b47ae3387eff7663410264d1|ba89a3466e9470ad08ab39738d4e7bb66989e1e7,bf16_weights_fp8_kv,8,32768,7168,64,2048,0,post_norm,eager,cuda_event_grouped_4,ok,,50,10,4,11.728,11.776,11.584,11.9464,12.8557,0.28623,0.143999,0.0243063,,0,682128,24270989312,24482152448,,,64,layer_moe|B8|N32768
layer-full,decoder_layer,layer_moe,deepseek_v32_layer,78b69000794d0937b47ae3387eff7663410264d1|ba89a3466e9470ad08ab39738d4e7bb66989e1e7,bf16_weights_fp8_kv,8,32768,7168,64,2048,0,router_score,eager,cuda_event_grouped_2,ok,,50,10,2,26.568,26.6432,26.272,26.8088,28.512,0.50857,0.127999,0.0190882,,0,301114,24270996992,24482152448,,,64,layer_moe|B8|N32768
layer-full,decoder_layer,layer_moe,deepseek_v32_layer,78b69000794d0937b47ae3387eff7663410264d1|ba89a3466e9470ad08ab39738d4e7bb66989e1e7,bf16_weights_fp8_kv,8,32768,7168,64,2048,0,router_topk,eager,cuda_event_per_iter,ok,,50,10,1,85.984,86.5632,84.672,89.0272,96.6003,2.28798,0.839999,0.0264314,,0,93040.6,24270779392,24482152448,,,64,layer_moe|B8|N32768
layer-full,decoder_layer,layer_moe,deepseek_v32_layer,78b69000794d0937b47ae3387eff7663410264d1|ba89a3466e9470ad08ab39738d4e7bb66989e1e7,bf16_weights_fp8_kv,8,32768,7168,64,2048,0,mlp_experts,eager,cuda_event_per_iter,ok,,50,10,1,5574.94,5574.74,5562.24,5584.99,5586.71,6.79658,10.8402,0.00121917,,0,1434.99,24271111680,24482152448,,,64,layer_moe|B8|N32768
layer-full,decoder_layer,layer_moe,deepseek_v32_layer,78b69000794d0937b47ae3387eff7663410264d1|ba89a3466e9470ad08ab39738d4e7bb66989e1e7,bf16_weights_fp8_kv,8,32768,7168,64,2048,0,layer_total,eager,cuda_event_per_iter,ok,,50,10,1,6331.18,6340.75,6316.83,6346.81,6591.78,70.164,8.51965,0.0110656,,0,1263.59,24289662976,24482152448,40046.2,,64,layer_moe|B8|N32768
layer-full,decoder_layer,layer_moe,deepseek_v32_layer,78b69000794d0937b47ae3387eff7663410264d1|ba89a3466e9470ad08ab39738d4e7bb66989e1e7,bf16_weights_fp8_kv,8,32768,7168,64,2048,0,input_norm,cudagraph,cuda_event_grouped_6,ok,,50,10,6,8.23467,8.25877,8.20267,8.32827,8.45797,0.0578871,0.0519998,0.00700917,,0,971503,24271342080,24412946432,,,64,layer_moe|B8|N32768
layer-full,decoder_layer,layer_moe,deepseek_v32_layer,78b69000794d0937b47ae3387eff7663410264d1|ba89a3466e9470ad08ab39738d4e7bb66989e1e7,bf16_weights_fp8_kv,8,32768,7168,64,2048,0,q_down,cudagraph,cuda_event_grouped_4,ok,,50,10,4,13.748,13.7654,13.648,13.8924,14.0587,0.0902704,0.0879997,0.00655775,,0,581903,24271342080,24415043584,,,64,layer_moe|B8|N32768
layer-full,decoder_layer,layer_moe,deepseek_v32_layer,78b69000794d0937b47ae3387eff7663410264d1|ba89a3466e9470ad08ab39738d4e7bb66989e1e7,bf16_weights_fp8_kv,8,32768,7168,64,2048,0,q_up,cudagraph,cuda_event_grouped_2,ok,,50,10,2,45.856,45.8752,45.632,46.2272,46.4408,0.1789,0.208002,0.00389971,,0,174459,24304896512,24450695168,,,64,layer_moe|B8|N32768
layer-full,decoder_layer,layer_moe,deepseek_v32_layer,78b69000794d0937b47ae3387eff7663410264d1|ba89a3466e9470ad08ab39738d4e7bb66989e1e7,bf16_weights_fp8_kv,8,32768,7168,64,2048,0,q_absorb,cudagraph,cuda_event_grouped_2,ok,,50,10,2,28.112,28.167,27.92,28.5592,28.9827,0.235399,0.236,0.00835724,,0,284576,24304314880,24492638208,,,64,layer_moe|B8|N32768
layer-full,decoder_layer,layer_moe,deepseek_v32_layer,78b69000794d0937b47ae3387eff7663410264d1|ba89a3466e9470ad08ab39738d4e7bb66989e1e7,bf16_weights_fp8_kv,8,32768,7168,64,2048,0,kv_down,cudagraph,cuda_event_grouped_2,ok,,50,10,2,26.144,26.2022,26.032,26.4832,26.8786,0.191503,0.132001,0.00730866,,0,305998,24304314880,24475860992,,,64,layer_moe|B8|N32768
layer-full,decoder_layer,layer_moe,deepseek_v32_layer,78b69000794d0937b47ae3387eff7663410264d1|ba89a3466e9470ad08ab39738d4e7bb66989e1e7,bf16_weights_fp8_kv,8,32768,7168,64,2048,0,indexer_proj,cudagraph,cuda_event_grouped_2,ok,,50,10,2,38.4,38.4454,38.304,38.7408,39.0834,0.172518,0.0799969,0.00448734,,0,208333,24337869312,24509415424,,,64,layer_moe|B8|N32768
layer-full,decoder_layer,layer_moe,deepseek_v32_layer,78b69000794d0937b47ae3387eff7663410264d1|ba89a3466e9470ad08ab39738d4e7bb66989e1e7,bf16_weights_fp8_kv,8,32768,7168,64,2048,0,kv_append,cudagraph,cuda_event_per_iter,ok,,50,10,1,57.568,57.657,57.44,58.2256,59.007,0.353291,0.0960007,0.00612747,,0,138966,24337869312,24509415424,,,64,layer_moe|B8|N32768
layer-full,decoder_layer,layer_moe,deepseek_v32_layer,78b69000794d0937b47ae3387eff7663410264d1|ba89a3466e9470ad08ab39738d4e7bb66989e1e7,bf16_weights_fp8_kv,8,32768,7168,64,2048,0,indexer_score,cudagraph,cuda_event_grouped_4,ok,,50,10,4,14.488,14.5051,14.344,14.6416,15.0159,0.137162,0.128,0.00945611,,0,552181,24337869312,24532484096,,,64,layer_moe|B8|N32768
layer-full,decoder_layer,layer_moe,deepseek_v32_layer,78b69000794d0937b47ae3387eff7663410264d1|ba89a3466e9470ad08ab39738d4e7bb66989e1e7,bf16_weights_fp8_kv,8,32768,7168,64,2048,0,indexer_select,cudagraph,cuda_event_per_iter,ok,,50,10,1,57.184,57.3242,56.928,58.0192,58.9693,0.423142,0.192001,0.00738157,,0,139899,24337869312,24532484096,,,64,layer_moe|B8|N32768
layer-full,decoder_layer,layer_moe,deepseek_v32_layer,78b69000794d0937b47ae3387eff7663410264d1|ba89a3466e9470ad08ab39738d4e7bb66989e1e7,bf16_weights_fp8_kv,8,32768,7168,64,2048,0,index_map,cudagraph,cuda_event_grouped_14,ok,,50,10,14,3.13714,3.14395,3.09486,3.22674,3.33415,0.0467663,0.0245713,0.014875,,0,2.55009e+06,24337869312,24511512576,,,64,layer_moe|B8|N32768
layer-full,decoder_layer,layer_moe,deepseek_v32_layer,78b69000794d0937b47ae3387eff7663410264d1|ba89a3466e9470ad08ab39738d4e7bb66989e1e7,bf16_weights_fp8_kv,8,32768,7168,64,2048,0,sparse_mla,cudagraph,cuda_event_grouped_2,ok,,50,10,2,31.52,31.5923,31.328,31.9536,32.557,0.262275,0.223998,0.00830185,,0,253807,24337869312,24530386944,,,64,layer_moe|B8|N32768
layer-full,decoder_layer,layer_moe,deepseek_v32_layer,78b69000794d0937b47ae3387eff7663410264d1|ba89a3466e9470ad08ab39738d4e7bb66989e1e7,bf16_weights_fp8_kv,8,32768,7168,64,2048,0,o_absorb,cudagraph,cuda_event_grouped_7,ok,,50,10,7,7.54514,7.55237,7.46514,7.63429,7.70647,0.0528362,0.0411432,0.00699598,,0,1.06028e+06,24337869312,24532484096,,,64,layer_moe|B8|N32768
layer-full,decoder_layer,layer_moe,deepseek_v32_layer,78b69000794d0937b47ae3387eff7663410264d1|ba89a3466e9470ad08ab39738d4e7bb66989e1e7,bf16_weights_fp8_kv,8,32768,7168,64,2048,0,o_proj,cudagraph,cuda_event_per_iter,ok,,50,10,1,141.728,141.762,140.8,142.659,142.912,0.541726,0.695992,0.00382138,,0,56446.2,24337869312,24513609728,,,64,layer_moe|B8|N32768
layer-full,decoder_layer,layer_moe,deepseek_v32_layer,78b69000794d0937b47ae3387eff7663410264d1|ba89a3466e9470ad08ab39738d4e7bb66989e1e7,bf16_weights_fp8_kv,8,32768,7168,64,2048,0,post_norm,cudagraph,cuda_event_grouped_5,ok,,50,10,5,11.1168,11.1205,10.9888,11.2192,11.3203,0.069137,0.0639997,0.00621707,,0,719632,24337869312,24515706880,,,64,layer_moe|B8|N32768
layer-full,decoder_layer,layer_moe,deepseek_v32_layer,78b69000794d0937b47ae3387eff7663410264d1|ba89a3466e9470ad08ab39738d4e7bb66989e1e7,bf16_weights_fp8_kv,8,32768,7168,64,2048,0,router_score,cudagraph,cuda_event_grouped_3,ok,,50,10,3,23.9147,23.9123,23.68,24.1349,24.2684,0.130324,0.104001,0.00545009,,0,334523,24337869312,24517804032,,,64,layer_moe|B8|N32768
layer-full,decoder_layer,layer_moe,deepseek_v32_layer,78b69000794d0937b47ae3387eff7663410264d1|ba89a3466e9470ad08ab39738d4e7bb66989e1e7,bf16_weights_fp8_kv,8,32768,7168,64,2048,0,router_topk,cudagraph,cuda_event_per_iter,ok,,50,10,1,53.728,53.8381,53.568,54.56,55.2109,0.368002,0.0640005,0.00683535,,0,148898,24337869312,24519901184,,,64,layer_moe|B8|N32768
layer-full,decoder_layer,layer_moe,deepseek_v32_layer,78b69000794d0937b47ae3387eff7663410264d1|ba89a3466e9470ad08ab39738d4e7bb66989e1e7,bf16_weights_fp8_kv,8,32768,7168,64,2048,0,mlp_experts,cudagraph,cuda_event_per_iter,ok,,50,10,1,4893.9,4893.69,4888.06,4898.02,4900.22,2.76687,3.87979,0.000565395,,0,1634.69,24337869312,24519901184,,,64,layer_moe|B8|N32768
layer-full,decoder_layer,layer_moe,deepseek_v32_layer,78b69000794d0937b47ae3387eff7663410264d1|ba89a3466e9470ad08ab39738d4e7bb66989e1e7,bf16_weights_fp8_kv,8,32768,7168,64,2048,0,layer_total,cudagraph,cuda_event_per_iter,ok,,50,10,1,5516.43,5515.99,5509.89,5519.76,5521.37,2.63825,3.80826,0.000478292,,0,1450.21,24337869312,24528289792,40046.2,,64,layer_moe|B8|N32768
layer-full,decoder_layer,layer_moe,deepseek_v32_layer,78b69000794d0937b47ae3387eff7663410264d1|ba89a3466e9470ad08ab39738d4e7bb66989e1e7,bf16_weights_fp8_kv,8,131072,7168,64,2048,0,input_norm,eager,cuda_event_grouped_6,ok,,50,10,6,8.496,8.5232,8.37867,8.58667,8.97813,0.126903,0.0599998,0.0148892,,0,941620,25063804928,25811746816,,,64,layer_moe|B8|N131072
layer-full,decoder_layer,layer_moe,deepseek_v32_layer,78b69000794d0937b47ae3387eff7663410264d1|ba89a3466e9470ad08ab39738d4e7bb66989e1e7,bf16_weights_fp8_kv,8,131072,7168,64,2048,0,q_down,eager,cuda_event_grouped_3,ok,,50,10,3,19.0827,19.1913,18.752,19.8683,21.1523,0.483846,0.178666,0.0252118,,0,419229,25063739392,25811746816,,,64,layer_moe|B8|N131072
layer-full,decoder_layer,layer_moe,deepseek_v32_layer,78b69000794d0937b47ae3387eff7663410264d1|ba89a3466e9470ad08ab39738d4e7bb66989e1e7,bf16_weights_fp8_kv,8,131072,7168,64,2048,0,q_up,eager,cuda_event_grouped_2,ok,,50,10,2,46.336,46.4374,45.92,46.876,48.42,0.563322,0.464,0.0121308,,0,172652,25064082944,25811746816,,,64,layer_moe|B8|N131072
layer-full,decoder_layer,layer_moe,deepseek_v32_layer,78b69000794d0937b47ae3387eff7663410264d1|ba89a3466e9470ad08ab39738d4e7bb66989e1e7,bf16_weights_fp8_kv,8,131072,7168,64,2048,0,q_absorb,eager,cuda_event_per_iter,ok,,50,10,1,60.576,60.9254,59.712,62.1936,69.2602,1.95211,0.632001,0.032041,,0,132066,25065467392,25811746816,,,64,layer_moe|B8|N131072
layer-full,decoder_layer,layer_moe,deepseek_v32_layer,78b69000794d0937b47ae3387eff7663410264d1|ba89a3466e9470ad08ab39738d4e7bb66989e1e7,bf16_weights_fp8_kv,8,131072,7168,64,2048,0,kv_down,eager,cuda_event_per_iter,ok,,50,10,1,73.888,74.4915,72.64,77.4,82.5514,1.9701,0.375995,0.0264473,,0,108272,25063135744,25811746816,,,64,layer_moe|B8|N131072
layer-full,decoder_layer,layer_moe,deepseek_v32_layer,78b69000794d0937b47ae3387eff7663410264d1|ba89a3466e9470ad08ab39738d4e7bb66989e1e7,bf16_weights_fp8_kv,8,131072,7168,64,2048,0,indexer_proj,eager,cuda_event_per_iter,ok,,50,10,1,65.008,65.497,64.064,68.5616,73.3635,1.9811,0.879999,0.0302473,,0,123062,25063472640,25811746816,,,64,layer_moe|B8|N131072
layer-full,decoder_layer,layer_moe,deepseek_v32_layer,78b69000794d0937b47ae3387eff7663410264d1|ba89a3466e9470ad08ab39738d4e7bb66989e1e7,bf16_weights_fp8_kv,8,131072,7168,64,2048,0,kv_append,eager,cuda_event_per_iter,ok,,50,10,1,154.512,155.867,153.408,160.688,166.282,2.94309,2.21601,0.0188821,,0,51775.9,25063142400,25811746816,,,64,layer_moe|B8|N131072
layer-full,decoder_layer,layer_moe,deepseek_v32_layer,78b69000794d0937b47ae3387eff7663410264d1|ba89a3466e9470ad08ab39738d4e7bb66989e1e7,bf16_weights_fp8_kv,8,131072,7168,64,2048,0,indexer_score,eager,cuda_event_per_iter,ok,,50,10,1,90.016,90.153,87.744,90.8864,95.8688,1.4394,0.648005,0.0159662,,0,88873.1,25067311616,25811746816,,,64,layer_moe|B8|N131072
layer-full,decoder_layer,layer_moe,deepseek_v32_layer,78b69000794d0937b47ae3387eff7663410264d1|ba89a3466e9470ad08ab39738d4e7bb66989e1e7,bf16_weights_fp8_kv,8,131072,7168,64,2048,0,indexer_select,eager,cuda_event_per_iter,ok,,50,10,1,100.736,100.927,98.784,101.952,106.243,1.5102,0.784006,0.0149632,,0,79415.5,25067868672,25811746816,,,64,layer_moe|B8|N131072
layer-full,decoder_layer,layer_moe,deepseek_v32_layer,78b69000794d0937b47ae3387eff7663410264d1|ba89a3466e9470ad08ab39738d4e7bb66989e1e7,bf16_weights_fp8_kv,8,131072,7168,64,2048,0,index_map,eager,cuda_event_grouped_2,ok,,50,10,2,26.92,26.9363,24.624,28.3632,30.592,1.10938,1,0.0411851,,0,297177,25063173632,25811746816,,,64,layer_moe|B8|N131072
layer-full,decoder_layer,layer_moe,deepseek_v32_layer,78b69000794d0937b47ae3387eff7663410264d1|ba89a3466e9470ad08ab39738d4e7bb66989e1e7,bf16_weights_fp8_kv,8,131072,7168,64,2048,0,sparse_mla,eager,cuda_event_grouped_2,ok,,50,10,2,31.024,31.1107,30.656,31.2848,33.7109,0.667233,0.124,0.0214471,,0,257865,25081233408,25811746816,,,64,layer_moe|B8|N131072
layer-full,decoder_layer,layer_moe,deepseek_v32_layer,78b69000794d0937b47ae3387eff7663410264d1|ba89a3466e9470ad08ab39738d4e7bb66989e1e7,bf16_weights_fp8_kv,8,131072,7168,64,2048,0,o_absorb,eager,cuda_event_grouped_4,ok,,50,10,4,12.656,12.7374,12.504,13.3228,13.6473,0.252474,0.148,0.0198214,,0,632111,25063632384,25811746816,,,64,layer_moe|B8|N131072
layer-full,decoder_layer,layer_moe,deepseek_v32_layer,78b69000794d0937b47ae3387eff7663410264d1|ba89a3466e9470ad08ab39738d4e7bb66989e1e7,bf16_weights_fp8_kv,8,131072,7168,64,2048,0,o_proj,eager,cuda_event_per_iter,ok,,50,10,1,143.424,143.679,142.208,144.882,149.201,1.52224,1.00001,0.0105947,,0,55778.7,25063747072,25811746816,,,64,layer_moe|B8|N131072
layer-full,decoder_layer,layer_moe,deepseek_v32_layer,78b69000794d0937b47ae3387eff7663410264d1|ba89a3466e9470ad08ab39738d4e7bb66989e1e7,bf16_weights_fp8_kv,8,131072,7168,64,2048,0,post_norm,eager,cuda_event_grouped_4,ok,,50,10,4,11.656,11.7475,11.544,12.0236,13.3884,0.354791,0.108,0.0302014,,0,686342,25063600128,25811746816,,,64,layer_moe|B8|N131072
layer-full,decoder_layer,layer_moe,deepseek_v32_layer,78b69000794d0937b47ae3387eff7663410264d1|ba89a3466e9470ad08ab39738d4e7bb66989e1e7,bf16_weights_fp8_kv,8,131072,7168,64,2048,0,router_score,eager,cuda_event_grouped_2,ok,,50,10,2,26.416,26.5027,26.16,26.624,28.3533,0.513081,0.108001,0.0193596,,0,302847,25063607808,25811746816,,,64,layer_moe|B8|N131072
layer-full,decoder_layer,layer_moe,deepseek_v32_layer,78b69000794d0937b47ae3387eff7663410264d1|ba89a3466e9470ad08ab39738d4e7bb66989e1e7,bf16_weights_fp8_kv,8,131072,7168,64,2048,0,router_topk,eager,cuda_event_per_iter,ok,,50,10,1,86.336,87.1226,85.056,91.3312,100.257,2.97845,0.887999,0.0341869,,0,92661.2,25063390208,25811746816,,,64,layer_moe|B8|N131072
layer-full,decoder_layer,layer_moe,deepseek_v32_layer,78b69000794d0937b47ae3387eff7663410264d1|ba89a3466e9470ad08ab39738d4e7bb66989e1e7,bf16_weights_fp8_kv,8,131072,7168,64,2048,0,mlp_experts,eager,cuda_event_per_iter,ok,,50,10,1,5567.7,5566.95,5551.52,5575.75,5583.22,6.72938,8.2078,0.00120881,,0,1436.86,25063722496,25811746816,,,64,layer_moe|B8|N131072
layer-full,decoder_layer,layer_moe,deepseek_v32_layer,78b69000794d0937b47ae3387eff7663410264d1|ba89a3466e9470ad08ab39738d4e7bb66989e1e7,bf16_weights_fp8_kv,8,131072,7168,64,2048,0,layer_total,eager,cuda_event_per_iter,ok,,50,10,1,6410.02,6415.74,6384.8,6423.47,6608.12,54.1574,13.28,0.00844134,,0,1248.05,25081692160,25811746816,57599,,64,layer_moe|B8|N131072
layer-full,decoder_layer,layer_moe,deepseek_v32_layer,78b69000794d0937b47ae3387eff7663410264d1|ba89a3466e9470ad08ab39738d4e7bb66989e1e7,bf16_weights_fp8_kv,8,131072,7168,64,2048,0,input_norm,cudagraph,cuda_event_grouped_6,ok,,50,10,6,8.48267,8.50933,8.41067,8.608,8.67003,0.0549761,0.0733333,0.00646068,,0,943100,25063371264,25612517376,,,64,layer_moe|B8|N131072
layer-full,decoder_layer,layer_moe,deepseek_v32_layer,78b69000794d0937b47ae3387eff7663410264d1|ba89a3466e9470ad08ab39738d4e7bb66989e1e7,bf16_weights_fp8_kv,8,131072,7168,64,2048,0,q_down,cudagraph,cuda_event_grouped_4,ok,,50,10,4,13.82,13.8496,13.768,13.9908,14.2057,0.0957821,0.11,0.00691588,,0,578871,25063371264,25614614528,,,64,layer_moe|B8|N131072
layer-full,decoder_layer,layer_moe,deepseek_v32_layer,78b69000794d0937b47ae3387eff7663410264d1|ba89a3466e9470ad08ab39738d4e7bb66989e1e7,bf16_weights_fp8_kv,8,131072,7168,64,2048,0,q_up,cudagraph,cuda_event_grouped_2,ok,,50,10,2,45.944,45.9981,45.664,46.4104,46.6987,0.2287,0.292002,0.00497195,,0,174125,25096925696,25650266112,,,64,layer_moe|B8|N131072
layer-full,decoder_layer,layer_moe,deepseek_v32_layer,78b69000794d0937b47ae3387eff7663410264d1|ba89a3466e9470ad08ab39738d4e7bb66989e1e7,bf16_weights_fp8_kv,8,131072,7168,64,2048,0,q_absorb,cudagraph,cuda_event_grouped_2,ok,,50,10,2,28.368,28.4282,28.128,28.7144,29.175,0.229519,0.28,0.00807366,,0,282008,25096925696,25692209152,,,64,layer_moe|B8|N131072
layer-full,decoder_layer,layer_moe,deepseek_v32_layer,78b69000794d0937b47ae3387eff7663410264d1|ba89a3466e9470ad08ab39738d4e7bb66989e1e7,bf16_weights_fp8_kv,8,131072,7168,64,2048,0,kv_down,cudagraph,cuda_event_grouped_2,ok,,50,10,2,26.32,26.3818,26.16,26.6256,27.2181,0.230733,0.139999,0.00874593,,0,303951,25096925696,25675431936,,,64,layer_moe|B8|N131072
layer-full,decoder_layer,layer_moe,deepseek_v32_layer,78b69000794d0937b47ae3387eff7663410264d1|ba89a3466e9470ad08ab39738d4e7bb66989e1e7,bf16_weights_fp8_kv,8,131072,7168,64,2048,0,indexer_proj,cudagraph,cuda_event_grouped_2,ok,,50,10,2,37.744,37.793,37.6,38.1208,38.5083,0.192717,0.112001,0.00509929,,0,211954,25130480128,25708986368,,,64,layer_moe|B8|N131072
layer-full,decoder_layer,layer_moe,deepseek_v32_layer,78b69000794d0937b47ae3387eff7663410264d1|ba89a3466e9470ad08ab39738d4e7bb66989e1e7,bf16_weights_fp8_kv,8,131072,7168,64,2048,0,kv_append,cudagraph,cuda_event_per_iter,ok,,50,10,1,57.504,57.6058,57.344,58.2496,58.9718,0.36621,0.127997,0.00635718,,0,139121,25130480128,25708986368,,,64,layer_moe|B8|N131072
layer-full,decoder_layer,layer_moe,deepseek_v32_layer,78b69000794d0937b47ae3387eff7663410264d1|ba89a3466e9470ad08ab39738d4e7bb66989e1e7,bf16_weights_fp8_kv,8,131072,7168,64,2048,0,indexer_score,cudagraph,cuda_event_per_iter,ok,,50,10,1,89.6,89.7632,88.736,90.7264,91.8269,0.608919,0.575997,0.00678361,,0,89285.7,25130480128,25732055040,,,64,layer_moe|B8|N131072
layer-full,decoder_layer,layer_moe,deepseek_v32_layer,78b69000794d0937b47ae3387eff7663410264d1|ba89a3466e9470ad08ab39738d4e7bb66989e1e7,bf16_weights_fp8_kv,8,131072,7168,64,2048,0,indexer_select,cudagraph,cuda_event_per_iter,ok,,50,10,1,81.168,80.9741,79.104,82.4816,82.737,0.956995,1.528,0.0118185,,0,98561,25130480128,25753026560,,,64,layer_moe|B8|N131072
layer-full,decoder_layer,layer_moe,deepseek_v32_layer,78b69000794d0937b47ae3387eff7663410264d1|ba89a3466e9470ad08ab39738d4e7bb66989e1e7,bf16_weights_fp8_kv,8,131072,7168,64,2048,0,index_map,cudagraph,cuda_event_grouped_14,ok,,50,10,14,3.13257,3.15648,3.06286,3.34183,3.60501,0.107084,0.0274285,0.0339252,,0,2.55381e+06,25130480128,25732055040,,,64,layer_moe|B8|N131072
layer-full,decoder_layer,layer_moe,deepseek_v32_layer,78b69000794d0937b47ae3387eff7663410264d1|ba89a3466e9470ad08ab39738d4e7bb66989e1e7,bf16_weights_fp8_kv,8,131072,7168,64,2048,0,sparse_mla,cudagraph,cuda_event_grouped_2,ok,,50,10,2,30.944,31.0099,30.704,31.3704,31.8549,0.242192,0.192,0.00781013,,0,258532,25130480128,25729957888,,,64,layer_moe|B8|N131072
layer-full,decoder_layer,layer_moe,deepseek_v32_layer,78b69000794d0937b47ae3387eff7663410264d1|ba89a3466e9470ad08ab39738d4e7bb66989e1e7,bf16_weights_fp8_kv,8,131072,7168,64,2048,0,o_absorb,cudagraph,cuda_event_grouped_7,ok,,50,10,7,7.59771,7.59918,7.50629,7.67543,7.75415,0.0506486,0.0582856,0.00666501,,0,1.05295e+06,25130480128,25732055040,,,64,layer_moe|B8|N131072
layer-full,decoder_layer,layer_moe,deepseek_v32_layer,78b69000794d0937b47ae3387eff7663410264d1|ba89a3466e9470ad08ab39738d4e7bb66989e1e7,bf16_weights_fp8_kv,8,131072,7168,64,2048,0,o_proj,cudagraph,cuda_event_per_iter,ok,,50,10,1,142.288,142.26,141.216,143.099,143.474,0.48847,0.58401,0.00343363,,0,56224,25130480128,25713180672,,,64,layer_moe|B8|N131072
layer-full,decoder_layer,layer_moe,deepseek_v32_layer,78b69000794d0937b47ae3387eff7663410264d1|ba89a3466e9470ad08ab39738d4e7bb66989e1e7,bf16_weights_fp8_kv,8,131072,7168,64,2048,0,post_norm,cudagraph,cuda_event_grouped_5,ok,,50,10,5,10.816,10.8252,10.7456,10.9539,11.0708,0.0768126,0.0831999,0.00709571,,0,739645,25130480128,25715277824,,,64,layer_moe|B8|N131072
layer-full,decoder_layer,layer_moe,deepseek_v32_layer,78b69000794d0937b47ae3387eff7663410264d1|ba89a3466e9470ad08ab39738d4e7bb66989e1e7,bf16_weights_fp8_kv,8,131072,7168,64,2048,0,router_score,cudagraph,cuda_event_grouped_3,ok,,50,10,3,24.1387,24.1813,24.0533,24.3851,24.6474,0.128018,0.114668,0.00529409,,0,331418,25130480128,25717374976,,,64,layer_moe|B8|N131072
layer-full,decoder_layer,layer_moe,deepseek_v32_layer,78b69000794d0937b47ae3387eff7663410264d1|ba89a3466e9470ad08ab39738d4e7bb66989e1e7,bf16_weights_fp8_kv,8,131072,7168,64,2048,0,router_topk,cudagraph,cuda_event_per_iter,ok,,50,10,1,53.984,54.1235,53.888,54.8512,55.4832,0.382241,0.127997,0.00706238,,0,148192,25130480128,25719472128,,,64,layer_moe|B8|N131072
layer-full,decoder_layer,layer_moe,deepseek_v32_layer,78b69000794d0937b47ae3387eff7663410264d1|ba89a3466e9470ad08ab39738d4e7bb66989e1e7,bf16_weights_fp8_kv,8,131072,7168,64,2048,0,mlp_experts,cudagraph,cuda_event_per_iter,ok,,50,10,1,4881.82,4881.88,4876.67,4886.15,4886.76,2.4171,2.79999,0.000495116,,0,1638.73,25130480128,25719472128,,,64,layer_moe|B8|N131072
layer-full,decoder_layer,layer_moe,deepseek_v32_layer,78b69000794d0937b47ae3387eff7663410264d1|ba89a3466e9470ad08ab39738d4e7bb66989e1e7,bf16_weights_fp8_kv,8,131072,7168,64,2048,0,layer_total,cudagraph,cuda_event_per_iter,ok,,50,10,1,5591.7,5591.82,5585.92,5597.16,5598.55,2.87143,2.95186,0.000513505,,0,1430.69,25130480128,25727860736,57599,,64,layer_moe|B8|N131072
layer-full,decoder_layer,layer_dense,deepseek_v32_layer,78b69000794d0937b47ae3387eff7663410264d1|ba89a3466e9470ad08ab39738d4e7bb66989e1e7,bf16_weights_fp8_kv,1,8192,7168,64,2048,0,input_norm,eager,cuda_event_grouped_6,ok,,50,10,6,8.21867,8.22987,8.09067,8.3152,8.63488,0.114119,0.0733333,0.0138665,,0,121674,24950189056,25711083520,,,64,layer_dense|B1|N8192
layer-full,decoder_layer,layer_dense,deepseek_v32_layer,78b69000794d0937b47ae3387eff7663410264d1|ba89a3466e9470ad08ab39738d4e7bb66989e1e7,bf16_weights_fp8_kv,1,8192,7168,64,2048,0,q_down,eager,cuda_event_grouped_3,ok,,50,10,3,18.9813,19.6457,18.6667,20.5221,33.7003,3.04181,0.304,0.154834,,0,52683.3,24950180864,25711083520,,,64,layer_dense|B1|N8192
layer-full,decoder_layer,layer_dense,deepseek_v32_layer,78b69000794d0937b47ae3387eff7663410264d1|ba89a3466e9470ad08ab39738d4e7bb66989e1e7,bf16_weights_fp8_kv,1,8192,7168,64,2048,0,q_up,eager,cuda_event_grouped_2,ok,,50,10,2,44.864,44.9219,44.448,45.1072,47.1963,0.611674,0.263998,0.0136164,,0,22289.6,24950223360,25711083520,,,64,layer_dense|B1|N8192
layer-full,decoder_layer,layer_dense,deepseek_v32_layer,78b69000794d0937b47ae3387eff7663410264d1|ba89a3466e9470ad08ab39738d4e7bb66989e1e7,bf16_weights_fp8_kv,1,8192,7168,64,2048,0,q_absorb,eager,cuda_event_per_iter,ok,,50,10,1,59.28,59.625,58.336,62.5136,63.7987,1.18602,0.664001,0.0198913,,0,16869.1,24950469120,25711083520,,,64,layer_dense|B1|N8192
layer-full,decoder_layer,layer_dense,deepseek_v32_layer,78b69000794d0937b47ae3387eff7663410264d1|ba89a3466e9470ad08ab39738d4e7bb66989e1e7,bf16_weights_fp8_kv,1,8192,7168,64,2048,0,kv_down,eager,cuda_event_per_iter,ok,,50,10,1,75.168,74.6061,68.448,79.1232,82.553,3.1789,0.839999,0.0426092,,0,13303.5,24950178816,25711083520,,,64,layer_dense|B1|N8192
layer-full,decoder_layer,layer_dense,deepseek_v32_layer,78b69000794d0937b47ae3387eff7663410264d1|ba89a3466e9470ad08ab39738d4e7bb66989e1e7,bf16_weights_fp8_kv,1,8192,7168,64,2048,0,indexer_proj,eager,cuda_event_per_iter,ok,,50,10,1,63.616,64.0102,62.464,67.2464,72.657,2.13619,0.712005,0.0333726,,0,15719.3,24950220288,25711083520,,,64,layer_dense|B1|N8192
layer-full,decoder_layer,layer_dense,deepseek_v32_layer,78b69000794d0937b47ae3387eff7663410264d1|ba89a3466e9470ad08ab39738d4e7bb66989e1e7,bf16_weights_fp8_kv,1,8192,7168,64,2048,0,kv_append,eager,cuda_event_per_iter,ok,,50,10,1,154.88,155.636,152.768,161.538,165.606,2.70097,1.52799,0.0173543,,0,6456.61,24950179840,25711083520,,,64,layer_dense|B1|N8192
layer-full,decoder_layer,layer_dense,deepseek_v32_layer,78b69000794d0937b47ae3387eff7663410264d1|ba89a3466e9470ad08ab39738d4e7bb66989e1e7,bf16_weights_fp8_kv,1,8192,7168,64,2048,0,indexer_score,eager,cuda_event_grouped_3,ok,,50,10,3,23.776,24.0049,22.5173,25.4827,26.0148,0.73552,0.765332,0.0306404,,0,42059.2,24950209024,25711083520,,,64,layer_dense|B1|N8192
layer-full,decoder_layer,layer_dense,deepseek_v32_layer,78b69000794d0937b47ae3387eff7663410264d1|ba89a3466e9470ad08ab39738d4e7bb66989e1e7,bf16_weights_fp8_kv,1,8192,7168,64,2048,0,indexer_select,eager,cuda_event_grouped_2,ok,,50,10,2,49.152,49.2659,48.736,49.3368,52.2722,0.83973,0.159997,0.0170448,,0,20345.1,24950198784,25711083520,,,64,layer_dense|B1|N8192
layer-full,decoder_layer,layer_dense,deepseek_v32_layer,78b69000794d0937b47ae3387eff7663410264d1|ba89a3466e9470ad08ab39738d4e7bb66989e1e7,bf16_weights_fp8_kv,1,8192,7168,64,2048,0,index_map,eager,cuda_event_grouped_2,ok,,50,10,2,36.072,34.5082,25.904,42.4464,45.3464,6.20948,12.052,0.179942,,0,27722.3,24950182400,25711083520,,,64,layer_dense|B1|N8192
layer-full,decoder_layer,layer_dense,deepseek_v32_layer,78b69000794d0937b47ae3387eff7663410264d1|ba89a3466e9470ad08ab39738d4e7bb66989e1e7,bf16_weights_fp8_kv,1,8192,7168,64,2048,0,sparse_mla,eager,cuda_event_grouped_3,ok,,50,10,3,20.3733,20.429,20.2027,20.5547,21.7184,0.355321,0.0800006,0.0173929,,0,49083.8,24965539840,25711083520,,,64,layer_dense|B1|N8192
layer-full,decoder_layer,layer_dense,deepseek_v32_layer,78b69000794d0937b47ae3387eff7663410264d1|ba89a3466e9470ad08ab39738d4e7bb66989e1e7,bf16_weights_fp8_kv,1,8192,7168,64,2048,0,o_absorb,eager,cuda_event_grouped_4,ok,,50,10,4,13.276,15.3843,12.472,20.2544,20.8899,3.15931,5.592,0.205359,,0,75323.9,24950239744,25711083520,,,64,layer_dense|B1|N8192
layer-full,decoder_layer,layer_dense,deepseek_v32_layer,78b69000794d0937b47ae3387eff7663410264d1|ba89a3466e9470ad08ab39738d4e7bb66989e1e7,bf16_weights_fp8_kv,1,8192,7168,64,2048,0,o_proj,eager,cuda_event_per_iter,ok,,50,10,1,137.6,137.821,136.448,139.032,142.448,1.38134,1.47199,0.0100227,,0,7267.44,24950221312,25711083520,,,64,layer_dense|B1|N8192
layer-full,decoder_layer,layer_dense,deepseek_v32_layer,78b69000794d0937b47ae3387eff7663410264d1|ba89a3466e9470ad08ab39738d4e7bb66989e1e7,bf16_weights_fp8_kv,1,8192,7168,64,2048,0,post_norm,eager,cuda_event_grouped_4,ok,,50,10,4,11.384,11.4664,11.136,11.8332,13.1248,0.380608,0.206,0.0331934,,0,87842.6,24950236160,25711083520,,,64,layer_dense|B1|N8192
layer-full,decoder_layer,layer_dense,deepseek_v32_layer,78b69000794d0937b47ae3387eff7663410264d1|ba89a3466e9470ad08ab39738d4e7bb66989e1e7,bf16_weights_fp8_kv,1,8192,7168,64,2048,0,mlp_experts,eager,cuda_event_per_iter,ok,,50,10,1,451.264,451.528,449.728,452.354,458.364,1.871,0.96,0.00414371,,0,2216,24950368768,25711083520,,,64,layer_dense|B1|N8192
layer-full,decoder_layer,layer_dense,deepseek_v32_layer,78b69000794d0937b47ae3387eff7663410264d1|ba89a3466e9470ad08ab39738d4e7bb66989e1e7,bf16_weights_fp8_kv,1,8192,7168,64,2048,0,layer_total,eager,cuda_event_per_iter,ok,,50,10,1,1001.82,1012.21,996.544,1004.96,1272.1,74.3466,2.19199,0.0734496,,0,998.179,24965597184,25711083520,4242.53,,64,layer_dense|B1|N8192
layer-full,decoder_layer,layer_dense,deepseek_v32_layer,78b69000794d0937b47ae3387eff7663410264d1|ba89a3466e9470ad08ab39738d4e7bb66989e1e7,bf16_weights_fp8_kv,1,8192,7168,64,2048,0,input_norm,cudagraph,cuda_event_grouped_6,ok,,50,10,6,8.368,8.37749,8.256,8.46693,8.53723,0.056353,0.0693332,0.00672672,,0,119503,24950208000,24979177472,,,64,layer_dense|B1|N8192
layer-full,decoder_layer,layer_dense,deepseek_v32_layer,78b69000794d0937b47ae3387eff7663410264d1|ba89a3466e9470ad08ab39738d4e7bb66989e1e7,bf16_weights_fp8_kv,1,8192,7168,64,2048,0,q_down,cudagraph,cuda_event_grouped_4,ok,,50,10,4,14.576,14.5974,14.448,14.772,14.9454,0.106885,0.0959998,0.0073222,,0,68605.9,24950208000,24981274624,,,64,layer_dense|B1|N8192
layer-full,decoder_layer,layer_dense,deepseek_v32_layer,78b69000794d0937b47ae3387eff7663410264d1|ba89a3466e9470ad08ab39738d4e7bb66989e1e7,bf16_weights_fp8_kv,1,8192,7168,64,2048,0,q_up,cudagraph,cuda_event_grouped_2,ok,,50,10,2,44.896,44.9571,44.704,45.3488,45.553,0.221294,0.288002,0.00492234,,0,22273.7,24950208000,24983371776,,,64,layer_dense|B1|N8192
layer-full,decoder_layer,layer_dense,deepseek_v32_layer,78b69000794d0937b47ae3387eff7663410264d1|ba89a3466e9470ad08ab39738d4e7bb66989e1e7,bf16_weights_fp8_kv,1,8192,7168,64,2048,0,q_absorb,cudagraph,cuda_event_grouped_2,ok,,50,10,2,25.76,25.8918,25.712,26.3072,26.5802,0.218989,0.22,0.00845784,,0,38819.9,24950208000,24985468928,,,64,layer_dense|B1|N8192
layer-full,decoder_layer,layer_dense,deepseek_v32_layer,78b69000794d0937b47ae3387eff7663410264d1|ba89a3466e9470ad08ab39738d4e7bb66989e1e7,bf16_weights_fp8_kv,1,8192,7168,64,2048,0,kv_down,cudagraph,cuda_event_grouped_3,ok,,50,10,3,21.9733,22.0066,21.824,22.2032,22.4089,0.126735,0.133332,0.00575897,,0,45509.7,24950208000,24987566080,,,64,layer_dense|B1|N8192
layer-full,decoder_layer,layer_dense,deepseek_v32_layer,78b69000794d0937b47ae3387eff7663410264d1|ba89a3466e9470ad08ab39738d4e7bb66989e1e7,bf16_weights_fp8_kv,1,8192,7168,64,2048,0,indexer_proj,cudagraph,cuda_event_grouped_2,ok,,50,10,2,30.624,30.624,30.24,31.0896,31.2333,0.249405,0.327999,0.0081441,,0,32654.1,24950208000,24989663232,,,64,layer_dense|B1|N8192
layer-full,decoder_layer,layer_dense,deepseek_v32_layer,78b69000794d0937b47ae3387eff7663410264d1|ba89a3466e9470ad08ab39738d4e7bb66989e1e7,bf16_weights_fp8_kv,1,8192,7168,64,2048,0,kv_append,cudagraph,cuda_event_grouped_2,ok,,50,10,2,47.92,47.9939,47.824,48.3072,48.5886,0.180119,0.156001,0.00375296,,0,20868.1,24950208000,24989663232,,,64,layer_dense|B1|N8192
layer-full,decoder_layer,layer_dense,deepseek_v32_layer,78b69000794d0937b47ae3387eff7663410264d1|ba89a3466e9470ad08ab39738d4e7bb66989e1e7,bf16_weights_fp8_kv,1,8192,7168,64,2048,0,indexer_score,cudagraph,cuda_event_grouped_7,ok,,50,10,7,7.296,7.30213,7.21829,7.37623,7.45719,0.0511694,0.0445712,0.00700747,,0,137061,24950208000,24991760384,,,64,layer_dense|B1|N8192
layer-full,decoder_layer,layer_dense,deepseek_v32_layer,78b69000794d0937b47ae3387eff7663410264d1|ba89a3466e9470ad08ab39738d4e7bb66989e1e7,bf16_weights_fp8_kv,1,8192,7168,64,2048,0,indexer_select,cudagraph,cuda_event_grouped_2,ok,,50,10,2,48.816,48.8838,48.624,49.2,49.5075,0.189026,0.128001,0.00386685,,0,20485.1,24950208000,24991760384,,,64,layer_dense|B1|N8192
layer-full,decoder_layer,layer_dense,deepseek_v32_layer,78b69000794d0937b47ae3387eff7663410264d1|ba89a3466e9470ad08ab39738d4e7bb66989e1e7,bf16_weights_fp8_kv,1,8192,7168,64,2048,0,index_map,cudagraph,cuda_event_grouped_14,ok,,50,10,14,3.12914,3.14171,3.07429,3.2272,3.44763,0.070319,0.036,0.0223824,,0,319576,24950208000,24991760384,,,64,layer_dense|B1|N8192
layer-full,decoder_layer,layer_dense,deepseek_v32_layer,78b69000794d0937b47ae3387eff7663410264d1|ba89a3466e9470ad08ab39738d4e7bb66989e1e7,bf16_weights_fp8_kv,1,8192,7168,64,2048,0,sparse_mla,cudagraph,cuda_event_grouped_3,ok,,50,10,3,20.2453,20.2692,20.096,20.4539,20.7198,0.140332,0.136,0.00692342,,0,49394.1,24950208000,25008537600,,,64,layer_dense|B1|N8192
layer-full,decoder_layer,layer_dense,deepseek_v32_layer,78b69000794d0937b47ae3387eff7663410264d1|ba89a3466e9470ad08ab39738d4e7bb66989e1e7,bf16_weights_fp8_kv,1,8192,7168,64,2048,0,o_absorb,cudagraph,cuda_event_grouped_7,ok,,50,10,7,7.13829,7.14917,7.08571,7.22537,7.31826,0.0537945,0.0525714,0.00752459,,0,140090,24950208000,25010634752,,,64,layer_dense|B1|N8192
layer-full,decoder_layer,layer_dense,deepseek_v32_layer,78b69000794d0937b47ae3387eff7663410264d1|ba89a3466e9470ad08ab39738d4e7bb66989e1e7,bf16_weights_fp8_kv,1,8192,7168,64,2048,0,o_proj,cudagraph,cuda_event_per_iter,ok,,50,10,1,135.376,135.443,134.592,136.56,136.896,0.532488,0.712,0.00393145,,0,7386.83,24950208000,24993857536,,,64,layer_dense|B1|N8192
layer-full,decoder_layer,layer_dense,deepseek_v32_layer,78b69000794d0937b47ae3387eff7663410264d1|ba89a3466e9470ad08ab39738d4e7bb66989e1e7,bf16_weights_fp8_kv,1,8192,7168,64,2048,0,post_norm,cudagraph,cuda_event_grouped_5,ok,,50,10,5,10.032,10.0524,9.9456,10.1475,10.2478,0.0659103,0.0863999,0.0065567,,0,99681,24950208000,24995954688,,,64,layer_dense|B1|N8192
layer-full,decoder_layer,layer_dense,deepseek_v32_layer,78b69000794d0937b47ae3387eff7663410264d1|ba89a3466e9470ad08ab39738d4e7bb66989e1e7,bf16_weights_fp8_kv,1,8192,7168,64,2048,0,mlp_experts,cudagraph,cuda_event_per_iter,ok,,50,10,1,443.776,443.713,442.4,444.338,446.281,0.735176,0.736006,0.00165688,,0,2253.39,24950208000,24995954688,,,64,layer_dense|B1|N8192
layer-full,decoder_layer,layer_dense,deepseek_v32_layer,78b69000794d0937b47ae3387eff7663410264d1|ba89a3466e9470ad08ab39738d4e7bb66989e1e7,bf16_weights_fp8_kv,1,8192,7168,64,2048,0,layer_total,cudagraph,cuda_event_per_iter,ok,,50,10,1,922.992,923.019,920.64,924.704,926.24,1.19538,1.27998,0.00129508,,0,1083.43,24950208000,25000148992,4242.53,,64,layer_dense|B1|N8192
layer-full,decoder_layer,layer_dense,deepseek_v32_layer,78b69000794d0937b47ae3387eff7663410264d1|ba89a3466e9470ad08ab39738d4e7bb66989e1e7,bf16_weights_fp8_kv,1,32768,7168,64,2048,0,input_norm,eager,cuda_event_grouped_6,ok,,50,10,6,8.22933,8.24192,8.09067,8.3264,8.68405,0.127608,0.102666,0.0154828,,0,121517,24971808768,25054674944,,,64,layer_dense|B1|N32768
layer-full,decoder_layer,layer_dense,deepseek_v32_layer,78b69000794d0937b47ae3387eff7663410264d1|ba89a3466e9470ad08ab39738d4e7bb66989e1e7,bf16_weights_fp8_kv,1,32768,7168,64,2048,0,q_down,eager,cuda_event_grouped_3,ok,,50,10,3,19.056,19.591,18.4533,20.9323,21.6405,0.918198,1.69867,0.0468682,,0,52476.9,24971800576,25054674944,,,64,layer_dense|B1|N32768
layer-full,decoder_layer,layer_dense,deepseek_v32_layer,78b69000794d0937b47ae3387eff7663410264d1|ba89a3466e9470ad08ab39738d4e7bb66989e1e7,bf16_weights_fp8_kv,1,32768,7168,64,2048,0,q_up,eager,cuda_event_grouped_2,ok,,50,10,2,45.216,45.329,44.672,45.8008,47.2514,0.586734,0.656001,0.0129439,,0,22116.1,24971843072,25054674944,,,64,layer_dense|B1|N32768
layer-full,decoder_layer,layer_dense,deepseek_v32_layer,78b69000794d0937b47ae3387eff7663410264d1|ba89a3466e9470ad08ab39738d4e7bb66989e1e7,bf16_weights_fp8_kv,1,32768,7168,64,2048,0,q_absorb,eager,cuda_event_per_iter,ok,,50,10,1,59.568,59.8822,58.72,62.832,65.5466,1.44975,0.791999,0.02421,,0,16787.5,24972088832,25054674944,,,64,layer_dense|B1|N32768
layer-full,decoder_layer,layer_dense,deepseek_v32_layer,78b69000794d0937b47ae3387eff7663410264d1|ba89a3466e9470ad08ab39738d4e7bb66989e1e7,bf16_weights_fp8_kv,1,32768,7168,64,2048,0,kv_down,eager,cuda_event_per_iter,ok,,50,10,1,68.688,69.4662,67.712,73.9456,78.848,2.40704,0.711998,0.0346504,,0,14558.6,24971798528,25054674944,,,64,layer_dense|B1|N32768
layer-full,decoder_layer,layer_dense,deepseek_v32_layer,78b69000794d0937b47ae3387eff7663410264d1|ba89a3466e9470ad08ab39738d4e7bb66989e1e7,bf16_weights_fp8_kv,1,32768,7168,64,2048,0,indexer_proj,eager,cuda_event_per_iter,ok,,50,10,1,68.656,69.1398,68.032,72.1696,76.5011,1.81356,0.631999,0.0262303,,0,14565.4,24971840000,25054674944,,,64,layer_dense|B1|N32768
layer-full,decoder_layer,layer_dense,deepseek_v32_layer,78b69000794d0937b47ae3387eff7663410264d1|ba89a3466e9470ad08ab39738d4e7bb66989e1e7,bf16_weights_fp8_kv,1,32768,7168,64,2048,0,kv_append,eager,cuda_event_per_iter,ok,,50,10,1,153.264,154.76,151.648,164.403,165.94,3.48307,2.25599,0.0225062,,0,6524.69,24971799552,25054674944,,,64,layer_dense|B1|N32768
layer-full,decoder_layer,layer_dense,deepseek_v32_layer,78b69000794d0937b47ae3387eff7663410264d1|ba89a3466e9470ad08ab39738d4e7bb66989e1e7,bf16_weights_fp8_kv,1,32768,7168,64,2048,0,indexer_score,eager,cuda_event_grouped_3,ok,,50,10,3,16.672,16.784,16.3947,17.5776,18.3994,0.41073,0.176,0.0244715,,0,59980.8,24971927040,25054674944,,,64,layer_dense|B1|N32768
layer-full,decoder_layer,layer_dense,deepseek_v32_layer,78b69000794d0937b47ae3387eff7663410264d1|ba89a3466e9470ad08ab39738d4e7bb66989e1e7,bf16_weights_fp8_kv,1,32768,7168,64,2048,0,indexer_select,eager,cuda_event_per_iter,ok,,50,10,1,66.976,67.209,65.92,67.8928,72.5203,1.24434,0.687998,0.0185144,,0,14930.7,24971840000,25054674944,,,64,layer_dense|B1|N32768
layer-full,decoder_layer,layer_dense,deepseek_v32_layer,78b69000794d0937b47ae3387eff7663410264d1|ba89a3466e9470ad08ab39738d4e7bb66989e1e7,bf16_weights_fp8_kv,1,32768,7168,64,2048,0,index_map,eager,cuda_event_grouped_2,ok,,50,10,2,27.064,27.191,24.784,29.5704,31.667,1.36639,1.192,0.0502515,,0,36949.5,24971802112,25054674944,,,64,layer_dense|B1|N32768
layer-full,decoder_layer,layer_dense,deepseek_v32_layer,78b69000794d0937b47ae3387eff7663410264d1|ba89a3466e9470ad08ab39738d4e7bb66989e1e7,bf16_weights_fp8_kv,1,32768,7168,64,2048,0,sparse_mla,eager,cuda_event_grouped_3,ok,,50,10,3,20.2667,20.3106,20.096,20.4005,21.5963,0.355637,0.104,0.0175099,,0,49342.1,24987159552,25054674944,,,64,layer_dense|B1|N32768
layer-full,decoder_layer,layer_dense,deepseek_v32_layer,78b69000794d0937b47ae3387eff7663410264d1|ba89a3466e9470ad08ab39738d4e7bb66989e1e7,bf16_weights_fp8_kv,1,32768,7168,64,2048,0,o_absorb,eager,cuda_event_grouped_4,ok,,50,10,4,12.512,12.5906,12.336,13.2632,13.9888,0.358474,0.11,0.0284716,,0,79923.3,24971859456,25054674944,,,64,layer_dense|B1|N32768
layer-full,decoder_layer,layer_dense,deepseek_v32_layer,78b69000794d0937b47ae3387eff7663410264d1|ba89a3466e9470ad08ab39738d4e7bb66989e1e7,bf16_weights_fp8_kv,1,32768,7168,64,2048,0,o_proj,eager,cuda_event_per_iter,ok,,50,10,1,136.64,136.826,135.776,137.443,141.645,1.32381,0.743993,0.00967513,,0,7318.5,24971841024,25054674944,,,64,layer_dense|B1|N32768
layer-full,decoder_layer,layer_dense,deepseek_v32_layer,78b69000794d0937b47ae3387eff7663410264d1|ba89a3466e9470ad08ab39738d4e7bb66989e1e7,bf16_weights_fp8_kv,1,32768,7168,64,2048,0,post_norm,eager,cuda_event_grouped_4,ok,,50,10,4,11.592,11.6714,11.072,12.3976,12.6788,0.38807,0.504,0.0332497,,0,86266.4,24971855872,25054674944,,,64,layer_dense|B1|N32768
layer-full,decoder_layer,layer_dense,deepseek_v32_layer,78b69000794d0937b47ae3387eff7663410264d1|ba89a3466e9470ad08ab39738d4e7bb66989e1e7,bf16_weights_fp8_kv,1,32768,7168,64,2048,0,mlp_experts,eager,cuda_event_per_iter,ok,,50,10,1,453.2,453.414,451.36,454.578,459.369,1.67813,1.08799,0.0037011,,0,2206.53,24971988480,25054674944,,,64,layer_dense|B1|N32768
layer-full,decoder_layer,layer_dense,deepseek_v32_layer,78b69000794d0937b47ae3387eff7663410264d1|ba89a3466e9470ad08ab39738d4e7bb66989e1e7,bf16_weights_fp8_kv,1,32768,7168,64,2048,0,layer_total,eager,cuda_event_per_iter,ok,,50,10,1,1021.18,1029.39,1017.31,1025.06,1236.04,58.8885,2.42394,0.057207,,0,979.255,24987216896,25054674944,4593.12,,64,layer_dense|B1|N32768
layer-full,decoder_layer,layer_dense,deepseek_v32_layer,78b69000794d0937b47ae3387eff7663410264d1|ba89a3466e9470ad08ab39738d4e7bb66989e1e7,bf16_weights_fp8_kv,1,32768,7168,64,2048,0,input_norm,cudagraph,cuda_event_grouped_6,ok,,50,10,6,8.37067,8.39456,8.304,8.48827,8.58043,0.0576787,0.046667,0.00687096,,0,119465,24971827712,25021120512,,,64,layer_dense|B1|N32768
layer-full,decoder_layer,layer_dense,deepseek_v32_layer,78b69000794d0937b47ae3387eff7663410264d1|ba89a3466e9470ad08ab39738d4e7bb66989e1e7,bf16_weights_fp8_kv,1,32768,7168,64,2048,0,q_down,cudagraph,cuda_event_grouped_4,ok,,50,10,4,14.788,14.7957,14.688,14.974,15.0775,0.100353,0.146,0.00678259,,0,67622.4,24971827712,25023217664,,,64,layer_dense|B1|N32768
layer-full,decoder_layer,layer_dense,deepseek_v32_layer,78b69000794d0937b47ae3387eff7663410264d1|ba89a3466e9470ad08ab39738d4e7bb66989e1e7,bf16_weights_fp8_kv,1,32768,7168,64,2048,0,q_up,cudagraph,cuda_event_grouped_2,ok,,50,10,2,44.824,44.8742,44.656,45.208,45.6296,0.211048,0.199998,0.0047031,,0,22309.5,24971827712,25025314816,,,64,layer_dense|B1|N32768
layer-full,decoder_layer,layer_dense,deepseek_v32_layer,78b69000794d0937b47ae3387eff7663410264d1|ba89a3466e9470ad08ab39738d4e7bb66989e1e7,bf16_weights_fp8_kv,1,32768,7168,64,2048,0,q_absorb,cudagraph,cuda_event_grouped_2,ok,,50,10,2,26.224,26.312,26.128,26.6288,27.0517,0.206228,0.208,0.00783779,,0,38133,24971827712,25027411968,,,64,layer_dense|B1|N32768
layer-full,decoder_layer,layer_dense,deepseek_v32_layer,78b69000794d0937b47ae3387eff7663410264d1|ba89a3466e9470ad08ab39738d4e7bb66989e1e7,bf16_weights_fp8_kv,1,32768,7168,64,2048,0,kv_down,cudagraph,cuda_event_grouped_3,ok,,50,10,3,21.6907,21.7265,21.6107,21.9152,22.1365,0.118622,0.135999,0.0054598,,0,46102.8,24971827712,25027411968,,,64,layer_dense|B1|N32768
layer-full,decoder_layer,layer_dense,deepseek_v32_layer,78b69000794d0937b47ae3387eff7663410264d1|ba89a3466e9470ad08ab39738d4e7bb66989e1e7,bf16_weights_fp8_kv,1,32768,7168,64,2048,0,indexer_proj,cudagraph,cuda_event_grouped_2,ok,,50,10,2,30.632,30.6634,30.368,31.0928,31.2976,0.217592,0.2,0.00709617,,0,32645.6,24971827712,25031606272,,,64,layer_dense|B1|N32768
layer-full,decoder_layer,layer_dense,deepseek_v32_layer,78b69000794d0937b47ae3387eff7663410264d1|ba89a3466e9470ad08ab39738d4e7bb66989e1e7,bf16_weights_fp8_kv,1,32768,7168,64,2048,0,kv_append,cudagraph,cuda_event_grouped_2,ok,,50,10,2,48.464,48.5626,48.352,48.844,49.4584,0.249161,0.204002,0.00513072,,0,20633.9,24971827712,25031606272,,,64,layer_dense|B1|N32768
layer-full,decoder_layer,layer_dense,deepseek_v32_layer,78b69000794d0937b47ae3387eff7663410264d1|ba89a3466e9470ad08ab39738d4e7bb66989e1e7,bf16_weights_fp8_kv,1,32768,7168,64,2048,0,indexer_score,cudagraph,cuda_event_grouped_6,ok,,50,10,6,8.53867,8.53248,8.4,8.62747,8.71008,0.0682095,0.0906667,0.0079941,,0,117114,24971827712,25033703424,,,64,layer_dense|B1|N32768
layer-full,decoder_layer,layer_dense,deepseek_v32_layer,78b69000794d0937b47ae3387eff7663410264d1|ba89a3466e9470ad08ab39738d4e7bb66989e1e7,bf16_weights_fp8_kv,1,32768,7168,64,2048,0,indexer_select,cudagraph,cuda_event_grouped_2,ok,,50,10,2,48.76,48.8099,48.528,49.0168,49.4912,0.18038,0.156001,0.00369557,,0,20508.6,24971827712,25033703424,,,64,layer_dense|B1|N32768
layer-full,decoder_layer,layer_dense,deepseek_v32_layer,78b69000794d0937b47ae3387eff7663410264d1|ba89a3466e9470ad08ab39738d4e7bb66989e1e7,bf16_weights_fp8_kv,1,32768,7168,64,2048,0,index_map,cudagraph,cuda_event_grouped_13,ok,,50,10,13,3.11138,3.1169,3.05969,3.17514,3.25142,0.03726,0.0264615,0.0119542,,0,321400,24971827712,25033703424,,,64,layer_dense|B1|N32768
layer-full,decoder_layer,layer_dense,deepseek_v32_layer,78b69000794d0937b47ae3387eff7663410264d1|ba89a3466e9470ad08ab39738d4e7bb66989e1e7,bf16_weights_fp8_kv,1,32768,7168,64,2048,0,sparse_mla,cudagraph,cuda_event_grouped_3,ok,,50,10,3,20.1653,20.2121,19.9893,20.4064,20.6497,0.140218,0.141333,0.00693733,,0,49590.1,24971827712,25050480640,,,64,layer_dense|B1|N32768
layer-full,decoder_layer,layer_dense,deepseek_v32_layer,78b69000794d0937b47ae3387eff7663410264d1|ba89a3466e9470ad08ab39738d4e7bb66989e1e7,bf16_weights_fp8_kv,1,32768,7168,64,2048,0,o_absorb,cudagraph,cuda_event_grouped_7,ok,,50,10,7,7.53371,7.54478,7.46057,7.63223,7.69463,0.0554071,0.0628571,0.00734377,,0,132737,24971827712,25052577792,,,64,layer_dense|B1|N32768
layer-full,decoder_layer,layer_dense,deepseek_v32_layer,78b69000794d0937b47ae3387eff7663410264d1|ba89a3466e9470ad08ab39738d4e7bb66989e1e7,bf16_weights_fp8_kv,1,32768,7168,64,2048,0,o_proj,cudagraph,cuda_event_per_iter,ok,,50,10,1,135.28,135.309,134.56,136.035,136.385,0.45186,0.599999,0.00333945,,0,7392.08,24971827712,25035800576,,,64,layer_dense|B1|N32768
layer-full,decoder_layer,layer_dense,deepseek_v32_layer,78b69000794d0937b47ae3387eff7663410264d1|ba89a3466e9470ad08ab39738d4e7bb66989e1e7,bf16_weights_fp8_kv,1,32768,7168,64,2048,0,post_norm,cudagraph,cuda_event_grouped_5,ok,,50,10,5,10.0864,10.114,10.0224,10.2272,10.3249,0.0706009,0.0928,0.00698048,,0,99143.4,24971827712,25037897728,,,64,layer_dense|B1|N32768
layer-full,decoder_layer,layer_dense,deepseek_v32_layer,78b69000794d0937b47ae3387eff7663410264d1|ba89a3466e9470ad08ab39738d4e7bb66989e1e7,bf16_weights_fp8_kv,1,32768,7168,64,2048,0,mlp_experts,cudagraph,cuda_event_per_iter,ok,,50,10,1,443.712,443.792,442.56,444.949,446.057,0.679508,0.664011,0.00153114,,0,2253.71,24971827712,25037897728,,,64,layer_dense|B1|N32768
layer-full,decoder_layer,layer_dense,deepseek_v32_layer,78b69000794d0937b47ae3387eff7663410264d1|ba89a3466e9470ad08ab39738d4e7bb66989e1e7,bf16_weights_fp8_kv,1,32768,7168,64,2048,0,layer_total,cudagraph,cuda_event_per_iter,ok,,50,10,1,928.208,928.276,925.44,930.133,931.257,1.3418,1.35198,0.00144547,,0,1077.34,24971827712,25042092032,4593.12,,64,layer_dense|B1|N32768
layer-full,decoder_layer,layer_dense,deepseek_v32_layer,78b69000794d0937b47ae3387eff7663410264d1|ba89a3466e9470ad08ab39738d4e7bb66989e1e7,bf16_weights_fp8_kv,1,131072,7168,64,2048,0,input_norm,eager,cuda_event_grouped_6,ok,,50,10,6,8.16,8.16896,8,8.2512,8.65237,0.135158,0.0533337,0.0165453,,0,122549,25062653952,25190989824,,,64,layer_dense|B1|N131072
layer-full,decoder_layer,layer_dense,deepseek_v32_layer,78b69000794d0937b47ae3387eff7663410264d1|ba89a3466e9470ad08ab39738d4e7bb66989e1e7,bf16_weights_fp8_kv,1,131072,7168,64,2048,0,q_down,eager,cuda_event_grouped_3,ok,,50,10,3,18.832,18.9963,18.2827,20.0741,21.627,0.651165,0.237334,0.0342786,,0,53101.1,25062645760,25190989824,,,64,layer_dense|B1|N131072
layer-full,decoder_layer,layer_dense,deepseek_v32_layer,78b69000794d0937b47ae3387eff7663410264d1|ba89a3466e9470ad08ab39738d4e7bb66989e1e7,bf16_weights_fp8_kv,1,131072,7168,64,2048,0,q_up,eager,cuda_event_grouped_2,ok,,50,10,2,44.808,44.8768,44.496,45.0984,46.8898,0.551222,0.231998,0.012283,,0,22317.4,25062688256,25190989824,,,64,layer_dense|B1|N131072
layer-full,decoder_layer,layer_dense,deepseek_v32_layer,78b69000794d0937b47ae3387eff7663410264d1|ba89a3466e9470ad08ab39738d4e7bb66989e1e7,bf16_weights_fp8_kv,1,131072,7168,64,2048,0,q_absorb,eager,cuda_event_per_iter,ok,,50,10,1,59.52,59.8867,58.336,62.024,67.7043,1.86276,0.799999,0.0311047,,0,16801.1,25062934016,25190989824,,,64,layer_dense|B1|N131072
layer-full,decoder_layer,layer_dense,deepseek_v32_layer,78b69000794d0937b47ae3387eff7663410264d1|ba89a3466e9470ad08ab39738d4e7bb66989e1e7,bf16_weights_fp8_kv,1,131072,7168,64,2048,0,kv_down,eager,cuda_event_per_iter,ok,,50,10,1,68.512,69.2416,67.744,74.0256,78.9373,2.44697,0.728006,0.0353395,,0,14596,25062643712,25190989824,,,64,layer_dense|B1|N131072
layer-full,decoder_layer,layer_dense,deepseek_v32_layer,78b69000794d0937b47ae3387eff7663410264d1|ba89a3466e9470ad08ab39738d4e7bb66989e1e7,bf16_weights_fp8_kv,1,131072,7168,64,2048,0,indexer_proj,eager,cuda_event_per_iter,ok,,50,10,1,63.584,63.9034,62.56,67.0608,68.657,1.41217,0.759998,0.0220986,,0,15727.2,25062685184,25190989824,,,64,layer_dense|B1|N131072
layer-full,decoder_layer,layer_dense,deepseek_v32_layer,78b69000794d0937b47ae3387eff7663410264d1|ba89a3466e9470ad08ab39738d4e7bb66989e1e7,bf16_weights_fp8_kv,1,131072,7168,64,2048,0,kv_append,eager,cuda_event_per_iter,ok,,50,10,1,154.784,156.04,152.8,163.947,167.254,3.34952,2.76,0.0214658,,0,6460.62,25062644736,25190989824,,,64,layer_dense|B1|N131072
layer-full,decoder_layer,layer_dense,deepseek_v32_layer,78b69000794d0937b47ae3387eff7663410264d1|ba89a3466e9470ad08ab39738d4e7bb66989e1e7,bf16_weights_fp8_kv,1,131072,7168,64,2048,0,indexer_score,eager,cuda_event_grouped_3,ok,,50,10,3,16.704,16.8331,16.4693,17.7381,19.3582,0.588318,0.213334,0.0349501,,0,59865.9,25063165440,25193086976,,,64,layer_dense|B1|N131072
layer-full,decoder_layer,layer_dense,deepseek_v32_layer,78b69000794d0937b47ae3387eff7663410264d1|ba89a3466e9470ad08ab39738d4e7bb66989e1e7,bf16_weights_fp8_kv,1,131072,7168,64,2048,0,indexer_select,eager,cuda_event_per_iter,ok,,50,10,1,77.824,78.0371,77.248,78.5808,83.3334,1.4316,0.711998,0.0183452,,0,12849.5,25062734336,25193086976,,,64,layer_dense|B1|N131072
layer-full,decoder_layer,layer_dense,deepseek_v32_layer,78b69000794d0937b47ae3387eff7663410264d1|ba89a3466e9470ad08ab39738d4e7bb66989e1e7,bf16_weights_fp8_kv,1,131072,7168,64,2048,0,index_map,eager,cuda_event_grouped_2,ok,,50,10,2,26.848,27.1213,25.6,29.04,31.5773,1.31219,1.1,0.0483823,,0,37246.7,25062647296,25193086976,,,64,layer_dense|B1|N131072
layer-full,decoder_layer,layer_dense,deepseek_v32_layer,78b69000794d0937b47ae3387eff7663410264d1|ba89a3466e9470ad08ab39738d4e7bb66989e1e7,bf16_weights_fp8_kv,1,131072,7168,64,2048,0,sparse_mla,eager,cuda_event_grouped_3,ok,,50,10,3,20.384,20.4318,20.1813,20.5285,21.746,0.365887,0.093334,0.0179077,,0,49058.1,25078004736,25193086976,,,64,layer_dense|B1|N131072
layer-full,decoder_layer,layer_dense,deepseek_v32_layer,78b69000794d0937b47ae3387eff7663410264d1|ba89a3466e9470ad08ab39738d4e7bb66989e1e7,bf16_weights_fp8_kv,1,131072,7168,64,2048,0,o_absorb,eager,cuda_event_grouped_4,ok,,50,10,4,12.504,12.6107,12.352,12.9656,14.7613,0.524074,0.166,0.0415578,,0,79974.4,25062704640,25193086976,,,64,layer_dense|B1|N131072
layer-full,decoder_layer,layer_dense,deepseek_v32_layer,78b69000794d0937b47ae3387eff7663410264d1|ba89a3466e9470ad08ab39738d4e7bb66989e1e7,bf16_weights_fp8_kv,1,131072,7168,64,2048,0,o_proj,eager,cuda_event_per_iter,ok,,50,10,1,137.744,137.766,136.16,139.213,142.667,1.41589,1.416,0.0102775,,0,7259.84,25062686208,25193086976,,,64,layer_dense|B1|N131072
layer-full,decoder_layer,layer_dense,deepseek_v32_layer,78b69000794d0937b47ae3387eff7663410264d1|ba89a3466e9470ad08ab39738d4e7bb66989e1e7,bf16_weights_fp8_kv,1,131072,7168,64,2048,0,post_norm,eager,cuda_event_grouped_4,ok,,50,10,4,11.504,11.5514,11.184,12.0732,12.8018,0.30652,0.184,0.0265354,,0,86926.3,25062701056,25193086976,,,64,layer_dense|B1|N131072
layer-full,decoder_layer,layer_dense,deepseek_v32_layer,78b69000794d0937b47ae3387eff7663410264d1|ba89a3466e9470ad08ab39738d4e7bb66989e1e7,bf16_weights_fp8_kv,1,131072,7168,64,2048,0,mlp_experts,eager,cuda_event_per_iter,ok,,50,10,1,451.728,451.993,449.856,452.941,458.24,1.73417,0.935994,0.00383672,,0,2213.72,25062833664,25193086976,,,64,layer_dense|B1|N131072
layer-full,decoder_layer,layer_dense,deepseek_v32_layer,78b69000794d0937b47ae3387eff7663410264d1|ba89a3466e9470ad08ab39738d4e7bb66989e1e7,bf16_weights_fp8_kv,1,131072,7168,64,2048,0,layer_total,eager,cuda_event_per_iter,ok,,50,10,1,1039.09,1048.41,1036,1042.57,1273.27,64.3204,2.14404,0.0613507,,0,962.382,25078062080,25193086976,7350.43,,64,layer_dense|B1|N131072
layer-full,decoder_layer,layer_dense,deepseek_v32_layer,78b69000794d0937b47ae3387eff7663410264d1|ba89a3466e9470ad08ab39738d4e7bb66989e1e7,bf16_weights_fp8_kv,1,131072,7168,64,2048,0,input_norm,cudagraph,cuda_event_grouped_6,ok,,50,10,6,8.288,8.29109,8.18667,8.40107,8.48117,0.0661243,0.0693332,0.00797534,,0,120656,25062672896,25151143936,,,64,layer_dense|B1|N131072
layer-full,decoder_layer,layer_dense,deepseek_v32_layer,78b69000794d0937b47ae3387eff7663410264d1|ba89a3466e9470ad08ab39738d4e7bb66989e1e7,bf16_weights_fp8_kv,1,131072,7168,64,2048,0,q_down,cudagraph,cuda_event_grouped_4,ok,,50,10,4,15,15.017,14.912,15.1616,15.3146,0.0940432,0.0939998,0.00626247,,0,66666.7,25062672896,25153241088,,,64,layer_dense|B1|N131072
layer-full,decoder_layer,layer_dense,deepseek_v32_layer,78b69000794d0937b47ae3387eff7663410264d1|ba89a3466e9470ad08ab39738d4e7bb66989e1e7,bf16_weights_fp8_kv,1,131072,7168,64,2048,0,q_up,cudagraph,cuda_event_grouped_2,ok,,50,10,2,44.912,44.9667,44.672,45.4544,45.7045,0.237892,0.264002,0.00529041,,0,22265.8,25062672896,25155338240,,,64,layer_dense|B1|N131072
layer-full,decoder_layer,layer_dense,deepseek_v32_layer,78b69000794d0937b47ae3387eff7663410264d1|ba89a3466e9470ad08ab39738d4e7bb66989e1e7,bf16_weights_fp8_kv,1,131072,7168,64,2048,0,q_absorb,cudagraph,cuda_event_grouped_2,ok,,50,10,2,26.304,26.3619,26.16,26.7376,27.0122,0.21427,0.256,0.00812802,,0,38017,25062672896,25157435392,,,64,layer_dense|B1|N131072
layer-full,decoder_layer,layer_dense,deepseek_v32_layer,78b69000794d0937b47ae3387eff7663410264d1|ba89a3466e9470ad08ab39738d4e7bb66989e1e7,bf16_weights_fp8_kv,1,131072,7168,64,2048,0,kv_down,cudagraph,cuda_event_grouped_3,ok,,50,10,3,22.6293,22.6432,22.4747,22.7899,23.0593,0.122778,0.125332,0.00542228,,0,44190.4,25062672896,25159532544,,,64,layer_dense|B1|N131072
layer-full,decoder_layer,layer_dense,deepseek_v32_layer,78b69000794d0937b47ae3387eff7663410264d1|ba89a3466e9470ad08ab39738d4e7bb66989e1e7,bf16_weights_fp8_kv,1,131072,7168,64,2048,0,indexer_proj,cudagraph,cuda_event_grouped_2,ok,,50,10,2,30.376,30.4202,30.112,30.8336,31.0758,0.240311,0.332001,0.00789973,,0,32920.7,25062672896,25161629696,,,64,layer_dense|B1|N131072
layer-full,decoder_layer,layer_dense,deepseek_v32_layer,78b69000794d0937b47ae3387eff7663410264d1|ba89a3466e9470ad08ab39738d4e7bb66989e1e7,bf16_weights_fp8_kv,1,131072,7168,64,2048,0,kv_append,cudagraph,cuda_event_grouped_2,ok,,50,10,2,48.128,48.1997,48.016,48.4248,49.0022,0.223211,0.203998,0.00463096,,0,20777.9,25062672896,25161629696,,,64,layer_dense|B1|N131072
layer-full,decoder_layer,layer_dense,deepseek_v32_layer,78b69000794d0937b47ae3387eff7663410264d1|ba89a3466e9470ad08ab39738d4e7bb66989e1e7,bf16_weights_fp8_kv,1,131072,7168,64,2048,0,indexer_score,cudagraph,cuda_event_grouped_5,ok,,50,10,5,10.4512,10.4618,10.3232,10.5834,10.6995,0.0834018,0.1136,0.00797201,,0,95682.8,25062672896,25163726848,,,64,layer_dense|B1|N131072
layer-full,decoder_layer,layer_dense,deepseek_v32_layer,78b69000794d0937b47ae3387eff7663410264d1|ba89a3466e9470ad08ab39738d4e7bb66989e1e7,bf16_weights_fp8_kv,1,131072,7168,64,2048,0,indexer_select,cudagraph,cuda_event_per_iter,ok,,50,10,1,59.904,60.0384,59.584,60.8912,61.5926,0.461057,0.424,0.00767938,,0,16693.4,25062672896,25163726848,,,64,layer_dense|B1|N131072
layer-full,decoder_layer,layer_dense,deepseek_v32_layer,78b69000794d0937b47ae3387eff7663410264d1|ba89a3466e9470ad08ab39738d4e7bb66989e1e7,bf16_weights_fp8_kv,1,131072,7168,64,2048,0,index_map,cudagraph,cuda_event_grouped_14,ok,,50,10,14,3.09714,3.11607,3.05829,3.20606,3.48681,0.082631,0.0337143,0.0265177,,0,322878,25062672896,25163726848,,,64,layer_dense|B1|N131072
layer-full,decoder_layer,layer_dense,deepseek_v32_layer,78b69000794d0937b47ae3387eff7663410264d1|ba89a3466e9470ad08ab39738d4e7bb66989e1e7,bf16_weights_fp8_kv,1,131072,7168,64,2048,0,sparse_mla,cudagraph,cuda_event_grouped_3,ok,,50,10,3,20.2507,20.2754,20.0853,20.5376,20.8252,0.156911,0.136,0.00773897,,0,49381.1,25062672896,25180504064,,,64,layer_dense|B1|N131072
layer-full,decoder_layer,layer_dense,deepseek_v32_layer,78b69000794d0937b47ae3387eff7663410264d1|ba89a3466e9470ad08ab39738d4e7bb66989e1e7,bf16_weights_fp8_kv,1,131072,7168,64,2048,0,o_absorb,cudagraph,cuda_event_grouped_7,ok,,50,10,7,7.61371,7.62267,7.50629,7.70126,7.79717,0.0589943,0.0765711,0.00773932,,0,131342,25062672896,25182601216,,,64,layer_dense|B1|N131072
layer-full,decoder_layer,layer_dense,deepseek_v32_layer,78b69000794d0937b47ae3387eff7663410264d1|ba89a3466e9470ad08ab39738d4e7bb66989e1e7,bf16_weights_fp8_kv,1,131072,7168,64,2048,0,o_proj,cudagraph,cuda_event_per_iter,ok,,50,10,1,135.2,135.288,134.4,136.242,136.725,0.551215,0.663999,0.00407437,,0,7396.45,25062672896,25165824000,,,64,layer_dense|B1|N131072
layer-full,decoder_layer,layer_dense,deepseek_v32_layer,78b69000794d0937b47ae3387eff7663410264d1|ba89a3466e9470ad08ab39738d4e7bb66989e1e7,bf16_weights_fp8_kv,1,131072,7168,64,2048,0,post_norm,cudagraph,cuda_event_grouped_5,ok,,50,10,5,9.8112,9.81811,9.7216,9.92064,10.0595,0.0713241,0.0560004,0.00726455,,0,101924,25062672896,25167921152,,,64,layer_dense|B1|N131072
layer-full,decoder_layer,layer_dense,deepseek_v32_layer,78b69000794d0937b47ae3387eff7663410264d1|ba89a3466e9470ad08ab39738d4e7bb66989e1e7,bf16_weights_fp8_kv,1,131072,7168,64,2048,0,mlp_experts,cudagraph,cuda_event_per_iter,ok,,50,10,1,443.792,443.916,442.4,445.298,446.464,0.851585,0.760004,0.00191835,,0,2253.31,25062672896,25167921152,,,64,layer_dense|B1|N131072
layer-full,decoder_layer,layer_dense,deepseek_v32_layer,78b69000794d0937b47ae3387eff7663410264d1|ba89a3466e9470ad08ab39738d4e7bb66989e1e7,bf16_weights_fp8_kv,1,131072,7168,64,2048,0,layer_total,cudagraph,cuda_event_per_iter,ok,,50,10,1,946.128,946.223,943.84,948.562,949.746,1.30574,1.42398,0.00137994,,0,1056.94,25062672896,25172115456,7350.43,,64,layer_dense|B1|N131072
layer-full,decoder_layer,layer_dense,deepseek_v32_layer,78b69000794d0937b47ae3387eff7663410264d1|ba89a3466e9470ad08ab39738d4e7bb66989e1e7,bf16_weights_fp8_kv,8,8192,7168,64,2048,0,input_norm,eager,cuda_event_grouped_6,ok,,50,10,6,8.39733,8.42272,8.30933,8.53973,8.95147,0.144813,0.116,0.0171932,,0,952683,25008528896,25165824000,,,64,layer_dense|B8|N8192
layer-full,decoder_layer,layer_dense,deepseek_v32_layer,78b69000794d0937b47ae3387eff7663410264d1|ba89a3466e9470ad08ab39738d4e7bb66989e1e7,bf16_weights_fp8_kv,8,8192,7168,64,2048,0,q_down,eager,cuda_event_grouped_3,ok,,50,10,3,19.184,19.2691,18.848,20.0016,21.2518,0.487415,0.245334,0.0252952,,0,417014,25008463360,25165824000,,,64,layer_dense|B8|N8192
layer-full,decoder_layer,layer_dense,deepseek_v32_layer,78b69000794d0937b47ae3387eff7663410264d1|ba89a3466e9470ad08ab39738d4e7bb66989e1e7,bf16_weights_fp8_kv,8,8192,7168,64,2048,0,q_up,eager,cuda_event_grouped_2,ok,,50,10,2,46.264,46.3046,45.68,46.8848,48.372,0.61407,0.636001,0.0132615,,0,172921,25008806912,25165824000,,,64,layer_dense|B8|N8192
layer-full,decoder_layer,layer_dense,deepseek_v32_layer,78b69000794d0937b47ae3387eff7663410264d1|ba89a3466e9470ad08ab39738d4e7bb66989e1e7,bf16_weights_fp8_kv,8,8192,7168,64,2048,0,q_absorb,eager,cuda_event_per_iter,ok,,50,10,1,65.392,65.6563,64.448,67.8768,70.313,1.19437,0.592005,0.0181912,,0,122339,25010772992,25165824000,,,64,layer_dense|B8|N8192
layer-full,decoder_layer,layer_dense,deepseek_v32_layer,78b69000794d0937b47ae3387eff7663410264d1|ba89a3466e9470ad08ab39738d4e7bb66989e1e7,bf16_weights_fp8_kv,8,8192,7168,64,2048,0,kv_down,eager,cuda_event_per_iter,ok,,50,10,1,74.208,74.7347,72.704,77.8992,83.7334,2.16664,0.992,0.028991,,0,107805,25008441344,25165824000,,,64,layer_dense|B8|N8192
layer-full,decoder_layer,layer_dense,deepseek_v32_layer,78b69000794d0937b47ae3387eff7663410264d1|ba89a3466e9470ad08ab39738d4e7bb66989e1e7,bf16_weights_fp8_kv,8,8192,7168,64,2048,0,indexer_proj,eager,cuda_event_per_iter,ok,,50,10,1,64.576,65.1571,63.52,67.6864,77.2646,2.8523,0.928001,0.0437758,,0,123885,25008778240,25165824000,,,64,layer_dense|B8|N8192
layer-full,decoder_layer,layer_dense,deepseek_v32_layer,78b69000794d0937b47ae3387eff7663410264d1|ba89a3466e9470ad08ab39738d4e7bb66989e1e7,bf16_weights_fp8_kv,8,8192,7168,64,2048,0,kv_append,eager,cuda_event_per_iter,ok,,50,10,1,168.384,164.374,152.64,173.402,176.72,7.78397,14.816,0.0473551,,0,47510.5,25008448000,25165824000,,,64,layer_dense|B8|N8192
layer-full,decoder_layer,layer_dense,deepseek_v32_layer,78b69000794d0937b47ae3387eff7663410264d1|ba89a3466e9470ad08ab39738d4e7bb66989e1e7,bf16_weights_fp8_kv,8,8192,7168,64,2048,0,indexer_score,eager,cuda_event_grouped_3,ok,,50,10,3,16.864,16.9536,16.5973,17.6149,18.4469,0.365651,0.210667,0.0215677,,0,474383,25008685056,25165824000,,,64,layer_dense|B8|N8192
layer-full,decoder_layer,layer_dense,deepseek_v32_layer,78b69000794d0937b47ae3387eff7663410264d1|ba89a3466e9470ad08ab39738d4e7bb66989e1e7,bf16_weights_fp8_kv,8,8192,7168,64,2048,0,indexer_select,eager,cuda_event_per_iter,ok,,50,10,1,62.608,62.7539,62.048,63.072,66.6598,1.07545,0.424003,0.0171376,,0,127779,25008872448,25165824000,,,64,layer_dense|B8|N8192
layer-full,decoder_layer,layer_dense,deepseek_v32_layer,78b69000794d0937b47ae3387eff7663410264d1|ba89a3466e9470ad08ab39738d4e7bb66989e1e7,bf16_weights_fp8_kv,8,8192,7168,64,2048,0,index_map,eager,cuda_event_grouped_2,ok,,50,10,2,26.912,27.1027,25.536,29.1968,31.2186,1.28965,1.548,0.0475837,,0,297265,25008479232,25165824000,,,64,layer_dense|B8|N8192
layer-full,decoder_layer,layer_dense,deepseek_v32_layer,78b69000794d0937b47ae3387eff7663410264d1|ba89a3466e9470ad08ab39738d4e7bb66989e1e7,bf16_weights_fp8_kv,8,8192,7168,64,2048,0,sparse_mla,eager,cuda_event_grouped_2,ok,,50,10,2,31,31.0928,30.752,31.248,33.4605,0.615399,0.135999,0.0197923,,0,258065,25026539008,25165824000,,,64,layer_dense|B8|N8192
layer-full,decoder_layer,layer_dense,deepseek_v32_layer,78b69000794d0937b47ae3387eff7663410264d1|ba89a3466e9470ad08ab39738d4e7bb66989e1e7,bf16_weights_fp8_kv,8,8192,7168,64,2048,0,o_absorb,eager,cuda_event_grouped_4,ok,,50,10,4,12.644,12.7373,12.48,13.4036,14.1779,0.35771,0.14,0.0280837,,0,632711,25008937984,25165824000,,,64,layer_dense|B8|N8192
layer-full,decoder_layer,layer_dense,deepseek_v32_layer,78b69000794d0937b47ae3387eff7663410264d1|ba89a3466e9470ad08ab39738d4e7bb66989e1e7,bf16_weights_fp8_kv,8,8192,7168,64,2048,0,o_proj,eager,cuda_event_per_iter,ok,,50,10,1,143.312,143.588,142.368,144.384,149.485,1.5321,0.832006,0.0106701,,0,55822.3,25009052672,25165824000,,,64,layer_dense|B8|N8192
layer-full,decoder_layer,layer_dense,deepseek_v32_layer,78b69000794d0937b47ae3387eff7663410264d1|ba89a3466e9470ad08ab39738d4e7bb66989e1e7,bf16_weights_fp8_kv,8,8192,7168,64,2048,0,post_norm,eager,cuda_event_grouped_5,ok,,50,10,5,11.7248,11.7687,11.6096,11.9203,12.6368,0.213869,0.0832006,0.0181727,,0,682314,25008905728,25165824000,,,64,layer_dense|B8|N8192
layer-full,decoder_layer,layer_dense,deepseek_v32_layer,78b69000794d0937b47ae3387eff7663410264d1|ba89a3466e9470ad08ab39738d4e7bb66989e1e7,bf16_weights_fp8_kv,8,8192,7168,64,2048,0,mlp_experts,eager,cuda_event_per_iter,ok,,50,10,1,459.152,459.561,457.824,460.835,466.358,1.89763,1.2,0.00412923,,0,17423.4,25009970176,25165824000,,,64,layer_dense|B8|N8192
layer-full,decoder_layer,layer_dense,deepseek_v32_layer,78b69000794d0937b47ae3387eff7663410264d1|ba89a3466e9470ad08ab39738d4e7bb66989e1e7,bf16_weights_fp8_kv,8,8192,7168,64,2048,0,layer_total,eager,cuda_event_per_iter,ok,,50,10,1,1079.06,1085.83,1074.91,1081.41,1260.62,49.9947,2.47195,0.0460427,,0,7413.89,25026997760,25167921152,5970.59,,64,layer_dense|B8|N8192
layer-full,decoder_layer,layer_dense,deepseek_v32_layer,78b69000794d0937b47ae3387eff7663410264d1|ba89a3466e9470ad08ab39738d4e7bb66989e1e7,bf16_weights_fp8_kv,8,8192,7168,64,2048,0,input_norm,cudagraph,cuda_event_grouped_6,ok,,50,10,6,8.44,8.45248,8.384,8.53627,8.60939,0.0540615,0.0639999,0.00639593,,0,947867,25008676864,25149046784,,,64,layer_dense|B8|N8192
layer-full,decoder_layer,layer_dense,deepseek_v32_layer,78b69000794d0937b47ae3387eff7663410264d1|ba89a3466e9470ad08ab39738d4e7bb66989e1e7,bf16_weights_fp8_kv,8,8192,7168,64,2048,0,q_down,cudagraph,cuda_event_grouped_4,ok,,50,10,4,14.084,14.1008,14.016,14.2476,14.3977,0.0871575,0.104,0.00618103,,0,568020,25008676864,25151143936,,,64,layer_dense|B8|N8192
layer-full,decoder_layer,layer_dense,deepseek_v32_layer,78b69000794d0937b47ae3387eff7663410264d1|ba89a3466e9470ad08ab39738d4e7bb66989e1e7,bf16_weights_fp8_kv,8,8192,7168,64,2048,0,q_up,cudagraph,cuda_event_grouped_2,ok,,50,10,2,45.832,45.8822,45.52,46.2984,46.384,0.201214,0.204002,0.00438545,,0,174551,25008676864,25151143936,,,64,layer_dense|B8|N8192
layer-full,decoder_layer,layer_dense,deepseek_v32_layer,78b69000794d0937b47ae3387eff7663410264d1|ba89a3466e9470ad08ab39738d4e7bb66989e1e7,bf16_weights_fp8_kv,8,8192,7168,64,2048,0,q_absorb,cudagraph,cuda_event_grouped_2,ok,,50,10,2,28.816,28.8314,28.576,29.2024,29.5813,0.220544,0.224,0.00764944,,0,277624,25008676864,25193086976,,,64,layer_dense|B8|N8192
layer-full,decoder_layer,layer_dense,deepseek_v32_layer,78b69000794d0937b47ae3387eff7663410264d1|ba89a3466e9470ad08ab39738d4e7bb66989e1e7,bf16_weights_fp8_kv,8,8192,7168,64,2048,0,kv_down,cudagraph,cuda_event_grouped_2,ok,,50,10,2,25.696,25.7699,25.648,26.0248,26.4538,0.182196,0.143999,0.00707009,,0,311333,25008676864,25174212608,,,64,layer_dense|B8|N8192
layer-full,decoder_layer,layer_dense,deepseek_v32_layer,78b69000794d0937b47ae3387eff7663410264d1|ba89a3466e9470ad08ab39738d4e7bb66989e1e7,bf16_weights_fp8_kv,8,8192,7168,64,2048,0,indexer_proj,cudagraph,cuda_event_grouped_2,ok,,50,10,2,38.752,38.8022,38.608,39.1392,39.4445,0.181481,0.124001,0.00467707,,0,206441,25008676864,25176309760,,,64,layer_dense|B8|N8192
layer-full,decoder_layer,layer_dense,deepseek_v32_layer,78b69000794d0937b47ae3387eff7663410264d1|ba89a3466e9470ad08ab39738d4e7bb66989e1e7,bf16_weights_fp8_kv,8,8192,7168,64,2048,0,kv_append,cudagraph,cuda_event_per_iter,ok,,50,10,1,57.168,57.2275,56.928,58.0192,58.4874,0.360346,0.223998,0.00629673,,0,139938,25008676864,25176309760,,,64,layer_dense|B8|N8192
layer-full,decoder_layer,layer_dense,deepseek_v32_layer,78b69000794d0937b47ae3387eff7663410264d1|ba89a3466e9470ad08ab39738d4e7bb66989e1e7,bf16_weights_fp8_kv,8,8192,7168,64,2048,0,indexer_score,cudagraph,cuda_event_grouped_6,ok,,50,10,6,9.61333,9.62336,9.50933,9.73387,9.80656,0.06696,0.0826667,0.00695807,,0,832178,25008676864,25178406912,,,64,layer_dense|B8|N8192
layer-full,decoder_layer,layer_dense,deepseek_v32_layer,78b69000794d0937b47ae3387eff7663410264d1|ba89a3466e9470ad08ab39738d4e7bb66989e1e7,bf16_weights_fp8_kv,8,8192,7168,64,2048,0,indexer_select,cudagraph,cuda_event_per_iter,ok,,50,10,1,61.312,61.433,60.992,62.0576,62.6166,0.348287,0.223998,0.00566939,,0,130480,25008676864,25178406912,,,64,layer_dense|B8|N8192
layer-full,decoder_layer,layer_dense,deepseek_v32_layer,78b69000794d0937b47ae3387eff7663410264d1|ba89a3466e9470ad08ab39738d4e7bb66989e1e7,bf16_weights_fp8_kv,8,8192,7168,64,2048,0,index_map,cudagraph,cuda_event_grouped_13,ok,,50,10,13,3.10031,3.13246,3.05969,3.2768,3.66555,0.133396,0.0313846,0.0425851,,0,2.58039e+06,25008676864,25178406912,,,64,layer_dense|B8|N8192
layer-full,decoder_layer,layer_dense,deepseek_v32_layer,78b69000794d0937b47ae3387eff7663410264d1|ba89a3466e9470ad08ab39738d4e7bb66989e1e7,bf16_weights_fp8_kv,8,8192,7168,64,2048,0,sparse_mla,cudagraph,cuda_event_grouped_2,ok,,50,10,2,30.72,30.7939,30.496,31.2064,31.6949,0.26169,0.175999,0.0084981,,0,260417,25008676864,25197281280,,,64,layer_dense|B8|N8192
layer-full,decoder_layer,layer_dense,deepseek_v32_layer,78b69000794d0937b47ae3387eff7663410264d1|ba89a3466e9470ad08ab39738d4e7bb66989e1e7,bf16_weights_fp8_kv,8,8192,7168,64,2048,0,o_absorb,cudagraph,cuda_event_grouped_7,ok,,50,10,7,7.50171,7.50811,7.43314,7.59246,7.6464,0.0475795,0.0571428,0.00633707,,0,1.06642e+06,25008676864,25199378432,,,64,layer_dense|B8|N8192
layer-full,decoder_layer,layer_dense,deepseek_v32_layer,78b69000794d0937b47ae3387eff7663410264d1|ba89a3466e9470ad08ab39738d4e7bb66989e1e7,bf16_weights_fp8_kv,8,8192,7168,64,2048,0,o_proj,cudagraph,cuda_event_per_iter,ok,,50,10,1,141.92,141.953,140.992,142.77,143.468,0.498765,0.463996,0.00351359,,0,56369.8,25008676864,25180504064,,,64,layer_dense|B8|N8192
layer-full,decoder_layer,layer_dense,deepseek_v32_layer,78b69000794d0937b47ae3387eff7663410264d1|ba89a3466e9470ad08ab39738d4e7bb66989e1e7,bf16_weights_fp8_kv,8,8192,7168,64,2048,0,post_norm,cudagraph,cuda_event_grouped_5,ok,,50,10,5,10.72,10.7377,10.656,10.8237,10.956,0.0649279,0.0623997,0.00604674,,0,746269,25008676864,25182601216,,,64,layer_dense|B8|N8192
layer-full,decoder_layer,layer_dense,deepseek_v32_layer,78b69000794d0937b47ae3387eff7663410264d1|ba89a3466e9470ad08ab39738d4e7bb66989e1e7,bf16_weights_fp8_kv,8,8192,7168,64,2048,0,mlp_experts,cudagraph,cuda_event_per_iter,ok,,50,10,1,449.888,449.852,448.16,450.866,451.598,0.765056,1.008,0.00170069,,0,17782.2,25008676864,25182601216,,,64,layer_dense|B8|N8192
layer-full,decoder_layer,layer_dense,deepseek_v32_layer,78b69000794d0937b47ae3387eff7663410264d1|ba89a3466e9470ad08ab39738d4e7bb66989e1e7,bf16_weights_fp8_kv,8,8192,7168,64,2048,0,layer_total,cudagraph,cuda_event_per_iter,ok,,50,10,1,994.16,994.262,991.808,995.946,997.515,1.24904,1.64004,0.00125625,,0,8046.99,25008676864,25195184128,5970.59,,64,layer_dense|B8|N8192
layer-full,decoder_layer,layer_dense,deepseek_v32_layer,78b69000794d0937b47ae3387eff7663410264d1|ba89a3466e9470ad08ab39738d4e7bb66989e1e7,bf16_weights_fp8_kv,8,32768,7168,64,2048,0,input_norm,eager,cuda_event_grouped_6,ok,,50,10,6,8.472,8.49291,8.30933,8.59493,8.93733,0.128927,0.0839996,0.0151805,,0,944287,25190261248,25409093632,,,64,layer_dense|B8|N32768
layer-full,decoder_layer,layer_dense,deepseek_v32_layer,78b69000794d0937b47ae3387eff7663410264d1|ba89a3466e9470ad08ab39738d4e7bb66989e1e7,bf16_weights_fp8_kv,8,32768,7168,64,2048,0,q_down,eager,cuda_event_grouped_3,ok,,50,10,3,19.1413,19.6905,18.7733,21.4683,22.947,1.03855,1.488,0.0527437,,0,417944,25190195712,25409093632,,,64,layer_dense|B8|N32768
layer-full,decoder_layer,layer_dense,deepseek_v32_layer,78b69000794d0937b47ae3387eff7663410264d1|ba89a3466e9470ad08ab39738d4e7bb66989e1e7,bf16_weights_fp8_kv,8,32768,7168,64,2048,0,q_up,eager,cuda_event_grouped_2,ok,,50,10,2,46.224,46.3328,45.744,46.8368,48.4771,0.608344,0.560001,0.0131299,,0,173070,25190539264,25409093632,,,64,layer_dense|B8|N32768
layer-full,decoder_layer,layer_dense,deepseek_v32_layer,78b69000794d0937b47ae3387eff7663410264d1|ba89a3466e9470ad08ab39738d4e7bb66989e1e7,bf16_weights_fp8_kv,8,32768,7168,64,2048,0,q_absorb,eager,cuda_event_per_iter,ok,,50,10,1,60.32,60.8422,59.552,63.2016,70.0918,2.24733,0.680001,0.0369371,,0,132626,25192505344,25409093632,,,64,layer_dense|B8|N32768
layer-full,decoder_layer,layer_dense,deepseek_v32_layer,78b69000794d0937b47ae3387eff7663410264d1|ba89a3466e9470ad08ab39738d4e7bb66989e1e7,bf16_weights_fp8_kv,8,32768,7168,64,2048,0,kv_down,eager,cuda_event_per_iter,ok,,50,10,1,74.4,74.9632,73.216,78.592,81.5475,1.75833,0.664005,0.0234559,,0,107527,25190173696,25409093632,,,64,layer_dense|B8|N32768
layer-full,decoder_layer,layer_dense,deepseek_v32_layer,78b69000794d0937b47ae3387eff7663410264d1|ba89a3466e9470ad08ab39738d4e7bb66989e1e7,bf16_weights_fp8_kv,8,32768,7168,64,2048,0,indexer_proj,eager,cuda_event_per_iter,ok,,50,10,1,64.736,66.6765,63.04,71.216,72.4218,2.97994,5.60001,0.0446925,,0,123579,25190510592,25409093632,,,64,layer_dense|B8|N32768
layer-full,decoder_layer,layer_dense,deepseek_v32_layer,78b69000794d0937b47ae3387eff7663410264d1|ba89a3466e9470ad08ab39738d4e7bb66989e1e7,bf16_weights_fp8_kv,8,32768,7168,64,2048,0,kv_append,eager,cuda_event_per_iter,ok,,50,10,1,154.368,155.285,151.936,162.163,164.132,2.86469,2.216,0.0184479,,0,51824.2,25190180352,25409093632,,,64,layer_dense|B8|N32768
layer-full,decoder_layer,layer_dense,deepseek_v32_layer,78b69000794d0937b47ae3387eff7663410264d1|ba89a3466e9470ad08ab39738d4e7bb66989e1e7,bf16_weights_fp8_kv,8,32768,7168,64,2048,0,indexer_score,eager,cuda_event_grouped_3,ok,,50,10,3,16.736,16.8994,16.416,17.68,20.0864,0.703094,0.226667,0.0416046,,0,478011,25191326720,25409093632,,,64,layer_dense|B8|N32768
layer-full,decoder_layer,layer_dense,deepseek_v32_layer,78b69000794d0937b47ae3387eff7663410264d1|ba89a3466e9470ad08ab39738d4e7bb66989e1e7,bf16_weights_fp8_kv,8,32768,7168,64,2048,0,indexer_select,eager,cuda_event_per_iter,ok,,50,10,1,76.032,76.3283,75.36,77.3072,82.0397,1.52207,0.535997,0.0199411,,0,105219,25191535616,25409093632,,,64,layer_dense|B8|N32768
layer-full,decoder_layer,layer_dense,deepseek_v32_layer,78b69000794d0937b47ae3387eff7663410264d1|ba89a3466e9470ad08ab39738d4e7bb66989e1e7,bf16_weights_fp8_kv,8,32768,7168,64,2048,0,index_map,eager,cuda_event_grouped_2,ok,,50,10,2,27.464,27.6189,25.44,29.2344,31.276,1.21295,1.304,0.0439174,,0,291290,25190211584,25409093632,,,64,layer_dense|B8|N32768
layer-full,decoder_layer,layer_dense,deepseek_v32_layer,78b69000794d0937b47ae3387eff7663410264d1|ba89a3466e9470ad08ab39738d4e7bb66989e1e7,bf16_weights_fp8_kv,8,32768,7168,64,2048,0,sparse_mla,eager,cuda_event_grouped_2,ok,,50,10,2,31.104,31.2525,30.752,31.424,34.3725,0.686956,0.204,0.0219808,,0,257202,25208271360,25409093632,,,64,layer_dense|B8|N32768
layer-full,decoder_layer,layer_dense,deepseek_v32_layer,78b69000794d0937b47ae3387eff7663410264d1|ba89a3466e9470ad08ab39738d4e7bb66989e1e7,bf16_weights_fp8_kv,8,32768,7168,64,2048,0,o_absorb,eager,cuda_event_grouped_4,ok,,50,10,4,12.58,12.6158,12.392,13.2296,13.3686,0.221882,0.152,0.0175876,,0,635930,25190670336,25409093632,,,64,layer_dense|B8|N32768
layer-full,decoder_layer,layer_dense,deepseek_v32_layer,78b69000794d0937b47ae3387eff7663410264d1|ba89a3466e9470ad08ab39738d4e7bb66989e1e7,bf16_weights_fp8_kv,8,32768,7168,64,2048,0,o_proj,eager,cuda_event_per_iter,ok,,50,10,1,143.536,143.825,142.432,144.813,149.56,1.57759,0.903998,0.0109688,,0,55735.1,25190785024,25409093632,,,64,layer_dense|B8|N32768
layer-full,decoder_layer,layer_dense,deepseek_v32_layer,78b69000794d0937b47ae3387eff7663410264d1|ba89a3466e9470ad08ab39738d4e7bb66989e1e7,bf16_weights_fp8_kv,8,32768,7168,64,2048,0,post_norm,eager,cuda_event_grouped_4,ok,,50,10,4,11.672,11.727,11.536,11.88,12.7112,0.266335,0.146,0.0227112,,0,685401,25190638080,25409093632,,,64,layer_dense|B8|N32768
layer-full,decoder_layer,layer_dense,deepseek_v32_layer,78b69000794d0937b47ae3387eff7663410264d1|ba89a3466e9470ad08ab39738d4e7bb66989e1e7,bf16_weights_fp8_kv,8,32768,7168,64,2048,0,mlp_experts,eager,cuda_event_per_iter,ok,,50,10,1,459.184,459.528,457.344,460.746,467.091,2.06199,1.01598,0.00448719,,0,17422.2,25191702528,25409093632,,,64,layer_dense|B8|N32768
layer-full,decoder_layer,layer_dense,deepseek_v32_layer,78b69000794d0937b47ae3387eff7663410264d1|ba89a3466e9470ad08ab39738d4e7bb66989e1e7,bf16_weights_fp8_kv,8,32768,7168,64,2048,0,layer_total,eager,cuda_event_per_iter,ok,,50,10,1,1108.11,1116.09,1104.99,1110.78,1311.84,56.0007,2.60001,0.0501758,,0,7219.49,25208730112,25411190784,10297.2,,64,layer_dense|B8|N32768
layer-full,decoder_layer,layer_dense,deepseek_v32_layer,78b69000794d0937b47ae3387eff7663410264d1|ba89a3466e9470ad08ab39738d4e7bb66989e1e7,bf16_weights_fp8_kv,8,32768,7168,64,2048,0,input_norm,cudagraph,cuda_event_grouped_6,ok,,50,10,6,8.37867,8.39627,8.33067,8.4952,8.64619,0.0671362,0.0639999,0.00799596,,0,954806,25190409216,25341984768,,,64,layer_dense|B8|N32768
layer-full,decoder_layer,layer_dense,deepseek_v32_layer,78b69000794d0937b47ae3387eff7663410264d1|ba89a3466e9470ad08ab39738d4e7bb66989e1e7,bf16_weights_fp8_kv,8,32768,7168,64,2048,0,q_down,cudagraph,cuda_event_grouped_4,ok,,50,10,4,13.608,13.6354,13.52,13.816,13.8932,0.0906696,0.118,0.00664959,,0,587889,25190409216,25344081920,,,64,layer_dense|B8|N32768
layer-full,decoder_layer,layer_dense,deepseek_v32_layer,78b69000794d0937b47ae3387eff7663410264d1|ba89a3466e9470ad08ab39738d4e7bb66989e1e7,bf16_weights_fp8_kv,8,32768,7168,64,2048,0,q_up,cudagraph,cuda_event_grouped_2,ok,,50,10,2,45.712,45.7418,45.44,46.012,46.2984,0.17022,0.159997,0.00372134,,0,175009,25190409216,25346179072,,,64,layer_dense|B8|N32768
layer-full,decoder_layer,layer_dense,deepseek_v32_layer,78b69000794d0937b47ae3387eff7663410264d1|ba89a3466e9470ad08ab39738d4e7bb66989e1e7,bf16_weights_fp8_kv,8,32768,7168,64,2048,0,q_absorb,cudagraph,cuda_event_grouped_2,ok,,50,10,2,28.544,28.633,28.368,28.9528,29.3099,0.213764,0.263999,0.00746566,,0,280269,25190409216,25388122112,,,64,layer_dense|B8|N32768
layer-full,decoder_layer,layer_dense,deepseek_v32_layer,78b69000794d0937b47ae3387eff7663410264d1|ba89a3466e9470ad08ab39738d4e7bb66989e1e7,bf16_weights_fp8_kv,8,32768,7168,64,2048,0,kv_down,cudagraph,cuda_event_grouped_2,ok,,50,10,2,26.128,26.1805,26.032,26.4688,26.781,0.170068,0.104001,0.006496,,0,306185,25190409216,25371344896,,,64,layer_dense|B8|N32768
layer-full,decoder_layer,layer_dense,deepseek_v32_layer,78b69000794d0937b47ae3387eff7663410264d1|ba89a3466e9470ad08ab39738d4e7bb66989e1e7,bf16_weights_fp8_kv,8,32768,7168,64,2048,0,indexer_proj,cudagraph,cuda_event_grouped_2,ok,,50,10,2,37.744,37.7923,37.584,38.1616,38.4528,0.180658,0.0800006,0.00478028,,0,211954,25190409216,25371344896,,,64,layer_dense|B8|N32768
layer-full,decoder_layer,layer_dense,deepseek_v32_layer,78b69000794d0937b47ae3387eff7663410264d1|ba89a3466e9470ad08ab39738d4e7bb66989e1e7,bf16_weights_fp8_kv,8,32768,7168,64,2048,0,kv_append,cudagraph,cuda_event_per_iter,ok,,50,10,1,56.992,57.1117,56.864,57.7776,58.6147,0.385564,0.0639968,0.00675106,,0,140371,25190409216,25371344896,,,64,layer_dense|B8|N32768
layer-full,decoder_layer,layer_dense,deepseek_v32_layer,78b69000794d0937b47ae3387eff7663410264d1|ba89a3466e9470ad08ab39738d4e7bb66989e1e7,bf16_weights_fp8_kv,8,32768,7168,64,2048,0,indexer_score,cudagraph,cuda_event_grouped_4,ok,,50,10,4,14.612,14.6221,14.416,14.8024,15.0576,0.131856,0.114,0.00901758,,0,547495,25190409216,25394413568,,,64,layer_dense|B8|N32768
layer-full,decoder_layer,layer_dense,deepseek_v32_layer,78b69000794d0937b47ae3387eff7663410264d1|ba89a3466e9470ad08ab39738d4e7bb66989e1e7,bf16_weights_fp8_kv,8,32768,7168,64,2048,0,indexer_select,cudagraph,cuda_event_per_iter,ok,,50,10,1,56.128,56.2138,55.936,56.7712,57.3712,0.333397,0.279998,0.00593088,,0,142531,25190409216,25394413568,,,64,layer_dense|B8|N32768
layer-full,decoder_layer,layer_dense,deepseek_v32_layer,78b69000794d0937b47ae3387eff7663410264d1|ba89a3466e9470ad08ab39738d4e7bb66989e1e7,bf16_weights_fp8_kv,8,32768,7168,64,2048,0,index_map,cudagraph,cuda_event_grouped_14,ok,,50,10,14,3.11086,3.13399,3.03771,3.21006,3.63751,0.117255,0.0405713,0.0374139,,0,2.57164e+06,25190409216,25373442048,,,64,layer_dense|B8|N32768
layer-full,decoder_layer,layer_dense,deepseek_v32_layer,78b69000794d0937b47ae3387eff7663410264d1|ba89a3466e9470ad08ab39738d4e7bb66989e1e7,bf16_weights_fp8_kv,8,32768,7168,64,2048,0,sparse_mla,cudagraph,cuda_event_grouped_2,ok,,50,10,2,30.52,30.5888,30.24,31.0056,31.6045,0.274685,0.279999,0.00897994,,0,262123,25190409216,25392316416,,,64,layer_dense|B8|N32768
layer-full,decoder_layer,layer_dense,deepseek_v32_layer,78b69000794d0937b47ae3387eff7663410264d1|ba89a3466e9470ad08ab39738d4e7bb66989e1e7,bf16_weights_fp8_kv,8,32768,7168,64,2048,0,o_absorb,cudagraph,cuda_event_grouped_7,ok,,50,10,7,7.49714,7.51205,7.41486,7.584,7.72343,0.0625223,0.064,0.00832294,,0,1.06707e+06,25190409216,25394413568,,,64,layer_dense|B8|N32768
layer-full,decoder_layer,layer_dense,deepseek_v32_layer,78b69000794d0937b47ae3387eff7663410264d1|ba89a3466e9470ad08ab39738d4e7bb66989e1e7,bf16_weights_fp8_kv,8,32768,7168,64,2048,0,o_proj,cudagraph,cuda_event_per_iter,ok,,50,10,1,142.016,142.023,141.184,142.723,143.57,0.543416,0.847999,0.00382625,,0,56331.7,25190409216,25375539200,,,64,layer_dense|B8|N32768
layer-full,decoder_layer,layer_dense,deepseek_v32_layer,78b69000794d0937b47ae3387eff7663410264d1|ba89a3466e9470ad08ab39738d4e7bb66989e1e7,bf16_weights_fp8_kv,8,32768,7168,64,2048,0,post_norm,cudagraph,cuda_event_grouped_5,ok,,50,10,5,10.6592,10.684,10.6112,10.7811,10.8686,0.0664214,0.0767998,0.00621688,,0,750525,25190409216,25377636352,,,64,layer_dense|B8|N32768
layer-full,decoder_layer,layer_dense,deepseek_v32_layer,78b69000794d0937b47ae3387eff7663410264d1|ba89a3466e9470ad08ab39738d4e7bb66989e1e7,bf16_weights_fp8_kv,8,32768,7168,64,2048,0,mlp_experts,cudagraph,cuda_event_per_iter,ok,,50,10,1,449.552,449.532,447.968,451.002,451.795,0.837548,0.992,0.00186316,,0,17795.5,25190409216,25377636352,,,64,layer_dense|B8|N32768
layer-full,decoder_layer,layer_dense,deepseek_v32_layer,78b69000794d0937b47ae3387eff7663410264d1|ba89a3466e9470ad08ab39738d4e7bb66989e1e7,bf16_weights_fp8_kv,8,32768,7168,64,2048,0,layer_total,cudagraph,cuda_event_per_iter,ok,,50,10,1,1010.27,1010.44,1008.03,1012.43,1014.09,1.22794,1.43197,0.00121525,,0,7918.66,25190409216,25390219264,10297.2,,64,layer_dense|B8|N32768
layer-full,decoder_layer,layer_dense,deepseek_v32_layer,78b69000794d0937b47ae3387eff7663410264d1|ba89a3466e9470ad08ab39738d4e7bb66989e1e7,bf16_weights_fp8_kv,8,131072,7168,64,2048,0,input_norm,eager,cuda_event_grouped_6,ok,,50,10,6,8.46933,8.48416,8.31467,8.58133,8.93941,0.12433,0.0786666,0.0146543,,0,944584,25916107264,26658996224,,,64,layer_dense|B8|N131072
layer-full,decoder_layer,layer_dense,deepseek_v32_layer,78b69000794d0937b47ae3387eff7663410264d1|ba89a3466e9470ad08ab39738d4e7bb66989e1e7,bf16_weights_fp8_kv,8,131072,7168,64,2048,0,q_down,eager,cuda_event_grouped_3,ok,,50,10,3,19.4187,21.6557,18.8053,28.6416,29.7297,3.58736,5.128,0.165655,,0,411975,25916041728,26658996224,,,64,layer_dense|B8|N131072
layer-full,decoder_layer,layer_dense,deepseek_v32_layer,78b69000794d0937b47ae3387eff7663410264d1|ba89a3466e9470ad08ab39738d4e7bb66989e1e7,bf16_weights_fp8_kv,8,131072,7168,64,2048,0,q_up,eager,cuda_event_grouped_2,ok,,50,10,2,46.152,46.257,45.6,46.6344,48.3203,0.616664,0.648001,0.0133313,,0,173340,25916385280,26658996224,,,64,layer_dense|B8|N131072
layer-full,decoder_layer,layer_dense,deepseek_v32_layer,78b69000794d0937b47ae3387eff7663410264d1|ba89a3466e9470ad08ab39738d4e7bb66989e1e7,bf16_weights_fp8_kv,8,131072,7168,64,2048,0,q_absorb,eager,cuda_event_per_iter,ok,,50,10,1,60.56,61.5059,59.744,65.6576,77.4202,4.0557,0.903999,0.0659399,,0,132100,25918015488,26658996224,,,64,layer_dense|B8|N131072
layer-full,decoder_layer,layer_dense,deepseek_v32_layer,78b69000794d0937b47ae3387eff7663410264d1|ba89a3466e9470ad08ab39738d4e7bb66989e1e7,bf16_weights_fp8_kv,8,131072,7168,64,2048,0,kv_down,eager,cuda_event_per_iter,ok,,50,10,1,74.432,74.8966,73.536,78.3744,80.7386,1.60114,0.736006,0.021378,,0,107481,25915438080,26658996224,,,64,layer_dense|B8|N131072
layer-full,decoder_layer,layer_dense,deepseek_v32_layer,78b69000794d0937b47ae3387eff7663410264d1|ba89a3466e9470ad08ab39738d4e7bb66989e1e7,bf16_weights_fp8_kv,8,131072,7168,64,2048,0,indexer_proj,eager,cuda_event_per_iter,ok,,50,10,1,65.056,65.7978,64,70.7728,74.9638,2.33395,1.048,0.0354716,,0,122971,25915774976,26658996224,,,64,layer_dense|B8|N131072
layer-full,decoder_layer,layer_dense,deepseek_v32_layer,78b69000794d0937b47ae3387eff7663410264d1|ba89a3466e9470ad08ab39738d4e7bb66989e1e7,bf16_weights_fp8_kv,8,131072,7168,64,2048,0,kv_append,eager,cuda_event_per_iter,ok,,50,10,1,154.8,155.869,153.024,163.714,169.411,3.5959,1.736,0.0230699,,0,51679.6,25915444736,26658996224,,,64,layer_dense|B8|N131072
layer-full,decoder_layer,layer_dense,deepseek_v32_layer,78b69000794d0937b47ae3387eff7663410264d1|ba89a3466e9470ad08ab39738d4e7bb66989e1e7,bf16_weights_fp8_kv,8,131072,7168,64,2048,0,indexer_score,eager,cuda_event_per_iter,ok,,50,10,1,89.664,89.8547,87.776,91.008,95.1648,1.40534,0.879999,0.0156401,,0,89222,25919613952,26658996224,,,64,layer_dense|B8|N131072
layer-full,decoder_layer,layer_dense,deepseek_v32_layer,78b69000794d0937b47ae3387eff7663410264d1|ba89a3466e9470ad08ab39738d4e7bb66989e1e7,bf16_weights_fp8_kv,8,131072,7168,64,2048,0,indexer_select,eager,cuda_event_per_iter,ok,,50,10,1,101.216,101.165,99.168,102.25,105.746,1.3938,1.24,0.0137775,,0,79038.9,25920171008,26658996224,,,64,layer_dense|B8|N131072
layer-full,decoder_layer,layer_dense,deepseek_v32_layer,78b69000794d0937b47ae3387eff7663410264d1|ba89a3466e9470ad08ab39738d4e7bb66989e1e7,bf16_weights_fp8_kv,8,131072,7168,64,2048,0,index_map,eager,cuda_event_grouped_2,ok,,50,10,2,27.008,27.2986,25.6,29.5032,31.3827,1.16153,0.948,0.0425492,,0,296209,25915475968,26658996224,,,64,layer_dense|B8|N131072
layer-full,decoder_layer,layer_dense,deepseek_v32_layer,78b69000794d0937b47ae3387eff7663410264d1|ba89a3466e9470ad08ab39738d4e7bb66989e1e7,bf16_weights_fp8_kv,8,131072,7168,64,2048,0,sparse_mla,eager,cuda_event_grouped_2,ok,,50,10,2,31.248,31.3469,30.864,31.5872,33.8637,0.667387,0.2,0.0212904,,0,256016,25933535744,26658996224,,,64,layer_dense|B8|N131072
layer-full,decoder_layer,layer_dense,deepseek_v32_layer,78b69000794d0937b47ae3387eff7663410264d1|ba89a3466e9470ad08ab39738d4e7bb66989e1e7,bf16_weights_fp8_kv,8,131072,7168,64,2048,0,o_absorb,eager,cuda_event_grouped_4,ok,,50,10,4,12.456,12.5646,12.2,13.12,13.6344,0.319616,0.236,0.0254378,,0,642261,25915934720,26658996224,,,64,layer_dense|B8|N131072
layer-full,decoder_layer,layer_dense,deepseek_v32_layer,78b69000794d0937b47ae3387eff7663410264d1|ba89a3466e9470ad08ab39738d4e7bb66989e1e7,bf16_weights_fp8_kv,8,131072,7168,64,2048,0,o_proj,eager,cuda_event_per_iter,ok,,50,10,1,143.664,143.868,142.336,145.246,149.466,1.51793,0.751995,0.0105508,,0,55685.5,25916049408,26658996224,,,64,layer_dense|B8|N131072
layer-full,decoder_layer,layer_dense,deepseek_v32_layer,78b69000794d0937b47ae3387eff7663410264d1|ba89a3466e9470ad08ab39738d4e7bb66989e1e7,bf16_weights_fp8_kv,8,131072,7168,64,2048,0,post_norm,eager,cuda_event_grouped_5,ok,,50,10,5,11.5744,11.6371,11.4368,11.8272,12.974,0.287671,0.1008,0.0247201,,0,691181,25915902464,26658996224,,,64,layer_dense|B8|N131072
layer-full,decoder_layer,layer_dense,deepseek_v32_layer,78b69000794d0937b47ae3387eff7663410264d1|ba89a3466e9470ad08ab39738d4e7bb66989e1e7,bf16_weights_fp8_kv,8,131072,7168,64,2048,0,mlp_experts,eager,cuda_event_per_iter,ok,,50,10,1,458.704,458.831,456.864,459.686,464.696,1.63435,0.927992,0.00356199,,0,17440.4,25916966912,26658996224,,,64,layer_dense|B8|N131072
layer-full,decoder_layer,layer_dense,deepseek_v32_layer,78b69000794d0937b47ae3387eff7663410264d1|ba89a3466e9470ad08ab39738d4e7bb66989e1e7,bf16_weights_fp8_kv,8,131072,7168,64,2048,0,layer_total,eager,cuda_event_per_iter,ok,,50,10,1,1188.85,1195.81,1185.73,1192.15,1363.48,47.9198,2.85599,0.0400732,,0,6729.2,25934240256,26661093376,28295.6,,64,layer_dense|B8|N131072
layer-full,decoder_layer,layer_dense,deepseek_v32_layer,78b69000794d0937b47ae3387eff7663410264d1|ba89a3466e9470ad08ab39738d4e7bb66989e1e7,bf16_weights_fp8_kv,8,131072,7168,64,2048,0,input_norm,cudagraph,cuda_event_grouped_6,ok,,50,10,6,8.47467,8.48192,8.35733,8.57653,8.65392,0.0573787,0.0626671,0.00676482,,0,943990,25915919360,26461863936,,,64,layer_dense|B8|N131072
layer-full,decoder_layer,layer_dense,deepseek_v32_layer,78b69000794d0937b47ae3387eff7663410264d1|ba89a3466e9470ad08ab39738d4e7bb66989e1e7,bf16_weights_fp8_kv,8,131072,7168,64,2048,0,q_down,cudagraph,cuda_event_grouped_4,ok,,50,10,4,13.608,13.6371,13.536,13.8024,13.9786,0.0980031,0.0719996,0.0071865,,0,587889,25915919360,26463961088,,,64,layer_dense|B8|N131072
layer-full,decoder_layer,layer_dense,deepseek_v32_layer,78b69000794d0937b47ae3387eff7663410264d1|ba89a3466e9470ad08ab39738d4e7bb66989e1e7,bf16_weights_fp8_kv,8,131072,7168,64,2048,0,q_up,cudagraph,cuda_event_grouped_2,ok,,50,10,2,45.912,45.9475,45.664,46.2448,46.523,0.17655,0.184001,0.00384242,,0,174246,25915919360,26466058240,,,64,layer_dense|B8|N131072
layer-full,decoder_layer,layer_dense,deepseek_v32_layer,78b69000794d0937b47ae3387eff7663410264d1|ba89a3466e9470ad08ab39738d4e7bb66989e1e7,bf16_weights_fp8_kv,8,131072,7168,64,2048,0,q_absorb,cudagraph,cuda_event_grouped_2,ok,,50,10,2,28.104,28.2291,27.968,28.6304,28.8421,0.223099,0.308,0.00790315,,0,284657,25915673600,26508001280,,,64,layer_dense|B8|N131072
layer-full,decoder_layer,layer_dense,deepseek_v32_layer,78b69000794d0937b47ae3387eff7663410264d1|ba89a3466e9470ad08ab39738d4e7bb66989e1e7,bf16_weights_fp8_kv,8,131072,7168,64,2048,0,kv_down,cudagraph,cuda_event_grouped_2,ok,,50,10,2,25.984,26.0214,25.824,26.3568,26.6853,0.187362,0.124001,0.00720029,,0,307882,25915673600,26489126912,,,64,layer_dense|B8|N131072
layer-full,decoder_layer,layer_dense,deepseek_v32_layer,78b69000794d0937b47ae3387eff7663410264d1|ba89a3466e9470ad08ab39738d4e7bb66989e1e7,bf16_weights_fp8_kv,8,131072,7168,64,2048,0,indexer_proj,cudagraph,cuda_event_grouped_2,ok,,50,10,2,37.928,37.9654,37.808,38.1984,38.6294,0.170844,0.123997,0.00449998,,0,210926,25915673600,26491224064,,,64,layer_dense|B8|N131072
layer-full,decoder_layer,layer_dense,deepseek_v32_layer,78b69000794d0937b47ae3387eff7663410264d1|ba89a3466e9470ad08ab39738d4e7bb66989e1e7,bf16_weights_fp8_kv,8,131072,7168,64,2048,0,kv_append,cudagraph,cuda_event_per_iter,ok,,50,10,1,57.152,57.2749,57.088,57.8768,58.4906,0.323918,0.0560004,0.0056555,,0,139978,25915673600,26491224064,,,64,layer_dense|B8|N131072
layer-full,decoder_layer,layer_dense,deepseek_v32_layer,78b69000794d0937b47ae3387eff7663410264d1|ba89a3466e9470ad08ab39738d4e7bb66989e1e7,bf16_weights_fp8_kv,8,131072,7168,64,2048,0,indexer_score,cudagraph,cuda_event_per_iter,ok,,50,10,1,89.024,89.1226,87.264,90.3584,91.113,0.681828,0.512004,0.00765045,,0,89863.4,25915673600,26514292736,,,64,layer_dense|B8|N131072
layer-full,decoder_layer,layer_dense,deepseek_v32_layer,78b69000794d0937b47ae3387eff7663410264d1|ba89a3466e9470ad08ab39738d4e7bb66989e1e7,bf16_weights_fp8_kv,8,131072,7168,64,2048,0,indexer_select,cudagraph,cuda_event_per_iter,ok,,50,10,1,80.672,80.7142,79.808,81.2016,82.0784,0.448067,0.479996,0.00555127,,0,99167,25915673600,26535264256,,,64,layer_dense|B8|N131072
layer-full,decoder_layer,layer_dense,deepseek_v32_layer,78b69000794d0937b47ae3387eff7663410264d1|ba89a3466e9470ad08ab39738d4e7bb66989e1e7,bf16_weights_fp8_kv,8,131072,7168,64,2048,0,index_map,cudagraph,cuda_event_grouped_14,ok,,50,10,14,3.13829,3.15685,3.05143,3.22914,3.59054,0.0974896,0.032,0.030882,,0,2.54916e+06,25915673600,26514292736,,,64,layer_dense|B8|N131072
layer-full,decoder_layer,layer_dense,deepseek_v32_layer,78b69000794d0937b47ae3387eff7663410264d1|ba89a3466e9470ad08ab39738d4e7bb66989e1e7,bf16_weights_fp8_kv,8,131072,7168,64,2048,0,sparse_mla,cudagraph,cuda_event_grouped_2,ok,,50,10,2,30.736,30.8074,30.576,31.1696,31.8382,0.261736,0.192,0.00849589,,0,260281,25915673600,26512195584,,,64,layer_dense|B8|N131072
layer-full,decoder_layer,layer_dense,deepseek_v32_layer,78b69000794d0937b47ae3387eff7663410264d1|ba89a3466e9470ad08ab39738d4e7bb66989e1e7,bf16_weights_fp8_kv,8,131072,7168,64,2048,0,o_absorb,cudagraph,cuda_event_grouped_7,ok,,50,10,7,7.46971,7.47557,7.37371,7.55909,7.6352,0.0557061,0.0708572,0.00745175,,0,1.07099e+06,25915673600,26514292736,,,64,layer_dense|B8|N131072
layer-full,decoder_layer,layer_dense,deepseek_v32_layer,78b69000794d0937b47ae3387eff7663410264d1|ba89a3466e9470ad08ab39738d4e7bb66989e1e7,bf16_weights_fp8_kv,8,131072,7168,64,2048,0,o_proj,cudagraph,cuda_event_per_iter,ok,,50,10,1,142.048,142.029,140.832,142.84,143.872,0.580156,0.62399,0.00408478,,0,56319,25915673600,26493321216,,,64,layer_dense|B8|N131072
layer-full,decoder_layer,layer_dense,deepseek_v32_layer,78b69000794d0937b47ae3387eff7663410264d1|ba89a3466e9470ad08ab39738d4e7bb66989e1e7,bf16_weights_fp8_kv,8,131072,7168,64,2048,0,post_norm,cudagraph,cuda_event_grouped_5,ok,,50,10,5,10.8992,10.9152,10.8416,11.0464,11.153,0.0749854,0.0815999,0.00686981,,0,733999,25915673600,26495418368,,,64,layer_dense|B8|N131072
layer-full,decoder_layer,layer_dense,deepseek_v32_layer,78b69000794d0937b47ae3387eff7663410264d1|ba89a3466e9470ad08ab39738d4e7bb66989e1e7,bf16_weights_fp8_kv,8,131072,7168,64,2048,0,mlp_experts,cudagraph,cuda_event_per_iter,ok,,50,10,1,449.536,449.612,447.936,450.694,451.731,0.821533,1.01601,0.0018272,,0,17796.1,25915673600,26495418368,,,64,layer_dense|B8|N131072
layer-full,decoder_layer,layer_dense,deepseek_v32_layer,78b69000794d0937b47ae3387eff7663410264d1|ba89a3466e9470ad08ab39738d4e7bb66989e1e7,bf16_weights_fp8_kv,8,131072,7168,64,2048,0,layer_total,cudagraph,cuda_event_per_iter,ok,,50,10,1,1086.61,1087.06,1084.8,1089.23,1089.96,1.29389,1.75202,0.00119026,,0,7362.36,25915673600,26508001280,28295.6,,64,layer_dense|B8|N131072
