Accel-Sim [build accelsim-commit-d930ad6_modified_0.0_26-09-23-20-58-46]

        *** GPGPU-Sim Simulator Version 4.2.0  [build gpgpu-sim_git-commit-fa2f6f39_modified_1.0.] ***


GPGPU-Sim: Configuration options:

-save_embedded_ptx                      0 # saves ptx files embedded in binary as <n>.ptx
-keep                                   0 # keep intermediate files created by GPGPU-Sim when interfacing with external programs
-gpgpu_ptx_save_converted_ptxplus                    0 # Saved converted ptxplus to a file
-gpgpu_occupancy_sm_number                   90 # The SM number to pass to ptxas when getting register usage for computing GPU occupancy. This parameter is required in the config.
-ptx_opcode_latency_int           4,4,4,4,21 # Opcode latencies for integers <ADD,MAX,MUL,MAD,DIV,SHFL>Default 1,1,19,25,145,32
-ptx_opcode_latency_fp           4,4,4,4,39 # Opcode latencies for single precision floating points <ADD,MAX,MUL,MAD,DIV>Default 1,1,1,1,30
-ptx_opcode_latency_dp          8,8,8,8,330 # Opcode latencies for double precision floating points <ADD,MAX,MUL,MAD,DIV>Default 8,8,8,8,335
-ptx_opcode_latency_sfu                   23 # Opcode latencies for SFU instructionsDefault 8
-ptx_opcode_latency_tesnor                   24 # Opcode latencies for Tensor instructionsDefault 64
-ptx_opcode_initiation_int            2,2,2,2,2 # Opcode initiation intervals for integers <ADD,MAX,MUL,MAD,DIV,SHFL>Default 1,1,4,4,32,4
-ptx_opcode_initiation_fp            2,2,2,2,4 # Opcode initiation intervals for single precision floating points <ADD,MAX,MUL,MAD,DIV>Default 1,1,1,1,5
-ptx_opcode_initiation_dp          2,2,2,2,130 # Opcode initiation intervals for double precision floating points <ADD,MAX,MUL,MAD,DIV>Default 8,8,8,8,130
-ptx_opcode_initiation_sfu                    8 # Opcode initiation intervals for sfu instructionsDefault 8
-ptx_opcode_initiation_tensor                    8 # Opcode initiation intervals for tensor instructionsDefault 64
-cdp_latency         7200,8000,100,12000,1600 # CDP API latency <cudaStreamCreateWithFlags, cudaGetParameterBufferV2_init_perWarp, cudaGetParameterBufferV2_perKernel, cudaLaunchDeviceV2_init_perWarp, cudaLaunchDevicV2_perKernel>Default 7200,8000,100,12000,1600
-network_mode                           1 # Interconnection network mode
-inter_config_file   config_hopper_islip.icnt # Interconnection network config file
-icnt_in_buffer_limit                   64 # in_buffer_limit
-icnt_out_buffer_limit                   64 # out_buffer_limit
-icnt_subnets                           2 # subnets
-icnt_arbiter_algo                      1 # arbiter_algo
-icnt_verbose                           0 # inct_verbose
-icnt_grant_cycles                      1 # grant_cycles
-gpgpu_ptx_use_cuobjdump                    1 # Use cuobjdump to extract ptx and sass from binaries
-gpgpu_experimental_lib_support                    0 # Try to extract code from cuda libraries [Broken because of unknown cudaGetExportTable]
-checkpoint_option                      0 #  checkpointing flag (0 = no checkpoint)
-checkpoint_kernel                      1 #  checkpointing during execution of which kernel (1- 1st kernel)
-checkpoint_CTA                         0 #  checkpointing after # of CTA (< less than total CTA)
-resume_option                          0 #  resume flag (0 = no resume)
-resume_kernel                          0 #  Resume from which kernel (1= 1st kernel)
-resume_CTA                             0 #  resume from which CTA 
-checkpoint_CTA_t                       0 #  resume from which CTA 
-checkpoint_insn_Y                      0 #  resume from which CTA 
-gpgpu_ptx_convert_to_ptxplus                    0 # Convert SASS (native ISA) to ptxplus and run ptxplus
-gpgpu_ptx_force_max_capability                   90 # Force maximum compute capability
-gpgpu_ptx_inst_debug_to_file                    0 # Dump executed instructions' debug information to file
-gpgpu_ptx_inst_debug_file       inst_debug.txt # Executed instructions' debug output file
-gpgpu_ptx_inst_debug_thread_uid                    1 # Thread UID for executed instructions' debug output
-gpgpu_simd_model                       1 # 1 = post-dominator
-gpgpu_shader_core_pipeline              2048:32 # shader core pipeline config, i.e., {<nthread>:<warpsize>}
-gpgpu_tex_cache:l1  N:4:128:256,L:R:m:N:L,T:512:8,128:2 # per-shader L1 texture cache  (READ-ONLY) config  {<nsets>:<bsize>:<assoc>,<rep>:<wr>:<alloc>:<wr_alloc>,<mshr>:<N>:<merge>,<mq>:<rf>}
-gpgpu_const_cache:l1 N:128:64:8,L:R:f:N:L,S:2:64,4 # per-shader L1 constant memory cache  (READ-ONLY) config  {<nsets>:<bsize>:<assoc>,<rep>:<wr>:<alloc>:<wr_alloc>,<mshr>:<N>:<merge>,<mq>} 
-gpgpu_cache:il1     N:64:128:16,L:R:f:N:L,S:2:48,4 # shader L1 instruction cache config  {<sector?>:<nsets>:<bsize>:<assoc>,<rep>:<wr>:<alloc>:<wr_alloc>:<set_index_fn>,<mshr>:<N>:<merge>,<mq>} 
-gpgpu_cache:dl1     S:4:128:64,L:T:m:L:L,A:512:64,16:0,32 # per-shader L1 data cache config  {<sector?>:<nsets>:<bsize>:<assoc>,<rep>:<wr>:<alloc>:<wr_alloc>:<set_index_fn>,<mshr>:<N>:<merge>,<mq>:<fifo_entry>,<data_port_width> | none}
-gpgpu_l1_cache_write_ratio                   25 # L1D write ratio
-gpgpu_l1_banks                         4 # The number of L1 cache banks
-gpgpu_l1_banks_byte_interleaving                   32 # l1 banks byte interleaving granularity
-gpgpu_l1_banks_hashing_function                    0 # l1 banks hashing function
-gpgpu_l1_latency                      41 # L1 Hit Latency
-gpgpu_smem_latency                    29 # smem Latency
-gpgpu_cache:dl1PrefL1                 none # per-shader L1 data cache config  {<sector?>:<nsets>:<bsize>:<assoc>,<rep>:<wr>:<alloc>:<wr_alloc>:<set_index_fn>,<mshr>:<N>:<merge>,<mq>:<fifo_entry>,<data_port_width> | none}
-gpgpu_cache:dl1PrefShared                 none # per-shader L1 data cache config  {<sector?>:<nsets>:<bsize>:<assoc>,<rep>:<wr>:<alloc>:<wr_alloc>:<set_index_fn>,<mshr>:<N>:<merge>,<mq>:<fifo_entry>,<data_port_width> | none}
-gpgpu_gmem_skip_L1D                    0 # global memory access skip L1D cache (implements -Xptxas -dlcm=cg, default=no skip)
-gpgpu_perfect_mem                      0 # enable perfect memory mode (no cache miss)
-n_regfile_gating_group                    4 # group of lanes that should be read/written together)
-gpgpu_clock_gated_reg_file                    0 # enable clock gated reg file for power calculations
-gpgpu_clock_gated_lanes                    1 # enable clock gated lanes for power calculations
-gpgpu_shader_registers                65536 # Number of registers per shader core. Limits number of concurrent CTAs. (default 8192)
-gpgpu_registers_per_block                65536 # Maximum number of registers per CTA. (default 8192)
-gpgpu_ignore_resources_limitation                    0 # gpgpu_ignore_resources_limitation (default 0)
-gpgpu_shader_cta                      32 # Maximum number of concurrent CTAs in shader (default 32)
-gpgpu_num_cta_barriers                   16 # Maximum number of named barriers per CTA (default 16)
-gpgpu_n_clusters                     114 # number of processing clusters
-gpgpu_n_cores_per_cluster                    1 # number of simd cores per cluster
-gpgpu_n_cluster_ejection_buffer_size                   32 # number of packets in ejection buffer
-gpgpu_n_ldst_response_buffer_size                   32 # number of response packets in ld/st unit ejection buffer
-gpgpu_shmem_per_block                49152 # Size of shared memory per thread block or CTA (default 48kB)
-gpgpu_shmem_size                  233472 # Size of shared memory per shader core (default 16kB)
-gpgpu_shmem_option      0,8,16,32,64,228 # Option list of shared memory sizes
-gpgpu_unified_l1d_size                  256 # Size of unified data cache(L1D + shared memory) in KB
-gpgpu_adaptive_cache_config                    1 # adaptive_cache_config
-gpgpu_shmem_sizeDefault               233472 # Size of shared memory per shader core (default 16kB)
-gpgpu_shmem_size_PrefL1                16384 # Size of shared memory per shader core (default 16kB)
-gpgpu_shmem_size_PrefShared                16384 # Size of shared memory per shader core (default 16kB)
-gpgpu_shmem_num_banks                   32 # Number of banks in the shared memory in each shader core (default 16)
-gpgpu_shmem_limited_broadcast                    0 # Limit shared memory to do one broadcast per cycle (default on)
-gpgpu_shmem_warp_parts                    1 # Number of portions a warp is divided into for shared memory bank conflict check 
-gpgpu_mem_unit_ports                    1 # The number of memory transactions allowed per core cycle
-gpgpu_shmem_warp_parts                    1 # Number of portions a warp is divided into for shared memory bank conflict check 
-gpgpu_warpdistro_shader                   -1 # Specify which shader core to collect the warp size distribution from
-gpgpu_warp_issue_shader                    0 # Specify which shader core to collect the warp issue distribution from
-gpgpu_local_mem_map                    1 # Mapping from local memory space address to simulated GPU physical address space (default = enabled)
-gpgpu_num_reg_banks                   64 # Number of register banks (default = 8)
-gpgpu_reg_bank_use_warp_id                    0 # Use warp ID in mapping registers to banks (default = off)
-gpgpu_sub_core_model                    1 # Sub Core Volta/Pascal model (default = off)
-gpgpu_enable_specialized_operand_collector                    0 # enable_specialized_operand_collector
-gpgpu_operand_collector_num_units_sp                    4 # number of collector units (default = 4)
-gpgpu_operand_collector_num_units_dp                    0 # number of collector units (default = 0)
-gpgpu_operand_collector_num_units_sfu                    4 # number of collector units (default = 4)
-gpgpu_operand_collector_num_units_int                    0 # number of collector units (default = 0)
-gpgpu_operand_collector_num_units_tensor_core                    4 # number of collector units (default = 4)
-gpgpu_operand_collector_num_units_mem                    2 # number of collector units (default = 2)
-gpgpu_operand_collector_num_units_gen                    8 # number of collector units (default = 0)
-gpgpu_operand_collector_num_in_ports_sp                    1 # number of collector unit in ports (default = 1)
-gpgpu_operand_collector_num_in_ports_dp                    0 # number of collector unit in ports (default = 0)
-gpgpu_operand_collector_num_in_ports_sfu                    1 # number of collector unit in ports (default = 1)
-gpgpu_operand_collector_num_in_ports_int                    0 # number of collector unit in ports (default = 0)
-gpgpu_operand_collector_num_in_ports_tensor_core                    1 # number of collector unit in ports (default = 1)
-gpgpu_operand_collector_num_in_ports_mem                    1 # number of collector unit in ports (default = 1)
-gpgpu_operand_collector_num_in_ports_gen                    8 # number of collector unit in ports (default = 0)
-gpgpu_operand_collector_num_out_ports_sp                    1 # number of collector unit in ports (default = 1)
-gpgpu_operand_collector_num_out_ports_dp                    0 # number of collector unit in ports (default = 0)
-gpgpu_operand_collector_num_out_ports_sfu                    1 # number of collector unit in ports (default = 1)
-gpgpu_operand_collector_num_out_ports_int                    0 # number of collector unit in ports (default = 0)
-gpgpu_operand_collector_num_out_ports_tensor_core                    1 # number of collector unit in ports (default = 1)
-gpgpu_operand_collector_num_out_ports_mem                    1 # number of collector unit in ports (default = 1)
-gpgpu_operand_collector_num_out_ports_gen                    8 # number of collector unit in ports (default = 0)
-gpgpu_coalesce_arch                   90 # Coalescing arch (GT200 = 13, Fermi = 20)
-gpgpu_num_sched_per_core                    4 # Number of warp schedulers per core
-gpgpu_max_insn_issue_per_warp                    1 # Max number of instructions that can be issued per warp in one cycle by scheduler (either 1 or 2)
-gpgpu_dual_issue_diff_exec_units                    1 # should dual issue use two different execution unit resources (Default = 1)
-gpgpu_simt_core_sim_order                    1 # Select the simulation order of cores in a cluster (0=Fix, 1=Round-Robin)
-gpgpu_pipeline_widths 4,4,4,4,4,4,4,4,4,4,8,4,4 # Pipeline widths ID_OC_SP,ID_OC_DP,ID_OC_INT,ID_OC_SFU,ID_OC_MEM,OC_EX_SP,OC_EX_DP,OC_EX_INT,OC_EX_SFU,OC_EX_MEM,EX_WB,ID_OC_TENSOR_CORE,OC_EX_TENSOR_CORE
-gpgpu_tensor_core_avail                    1 # Tensor Core Available (default=0)
-gpgpu_num_sp_units                     4 # Number of SP units (default=1)
-gpgpu_num_dp_units                     4 # Number of DP units (default=0)
-gpgpu_num_int_units                    4 # Number of INT units (default=0)
-gpgpu_num_sfu_units                    4 # Number of SF units (default=1)
-gpgpu_num_tensor_core_units                    4 # Number of tensor_core units (default=1)
-gpgpu_num_mem_units                    1 # Number if ldst units (default=1) WARNING: not hooked up to anything
-gpgpu_scheduler                      lrr # Scheduler configuration: < lrr | gto | two_level_active > If two_level_active:<num_active_warps>:<inner_prioritization>:<outer_prioritization>For complete list of prioritization values see shader.h enum scheduler_prioritization_typeDefault: gto
-gpgpu_concurrent_kernel_sm                    0 # Support concurrent kernels on a SM (default = disabled)
-gpgpu_perfect_inst_const_cache                    1 # perfect inst and const cache mode, so all inst and const hits in the cache(default = disabled)
-gpgpu_inst_fetch_throughput                    4 # the number of fetched intruction per warp each cycle
-gpgpu_reg_file_port_throughput                    2 # the number ports of the register file
-specialized_unit_1         1,4,4,4,4,BRA # specialized unit config {<enabled>,<num_units>:<latency>:<initiation>,<ID_OC_SPEC>:<OC_EX_SPEC>,<NAME>}
-specialized_unit_2       1,4,200,4,4,TEX # specialized unit config {<enabled>,<num_units>:<latency>:<initiation>,<ID_OC_SPEC>:<OC_EX_SPEC>,<NAME>}
-specialized_unit_3     1,4,12,4,4,TENSOR # specialized unit config {<enabled>,<num_units>:<latency>:<initiation>,<ID_OC_SPEC>:<OC_EX_SPEC>,<NAME>}
-specialized_unit_4         1,4,4,4,4,UDP # specialized unit config {<enabled>,<num_units>:<latency>:<initiation>,<ID_OC_SPEC>:<OC_EX_SPEC>,<NAME>}
-specialized_unit_5      1,4,128,4,4,GMMA # specialized unit config {<enabled>,<num_units>:<latency>:<initiation>,<ID_OC_SPEC>:<OC_EX_SPEC>,<NAME>}
-specialized_unit_6         0,4,4,4,4,BRA # specialized unit config {<enabled>,<num_units>:<latency>:<initiation>,<ID_OC_SPEC>:<OC_EX_SPEC>,<NAME>}
-specialized_unit_7         0,4,4,4,4,BRA # specialized unit config {<enabled>,<num_units>:<latency>:<initiation>,<ID_OC_SPEC>:<OC_EX_SPEC>,<NAME>}
-specialized_unit_8         0,4,4,4,4,BRA # specialized unit config {<enabled>,<num_units>:<latency>:<initiation>,<ID_OC_SPEC>:<OC_EX_SPEC>,<NAME>}
-gpgpu_opndcoll_model                    1 # Detailed operand collector model (0=DETAILED, 1=SIMPLE)
-gpgpu_trywait_max_retries                    5 # Max TRYWAIT retry attempts before giving up (default: 5)
-gpgpu_trywait_retry_cycles                  200 # Stall cycles between TRYWAIT retries (default: 200)
-gpgpu_n_chiplet_partition                    2 # Number of chiplet partitions. Default: 2
-gpgpu_chiplet_interleave                    0 # Chiplet TPC mapping: 0 = contiguous (first/second half), 1 = interleaved (even/odd TPC). Default: 0
-chiplet_mem_stride                  8192 # Memory stride for chiplet partitioning. Default: 8192
-gpgpu_perf_sim_memcpy                    0 # Fill the L2 cache on memcpy
-gpgpu_simple_dram_model                    1 # simple_dram_model with fixed latency and BW
-gpgpu_simple_dram_clock_multiplier                    1 # clock multiplier for simple dram model (default = 1)
-gpgpu_dram_scheduler                    1 # 0 = fifo, 1 = FR-FCFS (defaul)
-gpgpu_dram_partition_queues          64:64:64:64 # i2$:$2d:d2$:$2i
-l2_ideal                               0 # Use a ideal L2 cache that always hit
-gpgpu_cache:dl2     S:256:128:20,L:B:m:L:X,A:384:4,32:0,32 # unified banked L2 data cache config  {<sector?>:<nsets>:<bsize>:<assoc>,<rep>:<wr>:<alloc>:<wr_alloc>:<set_index_fn>,<mshr>:<N>:<merge>,<mq>:<fifo_entry>,<data_port_width>
-gpgpu_cache:dl2_texture_only                    0 # L2 cache used for texture only
-gpgpu_n_mem                           40 # number of memory modules (e.g. memory controllers) in gpu
-gpgpu_n_sub_partition_per_mchannel                    2 # number of memory subpartition in each memory module
-chiplet_partition_stride                 8192 # stride for chiplet partition indexing
-inter_chiplet_queue_size                  256 # max entries in inter-chiplet request/reply queues
-inter_chiplet_queue_latency                  100 # latency (in cycles) for inter-chiplet queue
-gpgpu_n_mem_per_ctrlr                    1 # number of memory chips per memory controller
-gpgpu_memlatency_stat                   14 # track and display latency statistics 0x2 enables MC, 0x4 enables queue logs
-gpgpu_frfcfs_dram_sched_queue_size                  128 # 0 = unlimited (default); # entries per chip
-gpgpu_dram_return_queue_size                  384 # 0 = unlimited (default); # entries per chip
-gpgpu_dram_buswidth                    8 # default = 4 bytes (8 bytes per cycle at DDR)
-gpgpu_dram_burst_length                    4 # Burst length of each DRAM request (default = 4 data bus cycle)
-dram_data_command_freq_ratio                    2 # Frequency ratio between DRAM data bus and command bus (default = 2 times, i.e. DDR)
-gpgpu_dram_timing_opt nbk=16:CCD=1:RRD=6:RCD=19:RAS=45:RP=19:RC=50:CL=19:WL=6:CDLR=8:WR=21:nbkgrp=4:CCDL=6:RTPL=8 # DRAM timing parameters = {nbk:tCCD:tRRD:tRCD:tRAS:tRP:tRC:CL:WL:tCDLR:tWR:nbkgrp:tCCDL:tRTPL}
-gpgpu_l2_rop_latency                  237 # ROP queue latency (default 85)
-dram_latency                         283 # DRAM latency (default 30)
-dram_dual_bus_interface                    1 # dual_bus_interface (default = 0) 
-dram_bnk_indexing_policy                    0 # dram_bnk_indexing_policy (0 = normal indexing, 1 = Xoring with the higher bits) (Default = 0)
-dram_bnkgrp_indexing_policy                    1 # dram_bnkgrp_indexing_policy (0 = take higher bits, 1 = take lower bits) (Default = 0)
-dram_seperate_write_queue_enable                    0 # Seperate_Write_Queue_Enable
-dram_write_queue_size             32:28:16 # Write_Queue_Size
-dram_elimnate_rw_turnaround                    0 # elimnate_rw_turnaround i.e set tWTR and tRTW = 0
-icnt_flit_size                        32 # icnt_flit_size
-SST_mode                               0 # SST mode
-gpgpu_lrc_enabled                      1 # Enable load request coalescer
-gpgpu_lrc_max_entries                 1024 # Maximum number of entries in the LRC queue
-gpgpu_lrc_max_merged                    4 # Maximum number of requests that can be merged in a single entry
-gpgpu_mem_addr_mapping dramid@8;00000000.00000000.00000000.00000000.0000RRRR.RRRRRRRR.RBBBCCCC.BCCSSSSS # mapping memory address to dram model {dramid@<start bit>;<memory address map>}
-gpgpu_mem_addr_test                    0 # run sweep test to check address mapping for aliased address
-gpgpu_mem_address_mask                    1 # 0 = old addressing mask, 1 = new addressing mask, 2 = new add. mask + flipped bank sel and chip sel bits
-gpgpu_memory_partition_indexing                    6 # 0 = no indexing, 1 = bitwise xoring, 2 = IPoly, 4 = Random, 5 = custom indexing, 6 = IPoly-Modulo
-accelwattch_xml_file accelwattch_sass_sim.xml # AccelWattch XML file
-power_simulation_enabled                    0 # Turn on power simulator (1=On, 0=Off)
-power_per_cycle_dump                    0 # Dump detailed power output each cycle
-hw_perf_file_name            hw_perf.csv # Hardware Performance Statistics file
-hw_perf_bench_name                       # Kernel Name in Hardware Performance Statistics file
-power_simulation_mode                    0 # Switch performance counter input for power simulation (0=Sim, 1=HW, 2=HW-Sim Hybrid)
-dvfs_enabled                           0 # Turn on DVFS for power model
-aggregate_power_stats                    0 # Accumulate power across all kernels
-accelwattch_hybrid_perfsim_L1_RH                    0 # Get L1 Read Hits for Accelwattch-Hybrid from Accel-Sim
-accelwattch_hybrid_perfsim_L1_RM                    0 # Get L1 Read Misses for Accelwattch-Hybrid from Accel-Sim
-accelwattch_hybrid_perfsim_L1_WH                    0 # Get L1 Write Hits for Accelwattch-Hybrid from Accel-Sim
-accelwattch_hybrid_perfsim_L1_WM                    0 # Get L1 Write Misses for Accelwattch-Hybrid from Accel-Sim
-accelwattch_hybrid_perfsim_L2_RH                    0 # Get L2 Read Hits for Accelwattch-Hybrid from Accel-Sim
-accelwattch_hybrid_perfsim_L2_RM                    0 # Get L2 Read Misses for Accelwattch-Hybrid from Accel-Sim
-accelwattch_hybrid_perfsim_L2_WH                    0 # Get L2 Write Hits for Accelwattch-Hybrid from Accel-Sim
-accelwattch_hybrid_perfsim_L2_WM                    0 # Get L2 Write Misses for Accelwattch-Hybrid from Accel-Sim
-accelwattch_hybrid_perfsim_CC_ACC                    0 # Get Constant Cache Acesses for Accelwattch-Hybrid from Accel-Sim
-accelwattch_hybrid_perfsim_SHARED_ACC                    0 # Get Shared Memory Acesses for Accelwattch-Hybrid from Accel-Sim
-accelwattch_hybrid_perfsim_DRAM_RD                    0 # Get DRAM Reads for Accelwattch-Hybrid from Accel-Sim
-accelwattch_hybrid_perfsim_DRAM_WR                    0 # Get DRAM Writes for Accelwattch-Hybrid from Accel-Sim
-accelwattch_hybrid_perfsim_NOC                    0 # Get Interconnect Acesses for Accelwattch-Hybrid from Accel-Sim
-accelwattch_hybrid_perfsim_PIPE_DUTY                    0 # Get Pipeline Duty Cycle Acesses for Accelwattch-Hybrid from Accel-Sim
-accelwattch_hybrid_perfsim_NUM_SM_IDLE                    0 # Get Number of Idle SMs for Accelwattch-Hybrid from Accel-Sim
-accelwattch_hybrid_perfsim_CYCLES                    0 # Get Executed Cycles for Accelwattch-Hybrid from Accel-Sim
-accelwattch_hybrid_perfsim_VOLTAGE                    0 # Get Chip Voltage for Accelwattch-Hybrid from Accel-Sim
-power_trace_enabled                    0 # produce a file for the power trace (1=On, 0=Off)
-power_trace_zlevel                     6 # Compression level of the power trace output log (0=no comp, 9=highest)
-steady_power_levels_enabled                    0 # produce a file for the steady power levels (1=On, 0=Off)
-steady_state_definition                  8:4 # allowed deviation:number of samples
-gpgpu_max_cycle                        0 # terminates gpu simulation early (0 = no limit)
-gpgpu_max_insn                         0 # terminates gpu simulation early (0 = no limit)
-gpgpu_max_cta                          0 # terminates gpu simulation early (0 = no limit)
-gpgpu_max_completed_cta                    0 # terminates gpu simulation early (0 = no limit)
-gpgpu_runtime_stat                   500 # display runtime statistics such as dram utilization {<freq>:<flag>}
-liveness_message_freq                    1 # Minimum number of seconds between simulation liveness messages (0 = always print)
-gpgpu_compute_capability_major                    9 # Major compute capability version number
-gpgpu_compute_capability_minor                    0 # Minor compute capability version number
-gpgpu_flush_l1_cache                    1 # Flush L1 cache at the end of each kernel call
-gpgpu_flush_l2_cache                    0 # Flush L2 cache at the end of each kernel call
-gpgpu_deadlock_detect                    1 # Stop the simulation at deadlock (1=on (default), 0=off)
-gpgpu_ptx_instruction_classification                    0 # if enabled will classify ptx instruction types per kernel (Max 255 kernels now)
-gpgpu_ptx_sim_mode                     0 # Select between Performance (default) or Functional simulation (1)
-gpgpu_clock_domains  1755:3510:3510:1593 # Clock Domain Frequencies in MhZ {<Core Clock>:<ICNT Clock>:<L2 Clock>:<DRAM Clock>}
-gpgpu_max_concurrent_kernel                  128 # maximum kernels that can run concurrently on GPU, set this value according to max resident grids for your compute capability
-gpgpu_cflog_interval                    0 # Interval between each snapshot in control flow logger
-visualizer_enabled                     0 # Turn on visualizer output (1=On, 0=Off)
-visualizer_outputfile                 NULL # Specifies the output log file for visualizer
-visualizer_zlevel                      6 # Compression level of the visualizer output log (0=no comp, 9=highest)
-gpgpu_stack_size_limit                 1024 # GPU thread stack size
-gpgpu_heap_size_limit              8388608 # GPU malloc heap size 
-gpgpu_runtime_sync_depth_limit                    2 # GPU device runtime synchronize depth
-gpgpu_runtime_pending_launch_count_limit                 2048 # GPU device runtime pending launch count
-trace_enabled                          0 # Turn on traces
-trace_components                    none # comma seperated list of traces to enable. Complete list found in trace_streams.tup. Default none
-trace_sampling_core                    0 # The core which is printed using CORE_DPRINTF. Default 0
-trace_sampling_memory_partition                   -1 # The memory partition which is printed using MEMPART_DPRINTF. Default -1 (i.e. all)
-enable_ptx_file_line_stats                    1 # Turn on PTX source line statistic profiling. (1 = On)
-ptx_line_stats_filename gpgpu_inst_stats.txt # Output file for PTX source line statistics.
-gpgpu_kernel_launch_latency                 3000 # Kernel launch latency in cycles. Default: 0
-gpgpu_cdp_enabled                      0 # Turn on CDP
-gpgpu_TB_launch_latency                    0 # thread block launch latency in cycles. Default: 0
-trace               /localhome/tsousape/cam_with_gpu/traces/sched_A_1_117/traces/kernelslist.g # traces kernel filetraces kernel file directory
-trace_opcode_latency_initiation_int                  4,2 # Opcode latencies and initiation for integers in trace driven mode <latency,initiation>
-trace_opcode_latency_initiation_sp                  2,1 # Opcode latencies and initiation for sp in trace driven mode <latency,initiation>
-trace_opcode_latency_initiation_dp                  8,2 # Opcode latencies and initiation for dp in trace driven mode <latency,initiation>
-trace_opcode_latency_initiation_sfu                 23,8 # Opcode latencies and initiation for sfu in trace driven mode <latency,initiation>
-trace_opcode_latency_initiation_tensor                 12,4 # Opcode latencies and initiation for tensor in trace driven mode <latency,initiation>
-trace_opcode_latency_initiation_spec_op_1                  4,4 # specialized unit config <latency,initiation>
-trace_opcode_latency_initiation_spec_op_2                200,4 # specialized unit config <latency,initiation>
-trace_opcode_latency_initiation_spec_op_3                 12,4 # specialized unit config <latency,initiation>
-trace_opcode_latency_initiation_spec_op_4                  4,1 # specialized unit config <latency,initiation>
-trace_opcode_latency_initiation_spec_op_5               128,32 # specialized unit config <latency,initiation>
-trace_opcode_latency_initiation_spec_op_6                  4,4 # specialized unit config <latency,initiation>
-trace_opcode_latency_initiation_spec_op_7                  4,4 # specialized unit config <latency,initiation>
-trace_opcode_latency_initiation_spec_op_8                  4,4 # specialized unit config <latency,initiation>
DRAM Timing Options:
nbk                                    16 # number of banks
CCD                                     1 # column to column delay
RRD                                     6 # minimal delay between activation of rows in different banks
RCD                                    19 # row to column delay
RAS                                    45 # time needed to activate row
RP                                     19 # time needed to precharge (deactivate) row
RC                                     50 # row cycle time
CDLR                                    8 # switching from write to read (changes tWTR)
WR                                     21 # last data-in to row precharge
CL                                     19 # CAS latency
WL                                      6 # Write latency
nbkgrp                                  4 # number of bank groups
CCDL                                    6 # column to column delay between accesses to different bank groups
RTPL                                    8 # read to precharge delay between accesses to different bank groups
Total number of memory sub partition = 80
addr_dec_mask[CHIP]  = 0000000000000000 	high:64 low:0
addr_dec_mask[BK]    = 0000000000007080 	high:15 low:7
addr_dec_mask[ROW]   = 000000000fff8000 	high:28 low:15
addr_dec_mask[COL]   = 0000000000000f7f 	high:12 low:0
addr_dec_mask[BURST] = 000000000000001f 	high:5 low:0
sub_partition_id_mask = 0000000000000080
GPGPU-Sim uArch: clock freqs: 1755000000.000000:3510000000.000000:3510000000.000000:1593000000.000000
GPGPU-Sim uArch: clock periods: 0.00000000056980056980:0.00000000028490028490:0.00000000028490028490:0.00000000062774639046
*** Initializing Memory Statistics ***
GPGPU-Sim uArch: interconnect node map (shaderID+MemID to icntID)
GPGPU-Sim uArch: Memory nodes ID start from index: 114
GPGPU-Sim uArch:    0   1   2   3   4   5   6   7   8   9  10  11  12
GPGPU-Sim uArch:   13  14  15  16  17  18  19  20  21  22  23  24  25
GPGPU-Sim uArch:   26  27  28  29  30  31  32  33  34  35  36  37  38
GPGPU-Sim uArch:   39  40  41  42  43  44  45  46  47  48  49  50  51
GPGPU-Sim uArch:   52  53  54  55  56  57  58  59  60  61  62  63  64
GPGPU-Sim uArch:   65  66  67  68  69  70  71  72  73  74  75  76  77
GPGPU-Sim uArch:   78  79  80  81  82  83  84  85  86  87  88  89  90
GPGPU-Sim uArch:   91  92  93  94  95  96  97  98  99 100 101 102 103
GPGPU-Sim uArch:  104 105 106 107 108 109 110 111 112 113 114 115 116
GPGPU-Sim uArch:  117 118 119 120 121 122 123 124 125 126 127 128 129
GPGPU-Sim uArch:  130 131 132 133 134 135 136 137 138 139 140 141 142
GPGPU-Sim uArch:  143 144 145 146 147 148 149 150 151 152 153 154 155
GPGPU-Sim uArch:  156 157 158 159 160 161 162 163 164 165 166 167 168
GPGPU-Sim uArch:  169 170 171 172 173 174 175 176 177 178 179 180 181
GPGPU-Sim uArch:  182 183 184 185 186 187 188 189 190 191 192 193
GPGPU-Sim uArch: interconnect node reverse map (icntID to shaderID+MemID)
GPGPU-Sim uArch: Memory nodes start from ID: 114
GPGPU-Sim uArch:    0   1   2   3   4   5   6   7   8   9  10  11  12
GPGPU-Sim uArch:   13  14  15  16  17  18  19  20  21  22  23  24  25
GPGPU-Sim uArch:   26  27  28  29  30  31  32  33  34  35  36  37  38
GPGPU-Sim uArch:   39  40  41  42  43  44  45  46  47  48  49  50  51
GPGPU-Sim uArch:   52  53  54  55  56  57  58  59  60  61  62  63  64
GPGPU-Sim uArch:   65  66  67  68  69  70  71  72  73  74  75  76  77
GPGPU-Sim uArch:   78  79  80  81  82  83  84  85  86  87  88  89  90
GPGPU-Sim uArch:   91  92  93  94  95  96  97  98  99 100 101 102 103
GPGPU-Sim uArch:  104 105 106 107 108 109 110 111 112 113 114 115 116
GPGPU-Sim uArch:  117 118 119 120 121 122 123 124 125 126 127 128 129
GPGPU-Sim uArch:  130 131 132 133 134 135 136 137 138 139 140 141 142
GPGPU-Sim uArch:  143 144 145 146 147 148 149 150 151 152 153 154 155
GPGPU-Sim uArch:  156 157 158 159 160 161 162 163 164 165 166 167 168
GPGPU-Sim uArch:  169 170 171 172 173 174 175 176 177 178 179 180 181
GPGPU-Sim uArch:  182 183 184 185 186 187 188 189 190 191 192 193
GPGPU-Sim uArch: performance model initialization complete.
launching memcpy command : MemcpyHtoD,0x00007f6135e00000,1589248
Processing kernel /localhome/tsousape/cam_with_gpu/traces/sched_A_1_117/traces/kernel-1-ctx_0x556737245480.tracez
-kernel name = _Z8sched_acPjPKjS_PfiiiiPy
-kernel id = 1
-grid dim = (1,1,1)
-block dim = (128,1,1)
-shmem = 33032
-nregs = 31
-binary version = 90
-cuda stream id = 0
-shmem base_addr = 0x00007f6200000000
-local mem base_addr = 0x00007f6165000000
-nvbit version = 1.8
-accelsim tracer version = 6
-enable lineinfo = 0
Header info loaded for kernel command : /localhome/tsousape/cam_with_gpu/traces/sched_A_1_117/traces/kernel-1-ctx_0x556737245480.tracez
launching kernel name: _Z8sched_acPjPKjS_PfiiiiPy uid: 1 cuda_stream_id: 0
GPGPU-Sim uArch: Shader 0 bind to kernel 1 '_Z8sched_acPjPKjS_PfiiiiPy'
GPGPU-Sim uArch: CTA/core = 7, limited by: shmem
GPGPU-Sim: Reconfigure L1 cache to 192KB
thread block = 0,0,0
Destroy streams for kernel 1: size 0
kernel_name = _Z8sched_acPjPKjS_PfiiiiPy 
kernel_launch_uid = 1 
kernel_stream_id = 0
gpu_sim_cycle = 7856
gpu_sim_insn = 92806
gpu_ipc =      11.8134
gpu_tot_sim_cycle = 7856
gpu_tot_sim_insn = 92806
gpu_tot_ipc =      11.8134
gpu_tot_issued_cta = 1
gpu_occupancy = 6.2410% 
gpu_tot_occupancy = 6.2410% 
max_total_param_size = 0
gpu_stall_dramfull = 0
gpu_stall_icnt2sh    = 0
partiton_level_parallism =       0.1359
partiton_level_parallism_total  =       0.1359
partiton_level_parallism_util =       1.0000
partiton_level_parallism_util_total  =       1.0000
L2_BW  =       7.6348 GB/Sec
L2_BW_total  =       7.6348 GB/Sec
gpu_total_sim_rate=92806

========= Core cache stats =========
L1I_cache:
	L1I_total_cache_accesses = 0
	L1I_total_cache_misses = 0
	L1I_total_cache_pending_hits = 0
	L1I_total_cache_reservation_fails = 0
L1D_cache:
	L1D_cache_core[0]: Access = 32, Miss = 16, Miss_rate = 0.500, Pending_hits = 0, Reservation_fails = 0
	L1D_cache_core[1]: Access = 0, Miss = 0, Miss_rate = -nan, Pending_hits = 0, Reservation_fails = 0
	L1D_cache_core[2]: Access = 0, Miss = 0, Miss_rate = -nan, Pending_hits = 0, Reservation_fails = 0
	L1D_cache_core[3]: Access = 0, Miss = 0, Miss_rate = -nan, Pending_hits = 0, Reservation_fails = 0
	L1D_cache_core[4]: Access = 0, Miss = 0, Miss_rate = -nan, Pending_hits = 0, Reservation_fails = 0
	L1D_cache_core[5]: Access = 0, Miss = 0, Miss_rate = -nan, Pending_hits = 0, Reservation_fails = 0
	L1D_cache_core[6]: Access = 0, Miss = 0, Miss_rate = -nan, Pending_hits = 0, Reservation_fails = 0
	L1D_cache_core[7]: Access = 0, Miss = 0, Miss_rate = -nan, Pending_hits = 0, Reservation_fails = 0
	L1D_cache_core[8]: Access = 0, Miss = 0, Miss_rate = -nan, Pending_hits = 0, Reservation_fails = 0
	L1D_cache_core[9]: Access = 0, Miss = 0, Miss_rate = -nan, Pending_hits = 0, Reservation_fails = 0
	L1D_cache_core[10]: Access = 0, Miss = 0, Miss_rate = -nan, Pending_hits = 0, Reservation_fails = 0
	L1D_cache_core[11]: Access = 0, Miss = 0, Miss_rate = -nan, Pending_hits = 0, Reservation_fails = 0
	L1D_cache_core[12]: Access = 0, Miss = 0, Miss_rate = -nan, Pending_hits = 0, Reservation_fails = 0
	L1D_cache_core[13]: Access = 0, Miss = 0, Miss_rate = -nan, Pending_hits = 0, Reservation_fails = 0
	L1D_cache_core[14]: Access = 0, Miss = 0, Miss_rate = -nan, Pending_hits = 0, Reservation_fails = 0
	L1D_cache_core[15]: Access = 0, Miss = 0, Miss_rate = -nan, Pending_hits = 0, Reservation_fails = 0
	L1D_cache_core[16]: Access = 0, Miss = 0, Miss_rate = -nan, Pending_hits = 0, Reservation_fails = 0
	L1D_cache_core[17]: Access = 0, Miss = 0, Miss_rate = -nan, Pending_hits = 0, Reservation_fails = 0
	L1D_cache_core[18]: Access = 0, Miss = 0, Miss_rate = -nan, Pending_hits = 0, Reservation_fails = 0
	L1D_cache_core[19]: Access = 0, Miss = 0, Miss_rate = -nan, Pending_hits = 0, Reservation_fails = 0
	L1D_cache_core[20]: Access = 0, Miss = 0, Miss_rate = -nan, Pending_hits = 0, Reservation_fails = 0
	L1D_cache_core[21]: Access = 0, Miss = 0, Miss_rate = -nan, Pending_hits = 0, Reservation_fails = 0
	L1D_cache_core[22]: Access = 0, Miss = 0, Miss_rate = -nan, Pending_hits = 0, Reservation_fails = 0
	L1D_cache_core[23]: Access = 0, Miss = 0, Miss_rate = -nan, Pending_hits = 0, Reservation_fails = 0
	L1D_cache_core[24]: Access = 0, Miss = 0, Miss_rate = -nan, Pending_hits = 0, Reservation_fails = 0
	L1D_cache_core[25]: Access = 0, Miss = 0, Miss_rate = -nan, Pending_hits = 0, Reservation_fails = 0
	L1D_cache_core[26]: Access = 0, Miss = 0, Miss_rate = -nan, Pending_hits = 0, Reservation_fails = 0
	L1D_cache_core[27]: Access = 0, Miss = 0, Miss_rate = -nan, Pending_hits = 0, Reservation_fails = 0
	L1D_cache_core[28]: Access = 0, Miss = 0, Miss_rate = -nan, Pending_hits = 0, Reservation_fails = 0
	L1D_cache_core[29]: Access = 0, Miss = 0, Miss_rate = -nan, Pending_hits = 0, Reservation_fails = 0
	L1D_cache_core[30]: Access = 0, Miss = 0, Miss_rate = -nan, Pending_hits = 0, Reservation_fails = 0
	L1D_cache_core[31]: Access = 0, Miss = 0, Miss_rate = -nan, Pending_hits = 0, Reservation_fails = 0
	L1D_cache_core[32]: Access = 0, Miss = 0, Miss_rate = -nan, Pending_hits = 0, Reservation_fails = 0
	L1D_cache_core[33]: Access = 0, Miss = 0, Miss_rate = -nan, Pending_hits = 0, Reservation_fails = 0
	L1D_cache_core[34]: Access = 0, Miss = 0, Miss_rate = -nan, Pending_hits = 0, Reservation_fails = 0
	L1D_cache_core[35]: Access = 0, Miss = 0, Miss_rate = -nan, Pending_hits = 0, Reservation_fails = 0
	L1D_cache_core[36]: Access = 0, Miss = 0, Miss_rate = -nan, Pending_hits = 0, Reservation_fails = 0
	L1D_cache_core[37]: Access = 0, Miss = 0, Miss_rate = -nan, Pending_hits = 0, Reservation_fails = 0
	L1D_cache_core[38]: Access = 0, Miss = 0, Miss_rate = -nan, Pending_hits = 0, Reservation_fails = 0
	L1D_cache_core[39]: Access = 0, Miss = 0, Miss_rate = -nan, Pending_hits = 0, Reservation_fails = 0
	L1D_cache_core[40]: Access = 0, Miss = 0, Miss_rate = -nan, Pending_hits = 0, Reservation_fails = 0
	L1D_cache_core[41]: Access = 0, Miss = 0, Miss_rate = -nan, Pending_hits = 0, Reservation_fails = 0
	L1D_cache_core[42]: Access = 0, Miss = 0, Miss_rate = -nan, Pending_hits = 0, Reservation_fails = 0
	L1D_cache_core[43]: Access = 0, Miss = 0, Miss_rate = -nan, Pending_hits = 0, Reservation_fails = 0
	L1D_cache_core[44]: Access = 0, Miss = 0, Miss_rate = -nan, Pending_hits = 0, Reservation_fails = 0
	L1D_cache_core[45]: Access = 0, Miss = 0, Miss_rate = -nan, Pending_hits = 0, Reservation_fails = 0
	L1D_cache_core[46]: Access = 0, Miss = 0, Miss_rate = -nan, Pending_hits = 0, Reservation_fails = 0
	L1D_cache_core[47]: Access = 0, Miss = 0, Miss_rate = -nan, Pending_hits = 0, Reservation_fails = 0
	L1D_cache_core[48]: Access = 0, Miss = 0, Miss_rate = -nan, Pending_hits = 0, Reservation_fails = 0
	L1D_cache_core[49]: Access = 0, Miss = 0, Miss_rate = -nan, Pending_hits = 0, Reservation_fails = 0
	L1D_cache_core[50]: Access = 0, Miss = 0, Miss_rate = -nan, Pending_hits = 0, Reservation_fails = 0
	L1D_cache_core[51]: Access = 0, Miss = 0, Miss_rate = -nan, Pending_hits = 0, Reservation_fails = 0
	L1D_cache_core[52]: Access = 0, Miss = 0, Miss_rate = -nan, Pending_hits = 0, Reservation_fails = 0
	L1D_cache_core[53]: Access = 0, Miss = 0, Miss_rate = -nan, Pending_hits = 0, Reservation_fails = 0
	L1D_cache_core[54]: Access = 0, Miss = 0, Miss_rate = -nan, Pending_hits = 0, Reservation_fails = 0
	L1D_cache_core[55]: Access = 0, Miss = 0, Miss_rate = -nan, Pending_hits = 0, Reservation_fails = 0
	L1D_cache_core[56]: Access = 0, Miss = 0, Miss_rate = -nan, Pending_hits = 0, Reservation_fails = 0
	L1D_cache_core[57]: Access = 0, Miss = 0, Miss_rate = -nan, Pending_hits = 0, Reservation_fails = 0
	L1D_cache_core[58]: Access = 0, Miss = 0, Miss_rate = -nan, Pending_hits = 0, Reservation_fails = 0
	L1D_cache_core[59]: Access = 0, Miss = 0, Miss_rate = -nan, Pending_hits = 0, Reservation_fails = 0
	L1D_cache_core[60]: Access = 0, Miss = 0, Miss_rate = -nan, Pending_hits = 0, Reservation_fails = 0
	L1D_cache_core[61]: Access = 0, Miss = 0, Miss_rate = -nan, Pending_hits = 0, Reservation_fails = 0
	L1D_cache_core[62]: Access = 0, Miss = 0, Miss_rate = -nan, Pending_hits = 0, Reservation_fails = 0
	L1D_cache_core[63]: Access = 0, Miss = 0, Miss_rate = -nan, Pending_hits = 0, Reservation_fails = 0
	L1D_cache_core[64]: Access = 0, Miss = 0, Miss_rate = -nan, Pending_hits = 0, Reservation_fails = 0
	L1D_cache_core[65]: Access = 0, Miss = 0, Miss_rate = -nan, Pending_hits = 0, Reservation_fails = 0
	L1D_cache_core[66]: Access = 0, Miss = 0, Miss_rate = -nan, Pending_hits = 0, Reservation_fails = 0
	L1D_cache_core[67]: Access = 0, Miss = 0, Miss_rate = -nan, Pending_hits = 0, Reservation_fails = 0
	L1D_cache_core[68]: Access = 0, Miss = 0, Miss_rate = -nan, Pending_hits = 0, Reservation_fails = 0
	L1D_cache_core[69]: Access = 0, Miss = 0, Miss_rate = -nan, Pending_hits = 0, Reservation_fails = 0
	L1D_cache_core[70]: Access = 0, Miss = 0, Miss_rate = -nan, Pending_hits = 0, Reservation_fails = 0
	L1D_cache_core[71]: Access = 0, Miss = 0, Miss_rate = -nan, Pending_hits = 0, Reservation_fails = 0
	L1D_cache_core[72]: Access = 0, Miss = 0, Miss_rate = -nan, Pending_hits = 0, Reservation_fails = 0
	L1D_cache_core[73]: Access = 0, Miss = 0, Miss_rate = -nan, Pending_hits = 0, Reservation_fails = 0
	L1D_cache_core[74]: Access = 0, Miss = 0, Miss_rate = -nan, Pending_hits = 0, Reservation_fails = 0
	L1D_cache_core[75]: Access = 0, Miss = 0, Miss_rate = -nan, Pending_hits = 0, Reservation_fails = 0
	L1D_cache_core[76]: Access = 0, Miss = 0, Miss_rate = -nan, Pending_hits = 0, Reservation_fails = 0
	L1D_cache_core[77]: Access = 0, Miss = 0, Miss_rate = -nan, Pending_hits = 0, Reservation_fails = 0
	L1D_cache_core[78]: Access = 0, Miss = 0, Miss_rate = -nan, Pending_hits = 0, Reservation_fails = 0
	L1D_cache_core[79]: Access = 0, Miss = 0, Miss_rate = -nan, Pending_hits = 0, Reservation_fails = 0
	L1D_cache_core[80]: Access = 0, Miss = 0, Miss_rate = -nan, Pending_hits = 0, Reservation_fails = 0
	L1D_cache_core[81]: Access = 0, Miss = 0, Miss_rate = -nan, Pending_hits = 0, Reservation_fails = 0
	L1D_cache_core[82]: Access = 0, Miss = 0, Miss_rate = -nan, Pending_hits = 0, Reservation_fails = 0
	L1D_cache_core[83]: Access = 0, Miss = 0, Miss_rate = -nan, Pending_hits = 0, Reservation_fails = 0
	L1D_cache_core[84]: Access = 0, Miss = 0, Miss_rate = -nan, Pending_hits = 0, Reservation_fails = 0
	L1D_cache_core[85]: Access = 0, Miss = 0, Miss_rate = -nan, Pending_hits = 0, Reservation_fails = 0
	L1D_cache_core[86]: Access = 0, Miss = 0, Miss_rate = -nan, Pending_hits = 0, Reservation_fails = 0
	L1D_cache_core[87]: Access = 0, Miss = 0, Miss_rate = -nan, Pending_hits = 0, Reservation_fails = 0
	L1D_cache_core[88]: Access = 0, Miss = 0, Miss_rate = -nan, Pending_hits = 0, Reservation_fails = 0
	L1D_cache_core[89]: Access = 0, Miss = 0, Miss_rate = -nan, Pending_hits = 0, Reservation_fails = 0
	L1D_cache_core[90]: Access = 0, Miss = 0, Miss_rate = -nan, Pending_hits = 0, Reservation_fails = 0
	L1D_cache_core[91]: Access = 0, Miss = 0, Miss_rate = -nan, Pending_hits = 0, Reservation_fails = 0
	L1D_cache_core[92]: Access = 0, Miss = 0, Miss_rate = -nan, Pending_hits = 0, Reservation_fails = 0
	L1D_cache_core[93]: Access = 0, Miss = 0, Miss_rate = -nan, Pending_hits = 0, Reservation_fails = 0
	L1D_cache_core[94]: Access = 0, Miss = 0, Miss_rate = -nan, Pending_hits = 0, Reservation_fails = 0
	L1D_cache_core[95]: Access = 0, Miss = 0, Miss_rate = -nan, Pending_hits = 0, Reservation_fails = 0
	L1D_cache_core[96]: Access = 0, Miss = 0, Miss_rate = -nan, Pending_hits = 0, Reservation_fails = 0
	L1D_cache_core[97]: Access = 0, Miss = 0, Miss_rate = -nan, Pending_hits = 0, Reservation_fails = 0
	L1D_cache_core[98]: Access = 0, Miss = 0, Miss_rate = -nan, Pending_hits = 0, Reservation_fails = 0
	L1D_cache_core[99]: Access = 0, Miss = 0, Miss_rate = -nan, Pending_hits = 0, Reservation_fails = 0
	L1D_cache_core[100]: Access = 0, Miss = 0, Miss_rate = -nan, Pending_hits = 0, Reservation_fails = 0
	L1D_cache_core[101]: Access = 0, Miss = 0, Miss_rate = -nan, Pending_hits = 0, Reservation_fails = 0
	L1D_cache_core[102]: Access = 0, Miss = 0, Miss_rate = -nan, Pending_hits = 0, Reservation_fails = 0
	L1D_cache_core[103]: Access = 0, Miss = 0, Miss_rate = -nan, Pending_hits = 0, Reservation_fails = 0
	L1D_cache_core[104]: Access = 0, Miss = 0, Miss_rate = -nan, Pending_hits = 0, Reservation_fails = 0
	L1D_cache_core[105]: Access = 0, Miss = 0, Miss_rate = -nan, Pending_hits = 0, Reservation_fails = 0
	L1D_cache_core[106]: Access = 0, Miss = 0, Miss_rate = -nan, Pending_hits = 0, Reservation_fails = 0
	L1D_cache_core[107]: Access = 0, Miss = 0, Miss_rate = -nan, Pending_hits = 0, Reservation_fails = 0
	L1D_cache_core[108]: Access = 0, Miss = 0, Miss_rate = -nan, Pending_hits = 0, Reservation_fails = 0
	L1D_cache_core[109]: Access = 0, Miss = 0, Miss_rate = -nan, Pending_hits = 0, Reservation_fails = 0
	L1D_cache_core[110]: Access = 0, Miss = 0, Miss_rate = -nan, Pending_hits = 0, Reservation_fails = 0
	L1D_cache_core[111]: Access = 0, Miss = 0, Miss_rate = -nan, Pending_hits = 0, Reservation_fails = 0
	L1D_cache_core[112]: Access = 0, Miss = 0, Miss_rate = -nan, Pending_hits = 0, Reservation_fails = 0
	L1D_cache_core[113]: Access = 0, Miss = 0, Miss_rate = -nan, Pending_hits = 0, Reservation_fails = 0
	L1D_total_cache_accesses = 32
	L1D_total_cache_misses = 16
	L1D_total_cache_miss_rate = 0.5000
	L1D_total_cache_pending_hits = 0
	L1D_total_cache_reservation_fails = 0
	L1D_cache_data_port_util = 0.003
	L1D_cache_fill_port_util = 0.003
L1C_cache:
	L1C_total_cache_accesses = 0
	L1C_total_cache_misses = 0
	L1C_total_cache_pending_hits = 0
	L1C_total_cache_reservation_fails = 0
L1T_cache:
	L1T_total_cache_accesses = 0
	L1T_total_cache_misses = 0
	L1T_total_cache_pending_hits = 0
	L1T_total_cache_reservation_fails = 0

Total_core_cache_stats:
	Total_core_cache_stats_breakdown[GLOBAL_ACC_R][HIT] = 0
	Total_core_cache_stats_breakdown[GLOBAL_ACC_R][HIT_RESERVED] = 0
	Total_core_cache_stats_breakdown[GLOBAL_ACC_R][MISS] = 4
	Total_core_cache_stats_breakdown[GLOBAL_ACC_R][RESERVATION_FAIL] = 0
	Total_core_cache_stats_breakdown[GLOBAL_ACC_R][SECTOR_MISS] = 12
	Total_core_cache_stats_breakdown[GLOBAL_ACC_R][MSHR_HIT] = 0
	Total_core_cache_stats_breakdown[GLOBAL_ACC_R][WRITE_ALLOCATED] = 0
	Total_core_cache_stats_breakdown[CHIPLET_ACC_R][HIT] = 0
	Total_core_cache_stats_breakdown[CHIPLET_ACC_R][HIT_RESERVED] = 0
	Total_core_cache_stats_breakdown[CHIPLET_ACC_R][MISS] = 0
	Total_core_cache_stats_breakdown[CHIPLET_ACC_R][RESERVATION_FAIL] = 0
	Total_core_cache_stats_breakdown[CHIPLET_ACC_R][SECTOR_MISS] = 0
	Total_core_cache_stats_breakdown[CHIPLET_ACC_R][MSHR_HIT] = 0
	Total_core_cache_stats_breakdown[CHIPLET_ACC_R][WRITE_ALLOCATED] = 0
	Total_core_cache_stats_breakdown[LOCAL_ACC_R][HIT] = 0
	Total_core_cache_stats_breakdown[LOCAL_ACC_R][HIT_RESERVED] = 0
	Total_core_cache_stats_breakdown[LOCAL_ACC_R][MISS] = 0
	Total_core_cache_stats_breakdown[LOCAL_ACC_R][RESERVATION_FAIL] = 0
	Total_core_cache_stats_breakdown[LOCAL_ACC_R][SECTOR_MISS] = 0
	Total_core_cache_stats_breakdown[LOCAL_ACC_R][MSHR_HIT] = 0
	Total_core_cache_stats_breakdown[LOCAL_ACC_R][WRITE_ALLOCATED] = 0
	Total_core_cache_stats_breakdown[CONST_ACC_R][HIT] = 0
	Total_core_cache_stats_breakdown[CONST_ACC_R][HIT_RESERVED] = 0
	Total_core_cache_stats_breakdown[CONST_ACC_R][MISS] = 0
	Total_core_cache_stats_breakdown[CONST_ACC_R][RESERVATION_FAIL] = 0
	Total_core_cache_stats_breakdown[CONST_ACC_R][SECTOR_MISS] = 0
	Total_core_cache_stats_breakdown[CONST_ACC_R][MSHR_HIT] = 0
	Total_core_cache_stats_breakdown[CONST_ACC_R][WRITE_ALLOCATED] = 0
	Total_core_cache_stats_breakdown[TEXTURE_ACC_R][HIT] = 0
	Total_core_cache_stats_breakdown[TEXTURE_ACC_R][HIT_RESERVED] = 0
	Total_core_cache_stats_breakdown[TEXTURE_ACC_R][MISS] = 0
	Total_core_cache_stats_breakdown[TEXTURE_ACC_R][RESERVATION_FAIL] = 0
	Total_core_cache_stats_breakdown[TEXTURE_ACC_R][SECTOR_MISS] = 0
	Total_core_cache_stats_breakdown[TEXTURE_ACC_R][MSHR_HIT] = 0
	Total_core_cache_stats_breakdown[TEXTURE_ACC_R][WRITE_ALLOCATED] = 0
	Total_core_cache_stats_breakdown[GLOBAL_ACC_W][HIT] = 16
	Total_core_cache_stats_breakdown[GLOBAL_ACC_W][HIT_RESERVED] = 0
	Total_core_cache_stats_breakdown[GLOBAL_ACC_W][MISS] = 0
	Total_core_cache_stats_breakdown[GLOBAL_ACC_W][RESERVATION_FAIL] = 0
	Total_core_cache_stats_breakdown[GLOBAL_ACC_W][SECTOR_MISS] = 0
	Total_core_cache_stats_breakdown[GLOBAL_ACC_W][MSHR_HIT] = 0
	Total_core_cache_stats_breakdown[GLOBAL_ACC_W][WRITE_ALLOCATED] = 0
	Total_core_cache_stats_breakdown[CHIPLET_ACC_W][HIT] = 0
	Total_core_cache_stats_breakdown[CHIPLET_ACC_W][HIT_RESERVED] = 0
	Total_core_cache_stats_breakdown[CHIPLET_ACC_W][MISS] = 0
	Total_core_cache_stats_breakdown[CHIPLET_ACC_W][RESERVATION_FAIL] = 0
	Total_core_cache_stats_breakdown[CHIPLET_ACC_W][SECTOR_MISS] = 0
	Total_core_cache_stats_breakdown[CHIPLET_ACC_W][MSHR_HIT] = 0
	Total_core_cache_stats_breakdown[CHIPLET_ACC_W][WRITE_ALLOCATED] = 0
	Total_core_cache_stats_breakdown[LOCAL_ACC_W][HIT] = 0
	Total_core_cache_stats_breakdown[LOCAL_ACC_W][HIT_RESERVED] = 0
	Total_core_cache_stats_breakdown[LOCAL_ACC_W][MISS] = 0
	Total_core_cache_stats_breakdown[LOCAL_ACC_W][RESERVATION_FAIL] = 0
	Total_core_cache_stats_breakdown[LOCAL_ACC_W][SECTOR_MISS] = 0
	Total_core_cache_stats_breakdown[LOCAL_ACC_W][MSHR_HIT] = 0
	Total_core_cache_stats_breakdown[LOCAL_ACC_W][WRITE_ALLOCATED] = 0
	Total_core_cache_stats_breakdown[L1_WRBK_ACC][HIT] = 0
	Total_core_cache_stats_breakdown[L1_WRBK_ACC][HIT_RESERVED] = 0
	Total_core_cache_stats_breakdown[L1_WRBK_ACC][MISS] = 0
	Total_core_cache_stats_breakdown[L1_WRBK_ACC][RESERVATION_FAIL] = 0
	Total_core_cache_stats_breakdown[L1_WRBK_ACC][SECTOR_MISS] = 0
	Total_core_cache_stats_breakdown[L1_WRBK_ACC][MSHR_HIT] = 0
	Total_core_cache_stats_breakdown[L1_WRBK_ACC][WRITE_ALLOCATED] = 0
	Total_core_cache_stats_breakdown[L2_WRBK_ACC][HIT] = 0
	Total_core_cache_stats_breakdown[L2_WRBK_ACC][HIT_RESERVED] = 0
	Total_core_cache_stats_breakdown[L2_WRBK_ACC][MISS] = 0
	Total_core_cache_stats_breakdown[L2_WRBK_ACC][RESERVATION_FAIL] = 0
	Total_core_cache_stats_breakdown[L2_WRBK_ACC][SECTOR_MISS] = 0
	Total_core_cache_stats_breakdown[L2_WRBK_ACC][MSHR_HIT] = 0
	Total_core_cache_stats_breakdown[L2_WRBK_ACC][WRITE_ALLOCATED] = 0
	Total_core_cache_stats_breakdown[INST_ACC_R][HIT] = 0
	Total_core_cache_stats_breakdown[INST_ACC_R][HIT_RESERVED] = 0
	Total_core_cache_stats_breakdown[INST_ACC_R][MISS] = 0
	Total_core_cache_stats_breakdown[INST_ACC_R][RESERVATION_FAIL] = 0
	Total_core_cache_stats_breakdown[INST_ACC_R][SECTOR_MISS] = 0
	Total_core_cache_stats_breakdown[INST_ACC_R][MSHR_HIT] = 0
	Total_core_cache_stats_breakdown[INST_ACC_R][WRITE_ALLOCATED] = 0
	Total_core_cache_stats_breakdown[L1_WR_ALLOC_R][HIT] = 0
	Total_core_cache_stats_breakdown[L1_WR_ALLOC_R][HIT_RESERVED] = 0
	Total_core_cache_stats_breakdown[L1_WR_ALLOC_R][MISS] = 0
	Total_core_cache_stats_breakdown[L1_WR_ALLOC_R][RESERVATION_FAIL] = 0
	Total_core_cache_stats_breakdown[L1_WR_ALLOC_R][SECTOR_MISS] = 0
	Total_core_cache_stats_breakdown[L1_WR_ALLOC_R][MSHR_HIT] = 0
	Total_core_cache_stats_breakdown[L1_WR_ALLOC_R][WRITE_ALLOCATED] = 0
	Total_core_cache_stats_breakdown[L2_WR_ALLOC_R][HIT] = 0
	Total_core_cache_stats_breakdown[L2_WR_ALLOC_R][HIT_RESERVED] = 0
	Total_core_cache_stats_breakdown[L2_WR_ALLOC_R][MISS] = 0
	Total_core_cache_stats_breakdown[L2_WR_ALLOC_R][RESERVATION_FAIL] = 0
	Total_core_cache_stats_breakdown[L2_WR_ALLOC_R][SECTOR_MISS] = 0
	Total_core_cache_stats_breakdown[L2_WR_ALLOC_R][MSHR_HIT] = 0
	Total_core_cache_stats_breakdown[L2_WR_ALLOC_R][WRITE_ALLOCATED] = 0
	Total_core_cache_stats_breakdown[GLOBAL_ACC_R][TOTAL_ACCESS] = 16
	Total_core_cache_stats_breakdown[GLOBAL_ACC_W][TOTAL_ACCESS] = 16

Total_core_cache_fail_stats:
ctas_completed 1, Shader 0 warp_id issue ditsribution:
warp_id:
0, 1, 2, 3, 
distro:
792, 771, 756, 756, 
MBARRIER_TRYWAIT,0,0,4181,4381,4581,4781,4981,5181
MBARRIER_TRYWAIT,0,1,3996,4196,4396,4596,4796,4996,5196
MBARRIER_TRYWAIT,0,2,3992,4192,4392,4592,4792,4992,5192
MBARRIER_TRYWAIT,0,3,3993,4193,4393,4593,4793,4993,5193
gpgpu_n_tot_thrd_icount = 92806
gpgpu_n_tot_w_icount = 3075
gpgpu_n_stall_shd_mem = 385
gpgpu_n_mem_read_local = 0
gpgpu_n_mem_write_local = 0
gpgpu_n_mem_read_global = 532
gpgpu_n_mem_write_global = 536
gpgpu_n_mem_texture = 0
gpgpu_n_mem_const = 0
gpgpu_n_load_insn  = 133
gpgpu_n_store_insn = 129
gpgpu_n_shmem_insn = 8513
gpgpu_n_sstarr_insn = 0
gpgpu_n_tex_insn = 0
gpgpu_n_const_mem_insn = 0
gpgpu_n_param_mem_insn = 0
gpgpu_n_shmem_bkconflict = 0
gpgpu_n_l1cache_bkconflict = 0
gpgpu_n_intrawarp_mshr_merge = 0
gpgpu_n_cmem_portconflict = 0
gpgpu_stall_shd_mem[c_mem][resource_stall] = 0
gpgpu_stall_shd_mem[s_mem][bk_conf] = 0
gpgpu_stall_shd_mem[gl_mem][resource_stall] = 0
gpgpu_stall_shd_mem[gl_mem][coal_stall] = 129
gpgpu_stall_shd_mem[gl_mem][data_port_stall] = 0
gpu_reg_bank_conflict_stalls = 0
Warp Occupancy Distribution:
Stall:704	W0_Idle:8813	W0_Scoreboard:6956	W1:48	W2:0	W3:0	W4:0	W5:0	W6:0	W7:0	W8:0	W9:0	W10:0	W11:0	W12:0	W13:0	W14:0	W15:0	W16:0	W17:0	W18:0	W19:0	W20:0	W21:0	W22:0	W23:0	W24:0	W25:0	W26:0	W27:0	W28:0	W29:0	W30:0	W31:10	W32:2889
single_issue_nums: WS0:792	WS1:771	WS2:756	WS3:756	
dual_issue_nums: WS0:0	WS1:0	WS2:0	WS3:0	
traffic_breakdown_coretomem[GLOBAL_ACC_R] = 4224 {8:528,}
traffic_breakdown_coretomem[GLOBAL_ACC_W] = 21440 {40:536,}
traffic_breakdown_coretomem[GLOBAL_ATOMIC] = 160 {40:4,}
traffic_breakdown_memtocore[CHIPLET_ACC_R] = 10240 {40:256,}
traffic_breakdown_memtocore[GLOBAL_ACC_R] = 10880 {40:272,}
traffic_breakdown_memtocore[GLOBAL_ACC_W] = 4288 {8:536,}
traffic_breakdown_memtocore[GLOBAL_ATOMIC] = 160 {40:4,}
maxmflatency = 863 
max_icnt2mem_latency = 131 
maxmrqlatency = 0 
max_icnt2sh_latency = 6 
averagemflatency = 532 
avg_icnt2mem_latency = 100 
avg_icnt2sh_latency = 3 
mrq_lat_table:0 	0 	0 	0 	0 	0 	0 	0 	0 	0 	0 	0 	0 	0 	0 	0 	0 	0 	0 	0 	0 	0 	0 	0 	0 	0 	0 	0 	0 	0 	0 	0 	
dq_lat_table:0 	0 	0 	0 	0 	0 	0 	0 	0 	0 	0 	0 	0 	0 	0 	0 	0 	0 	0 	0 	0 	0 	0 	0 	0 	0 	0 	0 	0 	0 	0 	0 	
mf_lat_table:0 	0 	0 	0 	0 	0 	0 	44 	492 	532 	0 	0 	0 	0 	0 	0 	0 	0 	0 	0 	0 	0 	0 	0 	0 	0 	0 	0 	0 	0 	0 	0 	
icnt2mem_lat_table:0 	5 	15 	32 	64 	160 	256 	536 	0 	0 	0 	0 	0 	0 	0 	0 	0 	0 	0 	0 	0 	0 	0 	0 	
icnt2sh_lat_table:0 	762 	306 	0 	0 	0 	0 	0 	0 	0 	0 	0 	0 	0 	0 	0 	0 	0 	0 	0 	0 	0 	0 	0 	
mf_lat_pw_table:0 	0 	0 	0 	0 	0 	0 	0 	1 	3 	0 	0 	0 	0 	0 	0 	0 	0 	0 	0 	0 	0 	0 	0 	0 	0 	0 	0 	0 	0 	0 	0 	
maximum concurrent accesses to same row:
dram[0]:         0         0         0         0         0         0         0         0         0         0         0         0         0         0         0         0 
dram[1]:         0         0         0         0         0         0         0         0         0         0         0         0         0         0         0         0 
dram[2]:         0         0         0         0         0         0         0         0         0         0         0         0         0         0         0         0 
dram[3]:         0         0         0         0         0         0         0         0         0         0         0         0         0         0         0         0 
dram[4]:         0         0         0         0         0         0         0         0         0         0         0         0         0         0         0         0 
dram[5]:         0         0         0         0         0         0         0         0         0         0         0         0         0         0         0         0 
dram[6]:         0         0         0         0         0         0         0         0         0         0         0         0         0         0         0         0 
dram[7]:         0         0         0         0         0         0         0         0         0         0         0         0         0         0         0         0 
dram[8]:         0         0         0         0         0         0         0         0         0         0         0         0         0         0         0         0 
dram[9]:         0         0         0         0         0         0         0         0         0         0         0         0         0         0         0         0 
dram[10]:         0         0         0         0         0         0         0         0         0         0         0         0         0         0         0         0 
dram[11]:         0         0         0         0         0         0         0         0         0         0         0         0         0         0         0         0 
dram[12]:         0         0         0         0         0         0         0         0         0         0         0         0         0         0         0         0 
dram[13]:         0         0         0         0         0         0         0         0         0         0         0         0         0         0         0         0 
dram[14]:         0         0         0         0         0         0         0         0         0         0         0         0         0         0         0         0 
dram[15]:         0         0         0         0         0         0         0         0         0         0         0         0         0         0         0         0 
dram[16]:         0         0         0         0         0         0         0         0         0         0         0         0         0         0         0         0 
dram[17]:         0         0         0         0         0         0         0         0         0         0         0         0         0         0         0         0 
dram[18]:         0         0         0         0         0         0         0         0         0         0         0         0         0         0         0         0 
dram[19]:         0         0         0         0         0         0         0         0         0         0         0         0         0         0         0         0 
dram[20]:         0         0         0         0         0         0         0         0         0         0         0         0         0         0         0         0 
dram[21]:         0         0         0         0         0         0         0         0         0         0         0         0         0         0         0         0 
dram[22]:         0         0         0         0         0         0         0         0         0         0         0         0         0         0         0         0 
dram[23]:         0         0         0         0         0         0         0         0         0         0         0         0         0         0         0         0 
dram[24]:         0         0         0         0         0         0         0         0         0         0         0         0         0         0         0         0 
dram[25]:         0         0         0         0         0         0         0         0         0         0         0         0         0         0         0         0 
dram[26]:         0         0         0         0         0         0         0         0         0         0         0         0         0         0         0         0 
dram[27]:         0         0         0         0         0         0         0         0         0         0         0         0         0         0         0         0 
dram[28]:         0         0         0         0         0         0         0         0         0         0         0         0         0         0         0         0 
dram[29]:         0         0         0         0         0         0         0         0         0         0         0         0         0         0         0         0 
dram[30]:         0         0         0         0         0         0         0         0         0         0         0         0         0         0         0         0 
dram[31]:         0         0         0         0         0         0         0         0         0         0         0         0         0         0         0         0 
dram[32]:         0         0         0         0         0         0         0         0         0         0         0         0         0         0         0         0 
dram[33]:         0         0         0         0         0         0         0         0         0         0         0         0         0         0         0         0 
dram[34]:         0         0         0         0         0         0         0         0         0         0         0         0         0         0         0         0 
dram[35]:         0         0         0         0         0         0         0         0         0         0         0         0         0         0         0         0 
dram[36]:         0         0         0         0         0         0         0         0         0         0         0         0         0         0         0         0 
dram[37]:         0         0         0         0         0         0         0         0         0         0         0         0         0         0         0         0 
dram[38]:         0         0         0         0         0         0         0         0         0         0         0         0         0         0         0         0 
dram[39]:         0         0         0         0         0         0         0         0         0         0         0         0         0         0         0         0 
maximum service time to same row:
dram[0]:         0         0         0         0         0         0         0         0         0         0         0         0         0         0         0         0 
dram[1]:         0         0         0         0         0         0         0         0         0         0         0         0         0         0         0         0 
dram[2]:         0         0         0         0         0         0         0         0         0         0         0         0         0         0         0         0 
dram[3]:         0         0         0         0         0         0         0         0         0         0         0         0         0         0         0         0 
dram[4]:         0         0         0         0         0         0         0         0         0         0         0         0         0         0         0         0 
dram[5]:         0         0         0         0         0         0         0         0         0         0         0         0         0         0         0         0 
dram[6]:         0         0         0         0         0         0         0         0         0         0         0         0         0         0         0         0 
dram[7]:         0         0         0         0         0         0         0         0         0         0         0         0         0         0         0         0 
dram[8]:         0         0         0         0         0         0         0         0         0         0         0         0         0         0         0         0 
dram[9]:         0         0         0         0         0         0         0         0         0         0         0         0         0         0         0         0 
dram[10]:         0         0         0         0         0         0         0         0         0         0         0         0         0         0         0         0 
dram[11]:         0         0         0         0         0         0         0         0         0         0         0         0         0         0         0         0 
dram[12]:         0         0         0         0         0         0         0         0         0         0         0         0         0         0         0         0 
dram[13]:         0         0         0         0         0         0         0         0         0         0         0         0         0         0         0         0 
dram[14]:         0         0         0         0         0         0         0         0         0         0         0         0         0         0         0         0 
dram[15]:         0         0         0         0         0         0         0         0         0         0         0         0         0         0         0         0 
dram[16]:         0         0         0         0         0         0         0         0         0         0         0         0         0         0         0         0 
dram[17]:         0         0         0         0         0         0         0         0         0         0         0         0         0         0         0         0 
dram[18]:         0         0         0         0         0         0         0         0         0         0         0         0         0         0         0         0 
dram[19]:         0         0         0         0         0         0         0         0         0         0         0         0         0         0         0         0 
dram[20]:         0         0         0         0         0         0         0         0         0         0         0         0         0         0         0         0 
dram[21]:         0         0         0         0         0         0         0         0         0         0         0         0         0         0         0         0 
dram[22]:         0         0         0         0         0         0         0         0         0         0         0         0         0         0         0         0 
dram[23]:         0         0         0         0         0         0         0         0         0         0         0         0         0         0         0         0 
dram[24]:         0         0         0         0         0         0         0         0         0         0         0         0         0         0         0         0 
dram[25]:         0         0         0         0         0         0         0         0         0         0         0         0         0         0         0         0 
dram[26]:         0         0         0         0         0         0         0         0         0         0         0         0         0         0         0         0 
dram[27]:         0         0         0         0         0         0         0         0         0         0         0         0         0         0         0         0 
dram[28]:         0         0         0         0         0         0         0         0         0         0         0         0         0         0         0         0 
dram[29]:         0         0         0         0         0         0         0         0         0         0         0         0         0         0         0         0 
dram[30]:         0         0         0         0         0         0         0         0         0         0         0         0         0         0         0         0 
dram[31]:         0         0         0         0         0         0         0         0         0         0         0         0         0         0         0         0 
dram[32]:         0         0         0         0         0         0         0         0         0         0         0         0         0         0         0         0 
dram[33]:         0         0         0         0         0         0         0         0         0         0         0         0         0         0         0         0 
dram[34]:         0         0         0         0         0         0         0         0         0         0         0         0         0         0         0         0 
dram[35]:         0         0         0         0         0         0         0         0         0         0         0         0         0         0         0         0 
dram[36]:         0         0         0         0         0         0         0         0         0         0         0         0         0         0         0         0 
dram[37]:         0         0         0         0         0         0         0         0         0         0         0         0         0         0         0         0 
dram[38]:         0         0         0         0         0         0         0         0         0         0         0         0         0         0         0         0 
dram[39]:         0         0         0         0         0         0         0         0         0         0         0         0         0         0         0         0 
average row accesses per activate:
dram[0]:      -nan      -nan      -nan      -nan      -nan      -nan      -nan      -nan      -nan      -nan      -nan      -nan      -nan      -nan      -nan      -nan 
dram[1]:      -nan      -nan      -nan      -nan      -nan      -nan      -nan      -nan      -nan      -nan      -nan      -nan      -nan      -nan      -nan      -nan 
dram[2]:      -nan      -nan      -nan      -nan      -nan      -nan      -nan      -nan      -nan      -nan      -nan      -nan      -nan      -nan      -nan      -nan 
dram[3]:      -nan      -nan      -nan      -nan      -nan      -nan      -nan      -nan      -nan      -nan      -nan      -nan      -nan      -nan      -nan      -nan 
dram[4]:      -nan      -nan      -nan      -nan      -nan      -nan      -nan      -nan      -nan      -nan      -nan      -nan      -nan      -nan      -nan      -nan 
dram[5]:      -nan      -nan      -nan      -nan      -nan      -nan      -nan      -nan      -nan      -nan      -nan      -nan      -nan      -nan      -nan      -nan 
dram[6]:      -nan      -nan      -nan      -nan      -nan      -nan      -nan      -nan      -nan      -nan      -nan      -nan      -nan      -nan      -nan      -nan 
dram[7]:      -nan      -nan      -nan      -nan      -nan      -nan      -nan      -nan      -nan      -nan      -nan      -nan      -nan      -nan      -nan      -nan 
dram[8]:      -nan      -nan      -nan      -nan      -nan      -nan      -nan      -nan      -nan      -nan      -nan      -nan      -nan      -nan      -nan      -nan 
dram[9]:      -nan      -nan      -nan      -nan      -nan      -nan      -nan      -nan      -nan      -nan      -nan      -nan      -nan      -nan      -nan      -nan 
dram[10]:      -nan      -nan      -nan      -nan      -nan      -nan      -nan      -nan      -nan      -nan      -nan      -nan      -nan      -nan      -nan      -nan 
dram[11]:      -nan      -nan      -nan      -nan      -nan      -nan      -nan      -nan      -nan      -nan      -nan      -nan      -nan      -nan      -nan      -nan 
dram[12]:      -nan      -nan      -nan      -nan      -nan      -nan      -nan      -nan      -nan      -nan      -nan      -nan      -nan      -nan      -nan      -nan 
dram[13]:      -nan      -nan      -nan      -nan      -nan      -nan      -nan      -nan      -nan      -nan      -nan      -nan      -nan      -nan      -nan      -nan 
dram[14]:      -nan      -nan      -nan      -nan      -nan      -nan      -nan      -nan      -nan      -nan      -nan      -nan      -nan      -nan      -nan      -nan 
dram[15]:      -nan      -nan      -nan      -nan      -nan      -nan      -nan      -nan      -nan      -nan      -nan      -nan      -nan      -nan      -nan      -nan 
dram[16]:      -nan      -nan      -nan      -nan      -nan      -nan      -nan      -nan      -nan      -nan      -nan      -nan      -nan      -nan      -nan      -nan 
dram[17]:      -nan      -nan      -nan      -nan      -nan      -nan      -nan      -nan      -nan      -nan      -nan      -nan      -nan      -nan      -nan      -nan 
dram[18]:      -nan      -nan      -nan      -nan      -nan      -nan      -nan      -nan      -nan      -nan      -nan      -nan      -nan      -nan      -nan      -nan 
dram[19]:      -nan      -nan      -nan      -nan      -nan      -nan      -nan      -nan      -nan      -nan      -nan      -nan      -nan      -nan      -nan      -nan 
dram[20]:      -nan      -nan      -nan      -nan      -nan      -nan      -nan      -nan      -nan      -nan      -nan      -nan      -nan      -nan      -nan      -nan 
dram[21]:      -nan      -nan      -nan      -nan      -nan      -nan      -nan      -nan      -nan      -nan      -nan      -nan      -nan      -nan      -nan      -nan 
dram[22]:      -nan      -nan      -nan      -nan      -nan      -nan      -nan      -nan      -nan      -nan      -nan      -nan      -nan      -nan      -nan      -nan 
dram[23]:      -nan      -nan      -nan      -nan      -nan      -nan      -nan      -nan      -nan      -nan      -nan      -nan      -nan      -nan      -nan      -nan 
dram[24]:      -nan      -nan      -nan      -nan      -nan      -nan      -nan      -nan      -nan      -nan      -nan      -nan      -nan      -nan      -nan      -nan 
dram[25]:      -nan      -nan      -nan      -nan      -nan      -nan      -nan      -nan      -nan      -nan      -nan      -nan      -nan      -nan      -nan      -nan 
dram[26]:      -nan      -nan      -nan      -nan      -nan      -nan      -nan      -nan      -nan      -nan      -nan      -nan      -nan      -nan      -nan      -nan 
dram[27]:      -nan      -nan      -nan      -nan      -nan      -nan      -nan      -nan      -nan      -nan      -nan      -nan      -nan      -nan      -nan      -nan 
dram[28]:      -nan      -nan      -nan      -nan      -nan      -nan      -nan      -nan      -nan      -nan      -nan      -nan      -nan      -nan      -nan      -nan 
dram[29]:      -nan      -nan      -nan      -nan      -nan      -nan      -nan      -nan      -nan      -nan      -nan      -nan      -nan      -nan      -nan      -nan 
dram[30]:      -nan      -nan      -nan      -nan      -nan      -nan      -nan      -nan      -nan      -nan      -nan      -nan      -nan      -nan      -nan      -nan 
dram[31]:      -nan      -nan      -nan      -nan      -nan      -nan      -nan      -nan      -nan      -nan      -nan      -nan      -nan      -nan      -nan      -nan 
dram[32]:      -nan      -nan      -nan      -nan      -nan      -nan      -nan      -nan      -nan      -nan      -nan      -nan      -nan      -nan      -nan      -nan 
dram[33]:      -nan      -nan      -nan      -nan      -nan      -nan      -nan      -nan      -nan      -nan      -nan      -nan      -nan      -nan      -nan      -nan 
dram[34]:      -nan      -nan      -nan      -nan      -nan      -nan      -nan      -nan      -nan      -nan      -nan      -nan      -nan      -nan      -nan      -nan 
dram[35]:      -nan      -nan      -nan      -nan      -nan      -nan      -nan      -nan      -nan      -nan      -nan      -nan      -nan      -nan      -nan      -nan 
dram[36]:      -nan      -nan      -nan      -nan      -nan      -nan      -nan      -nan      -nan      -nan      -nan      -nan      -nan      -nan      -nan      -nan 
dram[37]:      -nan      -nan      -nan      -nan      -nan      -nan      -nan      -nan      -nan      -nan      -nan      -nan      -nan      -nan      -nan      -nan 
dram[38]:      -nan      -nan      -nan      -nan      -nan      -nan      -nan      -nan      -nan      -nan      -nan      -nan      -nan      -nan      -nan      -nan 
dram[39]:      -nan      -nan      -nan      -nan      -nan      -nan      -nan      -nan      -nan      -nan      -nan      -nan      -nan      -nan      -nan      -nan 
average row locality = 0/0 = -nan
number of total memory accesses made:
dram[0]:         0         0         0         0         0         0         0         0         0         0         0         0         0         0         0         0 
dram[1]:         0         0         0         0         0         0         0         0         0         0         0         0         0         0         0         0 
dram[2]:         0         0         0         0         0         0         0         0         0         0         0         0         0         0         0         0 
dram[3]:         0         0         0         0         0         0         0         0         0         0         0         0         0         0         0         0 
dram[4]:         0         0         0         0         0         0         0         0         0         0         0         0         0         0         0         0 
dram[5]:         0         0         0         0         0         0         0         0         0         0         0         0         0         0         0         0 
dram[6]:         0         0         0         0         0         0         0         0         0         0         0         0         0         0         0         0 
dram[7]:         0         0         0         0         0         0         0         0         0         0         0         0         0         0         0         0 
dram[8]:         0         0         0         0         0         0         0         0         0         0         0         0         0         0         0         0 
dram[9]:         0         0         0         0         0         0         0         0         0         0         0         0         0         0         0         0 
dram[10]:         0         0         0         0         0         0         0         0         0         0         0         0         0         0         0         0 
dram[11]:         0         0         0         0         0         0         0         0         0         0         0         0         0         0         0         0 
dram[12]:         0         0         0         0         0         0         0         0         0         0         0         0         0         0         0         0 
dram[13]:         0         0         0         0         0         0         0         0         0         0         0         0         0         0         0         0 
dram[14]:         0         0         0         0         0         0         0         0         0         0         0         0         0         0         0         0 
dram[15]:         0         0         0         0         0         0         0         0         0         0         0         0         0         0         0         0 
dram[16]:         0         0         0         0         0         0         0         0         0         0         0         0         0         0         0         0 
dram[17]:         0         0         0         0         0         0         0         0         0         0         0         0         0         0         0         0 
dram[18]:         0         0         0         0         0         0         0         0         0         0         0         0         0         0         0         0 
dram[19]:         0         0         0         0         0         0         0         0         0         0         0         0         0         0         0         0 
dram[20]:         0         0         0         0         0         0         0         0         0         0         0         0         0         0         0         0 
dram[21]:         0         0         0         0         0         0         0         0         0         0         0         0         0         0         0         0 
dram[22]:         0         0         0         0         0         0         0         0         0         0         0         0         0         0         0         0 
dram[23]:         0         0         0         0         0         0         0         0         0         0         0         0         0         0         0         0 
dram[24]:         0         0         0         0         0         0         0         0         0         0         0         0         0         0         0         0 
dram[25]:         0         0         0         0         0         0         0         0         0         0         0         0         0         0         0         0 
dram[26]:         0         0         0         0         0         0         0         0         0         0         0         0         0         0         0         0 
dram[27]:         0         0         0         0         0         0         0         0         0         0         0         0         0         0         0         0 
dram[28]:         0         0         0         0         0         0         0         0         0         0         0         0         0         0         0         0 
dram[29]:         0         0         0         0         0         0         0         0         0         0         0         0         0         0         0         0 
dram[30]:         0         0         0         0         0         0         0         0         0         0         0         0         0         0         0         0 
dram[31]:         0         0         0         0         0         0         0         0         0         0         0         0         0         0         0         0 
dram[32]:         0         0         0         0         0         0         0         0         0         0         0         0         0         0         0         0 
dram[33]:         0         0         0         0         0         0         0         0         0         0         0         0         0         0         0         0 
dram[34]:         0         0         0         0         0         0         0         0         0         0         0         0         0         0         0         0 
dram[35]:         0         0         0         0         0         0         0         0         0         0         0         0         0         0         0         0 
dram[36]:         0         0         0         0         0         0         0         0         0         0         0         0         0         0         0         0 
dram[37]:         0         0         0         0         0         0         0         0         0         0         0         0         0         0         0         0 
dram[38]:         0         0         0         0         0         0         0         0         0         0         0         0         0         0         0         0 
dram[39]:         0         0         0         0         0         0         0         0         0         0         0         0         0         0         0         0 
total accesses: 0
min_bank_accesses = 0!
min_chip_accesses = 0!
number of total read accesses:
dram[0]:         0         0         0         0         0         0         0         0         0         0         0         0         8         4         0         0 
dram[1]:         0         0         0         0         0         0         0         0         0         0         0         0         8         8         0         0 
dram[2]:         0         0         0         0         0         0         0         0         0         0         0         0         4         8         0         0 
dram[3]:         0         0         0         0         0         0         0         0         0         0         0         0         4         4         0         0 
dram[4]:         0         0         0         0         0         0         0         0         0         0         0         0         4         4         0         0 
dram[5]:         0         0         0         0         0         0         0         0         0         0         0         0         4         4         0         0 
dram[6]:         0         0         0         0         0         0         0         0         0         0         0         0         4         4         0         0 
dram[7]:         0         0         0         0         0         0         0         0         0         0         0         0         4         4         0         0 
dram[8]:         0         0         0         0         0         0         0         0         0         0         0         0         4         4         0         0 
dram[9]:         0         0         0         0         0         0         0         0         0         0         0         0         4         4         0         0 
dram[10]:         0         0         0         0         0         0         4         4         0         0         0         0         8         8         0         0 
dram[11]:         0         0         0         0         0         0         0         4         0         0         0         0         8         8         0         0 
dram[12]:         0         0         0         0         0         0         1         0         0         0         0         0         8         8         0         0 
dram[13]:         0         0         0         0         0         0         0         0         0         0         0         0         8         8         0         0 
dram[14]:         0         0         0         0         0         0         4         0         0         0         0         0         8         8         0         0 
dram[15]:         0         0         0         0         0         0         0         0         0         0         0         0         8         8         0         0 
dram[16]:         0         0         0         0         0         0         0         0         0         0         0         0         8         8         0         0 
dram[17]:         0         0         0         0         0         0         0         0         0         0         0         0         8         8         0         0 
dram[18]:         0         0         0         0         0         0         0         0         0         0         0         0         8         8         0         0 
dram[19]:         0         0         0         0         0         0         0         0         0         0         0         0         8         8         0         0 
dram[20]:         0         0         0         0         0         0         0         0         0         0         0         0         4         8         0         0 
dram[21]:         0         0         0         0         0         0         0         0         0         0         0         0         4         4         0         0 
dram[22]:         0         0         0         0         0         0         0         0         0         0         0         0         8         4         0         0 
dram[23]:         0         0         0         0         0         0         0         0         0         0         0         0         8         8         0         0 
dram[24]:         0         0         0         0         0         0         0         0         0         0         0         0         8         8         0         0 
dram[25]:         0         0         0         0         0         0         0         0         0         0         0         0         8         8         0         0 
dram[26]:         0         0         0         0         0         0         0         0         0         0         0         0         8         8         0         0 
dram[27]:         0         0         0         0         0         0         0         0         0         0         0         0         8         8         0         0 
dram[28]:         0         0         0         0         0         0         0         0         0         0         0         0         8         8         0         0 
dram[29]:         0         0         0         0         0         0         0         0         0         0         0         0         8         8         0         0 
dram[30]:         0         0         0         0         0         0         0         0         0         0         0         0         4         4         0         0 
dram[31]:         0         0         0         0         0         0         0         0         0         0         0         0         4         4         0         0 
dram[32]:         0         0         0         0         0         0         0         0         0         0         0         0         4         4         0         0 
dram[33]:         0         0         0         0         0         0         0         0         0         0         0         0         4         4         0         0 
dram[34]:         0         0         0         0         0         0         0         0         0         0         0         0         4         4         0         0 
dram[35]:         0         0         0         0         0         0         0         0         0         0         0         0         4         4         0         0 
dram[36]:         0         0         0         0         0         0         0         0         0         0         0         0         8         8         0         0 
dram[37]:         0         0         0         0         0         0         0         0         0         0         0         0         8         8         0         0 
dram[38]:         0         0         0         0         0         0         0         0         0         0         0         0         8         8         0         0 
dram[39]:         0         0         0         0         0         0         0         0         0         0         0         0         8         8         0         0 
total dram reads = 529
min_bank_accesses = 0!
chip skew: 24/8 = 3.00
number of total write accesses:
dram[0]:         0         0         0         0         0         0         0         0         0         0         0         0         0         0         0         0 
dram[1]:         0         0         0         0         0         0         0         0         0         0         0         0         0         0         0         0 
dram[2]:         0         0         0         0         0         0         0         0         0         0         0         0         0         0         0         0 
dram[3]:         0         0         0         0         0         0         0         0         0         0         0         0         0         0         0         0 
dram[4]:         0         0         0         0         0         0         0         0         0         0         0         0         0         0         0         0 
dram[5]:         0         0         0         0         0         0         0         0         0         0         0         0         0         0         0         0 
dram[6]:         0         0         0         0         0         0         0         0         0         0         0         0         0         0         0         0 
dram[7]:         0         0         0         0         0         0         0         0         0         0         0         0         0         0         0         0 
dram[8]:         0         0         0         0         0         0         0         0         0         0         0         0         0         0         0         0 
dram[9]:         0         0         0         0         0         0         0         0         0         0         0         0         0         0         0         0 
dram[10]:         0         0         0         0         0         0         0         0         0         0         0         0         0         0         0         0 
dram[11]:         0         0         0         0         0         0         0         0         0         0         0         0         0         0         0         0 
dram[12]:         0         0         0         0         0         0         0         0         0         0         0         0         0         0         0         0 
dram[13]:         0         0         0         0         0         0         0         0         0         0         0         0         0         0         0         0 
dram[14]:         0         0         0         0         0         0         0         0         0         0         0         0         0         0         0         0 
dram[15]:         0         0         0         0         0         0         0         0         0         0         0         0         0         0         0         0 
dram[16]:         0         0         0         0         0         0         0         0         0         0         0         0         0         0         0         0 
dram[17]:         0         0         0         0         0         0         0         0         0         0         0         0         0         0         0         0 
dram[18]:         0         0         0         0         0         0         0         0         0         0         0         0         0         0         0         0 
dram[19]:         0         0         0         0         0         0         0         0         0         0         0         0         0         0         0         0 
dram[20]:         0         0         0         0         0         0         0         0         0         0         0         0         0         0         0         0 
dram[21]:         0         0         0         0         0         0         0         0         0         0         0         0         0         0         0         0 
dram[22]:         0         0         0         0         0         0         0         0         0         0         0         0         0         0         0         0 
dram[23]:         0         0         0         0         0         0         0         0         0         0         0         0         0         0         0         0 
dram[24]:         0         0         0         0         0         0         0         0         0         0         0         0         0         0         0         0 
dram[25]:         0         0         0         0         0         0         0         0         0         0         0         0         0         0         0         0 
dram[26]:         0         0         0         0         0         0         0         0         0         0         0         0         0         0         0         0 
dram[27]:         0         0         0         0         0         0         0         0         0         0         0         0         0         0         0         0 
dram[28]:         0         0         0         0         0         0         0         0         0         0         0         0         0         0         0         0 
dram[29]:         0         0         0         0         0         0         0         0         0         0         0         0         0         0         0         0 
dram[30]:         0         0         0         0         0         0         0         0         0         0         0         0         0         0         0         0 
dram[31]:         0         0         0         0         0         0         0         0         0         0         0         0         0         0         0         0 
dram[32]:         0         0         0         0         0         0         0         0         0         0         0         0         0         0         0         0 
dram[33]:         0         0         0         0         0         0         0         0         0         0         0         0         0         0         0         0 
dram[34]:         0         0         0         0         0         0         0         0         0         0         0         0         0         0         0         0 
dram[35]:         0         0         0         0         0         0         0         0         0         0         0         0         0         0         0         0 
dram[36]:         0         0         0         0         0         0         0         0         0         0         0         0         0         0         0         0 
dram[37]:         0         0         0         0         0         0         0         0         0         0         0         0         0         0         0         0 
dram[38]:         0         0         0         0         0         0         0         0         0         0         0         0         0         0         0         0 
dram[39]:         0         0         0         0         0         0         0         0         0         0         0         0         0         0         0         0 
total dram writes = 0
min_bank_accesses = 0!
min_chip_accesses = 0!
average mf latency per bank:
dram[0]:     none      none      none      none      none      none      none      none      none      none      none      none         658       659    none      none  
dram[1]:     none      none      none      none      none      none      none      none      none      none      none      none         659       659    none      none  
dram[2]:     none      none      none      none      none      none      none      none      none      none      none      none         658       658    none      none  
dram[3]:     none      none      none      none      none      none      none      none      none      none      none      none         658       659    none      none  
dram[4]:     none      none      none      none      none      none      none      none      none      none      none      none         657       658    none      none  
dram[5]:     none      none      none      none      none      none      none      none      none      none      none      none         658       658    none      none  
dram[6]:     none      none      none      none      none      none      none      none      none      none      none      none         658       659    none      none  
dram[7]:     none      none      none      none      none      none      none      none      none      none      none      none         658       657    none      none  
dram[8]:     none      none      none      none      none      none      none      none      none      none      none      none         658       659    none      none  
dram[9]:     none      none      none      none      none      none      none      none      none      none      none      none         659       658    none      none  
dram[10]:     none      none      none      none      none      none         863       870    none      none      none      none         658       658    none      none  
dram[11]:     none      none      none      none      none      none      none         866    none      none      none      none         658       659    none      none  
dram[12]:     none      none      none      none      none      none        2069    none      none      none      none      none         658       657    none      none  
dram[13]:     none      none      none      none      none      none      none      none      none      none      none      none         658       659    none      none  
dram[14]:     none      none      none      none      none      none         859    none      none      none      none      none         659       658    none      none  
dram[15]:     none      none      none      none      none      none      none      none      none      none      none      none         659       658    none      none  
dram[16]:     none      none      none      none      none      none      none      none      none      none      none      none         659       658    none      none  
dram[17]:     none      none      none      none      none      none      none      none      none      none      none      none         658       658    none      none  
dram[18]:     none      none      none      none      none      none      none      none      none      none      none      none         658       659    none      none  
dram[19]:     none      none      none      none      none      none      none      none      none      none      none      none         658       659    none      none  
dram[20]:     none      none      none      none      none      none      none      none      none      none      none      none         860       858    none      none  
dram[21]:     none      none      none      none      none      none      none      none      none      none      none      none         860       859    none      none  
dram[22]:     none      none      none      none      none      none      none      none      none      none      none      none         859       859    none      none  
dram[23]:     none      none      none      none      none      none      none      none      none      none      none      none         859       860    none      none  
dram[24]:     none      none      none      none      none      none      none      none      none      none      none      none         859       859    none      none  
dram[25]:     none      none      none      none      none      none      none      none      none      none      none      none         860       860    none      none  
dram[26]:     none      none      none      none      none      none      none      none      none      none      none      none         860       860    none      none  
dram[27]:     none      none      none      none      none      none      none      none      none      none      none      none         860       859    none      none  
dram[28]:     none      none      none      none      none      none      none      none      none      none      none      none         860       860    none      none  
dram[29]:     none      none      none      none      none      none      none      none      none      none      none      none         860       859    none      none  
dram[30]:     none      none      none      none      none      none      none      none      none      none      none      none         860       859    none      none  
dram[31]:     none      none      none      none      none      none      none      none      none      none      none      none         860       859    none      none  
dram[32]:     none      none      none      none      none      none      none      none      none      none      none      none         860       859    none      none  
dram[33]:     none      none      none      none      none      none      none      none      none      none      none      none         860       859    none      none  
dram[34]:     none      none      none      none      none      none      none      none      none      none      none      none         859       860    none      none  
dram[35]:     none      none      none      none      none      none      none      none      none      none      none      none         860       859    none      none  
dram[36]:     none      none      none      none      none      none      none      none      none      none      none      none         860       859    none      none  
dram[37]:     none      none      none      none      none      none      none      none      none      none      none      none         860       859    none      none  
dram[38]:     none      none      none      none      none      none      none      none      none      none      none      none         860       860    none      none  
dram[39]:     none      none      none      none      none      none      none      none      none      none      none      none         860       859    none      none  
maximum mf latency per bank:
dram[0]:          0         0       353       352         0         0         0         0         0         0         0         0       661       661         0         0
dram[1]:          0         0       351       350         0         0         0         0         0         0         0         0       661       661         0         0
dram[2]:          0         0       349       348         0         0         0         0         0         0         0         0       661       660         0         0
dram[3]:          0         0       347       346         0         0         0         0         0         0         0         0       661       661         0         0
dram[4]:          0         0       345       344         0         0         0         0         0         0         0         0       660       661         0         0
dram[5]:          0         0       363       362         0         0         0         0         0         0         0         0       661       661         0         0
dram[6]:          0         0       361       360         0         0         0         0         0         0         0         0       660       661         0         0
dram[7]:          0         0       359       358         0         0         0         0         0         0         0         0       661       660         0         0
dram[8]:          0         0       357       356         0         0         0         0         0         0         0         0       662       661         0         0
dram[9]:          0         0       355       354         0         0         0         0         0         0         0         0       663       661         0         0
dram[10]:          0         0       372       372         0         0       577       583         0         0         0         0       661       661         0         0
dram[11]:          0         0       371       370         0         0         0       581         0         0         0         0       661       661         0         0
dram[12]:          0         0       369       368         0         0       528         0         0         0         0         0       660       661         0         0
dram[13]:          0         0       367       366         0         0         0         0         0         0         0         0       661       662         0         0
dram[14]:          0         0       365       364         0         0       574         0         0         0         0         0       663       661         0         0
dram[15]:          0         0       317       318         0         0         0         0         0         0         0         0       662       661         0         0
dram[16]:          0         0       315       316         0         0         0         0         0         0         0         0       663       661         0         0
dram[17]:          0         0       323       314         0         0         0         0         0         0         0         0       660       660         0         0
dram[18]:          0         0       321       322         0         0         0         0         0         0         0         0       661       662         0         0
dram[19]:          0         0       372       372         0         0         0         0         0         0         0         0       662       662         0         0
dram[20]:          0         0         0         0         0         0         0         0         0         0         0         0       862       862         0         0
dram[21]:          0         0         0         0         0         0         0         0         0         0         0         0       863       862         0         0
dram[22]:          0         0         0         0         0         0         0         0         0         0         0         0       862       862         0         0
dram[23]:          0         0         0         0         0         0         0         0         0         0         0         0       863       863         0         0
dram[24]:          0         0         0         0         0         0         0         0         0         0         0         0       863       863         0         0
dram[25]:          0         0         0         0         0         0         0         0         0         0         0         0       863       863         0         0
dram[26]:          0         0         0         0         0         0         0         0         0         0         0         0       862       863         0         0
dram[27]:          0         0         0         0         0         0         0         0         0         0         0         0       863       862         0         0
dram[28]:          0         0         0         0         0         0         0         0         0         0         0         0       863       863         0         0
dram[29]:          0         0         0         0         0         0         0         0         0         0         0         0       863       862         0         0
dram[30]:          0         0         0         0         0         0         0         0         0         0         0         0       862       862         0         0
dram[31]:          0         0         0         0         0         0         0         0         0         0         0         0       862       862         0         0
dram[32]:          0         0         0         0         0         0         0         0         0         0         0         0       863       862         0         0
dram[33]:          0         0         0         0         0         0         0         0         0         0         0         0       862       862         0         0
dram[34]:          0         0         0         0         0         0         0         0         0         0         0         0       862       863         0         0
dram[35]:          0         0         0         0         0         0         0         0         0         0         0         0       863       862         0         0
dram[36]:          0         0         0         0         0         0         0         0         0         0         0         0       862       862         0         0
dram[37]:          0         0         0         0         0         0         0         0         0         0         0         0       863       862         0         0
dram[38]:          0         0         0         0         0         0         0         0         0         0         0         0       862       863         0         0
dram[39]:          0         0         0         0         0         0         0         0         0         0         0         0       863       862         0         0
LRC stats:
LRC_subpartition_num_lrc_to_l2_sectors.sum = 529
LRC_subpartition_num_icnt_to_lrc_sectors.sum = 532
Number of LRC to L2 sectors: 529
Number of ICNT to LRC sectors: 532
Number of LRC to L2 bytes: 16928
Number of ICNT to LRC bytes: 17024
LRC compression ratio: 1.005671
LRC_subpartition_l2_stall_due_to_lrc_full.sum = 0
Inter-chiplet stats:
interchip_read_requests = 256
interchip_write_requests = 520
Total inter-chiplet requests: 776
Memory Partition 0: 
Cache L2_bank_000:
MSHR contents

Cache L2_bank_001:
MSHR contents

In Dram Latency Queue (total = 0): 
DRAM[0]: 16 bks, busW=8 BL=4 CL=19, tRRD=6 tCCD=1, tRCD=19 tRAS=45 tRP=19 tRC=50
n_cmd=0 n_nop=0 n_act=0 n_pre=0 n_ref_event=0 n_req=0 n_rd=0 n_rd_L2_A=0 n_write=0 n_wr_bk=0 bw_util=-nan
n_activity=0 dram_eff=-nan
bk0: 0a 0i bk1: 0a 0i bk2: 0a 0i bk3: 0a 0i bk4: 0a 0i bk5: 0a 0i bk6: 0a 0i bk7: 0a 0i bk8: 0a 0i bk9: 0a 0i bk10: 0a 0i bk11: 0a 0i bk12: 0a 0i bk13: 0a 0i bk14: 0a 0i bk15: 0a 0i 

------------------------------------------------------------------------

Row_Buffer_Locality = -nan
Row_Buffer_Locality_read = -nan
Row_Buffer_Locality_write = -nan
Bank_Level_Parallism = -nan
Bank_Level_Parallism_Col = -nan
Bank_Level_Parallism_Ready = -nan
write_to_read_ratio_blp_rw_average = -nan
GrpLevelPara = -nan 

BW Util details:
bwutil = -nan 
total_CMD = 0 
util_bw = 0 
Wasted_Col = 0 
Wasted_Row = 0 
Idle = 0 

BW Util Bottlenecks: 
RCDc_limit = 0 
RCDWRc_limit = 0 
WTRc_limit = 0 
RTWc_limit = 0 
CCDLc_limit = 0 
rwq = 0 
CCDLc_limit_alone = 0 
WTRc_limit_alone = 0 
RTWc_limit_alone = 0 

Commands details: 
total_CMD = 0 
n_nop = 0 
Read = 0 
Write = 0 
L2_Alloc = 0 
L2_WB = 0 
n_act = 0 
n_pre = 0 
n_ref = 0 
n_req = 0 
total_req = 0 

Dual Bus Interface Util: 
issued_total_row = 0 
issued_total_col = 0 
Row_Bus_Util =  -nan 
CoL_Bus_Util = -nan 
Either_Row_CoL_Bus_Util = -nan 
Issued_on_Two_Bus_Simul_Util = -nan 
issued_two_Eff = -nan 
queue_avg = -nan 


dram_util_bins: 0 0 0 0 0 0 0 0 0 0
dram_eff_bins: 0 0 0 0 0 0 0 0 0 0
mrqq: max=0 avg=-nan
Memory Partition 1: 
Cache L2_bank_002:
MSHR contents

Cache L2_bank_003:
MSHR contents

In Dram Latency Queue (total = 0): 
DRAM[1]: 16 bks, busW=8 BL=4 CL=19, tRRD=6 tCCD=1, tRCD=19 tRAS=45 tRP=19 tRC=50
n_cmd=0 n_nop=0 n_act=0 n_pre=0 n_ref_event=0 n_req=0 n_rd=0 n_rd_L2_A=0 n_write=0 n_wr_bk=0 bw_util=-nan
n_activity=0 dram_eff=-nan
bk0: 0a 0i bk1: 0a 0i bk2: 0a 0i bk3: 0a 0i bk4: 0a 0i bk5: 0a 0i bk6: 0a 0i bk7: 0a 0i bk8: 0a 0i bk9: 0a 0i bk10: 0a 0i bk11: 0a 0i bk12: 0a 0i bk13: 0a 0i bk14: 0a 0i bk15: 0a 0i 

------------------------------------------------------------------------

Row_Buffer_Locality = -nan
Row_Buffer_Locality_read = -nan
Row_Buffer_Locality_write = -nan
Bank_Level_Parallism = -nan
Bank_Level_Parallism_Col = -nan
Bank_Level_Parallism_Ready = -nan
write_to_read_ratio_blp_rw_average = -nan
GrpLevelPara = -nan 

BW Util details:
bwutil = -nan 
total_CMD = 0 
util_bw = 0 
Wasted_Col = 0 
Wasted_Row = 0 
Idle = 0 

BW Util Bottlenecks: 
RCDc_limit = 0 
RCDWRc_limit = 0 
WTRc_limit = 0 
RTWc_limit = 0 
CCDLc_limit = 0 
rwq = 0 
CCDLc_limit_alone = 0 
WTRc_limit_alone = 0 
RTWc_limit_alone = 0 

Commands details: 
total_CMD = 0 
n_nop = 0 
Read = 0 
Write = 0 
L2_Alloc = 0 
L2_WB = 0 
n_act = 0 
n_pre = 0 
n_ref = 0 
n_req = 0 
total_req = 0 

Dual Bus Interface Util: 
issued_total_row = 0 
issued_total_col = 0 
Row_Bus_Util =  -nan 
CoL_Bus_Util = -nan 
Either_Row_CoL_Bus_Util = -nan 
Issued_on_Two_Bus_Simul_Util = -nan 
issued_two_Eff = -nan 
queue_avg = -nan 


dram_util_bins: 0 0 0 0 0 0 0 0 0 0
dram_eff_bins: 0 0 0 0 0 0 0 0 0 0
mrqq: max=0 avg=-nan
Memory Partition 2: 
Cache L2_bank_004:
MSHR contents

Cache L2_bank_005:
MSHR contents

In Dram Latency Queue (total = 0): 
DRAM[2]: 16 bks, busW=8 BL=4 CL=19, tRRD=6 tCCD=1, tRCD=19 tRAS=45 tRP=19 tRC=50
n_cmd=0 n_nop=0 n_act=0 n_pre=0 n_ref_event=0 n_req=0 n_rd=0 n_rd_L2_A=0 n_write=0 n_wr_bk=0 bw_util=-nan
n_activity=0 dram_eff=-nan
bk0: 0a 0i bk1: 0a 0i bk2: 0a 0i bk3: 0a 0i bk4: 0a 0i bk5: 0a 0i bk6: 0a 0i bk7: 0a 0i bk8: 0a 0i bk9: 0a 0i bk10: 0a 0i bk11: 0a 0i bk12: 0a 0i bk13: 0a 0i bk14: 0a 0i bk15: 0a 0i 

------------------------------------------------------------------------

Row_Buffer_Locality = -nan
Row_Buffer_Locality_read = -nan
Row_Buffer_Locality_write = -nan
Bank_Level_Parallism = -nan
Bank_Level_Parallism_Col = -nan
Bank_Level_Parallism_Ready = -nan
write_to_read_ratio_blp_rw_average = -nan
GrpLevelPara = -nan 

BW Util details:
bwutil = -nan 
total_CMD = 0 
util_bw = 0 
Wasted_Col = 0 
Wasted_Row = 0 
Idle = 0 

BW Util Bottlenecks: 
RCDc_limit = 0 
RCDWRc_limit = 0 
WTRc_limit = 0 
RTWc_limit = 0 
CCDLc_limit = 0 
rwq = 0 
CCDLc_limit_alone = 0 
WTRc_limit_alone = 0 
RTWc_limit_alone = 0 

Commands details: 
total_CMD = 0 
n_nop = 0 
Read = 0 
Write = 0 
L2_Alloc = 0 
L2_WB = 0 
n_act = 0 
n_pre = 0 
n_ref = 0 
n_req = 0 
total_req = 0 

Dual Bus Interface Util: 
issued_total_row = 0 
issued_total_col = 0 
Row_Bus_Util =  -nan 
CoL_Bus_Util = -nan 
Either_Row_CoL_Bus_Util = -nan 
Issued_on_Two_Bus_Simul_Util = -nan 
issued_two_Eff = -nan 
queue_avg = -nan 


dram_util_bins: 0 0 0 0 0 0 0 0 0 0
dram_eff_bins: 0 0 0 0 0 0 0 0 0 0
mrqq: max=0 avg=-nan
Memory Partition 3: 
Cache L2_bank_006:
MSHR contents

Cache L2_bank_007:
MSHR contents

In Dram Latency Queue (total = 0): 
DRAM[3]: 16 bks, busW=8 BL=4 CL=19, tRRD=6 tCCD=1, tRCD=19 tRAS=45 tRP=19 tRC=50
n_cmd=0 n_nop=0 n_act=0 n_pre=0 n_ref_event=94384030223760 n_req=0 n_rd=0 n_rd_L2_A=0 n_write=0 n_wr_bk=0 bw_util=-nan
n_activity=0 dram_eff=-nan
bk0: 0a 0i bk1: 0a 0i bk2: 0a 0i bk3: 0a 0i bk4: 0a 0i bk5: 0a 0i bk6: 0a 0i bk7: 0a 0i bk8: 0a 0i bk9: 0a 0i bk10: 0a 0i bk11: 0a 0i bk12: 0a 0i bk13: 0a 0i bk14: 0a 0i bk15: 0a 0i 

------------------------------------------------------------------------

Row_Buffer_Locality = -nan
Row_Buffer_Locality_read = -nan
Row_Buffer_Locality_write = -nan
Bank_Level_Parallism = -nan
Bank_Level_Parallism_Col = inf
Bank_Level_Parallism_Ready = -nan
write_to_read_ratio_blp_rw_average = -nan
GrpLevelPara = -nan 

BW Util details:
bwutil = -nan 
total_CMD = 0 
util_bw = 0 
Wasted_Col = 0 
Wasted_Row = 0 
Idle = 0 

BW Util Bottlenecks: 
RCDc_limit = 0 
RCDWRc_limit = 0 
WTRc_limit = 0 
RTWc_limit = 0 
CCDLc_limit = 0 
rwq = 0 
CCDLc_limit_alone = 0 
WTRc_limit_alone = 0 
RTWc_limit_alone = 0 

Commands details: 
total_CMD = 0 
n_nop = 0 
Read = 0 
Write = 0 
L2_Alloc = 0 
L2_WB = 0 
n_act = 0 
n_pre = 0 
n_ref = 94384030223760 
n_req = 0 
total_req = 0 

Dual Bus Interface Util: 
issued_total_row = 0 
issued_total_col = 0 
Row_Bus_Util =  -nan 
CoL_Bus_Util = -nan 
Either_Row_CoL_Bus_Util = -nan 
Issued_on_Two_Bus_Simul_Util = -nan 
issued_two_Eff = -nan 
queue_avg = -nan 


dram_util_bins: 0 0 0 0 0 0 0 0 0 0
dram_eff_bins: 0 0 0 0 0 0 0 0 0 0
mrqq: max=0 avg=-nan
Memory Partition 4: 
Cache L2_bank_008:
MSHR contents

Cache L2_bank_009:
MSHR contents

In Dram Latency Queue (total = 0): 
DRAM[4]: 16 bks, busW=8 BL=4 CL=19, tRRD=6 tCCD=1, tRCD=19 tRAS=45 tRP=19 tRC=50
n_cmd=0 n_nop=0 n_act=0 n_pre=0 n_ref_event=0 n_req=0 n_rd=0 n_rd_L2_A=0 n_write=0 n_wr_bk=0 bw_util=-nan
n_activity=0 dram_eff=-nan
bk0: 0a 0i bk1: 0a 0i bk2: 0a 0i bk3: 0a 0i bk4: 0a 0i bk5: 0a 0i bk6: 0a 0i bk7: 0a 0i bk8: 0a 0i bk9: 0a 0i bk10: 0a 0i bk11: 0a 0i bk12: 0a 0i bk13: 0a 0i bk14: 0a 0i bk15: 0a 0i 

------------------------------------------------------------------------

Row_Buffer_Locality = -nan
Row_Buffer_Locality_read = -nan
Row_Buffer_Locality_write = -nan
Bank_Level_Parallism = -nan
Bank_Level_Parallism_Col = -nan
Bank_Level_Parallism_Ready = -nan
write_to_read_ratio_blp_rw_average = -nan
GrpLevelPara = -nan 

BW Util details:
bwutil = -nan 
total_CMD = 0 
util_bw = 0 
Wasted_Col = 0 
Wasted_Row = 0 
Idle = 0 

BW Util Bottlenecks: 
RCDc_limit = 0 
RCDWRc_limit = 0 
WTRc_limit = 0 
RTWc_limit = 0 
CCDLc_limit = 0 
rwq = 0 
CCDLc_limit_alone = 0 
WTRc_limit_alone = 0 
RTWc_limit_alone = 0 

Commands details: 
total_CMD = 0 
n_nop = 0 
Read = 0 
Write = 0 
L2_Alloc = 0 
L2_WB = 0 
n_act = 0 
n_pre = 0 
n_ref = 0 
n_req = 0 
total_req = 0 

Dual Bus Interface Util: 
issued_total_row = 0 
issued_total_col = 0 
Row_Bus_Util =  -nan 
CoL_Bus_Util = -nan 
Either_Row_CoL_Bus_Util = -nan 
Issued_on_Two_Bus_Simul_Util = -nan 
issued_two_Eff = -nan 
queue_avg = -nan 


dram_util_bins: 0 0 0 0 0 0 0 0 0 0
dram_eff_bins: 0 0 0 0 0 0 0 0 0 0
mrqq: max=0 avg=-nan
Memory Partition 5: 
Cache L2_bank_010:
MSHR contents

Cache L2_bank_011:
MSHR contents

In Dram Latency Queue (total = 0): 
DRAM[5]: 16 bks, busW=8 BL=4 CL=19, tRRD=6 tCCD=1, tRCD=19 tRAS=45 tRP=19 tRC=50
n_cmd=0 n_nop=0 n_act=0 n_pre=0 n_ref_event=0 n_req=0 n_rd=0 n_rd_L2_A=0 n_write=0 n_wr_bk=0 bw_util=-nan
n_activity=0 dram_eff=-nan
bk0: 0a 0i bk1: 0a 0i bk2: 0a 0i bk3: 0a 0i bk4: 0a 0i bk5: 0a 0i bk6: 0a 0i bk7: 0a 0i bk8: 0a 0i bk9: 0a 0i bk10: 0a 0i bk11: 0a 0i bk12: 0a 0i bk13: 0a 0i bk14: 0a 0i bk15: 0a 0i 

------------------------------------------------------------------------

Row_Buffer_Locality = -nan
Row_Buffer_Locality_read = -nan
Row_Buffer_Locality_write = -nan
Bank_Level_Parallism = -nan
Bank_Level_Parallism_Col = -nan
Bank_Level_Parallism_Ready = -nan
write_to_read_ratio_blp_rw_average = -nan
GrpLevelPara = -nan 

BW Util details:
bwutil = -nan 
total_CMD = 0 
util_bw = 0 
Wasted_Col = 0 
Wasted_Row = 0 
Idle = 0 

BW Util Bottlenecks: 
RCDc_limit = 0 
RCDWRc_limit = 0 
WTRc_limit = 0 
RTWc_limit = 0 
CCDLc_limit = 0 
rwq = 0 
CCDLc_limit_alone = 0 
WTRc_limit_alone = 0 
RTWc_limit_alone = 0 

Commands details: 
total_CMD = 0 
n_nop = 0 
Read = 0 
Write = 0 
L2_Alloc = 0 
L2_WB = 0 
n_act = 0 
n_pre = 0 
n_ref = 0 
n_req = 0 
total_req = 0 

Dual Bus Interface Util: 
issued_total_row = 0 
issued_total_col = 0 
Row_Bus_Util =  -nan 
CoL_Bus_Util = -nan 
Either_Row_CoL_Bus_Util = -nan 
Issued_on_Two_Bus_Simul_Util = -nan 
issued_two_Eff = -nan 
queue_avg = -nan 


dram_util_bins: 0 0 0 0 0 0 0 0 0 0
dram_eff_bins: 0 0 0 0 0 0 0 0 0 0
mrqq: max=0 avg=-nan
Memory Partition 6: 
Cache L2_bank_012:
MSHR contents

Cache L2_bank_013:
MSHR contents

In Dram Latency Queue (total = 0): 
DRAM[6]: 16 bks, busW=8 BL=4 CL=19, tRRD=6 tCCD=1, tRCD=19 tRAS=45 tRP=19 tRC=50
n_cmd=0 n_nop=0 n_act=0 n_pre=0 n_ref_event=0 n_req=0 n_rd=0 n_rd_L2_A=0 n_write=0 n_wr_bk=0 bw_util=-nan
n_activity=0 dram_eff=-nan
bk0: 0a 0i bk1: 0a 0i bk2: 0a 0i bk3: 0a 0i bk4: 0a 0i bk5: 0a 0i bk6: 0a 0i bk7: 0a 0i bk8: 0a 0i bk9: 0a 0i bk10: 0a 0i bk11: 0a 0i bk12: 0a 0i bk13: 0a 0i bk14: 0a 0i bk15: 0a 0i 

------------------------------------------------------------------------

Row_Buffer_Locality = -nan
Row_Buffer_Locality_read = -nan
Row_Buffer_Locality_write = -nan
Bank_Level_Parallism = -nan
Bank_Level_Parallism_Col = -nan
Bank_Level_Parallism_Ready = -nan
write_to_read_ratio_blp_rw_average = -nan
GrpLevelPara = -nan 

BW Util details:
bwutil = -nan 
total_CMD = 0 
util_bw = 0 
Wasted_Col = 0 
Wasted_Row = 0 
Idle = 0 

BW Util Bottlenecks: 
RCDc_limit = 0 
RCDWRc_limit = 0 
WTRc_limit = 0 
RTWc_limit = 0 
CCDLc_limit = 0 
rwq = 0 
CCDLc_limit_alone = 0 
WTRc_limit_alone = 0 
RTWc_limit_alone = 0 

Commands details: 
total_CMD = 0 
n_nop = 0 
Read = 0 
Write = 0 
L2_Alloc = 0 
L2_WB = 0 
n_act = 0 
n_pre = 0 
n_ref = 0 
n_req = 0 
total_req = 0 

Dual Bus Interface Util: 
issued_total_row = 0 
issued_total_col = 0 
Row_Bus_Util =  -nan 
CoL_Bus_Util = -nan 
Either_Row_CoL_Bus_Util = -nan 
Issued_on_Two_Bus_Simul_Util = -nan 
issued_two_Eff = -nan 
queue_avg = -nan 


dram_util_bins: 0 0 0 0 0 0 0 0 0 0
dram_eff_bins: 0 0 0 0 0 0 0 0 0 0
mrqq: max=0 avg=-nan
Memory Partition 7: 
Cache L2_bank_014:
MSHR contents

Cache L2_bank_015:
MSHR contents

In Dram Latency Queue (total = 0): 
DRAM[7]: 16 bks, busW=8 BL=4 CL=19, tRRD=6 tCCD=1, tRCD=19 tRAS=45 tRP=19 tRC=50
n_cmd=0 n_nop=0 n_act=0 n_pre=0 n_ref_event=0 n_req=0 n_rd=0 n_rd_L2_A=0 n_write=0 n_wr_bk=0 bw_util=-nan
n_activity=0 dram_eff=-nan
bk0: 0a 0i bk1: 0a 0i bk2: 0a 0i bk3: 0a 0i bk4: 0a 0i bk5: 0a 0i bk6: 0a 0i bk7: 0a 0i bk8: 0a 0i bk9: 0a 0i bk10: 0a 0i bk11: 0a 0i bk12: 0a 0i bk13: 0a 0i bk14: 0a 0i bk15: 0a 0i 

------------------------------------------------------------------------

Row_Buffer_Locality = -nan
Row_Buffer_Locality_read = -nan
Row_Buffer_Locality_write = -nan
Bank_Level_Parallism = -nan
Bank_Level_Parallism_Col = -nan
Bank_Level_Parallism_Ready = -nan
write_to_read_ratio_blp_rw_average = -nan
GrpLevelPara = -nan 

BW Util details:
bwutil = -nan 
total_CMD = 0 
util_bw = 0 
Wasted_Col = 0 
Wasted_Row = 0 
Idle = 0 

BW Util Bottlenecks: 
RCDc_limit = 0 
RCDWRc_limit = 0 
WTRc_limit = 0 
RTWc_limit = 0 
CCDLc_limit = 0 
rwq = 0 
CCDLc_limit_alone = 0 
WTRc_limit_alone = 0 
RTWc_limit_alone = 0 

Commands details: 
total_CMD = 0 
n_nop = 0 
Read = 0 
Write = 0 
L2_Alloc = 0 
L2_WB = 0 
n_act = 0 
n_pre = 0 
n_ref = 0 
n_req = 0 
total_req = 0 

Dual Bus Interface Util: 
issued_total_row = 0 
issued_total_col = 0 
Row_Bus_Util =  -nan 
CoL_Bus_Util = -nan 
Either_Row_CoL_Bus_Util = -nan 
Issued_on_Two_Bus_Simul_Util = -nan 
issued_two_Eff = -nan 
queue_avg = -nan 


dram_util_bins: 0 0 0 0 0 0 0 0 0 0
dram_eff_bins: 0 0 0 0 0 0 0 0 0 0
mrqq: max=0 avg=-nan
Memory Partition 8: 
Cache L2_bank_016:
MSHR contents

Cache L2_bank_017:
MSHR contents

In Dram Latency Queue (total = 0): 
DRAM[8]: 16 bks, busW=8 BL=4 CL=19, tRRD=6 tCCD=1, tRCD=19 tRAS=45 tRP=19 tRC=50
n_cmd=0 n_nop=0 n_act=0 n_pre=0 n_ref_event=0 n_req=0 n_rd=0 n_rd_L2_A=0 n_write=0 n_wr_bk=0 bw_util=-nan
n_activity=0 dram_eff=-nan
bk0: 0a 0i bk1: 0a 0i bk2: 0a 0i bk3: 0a 0i bk4: 0a 0i bk5: 0a 0i bk6: 0a 0i bk7: 0a 0i bk8: 0a 0i bk9: 0a 0i bk10: 0a 0i bk11: 0a 0i bk12: 0a 0i bk13: 0a 0i bk14: 0a 0i bk15: 0a 0i 

------------------------------------------------------------------------

Row_Buffer_Locality = -nan
Row_Buffer_Locality_read = -nan
Row_Buffer_Locality_write = -nan
Bank_Level_Parallism = -nan
Bank_Level_Parallism_Col = -nan
Bank_Level_Parallism_Ready = -nan
write_to_read_ratio_blp_rw_average = -nan
GrpLevelPara = -nan 

BW Util details:
bwutil = -nan 
total_CMD = 0 
util_bw = 0 
Wasted_Col = 0 
Wasted_Row = 0 
Idle = 0 

BW Util Bottlenecks: 
RCDc_limit = 0 
RCDWRc_limit = 0 
WTRc_limit = 0 
RTWc_limit = 0 
CCDLc_limit = 0 
rwq = 0 
CCDLc_limit_alone = 0 
WTRc_limit_alone = 0 
RTWc_limit_alone = 0 

Commands details: 
total_CMD = 0 
n_nop = 0 
Read = 0 
Write = 0 
L2_Alloc = 0 
L2_WB = 0 
n_act = 0 
n_pre = 0 
n_ref = 0 
n_req = 0 
total_req = 0 

Dual Bus Interface Util: 
issued_total_row = 0 
issued_total_col = 0 
Row_Bus_Util =  -nan 
CoL_Bus_Util = -nan 
Either_Row_CoL_Bus_Util = -nan 
Issued_on_Two_Bus_Simul_Util = -nan 
issued_two_Eff = -nan 
queue_avg = -nan 


dram_util_bins: 0 0 0 0 0 0 0 0 0 0
dram_eff_bins: 0 0 0 0 0 0 0 0 0 0
mrqq: max=0 avg=-nan
Memory Partition 9: 
Cache L2_bank_018:
MSHR contents

Cache L2_bank_019:
MSHR contents

In Dram Latency Queue (total = 0): 
DRAM[9]: 16 bks, busW=8 BL=4 CL=19, tRRD=6 tCCD=1, tRCD=19 tRAS=45 tRP=19 tRC=50
n_cmd=0 n_nop=0 n_act=0 n_pre=0 n_ref_event=0 n_req=0 n_rd=0 n_rd_L2_A=0 n_write=0 n_wr_bk=0 bw_util=-nan
n_activity=0 dram_eff=-nan
bk0: 0a 0i bk1: 0a 0i bk2: 0a 0i bk3: 0a 0i bk4: 0a 0i bk5: 0a 0i bk6: 0a 0i bk7: 0a 0i bk8: 0a 0i bk9: 0a 0i bk10: 0a 0i bk11: 0a 0i bk12: 0a 0i bk13: 0a 0i bk14: 0a 0i bk15: 0a 0i 

------------------------------------------------------------------------

Row_Buffer_Locality = -nan
Row_Buffer_Locality_read = -nan
Row_Buffer_Locality_write = -nan
Bank_Level_Parallism = -nan
Bank_Level_Parallism_Col = -nan
Bank_Level_Parallism_Ready = -nan
write_to_read_ratio_blp_rw_average = -nan
GrpLevelPara = -nan 

BW Util details:
bwutil = -nan 
total_CMD = 0 
util_bw = 0 
Wasted_Col = 0 
Wasted_Row = 0 
Idle = 0 

BW Util Bottlenecks: 
RCDc_limit = 0 
RCDWRc_limit = 0 
WTRc_limit = 0 
RTWc_limit = 0 
CCDLc_limit = 0 
rwq = 0 
CCDLc_limit_alone = 0 
WTRc_limit_alone = 0 
RTWc_limit_alone = 0 

Commands details: 
total_CMD = 0 
n_nop = 0 
Read = 0 
Write = 0 
L2_Alloc = 0 
L2_WB = 0 
n_act = 0 
n_pre = 0 
n_ref = 0 
n_req = 0 
total_req = 0 

Dual Bus Interface Util: 
issued_total_row = 0 
issued_total_col = 0 
Row_Bus_Util =  -nan 
CoL_Bus_Util = -nan 
Either_Row_CoL_Bus_Util = -nan 
Issued_on_Two_Bus_Simul_Util = -nan 
issued_two_Eff = -nan 
queue_avg = -nan 


dram_util_bins: 0 0 0 0 0 0 0 0 0 0
dram_eff_bins: 0 0 0 0 0 0 0 0 0 0
mrqq: max=0 avg=-nan
Memory Partition 10: 
Cache L2_bank_020:
MSHR contents

Cache L2_bank_021:
MSHR contents

In Dram Latency Queue (total = 0): 
DRAM[10]: 16 bks, busW=8 BL=4 CL=19, tRRD=6 tCCD=1, tRCD=19 tRAS=45 tRP=19 tRC=50
n_cmd=0 n_nop=0 n_act=0 n_pre=0 n_ref_event=0 n_req=0 n_rd=0 n_rd_L2_A=0 n_write=0 n_wr_bk=0 bw_util=-nan
n_activity=0 dram_eff=-nan
bk0: 0a 0i bk1: 0a 0i bk2: 0a 0i bk3: 0a 0i bk4: 0a 0i bk5: 0a 0i bk6: 0a 0i bk7: 0a 0i bk8: 0a 0i bk9: 0a 0i bk10: 0a 0i bk11: 0a 0i bk12: 0a 0i bk13: 0a 0i bk14: 0a 0i bk15: 0a 0i 

------------------------------------------------------------------------

Row_Buffer_Locality = -nan
Row_Buffer_Locality_read = -nan
Row_Buffer_Locality_write = -nan
Bank_Level_Parallism = -nan
Bank_Level_Parallism_Col = -nan
Bank_Level_Parallism_Ready = -nan
write_to_read_ratio_blp_rw_average = -nan
GrpLevelPara = -nan 

BW Util details:
bwutil = -nan 
total_CMD = 0 
util_bw = 0 
Wasted_Col = 0 
Wasted_Row = 0 
Idle = 0 

BW Util Bottlenecks: 
RCDc_limit = 0 
RCDWRc_limit = 0 
WTRc_limit = 0 
RTWc_limit = 0 
CCDLc_limit = 0 
rwq = 0 
CCDLc_limit_alone = 0 
WTRc_limit_alone = 0 
RTWc_limit_alone = 0 

Commands details: 
total_CMD = 0 
n_nop = 0 
Read = 0 
Write = 0 
L2_Alloc = 0 
L2_WB = 0 
n_act = 0 
n_pre = 0 
n_ref = 0 
n_req = 0 
total_req = 0 

Dual Bus Interface Util: 
issued_total_row = 0 
issued_total_col = 0 
Row_Bus_Util =  -nan 
CoL_Bus_Util = -nan 
Either_Row_CoL_Bus_Util = -nan 
Issued_on_Two_Bus_Simul_Util = -nan 
issued_two_Eff = -nan 
queue_avg = -nan 


dram_util_bins: 0 0 0 0 0 0 0 0 0 0
dram_eff_bins: 0 0 0 0 0 0 0 0 0 0
mrqq: max=0 avg=-nan
Memory Partition 11: 
Cache L2_bank_022:
MSHR contents

Cache L2_bank_023:
MSHR contents

In Dram Latency Queue (total = 0): 
DRAM[11]: 16 bks, busW=8 BL=4 CL=19, tRRD=6 tCCD=1, tRCD=19 tRAS=45 tRP=19 tRC=50
n_cmd=0 n_nop=0 n_act=0 n_pre=0 n_ref_event=0 n_req=0 n_rd=0 n_rd_L2_A=0 n_write=0 n_wr_bk=0 bw_util=-nan
n_activity=0 dram_eff=-nan
bk0: 0a 0i bk1: 0a 0i bk2: 0a 0i bk3: 0a 0i bk4: 0a 0i bk5: 0a 0i bk6: 0a 0i bk7: 0a 0i bk8: 0a 0i bk9: 0a 0i bk10: 0a 0i bk11: 0a 0i bk12: 0a 0i bk13: 0a 0i bk14: 0a 0i bk15: 0a 0i 

------------------------------------------------------------------------

Row_Buffer_Locality = -nan
Row_Buffer_Locality_read = -nan
Row_Buffer_Locality_write = -nan
Bank_Level_Parallism = -nan
Bank_Level_Parallism_Col = -nan
Bank_Level_Parallism_Ready = -nan
write_to_read_ratio_blp_rw_average = -nan
GrpLevelPara = -nan 

BW Util details:
bwutil = -nan 
total_CMD = 0 
util_bw = 0 
Wasted_Col = 0 
Wasted_Row = 0 
Idle = 0 

BW Util Bottlenecks: 
RCDc_limit = 0 
RCDWRc_limit = 0 
WTRc_limit = 0 
RTWc_limit = 0 
CCDLc_limit = 0 
rwq = 0 
CCDLc_limit_alone = 0 
WTRc_limit_alone = 0 
RTWc_limit_alone = 0 

Commands details: 
total_CMD = 0 
n_nop = 0 
Read = 0 
Write = 0 
L2_Alloc = 0 
L2_WB = 0 
n_act = 0 
n_pre = 0 
n_ref = 0 
n_req = 0 
total_req = 0 

Dual Bus Interface Util: 
issued_total_row = 0 
issued_total_col = 0 
Row_Bus_Util =  -nan 
CoL_Bus_Util = -nan 
Either_Row_CoL_Bus_Util = -nan 
Issued_on_Two_Bus_Simul_Util = -nan 
issued_two_Eff = -nan 
queue_avg = -nan 


dram_util_bins: 0 0 0 0 0 0 0 0 0 0
dram_eff_bins: 0 0 0 0 0 0 0 0 0 0
mrqq: max=0 avg=-nan
Memory Partition 12: 
Cache L2_bank_024:
MSHR contents

Cache L2_bank_025:
MSHR contents

In Dram Latency Queue (total = 0): 
DRAM[12]: 16 bks, busW=8 BL=4 CL=19, tRRD=6 tCCD=1, tRCD=19 tRAS=45 tRP=19 tRC=50
n_cmd=0 n_nop=0 n_act=0 n_pre=0 n_ref_event=0 n_req=0 n_rd=0 n_rd_L2_A=0 n_write=0 n_wr_bk=0 bw_util=-nan
n_activity=0 dram_eff=-nan
bk0: 0a 0i bk1: 0a 0i bk2: 0a 0i bk3: 0a 0i bk4: 0a 0i bk5: 0a 0i bk6: 0a 0i bk7: 0a 0i bk8: 0a 0i bk9: 0a 0i bk10: 0a 0i bk11: 0a 0i bk12: 0a 0i bk13: 0a 0i bk14: 0a 0i bk15: 0a 0i 

------------------------------------------------------------------------

Row_Buffer_Locality = -nan
Row_Buffer_Locality_read = -nan
Row_Buffer_Locality_write = -nan
Bank_Level_Parallism = -nan
Bank_Level_Parallism_Col = -nan
Bank_Level_Parallism_Ready = -nan
write_to_read_ratio_blp_rw_average = -nan
GrpLevelPara = -nan 

BW Util details:
bwutil = -nan 
total_CMD = 0 
util_bw = 0 
Wasted_Col = 0 
Wasted_Row = 0 
Idle = 0 

BW Util Bottlenecks: 
RCDc_limit = 0 
RCDWRc_limit = 0 
WTRc_limit = 0 
RTWc_limit = 0 
CCDLc_limit = 0 
rwq = 0 
CCDLc_limit_alone = 0 
WTRc_limit_alone = 0 
RTWc_limit_alone = 0 

Commands details: 
total_CMD = 0 
n_nop = 0 
Read = 0 
Write = 0 
L2_Alloc = 0 
L2_WB = 0 
n_act = 0 
n_pre = 0 
n_ref = 0 
n_req = 0 
total_req = 0 

Dual Bus Interface Util: 
issued_total_row = 0 
issued_total_col = 0 
Row_Bus_Util =  -nan 
CoL_Bus_Util = -nan 
Either_Row_CoL_Bus_Util = -nan 
Issued_on_Two_Bus_Simul_Util = -nan 
issued_two_Eff = -nan 
queue_avg = -nan 


dram_util_bins: 0 0 0 0 0 0 0 0 0 0
dram_eff_bins: 0 0 0 0 0 0 0 0 0 0
mrqq: max=0 avg=-nan
Memory Partition 13: 
Cache L2_bank_026:
MSHR contents

Cache L2_bank_027:
MSHR contents

In Dram Latency Queue (total = 0): 
DRAM[13]: 16 bks, busW=8 BL=4 CL=19, tRRD=6 tCCD=1, tRCD=19 tRAS=45 tRP=19 tRC=50
n_cmd=0 n_nop=0 n_act=0 n_pre=0 n_ref_event=0 n_req=0 n_rd=0 n_rd_L2_A=0 n_write=0 n_wr_bk=0 bw_util=-nan
n_activity=0 dram_eff=-nan
bk0: 0a 0i bk1: 0a 0i bk2: 0a 0i bk3: 0a 0i bk4: 0a 0i bk5: 0a 0i bk6: 0a 0i bk7: 0a 0i bk8: 0a 0i bk9: 0a 0i bk10: 0a 0i bk11: 0a 0i bk12: 0a 0i bk13: 0a 0i bk14: 0a 0i bk15: 0a 0i 

------------------------------------------------------------------------

Row_Buffer_Locality = -nan
Row_Buffer_Locality_read = -nan
Row_Buffer_Locality_write = -nan
Bank_Level_Parallism = -nan
Bank_Level_Parallism_Col = -nan
Bank_Level_Parallism_Ready = -nan
write_to_read_ratio_blp_rw_average = -nan
GrpLevelPara = -nan 

BW Util details:
bwutil = -nan 
total_CMD = 0 
util_bw = 0 
Wasted_Col = 0 
Wasted_Row = 0 
Idle = 0 

BW Util Bottlenecks: 
RCDc_limit = 0 
RCDWRc_limit = 0 
WTRc_limit = 0 
RTWc_limit = 0 
CCDLc_limit = 0 
rwq = 0 
CCDLc_limit_alone = 0 
WTRc_limit_alone = 0 
RTWc_limit_alone = 0 

Commands details: 
total_CMD = 0 
n_nop = 0 
Read = 0 
Write = 0 
L2_Alloc = 0 
L2_WB = 0 
n_act = 0 
n_pre = 0 
n_ref = 0 
n_req = 0 
total_req = 0 

Dual Bus Interface Util: 
issued_total_row = 0 
issued_total_col = 0 
Row_Bus_Util =  -nan 
CoL_Bus_Util = -nan 
Either_Row_CoL_Bus_Util = -nan 
Issued_on_Two_Bus_Simul_Util = -nan 
issued_two_Eff = -nan 
queue_avg = -nan 


dram_util_bins: 0 0 0 0 0 0 0 0 0 0
dram_eff_bins: 0 0 0 0 0 0 0 0 0 0
mrqq: max=0 avg=-nan
Memory Partition 14: 
Cache L2_bank_028:
MSHR contents

Cache L2_bank_029:
MSHR contents

In Dram Latency Queue (total = 0): 
DRAM[14]: 16 bks, busW=8 BL=4 CL=19, tRRD=6 tCCD=1, tRCD=19 tRAS=45 tRP=19 tRC=50
n_cmd=0 n_nop=0 n_act=0 n_pre=0 n_ref_event=0 n_req=0 n_rd=0 n_rd_L2_A=0 n_write=0 n_wr_bk=0 bw_util=-nan
n_activity=0 dram_eff=-nan
bk0: 0a 0i bk1: 0a 0i bk2: 0a 0i bk3: 0a 0i bk4: 0a 0i bk5: 0a 0i bk6: 0a 0i bk7: 0a 0i bk8: 0a 0i bk9: 0a 0i bk10: 0a 0i bk11: 0a 0i bk12: 0a 0i bk13: 0a 0i bk14: 0a 0i bk15: 0a 0i 

------------------------------------------------------------------------

Row_Buffer_Locality = -nan
Row_Buffer_Locality_read = -nan
Row_Buffer_Locality_write = -nan
Bank_Level_Parallism = -nan
Bank_Level_Parallism_Col = -nan
Bank_Level_Parallism_Ready = -nan
write_to_read_ratio_blp_rw_average = -nan
GrpLevelPara = -nan 

BW Util details:
bwutil = -nan 
total_CMD = 0 
util_bw = 0 
Wasted_Col = 0 
Wasted_Row = 0 
Idle = 0 

BW Util Bottlenecks: 
RCDc_limit = 0 
RCDWRc_limit = 0 
WTRc_limit = 0 
RTWc_limit = 0 
CCDLc_limit = 0 
rwq = 0 
CCDLc_limit_alone = 0 
WTRc_limit_alone = 0 
RTWc_limit_alone = 0 

Commands details: 
total_CMD = 0 
n_nop = 0 
Read = 0 
Write = 0 
L2_Alloc = 0 
L2_WB = 0 
n_act = 0 
n_pre = 0 
n_ref = 0 
n_req = 0 
total_req = 0 

Dual Bus Interface Util: 
issued_total_row = 0 
issued_total_col = 0 
Row_Bus_Util =  -nan 
CoL_Bus_Util = -nan 
Either_Row_CoL_Bus_Util = -nan 
Issued_on_Two_Bus_Simul_Util = -nan 
issued_two_Eff = -nan 
queue_avg = -nan 


dram_util_bins: 0 0 0 0 0 0 0 0 0 0
dram_eff_bins: 0 0 0 0 0 0 0 0 0 0
mrqq: max=0 avg=-nan
Memory Partition 15: 
Cache L2_bank_030:
MSHR contents

Cache L2_bank_031:
MSHR contents

In Dram Latency Queue (total = 0): 
DRAM[15]: 16 bks, busW=8 BL=4 CL=19, tRRD=6 tCCD=1, tRCD=19 tRAS=45 tRP=19 tRC=50
n_cmd=0 n_nop=0 n_act=0 n_pre=0 n_ref_event=0 n_req=0 n_rd=0 n_rd_L2_A=0 n_write=0 n_wr_bk=0 bw_util=-nan
n_activity=0 dram_eff=-nan
bk0: 0a 0i bk1: 0a 0i bk2: 0a 0i bk3: 0a 0i bk4: 0a 0i bk5: 0a 0i bk6: 0a 0i bk7: 0a 0i bk8: 0a 0i bk9: 0a 0i bk10: 0a 0i bk11: 0a 0i bk12: 0a 0i bk13: 0a 0i bk14: 0a 0i bk15: 0a 0i 

------------------------------------------------------------------------

Row_Buffer_Locality = -nan
Row_Buffer_Locality_read = -nan
Row_Buffer_Locality_write = -nan
Bank_Level_Parallism = -nan
Bank_Level_Parallism_Col = -nan
Bank_Level_Parallism_Ready = -nan
write_to_read_ratio_blp_rw_average = -nan
GrpLevelPara = -nan 

BW Util details:
bwutil = -nan 
total_CMD = 0 
util_bw = 0 
Wasted_Col = 0 
Wasted_Row = 0 
Idle = 0 

BW Util Bottlenecks: 
RCDc_limit = 0 
RCDWRc_limit = 0 
WTRc_limit = 0 
RTWc_limit = 0 
CCDLc_limit = 0 
rwq = 0 
CCDLc_limit_alone = 0 
WTRc_limit_alone = 0 
RTWc_limit_alone = 0 

Commands details: 
total_CMD = 0 
n_nop = 0 
Read = 0 
Write = 0 
L2_Alloc = 0 
L2_WB = 0 
n_act = 0 
n_pre = 0 
n_ref = 0 
n_req = 0 
total_req = 0 

Dual Bus Interface Util: 
issued_total_row = 0 
issued_total_col = 0 
Row_Bus_Util =  -nan 
CoL_Bus_Util = -nan 
Either_Row_CoL_Bus_Util = -nan 
Issued_on_Two_Bus_Simul_Util = -nan 
issued_two_Eff = -nan 
queue_avg = -nan 


dram_util_bins: 0 0 0 0 0 0 0 0 0 0
dram_eff_bins: 0 0 0 0 0 0 0 0 0 0
mrqq: max=0 avg=-nan
Memory Partition 16: 
Cache L2_bank_032:
MSHR contents

Cache L2_bank_033:
MSHR contents

In Dram Latency Queue (total = 0): 
DRAM[16]: 16 bks, busW=8 BL=4 CL=19, tRRD=6 tCCD=1, tRCD=19 tRAS=45 tRP=19 tRC=50
n_cmd=0 n_nop=0 n_act=0 n_pre=0 n_ref_event=0 n_req=0 n_rd=0 n_rd_L2_A=0 n_write=0 n_wr_bk=0 bw_util=-nan
n_activity=0 dram_eff=-nan
bk0: 0a 0i bk1: 0a 0i bk2: 0a 0i bk3: 0a 0i bk4: 0a 0i bk5: 0a 0i bk6: 0a 0i bk7: 0a 0i bk8: 0a 0i bk9: 0a 0i bk10: 0a 0i bk11: 0a 0i bk12: 0a 0i bk13: 0a 0i bk14: 0a 0i bk15: 0a 0i 

------------------------------------------------------------------------

Row_Buffer_Locality = -nan
Row_Buffer_Locality_read = -nan
Row_Buffer_Locality_write = -nan
Bank_Level_Parallism = -nan
Bank_Level_Parallism_Col = -nan
Bank_Level_Parallism_Ready = -nan
write_to_read_ratio_blp_rw_average = -nan
GrpLevelPara = -nan 

BW Util details:
bwutil = -nan 
total_CMD = 0 
util_bw = 0 
Wasted_Col = 0 
Wasted_Row = 0 
Idle = 0 

BW Util Bottlenecks: 
RCDc_limit = 0 
RCDWRc_limit = 0 
WTRc_limit = 0 
RTWc_limit = 0 
CCDLc_limit = 0 
rwq = 0 
CCDLc_limit_alone = 0 
WTRc_limit_alone = 0 
RTWc_limit_alone = 0 

Commands details: 
total_CMD = 0 
n_nop = 0 
Read = 0 
Write = 0 
L2_Alloc = 0 
L2_WB = 0 
n_act = 0 
n_pre = 0 
n_ref = 0 
n_req = 0 
total_req = 0 

Dual Bus Interface Util: 
issued_total_row = 0 
issued_total_col = 0 
Row_Bus_Util =  -nan 
CoL_Bus_Util = -nan 
Either_Row_CoL_Bus_Util = -nan 
Issued_on_Two_Bus_Simul_Util = -nan 
issued_two_Eff = -nan 
queue_avg = -nan 


dram_util_bins: 0 0 0 0 0 0 0 0 0 0
dram_eff_bins: 0 0 0 0 0 0 0 0 0 0
mrqq: max=0 avg=-nan
Memory Partition 17: 
Cache L2_bank_034:
MSHR contents

Cache L2_bank_035:
MSHR contents

In Dram Latency Queue (total = 0): 
DRAM[17]: 16 bks, busW=8 BL=4 CL=19, tRRD=6 tCCD=1, tRCD=19 tRAS=45 tRP=19 tRC=50
n_cmd=0 n_nop=0 n_act=0 n_pre=0 n_ref_event=0 n_req=0 n_rd=0 n_rd_L2_A=0 n_write=0 n_wr_bk=0 bw_util=-nan
n_activity=0 dram_eff=-nan
bk0: 0a 0i bk1: 0a 0i bk2: 0a 0i bk3: 0a 0i bk4: 0a 0i bk5: 0a 0i bk6: 0a 0i bk7: 0a 0i bk8: 0a 0i bk9: 0a 0i bk10: 0a 0i bk11: 0a 0i bk12: 0a 0i bk13: 0a 0i bk14: 0a 0i bk15: 0a 0i 

------------------------------------------------------------------------

Row_Buffer_Locality = -nan
Row_Buffer_Locality_read = -nan
Row_Buffer_Locality_write = -nan
Bank_Level_Parallism = -nan
Bank_Level_Parallism_Col = -nan
Bank_Level_Parallism_Ready = -nan
write_to_read_ratio_blp_rw_average = -nan
GrpLevelPara = -nan 

BW Util details:
bwutil = -nan 
total_CMD = 0 
util_bw = 0 
Wasted_Col = 0 
Wasted_Row = 0 
Idle = 0 

BW Util Bottlenecks: 
RCDc_limit = 0 
RCDWRc_limit = 0 
WTRc_limit = 0 
RTWc_limit = 0 
CCDLc_limit = 0 
rwq = 0 
CCDLc_limit_alone = 0 
WTRc_limit_alone = 0 
RTWc_limit_alone = 0 

Commands details: 
total_CMD = 0 
n_nop = 0 
Read = 0 
Write = 0 
L2_Alloc = 0 
L2_WB = 0 
n_act = 0 
n_pre = 0 
n_ref = 0 
n_req = 0 
total_req = 0 

Dual Bus Interface Util: 
issued_total_row = 0 
issued_total_col = 0 
Row_Bus_Util =  -nan 
CoL_Bus_Util = -nan 
Either_Row_CoL_Bus_Util = -nan 
Issued_on_Two_Bus_Simul_Util = -nan 
issued_two_Eff = -nan 
queue_avg = -nan 


dram_util_bins: 0 0 0 0 0 0 0 0 0 0
dram_eff_bins: 0 0 0 0 0 0 0 0 0 0
mrqq: max=0 avg=-nan
Memory Partition 18: 
Cache L2_bank_036:
MSHR contents

Cache L2_bank_037:
MSHR contents

In Dram Latency Queue (total = 0): 
DRAM[18]: 16 bks, busW=8 BL=4 CL=19, tRRD=6 tCCD=1, tRCD=19 tRAS=45 tRP=19 tRC=50
n_cmd=0 n_nop=0 n_act=0 n_pre=0 n_ref_event=0 n_req=0 n_rd=0 n_rd_L2_A=0 n_write=0 n_wr_bk=0 bw_util=-nan
n_activity=0 dram_eff=-nan
bk0: 0a 0i bk1: 0a 0i bk2: 0a 0i bk3: 0a 0i bk4: 0a 0i bk5: 0a 0i bk6: 0a 0i bk7: 0a 0i bk8: 0a 0i bk9: 0a 0i bk10: 0a 0i bk11: 0a 0i bk12: 0a 0i bk13: 0a 0i bk14: 0a 0i bk15: 0a 0i 

------------------------------------------------------------------------

Row_Buffer_Locality = -nan
Row_Buffer_Locality_read = -nan
Row_Buffer_Locality_write = -nan
Bank_Level_Parallism = -nan
Bank_Level_Parallism_Col = -nan
Bank_Level_Parallism_Ready = -nan
write_to_read_ratio_blp_rw_average = -nan
GrpLevelPara = -nan 

BW Util details:
bwutil = -nan 
total_CMD = 0 
util_bw = 0 
Wasted_Col = 0 
Wasted_Row = 0 
Idle = 0 

BW Util Bottlenecks: 
RCDc_limit = 0 
RCDWRc_limit = 0 
WTRc_limit = 0 
RTWc_limit = 0 
CCDLc_limit = 0 
rwq = 0 
CCDLc_limit_alone = 0 
WTRc_limit_alone = 0 
RTWc_limit_alone = 0 

Commands details: 
total_CMD = 0 
n_nop = 0 
Read = 0 
Write = 0 
L2_Alloc = 0 
L2_WB = 0 
n_act = 0 
n_pre = 0 
n_ref = 0 
n_req = 0 
total_req = 0 

Dual Bus Interface Util: 
issued_total_row = 0 
issued_total_col = 0 
Row_Bus_Util =  -nan 
CoL_Bus_Util = -nan 
Either_Row_CoL_Bus_Util = -nan 
Issued_on_Two_Bus_Simul_Util = -nan 
issued_two_Eff = -nan 
queue_avg = -nan 


dram_util_bins: 0 0 0 0 0 0 0 0 0 0
dram_eff_bins: 0 0 0 0 0 0 0 0 0 0
mrqq: max=0 avg=-nan
Memory Partition 19: 
Cache L2_bank_038:
MSHR contents

Cache L2_bank_039:
MSHR contents

In Dram Latency Queue (total = 0): 
DRAM[19]: 16 bks, busW=8 BL=4 CL=19, tRRD=6 tCCD=1, tRCD=19 tRAS=45 tRP=19 tRC=50
n_cmd=0 n_nop=0 n_act=0 n_pre=0 n_ref_event=0 n_req=0 n_rd=0 n_rd_L2_A=0 n_write=0 n_wr_bk=0 bw_util=-nan
n_activity=0 dram_eff=-nan
bk0: 0a 0i bk1: 0a 0i bk2: 0a 0i bk3: 0a 0i bk4: 0a 0i bk5: 0a 0i bk6: 0a 0i bk7: 0a 0i bk8: 0a 0i bk9: 0a 0i bk10: 0a 0i bk11: 0a 0i bk12: 0a 0i bk13: 0a 0i bk14: 0a 0i bk15: 0a 0i 

------------------------------------------------------------------------

Row_Buffer_Locality = -nan
Row_Buffer_Locality_read = -nan
Row_Buffer_Locality_write = -nan
Bank_Level_Parallism = -nan
Bank_Level_Parallism_Col = -nan
Bank_Level_Parallism_Ready = -nan
write_to_read_ratio_blp_rw_average = -nan
GrpLevelPara = -nan 

BW Util details:
bwutil = -nan 
total_CMD = 0 
util_bw = 0 
Wasted_Col = 0 
Wasted_Row = 0 
Idle = 0 

BW Util Bottlenecks: 
RCDc_limit = 0 
RCDWRc_limit = 0 
WTRc_limit = 0 
RTWc_limit = 0 
CCDLc_limit = 0 
rwq = 0 
CCDLc_limit_alone = 0 
WTRc_limit_alone = 0 
RTWc_limit_alone = 0 

Commands details: 
total_CMD = 0 
n_nop = 0 
Read = 0 
Write = 0 
L2_Alloc = 0 
L2_WB = 0 
n_act = 0 
n_pre = 0 
n_ref = 0 
n_req = 0 
total_req = 0 

Dual Bus Interface Util: 
issued_total_row = 0 
issued_total_col = 0 
Row_Bus_Util =  -nan 
CoL_Bus_Util = -nan 
Either_Row_CoL_Bus_Util = -nan 
Issued_on_Two_Bus_Simul_Util = -nan 
issued_two_Eff = -nan 
queue_avg = -nan 


dram_util_bins: 0 0 0 0 0 0 0 0 0 0
dram_eff_bins: 0 0 0 0 0 0 0 0 0 0
mrqq: max=0 avg=-nan
Memory Partition 20: 
Cache L2_bank_040:
MSHR contents

Cache L2_bank_041:
MSHR contents

In Dram Latency Queue (total = 0): 
DRAM[20]: 16 bks, busW=8 BL=4 CL=19, tRRD=6 tCCD=1, tRCD=19 tRAS=45 tRP=19 tRC=50
n_cmd=0 n_nop=0 n_act=0 n_pre=0 n_ref_event=0 n_req=0 n_rd=0 n_rd_L2_A=0 n_write=0 n_wr_bk=0 bw_util=-nan
n_activity=0 dram_eff=-nan
bk0: 0a 0i bk1: 0a 0i bk2: 0a 0i bk3: 0a 0i bk4: 0a 0i bk5: 0a 0i bk6: 0a 0i bk7: 0a 0i bk8: 0a 0i bk9: 0a 0i bk10: 0a 0i bk11: 0a 0i bk12: 0a 0i bk13: 0a 0i bk14: 0a 0i bk15: 0a 0i 

------------------------------------------------------------------------

Row_Buffer_Locality = -nan
Row_Buffer_Locality_read = -nan
Row_Buffer_Locality_write = -nan
Bank_Level_Parallism = -nan
Bank_Level_Parallism_Col = -nan
Bank_Level_Parallism_Ready = -nan
write_to_read_ratio_blp_rw_average = -nan
GrpLevelPara = -nan 

BW Util details:
bwutil = -nan 
total_CMD = 0 
util_bw = 0 
Wasted_Col = 0 
Wasted_Row = 0 
Idle = 0 

BW Util Bottlenecks: 
RCDc_limit = 0 
RCDWRc_limit = 0 
WTRc_limit = 0 
RTWc_limit = 0 
CCDLc_limit = 0 
rwq = 0 
CCDLc_limit_alone = 0 
WTRc_limit_alone = 0 
RTWc_limit_alone = 0 

Commands details: 
total_CMD = 0 
n_nop = 0 
Read = 0 
Write = 0 
L2_Alloc = 0 
L2_WB = 0 
n_act = 0 
n_pre = 0 
n_ref = 0 
n_req = 0 
total_req = 0 

Dual Bus Interface Util: 
issued_total_row = 0 
issued_total_col = 0 
Row_Bus_Util =  -nan 
CoL_Bus_Util = -nan 
Either_Row_CoL_Bus_Util = -nan 
Issued_on_Two_Bus_Simul_Util = -nan 
issued_two_Eff = -nan 
queue_avg = -nan 


dram_util_bins: 0 0 0 0 0 0 0 0 0 0
dram_eff_bins: 0 0 0 0 0 0 0 0 0 0
mrqq: max=0 avg=-nan
Memory Partition 21: 
Cache L2_bank_042:
MSHR contents

Cache L2_bank_043:
MSHR contents

In Dram Latency Queue (total = 0): 
DRAM[21]: 16 bks, busW=8 BL=4 CL=19, tRRD=6 tCCD=1, tRCD=19 tRAS=45 tRP=19 tRC=50
n_cmd=0 n_nop=0 n_act=0 n_pre=0 n_ref_event=0 n_req=0 n_rd=0 n_rd_L2_A=0 n_write=0 n_wr_bk=0 bw_util=-nan
n_activity=0 dram_eff=-nan
bk0: 0a 0i bk1: 0a 0i bk2: 0a 0i bk3: 0a 0i bk4: 0a 0i bk5: 0a 0i bk6: 0a 0i bk7: 0a 0i bk8: 0a 0i bk9: 0a 0i bk10: 0a 0i bk11: 0a 0i bk12: 0a 0i bk13: 0a 0i bk14: 0a 0i bk15: 0a 0i 

------------------------------------------------------------------------

Row_Buffer_Locality = -nan
Row_Buffer_Locality_read = -nan
Row_Buffer_Locality_write = -nan
Bank_Level_Parallism = -nan
Bank_Level_Parallism_Col = -nan
Bank_Level_Parallism_Ready = -nan
write_to_read_ratio_blp_rw_average = -nan
GrpLevelPara = -nan 

BW Util details:
bwutil = -nan 
total_CMD = 0 
util_bw = 0 
Wasted_Col = 0 
Wasted_Row = 0 
Idle = 0 

BW Util Bottlenecks: 
RCDc_limit = 0 
RCDWRc_limit = 0 
WTRc_limit = 0 
RTWc_limit = 0 
CCDLc_limit = 0 
rwq = 0 
CCDLc_limit_alone = 0 
WTRc_limit_alone = 0 
RTWc_limit_alone = 0 

Commands details: 
total_CMD = 0 
n_nop = 0 
Read = 0 
Write = 0 
L2_Alloc = 0 
L2_WB = 0 
n_act = 0 
n_pre = 0 
n_ref = 0 
n_req = 0 
total_req = 0 

Dual Bus Interface Util: 
issued_total_row = 0 
issued_total_col = 0 
Row_Bus_Util =  -nan 
CoL_Bus_Util = -nan 
Either_Row_CoL_Bus_Util = -nan 
Issued_on_Two_Bus_Simul_Util = -nan 
issued_two_Eff = -nan 
queue_avg = -nan 


dram_util_bins: 0 0 0 0 0 0 0 0 0 0
dram_eff_bins: 0 0 0 0 0 0 0 0 0 0
mrqq: max=0 avg=-nan
Memory Partition 22: 
Cache L2_bank_044:
MSHR contents

Cache L2_bank_045:
MSHR contents

In Dram Latency Queue (total = 0): 
DRAM[22]: 16 bks, busW=8 BL=4 CL=19, tRRD=6 tCCD=1, tRCD=19 tRAS=45 tRP=19 tRC=50
n_cmd=0 n_nop=0 n_act=0 n_pre=0 n_ref_event=0 n_req=0 n_rd=0 n_rd_L2_A=0 n_write=0 n_wr_bk=0 bw_util=-nan
n_activity=0 dram_eff=-nan
bk0: 0a 0i bk1: 0a 0i bk2: 0a 0i bk3: 0a 0i bk4: 0a 0i bk5: 0a 0i bk6: 0a 0i bk7: 0a 0i bk8: 0a 0i bk9: 0a 0i bk10: 0a 0i bk11: 0a 0i bk12: 0a 0i bk13: 0a 0i bk14: 0a 0i bk15: 0a 0i 

------------------------------------------------------------------------

Row_Buffer_Locality = -nan
Row_Buffer_Locality_read = -nan
Row_Buffer_Locality_write = -nan
Bank_Level_Parallism = -nan
Bank_Level_Parallism_Col = -nan
Bank_Level_Parallism_Ready = -nan
write_to_read_ratio_blp_rw_average = -nan
GrpLevelPara = -nan 

BW Util details:
bwutil = -nan 
total_CMD = 0 
util_bw = 0 
Wasted_Col = 0 
Wasted_Row = 0 
Idle = 0 

BW Util Bottlenecks: 
RCDc_limit = 0 
RCDWRc_limit = 0 
WTRc_limit = 0 
RTWc_limit = 0 
CCDLc_limit = 0 
rwq = 0 
CCDLc_limit_alone = 0 
WTRc_limit_alone = 0 
RTWc_limit_alone = 0 

Commands details: 
total_CMD = 0 
n_nop = 0 
Read = 0 
Write = 0 
L2_Alloc = 0 
L2_WB = 0 
n_act = 0 
n_pre = 0 
n_ref = 0 
n_req = 0 
total_req = 0 

Dual Bus Interface Util: 
issued_total_row = 0 
issued_total_col = 0 
Row_Bus_Util =  -nan 
CoL_Bus_Util = -nan 
Either_Row_CoL_Bus_Util = -nan 
Issued_on_Two_Bus_Simul_Util = -nan 
issued_two_Eff = -nan 
queue_avg = -nan 


dram_util_bins: 0 0 0 0 0 0 0 0 0 0
dram_eff_bins: 0 0 0 0 0 0 0 0 0 0
mrqq: max=0 avg=-nan
Memory Partition 23: 
Cache L2_bank_046:
MSHR contents

Cache L2_bank_047:
MSHR contents

In Dram Latency Queue (total = 0): 
DRAM[23]: 16 bks, busW=8 BL=4 CL=19, tRRD=6 tCCD=1, tRCD=19 tRAS=45 tRP=19 tRC=50
n_cmd=0 n_nop=0 n_act=0 n_pre=0 n_ref_event=0 n_req=0 n_rd=0 n_rd_L2_A=0 n_write=0 n_wr_bk=0 bw_util=-nan
n_activity=0 dram_eff=-nan
bk0: 0a 0i bk1: 0a 0i bk2: 0a 0i bk3: 0a 0i bk4: 0a 0i bk5: 0a 0i bk6: 0a 0i bk7: 0a 0i bk8: 0a 0i bk9: 0a 0i bk10: 0a 0i bk11: 0a 0i bk12: 0a 0i bk13: 0a 0i bk14: 0a 0i bk15: 0a 0i 

------------------------------------------------------------------------

Row_Buffer_Locality = -nan
Row_Buffer_Locality_read = -nan
Row_Buffer_Locality_write = -nan
Bank_Level_Parallism = -nan
Bank_Level_Parallism_Col = -nan
Bank_Level_Parallism_Ready = -nan
write_to_read_ratio_blp_rw_average = -nan
GrpLevelPara = -nan 

BW Util details:
bwutil = -nan 
total_CMD = 0 
util_bw = 0 
Wasted_Col = 0 
Wasted_Row = 0 
Idle = 0 

BW Util Bottlenecks: 
RCDc_limit = 0 
RCDWRc_limit = 0 
WTRc_limit = 0 
RTWc_limit = 0 
CCDLc_limit = 0 
rwq = 0 
CCDLc_limit_alone = 0 
WTRc_limit_alone = 0 
RTWc_limit_alone = 0 

Commands details: 
total_CMD = 0 
n_nop = 0 
Read = 0 
Write = 0 
L2_Alloc = 0 
L2_WB = 0 
n_act = 0 
n_pre = 0 
n_ref = 0 
n_req = 0 
total_req = 0 

Dual Bus Interface Util: 
issued_total_row = 0 
issued_total_col = 0 
Row_Bus_Util =  -nan 
CoL_Bus_Util = -nan 
Either_Row_CoL_Bus_Util = -nan 
Issued_on_Two_Bus_Simul_Util = -nan 
issued_two_Eff = -nan 
queue_avg = -nan 


dram_util_bins: 0 0 0 0 0 0 0 0 0 0
dram_eff_bins: 0 0 0 0 0 0 0 0 0 0
mrqq: max=0 avg=-nan
Memory Partition 24: 
Cache L2_bank_048:
MSHR contents

Cache L2_bank_049:
MSHR contents

In Dram Latency Queue (total = 0): 
DRAM[24]: 16 bks, busW=8 BL=4 CL=19, tRRD=6 tCCD=1, tRCD=19 tRAS=45 tRP=19 tRC=50
n_cmd=0 n_nop=0 n_act=0 n_pre=0 n_ref_event=0 n_req=0 n_rd=0 n_rd_L2_A=0 n_write=0 n_wr_bk=0 bw_util=-nan
n_activity=0 dram_eff=-nan
bk0: 0a 0i bk1: 0a 0i bk2: 0a 0i bk3: 0a 0i bk4: 0a 0i bk5: 0a 0i bk6: 0a 0i bk7: 0a 0i bk8: 0a 0i bk9: 0a 0i bk10: 0a 0i bk11: 0a 0i bk12: 0a 0i bk13: 0a 0i bk14: 0a 0i bk15: 0a 0i 

------------------------------------------------------------------------

Row_Buffer_Locality = -nan
Row_Buffer_Locality_read = -nan
Row_Buffer_Locality_write = -nan
Bank_Level_Parallism = -nan
Bank_Level_Parallism_Col = -nan
Bank_Level_Parallism_Ready = -nan
write_to_read_ratio_blp_rw_average = -nan
GrpLevelPara = -nan 

BW Util details:
bwutil = -nan 
total_CMD = 0 
util_bw = 0 
Wasted_Col = 0 
Wasted_Row = 0 
Idle = 0 

BW Util Bottlenecks: 
RCDc_limit = 0 
RCDWRc_limit = 0 
WTRc_limit = 0 
RTWc_limit = 0 
CCDLc_limit = 0 
rwq = 0 
CCDLc_limit_alone = 0 
WTRc_limit_alone = 0 
RTWc_limit_alone = 0 

Commands details: 
total_CMD = 0 
n_nop = 0 
Read = 0 
Write = 0 
L2_Alloc = 0 
L2_WB = 0 
n_act = 0 
n_pre = 0 
n_ref = 0 
n_req = 0 
total_req = 0 

Dual Bus Interface Util: 
issued_total_row = 0 
issued_total_col = 0 
Row_Bus_Util =  -nan 
CoL_Bus_Util = -nan 
Either_Row_CoL_Bus_Util = -nan 
Issued_on_Two_Bus_Simul_Util = -nan 
issued_two_Eff = -nan 
queue_avg = -nan 


dram_util_bins: 0 0 0 0 0 0 0 0 0 0
dram_eff_bins: 0 0 0 0 0 0 0 0 0 0
mrqq: max=0 avg=-nan
Memory Partition 25: 
Cache L2_bank_050:
MSHR contents

Cache L2_bank_051:
MSHR contents

In Dram Latency Queue (total = 0): 
DRAM[25]: 16 bks, busW=8 BL=4 CL=19, tRRD=6 tCCD=1, tRCD=19 tRAS=45 tRP=19 tRC=50
n_cmd=0 n_nop=0 n_act=0 n_pre=0 n_ref_event=0 n_req=0 n_rd=0 n_rd_L2_A=0 n_write=0 n_wr_bk=0 bw_util=-nan
n_activity=0 dram_eff=-nan
bk0: 0a 0i bk1: 0a 0i bk2: 0a 0i bk3: 0a 0i bk4: 0a 0i bk5: 0a 0i bk6: 0a 0i bk7: 0a 0i bk8: 0a 0i bk9: 0a 0i bk10: 0a 0i bk11: 0a 0i bk12: 0a 0i bk13: 0a 0i bk14: 0a 0i bk15: 0a 0i 

------------------------------------------------------------------------

Row_Buffer_Locality = -nan
Row_Buffer_Locality_read = -nan
Row_Buffer_Locality_write = -nan
Bank_Level_Parallism = -nan
Bank_Level_Parallism_Col = -nan
Bank_Level_Parallism_Ready = -nan
write_to_read_ratio_blp_rw_average = -nan
GrpLevelPara = -nan 

BW Util details:
bwutil = -nan 
total_CMD = 0 
util_bw = 0 
Wasted_Col = 0 
Wasted_Row = 0 
Idle = 0 

BW Util Bottlenecks: 
RCDc_limit = 0 
RCDWRc_limit = 0 
WTRc_limit = 0 
RTWc_limit = 0 
CCDLc_limit = 0 
rwq = 0 
CCDLc_limit_alone = 0 
WTRc_limit_alone = 0 
RTWc_limit_alone = 0 

Commands details: 
total_CMD = 0 
n_nop = 0 
Read = 0 
Write = 0 
L2_Alloc = 0 
L2_WB = 0 
n_act = 0 
n_pre = 0 
n_ref = 0 
n_req = 0 
total_req = 0 

Dual Bus Interface Util: 
issued_total_row = 0 
issued_total_col = 0 
Row_Bus_Util =  -nan 
CoL_Bus_Util = -nan 
Either_Row_CoL_Bus_Util = -nan 
Issued_on_Two_Bus_Simul_Util = -nan 
issued_two_Eff = -nan 
queue_avg = -nan 


dram_util_bins: 0 0 0 0 0 0 0 0 0 0
dram_eff_bins: 0 0 0 0 0 0 0 0 0 0
mrqq: max=0 avg=-nan
Memory Partition 26: 
Cache L2_bank_052:
MSHR contents

Cache L2_bank_053:
MSHR contents

In Dram Latency Queue (total = 0): 
DRAM[26]: 16 bks, busW=8 BL=4 CL=19, tRRD=6 tCCD=1, tRCD=19 tRAS=45 tRP=19 tRC=50
n_cmd=0 n_nop=0 n_act=0 n_pre=0 n_ref_event=0 n_req=0 n_rd=0 n_rd_L2_A=0 n_write=0 n_wr_bk=0 bw_util=-nan
n_activity=0 dram_eff=-nan
bk0: 0a 0i bk1: 0a 0i bk2: 0a 0i bk3: 0a 0i bk4: 0a 0i bk5: 0a 0i bk6: 0a 0i bk7: 0a 0i bk8: 0a 0i bk9: 0a 0i bk10: 0a 0i bk11: 0a 0i bk12: 0a 0i bk13: 0a 0i bk14: 0a 0i bk15: 0a 0i 

------------------------------------------------------------------------

Row_Buffer_Locality = -nan
Row_Buffer_Locality_read = -nan
Row_Buffer_Locality_write = -nan
Bank_Level_Parallism = -nan
Bank_Level_Parallism_Col = -nan
Bank_Level_Parallism_Ready = -nan
write_to_read_ratio_blp_rw_average = -nan
GrpLevelPara = -nan 

BW Util details:
bwutil = -nan 
total_CMD = 0 
util_bw = 0 
Wasted_Col = 0 
Wasted_Row = 0 
Idle = 0 

BW Util Bottlenecks: 
RCDc_limit = 0 
RCDWRc_limit = 0 
WTRc_limit = 0 
RTWc_limit = 0 
CCDLc_limit = 0 
rwq = 0 
CCDLc_limit_alone = 0 
WTRc_limit_alone = 0 
RTWc_limit_alone = 0 

Commands details: 
total_CMD = 0 
n_nop = 0 
Read = 0 
Write = 0 
L2_Alloc = 0 
L2_WB = 0 
n_act = 0 
n_pre = 0 
n_ref = 0 
n_req = 0 
total_req = 0 

Dual Bus Interface Util: 
issued_total_row = 0 
issued_total_col = 0 
Row_Bus_Util =  -nan 
CoL_Bus_Util = -nan 
Either_Row_CoL_Bus_Util = -nan 
Issued_on_Two_Bus_Simul_Util = -nan 
issued_two_Eff = -nan 
queue_avg = -nan 


dram_util_bins: 0 0 0 0 0 0 0 0 0 0
dram_eff_bins: 0 0 0 0 0 0 0 0 0 0
mrqq: max=0 avg=-nan
Memory Partition 27: 
Cache L2_bank_054:
MSHR contents

Cache L2_bank_055:
MSHR contents

In Dram Latency Queue (total = 0): 
DRAM[27]: 16 bks, busW=8 BL=4 CL=19, tRRD=6 tCCD=1, tRCD=19 tRAS=45 tRP=19 tRC=50
n_cmd=0 n_nop=0 n_act=0 n_pre=0 n_ref_event=0 n_req=0 n_rd=0 n_rd_L2_A=0 n_write=0 n_wr_bk=0 bw_util=-nan
n_activity=0 dram_eff=-nan
bk0: 0a 0i bk1: 0a 0i bk2: 0a 0i bk3: 0a 0i bk4: 0a 0i bk5: 0a 0i bk6: 0a 0i bk7: 0a 0i bk8: 0a 0i bk9: 0a 0i bk10: 0a 0i bk11: 0a 0i bk12: 0a 0i bk13: 0a 0i bk14: 0a 0i bk15: 0a 0i 

------------------------------------------------------------------------

Row_Buffer_Locality = -nan
Row_Buffer_Locality_read = -nan
Row_Buffer_Locality_write = -nan
Bank_Level_Parallism = -nan
Bank_Level_Parallism_Col = -nan
Bank_Level_Parallism_Ready = -nan
write_to_read_ratio_blp_rw_average = -nan
GrpLevelPara = -nan 

BW Util details:
bwutil = -nan 
total_CMD = 0 
util_bw = 0 
Wasted_Col = 0 
Wasted_Row = 0 
Idle = 0 

BW Util Bottlenecks: 
RCDc_limit = 0 
RCDWRc_limit = 0 
WTRc_limit = 0 
RTWc_limit = 0 
CCDLc_limit = 0 
rwq = 0 
CCDLc_limit_alone = 0 
WTRc_limit_alone = 0 
RTWc_limit_alone = 0 

Commands details: 
total_CMD = 0 
n_nop = 0 
Read = 0 
Write = 0 
L2_Alloc = 0 
L2_WB = 0 
n_act = 0 
n_pre = 0 
n_ref = 0 
n_req = 0 
total_req = 0 

Dual Bus Interface Util: 
issued_total_row = 0 
issued_total_col = 0 
Row_Bus_Util =  -nan 
CoL_Bus_Util = -nan 
Either_Row_CoL_Bus_Util = -nan 
Issued_on_Two_Bus_Simul_Util = -nan 
issued_two_Eff = -nan 
queue_avg = -nan 


dram_util_bins: 0 0 0 0 0 0 0 0 0 0
dram_eff_bins: 0 0 0 0 0 0 0 0 0 0
mrqq: max=0 avg=-nan
Memory Partition 28: 
Cache L2_bank_056:
MSHR contents

Cache L2_bank_057:
MSHR contents

In Dram Latency Queue (total = 0): 
DRAM[28]: 16 bks, busW=8 BL=4 CL=19, tRRD=6 tCCD=1, tRCD=19 tRAS=45 tRP=19 tRC=50
n_cmd=0 n_nop=0 n_act=0 n_pre=0 n_ref_event=0 n_req=0 n_rd=0 n_rd_L2_A=0 n_write=0 n_wr_bk=0 bw_util=-nan
n_activity=0 dram_eff=-nan
bk0: 0a 0i bk1: 0a 0i bk2: 0a 0i bk3: 0a 0i bk4: 0a 0i bk5: 0a 0i bk6: 0a 0i bk7: 0a 0i bk8: 0a 0i bk9: 0a 0i bk10: 0a 0i bk11: 0a 0i bk12: 0a 0i bk13: 0a 0i bk14: 0a 0i bk15: 0a 0i 

------------------------------------------------------------------------

Row_Buffer_Locality = -nan
Row_Buffer_Locality_read = -nan
Row_Buffer_Locality_write = -nan
Bank_Level_Parallism = -nan
Bank_Level_Parallism_Col = -nan
Bank_Level_Parallism_Ready = -nan
write_to_read_ratio_blp_rw_average = -nan
GrpLevelPara = -nan 

BW Util details:
bwutil = -nan 
total_CMD = 0 
util_bw = 0 
Wasted_Col = 0 
Wasted_Row = 0 
Idle = 0 

BW Util Bottlenecks: 
RCDc_limit = 0 
RCDWRc_limit = 0 
WTRc_limit = 0 
RTWc_limit = 0 
CCDLc_limit = 0 
rwq = 0 
CCDLc_limit_alone = 0 
WTRc_limit_alone = 0 
RTWc_limit_alone = 0 

Commands details: 
total_CMD = 0 
n_nop = 0 
Read = 0 
Write = 0 
L2_Alloc = 0 
L2_WB = 0 
n_act = 0 
n_pre = 0 
n_ref = 0 
n_req = 0 
total_req = 0 

Dual Bus Interface Util: 
issued_total_row = 0 
issued_total_col = 0 
Row_Bus_Util =  -nan 
CoL_Bus_Util = -nan 
Either_Row_CoL_Bus_Util = -nan 
Issued_on_Two_Bus_Simul_Util = -nan 
issued_two_Eff = -nan 
queue_avg = -nan 


dram_util_bins: 0 0 0 0 0 0 0 0 0 0
dram_eff_bins: 0 0 0 0 0 0 0 0 0 0
mrqq: max=0 avg=-nan
Memory Partition 29: 
Cache L2_bank_058:
MSHR contents

Cache L2_bank_059:
MSHR contents

In Dram Latency Queue (total = 0): 
DRAM[29]: 16 bks, busW=8 BL=4 CL=19, tRRD=6 tCCD=1, tRCD=19 tRAS=45 tRP=19 tRC=50
n_cmd=0 n_nop=0 n_act=0 n_pre=0 n_ref_event=0 n_req=0 n_rd=0 n_rd_L2_A=0 n_write=0 n_wr_bk=0 bw_util=-nan
n_activity=0 dram_eff=-nan
bk0: 0a 0i bk1: 0a 0i bk2: 0a 0i bk3: 0a 0i bk4: 0a 0i bk5: 0a 0i bk6: 0a 0i bk7: 0a 0i bk8: 0a 0i bk9: 0a 0i bk10: 0a 0i bk11: 0a 0i bk12: 0a 0i bk13: 0a 0i bk14: 0a 0i bk15: 0a 0i 

------------------------------------------------------------------------

Row_Buffer_Locality = -nan
Row_Buffer_Locality_read = -nan
Row_Buffer_Locality_write = -nan
Bank_Level_Parallism = -nan
Bank_Level_Parallism_Col = -nan
Bank_Level_Parallism_Ready = -nan
write_to_read_ratio_blp_rw_average = -nan
GrpLevelPara = -nan 

BW Util details:
bwutil = -nan 
total_CMD = 0 
util_bw = 0 
Wasted_Col = 0 
Wasted_Row = 0 
Idle = 0 

BW Util Bottlenecks: 
RCDc_limit = 0 
RCDWRc_limit = 0 
WTRc_limit = 0 
RTWc_limit = 0 
CCDLc_limit = 0 
rwq = 0 
CCDLc_limit_alone = 0 
WTRc_limit_alone = 0 
RTWc_limit_alone = 0 

Commands details: 
total_CMD = 0 
n_nop = 0 
Read = 0 
Write = 0 
L2_Alloc = 0 
L2_WB = 0 
n_act = 0 
n_pre = 0 
n_ref = 0 
n_req = 0 
total_req = 0 

Dual Bus Interface Util: 
issued_total_row = 0 
issued_total_col = 0 
Row_Bus_Util =  -nan 
CoL_Bus_Util = -nan 
Either_Row_CoL_Bus_Util = -nan 
Issued_on_Two_Bus_Simul_Util = -nan 
issued_two_Eff = -nan 
queue_avg = -nan 


dram_util_bins: 0 0 0 0 0 0 0 0 0 0
dram_eff_bins: 0 0 0 0 0 0 0 0 0 0
mrqq: max=0 avg=-nan
Memory Partition 30: 
Cache L2_bank_060:
MSHR contents

Cache L2_bank_061:
MSHR contents

In Dram Latency Queue (total = 0): 
DRAM[30]: 16 bks, busW=8 BL=4 CL=19, tRRD=6 tCCD=1, tRCD=19 tRAS=45 tRP=19 tRC=50
n_cmd=0 n_nop=0 n_act=0 n_pre=0 n_ref_event=0 n_req=0 n_rd=0 n_rd_L2_A=0 n_write=0 n_wr_bk=0 bw_util=-nan
n_activity=0 dram_eff=-nan
bk0: 0a 0i bk1: 0a 0i bk2: 0a 0i bk3: 0a 0i bk4: 0a 0i bk5: 0a 0i bk6: 0a 0i bk7: 0a 0i bk8: 0a 0i bk9: 0a 0i bk10: 0a 0i bk11: 0a 0i bk12: 0a 0i bk13: 0a 0i bk14: 0a 0i bk15: 0a 0i 

------------------------------------------------------------------------

Row_Buffer_Locality = -nan
Row_Buffer_Locality_read = -nan
Row_Buffer_Locality_write = -nan
Bank_Level_Parallism = -nan
Bank_Level_Parallism_Col = -nan
Bank_Level_Parallism_Ready = -nan
write_to_read_ratio_blp_rw_average = -nan
GrpLevelPara = -nan 

BW Util details:
bwutil = -nan 
total_CMD = 0 
util_bw = 0 
Wasted_Col = 0 
Wasted_Row = 0 
Idle = 0 

BW Util Bottlenecks: 
RCDc_limit = 0 
RCDWRc_limit = 0 
WTRc_limit = 0 
RTWc_limit = 0 
CCDLc_limit = 0 
rwq = 0 
CCDLc_limit_alone = 0 
WTRc_limit_alone = 0 
RTWc_limit_alone = 0 

Commands details: 
total_CMD = 0 
n_nop = 0 
Read = 0 
Write = 0 
L2_Alloc = 0 
L2_WB = 0 
n_act = 0 
n_pre = 0 
n_ref = 0 
n_req = 0 
total_req = 0 

Dual Bus Interface Util: 
issued_total_row = 0 
issued_total_col = 0 
Row_Bus_Util =  -nan 
CoL_Bus_Util = -nan 
Either_Row_CoL_Bus_Util = -nan 
Issued_on_Two_Bus_Simul_Util = -nan 
issued_two_Eff = -nan 
queue_avg = -nan 


dram_util_bins: 0 0 0 0 0 0 0 0 0 0
dram_eff_bins: 0 0 0 0 0 0 0 0 0 0
mrqq: max=0 avg=-nan
Memory Partition 31: 
Cache L2_bank_062:
MSHR contents

Cache L2_bank_063:
MSHR contents

In Dram Latency Queue (total = 0): 
DRAM[31]: 16 bks, busW=8 BL=4 CL=19, tRRD=6 tCCD=1, tRCD=19 tRAS=45 tRP=19 tRC=50
n_cmd=0 n_nop=0 n_act=0 n_pre=0 n_ref_event=0 n_req=0 n_rd=0 n_rd_L2_A=0 n_write=0 n_wr_bk=0 bw_util=-nan
n_activity=0 dram_eff=-nan
bk0: 0a 0i bk1: 0a 0i bk2: 0a 0i bk3: 0a 0i bk4: 0a 0i bk5: 0a 0i bk6: 0a 0i bk7: 0a 0i bk8: 0a 0i bk9: 0a 0i bk10: 0a 0i bk11: 0a 0i bk12: 0a 0i bk13: 0a 0i bk14: 0a 0i bk15: 0a 0i 

------------------------------------------------------------------------

Row_Buffer_Locality = -nan
Row_Buffer_Locality_read = -nan
Row_Buffer_Locality_write = -nan
Bank_Level_Parallism = -nan
Bank_Level_Parallism_Col = -nan
Bank_Level_Parallism_Ready = -nan
write_to_read_ratio_blp_rw_average = -nan
GrpLevelPara = -nan 

BW Util details:
bwutil = -nan 
total_CMD = 0 
util_bw = 0 
Wasted_Col = 0 
Wasted_Row = 0 
Idle = 0 

BW Util Bottlenecks: 
RCDc_limit = 0 
RCDWRc_limit = 0 
WTRc_limit = 0 
RTWc_limit = 0 
CCDLc_limit = 0 
rwq = 0 
CCDLc_limit_alone = 0 
WTRc_limit_alone = 0 
RTWc_limit_alone = 0 

Commands details: 
total_CMD = 0 
n_nop = 0 
Read = 0 
Write = 0 
L2_Alloc = 0 
L2_WB = 0 
n_act = 0 
n_pre = 0 
n_ref = 0 
n_req = 0 
total_req = 0 

Dual Bus Interface Util: 
issued_total_row = 0 
issued_total_col = 0 
Row_Bus_Util =  -nan 
CoL_Bus_Util = -nan 
Either_Row_CoL_Bus_Util = -nan 
Issued_on_Two_Bus_Simul_Util = -nan 
issued_two_Eff = -nan 
queue_avg = -nan 


dram_util_bins: 0 0 0 0 0 0 0 0 0 0
dram_eff_bins: 0 0 0 0 0 0 0 0 0 0
mrqq: max=0 avg=-nan
Memory Partition 32: 
Cache L2_bank_064:
MSHR contents

Cache L2_bank_065:
MSHR contents

In Dram Latency Queue (total = 0): 
DRAM[32]: 16 bks, busW=8 BL=4 CL=19, tRRD=6 tCCD=1, tRCD=19 tRAS=45 tRP=19 tRC=50
n_cmd=0 n_nop=0 n_act=0 n_pre=0 n_ref_event=0 n_req=0 n_rd=0 n_rd_L2_A=0 n_write=0 n_wr_bk=0 bw_util=-nan
n_activity=0 dram_eff=-nan
bk0: 0a 0i bk1: 0a 0i bk2: 0a 0i bk3: 0a 0i bk4: 0a 0i bk5: 0a 0i bk6: 0a 0i bk7: 0a 0i bk8: 0a 0i bk9: 0a 0i bk10: 0a 0i bk11: 0a 0i bk12: 0a 0i bk13: 0a 0i bk14: 0a 0i bk15: 0a 0i 

------------------------------------------------------------------------

Row_Buffer_Locality = -nan
Row_Buffer_Locality_read = -nan
Row_Buffer_Locality_write = -nan
Bank_Level_Parallism = -nan
Bank_Level_Parallism_Col = -nan
Bank_Level_Parallism_Ready = -nan
write_to_read_ratio_blp_rw_average = -nan
GrpLevelPara = -nan 

BW Util details:
bwutil = -nan 
total_CMD = 0 
util_bw = 0 
Wasted_Col = 0 
Wasted_Row = 0 
Idle = 0 

BW Util Bottlenecks: 
RCDc_limit = 0 
RCDWRc_limit = 0 
WTRc_limit = 0 
RTWc_limit = 0 
CCDLc_limit = 0 
rwq = 0 
CCDLc_limit_alone = 0 
WTRc_limit_alone = 0 
RTWc_limit_alone = 0 

Commands details: 
total_CMD = 0 
n_nop = 0 
Read = 0 
Write = 0 
L2_Alloc = 0 
L2_WB = 0 
n_act = 0 
n_pre = 0 
n_ref = 0 
n_req = 0 
total_req = 0 

Dual Bus Interface Util: 
issued_total_row = 0 
issued_total_col = 0 
Row_Bus_Util =  -nan 
CoL_Bus_Util = -nan 
Either_Row_CoL_Bus_Util = -nan 
Issued_on_Two_Bus_Simul_Util = -nan 
issued_two_Eff = -nan 
queue_avg = -nan 


dram_util_bins: 0 0 0 0 0 0 0 0 0 0
dram_eff_bins: 0 0 0 0 0 0 0 0 0 0
mrqq: max=0 avg=-nan
Memory Partition 33: 
Cache L2_bank_066:
MSHR contents

Cache L2_bank_067:
MSHR contents

In Dram Latency Queue (total = 0): 
DRAM[33]: 16 bks, busW=8 BL=4 CL=19, tRRD=6 tCCD=1, tRCD=19 tRAS=45 tRP=19 tRC=50
n_cmd=0 n_nop=0 n_act=0 n_pre=0 n_ref_event=0 n_req=0 n_rd=0 n_rd_L2_A=0 n_write=0 n_wr_bk=0 bw_util=-nan
n_activity=0 dram_eff=-nan
bk0: 0a 0i bk1: 0a 0i bk2: 0a 0i bk3: 0a 0i bk4: 0a 0i bk5: 0a 0i bk6: 0a 0i bk7: 0a 0i bk8: 0a 0i bk9: 0a 0i bk10: 0a 0i bk11: 0a 0i bk12: 0a 0i bk13: 0a 0i bk14: 0a 0i bk15: 0a 0i 

------------------------------------------------------------------------

Row_Buffer_Locality = -nan
Row_Buffer_Locality_read = -nan
Row_Buffer_Locality_write = -nan
Bank_Level_Parallism = -nan
Bank_Level_Parallism_Col = -nan
Bank_Level_Parallism_Ready = -nan
write_to_read_ratio_blp_rw_average = -nan
GrpLevelPara = -nan 

BW Util details:
bwutil = -nan 
total_CMD = 0 
util_bw = 0 
Wasted_Col = 0 
Wasted_Row = 0 
Idle = 0 

BW Util Bottlenecks: 
RCDc_limit = 0 
RCDWRc_limit = 0 
WTRc_limit = 0 
RTWc_limit = 0 
CCDLc_limit = 0 
rwq = 0 
CCDLc_limit_alone = 0 
WTRc_limit_alone = 0 
RTWc_limit_alone = 0 

Commands details: 
total_CMD = 0 
n_nop = 0 
Read = 0 
Write = 0 
L2_Alloc = 0 
L2_WB = 0 
n_act = 0 
n_pre = 0 
n_ref = 0 
n_req = 0 
total_req = 0 

Dual Bus Interface Util: 
issued_total_row = 0 
issued_total_col = 0 
Row_Bus_Util =  -nan 
CoL_Bus_Util = -nan 
Either_Row_CoL_Bus_Util = -nan 
Issued_on_Two_Bus_Simul_Util = -nan 
issued_two_Eff = -nan 
queue_avg = -nan 


dram_util_bins: 0 0 0 0 0 0 0 0 0 0
dram_eff_bins: 0 0 0 0 0 0 0 0 0 0
mrqq: max=0 avg=-nan
Memory Partition 34: 
Cache L2_bank_068:
MSHR contents

Cache L2_bank_069:
MSHR contents

In Dram Latency Queue (total = 0): 
DRAM[34]: 16 bks, busW=8 BL=4 CL=19, tRRD=6 tCCD=1, tRCD=19 tRAS=45 tRP=19 tRC=50
n_cmd=0 n_nop=0 n_act=0 n_pre=0 n_ref_event=0 n_req=0 n_rd=0 n_rd_L2_A=0 n_write=0 n_wr_bk=0 bw_util=-nan
n_activity=0 dram_eff=-nan
bk0: 0a 0i bk1: 0a 0i bk2: 0a 0i bk3: 0a 0i bk4: 0a 0i bk5: 0a 0i bk6: 0a 0i bk7: 0a 0i bk8: 0a 0i bk9: 0a 0i bk10: 0a 0i bk11: 0a 0i bk12: 0a 0i bk13: 0a 0i bk14: 0a 0i bk15: 0a 0i 

------------------------------------------------------------------------

Row_Buffer_Locality = -nan
Row_Buffer_Locality_read = -nan
Row_Buffer_Locality_write = -nan
Bank_Level_Parallism = -nan
Bank_Level_Parallism_Col = -nan
Bank_Level_Parallism_Ready = -nan
write_to_read_ratio_blp_rw_average = -nan
GrpLevelPara = -nan 

BW Util details:
bwutil = -nan 
total_CMD = 0 
util_bw = 0 
Wasted_Col = 0 
Wasted_Row = 0 
Idle = 0 

BW Util Bottlenecks: 
RCDc_limit = 0 
RCDWRc_limit = 0 
WTRc_limit = 0 
RTWc_limit = 0 
CCDLc_limit = 0 
rwq = 0 
CCDLc_limit_alone = 0 
WTRc_limit_alone = 0 
RTWc_limit_alone = 0 

Commands details: 
total_CMD = 0 
n_nop = 0 
Read = 0 
Write = 0 
L2_Alloc = 0 
L2_WB = 0 
n_act = 0 
n_pre = 0 
n_ref = 0 
n_req = 0 
total_req = 0 

Dual Bus Interface Util: 
issued_total_row = 0 
issued_total_col = 0 
Row_Bus_Util =  -nan 
CoL_Bus_Util = -nan 
Either_Row_CoL_Bus_Util = -nan 
Issued_on_Two_Bus_Simul_Util = -nan 
issued_two_Eff = -nan 
queue_avg = -nan 


dram_util_bins: 0 0 0 0 0 0 0 0 0 0
dram_eff_bins: 0 0 0 0 0 0 0 0 0 0
mrqq: max=0 avg=-nan
Memory Partition 35: 
Cache L2_bank_070:
MSHR contents

Cache L2_bank_071:
MSHR contents

In Dram Latency Queue (total = 0): 
DRAM[35]: 16 bks, busW=8 BL=4 CL=19, tRRD=6 tCCD=1, tRCD=19 tRAS=45 tRP=19 tRC=50
n_cmd=0 n_nop=0 n_act=0 n_pre=0 n_ref_event=0 n_req=0 n_rd=0 n_rd_L2_A=0 n_write=0 n_wr_bk=0 bw_util=-nan
n_activity=0 dram_eff=-nan
bk0: 0a 0i bk1: 0a 0i bk2: 0a 0i bk3: 0a 0i bk4: 0a 0i bk5: 0a 0i bk6: 0a 0i bk7: 0a 0i bk8: 0a 0i bk9: 0a 0i bk10: 0a 0i bk11: 0a 0i bk12: 0a 0i bk13: 0a 0i bk14: 0a 0i bk15: 0a 0i 

------------------------------------------------------------------------

Row_Buffer_Locality = -nan
Row_Buffer_Locality_read = -nan
Row_Buffer_Locality_write = -nan
Bank_Level_Parallism = -nan
Bank_Level_Parallism_Col = -nan
Bank_Level_Parallism_Ready = -nan
write_to_read_ratio_blp_rw_average = -nan
GrpLevelPara = -nan 

BW Util details:
bwutil = -nan 
total_CMD = 0 
util_bw = 0 
Wasted_Col = 0 
Wasted_Row = 0 
Idle = 0 

BW Util Bottlenecks: 
RCDc_limit = 0 
RCDWRc_limit = 0 
WTRc_limit = 0 
RTWc_limit = 0 
CCDLc_limit = 0 
rwq = 0 
CCDLc_limit_alone = 0 
WTRc_limit_alone = 0 
RTWc_limit_alone = 0 

Commands details: 
total_CMD = 0 
n_nop = 0 
Read = 0 
Write = 0 
L2_Alloc = 0 
L2_WB = 0 
n_act = 0 
n_pre = 0 
n_ref = 0 
n_req = 0 
total_req = 0 

Dual Bus Interface Util: 
issued_total_row = 0 
issued_total_col = 0 
Row_Bus_Util =  -nan 
CoL_Bus_Util = -nan 
Either_Row_CoL_Bus_Util = -nan 
Issued_on_Two_Bus_Simul_Util = -nan 
issued_two_Eff = -nan 
queue_avg = -nan 


dram_util_bins: 0 0 0 0 0 0 0 0 0 0
dram_eff_bins: 0 0 0 0 0 0 0 0 0 0
mrqq: max=0 avg=-nan
Memory Partition 36: 
Cache L2_bank_072:
MSHR contents

Cache L2_bank_073:
MSHR contents

In Dram Latency Queue (total = 0): 
DRAM[36]: 16 bks, busW=8 BL=4 CL=19, tRRD=6 tCCD=1, tRCD=19 tRAS=45 tRP=19 tRC=50
n_cmd=0 n_nop=0 n_act=0 n_pre=0 n_ref_event=0 n_req=0 n_rd=0 n_rd_L2_A=0 n_write=0 n_wr_bk=0 bw_util=-nan
n_activity=0 dram_eff=-nan
bk0: 0a 0i bk1: 0a 0i bk2: 0a 0i bk3: 0a 0i bk4: 0a 0i bk5: 0a 0i bk6: 0a 0i bk7: 0a 0i bk8: 0a 0i bk9: 0a 0i bk10: 0a 0i bk11: 0a 0i bk12: 0a 0i bk13: 0a 0i bk14: 0a 0i bk15: 0a 0i 

------------------------------------------------------------------------

Row_Buffer_Locality = -nan
Row_Buffer_Locality_read = -nan
Row_Buffer_Locality_write = -nan
Bank_Level_Parallism = -nan
Bank_Level_Parallism_Col = -nan
Bank_Level_Parallism_Ready = -nan
write_to_read_ratio_blp_rw_average = -nan
GrpLevelPara = -nan 

BW Util details:
bwutil = -nan 
total_CMD = 0 
util_bw = 0 
Wasted_Col = 0 
Wasted_Row = 0 
Idle = 0 

BW Util Bottlenecks: 
RCDc_limit = 0 
RCDWRc_limit = 0 
WTRc_limit = 0 
RTWc_limit = 0 
CCDLc_limit = 0 
rwq = 0 
CCDLc_limit_alone = 0 
WTRc_limit_alone = 0 
RTWc_limit_alone = 0 

Commands details: 
total_CMD = 0 
n_nop = 0 
Read = 0 
Write = 0 
L2_Alloc = 0 
L2_WB = 0 
n_act = 0 
n_pre = 0 
n_ref = 0 
n_req = 0 
total_req = 0 

Dual Bus Interface Util: 
issued_total_row = 0 
issued_total_col = 0 
Row_Bus_Util =  -nan 
CoL_Bus_Util = -nan 
Either_Row_CoL_Bus_Util = -nan 
Issued_on_Two_Bus_Simul_Util = -nan 
issued_two_Eff = -nan 
queue_avg = -nan 


dram_util_bins: 0 0 0 0 0 0 0 0 0 0
dram_eff_bins: 0 0 0 0 0 0 0 0 0 0
mrqq: max=0 avg=-nan
Memory Partition 37: 
Cache L2_bank_074:
MSHR contents

Cache L2_bank_075:
MSHR contents

In Dram Latency Queue (total = 0): 
DRAM[37]: 16 bks, busW=8 BL=4 CL=19, tRRD=6 tCCD=1, tRCD=19 tRAS=45 tRP=19 tRC=50
n_cmd=0 n_nop=0 n_act=0 n_pre=0 n_ref_event=0 n_req=0 n_rd=0 n_rd_L2_A=0 n_write=0 n_wr_bk=0 bw_util=-nan
n_activity=0 dram_eff=-nan
bk0: 0a 0i bk1: 0a 0i bk2: 0a 0i bk3: 0a 0i bk4: 0a 0i bk5: 0a 0i bk6: 0a 0i bk7: 0a 0i bk8: 0a 0i bk9: 0a 0i bk10: 0a 0i bk11: 0a 0i bk12: 0a 0i bk13: 0a 0i bk14: 0a 0i bk15: 0a 0i 

------------------------------------------------------------------------

Row_Buffer_Locality = -nan
Row_Buffer_Locality_read = -nan
Row_Buffer_Locality_write = -nan
Bank_Level_Parallism = -nan
Bank_Level_Parallism_Col = -nan
Bank_Level_Parallism_Ready = -nan
write_to_read_ratio_blp_rw_average = -nan
GrpLevelPara = -nan 

BW Util details:
bwutil = -nan 
total_CMD = 0 
util_bw = 0 
Wasted_Col = 0 
Wasted_Row = 0 
Idle = 0 

BW Util Bottlenecks: 
RCDc_limit = 0 
RCDWRc_limit = 0 
WTRc_limit = 0 
RTWc_limit = 0 
CCDLc_limit = 0 
rwq = 0 
CCDLc_limit_alone = 0 
WTRc_limit_alone = 0 
RTWc_limit_alone = 0 

Commands details: 
total_CMD = 0 
n_nop = 0 
Read = 0 
Write = 0 
L2_Alloc = 0 
L2_WB = 0 
n_act = 0 
n_pre = 0 
n_ref = 0 
n_req = 0 
total_req = 0 

Dual Bus Interface Util: 
issued_total_row = 0 
issued_total_col = 0 
Row_Bus_Util =  -nan 
CoL_Bus_Util = -nan 
Either_Row_CoL_Bus_Util = -nan 
Issued_on_Two_Bus_Simul_Util = -nan 
issued_two_Eff = -nan 
queue_avg = -nan 


dram_util_bins: 0 0 0 0 0 0 0 0 0 0
dram_eff_bins: 0 0 0 0 0 0 0 0 0 0
mrqq: max=0 avg=-nan
Memory Partition 38: 
Cache L2_bank_076:
MSHR contents

Cache L2_bank_077:
MSHR contents

In Dram Latency Queue (total = 0): 
DRAM[38]: 16 bks, busW=8 BL=4 CL=19, tRRD=6 tCCD=1, tRCD=19 tRAS=45 tRP=19 tRC=50
n_cmd=0 n_nop=0 n_act=0 n_pre=0 n_ref_event=0 n_req=0 n_rd=0 n_rd_L2_A=0 n_write=0 n_wr_bk=0 bw_util=-nan
n_activity=0 dram_eff=-nan
bk0: 0a 0i bk1: 0a 0i bk2: 0a 0i bk3: 0a 0i bk4: 0a 0i bk5: 0a 0i bk6: 0a 0i bk7: 0a 0i bk8: 0a 0i bk9: 0a 0i bk10: 0a 0i bk11: 0a 0i bk12: 0a 0i bk13: 0a 0i bk14: 0a 0i bk15: 0a 0i 

------------------------------------------------------------------------

Row_Buffer_Locality = -nan
Row_Buffer_Locality_read = -nan
Row_Buffer_Locality_write = -nan
Bank_Level_Parallism = -nan
Bank_Level_Parallism_Col = -nan
Bank_Level_Parallism_Ready = -nan
write_to_read_ratio_blp_rw_average = -nan
GrpLevelPara = -nan 

BW Util details:
bwutil = -nan 
total_CMD = 0 
util_bw = 0 
Wasted_Col = 0 
Wasted_Row = 0 
Idle = 0 

BW Util Bottlenecks: 
RCDc_limit = 0 
RCDWRc_limit = 0 
WTRc_limit = 0 
RTWc_limit = 0 
CCDLc_limit = 0 
rwq = 0 
CCDLc_limit_alone = 0 
WTRc_limit_alone = 0 
RTWc_limit_alone = 0 

Commands details: 
total_CMD = 0 
n_nop = 0 
Read = 0 
Write = 0 
L2_Alloc = 0 
L2_WB = 0 
n_act = 0 
n_pre = 0 
n_ref = 0 
n_req = 0 
total_req = 0 

Dual Bus Interface Util: 
issued_total_row = 0 
issued_total_col = 0 
Row_Bus_Util =  -nan 
CoL_Bus_Util = -nan 
Either_Row_CoL_Bus_Util = -nan 
Issued_on_Two_Bus_Simul_Util = -nan 
issued_two_Eff = -nan 
queue_avg = -nan 


dram_util_bins: 0 0 0 0 0 0 0 0 0 0
dram_eff_bins: 0 0 0 0 0 0 0 0 0 0
mrqq: max=0 avg=-nan
Memory Partition 39: 
Cache L2_bank_078:
MSHR contents

Cache L2_bank_079:
MSHR contents

In Dram Latency Queue (total = 0): 
DRAM[39]: 16 bks, busW=8 BL=4 CL=19, tRRD=6 tCCD=1, tRCD=19 tRAS=45 tRP=19 tRC=50
n_cmd=0 n_nop=0 n_act=0 n_pre=0 n_ref_event=0 n_req=0 n_rd=0 n_rd_L2_A=0 n_write=0 n_wr_bk=0 bw_util=-nan
n_activity=0 dram_eff=-nan
bk0: 0a 0i bk1: 0a 0i bk2: 0a 0i bk3: 0a 0i bk4: 0a 0i bk5: 0a 0i bk6: 0a 0i bk7: 0a 0i bk8: 0a 0i bk9: 0a 0i bk10: 0a 0i bk11: 0a 0i bk12: 0a 0i bk13: 0a 0i bk14: 0a 0i bk15: 0a 0i 

------------------------------------------------------------------------

Row_Buffer_Locality = -nan
Row_Buffer_Locality_read = -nan
Row_Buffer_Locality_write = -nan
Bank_Level_Parallism = -nan
Bank_Level_Parallism_Col = -nan
Bank_Level_Parallism_Ready = -nan
write_to_read_ratio_blp_rw_average = -nan
GrpLevelPara = -nan 

BW Util details:
bwutil = -nan 
total_CMD = 0 
util_bw = 0 
Wasted_Col = 0 
Wasted_Row = 0 
Idle = 0 

BW Util Bottlenecks: 
RCDc_limit = 0 
RCDWRc_limit = 0 
WTRc_limit = 0 
RTWc_limit = 0 
CCDLc_limit = 0 
rwq = 0 
CCDLc_limit_alone = 0 
WTRc_limit_alone = 0 
RTWc_limit_alone = 0 

Commands details: 
total_CMD = 0 
n_nop = 0 
Read = 0 
Write = 0 
L2_Alloc = 0 
L2_WB = 0 
n_act = 0 
n_pre = 0 
n_ref = 0 
n_req = 0 
total_req = 0 

Dual Bus Interface Util: 
issued_total_row = 0 
issued_total_col = 0 
Row_Bus_Util =  -nan 
CoL_Bus_Util = -nan 
Either_Row_CoL_Bus_Util = -nan 
Issued_on_Two_Bus_Simul_Util = -nan 
issued_two_Eff = -nan 
queue_avg = -nan 


dram_util_bins: 0 0 0 0 0 0 0 0 0 0
dram_eff_bins: 0 0 0 0 0 0 0 0 0 0
mrqq: max=0 avg=-nan

========= L2 cache stats =========
L2_cache_bank[0]: Access = 28, Miss = 28, Miss_rate = 1.000, Pending_hits = 0, Reservation_fails = 0
L2_cache_bank[1]: Access = 28, Miss = 28, Miss_rate = 1.000, Pending_hits = 0, Reservation_fails = 0
L2_cache_bank[2]: Access = 28, Miss = 28, Miss_rate = 1.000, Pending_hits = 0, Reservation_fails = 0
L2_cache_bank[3]: Access = 28, Miss = 28, Miss_rate = 1.000, Pending_hits = 0, Reservation_fails = 0
L2_cache_bank[4]: Access = 28, Miss = 28, Miss_rate = 1.000, Pending_hits = 0, Reservation_fails = 0
L2_cache_bank[5]: Access = 28, Miss = 28, Miss_rate = 1.000, Pending_hits = 0, Reservation_fails = 0
L2_cache_bank[6]: Access = 28, Miss = 28, Miss_rate = 1.000, Pending_hits = 0, Reservation_fails = 0
L2_cache_bank[7]: Access = 28, Miss = 28, Miss_rate = 1.000, Pending_hits = 0, Reservation_fails = 0
L2_cache_bank[8]: Access = 28, Miss = 28, Miss_rate = 1.000, Pending_hits = 0, Reservation_fails = 0
L2_cache_bank[9]: Access = 28, Miss = 28, Miss_rate = 1.000, Pending_hits = 0, Reservation_fails = 0
L2_cache_bank[10]: Access = 28, Miss = 28, Miss_rate = 1.000, Pending_hits = 0, Reservation_fails = 0
L2_cache_bank[11]: Access = 28, Miss = 28, Miss_rate = 1.000, Pending_hits = 0, Reservation_fails = 0
L2_cache_bank[12]: Access = 28, Miss = 28, Miss_rate = 1.000, Pending_hits = 0, Reservation_fails = 0
L2_cache_bank[13]: Access = 28, Miss = 28, Miss_rate = 1.000, Pending_hits = 0, Reservation_fails = 0
L2_cache_bank[14]: Access = 28, Miss = 28, Miss_rate = 1.000, Pending_hits = 0, Reservation_fails = 0
L2_cache_bank[15]: Access = 28, Miss = 28, Miss_rate = 1.000, Pending_hits = 0, Reservation_fails = 0
L2_cache_bank[16]: Access = 28, Miss = 28, Miss_rate = 1.000, Pending_hits = 0, Reservation_fails = 0
L2_cache_bank[17]: Access = 28, Miss = 28, Miss_rate = 1.000, Pending_hits = 0, Reservation_fails = 0
L2_cache_bank[18]: Access = 24, Miss = 24, Miss_rate = 1.000, Pending_hits = 0, Reservation_fails = 0
L2_cache_bank[19]: Access = 24, Miss = 24, Miss_rate = 1.000, Pending_hits = 0, Reservation_fails = 0
L2_cache_bank[20]: Access = 32, Miss = 28, Miss_rate = 0.875, Pending_hits = 0, Reservation_fails = 0
L2_cache_bank[21]: Access = 32, Miss = 28, Miss_rate = 0.875, Pending_hits = 0, Reservation_fails = 0
L2_cache_bank[22]: Access = 24, Miss = 24, Miss_rate = 1.000, Pending_hits = 0, Reservation_fails = 0
L2_cache_bank[23]: Access = 32, Miss = 28, Miss_rate = 0.875, Pending_hits = 0, Reservation_fails = 0
L2_cache_bank[24]: Access = 25, Miss = 25, Miss_rate = 1.000, Pending_hits = 0, Reservation_fails = 0
L2_cache_bank[25]: Access = 24, Miss = 24, Miss_rate = 1.000, Pending_hits = 0, Reservation_fails = 0
L2_cache_bank[26]: Access = 24, Miss = 24, Miss_rate = 1.000, Pending_hits = 0, Reservation_fails = 0
L2_cache_bank[27]: Access = 24, Miss = 24, Miss_rate = 1.000, Pending_hits = 0, Reservation_fails = 0
L2_cache_bank[28]: Access = 32, Miss = 28, Miss_rate = 0.875, Pending_hits = 0, Reservation_fails = 0
L2_cache_bank[29]: Access = 24, Miss = 24, Miss_rate = 1.000, Pending_hits = 0, Reservation_fails = 0
L2_cache_bank[30]: Access = 20, Miss = 20, Miss_rate = 1.000, Pending_hits = 0, Reservation_fails = 0
L2_cache_bank[31]: Access = 20, Miss = 20, Miss_rate = 1.000, Pending_hits = 0, Reservation_fails = 0
L2_cache_bank[32]: Access = 24, Miss = 24, Miss_rate = 1.000, Pending_hits = 0, Reservation_fails = 0
L2_cache_bank[33]: Access = 24, Miss = 24, Miss_rate = 1.000, Pending_hits = 0, Reservation_fails = 0
L2_cache_bank[34]: Access = 24, Miss = 24, Miss_rate = 1.000, Pending_hits = 0, Reservation_fails = 0
L2_cache_bank[35]: Access = 24, Miss = 24, Miss_rate = 1.000, Pending_hits = 0, Reservation_fails = 0
L2_cache_bank[36]: Access = 24, Miss = 24, Miss_rate = 1.000, Pending_hits = 0, Reservation_fails = 0
L2_cache_bank[37]: Access = 24, Miss = 24, Miss_rate = 1.000, Pending_hits = 0, Reservation_fails = 0
L2_cache_bank[38]: Access = 28, Miss = 28, Miss_rate = 1.000, Pending_hits = 0, Reservation_fails = 0
L2_cache_bank[39]: Access = 28, Miss = 28, Miss_rate = 1.000, Pending_hits = 0, Reservation_fails = 0
L2_cache_bank[40]: Access = 4, Miss = 4, Miss_rate = 1.000, Pending_hits = 0, Reservation_fails = 0
L2_cache_bank[41]: Access = 8, Miss = 8, Miss_rate = 1.000, Pending_hits = 0, Reservation_fails = 0
L2_cache_bank[42]: Access = 4, Miss = 4, Miss_rate = 1.000, Pending_hits = 0, Reservation_fails = 0
L2_cache_bank[43]: Access = 4, Miss = 4, Miss_rate = 1.000, Pending_hits = 0, Reservation_fails = 0
L2_cache_bank[44]: Access = 8, Miss = 8, Miss_rate = 1.000, Pending_hits = 0, Reservation_fails = 0
L2_cache_bank[45]: Access = 4, Miss = 4, Miss_rate = 1.000, Pending_hits = 0, Reservation_fails = 0
L2_cache_bank[46]: Access = 8, Miss = 8, Miss_rate = 1.000, Pending_hits = 0, Reservation_fails = 0
L2_cache_bank[47]: Access = 8, Miss = 8, Miss_rate = 1.000, Pending_hits = 0, Reservation_fails = 0
L2_cache_bank[48]: Access = 8, Miss = 8, Miss_rate = 1.000, Pending_hits = 0, Reservation_fails = 0
L2_cache_bank[49]: Access = 8, Miss = 8, Miss_rate = 1.000, Pending_hits = 0, Reservation_fails = 0
L2_cache_bank[50]: Access = 8, Miss = 8, Miss_rate = 1.000, Pending_hits = 0, Reservation_fails = 0
L2_cache_bank[51]: Access = 8, Miss = 8, Miss_rate = 1.000, Pending_hits = 0, Reservation_fails = 0
L2_cache_bank[52]: Access = 8, Miss = 8, Miss_rate = 1.000, Pending_hits = 0, Reservation_fails = 0
L2_cache_bank[53]: Access = 8, Miss = 8, Miss_rate = 1.000, Pending_hits = 0, Reservation_fails = 0
L2_cache_bank[54]: Access = 8, Miss = 8, Miss_rate = 1.000, Pending_hits = 0, Reservation_fails = 0
L2_cache_bank[55]: Access = 8, Miss = 8, Miss_rate = 1.000, Pending_hits = 0, Reservation_fails = 0
L2_cache_bank[56]: Access = 8, Miss = 8, Miss_rate = 1.000, Pending_hits = 0, Reservation_fails = 0
L2_cache_bank[57]: Access = 8, Miss = 8, Miss_rate = 1.000, Pending_hits = 0, Reservation_fails = 0
L2_cache_bank[58]: Access = 8, Miss = 8, Miss_rate = 1.000, Pending_hits = 0, Reservation_fails = 0
L2_cache_bank[59]: Access = 8, Miss = 8, Miss_rate = 1.000, Pending_hits = 0, Reservation_fails = 0
L2_cache_bank[60]: Access = 4, Miss = 4, Miss_rate = 1.000, Pending_hits = 0, Reservation_fails = 0
L2_cache_bank[61]: Access = 4, Miss = 4, Miss_rate = 1.000, Pending_hits = 0, Reservation_fails = 0
L2_cache_bank[62]: Access = 4, Miss = 4, Miss_rate = 1.000, Pending_hits = 0, Reservation_fails = 0
L2_cache_bank[63]: Access = 4, Miss = 4, Miss_rate = 1.000, Pending_hits = 0, Reservation_fails = 0
L2_cache_bank[64]: Access = 4, Miss = 4, Miss_rate = 1.000, Pending_hits = 0, Reservation_fails = 0
L2_cache_bank[65]: Access = 4, Miss = 4, Miss_rate = 1.000, Pending_hits = 0, Reservation_fails = 0
L2_cache_bank[66]: Access = 4, Miss = 4, Miss_rate = 1.000, Pending_hits = 0, Reservation_fails = 0
L2_cache_bank[67]: Access = 4, Miss = 4, Miss_rate = 1.000, Pending_hits = 0, Reservation_fails = 0
L2_cache_bank[68]: Access = 4, Miss = 4, Miss_rate = 1.000, Pending_hits = 0, Reservation_fails = 0
L2_cache_bank[69]: Access = 4, Miss = 4, Miss_rate = 1.000, Pending_hits = 0, Reservation_fails = 0
L2_cache_bank[70]: Access = 4, Miss = 4, Miss_rate = 1.000, Pending_hits = 0, Reservation_fails = 0
L2_cache_bank[71]: Access = 4, Miss = 4, Miss_rate = 1.000, Pending_hits = 0, Reservation_fails = 0
L2_cache_bank[72]: Access = 8, Miss = 8, Miss_rate = 1.000, Pending_hits = 0, Reservation_fails = 0
L2_cache_bank[73]: Access = 8, Miss = 8, Miss_rate = 1.000, Pending_hits = 0, Reservation_fails = 0
L2_cache_bank[74]: Access = 8, Miss = 8, Miss_rate = 1.000, Pending_hits = 0, Reservation_fails = 0
L2_cache_bank[75]: Access = 8, Miss = 8, Miss_rate = 1.000, Pending_hits = 0, Reservation_fails = 0
L2_cache_bank[76]: Access = 8, Miss = 8, Miss_rate = 1.000, Pending_hits = 0, Reservation_fails = 0
L2_cache_bank[77]: Access = 8, Miss = 8, Miss_rate = 1.000, Pending_hits = 0, Reservation_fails = 0
L2_cache_bank[78]: Access = 8, Miss = 8, Miss_rate = 1.000, Pending_hits = 0, Reservation_fails = 0
L2_cache_bank[79]: Access = 8, Miss = 8, Miss_rate = 1.000, Pending_hits = 0, Reservation_fails = 0
L2_total_cache_accesses = 1321
L2_total_cache_misses = 1305
L2_total_cache_miss_rate = 0.9879
L2_total_cache_pending_hits = 0
L2_total_cache_reservation_fails = 0
L2_total_cache_breakdown:
	L2_cache_stats_breakdown[GLOBAL_ACC_R][HIT] = 0
	L2_cache_stats_breakdown[GLOBAL_ACC_R][HIT_RESERVED] = 0
	L2_cache_stats_breakdown[GLOBAL_ACC_R][MISS] = 133
	L2_cache_stats_breakdown[GLOBAL_ACC_R][RESERVATION_FAIL] = 0
	L2_cache_stats_breakdown[GLOBAL_ACC_R][SECTOR_MISS] = 396
	L2_cache_stats_breakdown[GLOBAL_ACC_R][MSHR_HIT] = 0
	L2_cache_stats_breakdown[GLOBAL_ACC_R][WRITE_ALLOCATED] = 0
	L2_cache_stats_breakdown[CHIPLET_ACC_R][HIT] = 0
	L2_cache_stats_breakdown[CHIPLET_ACC_R][HIT_RESERVED] = 0
	L2_cache_stats_breakdown[CHIPLET_ACC_R][MISS] = 64
	L2_cache_stats_breakdown[CHIPLET_ACC_R][RESERVATION_FAIL] = 0
	L2_cache_stats_breakdown[CHIPLET_ACC_R][SECTOR_MISS] = 192
	L2_cache_stats_breakdown[CHIPLET_ACC_R][MSHR_HIT] = 0
	L2_cache_stats_breakdown[CHIPLET_ACC_R][WRITE_ALLOCATED] = 0
	L2_cache_stats_breakdown[LOCAL_ACC_R][HIT] = 0
	L2_cache_stats_breakdown[LOCAL_ACC_R][HIT_RESERVED] = 0
	L2_cache_stats_breakdown[LOCAL_ACC_R][MISS] = 0
	L2_cache_stats_breakdown[LOCAL_ACC_R][RESERVATION_FAIL] = 0
	L2_cache_stats_breakdown[LOCAL_ACC_R][SECTOR_MISS] = 0
	L2_cache_stats_breakdown[LOCAL_ACC_R][MSHR_HIT] = 0
	L2_cache_stats_breakdown[LOCAL_ACC_R][WRITE_ALLOCATED] = 0
	L2_cache_stats_breakdown[CONST_ACC_R][HIT] = 0
	L2_cache_stats_breakdown[CONST_ACC_R][HIT_RESERVED] = 0
	L2_cache_stats_breakdown[CONST_ACC_R][MISS] = 0
	L2_cache_stats_breakdown[CONST_ACC_R][RESERVATION_FAIL] = 0
	L2_cache_stats_breakdown[CONST_ACC_R][SECTOR_MISS] = 0
	L2_cache_stats_breakdown[CONST_ACC_R][MSHR_HIT] = 0
	L2_cache_stats_breakdown[CONST_ACC_R][WRITE_ALLOCATED] = 0
	L2_cache_stats_breakdown[TEXTURE_ACC_R][HIT] = 0
	L2_cache_stats_breakdown[TEXTURE_ACC_R][HIT_RESERVED] = 0
	L2_cache_stats_breakdown[TEXTURE_ACC_R][MISS] = 0
	L2_cache_stats_breakdown[TEXTURE_ACC_R][RESERVATION_FAIL] = 0
	L2_cache_stats_breakdown[TEXTURE_ACC_R][SECTOR_MISS] = 0
	L2_cache_stats_breakdown[TEXTURE_ACC_R][MSHR_HIT] = 0
	L2_cache_stats_breakdown[TEXTURE_ACC_R][WRITE_ALLOCATED] = 0
	L2_cache_stats_breakdown[GLOBAL_ACC_W][HIT] = 16
	L2_cache_stats_breakdown[GLOBAL_ACC_W][HIT_RESERVED] = 0
	L2_cache_stats_breakdown[GLOBAL_ACC_W][MISS] = 130
	L2_cache_stats_breakdown[GLOBAL_ACC_W][RESERVATION_FAIL] = 0
	L2_cache_stats_breakdown[GLOBAL_ACC_W][SECTOR_MISS] = 390
	L2_cache_stats_breakdown[GLOBAL_ACC_W][MSHR_HIT] = 0
	L2_cache_stats_breakdown[GLOBAL_ACC_W][WRITE_ALLOCATED] = 520
	L2_cache_stats_breakdown[CHIPLET_ACC_W][HIT] = 0
	L2_cache_stats_breakdown[CHIPLET_ACC_W][HIT_RESERVED] = 0
	L2_cache_stats_breakdown[CHIPLET_ACC_W][MISS] = 0
	L2_cache_stats_breakdown[CHIPLET_ACC_W][RESERVATION_FAIL] = 0
	L2_cache_stats_breakdown[CHIPLET_ACC_W][SECTOR_MISS] = 0
	L2_cache_stats_breakdown[CHIPLET_ACC_W][MSHR_HIT] = 0
	L2_cache_stats_breakdown[CHIPLET_ACC_W][WRITE_ALLOCATED] = 0
	L2_cache_stats_breakdown[LOCAL_ACC_W][HIT] = 0
	L2_cache_stats_breakdown[LOCAL_ACC_W][HIT_RESERVED] = 0
	L2_cache_stats_breakdown[LOCAL_ACC_W][MISS] = 0
	L2_cache_stats_breakdown[LOCAL_ACC_W][RESERVATION_FAIL] = 0
	L2_cache_stats_breakdown[LOCAL_ACC_W][SECTOR_MISS] = 0
	L2_cache_stats_breakdown[LOCAL_ACC_W][MSHR_HIT] = 0
	L2_cache_stats_breakdown[LOCAL_ACC_W][WRITE_ALLOCATED] = 0
	L2_cache_stats_breakdown[L1_WRBK_ACC][HIT] = 0
	L2_cache_stats_breakdown[L1_WRBK_ACC][HIT_RESERVED] = 0
	L2_cache_stats_breakdown[L1_WRBK_ACC][MISS] = 0
	L2_cache_stats_breakdown[L1_WRBK_ACC][RESERVATION_FAIL] = 0
	L2_cache_stats_breakdown[L1_WRBK_ACC][SECTOR_MISS] = 0
	L2_cache_stats_breakdown[L1_WRBK_ACC][MSHR_HIT] = 0
	L2_cache_stats_breakdown[L1_WRBK_ACC][WRITE_ALLOCATED] = 0
	L2_cache_stats_breakdown[L2_WRBK_ACC][HIT] = 0
	L2_cache_stats_breakdown[L2_WRBK_ACC][HIT_RESERVED] = 0
	L2_cache_stats_breakdown[L2_WRBK_ACC][MISS] = 0
	L2_cache_stats_breakdown[L2_WRBK_ACC][RESERVATION_FAIL] = 0
	L2_cache_stats_breakdown[L2_WRBK_ACC][SECTOR_MISS] = 0
	L2_cache_stats_breakdown[L2_WRBK_ACC][MSHR_HIT] = 0
	L2_cache_stats_breakdown[L2_WRBK_ACC][WRITE_ALLOCATED] = 0
	L2_cache_stats_breakdown[INST_ACC_R][HIT] = 0
	L2_cache_stats_breakdown[INST_ACC_R][HIT_RESERVED] = 0
	L2_cache_stats_breakdown[INST_ACC_R][MISS] = 0
	L2_cache_stats_breakdown[INST_ACC_R][RESERVATION_FAIL] = 0
	L2_cache_stats_breakdown[INST_ACC_R][SECTOR_MISS] = 0
	L2_cache_stats_breakdown[INST_ACC_R][MSHR_HIT] = 0
	L2_cache_stats_breakdown[INST_ACC_R][WRITE_ALLOCATED] = 0
	L2_cache_stats_breakdown[L1_WR_ALLOC_R][HIT] = 0
	L2_cache_stats_breakdown[L1_WR_ALLOC_R][HIT_RESERVED] = 0
	L2_cache_stats_breakdown[L1_WR_ALLOC_R][MISS] = 0
	L2_cache_stats_breakdown[L1_WR_ALLOC_R][RESERVATION_FAIL] = 0
	L2_cache_stats_breakdown[L1_WR_ALLOC_R][SECTOR_MISS] = 0
	L2_cache_stats_breakdown[L1_WR_ALLOC_R][MSHR_HIT] = 0
	L2_cache_stats_breakdown[L1_WR_ALLOC_R][WRITE_ALLOCATED] = 0
	L2_cache_stats_breakdown[L2_WR_ALLOC_R][HIT] = 0
	L2_cache_stats_breakdown[L2_WR_ALLOC_R][HIT_RESERVED] = 0
	L2_cache_stats_breakdown[L2_WR_ALLOC_R][MISS] = 0
	L2_cache_stats_breakdown[L2_WR_ALLOC_R][RESERVATION_FAIL] = 0
	L2_cache_stats_breakdown[L2_WR_ALLOC_R][SECTOR_MISS] = 0
	L2_cache_stats_breakdown[L2_WR_ALLOC_R][MSHR_HIT] = 0
	L2_cache_stats_breakdown[L2_WR_ALLOC_R][WRITE_ALLOCATED] = 0
	L2_cache_stats_breakdown[GLOBAL_ACC_R][TOTAL_ACCESS] = 529
	L2_cache_stats_breakdown[CHIPLET_ACC_R][TOTAL_ACCESS] = 256
	L2_cache_stats_breakdown[GLOBAL_ACC_W][TOTAL_ACCESS] = 536
L2_total_cache_reservation_fail_breakdown:
L2_cache_data_port_util = 0.000
L2_cache_fill_port_util = 0.001

icnt_total_pkts_mem_to_simt=1600
icnt_total_pkts_simt_to_mem=1608
LD_mem_lat_dist  0 0 0 0 0 0 0 0 0 0 0 0 0 0 0 0 0 0 0 0 0 0 0 0 0 0 0
ST_mem_lat_dist  0 0 0 0 0 0 0 0 0 0 0 0 0 0 0 0 0 0 0 0 0 0 0 0 0 0 0
----------------------------Interconnect-DETAILS--------------------------------
Class 0:
Packet latency average = 97.2083
	minimum = 4
	maximum = 259
Network latency average = 4.45646
	minimum = 4
	maximum = 9
Slowest packet = 0
Flit latency average = 4.45646
	minimum = 4
	maximum = 9
Slowest flit = 1672
Fragmentation average = 0
	minimum = 0
	maximum = 0
Injected packet rate average = 0.000700847
	minimum = 0 (at node 1)
	maximum = 0.0679822 (at node 0)
Accepted packet rate average = 0.000700847
	minimum = 0 (at node 1)
	maximum = 0.0679822 (at node 0)
Injected flit rate average = 0.000700847
	minimum = 0 (at node 1)
	maximum = 0.0679822 (at node 0)
Accepted flit rate average= 0.000700847
	minimum = 0 (at node 1)
	maximum = 0.0679822 (at node 0)
Injected packet length average = 1
Accepted packet length average = 1
Total in-flight flits = 0 (0 measured)
====== Overall Traffic Statistics ======
====== Traffic class 0 ======
Packet latency average = 97.2083 (1 samples)
	minimum = 4 (1 samples)
	maximum = 259 (1 samples)
Network latency average = 4.45646 (1 samples)
	minimum = 4 (1 samples)
	maximum = 9 (1 samples)
Flit latency average = 4.45646 (1 samples)
	minimum = 4 (1 samples)
	maximum = 9 (1 samples)
Fragmentation average = 0 (1 samples)
	minimum = 0 (1 samples)
	maximum = 0 (1 samples)
Injected packet rate average = 0.000700847 (1 samples)
	minimum = 0 (1 samples)
	maximum = 0.0679822 (1 samples)
Accepted packet rate average = 0.000700847 (1 samples)
	minimum = 0 (1 samples)
	maximum = 0.0679822 (1 samples)
Injected flit rate average = 0.000700847 (1 samples)
	minimum = 0 (1 samples)
	maximum = 0.0679822 (1 samples)
Accepted flit rate average = 0.000700847 (1 samples)
	minimum = 0 (1 samples)
	maximum = 0.0679822 (1 samples)
Injected packet size average = 1 (1 samples)
Accepted packet size average = 1 (1 samples)
Hops average = 1 (1 samples)
----------------------------END-of-Interconnect-DETAILS-------------------------


gpgpu_simulation_time = 0 days, 0 hrs, 0 min, 1 sec (1 sec)
gpgpu_simulation_rate = 92806 (inst/sec)
gpgpu_simulation_rate = 7856 (cycle/sec)
gpgpu_silicon_slowdown = 223396x
Processing kernel /localhome/tsousape/cam_with_gpu/traces/sched_A_1_117/traces/kernel-2-ctx_0x556737245480.tracez
-kernel name = _Z8sched_acPjPKjS_PfiiiiPy
-kernel id = 2
-grid dim = (1,1,1)
-block dim = (128,1,1)
-shmem = 33032
-nregs = 31
-binary version = 90
-cuda stream id = 0
-shmem base_addr = 0x00007f6200000000
-local mem base_addr = 0x00007f6165000000
-nvbit version = 1.8
-accelsim tracer version = 6
-enable lineinfo = 0
Header info loaded for kernel command : /localhome/tsousape/cam_with_gpu/traces/sched_A_1_117/traces/kernel-2-ctx_0x556737245480.tracez
launching kernel name: _Z8sched_acPjPKjS_PfiiiiPy uid: 2 cuda_stream_id: 0
GPGPU-Sim uArch: Shader 1 bind to kernel 2 '_Z8sched_acPjPKjS_PfiiiiPy'
GPGPU-Sim: Reconfigure L1 cache to 192KB
thread block = 0,0,0
Destroy streams for kernel 2: size 0
kernel_name = _Z8sched_acPjPKjS_PfiiiiPy 
kernel_launch_uid = 2 
kernel_stream_id = 0
gpu_sim_cycle = 118863
gpu_sim_insn = 2736641
gpu_ipc =      23.0235
gpu_tot_sim_cycle = 126719
gpu_tot_sim_insn = 2829447
gpu_tot_ipc =      22.3285
gpu_tot_issued_cta = 2
gpu_occupancy = 6.2497% 
gpu_tot_occupancy = 6.2493% 
max_total_param_size = 0
gpu_stall_dramfull = 0
gpu_stall_icnt2sh    = 0
partiton_level_parallism =       0.2792
partiton_level_parallism_total  =       0.2703
partiton_level_parallism_util =       1.0000
partiton_level_parallism_util_total  =       1.0000
L2_BW  =      15.6787 GB/Sec
L2_BW_total  =      15.1800 GB/Sec
gpu_total_sim_rate=166438

========= Core cache stats =========
L1I_cache:
	L1I_total_cache_accesses = 0
	L1I_total_cache_misses = 0
	L1I_total_cache_pending_hits = 0
	L1I_total_cache_reservation_fails = 0
L1D_cache:
	L1D_cache_core[0]: Access = 32, Miss = 16, Miss_rate = 0.500, Pending_hits = 0, Reservation_fails = 0
	L1D_cache_core[1]: Access = 32, Miss = 16, Miss_rate = 0.500, Pending_hits = 0, Reservation_fails = 0
	L1D_cache_core[2]: Access = 0, Miss = 0, Miss_rate = -nan, Pending_hits = 0, Reservation_fails = 0
	L1D_cache_core[3]: Access = 0, Miss = 0, Miss_rate = -nan, Pending_hits = 0, Reservation_fails = 0
	L1D_cache_core[4]: Access = 0, Miss = 0, Miss_rate = -nan, Pending_hits = 0, Reservation_fails = 0
	L1D_cache_core[5]: Access = 0, Miss = 0, Miss_rate = -nan, Pending_hits = 0, Reservation_fails = 0
	L1D_cache_core[6]: Access = 0, Miss = 0, Miss_rate = -nan, Pending_hits = 0, Reservation_fails = 0
	L1D_cache_core[7]: Access = 0, Miss = 0, Miss_rate = -nan, Pending_hits = 0, Reservation_fails = 0
	L1D_cache_core[8]: Access = 0, Miss = 0, Miss_rate = -nan, Pending_hits = 0, Reservation_fails = 0
	L1D_cache_core[9]: Access = 0, Miss = 0, Miss_rate = -nan, Pending_hits = 0, Reservation_fails = 0
	L1D_cache_core[10]: Access = 0, Miss = 0, Miss_rate = -nan, Pending_hits = 0, Reservation_fails = 0
	L1D_cache_core[11]: Access = 0, Miss = 0, Miss_rate = -nan, Pending_hits = 0, Reservation_fails = 0
	L1D_cache_core[12]: Access = 0, Miss = 0, Miss_rate = -nan, Pending_hits = 0, Reservation_fails = 0
	L1D_cache_core[13]: Access = 0, Miss = 0, Miss_rate = -nan, Pending_hits = 0, Reservation_fails = 0
	L1D_cache_core[14]: Access = 0, Miss = 0, Miss_rate = -nan, Pending_hits = 0, Reservation_fails = 0
	L1D_cache_core[15]: Access = 0, Miss = 0, Miss_rate = -nan, Pending_hits = 0, Reservation_fails = 0
	L1D_cache_core[16]: Access = 0, Miss = 0, Miss_rate = -nan, Pending_hits = 0, Reservation_fails = 0
	L1D_cache_core[17]: Access = 0, Miss = 0, Miss_rate = -nan, Pending_hits = 0, Reservation_fails = 0
	L1D_cache_core[18]: Access = 0, Miss = 0, Miss_rate = -nan, Pending_hits = 0, Reservation_fails = 0
	L1D_cache_core[19]: Access = 0, Miss = 0, Miss_rate = -nan, Pending_hits = 0, Reservation_fails = 0
	L1D_cache_core[20]: Access = 0, Miss = 0, Miss_rate = -nan, Pending_hits = 0, Reservation_fails = 0
	L1D_cache_core[21]: Access = 0, Miss = 0, Miss_rate = -nan, Pending_hits = 0, Reservation_fails = 0
	L1D_cache_core[22]: Access = 0, Miss = 0, Miss_rate = -nan, Pending_hits = 0, Reservation_fails = 0
	L1D_cache_core[23]: Access = 0, Miss = 0, Miss_rate = -nan, Pending_hits = 0, Reservation_fails = 0
	L1D_cache_core[24]: Access = 0, Miss = 0, Miss_rate = -nan, Pending_hits = 0, Reservation_fails = 0
	L1D_cache_core[25]: Access = 0, Miss = 0, Miss_rate = -nan, Pending_hits = 0, Reservation_fails = 0
	L1D_cache_core[26]: Access = 0, Miss = 0, Miss_rate = -nan, Pending_hits = 0, Reservation_fails = 0
	L1D_cache_core[27]: Access = 0, Miss = 0, Miss_rate = -nan, Pending_hits = 0, Reservation_fails = 0
	L1D_cache_core[28]: Access = 0, Miss = 0, Miss_rate = -nan, Pending_hits = 0, Reservation_fails = 0
	L1D_cache_core[29]: Access = 0, Miss = 0, Miss_rate = -nan, Pending_hits = 0, Reservation_fails = 0
	L1D_cache_core[30]: Access = 0, Miss = 0, Miss_rate = -nan, Pending_hits = 0, Reservation_fails = 0
	L1D_cache_core[31]: Access = 0, Miss = 0, Miss_rate = -nan, Pending_hits = 0, Reservation_fails = 0
	L1D_cache_core[32]: Access = 0, Miss = 0, Miss_rate = -nan, Pending_hits = 0, Reservation_fails = 0
	L1D_cache_core[33]: Access = 0, Miss = 0, Miss_rate = -nan, Pending_hits = 0, Reservation_fails = 0
	L1D_cache_core[34]: Access = 0, Miss = 0, Miss_rate = -nan, Pending_hits = 0, Reservation_fails = 0
	L1D_cache_core[35]: Access = 0, Miss = 0, Miss_rate = -nan, Pending_hits = 0, Reservation_fails = 0
	L1D_cache_core[36]: Access = 0, Miss = 0, Miss_rate = -nan, Pending_hits = 0, Reservation_fails = 0
	L1D_cache_core[37]: Access = 0, Miss = 0, Miss_rate = -nan, Pending_hits = 0, Reservation_fails = 0
	L1D_cache_core[38]: Access = 0, Miss = 0, Miss_rate = -nan, Pending_hits = 0, Reservation_fails = 0
	L1D_cache_core[39]: Access = 0, Miss = 0, Miss_rate = -nan, Pending_hits = 0, Reservation_fails = 0
	L1D_cache_core[40]: Access = 0, Miss = 0, Miss_rate = -nan, Pending_hits = 0, Reservation_fails = 0
	L1D_cache_core[41]: Access = 0, Miss = 0, Miss_rate = -nan, Pending_hits = 0, Reservation_fails = 0
	L1D_cache_core[42]: Access = 0, Miss = 0, Miss_rate = -nan, Pending_hits = 0, Reservation_fails = 0
	L1D_cache_core[43]: Access = 0, Miss = 0, Miss_rate = -nan, Pending_hits = 0, Reservation_fails = 0
	L1D_cache_core[44]: Access = 0, Miss = 0, Miss_rate = -nan, Pending_hits = 0, Reservation_fails = 0
	L1D_cache_core[45]: Access = 0, Miss = 0, Miss_rate = -nan, Pending_hits = 0, Reservation_fails = 0
	L1D_cache_core[46]: Access = 0, Miss = 0, Miss_rate = -nan, Pending_hits = 0, Reservation_fails = 0
	L1D_cache_core[47]: Access = 0, Miss = 0, Miss_rate = -nan, Pending_hits = 0, Reservation_fails = 0
	L1D_cache_core[48]: Access = 0, Miss = 0, Miss_rate = -nan, Pending_hits = 0, Reservation_fails = 0
	L1D_cache_core[49]: Access = 0, Miss = 0, Miss_rate = -nan, Pending_hits = 0, Reservation_fails = 0
	L1D_cache_core[50]: Access = 0, Miss = 0, Miss_rate = -nan, Pending_hits = 0, Reservation_fails = 0
	L1D_cache_core[51]: Access = 0, Miss = 0, Miss_rate = -nan, Pending_hits = 0, Reservation_fails = 0
	L1D_cache_core[52]: Access = 0, Miss = 0, Miss_rate = -nan, Pending_hits = 0, Reservation_fails = 0
	L1D_cache_core[53]: Access = 0, Miss = 0, Miss_rate = -nan, Pending_hits = 0, Reservation_fails = 0
	L1D_cache_core[54]: Access = 0, Miss = 0, Miss_rate = -nan, Pending_hits = 0, Reservation_fails = 0
	L1D_cache_core[55]: Access = 0, Miss = 0, Miss_rate = -nan, Pending_hits = 0, Reservation_fails = 0
	L1D_cache_core[56]: Access = 0, Miss = 0, Miss_rate = -nan, Pending_hits = 0, Reservation_fails = 0
	L1D_cache_core[57]: Access = 0, Miss = 0, Miss_rate = -nan, Pending_hits = 0, Reservation_fails = 0
	L1D_cache_core[58]: Access = 0, Miss = 0, Miss_rate = -nan, Pending_hits = 0, Reservation_fails = 0
	L1D_cache_core[59]: Access = 0, Miss = 0, Miss_rate = -nan, Pending_hits = 0, Reservation_fails = 0
	L1D_cache_core[60]: Access = 0, Miss = 0, Miss_rate = -nan, Pending_hits = 0, Reservation_fails = 0
	L1D_cache_core[61]: Access = 0, Miss = 0, Miss_rate = -nan, Pending_hits = 0, Reservation_fails = 0
	L1D_cache_core[62]: Access = 0, Miss = 0, Miss_rate = -nan, Pending_hits = 0, Reservation_fails = 0
	L1D_cache_core[63]: Access = 0, Miss = 0, Miss_rate = -nan, Pending_hits = 0, Reservation_fails = 0
	L1D_cache_core[64]: Access = 0, Miss = 0, Miss_rate = -nan, Pending_hits = 0, Reservation_fails = 0
	L1D_cache_core[65]: Access = 0, Miss = 0, Miss_rate = -nan, Pending_hits = 0, Reservation_fails = 0
	L1D_cache_core[66]: Access = 0, Miss = 0, Miss_rate = -nan, Pending_hits = 0, Reservation_fails = 0
	L1D_cache_core[67]: Access = 0, Miss = 0, Miss_rate = -nan, Pending_hits = 0, Reservation_fails = 0
	L1D_cache_core[68]: Access = 0, Miss = 0, Miss_rate = -nan, Pending_hits = 0, Reservation_fails = 0
	L1D_cache_core[69]: Access = 0, Miss = 0, Miss_rate = -nan, Pending_hits = 0, Reservation_fails = 0
	L1D_cache_core[70]: Access = 0, Miss = 0, Miss_rate = -nan, Pending_hits = 0, Reservation_fails = 0
	L1D_cache_core[71]: Access = 0, Miss = 0, Miss_rate = -nan, Pending_hits = 0, Reservation_fails = 0
	L1D_cache_core[72]: Access = 0, Miss = 0, Miss_rate = -nan, Pending_hits = 0, Reservation_fails = 0
	L1D_cache_core[73]: Access = 0, Miss = 0, Miss_rate = -nan, Pending_hits = 0, Reservation_fails = 0
	L1D_cache_core[74]: Access = 0, Miss = 0, Miss_rate = -nan, Pending_hits = 0, Reservation_fails = 0
	L1D_cache_core[75]: Access = 0, Miss = 0, Miss_rate = -nan, Pending_hits = 0, Reservation_fails = 0
	L1D_cache_core[76]: Access = 0, Miss = 0, Miss_rate = -nan, Pending_hits = 0, Reservation_fails = 0
	L1D_cache_core[77]: Access = 0, Miss = 0, Miss_rate = -nan, Pending_hits = 0, Reservation_fails = 0
	L1D_cache_core[78]: Access = 0, Miss = 0, Miss_rate = -nan, Pending_hits = 0, Reservation_fails = 0
	L1D_cache_core[79]: Access = 0, Miss = 0, Miss_rate = -nan, Pending_hits = 0, Reservation_fails = 0
	L1D_cache_core[80]: Access = 0, Miss = 0, Miss_rate = -nan, Pending_hits = 0, Reservation_fails = 0
	L1D_cache_core[81]: Access = 0, Miss = 0, Miss_rate = -nan, Pending_hits = 0, Reservation_fails = 0
	L1D_cache_core[82]: Access = 0, Miss = 0, Miss_rate = -nan, Pending_hits = 0, Reservation_fails = 0
	L1D_cache_core[83]: Access = 0, Miss = 0, Miss_rate = -nan, Pending_hits = 0, Reservation_fails = 0
	L1D_cache_core[84]: Access = 0, Miss = 0, Miss_rate = -nan, Pending_hits = 0, Reservation_fails = 0
	L1D_cache_core[85]: Access = 0, Miss = 0, Miss_rate = -nan, Pending_hits = 0, Reservation_fails = 0
	L1D_cache_core[86]: Access = 0, Miss = 0, Miss_rate = -nan, Pending_hits = 0, Reservation_fails = 0
	L1D_cache_core[87]: Access = 0, Miss = 0, Miss_rate = -nan, Pending_hits = 0, Reservation_fails = 0
	L1D_cache_core[88]: Access = 0, Miss = 0, Miss_rate = -nan, Pending_hits = 0, Reservation_fails = 0
	L1D_cache_core[89]: Access = 0, Miss = 0, Miss_rate = -nan, Pending_hits = 0, Reservation_fails = 0
	L1D_cache_core[90]: Access = 0, Miss = 0, Miss_rate = -nan, Pending_hits = 0, Reservation_fails = 0
	L1D_cache_core[91]: Access = 0, Miss = 0, Miss_rate = -nan, Pending_hits = 0, Reservation_fails = 0
	L1D_cache_core[92]: Access = 0, Miss = 0, Miss_rate = -nan, Pending_hits = 0, Reservation_fails = 0
	L1D_cache_core[93]: Access = 0, Miss = 0, Miss_rate = -nan, Pending_hits = 0, Reservation_fails = 0
	L1D_cache_core[94]: Access = 0, Miss = 0, Miss_rate = -nan, Pending_hits = 0, Reservation_fails = 0
	L1D_cache_core[95]: Access = 0, Miss = 0, Miss_rate = -nan, Pending_hits = 0, Reservation_fails = 0
	L1D_cache_core[96]: Access = 0, Miss = 0, Miss_rate = -nan, Pending_hits = 0, Reservation_fails = 0
	L1D_cache_core[97]: Access = 0, Miss = 0, Miss_rate = -nan, Pending_hits = 0, Reservation_fails = 0
	L1D_cache_core[98]: Access = 0, Miss = 0, Miss_rate = -nan, Pending_hits = 0, Reservation_fails = 0
	L1D_cache_core[99]: Access = 0, Miss = 0, Miss_rate = -nan, Pending_hits = 0, Reservation_fails = 0
	L1D_cache_core[100]: Access = 0, Miss = 0, Miss_rate = -nan, Pending_hits = 0, Reservation_fails = 0
	L1D_cache_core[101]: Access = 0, Miss = 0, Miss_rate = -nan, Pending_hits = 0, Reservation_fails = 0
	L1D_cache_core[102]: Access = 0, Miss = 0, Miss_rate = -nan, Pending_hits = 0, Reservation_fails = 0
	L1D_cache_core[103]: Access = 0, Miss = 0, Miss_rate = -nan, Pending_hits = 0, Reservation_fails = 0
	L1D_cache_core[104]: Access = 0, Miss = 0, Miss_rate = -nan, Pending_hits = 0, Reservation_fails = 0
	L1D_cache_core[105]: Access = 0, Miss = 0, Miss_rate = -nan, Pending_hits = 0, Reservation_fails = 0
	L1D_cache_core[106]: Access = 0, Miss = 0, Miss_rate = -nan, Pending_hits = 0, Reservation_fails = 0
	L1D_cache_core[107]: Access = 0, Miss = 0, Miss_rate = -nan, Pending_hits = 0, Reservation_fails = 0
	L1D_cache_core[108]: Access = 0, Miss = 0, Miss_rate = -nan, Pending_hits = 0, Reservation_fails = 0
	L1D_cache_core[109]: Access = 0, Miss = 0, Miss_rate = -nan, Pending_hits = 0, Reservation_fails = 0
	L1D_cache_core[110]: Access = 0, Miss = 0, Miss_rate = -nan, Pending_hits = 0, Reservation_fails = 0
	L1D_cache_core[111]: Access = 0, Miss = 0, Miss_rate = -nan, Pending_hits = 0, Reservation_fails = 0
	L1D_cache_core[112]: Access = 0, Miss = 0, Miss_rate = -nan, Pending_hits = 0, Reservation_fails = 0
	L1D_cache_core[113]: Access = 0, Miss = 0, Miss_rate = -nan, Pending_hits = 0, Reservation_fails = 0
	L1D_total_cache_accesses = 64
	L1D_total_cache_misses = 32
	L1D_total_cache_miss_rate = 0.5000
	L1D_total_cache_pending_hits = 0
	L1D_total_cache_reservation_fails = 0
	L1D_cache_data_port_util = 0.000
	L1D_cache_fill_port_util = 0.000
L1C_cache:
	L1C_total_cache_accesses = 0
	L1C_total_cache_misses = 0
	L1C_total_cache_pending_hits = 0
	L1C_total_cache_reservation_fails = 0
L1T_cache:
	L1T_total_cache_accesses = 0
	L1T_total_cache_misses = 0
	L1T_total_cache_pending_hits = 0
	L1T_total_cache_reservation_fails = 0

Total_core_cache_stats:
	Total_core_cache_stats_breakdown[GLOBAL_ACC_R][HIT] = 0
	Total_core_cache_stats_breakdown[GLOBAL_ACC_R][HIT_RESERVED] = 0
	Total_core_cache_stats_breakdown[GLOBAL_ACC_R][MISS] = 8
	Total_core_cache_stats_breakdown[GLOBAL_ACC_R][RESERVATION_FAIL] = 0
	Total_core_cache_stats_breakdown[GLOBAL_ACC_R][SECTOR_MISS] = 24
	Total_core_cache_stats_breakdown[GLOBAL_ACC_R][MSHR_HIT] = 0
	Total_core_cache_stats_breakdown[GLOBAL_ACC_R][WRITE_ALLOCATED] = 0
	Total_core_cache_stats_breakdown[CHIPLET_ACC_R][HIT] = 0
	Total_core_cache_stats_breakdown[CHIPLET_ACC_R][HIT_RESERVED] = 0
	Total_core_cache_stats_breakdown[CHIPLET_ACC_R][MISS] = 0
	Total_core_cache_stats_breakdown[CHIPLET_ACC_R][RESERVATION_FAIL] = 0
	Total_core_cache_stats_breakdown[CHIPLET_ACC_R][SECTOR_MISS] = 0
	Total_core_cache_stats_breakdown[CHIPLET_ACC_R][MSHR_HIT] = 0
	Total_core_cache_stats_breakdown[CHIPLET_ACC_R][WRITE_ALLOCATED] = 0
	Total_core_cache_stats_breakdown[LOCAL_ACC_R][HIT] = 0
	Total_core_cache_stats_breakdown[LOCAL_ACC_R][HIT_RESERVED] = 0
	Total_core_cache_stats_breakdown[LOCAL_ACC_R][MISS] = 0
	Total_core_cache_stats_breakdown[LOCAL_ACC_R][RESERVATION_FAIL] = 0
	Total_core_cache_stats_breakdown[LOCAL_ACC_R][SECTOR_MISS] = 0
	Total_core_cache_stats_breakdown[LOCAL_ACC_R][MSHR_HIT] = 0
	Total_core_cache_stats_breakdown[LOCAL_ACC_R][WRITE_ALLOCATED] = 0
	Total_core_cache_stats_breakdown[CONST_ACC_R][HIT] = 0
	Total_core_cache_stats_breakdown[CONST_ACC_R][HIT_RESERVED] = 0
	Total_core_cache_stats_breakdown[CONST_ACC_R][MISS] = 0
	Total_core_cache_stats_breakdown[CONST_ACC_R][RESERVATION_FAIL] = 0
	Total_core_cache_stats_breakdown[CONST_ACC_R][SECTOR_MISS] = 0
	Total_core_cache_stats_breakdown[CONST_ACC_R][MSHR_HIT] = 0
	Total_core_cache_stats_breakdown[CONST_ACC_R][WRITE_ALLOCATED] = 0
	Total_core_cache_stats_breakdown[TEXTURE_ACC_R][HIT] = 0
	Total_core_cache_stats_breakdown[TEXTURE_ACC_R][HIT_RESERVED] = 0
	Total_core_cache_stats_breakdown[TEXTURE_ACC_R][MISS] = 0
	Total_core_cache_stats_breakdown[TEXTURE_ACC_R][RESERVATION_FAIL] = 0
	Total_core_cache_stats_breakdown[TEXTURE_ACC_R][SECTOR_MISS] = 0
	Total_core_cache_stats_breakdown[TEXTURE_ACC_R][MSHR_HIT] = 0
	Total_core_cache_stats_breakdown[TEXTURE_ACC_R][WRITE_ALLOCATED] = 0
	Total_core_cache_stats_breakdown[GLOBAL_ACC_W][HIT] = 32
	Total_core_cache_stats_breakdown[GLOBAL_ACC_W][HIT_RESERVED] = 0
	Total_core_cache_stats_breakdown[GLOBAL_ACC_W][MISS] = 0
	Total_core_cache_stats_breakdown[GLOBAL_ACC_W][RESERVATION_FAIL] = 0
	Total_core_cache_stats_breakdown[GLOBAL_ACC_W][SECTOR_MISS] = 0
	Total_core_cache_stats_breakdown[GLOBAL_ACC_W][MSHR_HIT] = 0
	Total_core_cache_stats_breakdown[GLOBAL_ACC_W][WRITE_ALLOCATED] = 0
	Total_core_cache_stats_breakdown[CHIPLET_ACC_W][HIT] = 0
	Total_core_cache_stats_breakdown[CHIPLET_ACC_W][HIT_RESERVED] = 0
	Total_core_cache_stats_breakdown[CHIPLET_ACC_W][MISS] = 0
	Total_core_cache_stats_breakdown[CHIPLET_ACC_W][RESERVATION_FAIL] = 0
	Total_core_cache_stats_breakdown[CHIPLET_ACC_W][SECTOR_MISS] = 0
	Total_core_cache_stats_breakdown[CHIPLET_ACC_W][MSHR_HIT] = 0
	Total_core_cache_stats_breakdown[CHIPLET_ACC_W][WRITE_ALLOCATED] = 0
	Total_core_cache_stats_breakdown[LOCAL_ACC_W][HIT] = 0
	Total_core_cache_stats_breakdown[LOCAL_ACC_W][HIT_RESERVED] = 0
	Total_core_cache_stats_breakdown[LOCAL_ACC_W][MISS] = 0
	Total_core_cache_stats_breakdown[LOCAL_ACC_W][RESERVATION_FAIL] = 0
	Total_core_cache_stats_breakdown[LOCAL_ACC_W][SECTOR_MISS] = 0
	Total_core_cache_stats_breakdown[LOCAL_ACC_W][MSHR_HIT] = 0
	Total_core_cache_stats_breakdown[LOCAL_ACC_W][WRITE_ALLOCATED] = 0
	Total_core_cache_stats_breakdown[L1_WRBK_ACC][HIT] = 0
	Total_core_cache_stats_breakdown[L1_WRBK_ACC][HIT_RESERVED] = 0
	Total_core_cache_stats_breakdown[L1_WRBK_ACC][MISS] = 0
	Total_core_cache_stats_breakdown[L1_WRBK_ACC][RESERVATION_FAIL] = 0
	Total_core_cache_stats_breakdown[L1_WRBK_ACC][SECTOR_MISS] = 0
	Total_core_cache_stats_breakdown[L1_WRBK_ACC][MSHR_HIT] = 0
	Total_core_cache_stats_breakdown[L1_WRBK_ACC][WRITE_ALLOCATED] = 0
	Total_core_cache_stats_breakdown[L2_WRBK_ACC][HIT] = 0
	Total_core_cache_stats_breakdown[L2_WRBK_ACC][HIT_RESERVED] = 0
	Total_core_cache_stats_breakdown[L2_WRBK_ACC][MISS] = 0
	Total_core_cache_stats_breakdown[L2_WRBK_ACC][RESERVATION_FAIL] = 0
	Total_core_cache_stats_breakdown[L2_WRBK_ACC][SECTOR_MISS] = 0
	Total_core_cache_stats_breakdown[L2_WRBK_ACC][MSHR_HIT] = 0
	Total_core_cache_stats_breakdown[L2_WRBK_ACC][WRITE_ALLOCATED] = 0
	Total_core_cache_stats_breakdown[INST_ACC_R][HIT] = 0
	Total_core_cache_stats_breakdown[INST_ACC_R][HIT_RESERVED] = 0
	Total_core_cache_stats_breakdown[INST_ACC_R][MISS] = 0
	Total_core_cache_stats_breakdown[INST_ACC_R][RESERVATION_FAIL] = 0
	Total_core_cache_stats_breakdown[INST_ACC_R][SECTOR_MISS] = 0
	Total_core_cache_stats_breakdown[INST_ACC_R][MSHR_HIT] = 0
	Total_core_cache_stats_breakdown[INST_ACC_R][WRITE_ALLOCATED] = 0
	Total_core_cache_stats_breakdown[L1_WR_ALLOC_R][HIT] = 0
	Total_core_cache_stats_breakdown[L1_WR_ALLOC_R][HIT_RESERVED] = 0
	Total_core_cache_stats_breakdown[L1_WR_ALLOC_R][MISS] = 0
	Total_core_cache_stats_breakdown[L1_WR_ALLOC_R][RESERVATION_FAIL] = 0
	Total_core_cache_stats_breakdown[L1_WR_ALLOC_R][SECTOR_MISS] = 0
	Total_core_cache_stats_breakdown[L1_WR_ALLOC_R][MSHR_HIT] = 0
	Total_core_cache_stats_breakdown[L1_WR_ALLOC_R][WRITE_ALLOCATED] = 0
	Total_core_cache_stats_breakdown[L2_WR_ALLOC_R][HIT] = 0
	Total_core_cache_stats_breakdown[L2_WR_ALLOC_R][HIT_RESERVED] = 0
	Total_core_cache_stats_breakdown[L2_WR_ALLOC_R][MISS] = 0
	Total_core_cache_stats_breakdown[L2_WR_ALLOC_R][RESERVATION_FAIL] = 0
	Total_core_cache_stats_breakdown[L2_WR_ALLOC_R][SECTOR_MISS] = 0
	Total_core_cache_stats_breakdown[L2_WR_ALLOC_R][MSHR_HIT] = 0
	Total_core_cache_stats_breakdown[L2_WR_ALLOC_R][WRITE_ALLOCATED] = 0
	Total_core_cache_stats_breakdown[GLOBAL_ACC_R][TOTAL_ACCESS] = 32
	Total_core_cache_stats_breakdown[GLOBAL_ACC_W][TOTAL_ACCESS] = 32

Total_core_cache_fail_stats:
ctas_completed 2, Shader 0 warp_id issue ditsribution:
warp_id:
0, 1, 2, 3, 
distro:
792, 771, 756, 756, 
MBARRIER_TRYWAIT,1,0,12037,12237,12437,12637,12837,13037,15600,15800,16000,16200,16400,16600,19162,19362,19562,19762,19962,20162,22725,22925,23125,23325,23525,23725,26288,26488,26688,26888,27088,27288,29850,30050,30250,30450,30650,30850,33413,33613,33813,34013,34213,34413,36976,37176,37376,37576,37776,37976,40824,41024,41224,41424,41624,41824,44386,44586,44786,44986,45186,45386,47949,48149,48349,48549,48749,48949,51512,51712,51912,52112,52312,52512,55074,55274,55474,55674,55874,56074,58637,58837,59037,59237,59437,59637,62200,62400,62600,62800,63000,63200,65762,65962,66162,66362,66562,66762,69610,69810,70010,70210,70410,70610,73170,73370,73570,73770,73970,74170,76733,76933,77133,77333,77533,77733,80296,80496,80696,80896,81096,81296,83858,84058,84258,84458,84658,84858,87421,87621,87821,88021,88221,88421,90984,91184,91384,91584,91784,91984,94546,94746,94946,95146,95346,95546,98394,98594,98794,98994,99194,99394,101954,102154,102354,102554,102754,102954,105517,105717,105917,106117,106317,106517,109080,109280,109480,109680,109880,110080,112642,112842,113042,113242,113442,113642,116205,116405,116605,116805,117005,117205,119768,119968,120168,120368,120568,120768,123330,123530,123730,123930,124130,124330
MBARRIER_TRYWAIT,1,1,11852,12052,12252,12452,12652,12852,13052,15416,15616,15816,16016,16216,16416,16616,18979,19179,19379,19579,19779,19979,20179,22541,22741,22941,23141,23341,23541,23741,26104,26304,26504,26704,26904,27104,27304,29667,29867,30067,30267,30467,30667,30867,33229,33429,33629,33829,34029,34229,34429,36792,36992,37192,37392,37592,37792,37992,40640,40840,41040,41240,41440,41640,41840,44203,44403,44603,44803,45003,45203,45403,47765,47965,48165,48365,48565,48765,48965,51328,51528,51728,51928,52128,52328,52528,54891,55091,55291,55491,55691,55891,56091,58453,58653,58853,59053,59253,59453,59653,62016,62216,62416,62616,62816,63016,63216,65579,65779,65979,66179,66379,66579,66779,69426,69626,69826,70026,70226,70426,70626,72987,73187,73387,73587,73787,73987,74187,76549,76749,76949,77149,77349,77549,77749,80112,80312,80512,80712,80912,81112,81312,83675,83875,84075,84275,84475,84675,84875,87237,87437,87637,87837,88037,88237,88437,90800,91000,91200,91400,91600,91800,92000,94363,94563,94763,94963,95163,95363,95563,98210,98410,98610,98810,99010,99210,99410,101771,101971,102171,102371,102571,102771,102971,105333,105533,105733,105933,106133,106333,106533,108896,109096,109296,109496,109696,109896,110096,112459,112659,112859,113059,113259,113459,113659,116021,116221,116421,116621,116821,117021,117221,119584,119784,119984,120184,120384,120584,120784,123147,123347,123547,123747,123947,124147,124347
MBARRIER_TRYWAIT,1,2,11848,12048,12248,12448,12648,12848,13048,15412,15612,15812,16012,16212,16412,16612,18974,19174,19374,19574,19774,19974,20174,22536,22736,22936,23136,23336,23536,23736,26100,26300,26500,26700,26900,27100,27300,29662,29862,30062,30262,30462,30662,30862,33224,33424,33624,33824,34024,34224,34424,36788,36988,37188,37388,37588,37788,37988,40636,40836,41036,41236,41436,41636,41836,44198,44398,44598,44798,44998,45198,45398,47760,47960,48160,48360,48560,48760,48960,51324,51524,51724,51924,52124,52324,52524,54886,55086,55286,55486,55686,55886,56086,58448,58648,58848,59048,59248,59448,59648,62012,62212,62412,62612,62812,63012,63212,65574,65774,65974,66174,66374,66574,66774,69421,69621,69821,70021,70221,70421,70621,72982,73182,73382,73582,73782,73982,74182,76544,76744,76944,77144,77344,77544,77744,80108,80308,80508,80708,80908,81108,81308,83670,83870,84070,84270,84470,84670,84870,87232,87432,87632,87832,88032,88232,88432,90796,90996,91196,91396,91596,91796,91996,94358,94558,94758,94958,95158,95358,95558,98205,98405,98605,98805,99005,99205,99405,101766,101966,102166,102366,102566,102766,102966,105328,105528,105728,105928,106128,106328,106528,108892,109092,109292,109492,109692,109892,110092,112454,112654,112854,113054,113254,113454,113654,116016,116216,116416,116616,116816,117016,117216,119580,119780,119980,120180,120380,120580,120780,123142,123342,123542,123742,123942,124142,124342
MBARRIER_TRYWAIT,1,3,11849,12049,12249,12449,12649,12849,13049,15412,15612,15812,16012,16212,16412,16612,18974,19174,19374,19574,19774,19974,20174,22537,22737,22937,23137,23337,23537,23737,26100,26300,26500,26700,26900,27100,27300,29662,29862,30062,30262,30462,30662,30862,33225,33425,33625,33825,34025,34225,34425,36788,36988,37188,37388,37588,37788,37988,40636,40836,41036,41236,41436,41636,41836,44198,44398,44598,44798,44998,45198,45398,47761,47961,48161,48361,48561,48761,48961,51324,51524,51724,51924,52124,52324,52524,54886,55086,55286,55486,55686,55886,56086,58449,58649,58849,59049,59249,59449,59649,62012,62212,62412,62612,62812,63012,63212,65574,65774,65974,66174,66374,66574,66774,69421,69621,69821,70021,70221,70421,70621,72982,73182,73382,73582,73782,73982,74182,76545,76745,76945,77145,77345,77545,77745,80108,80308,80508,80708,80908,81108,81308,83670,83870,84070,84270,84470,84670,84870,87233,87433,87633,87833,88033,88233,88433,90796,90996,91196,91396,91596,91796,91996,94358,94558,94758,94958,95158,95358,95558,98205,98405,98605,98805,99005,99205,99405,101766,101966,102166,102366,102566,102766,102966,105329,105529,105729,105929,106129,106329,106529,108892,109092,109292,109492,109692,109892,110092,112454,112654,112854,113054,113254,113454,113654,116017,116217,116417,116617,116817,117017,117217,119580,119780,119980,120180,120380,120580,120780,123142,123342,123542,123742,123942,124142,124342
gpgpu_n_tot_thrd_icount = 2829447
gpgpu_n_tot_w_icount = 93167
gpgpu_n_stall_shd_mem = 12705
gpgpu_n_mem_read_local = 0
gpgpu_n_mem_write_local = 0
gpgpu_n_mem_read_global = 17060
gpgpu_n_mem_write_global = 17192
gpgpu_n_mem_texture = 0
gpgpu_n_mem_const = 0
gpgpu_n_load_insn  = 421
gpgpu_n_store_insn = 289
gpgpu_n_shmem_insn = 279937
gpgpu_n_sstarr_insn = 0
gpgpu_n_tex_insn = 0
gpgpu_n_const_mem_insn = 0
gpgpu_n_param_mem_insn = 0
gpgpu_n_shmem_bkconflict = 0
gpgpu_n_l1cache_bkconflict = 0
gpgpu_n_intrawarp_mshr_merge = 0
gpgpu_n_cmem_portconflict = 0
gpgpu_stall_shd_mem[c_mem][resource_stall] = 0
gpgpu_stall_shd_mem[s_mem][bk_conf] = 0
gpgpu_stall_shd_mem[gl_mem][resource_stall] = 0
gpgpu_stall_shd_mem[gl_mem][coal_stall] = 4257
gpgpu_stall_shd_mem[gl_mem][data_port_stall] = 0
gpu_reg_bank_conflict_stalls = 0
Warp Occupancy Distribution:
Stall:21272	W0_Idle:221583	W0_Scoreboard:150078	W1:1553	W2:0	W3:0	W4:0	W5:0	W6:0	W7:0	W8:0	W9:0	W10:0	W11:0	W12:0	W13:0	W14:0	W15:0	W16:0	W17:0	W18:0	W19:0	W20:0	W21:0	W22:0	W23:0	W24:0	W25:0	W26:0	W27:0	W28:0	W29:0	W30:0	W31:330	W32:88052
single_issue_nums: WS0:24059	WS1:23366	WS2:22871	WS3:22871	
dual_issue_nums: WS0:0	WS1:0	WS2:0	WS3:0	
traffic_breakdown_coretomem[GLOBAL_ACC_R] = 135424 {8:16928,}
traffic_breakdown_coretomem[GLOBAL_ACC_W] = 687680 {40:17192,}
traffic_breakdown_coretomem[GLOBAL_ATOMIC] = 5280 {40:132,}
traffic_breakdown_memtocore[CHIPLET_ACC_R] = 337920 {40:8448,}
traffic_breakdown_memtocore[GLOBAL_ACC_R] = 339200 {40:8480,}
traffic_breakdown_memtocore[GLOBAL_ACC_W] = 137536 {8:17192,}
traffic_breakdown_memtocore[GLOBAL_ATOMIC] = 5280 {40:132,}
maxmflatency = 864 
max_icnt2mem_latency = 131 
maxmrqlatency = 0 
max_icnt2sh_latency = 7 
averagemflatency = 531 
avg_icnt2mem_latency = 98 
avg_icnt2sh_latency = 3 
mrq_lat_table:0 	0 	0 	0 	0 	0 	0 	0 	0 	0 	0 	0 	0 	0 	0 	0 	0 	0 	0 	0 	0 	0 	0 	0 	0 	0 	0 	0 	0 	0 	0 	0 	
dq_lat_table:0 	0 	0 	0 	0 	0 	0 	0 	0 	0 	0 	0 	0 	0 	0 	0 	0 	0 	0 	0 	0 	0 	0 	0 	0 	0 	0 	0 	0 	0 	0 	0 	
mf_lat_table:0 	0 	0 	0 	0 	0 	0 	1564 	15760 	16928 	0 	0 	0 	0 	0 	0 	0 	0 	0 	0 	0 	0 	0 	0 	0 	0 	0 	0 	0 	0 	0 	0 	
icnt2mem_lat_table:0 	165 	495 	1056 	2112 	4288 	8448 	17688 	0 	0 	0 	0 	0 	0 	0 	0 	0 	0 	0 	0 	0 	0 	0 	0 	
icnt2sh_lat_table:0 	24130 	10122 	0 	0 	0 	0 	0 	0 	0 	0 	0 	0 	0 	0 	0 	0 	0 	0 	0 	0 	0 	0 	0 	
mf_lat_pw_table:0 	0 	0 	0 	0 	0 	0 	30 	41 	62 	0 	0 	0 	0 	0 	0 	0 	0 	0 	0 	0 	0 	0 	0 	0 	0 	0 	0 	0 	0 	0 	0 	
maximum concurrent accesses to same row:
dram[0]:         0         0         0         0         0         0         0         0         0         0         0         0         0         0         0         0 
dram[1]:         0         0         0         0         0         0         0         0         0         0         0         0         0         0         0         0 
dram[2]:         0         0         0         0         0         0         0         0         0         0         0         0         0         0         0         0 
dram[3]:         0         0         0         0         0         0         0         0         0         0         0         0         0         0         0         0 
dram[4]:         0         0         0         0         0         0         0         0         0         0         0         0         0         0         0         0 
dram[5]:         0         0         0         0         0         0         0         0         0         0         0         0         0         0         0         0 
dram[6]:         0         0         0         0         0         0         0         0         0         0         0         0         0         0         0         0 
dram[7]:         0         0         0         0         0         0         0         0         0         0         0         0         0         0         0         0 
dram[8]:         0         0         0         0         0         0         0         0         0         0         0         0         0         0         0         0 
dram[9]:         0         0         0         0         0         0         0         0         0         0         0         0         0         0         0         0 
dram[10]:         0         0         0         0         0         0         0         0         0         0         0         0         0         0         0         0 
dram[11]:         0         0         0         0         0         0         0         0         0         0         0         0         0         0         0         0 
dram[12]:         0         0         0         0         0         0         0         0         0         0         0         0         0         0         0         0 
dram[13]:         0         0         0         0         0         0         0         0         0         0         0         0         0         0         0         0 
dram[14]:         0         0         0         0         0         0         0         0         0         0         0         0         0         0         0         0 
dram[15]:         0         0         0         0         0         0         0         0         0         0         0         0         0         0         0         0 
dram[16]:         0         0         0         0         0         0         0         0         0         0         0         0         0         0         0         0 
dram[17]:         0         0         0         0         0         0         0         0         0         0         0         0         0         0         0         0 
dram[18]:         0         0         0         0         0         0         0         0         0         0         0         0         0         0         0         0 
dram[19]:         0         0         0         0         0         0         0         0         0         0         0         0         0         0         0         0 
dram[20]:         0         0         0         0         0         0         0         0         0         0         0         0         0         0         0         0 
dram[21]:         0         0         0         0         0         0         0         0         0         0         0         0         0         0         0         0 
dram[22]:         0         0         0         0         0         0         0         0         0         0         0         0         0         0         0         0 
dram[23]:         0         0         0         0         0         0         0         0         0         0         0         0         0         0         0         0 
dram[24]:         0         0         0         0         0         0         0         0         0         0         0         0         0         0         0         0 
dram[25]:         0         0         0         0         0         0         0         0         0         0         0         0         0         0         0         0 
dram[26]:         0         0         0         0         0         0         0         0         0         0         0         0         0         0         0         0 
dram[27]:         0         0         0         0         0         0         0         0         0         0         0         0         0         0         0         0 
dram[28]:         0         0         0         0         0         0         0         0         0         0         0         0         0         0         0         0 
dram[29]:         0         0         0         0         0         0         0         0         0         0         0         0         0         0         0         0 
dram[30]:         0         0         0         0         0         0         0         0         0         0         0         0         0         0         0         0 
dram[31]:         0         0         0         0         0         0         0         0         0         0         0         0         0         0         0         0 
dram[32]:         0         0         0         0         0         0         0         0         0         0         0         0         0         0         0         0 
dram[33]:         0         0         0         0         0         0         0         0         0         0         0         0         0         0         0         0 
dram[34]:         0         0         0         0         0         0         0         0         0         0         0         0         0         0         0         0 
dram[35]:         0         0         0         0         0         0         0         0         0         0         0         0         0         0         0         0 
dram[36]:         0         0         0         0         0         0         0         0         0         0         0         0         0         0         0         0 
dram[37]:         0         0         0         0         0         0         0         0         0         0         0         0         0         0         0         0 
dram[38]:         0         0         0         0         0         0         0         0         0         0         0         0         0         0         0         0 
dram[39]:         0         0         0         0         0         0         0         0         0         0         0         0         0         0         0         0 
maximum service time to same row:
dram[0]:         0         0         0         0         0         0         0         0         0         0         0         0         0         0         0         0 
dram[1]:         0         0         0         0         0         0         0         0         0         0         0         0         0         0         0         0 
dram[2]:         0         0         0         0         0         0         0         0         0         0         0         0         0         0         0         0 
dram[3]:         0         0         0         0         0         0         0         0         0         0         0         0         0         0         0         0 
dram[4]:         0         0         0         0         0         0         0         0         0         0         0         0         0         0         0         0 
dram[5]:         0         0         0         0         0         0         0         0         0         0         0         0         0         0         0         0 
dram[6]:         0         0         0         0         0         0         0         0         0         0         0         0         0         0         0         0 
dram[7]:         0         0         0         0         0         0         0         0         0         0         0         0         0         0         0         0 
dram[8]:         0         0         0         0         0         0         0         0         0         0         0         0         0         0         0         0 
dram[9]:         0         0         0         0         0         0         0         0         0         0         0         0         0         0         0         0 
dram[10]:         0         0         0         0         0         0         0         0         0         0         0         0         0         0         0         0 
dram[11]:         0         0         0         0         0         0         0         0         0         0         0         0         0         0         0         0 
dram[12]:         0         0         0         0         0         0         0         0         0         0         0         0         0         0         0         0 
dram[13]:         0         0         0         0         0         0         0         0         0         0         0         0         0         0         0         0 
dram[14]:         0         0         0         0         0         0         0         0         0         0         0         0         0         0         0         0 
dram[15]:         0         0         0         0         0         0         0         0         0         0         0         0         0         0         0         0 
dram[16]:         0         0         0         0         0         0         0         0         0         0         0         0         0         0         0         0 
dram[17]:         0         0         0         0         0         0         0         0         0         0         0         0         0         0         0         0 
dram[18]:         0         0         0         0         0         0         0         0         0         0         0         0         0         0         0         0 
dram[19]:         0         0         0         0         0         0         0         0         0         0         0         0         0         0         0         0 
dram[20]:         0         0         0         0         0         0         0         0         0         0         0         0         0         0         0         0 
dram[21]:         0         0         0         0         0         0         0         0         0         0         0         0         0         0         0         0 
dram[22]:         0         0         0         0         0         0         0         0         0         0         0         0         0         0         0         0 
dram[23]:         0         0         0         0         0         0         0         0         0         0         0         0         0         0         0         0 
dram[24]:         0         0         0         0         0         0         0         0         0         0         0         0         0         0         0         0 
dram[25]:         0         0         0         0         0         0         0         0         0         0         0         0         0         0         0         0 
dram[26]:         0         0         0         0         0         0         0         0         0         0         0         0         0         0         0         0 
dram[27]:         0         0         0         0         0         0         0         0         0         0         0         0         0         0         0         0 
dram[28]:         0         0         0         0         0         0         0         0         0         0         0         0         0         0         0         0 
dram[29]:         0         0         0         0         0         0         0         0         0         0         0         0         0         0         0         0 
dram[30]:         0         0         0         0         0         0         0         0         0         0         0         0         0         0         0         0 
dram[31]:         0         0         0         0         0         0         0         0         0         0         0         0         0         0         0         0 
dram[32]:         0         0         0         0         0         0         0         0         0         0         0         0         0         0         0         0 
dram[33]:         0         0         0         0         0         0         0         0         0         0         0         0         0         0         0         0 
dram[34]:         0         0         0         0         0         0         0         0         0         0         0         0         0         0         0         0 
dram[35]:         0         0         0         0         0         0         0         0         0         0         0         0         0         0         0         0 
dram[36]:         0         0         0         0         0         0         0         0         0         0         0         0         0         0         0         0 
dram[37]:         0         0         0         0         0         0         0         0         0         0         0         0         0         0         0         0 
dram[38]:         0         0         0         0         0         0         0         0         0         0         0         0         0         0         0         0 
dram[39]:         0         0         0         0         0         0         0         0         0         0         0         0         0         0         0         0 
average row accesses per activate:
dram[0]:      -nan      -nan      -nan      -nan      -nan      -nan      -nan      -nan      -nan      -nan      -nan      -nan      -nan      -nan      -nan      -nan 
dram[1]:      -nan      -nan      -nan      -nan      -nan      -nan      -nan      -nan      -nan      -nan      -nan      -nan      -nan      -nan      -nan      -nan 
dram[2]:      -nan      -nan      -nan      -nan      -nan      -nan      -nan      -nan      -nan      -nan      -nan      -nan      -nan      -nan      -nan      -nan 
dram[3]:      -nan      -nan      -nan      -nan      -nan      -nan      -nan      -nan      -nan      -nan      -nan      -nan      -nan      -nan      -nan      -nan 
dram[4]:      -nan      -nan      -nan      -nan      -nan      -nan      -nan      -nan      -nan      -nan      -nan      -nan      -nan      -nan      -nan      -nan 
dram[5]:      -nan      -nan      -nan      -nan      -nan      -nan      -nan      -nan      -nan      -nan      -nan      -nan      -nan      -nan      -nan      -nan 
dram[6]:      -nan      -nan      -nan      -nan      -nan      -nan      -nan      -nan      -nan      -nan      -nan      -nan      -nan      -nan      -nan      -nan 
dram[7]:      -nan      -nan      -nan      -nan      -nan      -nan      -nan      -nan      -nan      -nan      -nan      -nan      -nan      -nan      -nan      -nan 
dram[8]:      -nan      -nan      -nan      -nan      -nan      -nan      -nan      -nan      -nan      -nan      -nan      -nan      -nan      -nan      -nan      -nan 
dram[9]:      -nan      -nan      -nan      -nan      -nan      -nan      -nan      -nan      -nan      -nan      -nan      -nan      -nan      -nan      -nan      -nan 
dram[10]:      -nan      -nan      -nan      -nan      -nan      -nan      -nan      -nan      -nan      -nan      -nan      -nan      -nan      -nan      -nan      -nan 
dram[11]:      -nan      -nan      -nan      -nan      -nan      -nan      -nan      -nan      -nan      -nan      -nan      -nan      -nan      -nan      -nan      -nan 
dram[12]:      -nan      -nan      -nan      -nan      -nan      -nan      -nan      -nan      -nan      -nan      -nan      -nan      -nan      -nan      -nan      -nan 
dram[13]:      -nan      -nan      -nan      -nan      -nan      -nan      -nan      -nan      -nan      -nan      -nan      -nan      -nan      -nan      -nan      -nan 
dram[14]:      -nan      -nan      -nan      -nan      -nan      -nan      -nan      -nan      -nan      -nan      -nan      -nan      -nan      -nan      -nan      -nan 
dram[15]:      -nan      -nan      -nan      -nan      -nan      -nan      -nan      -nan      -nan      -nan      -nan      -nan      -nan      -nan      -nan      -nan 
dram[16]:      -nan      -nan      -nan      -nan      -nan      -nan      -nan      -nan      -nan      -nan      -nan      -nan      -nan      -nan      -nan      -nan 
dram[17]:      -nan      -nan      -nan      -nan      -nan      -nan      -nan      -nan      -nan      -nan      -nan      -nan      -nan      -nan      -nan      -nan 
dram[18]:      -nan      -nan      -nan      -nan      -nan      -nan      -nan      -nan      -nan      -nan      -nan      -nan      -nan      -nan      -nan      -nan 
dram[19]:      -nan      -nan      -nan      -nan      -nan      -nan      -nan      -nan      -nan      -nan      -nan      -nan      -nan      -nan      -nan      -nan 
dram[20]:      -nan      -nan      -nan      -nan      -nan      -nan      -nan      -nan      -nan      -nan      -nan      -nan      -nan      -nan      -nan      -nan 
dram[21]:      -nan      -nan      -nan      -nan      -nan      -nan      -nan      -nan      -nan      -nan      -nan      -nan      -nan      -nan      -nan      -nan 
dram[22]:      -nan      -nan      -nan      -nan      -nan      -nan      -nan      -nan      -nan      -nan      -nan      -nan      -nan      -nan      -nan      -nan 
dram[23]:      -nan      -nan      -nan      -nan      -nan      -nan      -nan      -nan      -nan      -nan      -nan      -nan      -nan      -nan      -nan      -nan 
dram[24]:      -nan      -nan      -nan      -nan      -nan      -nan      -nan      -nan      -nan      -nan      -nan      -nan      -nan      -nan      -nan      -nan 
dram[25]:      -nan      -nan      -nan      -nan      -nan      -nan      -nan      -nan      -nan      -nan      -nan      -nan      -nan      -nan      -nan      -nan 
dram[26]:      -nan      -nan      -nan      -nan      -nan      -nan      -nan      -nan      -nan      -nan      -nan      -nan      -nan      -nan      -nan      -nan 
dram[27]:      -nan      -nan      -nan      -nan      -nan      -nan      -nan      -nan      -nan      -nan      -nan      -nan      -nan      -nan      -nan      -nan 
dram[28]:      -nan      -nan      -nan      -nan      -nan      -nan      -nan      -nan      -nan      -nan      -nan      -nan      -nan      -nan      -nan      -nan 
dram[29]:      -nan      -nan      -nan      -nan      -nan      -nan      -nan      -nan      -nan      -nan      -nan      -nan      -nan      -nan      -nan      -nan 
dram[30]:      -nan      -nan      -nan      -nan      -nan      -nan      -nan      -nan      -nan      -nan      -nan      -nan      -nan      -nan      -nan      -nan 
dram[31]:      -nan      -nan      -nan      -nan      -nan      -nan      -nan      -nan      -nan      -nan      -nan      -nan      -nan      -nan      -nan      -nan 
dram[32]:      -nan      -nan      -nan      -nan      -nan      -nan      -nan      -nan      -nan      -nan      -nan      -nan      -nan      -nan      -nan      -nan 
dram[33]:      -nan      -nan      -nan      -nan      -nan      -nan      -nan      -nan      -nan      -nan      -nan      -nan      -nan      -nan      -nan      -nan 
dram[34]:      -nan      -nan      -nan      -nan      -nan      -nan      -nan      -nan      -nan      -nan      -nan      -nan      -nan      -nan      -nan      -nan 
dram[35]:      -nan      -nan      -nan      -nan      -nan      -nan      -nan      -nan      -nan      -nan      -nan      -nan      -nan      -nan      -nan      -nan 
dram[36]:      -nan      -nan      -nan      -nan      -nan      -nan      -nan      -nan      -nan      -nan      -nan      -nan      -nan      -nan      -nan      -nan 
dram[37]:      -nan      -nan      -nan      -nan      -nan      -nan      -nan      -nan      -nan      -nan      -nan      -nan      -nan      -nan      -nan      -nan 
dram[38]:      -nan      -nan      -nan      -nan      -nan      -nan      -nan      -nan      -nan      -nan      -nan      -nan      -nan      -nan      -nan      -nan 
dram[39]:      -nan      -nan      -nan      -nan      -nan      -nan      -nan      -nan      -nan      -nan      -nan      -nan      -nan      -nan      -nan      -nan 
average row locality = 0/0 = -nan
number of total memory accesses made:
dram[0]:         0         0         0         0         0         0         0         0         0         0         0         0         0         0         0         0 
dram[1]:         0         0         0         0         0         0         0         0         0         0         0         0         0         0         0         0 
dram[2]:         0         0         0         0         0         0         0         0         0         0         0         0         0         0         0         0 
dram[3]:         0         0         0         0         0         0         0         0         0         0         0         0         0         0         0         0 
dram[4]:         0         0         0         0         0         0         0         0         0         0         0         0         0         0         0         0 
dram[5]:         0         0         0         0         0         0         0         0         0         0         0         0         0         0         0         0 
dram[6]:         0         0         0         0         0         0         0         0         0         0         0         0         0         0         0         0 
dram[7]:         0         0         0         0         0         0         0         0         0         0         0         0         0         0         0         0 
dram[8]:         0         0         0         0         0         0         0         0         0         0         0         0         0         0         0         0 
dram[9]:         0         0         0         0         0         0         0         0         0         0         0         0         0         0         0         0 
dram[10]:         0         0         0         0         0         0         0         0         0         0         0         0         0         0         0         0 
dram[11]:         0         0         0         0         0         0         0         0         0         0         0         0         0         0         0         0 
dram[12]:         0         0         0         0         0         0         0         0         0         0         0         0         0         0         0         0 
dram[13]:         0         0         0         0         0         0         0         0         0         0         0         0         0         0         0         0 
dram[14]:         0         0         0         0         0         0         0         0         0         0         0         0         0         0         0         0 
dram[15]:         0         0         0         0         0         0         0         0         0         0         0         0         0         0         0         0 
dram[16]:         0         0         0         0         0         0         0         0         0         0         0         0         0         0         0         0 
dram[17]:         0         0         0         0         0         0         0         0         0         0         0         0         0         0         0         0 
dram[18]:         0         0         0         0         0         0         0         0         0         0         0         0         0         0         0         0 
dram[19]:         0         0         0         0         0         0         0         0         0         0         0         0         0         0         0         0 
dram[20]:         0         0         0         0         0         0         0         0         0         0         0         0         0         0         0         0 
dram[21]:         0         0         0         0         0         0         0         0         0         0         0         0         0         0         0         0 
dram[22]:         0         0         0         0         0         0         0         0         0         0         0         0         0         0         0         0 
dram[23]:         0         0         0         0         0         0         0         0         0         0         0         0         0         0         0         0 
dram[24]:         0         0         0         0         0         0         0         0         0         0         0         0         0         0         0         0 
dram[25]:         0         0         0         0         0         0         0         0         0         0         0         0         0         0         0         0 
dram[26]:         0         0         0         0         0         0         0         0         0         0         0         0         0         0         0         0 
dram[27]:         0         0         0         0         0         0         0         0         0         0         0         0         0         0         0         0 
dram[28]:         0         0         0         0         0         0         0         0         0         0         0         0         0         0         0         0 
dram[29]:         0         0         0         0         0         0         0         0         0         0         0         0         0         0         0         0 
dram[30]:         0         0         0         0         0         0         0         0         0         0         0         0         0         0         0         0 
dram[31]:         0         0         0         0         0         0         0         0         0         0         0         0         0         0         0         0 
dram[32]:         0         0         0         0         0         0         0         0         0         0         0         0         0         0         0         0 
dram[33]:         0         0         0         0         0         0         0         0         0         0         0         0         0         0         0         0 
dram[34]:         0         0         0         0         0         0         0         0         0         0         0         0         0         0         0         0 
dram[35]:         0         0         0         0         0         0         0         0         0         0         0         0         0         0         0         0 
dram[36]:         0         0         0         0         0         0         0         0         0         0         0         0         0         0         0         0 
dram[37]:         0         0         0         0         0         0         0         0         0         0         0         0         0         0         0         0 
dram[38]:         0         0         0         0         0         0         0         0         0         0         0         0         0         0         0         0 
dram[39]:         0         0         0         0         0         0         0         0         0         0         0         0         0         0         0         0 
total accesses: 0
min_bank_accesses = 0!
min_chip_accesses = 0!
number of total read accesses:
dram[0]:        60        56        52        52         0         0         0         0         0         0         0         0        36        32        72        72 
dram[1]:        56        60        48        48         0         0         0         0         0         0         0         0        36        36        68        68 
dram[2]:        56        56        52        52         0         0         0         0         0         0         0         0        32        36        72        72 
dram[3]:        60        56        48        48         0         0         0         0         0         0         0         0        36        32        68        68 
dram[4]:        56        60        48        48         0         0         0         0         0         0         0         0        32        36        72        72 
dram[5]:        56        56        48        52         0         0         0         0         0         0         0         0        32        32        68        72 
dram[6]:        60        60        52        48         0         0         0         0         0         0         0         0        32        32        72        68 
dram[7]:        56        56        48        52         0         0         0         0         0         0         0         0        32        32        72        72 
dram[8]:        60        60        48        48         0         0         0         0         0         0         0         0        36        36        68        72 
dram[9]:        56        56        52        48         0         0         0         0         0         0         0         0        32        32        72        68 
dram[10]:        68        72        40        40         0         0         4         4         0         0         0         0        44        44        56        56 
dram[11]:        72        68        44        44         0         0         0         4         0         0         0         0        44        44        60        60 
dram[12]:        72        72        40        40         0         0         4         0         0         0         0         0        44        44        56        56 
dram[13]:        68        72        40        40         0         0         0         1         0         0         0         0        40        44        60        60 
dram[14]:        72        68        36        36         0         0         4         0         0         0         0         0        44        40        56        56 
dram[15]:        72        72        44        40         0         0         0         0         0         0         0         0        44        44        60        56 
dram[16]:        68        68        40        44         0         0         0         0         0         0         0         0        44        44        56        60 
dram[17]:        72        72        36        40         0         0         0         0         0         0         0         0        44        44        56        56 
dram[18]:        68        68        40        36         0         0         0         0         0         0         0         0        40        40        60        56 
dram[19]:        72        72        40        40         0         0         0         0         0         0         0         0        44        44        56        60 
dram[20]:        68        72        40        40         0         0         0         0         0         0         0         0        40        44        56        56 
dram[21]:        72        68        44        44         0         0         0         0         0         0         0         0        40        40        60        60 
dram[22]:        72        72        40        40         0         0         0         0         0         0         0         0        44        40        56        56 
dram[23]:        68        72        40        40         0         0         0         0         0         0         0         0        40        44        60        60 
dram[24]:        72        68        40        40         0         0         0         0         0         0         0         0        44        40        56        56 
dram[25]:        72        72        44        40         0         0         0         0         0         0         0         0        44        44        60        56 
dram[26]:        68        68        40        44         0         0         0         0         0         0         0         0        44        44        56        60 
dram[27]:        72        72        44        40         0         0         0         0         0         0         0         0        44        44        56        56 
dram[28]:        68        68        44        44         0         0         0         0         0         0         0         0        40        40        60        56 
dram[29]:        72        72        40        44         0         0         0         0         0         0         0         0        44        44        56        60 
dram[30]:        60        56        48        48         0         0         0         0         0         0         0         0        32        32        72        72 
dram[31]:        56        60        44        44         0         0         0         0         0         0         0         0        32        32        68        68 
dram[32]:        56        56        48        48         0         0         0         0         0         0         0         0        32        32        72        72 
dram[33]:        60        56        48        48         0         0         0         0         0         0         0         0        36        32        68        68 
dram[34]:        56        60        52        52         0         0         0         0         0         0         0         0        32        36        72        72 
dram[35]:        56        56        44        48         0         0         0         0         0         0         0         0        32        32        68        72 
dram[36]:        60        60        48        44         0         0         0         0         0         0         0         0        36        36        72        68 
dram[37]:        56        56        52        48         0         0         0         0         0         0         0         0        36        36        72        72 
dram[38]:        60        60        48        52         0         0         0         0         0         0         0         0        40        40        68        72 
dram[39]:        56        56        48        48         0         0         0         0         0         0         0         0        36        36        72        68 
total dram reads = 16917
min_bank_accesses = 0!
chip skew: 440/404 = 1.09
number of total write accesses:
dram[0]:         0         0         0         0         0         0         0         0         0         0         0         0         0         0         0         0 
dram[1]:         0         0         0         0         0         0         0         0         0         0         0         0         0         0         0         0 
dram[2]:         0         0         0         0         0         0         0         0         0         0         0         0         0         0         0         0 
dram[3]:         0         0         0         0         0         0         0         0         0         0         0         0         0         0         0         0 
dram[4]:         0         0         0         0         0         0         0         0         0         0         0         0         0         0         0         0 
dram[5]:         0         0         0         0         0         0         0         0         0         0         0         0         0         0         0         0 
dram[6]:         0         0         0         0         0         0         0         0         0         0         0         0         0         0         0         0 
dram[7]:         0         0         0         0         0         0         0         0         0         0         0         0         0         0         0         0 
dram[8]:         0         0         0         0         0         0         0         0         0         0         0         0         0         0         0         0 
dram[9]:         0         0         0         0         0         0         0         0         0         0         0         0         0         0         0         0 
dram[10]:         0         0         0         0         0         0         0         0         0         0         0         0         0         0         0         0 
dram[11]:         0         0         0         0         0         0         0         0         0         0         0         0         0         0         0         0 
dram[12]:         0         0         0         0         0         0         0         0         0         0         0         0         0         0         0         0 
dram[13]:         0         0         0         0         0         0         0         0         0         0         0         0         0         0         0         0 
dram[14]:         0         0         0         0         0         0         0         0         0         0         0         0         0         0         0         0 
dram[15]:         0         0         0         0         0         0         0         0         0         0         0         0         0         0         0         0 
dram[16]:         0         0         0         0         0         0         0         0         0         0         0         0         0         0         0         0 
dram[17]:         0         0         0         0         0         0         0         0         0         0         0         0         0         0         0         0 
dram[18]:         0         0         0         0         0         0         0         0         0         0         0         0         0         0         0         0 
dram[19]:         0         0         0         0         0         0         0         0         0         0         0         0         0         0         0         0 
dram[20]:         0         0         0         0         0         0         0         0         0         0         0         0         0         0         0         0 
dram[21]:         0         0         0         0         0         0         0         0         0         0         0         0         0         0         0         0 
dram[22]:         0         0         0         0         0         0         0         0         0         0         0         0         0         0         0         0 
dram[23]:         0         0         0         0         0         0         0         0         0         0         0         0         0         0         0         0 
dram[24]:         0         0         0         0         0         0         0         0         0         0         0         0         0         0         0         0 
dram[25]:         0         0         0         0         0         0         0         0         0         0         0         0         0         0         0         0 
dram[26]:         0         0         0         0         0         0         0         0         0         0         0         0         0         0         0         0 
dram[27]:         0         0         0         0         0         0         0         0         0         0         0         0         0         0         0         0 
dram[28]:         0         0         0         0         0         0         0         0         0         0         0         0         0         0         0         0 
dram[29]:         0         0         0         0         0         0         0         0         0         0         0         0         0         0         0         0 
dram[30]:         0         0         0         0         0         0         0         0         0         0         0         0         0         0         0         0 
dram[31]:         0         0         0         0         0         0         0         0         0         0         0         0         0         0         0         0 
dram[32]:         0         0         0         0         0         0         0         0         0         0         0         0         0         0         0         0 
dram[33]:         0         0         0         0         0         0         0         0         0         0         0         0         0         0         0         0 
dram[34]:         0         0         0         0         0         0         0         0         0         0         0         0         0         0         0         0 
dram[35]:         0         0         0         0         0         0         0         0         0         0         0         0         0         0         0         0 
dram[36]:         0         0         0         0         0         0         0         0         0         0         0         0         0         0         0         0 
dram[37]:         0         0         0         0         0         0         0         0         0         0         0         0         0         0         0         0 
dram[38]:         0         0         0         0         0         0         0         0         0         0         0         0         0         0         0         0 
dram[39]:         0         0         0         0         0         0         0         0         0         0         0         0         0         0         0         0 
total dram writes = 0
min_bank_accesses = 0!
min_chip_accesses = 0!
average mf latency per bank:
dram[0]:        658       658       965       964    none      none      none      none      none      none      none      none         658       659       658       658
dram[1]:        659       658       999       988    none      none      none      none      none      none      none      none         659       659       658       658
dram[2]:        658       658       965       970    none      none      none      none      none      none      none      none         658       658       658       658
dram[3]:        658       658       989       989    none      none      none      none      none      none      none      none         658       658       658       658
dram[4]:        658       658       986       986    none      none      none      none      none      none      none      none         659       658       658       658
dram[5]:        658       658       991       965    none      none      none      none      none      none      none      none         659       658       659       658
dram[6]:        658       658       964       988    none      none      none      none      none      none      none      none         658       658       659       658
dram[7]:        658       658       991       961    none      none      none      none      none      none      none      none         658       658       658       658
dram[8]:        658       658       989       989    none      none      none      none      none      none      none      none         658       658       658       658
dram[9]:        658       658       972       997    none      none      none      none      none      none      none      none         658       658       658       658
dram[10]:        658       658      1063      1063    none      none       11436     11452    none      none      none      none         658       658       659       658
dram[11]:        659       658      1036      1024    none      none      none       11381    none      none      none      none         658       659       659       658
dram[12]:        658       658      1064      1070    none      none       18564    none      none      none      none      none         658       658       658       658
dram[13]:        659       658      1061      1061    none      none      none       41928    none      none      none      none         658       658       659       658
dram[14]:        658       658      1104      1103    none      none       11467    none      none      none      none      none         658       658       658       658
dram[15]:        658       658      1004      1039    none      none      none      none      none      none      none      none         658       658       658       658
dram[16]:        659       658      1037      1002    none      none      none      none      none      none      none      none         659       658       659       658
dram[17]:        658       658      1083      1034    none      none      none      none      none      none      none      none         658       658       658       658
dram[18]:        658       658      1038      1080    none      none      none      none      none      none      none      none         658       659       658       658
dram[19]:        658       658      1073      1073    none      none      none      none      none      none      none      none         658       658       658       658
dram[20]:        860       859       860       860    none      none      none      none      none      none      none      none         860       859       860       859
dram[21]:        860       859       860       859    none      none      none      none      none      none      none      none         860       860       860       860
dram[22]:        859       859       859       859    none      none      none      none      none      none      none      none         859       859       859       859
dram[23]:        860       859       860       859    none      none      none      none      none      none      none      none         860       859       860       859
dram[24]:        860       859       860       859    none      none      none      none      none      none      none      none         859       860       860       859
dram[25]:        859       860       859       859    none      none      none      none      none      none      none      none         859       859       860       860
dram[26]:        860       860       860       859    none      none      none      none      none      none      none      none         860       859       860       859
dram[27]:        859       859       859       859    none      none      none      none      none      none      none      none         859       859       859       859
dram[28]:        860       860       860       859    none      none      none      none      none      none      none      none         860       859       860       860
dram[29]:        859       859       860       859    none      none      none      none      none      none      none      none         859       859       859       859
dram[30]:        859       860       859       859    none      none      none      none      none      none      none      none         860       860       860       859
dram[31]:        860       860       860       859    none      none      none      none      none      none      none      none         860       860       860       859
dram[32]:        859       859       859       859    none      none      none      none      none      none      none      none         859       859       859       859
dram[33]:        859       860       859       860    none      none      none      none      none      none      none      none         859       859       860       859
dram[34]:        860       859       860       860    none      none      none      none      none      none      none      none         859       859       859       859
dram[35]:        860       859       860       859    none      none      none      none      none      none      none      none         860       859       859       859
dram[36]:        860       859       860       860    none      none      none      none      none      none      none      none         860       860       860       860
dram[37]:        859       859       859       859    none      none      none      none      none      none      none      none         860       859       859       859
dram[38]:        860       859       860       859    none      none      none      none      none      none      none      none         860       859       860       859
dram[39]:        860       859       860       859    none      none      none      none      none      none      none      none         859       860       859       859
maximum mf latency per bank:
dram[0]:        662       662       663       662       367       368       372       372       363       362         0         0       662       662       663       662
dram[1]:        663       662       662       661       372       366       372       370       361       360         0         0       662       662       662       662
dram[2]:        662       662       662       662       372       372       369       372       363       358         0         0       661       662       662       661
dram[3]:        663       662       662       662       371       372       367       366       361       362         0         0       663       663       663       663
dram[4]:        662       662       663       661       372       372       372       372       372       372         0         0       663       662       663       662
dram[5]:        662       662       662       662       372       372       372       372       372       372         0         0       663       662       663       663
dram[6]:        663       661       662       662       372       370       372       370       371       370         0         0       662       662       663       662
dram[7]:        662       662       662       662       372       372       372       372       372       368         0         0       662       662       662       662
dram[8]:        663       662       663       662       371       372       371       372       371       372         0         0       662       663       663       662
dram[9]:        663       662       663       661       372       372       372       372       369       370         0         0       663       662       663       662
dram[10]:        662       662       662       662       372       372       577       583       363       362         0         0       663       662       663       662
dram[11]:        663       662       663       662       372       370       361       581       372       360         0         0       663       662       663       662
dram[12]:        662       662       662       662       369       372       529       358       359       372         0         0       662       663       662       662
dram[13]:        662       662       663       662       367       366       361       529       357       356         0         0       662       662       663       662
dram[14]:        662       662       662       662       365       364       574       372       372       372         0         0       663       662       662       662
dram[15]:        662       662       662       663       372       372       372       372       372       372         0         0       662       662       663       662
dram[16]:        663       662       663       662       371       370       371       370       371       370         0         0       663       662       663       662
dram[17]:        662       662       662       661       372       368       372       368       372       368         0         0       661       662       662       662
dram[18]:        663       662       662       662       371       372       371       372       371       372         0         0       662       662       663       662
dram[19]:        662       662       663       662       369       370       369       370       369       370         0         0       663       662       661       662
dram[20]:        863       863       863       863         0         0         0         0         0         0         0         0       864       863       863       862
dram[21]:        864       863       864       863         0         0         0         0         0         0         0         0       864       863       864       863
dram[22]:        863       863       863       863         0         0         0         0         0         0         0         0       863       863       863       863
dram[23]:        864       863       864       863         0         0         0         0         0         0         0         0       863       864       864       863
dram[24]:        863       863       864       862         0         0         0         0         0         0         0         0       863       863       864       863
dram[25]:        864       863       863       863         0         0         0         0         0         0         0         0       863       863       864       863
dram[26]:        864       863       864       863         0         0         0         0         0         0         0         0       864       863       863       863
dram[27]:        863       863       863       862         0         0         0         0         0         0         0         0       863       863       863       863
dram[28]:        864       864       864       863         0         0         0         0         0         0         0         0       864       863       863       863
dram[29]:        864       863       864       863         0         0         0         0         0         0         0         0       864       863       864       864
dram[30]:        864       863       864       863         0         0         0         0         0         0         0         0       864       863       864       863
dram[31]:        864       863       864       862         0         0         0         0         0         0         0         0       864       863       864       863
dram[32]:        863       862       863       862         0         0         0         0         0         0         0         0       863       863       863       863
dram[33]:        864       864       863       863         0         0         0         0         0         0         0         0       863       863       864       863
dram[34]:        864       863       864       863         0         0         0         0         0         0         0         0       863       863       864       863
dram[35]:        863       863       864       863         0         0         0         0         0         0         0         0       864       863       863       863
dram[36]:        864       863       864       863         0         0         0         0         0         0         0         0       863       863       864       863
dram[37]:        863       863       863       863         0         0         0         0         0         0         0         0       863       862       863       863
dram[38]:        864       863       863       863         0         0         0         0         0         0         0         0       864       863       864       863
dram[39]:        864       863       863       862         0         0         0         0         0         0         0         0       863       863       863       863
LRC stats:
LRC_subpartition_num_lrc_to_l2_sectors.sum = 16961
LRC_subpartition_num_icnt_to_lrc_sectors.sum = 17056
Number of LRC to L2 sectors: 16961
Number of ICNT to LRC sectors: 17056
Number of LRC to L2 bytes: 542752
Number of ICNT to LRC bytes: 545792
LRC compression ratio: 1.005601
LRC_subpartition_l2_stall_due_to_lrc_full.sum = 0
Inter-chiplet stats:
interchip_read_requests = 8448
interchip_write_requests = 17160
Total inter-chiplet requests: 25608
Memory Partition 0: 
Cache L2_bank_000:
MSHR contents

Cache L2_bank_001:
MSHR contents

In Dram Latency Queue (total = 0): 
DRAM[0]: 16 bks, busW=8 BL=4 CL=19, tRRD=6 tCCD=1, tRCD=19 tRAS=45 tRP=19 tRC=50
n_cmd=0 n_nop=0 n_act=0 n_pre=0 n_ref_event=0 n_req=0 n_rd=0 n_rd_L2_A=0 n_write=0 n_wr_bk=0 bw_util=-nan
n_activity=0 dram_eff=-nan
bk0: 0a 0i bk1: 0a 0i bk2: 0a 0i bk3: 0a 0i bk4: 0a 0i bk5: 0a 0i bk6: 0a 0i bk7: 0a 0i bk8: 0a 0i bk9: 0a 0i bk10: 0a 0i bk11: 0a 0i bk12: 0a 0i bk13: 0a 0i bk14: 0a 0i bk15: 0a 0i 

------------------------------------------------------------------------

Row_Buffer_Locality = -nan
Row_Buffer_Locality_read = -nan
Row_Buffer_Locality_write = -nan
Bank_Level_Parallism = -nan
Bank_Level_Parallism_Col = -nan
Bank_Level_Parallism_Ready = -nan
write_to_read_ratio_blp_rw_average = -nan
GrpLevelPara = -nan 

BW Util details:
bwutil = -nan 
total_CMD = 0 
util_bw = 0 
Wasted_Col = 0 
Wasted_Row = 0 
Idle = 0 

BW Util Bottlenecks: 
RCDc_limit = 0 
RCDWRc_limit = 0 
WTRc_limit = 0 
RTWc_limit = 0 
CCDLc_limit = 0 
rwq = 0 
CCDLc_limit_alone = 0 
WTRc_limit_alone = 0 
RTWc_limit_alone = 0 

Commands details: 
total_CMD = 0 
n_nop = 0 
Read = 0 
Write = 0 
L2_Alloc = 0 
L2_WB = 0 
n_act = 0 
n_pre = 0 
n_ref = 0 
n_req = 0 
total_req = 0 

Dual Bus Interface Util: 
issued_total_row = 0 
issued_total_col = 0 
Row_Bus_Util =  -nan 
CoL_Bus_Util = -nan 
Either_Row_CoL_Bus_Util = -nan 
Issued_on_Two_Bus_Simul_Util = -nan 
issued_two_Eff = -nan 
queue_avg = -nan 


dram_util_bins: 0 0 0 0 0 0 0 0 0 0
dram_eff_bins: 0 0 0 0 0 0 0 0 0 0
mrqq: max=0 avg=-nan
Memory Partition 1: 
Cache L2_bank_002:
MSHR contents

Cache L2_bank_003:
MSHR contents

In Dram Latency Queue (total = 0): 
DRAM[1]: 16 bks, busW=8 BL=4 CL=19, tRRD=6 tCCD=1, tRCD=19 tRAS=45 tRP=19 tRC=50
n_cmd=0 n_nop=0 n_act=0 n_pre=0 n_ref_event=0 n_req=0 n_rd=0 n_rd_L2_A=0 n_write=0 n_wr_bk=0 bw_util=-nan
n_activity=0 dram_eff=-nan
bk0: 0a 0i bk1: 0a 0i bk2: 0a 0i bk3: 0a 0i bk4: 0a 0i bk5: 0a 0i bk6: 0a 0i bk7: 0a 0i bk8: 0a 0i bk9: 0a 0i bk10: 0a 0i bk11: 0a 0i bk12: 0a 0i bk13: 0a 0i bk14: 0a 0i bk15: 0a 0i 

------------------------------------------------------------------------

Row_Buffer_Locality = -nan
Row_Buffer_Locality_read = -nan
Row_Buffer_Locality_write = -nan
Bank_Level_Parallism = -nan
Bank_Level_Parallism_Col = -nan
Bank_Level_Parallism_Ready = -nan
write_to_read_ratio_blp_rw_average = -nan
GrpLevelPara = -nan 

BW Util details:
bwutil = -nan 
total_CMD = 0 
util_bw = 0 
Wasted_Col = 0 
Wasted_Row = 0 
Idle = 0 

BW Util Bottlenecks: 
RCDc_limit = 0 
RCDWRc_limit = 0 
WTRc_limit = 0 
RTWc_limit = 0 
CCDLc_limit = 0 
rwq = 0 
CCDLc_limit_alone = 0 
WTRc_limit_alone = 0 
RTWc_limit_alone = 0 

Commands details: 
total_CMD = 0 
n_nop = 0 
Read = 0 
Write = 0 
L2_Alloc = 0 
L2_WB = 0 
n_act = 0 
n_pre = 0 
n_ref = 0 
n_req = 0 
total_req = 0 

Dual Bus Interface Util: 
issued_total_row = 0 
issued_total_col = 0 
Row_Bus_Util =  -nan 
CoL_Bus_Util = -nan 
Either_Row_CoL_Bus_Util = -nan 
Issued_on_Two_Bus_Simul_Util = -nan 
issued_two_Eff = -nan 
queue_avg = -nan 


dram_util_bins: 0 0 0 0 0 0 0 0 0 0
dram_eff_bins: 0 0 0 0 0 0 0 0 0 0
mrqq: max=0 avg=-nan
Memory Partition 2: 
Cache L2_bank_004:
MSHR contents

Cache L2_bank_005:
MSHR contents

In Dram Latency Queue (total = 0): 
DRAM[2]: 16 bks, busW=8 BL=4 CL=19, tRRD=6 tCCD=1, tRCD=19 tRAS=45 tRP=19 tRC=50
n_cmd=0 n_nop=0 n_act=0 n_pre=0 n_ref_event=0 n_req=0 n_rd=0 n_rd_L2_A=0 n_write=0 n_wr_bk=0 bw_util=-nan
n_activity=0 dram_eff=-nan
bk0: 0a 0i bk1: 0a 0i bk2: 0a 0i bk3: 0a 0i bk4: 0a 0i bk5: 0a 0i bk6: 0a 0i bk7: 0a 0i bk8: 0a 0i bk9: 0a 0i bk10: 0a 0i bk11: 0a 0i bk12: 0a 0i bk13: 0a 0i bk14: 0a 0i bk15: 0a 0i 

------------------------------------------------------------------------

Row_Buffer_Locality = -nan
Row_Buffer_Locality_read = -nan
Row_Buffer_Locality_write = -nan
Bank_Level_Parallism = -nan
Bank_Level_Parallism_Col = -nan
Bank_Level_Parallism_Ready = -nan
write_to_read_ratio_blp_rw_average = -nan
GrpLevelPara = -nan 

BW Util details:
bwutil = -nan 
total_CMD = 0 
util_bw = 0 
Wasted_Col = 0 
Wasted_Row = 0 
Idle = 0 

BW Util Bottlenecks: 
RCDc_limit = 0 
RCDWRc_limit = 0 
WTRc_limit = 0 
RTWc_limit = 0 
CCDLc_limit = 0 
rwq = 0 
CCDLc_limit_alone = 0 
WTRc_limit_alone = 0 
RTWc_limit_alone = 0 

Commands details: 
total_CMD = 0 
n_nop = 0 
Read = 0 
Write = 0 
L2_Alloc = 0 
L2_WB = 0 
n_act = 0 
n_pre = 0 
n_ref = 0 
n_req = 0 
total_req = 0 

Dual Bus Interface Util: 
issued_total_row = 0 
issued_total_col = 0 
Row_Bus_Util =  -nan 
CoL_Bus_Util = -nan 
Either_Row_CoL_Bus_Util = -nan 
Issued_on_Two_Bus_Simul_Util = -nan 
issued_two_Eff = -nan 
queue_avg = -nan 


dram_util_bins: 0 0 0 0 0 0 0 0 0 0
dram_eff_bins: 0 0 0 0 0 0 0 0 0 0
mrqq: max=0 avg=-nan
Memory Partition 3: 
Cache L2_bank_006:
MSHR contents

Cache L2_bank_007:
MSHR contents

In Dram Latency Queue (total = 0): 
DRAM[3]: 16 bks, busW=8 BL=4 CL=19, tRRD=6 tCCD=1, tRCD=19 tRAS=45 tRP=19 tRC=50
n_cmd=0 n_nop=0 n_act=0 n_pre=0 n_ref_event=94384030223760 n_req=0 n_rd=0 n_rd_L2_A=0 n_write=0 n_wr_bk=0 bw_util=-nan
n_activity=0 dram_eff=-nan
bk0: 0a 0i bk1: 0a 0i bk2: 0a 0i bk3: 0a 0i bk4: 0a 0i bk5: 0a 0i bk6: 0a 0i bk7: 0a 0i bk8: 0a 0i bk9: 0a 0i bk10: 0a 0i bk11: 0a 0i bk12: 0a 0i bk13: 0a 0i bk14: 0a 0i bk15: 0a 0i 

------------------------------------------------------------------------

Row_Buffer_Locality = -nan
Row_Buffer_Locality_read = -nan
Row_Buffer_Locality_write = -nan
Bank_Level_Parallism = -nan
Bank_Level_Parallism_Col = inf
Bank_Level_Parallism_Ready = -nan
write_to_read_ratio_blp_rw_average = -nan
GrpLevelPara = -nan 

BW Util details:
bwutil = -nan 
total_CMD = 0 
util_bw = 0 
Wasted_Col = 0 
Wasted_Row = 0 
Idle = 0 

BW Util Bottlenecks: 
RCDc_limit = 0 
RCDWRc_limit = 0 
WTRc_limit = 0 
RTWc_limit = 0 
CCDLc_limit = 0 
rwq = 0 
CCDLc_limit_alone = 0 
WTRc_limit_alone = 0 
RTWc_limit_alone = 0 

Commands details: 
total_CMD = 0 
n_nop = 0 
Read = 0 
Write = 0 
L2_Alloc = 0 
L2_WB = 0 
n_act = 0 
n_pre = 0 
n_ref = 94384030223760 
n_req = 0 
total_req = 0 

Dual Bus Interface Util: 
issued_total_row = 0 
issued_total_col = 0 
Row_Bus_Util =  -nan 
CoL_Bus_Util = -nan 
Either_Row_CoL_Bus_Util = -nan 
Issued_on_Two_Bus_Simul_Util = -nan 
issued_two_Eff = -nan 
queue_avg = -nan 


dram_util_bins: 0 0 0 0 0 0 0 0 0 0
dram_eff_bins: 0 0 0 0 0 0 0 0 0 0
mrqq: max=0 avg=-nan
Memory Partition 4: 
Cache L2_bank_008:
MSHR contents

Cache L2_bank_009:
MSHR contents

In Dram Latency Queue (total = 0): 
DRAM[4]: 16 bks, busW=8 BL=4 CL=19, tRRD=6 tCCD=1, tRCD=19 tRAS=45 tRP=19 tRC=50
n_cmd=0 n_nop=0 n_act=0 n_pre=0 n_ref_event=0 n_req=0 n_rd=0 n_rd_L2_A=0 n_write=0 n_wr_bk=0 bw_util=-nan
n_activity=0 dram_eff=-nan
bk0: 0a 0i bk1: 0a 0i bk2: 0a 0i bk3: 0a 0i bk4: 0a 0i bk5: 0a 0i bk6: 0a 0i bk7: 0a 0i bk8: 0a 0i bk9: 0a 0i bk10: 0a 0i bk11: 0a 0i bk12: 0a 0i bk13: 0a 0i bk14: 0a 0i bk15: 0a 0i 

------------------------------------------------------------------------

Row_Buffer_Locality = -nan
Row_Buffer_Locality_read = -nan
Row_Buffer_Locality_write = -nan
Bank_Level_Parallism = -nan
Bank_Level_Parallism_Col = -nan
Bank_Level_Parallism_Ready = -nan
write_to_read_ratio_blp_rw_average = -nan
GrpLevelPara = -nan 

BW Util details:
bwutil = -nan 
total_CMD = 0 
util_bw = 0 
Wasted_Col = 0 
Wasted_Row = 0 
Idle = 0 

BW Util Bottlenecks: 
RCDc_limit = 0 
RCDWRc_limit = 0 
WTRc_limit = 0 
RTWc_limit = 0 
CCDLc_limit = 0 
rwq = 0 
CCDLc_limit_alone = 0 
WTRc_limit_alone = 0 
RTWc_limit_alone = 0 

Commands details: 
total_CMD = 0 
n_nop = 0 
Read = 0 
Write = 0 
L2_Alloc = 0 
L2_WB = 0 
n_act = 0 
n_pre = 0 
n_ref = 0 
n_req = 0 
total_req = 0 

Dual Bus Interface Util: 
issued_total_row = 0 
issued_total_col = 0 
Row_Bus_Util =  -nan 
CoL_Bus_Util = -nan 
Either_Row_CoL_Bus_Util = -nan 
Issued_on_Two_Bus_Simul_Util = -nan 
issued_two_Eff = -nan 
queue_avg = -nan 


dram_util_bins: 0 0 0 0 0 0 0 0 0 0
dram_eff_bins: 0 0 0 0 0 0 0 0 0 0
mrqq: max=0 avg=-nan
Memory Partition 5: 
Cache L2_bank_010:
MSHR contents

Cache L2_bank_011:
MSHR contents

In Dram Latency Queue (total = 0): 
DRAM[5]: 16 bks, busW=8 BL=4 CL=19, tRRD=6 tCCD=1, tRCD=19 tRAS=45 tRP=19 tRC=50
n_cmd=0 n_nop=0 n_act=0 n_pre=0 n_ref_event=0 n_req=0 n_rd=0 n_rd_L2_A=0 n_write=0 n_wr_bk=0 bw_util=-nan
n_activity=0 dram_eff=-nan
bk0: 0a 0i bk1: 0a 0i bk2: 0a 0i bk3: 0a 0i bk4: 0a 0i bk5: 0a 0i bk6: 0a 0i bk7: 0a 0i bk8: 0a 0i bk9: 0a 0i bk10: 0a 0i bk11: 0a 0i bk12: 0a 0i bk13: 0a 0i bk14: 0a 0i bk15: 0a 0i 

------------------------------------------------------------------------

Row_Buffer_Locality = -nan
Row_Buffer_Locality_read = -nan
Row_Buffer_Locality_write = -nan
Bank_Level_Parallism = -nan
Bank_Level_Parallism_Col = -nan
Bank_Level_Parallism_Ready = -nan
write_to_read_ratio_blp_rw_average = -nan
GrpLevelPara = -nan 

BW Util details:
bwutil = -nan 
total_CMD = 0 
util_bw = 0 
Wasted_Col = 0 
Wasted_Row = 0 
Idle = 0 

BW Util Bottlenecks: 
RCDc_limit = 0 
RCDWRc_limit = 0 
WTRc_limit = 0 
RTWc_limit = 0 
CCDLc_limit = 0 
rwq = 0 
CCDLc_limit_alone = 0 
WTRc_limit_alone = 0 
RTWc_limit_alone = 0 

Commands details: 
total_CMD = 0 
n_nop = 0 
Read = 0 
Write = 0 
L2_Alloc = 0 
L2_WB = 0 
n_act = 0 
n_pre = 0 
n_ref = 0 
n_req = 0 
total_req = 0 

Dual Bus Interface Util: 
issued_total_row = 0 
issued_total_col = 0 
Row_Bus_Util =  -nan 
CoL_Bus_Util = -nan 
Either_Row_CoL_Bus_Util = -nan 
Issued_on_Two_Bus_Simul_Util = -nan 
issued_two_Eff = -nan 
queue_avg = -nan 


dram_util_bins: 0 0 0 0 0 0 0 0 0 0
dram_eff_bins: 0 0 0 0 0 0 0 0 0 0
mrqq: max=0 avg=-nan
Memory Partition 6: 
Cache L2_bank_012:
MSHR contents

Cache L2_bank_013:
MSHR contents

In Dram Latency Queue (total = 0): 
DRAM[6]: 16 bks, busW=8 BL=4 CL=19, tRRD=6 tCCD=1, tRCD=19 tRAS=45 tRP=19 tRC=50
n_cmd=0 n_nop=0 n_act=0 n_pre=0 n_ref_event=0 n_req=0 n_rd=0 n_rd_L2_A=0 n_write=0 n_wr_bk=0 bw_util=-nan
n_activity=0 dram_eff=-nan
bk0: 0a 0i bk1: 0a 0i bk2: 0a 0i bk3: 0a 0i bk4: 0a 0i bk5: 0a 0i bk6: 0a 0i bk7: 0a 0i bk8: 0a 0i bk9: 0a 0i bk10: 0a 0i bk11: 0a 0i bk12: 0a 0i bk13: 0a 0i bk14: 0a 0i bk15: 0a 0i 

------------------------------------------------------------------------

Row_Buffer_Locality = -nan
Row_Buffer_Locality_read = -nan
Row_Buffer_Locality_write = -nan
Bank_Level_Parallism = -nan
Bank_Level_Parallism_Col = -nan
Bank_Level_Parallism_Ready = -nan
write_to_read_ratio_blp_rw_average = -nan
GrpLevelPara = -nan 

BW Util details:
bwutil = -nan 
total_CMD = 0 
util_bw = 0 
Wasted_Col = 0 
Wasted_Row = 0 
Idle = 0 

BW Util Bottlenecks: 
RCDc_limit = 0 
RCDWRc_limit = 0 
WTRc_limit = 0 
RTWc_limit = 0 
CCDLc_limit = 0 
rwq = 0 
CCDLc_limit_alone = 0 
WTRc_limit_alone = 0 
RTWc_limit_alone = 0 

Commands details: 
total_CMD = 0 
n_nop = 0 
Read = 0 
Write = 0 
L2_Alloc = 0 
L2_WB = 0 
n_act = 0 
n_pre = 0 
n_ref = 0 
n_req = 0 
total_req = 0 

Dual Bus Interface Util: 
issued_total_row = 0 
issued_total_col = 0 
Row_Bus_Util =  -nan 
CoL_Bus_Util = -nan 
Either_Row_CoL_Bus_Util = -nan 
Issued_on_Two_Bus_Simul_Util = -nan 
issued_two_Eff = -nan 
queue_avg = -nan 


dram_util_bins: 0 0 0 0 0 0 0 0 0 0
dram_eff_bins: 0 0 0 0 0 0 0 0 0 0
mrqq: max=0 avg=-nan
Memory Partition 7: 
Cache L2_bank_014:
MSHR contents

Cache L2_bank_015:
MSHR contents

In Dram Latency Queue (total = 0): 
DRAM[7]: 16 bks, busW=8 BL=4 CL=19, tRRD=6 tCCD=1, tRCD=19 tRAS=45 tRP=19 tRC=50
n_cmd=0 n_nop=0 n_act=0 n_pre=0 n_ref_event=0 n_req=0 n_rd=0 n_rd_L2_A=0 n_write=0 n_wr_bk=0 bw_util=-nan
n_activity=0 dram_eff=-nan
bk0: 0a 0i bk1: 0a 0i bk2: 0a 0i bk3: 0a 0i bk4: 0a 0i bk5: 0a 0i bk6: 0a 0i bk7: 0a 0i bk8: 0a 0i bk9: 0a 0i bk10: 0a 0i bk11: 0a 0i bk12: 0a 0i bk13: 0a 0i bk14: 0a 0i bk15: 0a 0i 

------------------------------------------------------------------------

Row_Buffer_Locality = -nan
Row_Buffer_Locality_read = -nan
Row_Buffer_Locality_write = -nan
Bank_Level_Parallism = -nan
Bank_Level_Parallism_Col = -nan
Bank_Level_Parallism_Ready = -nan
write_to_read_ratio_blp_rw_average = -nan
GrpLevelPara = -nan 

BW Util details:
bwutil = -nan 
total_CMD = 0 
util_bw = 0 
Wasted_Col = 0 
Wasted_Row = 0 
Idle = 0 

BW Util Bottlenecks: 
RCDc_limit = 0 
RCDWRc_limit = 0 
WTRc_limit = 0 
RTWc_limit = 0 
CCDLc_limit = 0 
rwq = 0 
CCDLc_limit_alone = 0 
WTRc_limit_alone = 0 
RTWc_limit_alone = 0 

Commands details: 
total_CMD = 0 
n_nop = 0 
Read = 0 
Write = 0 
L2_Alloc = 0 
L2_WB = 0 
n_act = 0 
n_pre = 0 
n_ref = 0 
n_req = 0 
total_req = 0 

Dual Bus Interface Util: 
issued_total_row = 0 
issued_total_col = 0 
Row_Bus_Util =  -nan 
CoL_Bus_Util = -nan 
Either_Row_CoL_Bus_Util = -nan 
Issued_on_Two_Bus_Simul_Util = -nan 
issued_two_Eff = -nan 
queue_avg = -nan 


dram_util_bins: 0 0 0 0 0 0 0 0 0 0
dram_eff_bins: 0 0 0 0 0 0 0 0 0 0
mrqq: max=0 avg=-nan
Memory Partition 8: 
Cache L2_bank_016:
MSHR contents

Cache L2_bank_017:
MSHR contents

In Dram Latency Queue (total = 0): 
DRAM[8]: 16 bks, busW=8 BL=4 CL=19, tRRD=6 tCCD=1, tRCD=19 tRAS=45 tRP=19 tRC=50
n_cmd=0 n_nop=0 n_act=0 n_pre=0 n_ref_event=0 n_req=0 n_rd=0 n_rd_L2_A=0 n_write=0 n_wr_bk=0 bw_util=-nan
n_activity=0 dram_eff=-nan
bk0: 0a 0i bk1: 0a 0i bk2: 0a 0i bk3: 0a 0i bk4: 0a 0i bk5: 0a 0i bk6: 0a 0i bk7: 0a 0i bk8: 0a 0i bk9: 0a 0i bk10: 0a 0i bk11: 0a 0i bk12: 0a 0i bk13: 0a 0i bk14: 0a 0i bk15: 0a 0i 

------------------------------------------------------------------------

Row_Buffer_Locality = -nan
Row_Buffer_Locality_read = -nan
Row_Buffer_Locality_write = -nan
Bank_Level_Parallism = -nan
Bank_Level_Parallism_Col = -nan
Bank_Level_Parallism_Ready = -nan
write_to_read_ratio_blp_rw_average = -nan
GrpLevelPara = -nan 

BW Util details:
bwutil = -nan 
total_CMD = 0 
util_bw = 0 
Wasted_Col = 0 
Wasted_Row = 0 
Idle = 0 

BW Util Bottlenecks: 
RCDc_limit = 0 
RCDWRc_limit = 0 
WTRc_limit = 0 
RTWc_limit = 0 
CCDLc_limit = 0 
rwq = 0 
CCDLc_limit_alone = 0 
WTRc_limit_alone = 0 
RTWc_limit_alone = 0 

Commands details: 
total_CMD = 0 
n_nop = 0 
Read = 0 
Write = 0 
L2_Alloc = 0 
L2_WB = 0 
n_act = 0 
n_pre = 0 
n_ref = 0 
n_req = 0 
total_req = 0 

Dual Bus Interface Util: 
issued_total_row = 0 
issued_total_col = 0 
Row_Bus_Util =  -nan 
CoL_Bus_Util = -nan 
Either_Row_CoL_Bus_Util = -nan 
Issued_on_Two_Bus_Simul_Util = -nan 
issued_two_Eff = -nan 
queue_avg = -nan 


dram_util_bins: 0 0 0 0 0 0 0 0 0 0
dram_eff_bins: 0 0 0 0 0 0 0 0 0 0
mrqq: max=0 avg=-nan
Memory Partition 9: 
Cache L2_bank_018:
MSHR contents

Cache L2_bank_019:
MSHR contents

In Dram Latency Queue (total = 0): 
DRAM[9]: 16 bks, busW=8 BL=4 CL=19, tRRD=6 tCCD=1, tRCD=19 tRAS=45 tRP=19 tRC=50
n_cmd=0 n_nop=0 n_act=0 n_pre=0 n_ref_event=0 n_req=0 n_rd=0 n_rd_L2_A=0 n_write=0 n_wr_bk=0 bw_util=-nan
n_activity=0 dram_eff=-nan
bk0: 0a 0i bk1: 0a 0i bk2: 0a 0i bk3: 0a 0i bk4: 0a 0i bk5: 0a 0i bk6: 0a 0i bk7: 0a 0i bk8: 0a 0i bk9: 0a 0i bk10: 0a 0i bk11: 0a 0i bk12: 0a 0i bk13: 0a 0i bk14: 0a 0i bk15: 0a 0i 

------------------------------------------------------------------------

Row_Buffer_Locality = -nan
Row_Buffer_Locality_read = -nan
Row_Buffer_Locality_write = -nan
Bank_Level_Parallism = -nan
Bank_Level_Parallism_Col = -nan
Bank_Level_Parallism_Ready = -nan
write_to_read_ratio_blp_rw_average = -nan
GrpLevelPara = -nan 

BW Util details:
bwutil = -nan 
total_CMD = 0 
util_bw = 0 
Wasted_Col = 0 
Wasted_Row = 0 
Idle = 0 

BW Util Bottlenecks: 
RCDc_limit = 0 
RCDWRc_limit = 0 
WTRc_limit = 0 
RTWc_limit = 0 
CCDLc_limit = 0 
rwq = 0 
CCDLc_limit_alone = 0 
WTRc_limit_alone = 0 
RTWc_limit_alone = 0 

Commands details: 
total_CMD = 0 
n_nop = 0 
Read = 0 
Write = 0 
L2_Alloc = 0 
L2_WB = 0 
n_act = 0 
n_pre = 0 
n_ref = 0 
n_req = 0 
total_req = 0 

Dual Bus Interface Util: 
issued_total_row = 0 
issued_total_col = 0 
Row_Bus_Util =  -nan 
CoL_Bus_Util = -nan 
Either_Row_CoL_Bus_Util = -nan 
Issued_on_Two_Bus_Simul_Util = -nan 
issued_two_Eff = -nan 
queue_avg = -nan 


dram_util_bins: 0 0 0 0 0 0 0 0 0 0
dram_eff_bins: 0 0 0 0 0 0 0 0 0 0
mrqq: max=0 avg=-nan
Memory Partition 10: 
Cache L2_bank_020:
MSHR contents

Cache L2_bank_021:
MSHR contents

In Dram Latency Queue (total = 0): 
DRAM[10]: 16 bks, busW=8 BL=4 CL=19, tRRD=6 tCCD=1, tRCD=19 tRAS=45 tRP=19 tRC=50
n_cmd=0 n_nop=0 n_act=0 n_pre=0 n_ref_event=0 n_req=0 n_rd=0 n_rd_L2_A=0 n_write=0 n_wr_bk=0 bw_util=-nan
n_activity=0 dram_eff=-nan
bk0: 0a 0i bk1: 0a 0i bk2: 0a 0i bk3: 0a 0i bk4: 0a 0i bk5: 0a 0i bk6: 0a 0i bk7: 0a 0i bk8: 0a 0i bk9: 0a 0i bk10: 0a 0i bk11: 0a 0i bk12: 0a 0i bk13: 0a 0i bk14: 0a 0i bk15: 0a 0i 

------------------------------------------------------------------------

Row_Buffer_Locality = -nan
Row_Buffer_Locality_read = -nan
Row_Buffer_Locality_write = -nan
Bank_Level_Parallism = -nan
Bank_Level_Parallism_Col = -nan
Bank_Level_Parallism_Ready = -nan
write_to_read_ratio_blp_rw_average = -nan
GrpLevelPara = -nan 

BW Util details:
bwutil = -nan 
total_CMD = 0 
util_bw = 0 
Wasted_Col = 0 
Wasted_Row = 0 
Idle = 0 

BW Util Bottlenecks: 
RCDc_limit = 0 
RCDWRc_limit = 0 
WTRc_limit = 0 
RTWc_limit = 0 
CCDLc_limit = 0 
rwq = 0 
CCDLc_limit_alone = 0 
WTRc_limit_alone = 0 
RTWc_limit_alone = 0 

Commands details: 
total_CMD = 0 
n_nop = 0 
Read = 0 
Write = 0 
L2_Alloc = 0 
L2_WB = 0 
n_act = 0 
n_pre = 0 
n_ref = 0 
n_req = 0 
total_req = 0 

Dual Bus Interface Util: 
issued_total_row = 0 
issued_total_col = 0 
Row_Bus_Util =  -nan 
CoL_Bus_Util = -nan 
Either_Row_CoL_Bus_Util = -nan 
Issued_on_Two_Bus_Simul_Util = -nan 
issued_two_Eff = -nan 
queue_avg = -nan 


dram_util_bins: 0 0 0 0 0 0 0 0 0 0
dram_eff_bins: 0 0 0 0 0 0 0 0 0 0
mrqq: max=0 avg=-nan
Memory Partition 11: 
Cache L2_bank_022:
MSHR contents

Cache L2_bank_023:
MSHR contents

In Dram Latency Queue (total = 0): 
DRAM[11]: 16 bks, busW=8 BL=4 CL=19, tRRD=6 tCCD=1, tRCD=19 tRAS=45 tRP=19 tRC=50
n_cmd=0 n_nop=0 n_act=0 n_pre=0 n_ref_event=0 n_req=0 n_rd=0 n_rd_L2_A=0 n_write=0 n_wr_bk=0 bw_util=-nan
n_activity=0 dram_eff=-nan
bk0: 0a 0i bk1: 0a 0i bk2: 0a 0i bk3: 0a 0i bk4: 0a 0i bk5: 0a 0i bk6: 0a 0i bk7: 0a 0i bk8: 0a 0i bk9: 0a 0i bk10: 0a 0i bk11: 0a 0i bk12: 0a 0i bk13: 0a 0i bk14: 0a 0i bk15: 0a 0i 

------------------------------------------------------------------------

Row_Buffer_Locality = -nan
Row_Buffer_Locality_read = -nan
Row_Buffer_Locality_write = -nan
Bank_Level_Parallism = -nan
Bank_Level_Parallism_Col = -nan
Bank_Level_Parallism_Ready = -nan
write_to_read_ratio_blp_rw_average = -nan
GrpLevelPara = -nan 

BW Util details:
bwutil = -nan 
total_CMD = 0 
util_bw = 0 
Wasted_Col = 0 
Wasted_Row = 0 
Idle = 0 

BW Util Bottlenecks: 
RCDc_limit = 0 
RCDWRc_limit = 0 
WTRc_limit = 0 
RTWc_limit = 0 
CCDLc_limit = 0 
rwq = 0 
CCDLc_limit_alone = 0 
WTRc_limit_alone = 0 
RTWc_limit_alone = 0 

Commands details: 
total_CMD = 0 
n_nop = 0 
Read = 0 
Write = 0 
L2_Alloc = 0 
L2_WB = 0 
n_act = 0 
n_pre = 0 
n_ref = 0 
n_req = 0 
total_req = 0 

Dual Bus Interface Util: 
issued_total_row = 0 
issued_total_col = 0 
Row_Bus_Util =  -nan 
CoL_Bus_Util = -nan 
Either_Row_CoL_Bus_Util = -nan 
Issued_on_Two_Bus_Simul_Util = -nan 
issued_two_Eff = -nan 
queue_avg = -nan 


dram_util_bins: 0 0 0 0 0 0 0 0 0 0
dram_eff_bins: 0 0 0 0 0 0 0 0 0 0
mrqq: max=0 avg=-nan
Memory Partition 12: 
Cache L2_bank_024:
MSHR contents

Cache L2_bank_025:
MSHR contents

In Dram Latency Queue (total = 0): 
DRAM[12]: 16 bks, busW=8 BL=4 CL=19, tRRD=6 tCCD=1, tRCD=19 tRAS=45 tRP=19 tRC=50
n_cmd=0 n_nop=0 n_act=0 n_pre=0 n_ref_event=0 n_req=0 n_rd=0 n_rd_L2_A=0 n_write=0 n_wr_bk=0 bw_util=-nan
n_activity=0 dram_eff=-nan
bk0: 0a 0i bk1: 0a 0i bk2: 0a 0i bk3: 0a 0i bk4: 0a 0i bk5: 0a 0i bk6: 0a 0i bk7: 0a 0i bk8: 0a 0i bk9: 0a 0i bk10: 0a 0i bk11: 0a 0i bk12: 0a 0i bk13: 0a 0i bk14: 0a 0i bk15: 0a 0i 

------------------------------------------------------------------------

Row_Buffer_Locality = -nan
Row_Buffer_Locality_read = -nan
Row_Buffer_Locality_write = -nan
Bank_Level_Parallism = -nan
Bank_Level_Parallism_Col = -nan
Bank_Level_Parallism_Ready = -nan
write_to_read_ratio_blp_rw_average = -nan
GrpLevelPara = -nan 

BW Util details:
bwutil = -nan 
total_CMD = 0 
util_bw = 0 
Wasted_Col = 0 
Wasted_Row = 0 
Idle = 0 

BW Util Bottlenecks: 
RCDc_limit = 0 
RCDWRc_limit = 0 
WTRc_limit = 0 
RTWc_limit = 0 
CCDLc_limit = 0 
rwq = 0 
CCDLc_limit_alone = 0 
WTRc_limit_alone = 0 
RTWc_limit_alone = 0 

Commands details: 
total_CMD = 0 
n_nop = 0 
Read = 0 
Write = 0 
L2_Alloc = 0 
L2_WB = 0 
n_act = 0 
n_pre = 0 
n_ref = 0 
n_req = 0 
total_req = 0 

Dual Bus Interface Util: 
issued_total_row = 0 
issued_total_col = 0 
Row_Bus_Util =  -nan 
CoL_Bus_Util = -nan 
Either_Row_CoL_Bus_Util = -nan 
Issued_on_Two_Bus_Simul_Util = -nan 
issued_two_Eff = -nan 
queue_avg = -nan 


dram_util_bins: 0 0 0 0 0 0 0 0 0 0
dram_eff_bins: 0 0 0 0 0 0 0 0 0 0
mrqq: max=0 avg=-nan
Memory Partition 13: 
Cache L2_bank_026:
MSHR contents

Cache L2_bank_027:
MSHR contents

In Dram Latency Queue (total = 0): 
DRAM[13]: 16 bks, busW=8 BL=4 CL=19, tRRD=6 tCCD=1, tRCD=19 tRAS=45 tRP=19 tRC=50
n_cmd=0 n_nop=0 n_act=0 n_pre=0 n_ref_event=0 n_req=0 n_rd=0 n_rd_L2_A=0 n_write=0 n_wr_bk=0 bw_util=-nan
n_activity=0 dram_eff=-nan
bk0: 0a 0i bk1: 0a 0i bk2: 0a 0i bk3: 0a 0i bk4: 0a 0i bk5: 0a 0i bk6: 0a 0i bk7: 0a 0i bk8: 0a 0i bk9: 0a 0i bk10: 0a 0i bk11: 0a 0i bk12: 0a 0i bk13: 0a 0i bk14: 0a 0i bk15: 0a 0i 

------------------------------------------------------------------------

Row_Buffer_Locality = -nan
Row_Buffer_Locality_read = -nan
Row_Buffer_Locality_write = -nan
Bank_Level_Parallism = -nan
Bank_Level_Parallism_Col = -nan
Bank_Level_Parallism_Ready = -nan
write_to_read_ratio_blp_rw_average = -nan
GrpLevelPara = -nan 

BW Util details:
bwutil = -nan 
total_CMD = 0 
util_bw = 0 
Wasted_Col = 0 
Wasted_Row = 0 
Idle = 0 

BW Util Bottlenecks: 
RCDc_limit = 0 
RCDWRc_limit = 0 
WTRc_limit = 0 
RTWc_limit = 0 
CCDLc_limit = 0 
rwq = 0 
CCDLc_limit_alone = 0 
WTRc_limit_alone = 0 
RTWc_limit_alone = 0 

Commands details: 
total_CMD = 0 
n_nop = 0 
Read = 0 
Write = 0 
L2_Alloc = 0 
L2_WB = 0 
n_act = 0 
n_pre = 0 
n_ref = 0 
n_req = 0 
total_req = 0 

Dual Bus Interface Util: 
issued_total_row = 0 
issued_total_col = 0 
Row_Bus_Util =  -nan 
CoL_Bus_Util = -nan 
Either_Row_CoL_Bus_Util = -nan 
Issued_on_Two_Bus_Simul_Util = -nan 
issued_two_Eff = -nan 
queue_avg = -nan 


dram_util_bins: 0 0 0 0 0 0 0 0 0 0
dram_eff_bins: 0 0 0 0 0 0 0 0 0 0
mrqq: max=0 avg=-nan
Memory Partition 14: 
Cache L2_bank_028:
MSHR contents

Cache L2_bank_029:
MSHR contents

In Dram Latency Queue (total = 0): 
DRAM[14]: 16 bks, busW=8 BL=4 CL=19, tRRD=6 tCCD=1, tRCD=19 tRAS=45 tRP=19 tRC=50
n_cmd=0 n_nop=0 n_act=0 n_pre=0 n_ref_event=0 n_req=0 n_rd=0 n_rd_L2_A=0 n_write=0 n_wr_bk=0 bw_util=-nan
n_activity=0 dram_eff=-nan
bk0: 0a 0i bk1: 0a 0i bk2: 0a 0i bk3: 0a 0i bk4: 0a 0i bk5: 0a 0i bk6: 0a 0i bk7: 0a 0i bk8: 0a 0i bk9: 0a 0i bk10: 0a 0i bk11: 0a 0i bk12: 0a 0i bk13: 0a 0i bk14: 0a 0i bk15: 0a 0i 

------------------------------------------------------------------------

Row_Buffer_Locality = -nan
Row_Buffer_Locality_read = -nan
Row_Buffer_Locality_write = -nan
Bank_Level_Parallism = -nan
Bank_Level_Parallism_Col = -nan
Bank_Level_Parallism_Ready = -nan
write_to_read_ratio_blp_rw_average = -nan
GrpLevelPara = -nan 

BW Util details:
bwutil = -nan 
total_CMD = 0 
util_bw = 0 
Wasted_Col = 0 
Wasted_Row = 0 
Idle = 0 

BW Util Bottlenecks: 
RCDc_limit = 0 
RCDWRc_limit = 0 
WTRc_limit = 0 
RTWc_limit = 0 
CCDLc_limit = 0 
rwq = 0 
CCDLc_limit_alone = 0 
WTRc_limit_alone = 0 
RTWc_limit_alone = 0 

Commands details: 
total_CMD = 0 
n_nop = 0 
Read = 0 
Write = 0 
L2_Alloc = 0 
L2_WB = 0 
n_act = 0 
n_pre = 0 
n_ref = 0 
n_req = 0 
total_req = 0 

Dual Bus Interface Util: 
issued_total_row = 0 
issued_total_col = 0 
Row_Bus_Util =  -nan 
CoL_Bus_Util = -nan 
Either_Row_CoL_Bus_Util = -nan 
Issued_on_Two_Bus_Simul_Util = -nan 
issued_two_Eff = -nan 
queue_avg = -nan 


dram_util_bins: 0 0 0 0 0 0 0 0 0 0
dram_eff_bins: 0 0 0 0 0 0 0 0 0 0
mrqq: max=0 avg=-nan
Memory Partition 15: 
Cache L2_bank_030:
MSHR contents

Cache L2_bank_031:
MSHR contents

In Dram Latency Queue (total = 0): 
DRAM[15]: 16 bks, busW=8 BL=4 CL=19, tRRD=6 tCCD=1, tRCD=19 tRAS=45 tRP=19 tRC=50
n_cmd=0 n_nop=0 n_act=0 n_pre=0 n_ref_event=0 n_req=0 n_rd=0 n_rd_L2_A=0 n_write=0 n_wr_bk=0 bw_util=-nan
n_activity=0 dram_eff=-nan
bk0: 0a 0i bk1: 0a 0i bk2: 0a 0i bk3: 0a 0i bk4: 0a 0i bk5: 0a 0i bk6: 0a 0i bk7: 0a 0i bk8: 0a 0i bk9: 0a 0i bk10: 0a 0i bk11: 0a 0i bk12: 0a 0i bk13: 0a 0i bk14: 0a 0i bk15: 0a 0i 

------------------------------------------------------------------------

Row_Buffer_Locality = -nan
Row_Buffer_Locality_read = -nan
Row_Buffer_Locality_write = -nan
Bank_Level_Parallism = -nan
Bank_Level_Parallism_Col = -nan
Bank_Level_Parallism_Ready = -nan
write_to_read_ratio_blp_rw_average = -nan
GrpLevelPara = -nan 

BW Util details:
bwutil = -nan 
total_CMD = 0 
util_bw = 0 
Wasted_Col = 0 
Wasted_Row = 0 
Idle = 0 

BW Util Bottlenecks: 
RCDc_limit = 0 
RCDWRc_limit = 0 
WTRc_limit = 0 
RTWc_limit = 0 
CCDLc_limit = 0 
rwq = 0 
CCDLc_limit_alone = 0 
WTRc_limit_alone = 0 
RTWc_limit_alone = 0 

Commands details: 
total_CMD = 0 
n_nop = 0 
Read = 0 
Write = 0 
L2_Alloc = 0 
L2_WB = 0 
n_act = 0 
n_pre = 0 
n_ref = 0 
n_req = 0 
total_req = 0 

Dual Bus Interface Util: 
issued_total_row = 0 
issued_total_col = 0 
Row_Bus_Util =  -nan 
CoL_Bus_Util = -nan 
Either_Row_CoL_Bus_Util = -nan 
Issued_on_Two_Bus_Simul_Util = -nan 
issued_two_Eff = -nan 
queue_avg = -nan 


dram_util_bins: 0 0 0 0 0 0 0 0 0 0
dram_eff_bins: 0 0 0 0 0 0 0 0 0 0
mrqq: max=0 avg=-nan
Memory Partition 16: 
Cache L2_bank_032:
MSHR contents

Cache L2_bank_033:
MSHR contents

In Dram Latency Queue (total = 0): 
DRAM[16]: 16 bks, busW=8 BL=4 CL=19, tRRD=6 tCCD=1, tRCD=19 tRAS=45 tRP=19 tRC=50
n_cmd=0 n_nop=0 n_act=0 n_pre=0 n_ref_event=0 n_req=0 n_rd=0 n_rd_L2_A=0 n_write=0 n_wr_bk=0 bw_util=-nan
n_activity=0 dram_eff=-nan
bk0: 0a 0i bk1: 0a 0i bk2: 0a 0i bk3: 0a 0i bk4: 0a 0i bk5: 0a 0i bk6: 0a 0i bk7: 0a 0i bk8: 0a 0i bk9: 0a 0i bk10: 0a 0i bk11: 0a 0i bk12: 0a 0i bk13: 0a 0i bk14: 0a 0i bk15: 0a 0i 

------------------------------------------------------------------------

Row_Buffer_Locality = -nan
Row_Buffer_Locality_read = -nan
Row_Buffer_Locality_write = -nan
Bank_Level_Parallism = -nan
Bank_Level_Parallism_Col = -nan
Bank_Level_Parallism_Ready = -nan
write_to_read_ratio_blp_rw_average = -nan
GrpLevelPara = -nan 

BW Util details:
bwutil = -nan 
total_CMD = 0 
util_bw = 0 
Wasted_Col = 0 
Wasted_Row = 0 
Idle = 0 

BW Util Bottlenecks: 
RCDc_limit = 0 
RCDWRc_limit = 0 
WTRc_limit = 0 
RTWc_limit = 0 
CCDLc_limit = 0 
rwq = 0 
CCDLc_limit_alone = 0 
WTRc_limit_alone = 0 
RTWc_limit_alone = 0 

Commands details: 
total_CMD = 0 
n_nop = 0 
Read = 0 
Write = 0 
L2_Alloc = 0 
L2_WB = 0 
n_act = 0 
n_pre = 0 
n_ref = 0 
n_req = 0 
total_req = 0 

Dual Bus Interface Util: 
issued_total_row = 0 
issued_total_col = 0 
Row_Bus_Util =  -nan 
CoL_Bus_Util = -nan 
Either_Row_CoL_Bus_Util = -nan 
Issued_on_Two_Bus_Simul_Util = -nan 
issued_two_Eff = -nan 
queue_avg = -nan 


dram_util_bins: 0 0 0 0 0 0 0 0 0 0
dram_eff_bins: 0 0 0 0 0 0 0 0 0 0
mrqq: max=0 avg=-nan
Memory Partition 17: 
Cache L2_bank_034:
MSHR contents

Cache L2_bank_035:
MSHR contents

In Dram Latency Queue (total = 0): 
DRAM[17]: 16 bks, busW=8 BL=4 CL=19, tRRD=6 tCCD=1, tRCD=19 tRAS=45 tRP=19 tRC=50
n_cmd=0 n_nop=0 n_act=0 n_pre=0 n_ref_event=0 n_req=0 n_rd=0 n_rd_L2_A=0 n_write=0 n_wr_bk=0 bw_util=-nan
n_activity=0 dram_eff=-nan
bk0: 0a 0i bk1: 0a 0i bk2: 0a 0i bk3: 0a 0i bk4: 0a 0i bk5: 0a 0i bk6: 0a 0i bk7: 0a 0i bk8: 0a 0i bk9: 0a 0i bk10: 0a 0i bk11: 0a 0i bk12: 0a 0i bk13: 0a 0i bk14: 0a 0i bk15: 0a 0i 

------------------------------------------------------------------------

Row_Buffer_Locality = -nan
Row_Buffer_Locality_read = -nan
Row_Buffer_Locality_write = -nan
Bank_Level_Parallism = -nan
Bank_Level_Parallism_Col = -nan
Bank_Level_Parallism_Ready = -nan
write_to_read_ratio_blp_rw_average = -nan
GrpLevelPara = -nan 

BW Util details:
bwutil = -nan 
total_CMD = 0 
util_bw = 0 
Wasted_Col = 0 
Wasted_Row = 0 
Idle = 0 

BW Util Bottlenecks: 
RCDc_limit = 0 
RCDWRc_limit = 0 
WTRc_limit = 0 
RTWc_limit = 0 
CCDLc_limit = 0 
rwq = 0 
CCDLc_limit_alone = 0 
WTRc_limit_alone = 0 
RTWc_limit_alone = 0 

Commands details: 
total_CMD = 0 
n_nop = 0 
Read = 0 
Write = 0 
L2_Alloc = 0 
L2_WB = 0 
n_act = 0 
n_pre = 0 
n_ref = 0 
n_req = 0 
total_req = 0 

Dual Bus Interface Util: 
issued_total_row = 0 
issued_total_col = 0 
Row_Bus_Util =  -nan 
CoL_Bus_Util = -nan 
Either_Row_CoL_Bus_Util = -nan 
Issued_on_Two_Bus_Simul_Util = -nan 
issued_two_Eff = -nan 
queue_avg = -nan 


dram_util_bins: 0 0 0 0 0 0 0 0 0 0
dram_eff_bins: 0 0 0 0 0 0 0 0 0 0
mrqq: max=0 avg=-nan
Memory Partition 18: 
Cache L2_bank_036:
MSHR contents

Cache L2_bank_037:
MSHR contents

In Dram Latency Queue (total = 0): 
DRAM[18]: 16 bks, busW=8 BL=4 CL=19, tRRD=6 tCCD=1, tRCD=19 tRAS=45 tRP=19 tRC=50
n_cmd=0 n_nop=0 n_act=0 n_pre=0 n_ref_event=0 n_req=0 n_rd=0 n_rd_L2_A=0 n_write=0 n_wr_bk=0 bw_util=-nan
n_activity=0 dram_eff=-nan
bk0: 0a 0i bk1: 0a 0i bk2: 0a 0i bk3: 0a 0i bk4: 0a 0i bk5: 0a 0i bk6: 0a 0i bk7: 0a 0i bk8: 0a 0i bk9: 0a 0i bk10: 0a 0i bk11: 0a 0i bk12: 0a 0i bk13: 0a 0i bk14: 0a 0i bk15: 0a 0i 

------------------------------------------------------------------------

Row_Buffer_Locality = -nan
Row_Buffer_Locality_read = -nan
Row_Buffer_Locality_write = -nan
Bank_Level_Parallism = -nan
Bank_Level_Parallism_Col = -nan
Bank_Level_Parallism_Ready = -nan
write_to_read_ratio_blp_rw_average = -nan
GrpLevelPara = -nan 

BW Util details:
bwutil = -nan 
total_CMD = 0 
util_bw = 0 
Wasted_Col = 0 
Wasted_Row = 0 
Idle = 0 

BW Util Bottlenecks: 
RCDc_limit = 0 
RCDWRc_limit = 0 
WTRc_limit = 0 
RTWc_limit = 0 
CCDLc_limit = 0 
rwq = 0 
CCDLc_limit_alone = 0 
WTRc_limit_alone = 0 
RTWc_limit_alone = 0 

Commands details: 
total_CMD = 0 
n_nop = 0 
Read = 0 
Write = 0 
L2_Alloc = 0 
L2_WB = 0 
n_act = 0 
n_pre = 0 
n_ref = 0 
n_req = 0 
total_req = 0 

Dual Bus Interface Util: 
issued_total_row = 0 
issued_total_col = 0 
Row_Bus_Util =  -nan 
CoL_Bus_Util = -nan 
Either_Row_CoL_Bus_Util = -nan 
Issued_on_Two_Bus_Simul_Util = -nan 
issued_two_Eff = -nan 
queue_avg = -nan 


dram_util_bins: 0 0 0 0 0 0 0 0 0 0
dram_eff_bins: 0 0 0 0 0 0 0 0 0 0
mrqq: max=0 avg=-nan
Memory Partition 19: 
Cache L2_bank_038:
MSHR contents

Cache L2_bank_039:
MSHR contents

In Dram Latency Queue (total = 0): 
DRAM[19]: 16 bks, busW=8 BL=4 CL=19, tRRD=6 tCCD=1, tRCD=19 tRAS=45 tRP=19 tRC=50
n_cmd=0 n_nop=0 n_act=0 n_pre=0 n_ref_event=0 n_req=0 n_rd=0 n_rd_L2_A=0 n_write=0 n_wr_bk=0 bw_util=-nan
n_activity=0 dram_eff=-nan
bk0: 0a 0i bk1: 0a 0i bk2: 0a 0i bk3: 0a 0i bk4: 0a 0i bk5: 0a 0i bk6: 0a 0i bk7: 0a 0i bk8: 0a 0i bk9: 0a 0i bk10: 0a 0i bk11: 0a 0i bk12: 0a 0i bk13: 0a 0i bk14: 0a 0i bk15: 0a 0i 

------------------------------------------------------------------------

Row_Buffer_Locality = -nan
Row_Buffer_Locality_read = -nan
Row_Buffer_Locality_write = -nan
Bank_Level_Parallism = -nan
Bank_Level_Parallism_Col = -nan
Bank_Level_Parallism_Ready = -nan
write_to_read_ratio_blp_rw_average = -nan
GrpLevelPara = -nan 

BW Util details:
bwutil = -nan 
total_CMD = 0 
util_bw = 0 
Wasted_Col = 0 
Wasted_Row = 0 
Idle = 0 

BW Util Bottlenecks: 
RCDc_limit = 0 
RCDWRc_limit = 0 
WTRc_limit = 0 
RTWc_limit = 0 
CCDLc_limit = 0 
rwq = 0 
CCDLc_limit_alone = 0 
WTRc_limit_alone = 0 
RTWc_limit_alone = 0 

Commands details: 
total_CMD = 0 
n_nop = 0 
Read = 0 
Write = 0 
L2_Alloc = 0 
L2_WB = 0 
n_act = 0 
n_pre = 0 
n_ref = 0 
n_req = 0 
total_req = 0 

Dual Bus Interface Util: 
issued_total_row = 0 
issued_total_col = 0 
Row_Bus_Util =  -nan 
CoL_Bus_Util = -nan 
Either_Row_CoL_Bus_Util = -nan 
Issued_on_Two_Bus_Simul_Util = -nan 
issued_two_Eff = -nan 
queue_avg = -nan 


dram_util_bins: 0 0 0 0 0 0 0 0 0 0
dram_eff_bins: 0 0 0 0 0 0 0 0 0 0
mrqq: max=0 avg=-nan
Memory Partition 20: 
Cache L2_bank_040:
MSHR contents

Cache L2_bank_041:
MSHR contents

In Dram Latency Queue (total = 0): 
DRAM[20]: 16 bks, busW=8 BL=4 CL=19, tRRD=6 tCCD=1, tRCD=19 tRAS=45 tRP=19 tRC=50
n_cmd=0 n_nop=0 n_act=0 n_pre=0 n_ref_event=0 n_req=0 n_rd=0 n_rd_L2_A=0 n_write=0 n_wr_bk=0 bw_util=-nan
n_activity=0 dram_eff=-nan
bk0: 0a 0i bk1: 0a 0i bk2: 0a 0i bk3: 0a 0i bk4: 0a 0i bk5: 0a 0i bk6: 0a 0i bk7: 0a 0i bk8: 0a 0i bk9: 0a 0i bk10: 0a 0i bk11: 0a 0i bk12: 0a 0i bk13: 0a 0i bk14: 0a 0i bk15: 0a 0i 

------------------------------------------------------------------------

Row_Buffer_Locality = -nan
Row_Buffer_Locality_read = -nan
Row_Buffer_Locality_write = -nan
Bank_Level_Parallism = -nan
Bank_Level_Parallism_Col = -nan
Bank_Level_Parallism_Ready = -nan
write_to_read_ratio_blp_rw_average = -nan
GrpLevelPara = -nan 

BW Util details:
bwutil = -nan 
total_CMD = 0 
util_bw = 0 
Wasted_Col = 0 
Wasted_Row = 0 
Idle = 0 

BW Util Bottlenecks: 
RCDc_limit = 0 
RCDWRc_limit = 0 
WTRc_limit = 0 
RTWc_limit = 0 
CCDLc_limit = 0 
rwq = 0 
CCDLc_limit_alone = 0 
WTRc_limit_alone = 0 
RTWc_limit_alone = 0 

Commands details: 
total_CMD = 0 
n_nop = 0 
Read = 0 
Write = 0 
L2_Alloc = 0 
L2_WB = 0 
n_act = 0 
n_pre = 0 
n_ref = 0 
n_req = 0 
total_req = 0 

Dual Bus Interface Util: 
issued_total_row = 0 
issued_total_col = 0 
Row_Bus_Util =  -nan 
CoL_Bus_Util = -nan 
Either_Row_CoL_Bus_Util = -nan 
Issued_on_Two_Bus_Simul_Util = -nan 
issued_two_Eff = -nan 
queue_avg = -nan 


dram_util_bins: 0 0 0 0 0 0 0 0 0 0
dram_eff_bins: 0 0 0 0 0 0 0 0 0 0
mrqq: max=0 avg=-nan
Memory Partition 21: 
Cache L2_bank_042:
MSHR contents

Cache L2_bank_043:
MSHR contents

In Dram Latency Queue (total = 0): 
DRAM[21]: 16 bks, busW=8 BL=4 CL=19, tRRD=6 tCCD=1, tRCD=19 tRAS=45 tRP=19 tRC=50
n_cmd=0 n_nop=0 n_act=0 n_pre=0 n_ref_event=0 n_req=0 n_rd=0 n_rd_L2_A=0 n_write=0 n_wr_bk=0 bw_util=-nan
n_activity=0 dram_eff=-nan
bk0: 0a 0i bk1: 0a 0i bk2: 0a 0i bk3: 0a 0i bk4: 0a 0i bk5: 0a 0i bk6: 0a 0i bk7: 0a 0i bk8: 0a 0i bk9: 0a 0i bk10: 0a 0i bk11: 0a 0i bk12: 0a 0i bk13: 0a 0i bk14: 0a 0i bk15: 0a 0i 

------------------------------------------------------------------------

Row_Buffer_Locality = -nan
Row_Buffer_Locality_read = -nan
Row_Buffer_Locality_write = -nan
Bank_Level_Parallism = -nan
Bank_Level_Parallism_Col = -nan
Bank_Level_Parallism_Ready = -nan
write_to_read_ratio_blp_rw_average = -nan
GrpLevelPara = -nan 

BW Util details:
bwutil = -nan 
total_CMD = 0 
util_bw = 0 
Wasted_Col = 0 
Wasted_Row = 0 
Idle = 0 

BW Util Bottlenecks: 
RCDc_limit = 0 
RCDWRc_limit = 0 
WTRc_limit = 0 
RTWc_limit = 0 
CCDLc_limit = 0 
rwq = 0 
CCDLc_limit_alone = 0 
WTRc_limit_alone = 0 
RTWc_limit_alone = 0 

Commands details: 
total_CMD = 0 
n_nop = 0 
Read = 0 
Write = 0 
L2_Alloc = 0 
L2_WB = 0 
n_act = 0 
n_pre = 0 
n_ref = 0 
n_req = 0 
total_req = 0 

Dual Bus Interface Util: 
issued_total_row = 0 
issued_total_col = 0 
Row_Bus_Util =  -nan 
CoL_Bus_Util = -nan 
Either_Row_CoL_Bus_Util = -nan 
Issued_on_Two_Bus_Simul_Util = -nan 
issued_two_Eff = -nan 
queue_avg = -nan 


dram_util_bins: 0 0 0 0 0 0 0 0 0 0
dram_eff_bins: 0 0 0 0 0 0 0 0 0 0
mrqq: max=0 avg=-nan
Memory Partition 22: 
Cache L2_bank_044:
MSHR contents

Cache L2_bank_045:
MSHR contents

In Dram Latency Queue (total = 0): 
DRAM[22]: 16 bks, busW=8 BL=4 CL=19, tRRD=6 tCCD=1, tRCD=19 tRAS=45 tRP=19 tRC=50
n_cmd=0 n_nop=0 n_act=0 n_pre=0 n_ref_event=0 n_req=0 n_rd=0 n_rd_L2_A=0 n_write=0 n_wr_bk=0 bw_util=-nan
n_activity=0 dram_eff=-nan
bk0: 0a 0i bk1: 0a 0i bk2: 0a 0i bk3: 0a 0i bk4: 0a 0i bk5: 0a 0i bk6: 0a 0i bk7: 0a 0i bk8: 0a 0i bk9: 0a 0i bk10: 0a 0i bk11: 0a 0i bk12: 0a 0i bk13: 0a 0i bk14: 0a 0i bk15: 0a 0i 

------------------------------------------------------------------------

Row_Buffer_Locality = -nan
Row_Buffer_Locality_read = -nan
Row_Buffer_Locality_write = -nan
Bank_Level_Parallism = -nan
Bank_Level_Parallism_Col = -nan
Bank_Level_Parallism_Ready = -nan
write_to_read_ratio_blp_rw_average = -nan
GrpLevelPara = -nan 

BW Util details:
bwutil = -nan 
total_CMD = 0 
util_bw = 0 
Wasted_Col = 0 
Wasted_Row = 0 
Idle = 0 

BW Util Bottlenecks: 
RCDc_limit = 0 
RCDWRc_limit = 0 
WTRc_limit = 0 
RTWc_limit = 0 
CCDLc_limit = 0 
rwq = 0 
CCDLc_limit_alone = 0 
WTRc_limit_alone = 0 
RTWc_limit_alone = 0 

Commands details: 
total_CMD = 0 
n_nop = 0 
Read = 0 
Write = 0 
L2_Alloc = 0 
L2_WB = 0 
n_act = 0 
n_pre = 0 
n_ref = 0 
n_req = 0 
total_req = 0 

Dual Bus Interface Util: 
issued_total_row = 0 
issued_total_col = 0 
Row_Bus_Util =  -nan 
CoL_Bus_Util = -nan 
Either_Row_CoL_Bus_Util = -nan 
Issued_on_Two_Bus_Simul_Util = -nan 
issued_two_Eff = -nan 
queue_avg = -nan 


dram_util_bins: 0 0 0 0 0 0 0 0 0 0
dram_eff_bins: 0 0 0 0 0 0 0 0 0 0
mrqq: max=0 avg=-nan
Memory Partition 23: 
Cache L2_bank_046:
MSHR contents

Cache L2_bank_047:
MSHR contents

In Dram Latency Queue (total = 0): 
DRAM[23]: 16 bks, busW=8 BL=4 CL=19, tRRD=6 tCCD=1, tRCD=19 tRAS=45 tRP=19 tRC=50
n_cmd=0 n_nop=0 n_act=0 n_pre=0 n_ref_event=0 n_req=0 n_rd=0 n_rd_L2_A=0 n_write=0 n_wr_bk=0 bw_util=-nan
n_activity=0 dram_eff=-nan
bk0: 0a 0i bk1: 0a 0i bk2: 0a 0i bk3: 0a 0i bk4: 0a 0i bk5: 0a 0i bk6: 0a 0i bk7: 0a 0i bk8: 0a 0i bk9: 0a 0i bk10: 0a 0i bk11: 0a 0i bk12: 0a 0i bk13: 0a 0i bk14: 0a 0i bk15: 0a 0i 

------------------------------------------------------------------------

Row_Buffer_Locality = -nan
Row_Buffer_Locality_read = -nan
Row_Buffer_Locality_write = -nan
Bank_Level_Parallism = -nan
Bank_Level_Parallism_Col = -nan
Bank_Level_Parallism_Ready = -nan
write_to_read_ratio_blp_rw_average = -nan
GrpLevelPara = -nan 

BW Util details:
bwutil = -nan 
total_CMD = 0 
util_bw = 0 
Wasted_Col = 0 
Wasted_Row = 0 
Idle = 0 

BW Util Bottlenecks: 
RCDc_limit = 0 
RCDWRc_limit = 0 
WTRc_limit = 0 
RTWc_limit = 0 
CCDLc_limit = 0 
rwq = 0 
CCDLc_limit_alone = 0 
WTRc_limit_alone = 0 
RTWc_limit_alone = 0 

Commands details: 
total_CMD = 0 
n_nop = 0 
Read = 0 
Write = 0 
L2_Alloc = 0 
L2_WB = 0 
n_act = 0 
n_pre = 0 
n_ref = 0 
n_req = 0 
total_req = 0 

Dual Bus Interface Util: 
issued_total_row = 0 
issued_total_col = 0 
Row_Bus_Util =  -nan 
CoL_Bus_Util = -nan 
Either_Row_CoL_Bus_Util = -nan 
Issued_on_Two_Bus_Simul_Util = -nan 
issued_two_Eff = -nan 
queue_avg = -nan 


dram_util_bins: 0 0 0 0 0 0 0 0 0 0
dram_eff_bins: 0 0 0 0 0 0 0 0 0 0
mrqq: max=0 avg=-nan
Memory Partition 24: 
Cache L2_bank_048:
MSHR contents

Cache L2_bank_049:
MSHR contents

In Dram Latency Queue (total = 0): 
DRAM[24]: 16 bks, busW=8 BL=4 CL=19, tRRD=6 tCCD=1, tRCD=19 tRAS=45 tRP=19 tRC=50
n_cmd=0 n_nop=0 n_act=0 n_pre=0 n_ref_event=0 n_req=0 n_rd=0 n_rd_L2_A=0 n_write=0 n_wr_bk=0 bw_util=-nan
n_activity=0 dram_eff=-nan
bk0: 0a 0i bk1: 0a 0i bk2: 0a 0i bk3: 0a 0i bk4: 0a 0i bk5: 0a 0i bk6: 0a 0i bk7: 0a 0i bk8: 0a 0i bk9: 0a 0i bk10: 0a 0i bk11: 0a 0i bk12: 0a 0i bk13: 0a 0i bk14: 0a 0i bk15: 0a 0i 

------------------------------------------------------------------------

Row_Buffer_Locality = -nan
Row_Buffer_Locality_read = -nan
Row_Buffer_Locality_write = -nan
Bank_Level_Parallism = -nan
Bank_Level_Parallism_Col = -nan
Bank_Level_Parallism_Ready = -nan
write_to_read_ratio_blp_rw_average = -nan
GrpLevelPara = -nan 

BW Util details:
bwutil = -nan 
total_CMD = 0 
util_bw = 0 
Wasted_Col = 0 
Wasted_Row = 0 
Idle = 0 

BW Util Bottlenecks: 
RCDc_limit = 0 
RCDWRc_limit = 0 
WTRc_limit = 0 
RTWc_limit = 0 
CCDLc_limit = 0 
rwq = 0 
CCDLc_limit_alone = 0 
WTRc_limit_alone = 0 
RTWc_limit_alone = 0 

Commands details: 
total_CMD = 0 
n_nop = 0 
Read = 0 
Write = 0 
L2_Alloc = 0 
L2_WB = 0 
n_act = 0 
n_pre = 0 
n_ref = 0 
n_req = 0 
total_req = 0 

Dual Bus Interface Util: 
issued_total_row = 0 
issued_total_col = 0 
Row_Bus_Util =  -nan 
CoL_Bus_Util = -nan 
Either_Row_CoL_Bus_Util = -nan 
Issued_on_Two_Bus_Simul_Util = -nan 
issued_two_Eff = -nan 
queue_avg = -nan 


dram_util_bins: 0 0 0 0 0 0 0 0 0 0
dram_eff_bins: 0 0 0 0 0 0 0 0 0 0
mrqq: max=0 avg=-nan
Memory Partition 25: 
Cache L2_bank_050:
MSHR contents

Cache L2_bank_051:
MSHR contents

In Dram Latency Queue (total = 0): 
DRAM[25]: 16 bks, busW=8 BL=4 CL=19, tRRD=6 tCCD=1, tRCD=19 tRAS=45 tRP=19 tRC=50
n_cmd=0 n_nop=0 n_act=0 n_pre=0 n_ref_event=0 n_req=0 n_rd=0 n_rd_L2_A=0 n_write=0 n_wr_bk=0 bw_util=-nan
n_activity=0 dram_eff=-nan
bk0: 0a 0i bk1: 0a 0i bk2: 0a 0i bk3: 0a 0i bk4: 0a 0i bk5: 0a 0i bk6: 0a 0i bk7: 0a 0i bk8: 0a 0i bk9: 0a 0i bk10: 0a 0i bk11: 0a 0i bk12: 0a 0i bk13: 0a 0i bk14: 0a 0i bk15: 0a 0i 

------------------------------------------------------------------------

Row_Buffer_Locality = -nan
Row_Buffer_Locality_read = -nan
Row_Buffer_Locality_write = -nan
Bank_Level_Parallism = -nan
Bank_Level_Parallism_Col = -nan
Bank_Level_Parallism_Ready = -nan
write_to_read_ratio_blp_rw_average = -nan
GrpLevelPara = -nan 

BW Util details:
bwutil = -nan 
total_CMD = 0 
util_bw = 0 
Wasted_Col = 0 
Wasted_Row = 0 
Idle = 0 

BW Util Bottlenecks: 
RCDc_limit = 0 
RCDWRc_limit = 0 
WTRc_limit = 0 
RTWc_limit = 0 
CCDLc_limit = 0 
rwq = 0 
CCDLc_limit_alone = 0 
WTRc_limit_alone = 0 
RTWc_limit_alone = 0 

Commands details: 
total_CMD = 0 
n_nop = 0 
Read = 0 
Write = 0 
L2_Alloc = 0 
L2_WB = 0 
n_act = 0 
n_pre = 0 
n_ref = 0 
n_req = 0 
total_req = 0 

Dual Bus Interface Util: 
issued_total_row = 0 
issued_total_col = 0 
Row_Bus_Util =  -nan 
CoL_Bus_Util = -nan 
Either_Row_CoL_Bus_Util = -nan 
Issued_on_Two_Bus_Simul_Util = -nan 
issued_two_Eff = -nan 
queue_avg = -nan 


dram_util_bins: 0 0 0 0 0 0 0 0 0 0
dram_eff_bins: 0 0 0 0 0 0 0 0 0 0
mrqq: max=0 avg=-nan
Memory Partition 26: 
Cache L2_bank_052:
MSHR contents

Cache L2_bank_053:
MSHR contents

In Dram Latency Queue (total = 0): 
DRAM[26]: 16 bks, busW=8 BL=4 CL=19, tRRD=6 tCCD=1, tRCD=19 tRAS=45 tRP=19 tRC=50
n_cmd=0 n_nop=0 n_act=0 n_pre=0 n_ref_event=0 n_req=0 n_rd=0 n_rd_L2_A=0 n_write=0 n_wr_bk=0 bw_util=-nan
n_activity=0 dram_eff=-nan
bk0: 0a 0i bk1: 0a 0i bk2: 0a 0i bk3: 0a 0i bk4: 0a 0i bk5: 0a 0i bk6: 0a 0i bk7: 0a 0i bk8: 0a 0i bk9: 0a 0i bk10: 0a 0i bk11: 0a 0i bk12: 0a 0i bk13: 0a 0i bk14: 0a 0i bk15: 0a 0i 

------------------------------------------------------------------------

Row_Buffer_Locality = -nan
Row_Buffer_Locality_read = -nan
Row_Buffer_Locality_write = -nan
Bank_Level_Parallism = -nan
Bank_Level_Parallism_Col = -nan
Bank_Level_Parallism_Ready = -nan
write_to_read_ratio_blp_rw_average = -nan
GrpLevelPara = -nan 

BW Util details:
bwutil = -nan 
total_CMD = 0 
util_bw = 0 
Wasted_Col = 0 
Wasted_Row = 0 
Idle = 0 

BW Util Bottlenecks: 
RCDc_limit = 0 
RCDWRc_limit = 0 
WTRc_limit = 0 
RTWc_limit = 0 
CCDLc_limit = 0 
rwq = 0 
CCDLc_limit_alone = 0 
WTRc_limit_alone = 0 
RTWc_limit_alone = 0 

Commands details: 
total_CMD = 0 
n_nop = 0 
Read = 0 
Write = 0 
L2_Alloc = 0 
L2_WB = 0 
n_act = 0 
n_pre = 0 
n_ref = 0 
n_req = 0 
total_req = 0 

Dual Bus Interface Util: 
issued_total_row = 0 
issued_total_col = 0 
Row_Bus_Util =  -nan 
CoL_Bus_Util = -nan 
Either_Row_CoL_Bus_Util = -nan 
Issued_on_Two_Bus_Simul_Util = -nan 
issued_two_Eff = -nan 
queue_avg = -nan 


dram_util_bins: 0 0 0 0 0 0 0 0 0 0
dram_eff_bins: 0 0 0 0 0 0 0 0 0 0
mrqq: max=0 avg=-nan
Memory Partition 27: 
Cache L2_bank_054:
MSHR contents

Cache L2_bank_055:
MSHR contents

In Dram Latency Queue (total = 0): 
DRAM[27]: 16 bks, busW=8 BL=4 CL=19, tRRD=6 tCCD=1, tRCD=19 tRAS=45 tRP=19 tRC=50
n_cmd=0 n_nop=0 n_act=0 n_pre=0 n_ref_event=0 n_req=0 n_rd=0 n_rd_L2_A=0 n_write=0 n_wr_bk=0 bw_util=-nan
n_activity=0 dram_eff=-nan
bk0: 0a 0i bk1: 0a 0i bk2: 0a 0i bk3: 0a 0i bk4: 0a 0i bk5: 0a 0i bk6: 0a 0i bk7: 0a 0i bk8: 0a 0i bk9: 0a 0i bk10: 0a 0i bk11: 0a 0i bk12: 0a 0i bk13: 0a 0i bk14: 0a 0i bk15: 0a 0i 

------------------------------------------------------------------------

Row_Buffer_Locality = -nan
Row_Buffer_Locality_read = -nan
Row_Buffer_Locality_write = -nan
Bank_Level_Parallism = -nan
Bank_Level_Parallism_Col = -nan
Bank_Level_Parallism_Ready = -nan
write_to_read_ratio_blp_rw_average = -nan
GrpLevelPara = -nan 

BW Util details:
bwutil = -nan 
total_CMD = 0 
util_bw = 0 
Wasted_Col = 0 
Wasted_Row = 0 
Idle = 0 

BW Util Bottlenecks: 
RCDc_limit = 0 
RCDWRc_limit = 0 
WTRc_limit = 0 
RTWc_limit = 0 
CCDLc_limit = 0 
rwq = 0 
CCDLc_limit_alone = 0 
WTRc_limit_alone = 0 
RTWc_limit_alone = 0 

Commands details: 
total_CMD = 0 
n_nop = 0 
Read = 0 
Write = 0 
L2_Alloc = 0 
L2_WB = 0 
n_act = 0 
n_pre = 0 
n_ref = 0 
n_req = 0 
total_req = 0 

Dual Bus Interface Util: 
issued_total_row = 0 
issued_total_col = 0 
Row_Bus_Util =  -nan 
CoL_Bus_Util = -nan 
Either_Row_CoL_Bus_Util = -nan 
Issued_on_Two_Bus_Simul_Util = -nan 
issued_two_Eff = -nan 
queue_avg = -nan 


dram_util_bins: 0 0 0 0 0 0 0 0 0 0
dram_eff_bins: 0 0 0 0 0 0 0 0 0 0
mrqq: max=0 avg=-nan
Memory Partition 28: 
Cache L2_bank_056:
MSHR contents

Cache L2_bank_057:
MSHR contents

In Dram Latency Queue (total = 0): 
DRAM[28]: 16 bks, busW=8 BL=4 CL=19, tRRD=6 tCCD=1, tRCD=19 tRAS=45 tRP=19 tRC=50
n_cmd=0 n_nop=0 n_act=0 n_pre=0 n_ref_event=0 n_req=0 n_rd=0 n_rd_L2_A=0 n_write=0 n_wr_bk=0 bw_util=-nan
n_activity=0 dram_eff=-nan
bk0: 0a 0i bk1: 0a 0i bk2: 0a 0i bk3: 0a 0i bk4: 0a 0i bk5: 0a 0i bk6: 0a 0i bk7: 0a 0i bk8: 0a 0i bk9: 0a 0i bk10: 0a 0i bk11: 0a 0i bk12: 0a 0i bk13: 0a 0i bk14: 0a 0i bk15: 0a 0i 

------------------------------------------------------------------------

Row_Buffer_Locality = -nan
Row_Buffer_Locality_read = -nan
Row_Buffer_Locality_write = -nan
Bank_Level_Parallism = -nan
Bank_Level_Parallism_Col = -nan
Bank_Level_Parallism_Ready = -nan
write_to_read_ratio_blp_rw_average = -nan
GrpLevelPara = -nan 

BW Util details:
bwutil = -nan 
total_CMD = 0 
util_bw = 0 
Wasted_Col = 0 
Wasted_Row = 0 
Idle = 0 

BW Util Bottlenecks: 
RCDc_limit = 0 
RCDWRc_limit = 0 
WTRc_limit = 0 
RTWc_limit = 0 
CCDLc_limit = 0 
rwq = 0 
CCDLc_limit_alone = 0 
WTRc_limit_alone = 0 
RTWc_limit_alone = 0 

Commands details: 
total_CMD = 0 
n_nop = 0 
Read = 0 
Write = 0 
L2_Alloc = 0 
L2_WB = 0 
n_act = 0 
n_pre = 0 
n_ref = 0 
n_req = 0 
total_req = 0 

Dual Bus Interface Util: 
issued_total_row = 0 
issued_total_col = 0 
Row_Bus_Util =  -nan 
CoL_Bus_Util = -nan 
Either_Row_CoL_Bus_Util = -nan 
Issued_on_Two_Bus_Simul_Util = -nan 
issued_two_Eff = -nan 
queue_avg = -nan 


dram_util_bins: 0 0 0 0 0 0 0 0 0 0
dram_eff_bins: 0 0 0 0 0 0 0 0 0 0
mrqq: max=0 avg=-nan
Memory Partition 29: 
Cache L2_bank_058:
MSHR contents

Cache L2_bank_059:
MSHR contents

In Dram Latency Queue (total = 0): 
DRAM[29]: 16 bks, busW=8 BL=4 CL=19, tRRD=6 tCCD=1, tRCD=19 tRAS=45 tRP=19 tRC=50
n_cmd=0 n_nop=0 n_act=0 n_pre=0 n_ref_event=0 n_req=0 n_rd=0 n_rd_L2_A=0 n_write=0 n_wr_bk=0 bw_util=-nan
n_activity=0 dram_eff=-nan
bk0: 0a 0i bk1: 0a 0i bk2: 0a 0i bk3: 0a 0i bk4: 0a 0i bk5: 0a 0i bk6: 0a 0i bk7: 0a 0i bk8: 0a 0i bk9: 0a 0i bk10: 0a 0i bk11: 0a 0i bk12: 0a 0i bk13: 0a 0i bk14: 0a 0i bk15: 0a 0i 

------------------------------------------------------------------------

Row_Buffer_Locality = -nan
Row_Buffer_Locality_read = -nan
Row_Buffer_Locality_write = -nan
Bank_Level_Parallism = -nan
Bank_Level_Parallism_Col = -nan
Bank_Level_Parallism_Ready = -nan
write_to_read_ratio_blp_rw_average = -nan
GrpLevelPara = -nan 

BW Util details:
bwutil = -nan 
total_CMD = 0 
util_bw = 0 
Wasted_Col = 0 
Wasted_Row = 0 
Idle = 0 

BW Util Bottlenecks: 
RCDc_limit = 0 
RCDWRc_limit = 0 
WTRc_limit = 0 
RTWc_limit = 0 
CCDLc_limit = 0 
rwq = 0 
CCDLc_limit_alone = 0 
WTRc_limit_alone = 0 
RTWc_limit_alone = 0 

Commands details: 
total_CMD = 0 
n_nop = 0 
Read = 0 
Write = 0 
L2_Alloc = 0 
L2_WB = 0 
n_act = 0 
n_pre = 0 
n_ref = 0 
n_req = 0 
total_req = 0 

Dual Bus Interface Util: 
issued_total_row = 0 
issued_total_col = 0 
Row_Bus_Util =  -nan 
CoL_Bus_Util = -nan 
Either_Row_CoL_Bus_Util = -nan 
Issued_on_Two_Bus_Simul_Util = -nan 
issued_two_Eff = -nan 
queue_avg = -nan 


dram_util_bins: 0 0 0 0 0 0 0 0 0 0
dram_eff_bins: 0 0 0 0 0 0 0 0 0 0
mrqq: max=0 avg=-nan
Memory Partition 30: 
Cache L2_bank_060:
MSHR contents

Cache L2_bank_061:
MSHR contents

In Dram Latency Queue (total = 0): 
DRAM[30]: 16 bks, busW=8 BL=4 CL=19, tRRD=6 tCCD=1, tRCD=19 tRAS=45 tRP=19 tRC=50
n_cmd=0 n_nop=0 n_act=0 n_pre=0 n_ref_event=0 n_req=0 n_rd=0 n_rd_L2_A=0 n_write=0 n_wr_bk=0 bw_util=-nan
n_activity=0 dram_eff=-nan
bk0: 0a 0i bk1: 0a 0i bk2: 0a 0i bk3: 0a 0i bk4: 0a 0i bk5: 0a 0i bk6: 0a 0i bk7: 0a 0i bk8: 0a 0i bk9: 0a 0i bk10: 0a 0i bk11: 0a 0i bk12: 0a 0i bk13: 0a 0i bk14: 0a 0i bk15: 0a 0i 

------------------------------------------------------------------------

Row_Buffer_Locality = -nan
Row_Buffer_Locality_read = -nan
Row_Buffer_Locality_write = -nan
Bank_Level_Parallism = -nan
Bank_Level_Parallism_Col = -nan
Bank_Level_Parallism_Ready = -nan
write_to_read_ratio_blp_rw_average = -nan
GrpLevelPara = -nan 

BW Util details:
bwutil = -nan 
total_CMD = 0 
util_bw = 0 
Wasted_Col = 0 
Wasted_Row = 0 
Idle = 0 

BW Util Bottlenecks: 
RCDc_limit = 0 
RCDWRc_limit = 0 
WTRc_limit = 0 
RTWc_limit = 0 
CCDLc_limit = 0 
rwq = 0 
CCDLc_limit_alone = 0 
WTRc_limit_alone = 0 
RTWc_limit_alone = 0 

Commands details: 
total_CMD = 0 
n_nop = 0 
Read = 0 
Write = 0 
L2_Alloc = 0 
L2_WB = 0 
n_act = 0 
n_pre = 0 
n_ref = 0 
n_req = 0 
total_req = 0 

Dual Bus Interface Util: 
issued_total_row = 0 
issued_total_col = 0 
Row_Bus_Util =  -nan 
CoL_Bus_Util = -nan 
Either_Row_CoL_Bus_Util = -nan 
Issued_on_Two_Bus_Simul_Util = -nan 
issued_two_Eff = -nan 
queue_avg = -nan 


dram_util_bins: 0 0 0 0 0 0 0 0 0 0
dram_eff_bins: 0 0 0 0 0 0 0 0 0 0
mrqq: max=0 avg=-nan
Memory Partition 31: 
Cache L2_bank_062:
MSHR contents

Cache L2_bank_063:
MSHR contents

In Dram Latency Queue (total = 0): 
DRAM[31]: 16 bks, busW=8 BL=4 CL=19, tRRD=6 tCCD=1, tRCD=19 tRAS=45 tRP=19 tRC=50
n_cmd=0 n_nop=0 n_act=0 n_pre=0 n_ref_event=0 n_req=0 n_rd=0 n_rd_L2_A=0 n_write=0 n_wr_bk=0 bw_util=-nan
n_activity=0 dram_eff=-nan
bk0: 0a 0i bk1: 0a 0i bk2: 0a 0i bk3: 0a 0i bk4: 0a 0i bk5: 0a 0i bk6: 0a 0i bk7: 0a 0i bk8: 0a 0i bk9: 0a 0i bk10: 0a 0i bk11: 0a 0i bk12: 0a 0i bk13: 0a 0i bk14: 0a 0i bk15: 0a 0i 

------------------------------------------------------------------------

Row_Buffer_Locality = -nan
Row_Buffer_Locality_read = -nan
Row_Buffer_Locality_write = -nan
Bank_Level_Parallism = -nan
Bank_Level_Parallism_Col = -nan
Bank_Level_Parallism_Ready = -nan
write_to_read_ratio_blp_rw_average = -nan
GrpLevelPara = -nan 

BW Util details:
bwutil = -nan 
total_CMD = 0 
util_bw = 0 
Wasted_Col = 0 
Wasted_Row = 0 
Idle = 0 

BW Util Bottlenecks: 
RCDc_limit = 0 
RCDWRc_limit = 0 
WTRc_limit = 0 
RTWc_limit = 0 
CCDLc_limit = 0 
rwq = 0 
CCDLc_limit_alone = 0 
WTRc_limit_alone = 0 
RTWc_limit_alone = 0 

Commands details: 
total_CMD = 0 
n_nop = 0 
Read = 0 
Write = 0 
L2_Alloc = 0 
L2_WB = 0 
n_act = 0 
n_pre = 0 
n_ref = 0 
n_req = 0 
total_req = 0 

Dual Bus Interface Util: 
issued_total_row = 0 
issued_total_col = 0 
Row_Bus_Util =  -nan 
CoL_Bus_Util = -nan 
Either_Row_CoL_Bus_Util = -nan 
Issued_on_Two_Bus_Simul_Util = -nan 
issued_two_Eff = -nan 
queue_avg = -nan 


dram_util_bins: 0 0 0 0 0 0 0 0 0 0
dram_eff_bins: 0 0 0 0 0 0 0 0 0 0
mrqq: max=0 avg=-nan
Memory Partition 32: 
Cache L2_bank_064:
MSHR contents

Cache L2_bank_065:
MSHR contents

In Dram Latency Queue (total = 0): 
DRAM[32]: 16 bks, busW=8 BL=4 CL=19, tRRD=6 tCCD=1, tRCD=19 tRAS=45 tRP=19 tRC=50
n_cmd=0 n_nop=0 n_act=0 n_pre=0 n_ref_event=0 n_req=0 n_rd=0 n_rd_L2_A=0 n_write=0 n_wr_bk=0 bw_util=-nan
n_activity=0 dram_eff=-nan
bk0: 0a 0i bk1: 0a 0i bk2: 0a 0i bk3: 0a 0i bk4: 0a 0i bk5: 0a 0i bk6: 0a 0i bk7: 0a 0i bk8: 0a 0i bk9: 0a 0i bk10: 0a 0i bk11: 0a 0i bk12: 0a 0i bk13: 0a 0i bk14: 0a 0i bk15: 0a 0i 

------------------------------------------------------------------------

Row_Buffer_Locality = -nan
Row_Buffer_Locality_read = -nan
Row_Buffer_Locality_write = -nan
Bank_Level_Parallism = -nan
Bank_Level_Parallism_Col = -nan
Bank_Level_Parallism_Ready = -nan
write_to_read_ratio_blp_rw_average = -nan
GrpLevelPara = -nan 

BW Util details:
bwutil = -nan 
total_CMD = 0 
util_bw = 0 
Wasted_Col = 0 
Wasted_Row = 0 
Idle = 0 

BW Util Bottlenecks: 
RCDc_limit = 0 
RCDWRc_limit = 0 
WTRc_limit = 0 
RTWc_limit = 0 
CCDLc_limit = 0 
rwq = 0 
CCDLc_limit_alone = 0 
WTRc_limit_alone = 0 
RTWc_limit_alone = 0 

Commands details: 
total_CMD = 0 
n_nop = 0 
Read = 0 
Write = 0 
L2_Alloc = 0 
L2_WB = 0 
n_act = 0 
n_pre = 0 
n_ref = 0 
n_req = 0 
total_req = 0 

Dual Bus Interface Util: 
issued_total_row = 0 
issued_total_col = 0 
Row_Bus_Util =  -nan 
CoL_Bus_Util = -nan 
Either_Row_CoL_Bus_Util = -nan 
Issued_on_Two_Bus_Simul_Util = -nan 
issued_two_Eff = -nan 
queue_avg = -nan 


dram_util_bins: 0 0 0 0 0 0 0 0 0 0
dram_eff_bins: 0 0 0 0 0 0 0 0 0 0
mrqq: max=0 avg=-nan
Memory Partition 33: 
Cache L2_bank_066:
MSHR contents

Cache L2_bank_067:
MSHR contents

In Dram Latency Queue (total = 0): 
DRAM[33]: 16 bks, busW=8 BL=4 CL=19, tRRD=6 tCCD=1, tRCD=19 tRAS=45 tRP=19 tRC=50
n_cmd=0 n_nop=0 n_act=0 n_pre=0 n_ref_event=0 n_req=0 n_rd=0 n_rd_L2_A=0 n_write=0 n_wr_bk=0 bw_util=-nan
n_activity=0 dram_eff=-nan
bk0: 0a 0i bk1: 0a 0i bk2: 0a 0i bk3: 0a 0i bk4: 0a 0i bk5: 0a 0i bk6: 0a 0i bk7: 0a 0i bk8: 0a 0i bk9: 0a 0i bk10: 0a 0i bk11: 0a 0i bk12: 0a 0i bk13: 0a 0i bk14: 0a 0i bk15: 0a 0i 

------------------------------------------------------------------------

Row_Buffer_Locality = -nan
Row_Buffer_Locality_read = -nan
Row_Buffer_Locality_write = -nan
Bank_Level_Parallism = -nan
Bank_Level_Parallism_Col = -nan
Bank_Level_Parallism_Ready = -nan
write_to_read_ratio_blp_rw_average = -nan
GrpLevelPara = -nan 

BW Util details:
bwutil = -nan 
total_CMD = 0 
util_bw = 0 
Wasted_Col = 0 
Wasted_Row = 0 
Idle = 0 

BW Util Bottlenecks: 
RCDc_limit = 0 
RCDWRc_limit = 0 
WTRc_limit = 0 
RTWc_limit = 0 
CCDLc_limit = 0 
rwq = 0 
CCDLc_limit_alone = 0 
WTRc_limit_alone = 0 
RTWc_limit_alone = 0 

Commands details: 
total_CMD = 0 
n_nop = 0 
Read = 0 
Write = 0 
L2_Alloc = 0 
L2_WB = 0 
n_act = 0 
n_pre = 0 
n_ref = 0 
n_req = 0 
total_req = 0 

Dual Bus Interface Util: 
issued_total_row = 0 
issued_total_col = 0 
Row_Bus_Util =  -nan 
CoL_Bus_Util = -nan 
Either_Row_CoL_Bus_Util = -nan 
Issued_on_Two_Bus_Simul_Util = -nan 
issued_two_Eff = -nan 
queue_avg = -nan 


dram_util_bins: 0 0 0 0 0 0 0 0 0 0
dram_eff_bins: 0 0 0 0 0 0 0 0 0 0
mrqq: max=0 avg=-nan
Memory Partition 34: 
Cache L2_bank_068:
MSHR contents

Cache L2_bank_069:
MSHR contents

In Dram Latency Queue (total = 0): 
DRAM[34]: 16 bks, busW=8 BL=4 CL=19, tRRD=6 tCCD=1, tRCD=19 tRAS=45 tRP=19 tRC=50
n_cmd=0 n_nop=0 n_act=0 n_pre=0 n_ref_event=0 n_req=0 n_rd=0 n_rd_L2_A=0 n_write=0 n_wr_bk=0 bw_util=-nan
n_activity=0 dram_eff=-nan
bk0: 0a 0i bk1: 0a 0i bk2: 0a 0i bk3: 0a 0i bk4: 0a 0i bk5: 0a 0i bk6: 0a 0i bk7: 0a 0i bk8: 0a 0i bk9: 0a 0i bk10: 0a 0i bk11: 0a 0i bk12: 0a 0i bk13: 0a 0i bk14: 0a 0i bk15: 0a 0i 

------------------------------------------------------------------------

Row_Buffer_Locality = -nan
Row_Buffer_Locality_read = -nan
Row_Buffer_Locality_write = -nan
Bank_Level_Parallism = -nan
Bank_Level_Parallism_Col = -nan
Bank_Level_Parallism_Ready = -nan
write_to_read_ratio_blp_rw_average = -nan
GrpLevelPara = -nan 

BW Util details:
bwutil = -nan 
total_CMD = 0 
util_bw = 0 
Wasted_Col = 0 
Wasted_Row = 0 
Idle = 0 

BW Util Bottlenecks: 
RCDc_limit = 0 
RCDWRc_limit = 0 
WTRc_limit = 0 
RTWc_limit = 0 
CCDLc_limit = 0 
rwq = 0 
CCDLc_limit_alone = 0 
WTRc_limit_alone = 0 
RTWc_limit_alone = 0 

Commands details: 
total_CMD = 0 
n_nop = 0 
Read = 0 
Write = 0 
L2_Alloc = 0 
L2_WB = 0 
n_act = 0 
n_pre = 0 
n_ref = 0 
n_req = 0 
total_req = 0 

Dual Bus Interface Util: 
issued_total_row = 0 
issued_total_col = 0 
Row_Bus_Util =  -nan 
CoL_Bus_Util = -nan 
Either_Row_CoL_Bus_Util = -nan 
Issued_on_Two_Bus_Simul_Util = -nan 
issued_two_Eff = -nan 
queue_avg = -nan 


dram_util_bins: 0 0 0 0 0 0 0 0 0 0
dram_eff_bins: 0 0 0 0 0 0 0 0 0 0
mrqq: max=0 avg=-nan
Memory Partition 35: 
Cache L2_bank_070:
MSHR contents

Cache L2_bank_071:
MSHR contents

In Dram Latency Queue (total = 0): 
DRAM[35]: 16 bks, busW=8 BL=4 CL=19, tRRD=6 tCCD=1, tRCD=19 tRAS=45 tRP=19 tRC=50
n_cmd=0 n_nop=0 n_act=0 n_pre=0 n_ref_event=0 n_req=0 n_rd=0 n_rd_L2_A=0 n_write=0 n_wr_bk=0 bw_util=-nan
n_activity=0 dram_eff=-nan
bk0: 0a 0i bk1: 0a 0i bk2: 0a 0i bk3: 0a 0i bk4: 0a 0i bk5: 0a 0i bk6: 0a 0i bk7: 0a 0i bk8: 0a 0i bk9: 0a 0i bk10: 0a 0i bk11: 0a 0i bk12: 0a 0i bk13: 0a 0i bk14: 0a 0i bk15: 0a 0i 

------------------------------------------------------------------------

Row_Buffer_Locality = -nan
Row_Buffer_Locality_read = -nan
Row_Buffer_Locality_write = -nan
Bank_Level_Parallism = -nan
Bank_Level_Parallism_Col = -nan
Bank_Level_Parallism_Ready = -nan
write_to_read_ratio_blp_rw_average = -nan
GrpLevelPara = -nan 

BW Util details:
bwutil = -nan 
total_CMD = 0 
util_bw = 0 
Wasted_Col = 0 
Wasted_Row = 0 
Idle = 0 

BW Util Bottlenecks: 
RCDc_limit = 0 
RCDWRc_limit = 0 
WTRc_limit = 0 
RTWc_limit = 0 
CCDLc_limit = 0 
rwq = 0 
CCDLc_limit_alone = 0 
WTRc_limit_alone = 0 
RTWc_limit_alone = 0 

Commands details: 
total_CMD = 0 
n_nop = 0 
Read = 0 
Write = 0 
L2_Alloc = 0 
L2_WB = 0 
n_act = 0 
n_pre = 0 
n_ref = 0 
n_req = 0 
total_req = 0 

Dual Bus Interface Util: 
issued_total_row = 0 
issued_total_col = 0 
Row_Bus_Util =  -nan 
CoL_Bus_Util = -nan 
Either_Row_CoL_Bus_Util = -nan 
Issued_on_Two_Bus_Simul_Util = -nan 
issued_two_Eff = -nan 
queue_avg = -nan 


dram_util_bins: 0 0 0 0 0 0 0 0 0 0
dram_eff_bins: 0 0 0 0 0 0 0 0 0 0
mrqq: max=0 avg=-nan
Memory Partition 36: 
Cache L2_bank_072:
MSHR contents

Cache L2_bank_073:
MSHR contents

In Dram Latency Queue (total = 0): 
DRAM[36]: 16 bks, busW=8 BL=4 CL=19, tRRD=6 tCCD=1, tRCD=19 tRAS=45 tRP=19 tRC=50
n_cmd=0 n_nop=0 n_act=0 n_pre=0 n_ref_event=0 n_req=0 n_rd=0 n_rd_L2_A=0 n_write=0 n_wr_bk=0 bw_util=-nan
n_activity=0 dram_eff=-nan
bk0: 0a 0i bk1: 0a 0i bk2: 0a 0i bk3: 0a 0i bk4: 0a 0i bk5: 0a 0i bk6: 0a 0i bk7: 0a 0i bk8: 0a 0i bk9: 0a 0i bk10: 0a 0i bk11: 0a 0i bk12: 0a 0i bk13: 0a 0i bk14: 0a 0i bk15: 0a 0i 

------------------------------------------------------------------------

Row_Buffer_Locality = -nan
Row_Buffer_Locality_read = -nan
Row_Buffer_Locality_write = -nan
Bank_Level_Parallism = -nan
Bank_Level_Parallism_Col = -nan
Bank_Level_Parallism_Ready = -nan
write_to_read_ratio_blp_rw_average = -nan
GrpLevelPara = -nan 

BW Util details:
bwutil = -nan 
total_CMD = 0 
util_bw = 0 
Wasted_Col = 0 
Wasted_Row = 0 
Idle = 0 

BW Util Bottlenecks: 
RCDc_limit = 0 
RCDWRc_limit = 0 
WTRc_limit = 0 
RTWc_limit = 0 
CCDLc_limit = 0 
rwq = 0 
CCDLc_limit_alone = 0 
WTRc_limit_alone = 0 
RTWc_limit_alone = 0 

Commands details: 
total_CMD = 0 
n_nop = 0 
Read = 0 
Write = 0 
L2_Alloc = 0 
L2_WB = 0 
n_act = 0 
n_pre = 0 
n_ref = 0 
n_req = 0 
total_req = 0 

Dual Bus Interface Util: 
issued_total_row = 0 
issued_total_col = 0 
Row_Bus_Util =  -nan 
CoL_Bus_Util = -nan 
Either_Row_CoL_Bus_Util = -nan 
Issued_on_Two_Bus_Simul_Util = -nan 
issued_two_Eff = -nan 
queue_avg = -nan 


dram_util_bins: 0 0 0 0 0 0 0 0 0 0
dram_eff_bins: 0 0 0 0 0 0 0 0 0 0
mrqq: max=0 avg=-nan
Memory Partition 37: 
Cache L2_bank_074:
MSHR contents

Cache L2_bank_075:
MSHR contents

In Dram Latency Queue (total = 0): 
DRAM[37]: 16 bks, busW=8 BL=4 CL=19, tRRD=6 tCCD=1, tRCD=19 tRAS=45 tRP=19 tRC=50
n_cmd=0 n_nop=0 n_act=0 n_pre=0 n_ref_event=0 n_req=0 n_rd=0 n_rd_L2_A=0 n_write=0 n_wr_bk=0 bw_util=-nan
n_activity=0 dram_eff=-nan
bk0: 0a 0i bk1: 0a 0i bk2: 0a 0i bk3: 0a 0i bk4: 0a 0i bk5: 0a 0i bk6: 0a 0i bk7: 0a 0i bk8: 0a 0i bk9: 0a 0i bk10: 0a 0i bk11: 0a 0i bk12: 0a 0i bk13: 0a 0i bk14: 0a 0i bk15: 0a 0i 

------------------------------------------------------------------------

Row_Buffer_Locality = -nan
Row_Buffer_Locality_read = -nan
Row_Buffer_Locality_write = -nan
Bank_Level_Parallism = -nan
Bank_Level_Parallism_Col = -nan
Bank_Level_Parallism_Ready = -nan
write_to_read_ratio_blp_rw_average = -nan
GrpLevelPara = -nan 

BW Util details:
bwutil = -nan 
total_CMD = 0 
util_bw = 0 
Wasted_Col = 0 
Wasted_Row = 0 
Idle = 0 

BW Util Bottlenecks: 
RCDc_limit = 0 
RCDWRc_limit = 0 
WTRc_limit = 0 
RTWc_limit = 0 
CCDLc_limit = 0 
rwq = 0 
CCDLc_limit_alone = 0 
WTRc_limit_alone = 0 
RTWc_limit_alone = 0 

Commands details: 
total_CMD = 0 
n_nop = 0 
Read = 0 
Write = 0 
L2_Alloc = 0 
L2_WB = 0 
n_act = 0 
n_pre = 0 
n_ref = 0 
n_req = 0 
total_req = 0 

Dual Bus Interface Util: 
issued_total_row = 0 
issued_total_col = 0 
Row_Bus_Util =  -nan 
CoL_Bus_Util = -nan 
Either_Row_CoL_Bus_Util = -nan 
Issued_on_Two_Bus_Simul_Util = -nan 
issued_two_Eff = -nan 
queue_avg = -nan 


dram_util_bins: 0 0 0 0 0 0 0 0 0 0
dram_eff_bins: 0 0 0 0 0 0 0 0 0 0
mrqq: max=0 avg=-nan
Memory Partition 38: 
Cache L2_bank_076:
MSHR contents

Cache L2_bank_077:
MSHR contents

In Dram Latency Queue (total = 0): 
DRAM[38]: 16 bks, busW=8 BL=4 CL=19, tRRD=6 tCCD=1, tRCD=19 tRAS=45 tRP=19 tRC=50
n_cmd=0 n_nop=0 n_act=0 n_pre=0 n_ref_event=0 n_req=0 n_rd=0 n_rd_L2_A=0 n_write=0 n_wr_bk=0 bw_util=-nan
n_activity=0 dram_eff=-nan
bk0: 0a 0i bk1: 0a 0i bk2: 0a 0i bk3: 0a 0i bk4: 0a 0i bk5: 0a 0i bk6: 0a 0i bk7: 0a 0i bk8: 0a 0i bk9: 0a 0i bk10: 0a 0i bk11: 0a 0i bk12: 0a 0i bk13: 0a 0i bk14: 0a 0i bk15: 0a 0i 

------------------------------------------------------------------------

Row_Buffer_Locality = -nan
Row_Buffer_Locality_read = -nan
Row_Buffer_Locality_write = -nan
Bank_Level_Parallism = -nan
Bank_Level_Parallism_Col = -nan
Bank_Level_Parallism_Ready = -nan
write_to_read_ratio_blp_rw_average = -nan
GrpLevelPara = -nan 

BW Util details:
bwutil = -nan 
total_CMD = 0 
util_bw = 0 
Wasted_Col = 0 
Wasted_Row = 0 
Idle = 0 

BW Util Bottlenecks: 
RCDc_limit = 0 
RCDWRc_limit = 0 
WTRc_limit = 0 
RTWc_limit = 0 
CCDLc_limit = 0 
rwq = 0 
CCDLc_limit_alone = 0 
WTRc_limit_alone = 0 
RTWc_limit_alone = 0 

Commands details: 
total_CMD = 0 
n_nop = 0 
Read = 0 
Write = 0 
L2_Alloc = 0 
L2_WB = 0 
n_act = 0 
n_pre = 0 
n_ref = 0 
n_req = 0 
total_req = 0 

Dual Bus Interface Util: 
issued_total_row = 0 
issued_total_col = 0 
Row_Bus_Util =  -nan 
CoL_Bus_Util = -nan 
Either_Row_CoL_Bus_Util = -nan 
Issued_on_Two_Bus_Simul_Util = -nan 
issued_two_Eff = -nan 
queue_avg = -nan 


dram_util_bins: 0 0 0 0 0 0 0 0 0 0
dram_eff_bins: 0 0 0 0 0 0 0 0 0 0
mrqq: max=0 avg=-nan
Memory Partition 39: 
Cache L2_bank_078:
MSHR contents

Cache L2_bank_079:
MSHR contents

In Dram Latency Queue (total = 0): 
DRAM[39]: 16 bks, busW=8 BL=4 CL=19, tRRD=6 tCCD=1, tRCD=19 tRAS=45 tRP=19 tRC=50
n_cmd=0 n_nop=0 n_act=0 n_pre=0 n_ref_event=0 n_req=0 n_rd=0 n_rd_L2_A=0 n_write=0 n_wr_bk=0 bw_util=-nan
n_activity=0 dram_eff=-nan
bk0: 0a 0i bk1: 0a 0i bk2: 0a 0i bk3: 0a 0i bk4: 0a 0i bk5: 0a 0i bk6: 0a 0i bk7: 0a 0i bk8: 0a 0i bk9: 0a 0i bk10: 0a 0i bk11: 0a 0i bk12: 0a 0i bk13: 0a 0i bk14: 0a 0i bk15: 0a 0i 

------------------------------------------------------------------------

Row_Buffer_Locality = -nan
Row_Buffer_Locality_read = -nan
Row_Buffer_Locality_write = -nan
Bank_Level_Parallism = -nan
Bank_Level_Parallism_Col = -nan
Bank_Level_Parallism_Ready = -nan
write_to_read_ratio_blp_rw_average = -nan
GrpLevelPara = -nan 

BW Util details:
bwutil = -nan 
total_CMD = 0 
util_bw = 0 
Wasted_Col = 0 
Wasted_Row = 0 
Idle = 0 

BW Util Bottlenecks: 
RCDc_limit = 0 
RCDWRc_limit = 0 
WTRc_limit = 0 
RTWc_limit = 0 
CCDLc_limit = 0 
rwq = 0 
CCDLc_limit_alone = 0 
WTRc_limit_alone = 0 
RTWc_limit_alone = 0 

Commands details: 
total_CMD = 0 
n_nop = 0 
Read = 0 
Write = 0 
L2_Alloc = 0 
L2_WB = 0 
n_act = 0 
n_pre = 0 
n_ref = 0 
n_req = 0 
total_req = 0 

Dual Bus Interface Util: 
issued_total_row = 0 
issued_total_col = 0 
Row_Bus_Util =  -nan 
CoL_Bus_Util = -nan 
Either_Row_CoL_Bus_Util = -nan 
Issued_on_Two_Bus_Simul_Util = -nan 
issued_two_Eff = -nan 
queue_avg = -nan 


dram_util_bins: 0 0 0 0 0 0 0 0 0 0
dram_eff_bins: 0 0 0 0 0 0 0 0 0 0
mrqq: max=0 avg=-nan

========= L2 cache stats =========
L2_cache_bank[0]: Access = 852, Miss = 852, Miss_rate = 1.000, Pending_hits = 0, Reservation_fails = 0
L2_cache_bank[1]: Access = 852, Miss = 852, Miss_rate = 1.000, Pending_hits = 0, Reservation_fails = 0
L2_cache_bank[2]: Access = 852, Miss = 852, Miss_rate = 1.000, Pending_hits = 0, Reservation_fails = 0
L2_cache_bank[3]: Access = 852, Miss = 852, Miss_rate = 1.000, Pending_hits = 0, Reservation_fails = 0
L2_cache_bank[4]: Access = 852, Miss = 852, Miss_rate = 1.000, Pending_hits = 0, Reservation_fails = 0
L2_cache_bank[5]: Access = 852, Miss = 852, Miss_rate = 1.000, Pending_hits = 0, Reservation_fails = 0
L2_cache_bank[6]: Access = 848, Miss = 848, Miss_rate = 1.000, Pending_hits = 0, Reservation_fails = 0
L2_cache_bank[7]: Access = 848, Miss = 848, Miss_rate = 1.000, Pending_hits = 0, Reservation_fails = 0
L2_cache_bank[8]: Access = 848, Miss = 848, Miss_rate = 1.000, Pending_hits = 0, Reservation_fails = 0
L2_cache_bank[9]: Access = 848, Miss = 848, Miss_rate = 1.000, Pending_hits = 0, Reservation_fails = 0
L2_cache_bank[10]: Access = 852, Miss = 852, Miss_rate = 1.000, Pending_hits = 0, Reservation_fails = 0
L2_cache_bank[11]: Access = 852, Miss = 852, Miss_rate = 1.000, Pending_hits = 0, Reservation_fails = 0
L2_cache_bank[12]: Access = 852, Miss = 852, Miss_rate = 1.000, Pending_hits = 0, Reservation_fails = 0
L2_cache_bank[13]: Access = 852, Miss = 852, Miss_rate = 1.000, Pending_hits = 0, Reservation_fails = 0
L2_cache_bank[14]: Access = 852, Miss = 852, Miss_rate = 1.000, Pending_hits = 0, Reservation_fails = 0
L2_cache_bank[15]: Access = 852, Miss = 852, Miss_rate = 1.000, Pending_hits = 0, Reservation_fails = 0
L2_cache_bank[16]: Access = 852, Miss = 852, Miss_rate = 1.000, Pending_hits = 0, Reservation_fails = 0
L2_cache_bank[17]: Access = 852, Miss = 852, Miss_rate = 1.000, Pending_hits = 0, Reservation_fails = 0
L2_cache_bank[18]: Access = 852, Miss = 852, Miss_rate = 1.000, Pending_hits = 0, Reservation_fails = 0
L2_cache_bank[19]: Access = 852, Miss = 852, Miss_rate = 1.000, Pending_hits = 0, Reservation_fails = 0
L2_cache_bank[20]: Access = 868, Miss = 856, Miss_rate = 0.986, Pending_hits = 0, Reservation_fails = 0
L2_cache_bank[21]: Access = 868, Miss = 856, Miss_rate = 0.986, Pending_hits = 0, Reservation_fails = 0
L2_cache_bank[22]: Access = 852, Miss = 852, Miss_rate = 1.000, Pending_hits = 0, Reservation_fails = 0
L2_cache_bank[23]: Access = 868, Miss = 856, Miss_rate = 0.986, Pending_hits = 0, Reservation_fails = 0
L2_cache_bank[24]: Access = 884, Miss = 856, Miss_rate = 0.968, Pending_hits = 0, Reservation_fails = 0
L2_cache_bank[25]: Access = 852, Miss = 852, Miss_rate = 1.000, Pending_hits = 0, Reservation_fails = 0
L2_cache_bank[26]: Access = 852, Miss = 852, Miss_rate = 1.000, Pending_hits = 0, Reservation_fails = 0
L2_cache_bank[27]: Access = 853, Miss = 853, Miss_rate = 1.000, Pending_hits = 0, Reservation_fails = 0
L2_cache_bank[28]: Access = 864, Miss = 852, Miss_rate = 0.986, Pending_hits = 0, Reservation_fails = 0
L2_cache_bank[29]: Access = 848, Miss = 848, Miss_rate = 1.000, Pending_hits = 0, Reservation_fails = 0
L2_cache_bank[30]: Access = 848, Miss = 848, Miss_rate = 1.000, Pending_hits = 0, Reservation_fails = 0
L2_cache_bank[31]: Access = 848, Miss = 848, Miss_rate = 1.000, Pending_hits = 0, Reservation_fails = 0
L2_cache_bank[32]: Access = 852, Miss = 852, Miss_rate = 1.000, Pending_hits = 0, Reservation_fails = 0
L2_cache_bank[33]: Access = 852, Miss = 852, Miss_rate = 1.000, Pending_hits = 0, Reservation_fails = 0
L2_cache_bank[34]: Access = 852, Miss = 852, Miss_rate = 1.000, Pending_hits = 0, Reservation_fails = 0
L2_cache_bank[35]: Access = 852, Miss = 852, Miss_rate = 1.000, Pending_hits = 0, Reservation_fails = 0
L2_cache_bank[36]: Access = 852, Miss = 852, Miss_rate = 1.000, Pending_hits = 0, Reservation_fails = 0
L2_cache_bank[37]: Access = 852, Miss = 852, Miss_rate = 1.000, Pending_hits = 0, Reservation_fails = 0
L2_cache_bank[38]: Access = 856, Miss = 856, Miss_rate = 1.000, Pending_hits = 0, Reservation_fails = 0
L2_cache_bank[39]: Access = 856, Miss = 856, Miss_rate = 1.000, Pending_hits = 0, Reservation_fails = 0
L2_cache_bank[40]: Access = 204, Miss = 204, Miss_rate = 1.000, Pending_hits = 0, Reservation_fails = 0
L2_cache_bank[41]: Access = 212, Miss = 212, Miss_rate = 1.000, Pending_hits = 0, Reservation_fails = 0
L2_cache_bank[42]: Access = 216, Miss = 216, Miss_rate = 1.000, Pending_hits = 0, Reservation_fails = 0
L2_cache_bank[43]: Access = 212, Miss = 212, Miss_rate = 1.000, Pending_hits = 0, Reservation_fails = 0
L2_cache_bank[44]: Access = 212, Miss = 212, Miss_rate = 1.000, Pending_hits = 0, Reservation_fails = 0
L2_cache_bank[45]: Access = 208, Miss = 208, Miss_rate = 1.000, Pending_hits = 0, Reservation_fails = 0
L2_cache_bank[46]: Access = 208, Miss = 208, Miss_rate = 1.000, Pending_hits = 0, Reservation_fails = 0
L2_cache_bank[47]: Access = 216, Miss = 216, Miss_rate = 1.000, Pending_hits = 0, Reservation_fails = 0
L2_cache_bank[48]: Access = 212, Miss = 212, Miss_rate = 1.000, Pending_hits = 0, Reservation_fails = 0
L2_cache_bank[49]: Access = 204, Miss = 204, Miss_rate = 1.000, Pending_hits = 0, Reservation_fails = 0
L2_cache_bank[50]: Access = 220, Miss = 220, Miss_rate = 1.000, Pending_hits = 0, Reservation_fails = 0
L2_cache_bank[51]: Access = 212, Miss = 212, Miss_rate = 1.000, Pending_hits = 0, Reservation_fails = 0
L2_cache_bank[52]: Access = 208, Miss = 208, Miss_rate = 1.000, Pending_hits = 0, Reservation_fails = 0
L2_cache_bank[53]: Access = 216, Miss = 216, Miss_rate = 1.000, Pending_hits = 0, Reservation_fails = 0
L2_cache_bank[54]: Access = 216, Miss = 216, Miss_rate = 1.000, Pending_hits = 0, Reservation_fails = 0
L2_cache_bank[55]: Access = 212, Miss = 212, Miss_rate = 1.000, Pending_hits = 0, Reservation_fails = 0
L2_cache_bank[56]: Access = 212, Miss = 212, Miss_rate = 1.000, Pending_hits = 0, Reservation_fails = 0
L2_cache_bank[57]: Access = 208, Miss = 208, Miss_rate = 1.000, Pending_hits = 0, Reservation_fails = 0
L2_cache_bank[58]: Access = 212, Miss = 212, Miss_rate = 1.000, Pending_hits = 0, Reservation_fails = 0
L2_cache_bank[59]: Access = 220, Miss = 220, Miss_rate = 1.000, Pending_hits = 0, Reservation_fails = 0
L2_cache_bank[60]: Access = 212, Miss = 212, Miss_rate = 1.000, Pending_hits = 0, Reservation_fails = 0
L2_cache_bank[61]: Access = 208, Miss = 208, Miss_rate = 1.000, Pending_hits = 0, Reservation_fails = 0
L2_cache_bank[62]: Access = 200, Miss = 200, Miss_rate = 1.000, Pending_hits = 0, Reservation_fails = 0
L2_cache_bank[63]: Access = 204, Miss = 204, Miss_rate = 1.000, Pending_hits = 0, Reservation_fails = 0
L2_cache_bank[64]: Access = 208, Miss = 208, Miss_rate = 1.000, Pending_hits = 0, Reservation_fails = 0
L2_cache_bank[65]: Access = 208, Miss = 208, Miss_rate = 1.000, Pending_hits = 0, Reservation_fails = 0
L2_cache_bank[66]: Access = 212, Miss = 212, Miss_rate = 1.000, Pending_hits = 0, Reservation_fails = 0
L2_cache_bank[67]: Access = 204, Miss = 204, Miss_rate = 1.000, Pending_hits = 0, Reservation_fails = 0
L2_cache_bank[68]: Access = 212, Miss = 212, Miss_rate = 1.000, Pending_hits = 0, Reservation_fails = 0
L2_cache_bank[69]: Access = 220, Miss = 220, Miss_rate = 1.000, Pending_hits = 0, Reservation_fails = 0
L2_cache_bank[70]: Access = 200, Miss = 200, Miss_rate = 1.000, Pending_hits = 0, Reservation_fails = 0
L2_cache_bank[71]: Access = 208, Miss = 208, Miss_rate = 1.000, Pending_hits = 0, Reservation_fails = 0
L2_cache_bank[72]: Access = 216, Miss = 216, Miss_rate = 1.000, Pending_hits = 0, Reservation_fails = 0
L2_cache_bank[73]: Access = 208, Miss = 208, Miss_rate = 1.000, Pending_hits = 0, Reservation_fails = 0
L2_cache_bank[74]: Access = 216, Miss = 216, Miss_rate = 1.000, Pending_hits = 0, Reservation_fails = 0
L2_cache_bank[75]: Access = 212, Miss = 212, Miss_rate = 1.000, Pending_hits = 0, Reservation_fails = 0
L2_cache_bank[76]: Access = 216, Miss = 216, Miss_rate = 1.000, Pending_hits = 0, Reservation_fails = 0
L2_cache_bank[77]: Access = 224, Miss = 224, Miss_rate = 1.000, Pending_hits = 0, Reservation_fails = 0
L2_cache_bank[78]: Access = 212, Miss = 212, Miss_rate = 1.000, Pending_hits = 0, Reservation_fails = 0
L2_cache_bank[79]: Access = 208, Miss = 208, Miss_rate = 1.000, Pending_hits = 0, Reservation_fails = 0
L2_total_cache_accesses = 42601
L2_total_cache_misses = 42525
L2_total_cache_miss_rate = 0.9982
L2_total_cache_pending_hits = 0
L2_total_cache_reservation_fails = 0
L2_total_cache_breakdown:
	L2_cache_stats_breakdown[GLOBAL_ACC_R][HIT] = 44
	L2_cache_stats_breakdown[GLOBAL_ACC_R][HIT_RESERVED] = 0
	L2_cache_stats_breakdown[GLOBAL_ACC_R][MISS] = 4230
	L2_cache_stats_breakdown[GLOBAL_ACC_R][RESERVATION_FAIL] = 0
	L2_cache_stats_breakdown[GLOBAL_ACC_R][SECTOR_MISS] = 12687
	L2_cache_stats_breakdown[GLOBAL_ACC_R][MSHR_HIT] = 0
	L2_cache_stats_breakdown[GLOBAL_ACC_R][WRITE_ALLOCATED] = 0
	L2_cache_stats_breakdown[CHIPLET_ACC_R][HIT] = 0
	L2_cache_stats_breakdown[CHIPLET_ACC_R][HIT_RESERVED] = 0
	L2_cache_stats_breakdown[CHIPLET_ACC_R][MISS] = 2112
	L2_cache_stats_breakdown[CHIPLET_ACC_R][RESERVATION_FAIL] = 0
	L2_cache_stats_breakdown[CHIPLET_ACC_R][SECTOR_MISS] = 6336
	L2_cache_stats_breakdown[CHIPLET_ACC_R][MSHR_HIT] = 0
	L2_cache_stats_breakdown[CHIPLET_ACC_R][WRITE_ALLOCATED] = 0
	L2_cache_stats_breakdown[LOCAL_ACC_R][HIT] = 0
	L2_cache_stats_breakdown[LOCAL_ACC_R][HIT_RESERVED] = 0
	L2_cache_stats_breakdown[LOCAL_ACC_R][MISS] = 0
	L2_cache_stats_breakdown[LOCAL_ACC_R][RESERVATION_FAIL] = 0
	L2_cache_stats_breakdown[LOCAL_ACC_R][SECTOR_MISS] = 0
	L2_cache_stats_breakdown[LOCAL_ACC_R][MSHR_HIT] = 0
	L2_cache_stats_breakdown[LOCAL_ACC_R][WRITE_ALLOCATED] = 0
	L2_cache_stats_breakdown[CONST_ACC_R][HIT] = 0
	L2_cache_stats_breakdown[CONST_ACC_R][HIT_RESERVED] = 0
	L2_cache_stats_breakdown[CONST_ACC_R][MISS] = 0
	L2_cache_stats_breakdown[CONST_ACC_R][RESERVATION_FAIL] = 0
	L2_cache_stats_breakdown[CONST_ACC_R][SECTOR_MISS] = 0
	L2_cache_stats_breakdown[CONST_ACC_R][MSHR_HIT] = 0
	L2_cache_stats_breakdown[CONST_ACC_R][WRITE_ALLOCATED] = 0
	L2_cache_stats_breakdown[TEXTURE_ACC_R][HIT] = 0
	L2_cache_stats_breakdown[TEXTURE_ACC_R][HIT_RESERVED] = 0
	L2_cache_stats_breakdown[TEXTURE_ACC_R][MISS] = 0
	L2_cache_stats_breakdown[TEXTURE_ACC_R][RESERVATION_FAIL] = 0
	L2_cache_stats_breakdown[TEXTURE_ACC_R][SECTOR_MISS] = 0
	L2_cache_stats_breakdown[TEXTURE_ACC_R][MSHR_HIT] = 0
	L2_cache_stats_breakdown[TEXTURE_ACC_R][WRITE_ALLOCATED] = 0
	L2_cache_stats_breakdown[GLOBAL_ACC_W][HIT] = 32
	L2_cache_stats_breakdown[GLOBAL_ACC_W][HIT_RESERVED] = 0
	L2_cache_stats_breakdown[GLOBAL_ACC_W][MISS] = 4290
	L2_cache_stats_breakdown[GLOBAL_ACC_W][RESERVATION_FAIL] = 0
	L2_cache_stats_breakdown[GLOBAL_ACC_W][SECTOR_MISS] = 12870
	L2_cache_stats_breakdown[GLOBAL_ACC_W][MSHR_HIT] = 0
	L2_cache_stats_breakdown[GLOBAL_ACC_W][WRITE_ALLOCATED] = 17160
	L2_cache_stats_breakdown[CHIPLET_ACC_W][HIT] = 0
	L2_cache_stats_breakdown[CHIPLET_ACC_W][HIT_RESERVED] = 0
	L2_cache_stats_breakdown[CHIPLET_ACC_W][MISS] = 0
	L2_cache_stats_breakdown[CHIPLET_ACC_W][RESERVATION_FAIL] = 0
	L2_cache_stats_breakdown[CHIPLET_ACC_W][SECTOR_MISS] = 0
	L2_cache_stats_breakdown[CHIPLET_ACC_W][MSHR_HIT] = 0
	L2_cache_stats_breakdown[CHIPLET_ACC_W][WRITE_ALLOCATED] = 0
	L2_cache_stats_breakdown[LOCAL_ACC_W][HIT] = 0
	L2_cache_stats_breakdown[LOCAL_ACC_W][HIT_RESERVED] = 0
	L2_cache_stats_breakdown[LOCAL_ACC_W][MISS] = 0
	L2_cache_stats_breakdown[LOCAL_ACC_W][RESERVATION_FAIL] = 0
	L2_cache_stats_breakdown[LOCAL_ACC_W][SECTOR_MISS] = 0
	L2_cache_stats_breakdown[LOCAL_ACC_W][MSHR_HIT] = 0
	L2_cache_stats_breakdown[LOCAL_ACC_W][WRITE_ALLOCATED] = 0
	L2_cache_stats_breakdown[L1_WRBK_ACC][HIT] = 0
	L2_cache_stats_breakdown[L1_WRBK_ACC][HIT_RESERVED] = 0
	L2_cache_stats_breakdown[L1_WRBK_ACC][MISS] = 0
	L2_cache_stats_breakdown[L1_WRBK_ACC][RESERVATION_FAIL] = 0
	L2_cache_stats_breakdown[L1_WRBK_ACC][SECTOR_MISS] = 0
	L2_cache_stats_breakdown[L1_WRBK_ACC][MSHR_HIT] = 0
	L2_cache_stats_breakdown[L1_WRBK_ACC][WRITE_ALLOCATED] = 0
	L2_cache_stats_breakdown[L2_WRBK_ACC][HIT] = 0
	L2_cache_stats_breakdown[L2_WRBK_ACC][HIT_RESERVED] = 0
	L2_cache_stats_breakdown[L2_WRBK_ACC][MISS] = 0
	L2_cache_stats_breakdown[L2_WRBK_ACC][RESERVATION_FAIL] = 0
	L2_cache_stats_breakdown[L2_WRBK_ACC][SECTOR_MISS] = 0
	L2_cache_stats_breakdown[L2_WRBK_ACC][MSHR_HIT] = 0
	L2_cache_stats_breakdown[L2_WRBK_ACC][WRITE_ALLOCATED] = 0
	L2_cache_stats_breakdown[INST_ACC_R][HIT] = 0
	L2_cache_stats_breakdown[INST_ACC_R][HIT_RESERVED] = 0
	L2_cache_stats_breakdown[INST_ACC_R][MISS] = 0
	L2_cache_stats_breakdown[INST_ACC_R][RESERVATION_FAIL] = 0
	L2_cache_stats_breakdown[INST_ACC_R][SECTOR_MISS] = 0
	L2_cache_stats_breakdown[INST_ACC_R][MSHR_HIT] = 0
	L2_cache_stats_breakdown[INST_ACC_R][WRITE_ALLOCATED] = 0
	L2_cache_stats_breakdown[L1_WR_ALLOC_R][HIT] = 0
	L2_cache_stats_breakdown[L1_WR_ALLOC_R][HIT_RESERVED] = 0
	L2_cache_stats_breakdown[L1_WR_ALLOC_R][MISS] = 0
	L2_cache_stats_breakdown[L1_WR_ALLOC_R][RESERVATION_FAIL] = 0
	L2_cache_stats_breakdown[L1_WR_ALLOC_R][SECTOR_MISS] = 0
	L2_cache_stats_breakdown[L1_WR_ALLOC_R][MSHR_HIT] = 0
	L2_cache_stats_breakdown[L1_WR_ALLOC_R][WRITE_ALLOCATED] = 0
	L2_cache_stats_breakdown[L2_WR_ALLOC_R][HIT] = 0
	L2_cache_stats_breakdown[L2_WR_ALLOC_R][HIT_RESERVED] = 0
	L2_cache_stats_breakdown[L2_WR_ALLOC_R][MISS] = 0
	L2_cache_stats_breakdown[L2_WR_ALLOC_R][RESERVATION_FAIL] = 0
	L2_cache_stats_breakdown[L2_WR_ALLOC_R][SECTOR_MISS] = 0
	L2_cache_stats_breakdown[L2_WR_ALLOC_R][MSHR_HIT] = 0
	L2_cache_stats_breakdown[L2_WR_ALLOC_R][WRITE_ALLOCATED] = 0
	L2_cache_stats_breakdown[GLOBAL_ACC_R][TOTAL_ACCESS] = 16961
	L2_cache_stats_breakdown[CHIPLET_ACC_R][TOTAL_ACCESS] = 8448
	L2_cache_stats_breakdown[GLOBAL_ACC_W][TOTAL_ACCESS] = 17192
L2_total_cache_reservation_fail_breakdown:
L2_cache_data_port_util = 0.000
L2_cache_fill_port_util = 0.001

icnt_total_pkts_mem_to_simt=51312
icnt_total_pkts_simt_to_mem=51576
LD_mem_lat_dist  0 0 0 0 0 0 0 0 0 0 0 0 0 0 0 0 0 0 0 0 0 0 0 0 0 0 0
ST_mem_lat_dist  0 0 0 0 0 0 0 0 0 0 0 0 0 0 0 0 0 0 0 0 0 0 0 0 0 0 0
----------------------------Interconnect-DETAILS--------------------------------
Class 0:
Packet latency average = 99.8984
	minimum = 4
	maximum = 259
Network latency average = 4.46022
	minimum = 4
	maximum = 11
Slowest packet = 0
Flit latency average = 4.46022
	minimum = 4
	maximum = 11
Slowest flit = 5944
Fragmentation average = 0
	minimum = 0
	maximum = 0
Injected packet rate average = 0.0013933
	minimum = 0 (at node 2)
	maximum = 0.130936 (at node 1)
Accepted packet rate average = 0.0013933
	minimum = 0 (at node 2)
	maximum = 0.130936 (at node 1)
Injected flit rate average = 0.0013933
	minimum = 0 (at node 2)
	maximum = 0.130936 (at node 1)
Accepted flit rate average= 0.0013933
	minimum = 0 (at node 2)
	maximum = 0.130936 (at node 1)
Injected packet length average = 1
Accepted packet length average = 1
Total in-flight flits = 0 (0 measured)
====== Overall Traffic Statistics ======
====== Traffic class 0 ======
Packet latency average = 98.5533 (2 samples)
	minimum = 4 (2 samples)
	maximum = 259 (2 samples)
Network latency average = 4.45834 (2 samples)
	minimum = 4 (2 samples)
	maximum = 10 (2 samples)
Flit latency average = 4.45834 (2 samples)
	minimum = 4 (2 samples)
	maximum = 10 (2 samples)
Fragmentation average = 0 (2 samples)
	minimum = 0 (2 samples)
	maximum = 0 (2 samples)
Injected packet rate average = 0.00104708 (2 samples)
	minimum = 0 (2 samples)
	maximum = 0.0994593 (2 samples)
Accepted packet rate average = 0.00104708 (2 samples)
	minimum = 0 (2 samples)
	maximum = 0.0994593 (2 samples)
Injected flit rate average = 0.00104708 (2 samples)
	minimum = 0 (2 samples)
	maximum = 0.0994593 (2 samples)
Accepted flit rate average = 0.00104708 (2 samples)
	minimum = 0 (2 samples)
	maximum = 0.0994593 (2 samples)
Injected packet size average = 1 (2 samples)
Accepted packet size average = 1 (2 samples)
Hops average = 1 (2 samples)
----------------------------END-of-Interconnect-DETAILS-------------------------


gpgpu_simulation_time = 0 days, 0 hrs, 0 min, 17 sec (17 sec)
gpgpu_simulation_rate = 166438 (inst/sec)
gpgpu_simulation_rate = 7454 (cycle/sec)
gpgpu_silicon_slowdown = 235444x
Processing kernel /localhome/tsousape/cam_with_gpu/traces/sched_A_1_117/traces/kernel-3-ctx_0x556737245480.tracez
-kernel name = _Z8sched_acPjPKjS_PfiiiiPy
-kernel id = 3
-grid dim = (1,1,1)
-block dim = (128,1,1)
-shmem = 33032
-nregs = 31
-binary version = 90
-cuda stream id = 0
-shmem base_addr = 0x00007f6200000000
-local mem base_addr = 0x00007f6165000000
-nvbit version = 1.8
-accelsim tracer version = 6
-enable lineinfo = 0
Header info loaded for kernel command : /localhome/tsousape/cam_with_gpu/traces/sched_A_1_117/traces/kernel-3-ctx_0x556737245480.tracez
launching kernel name: _Z8sched_acPjPKjS_PfiiiiPy uid: 3 cuda_stream_id: 0
GPGPU-Sim uArch: Shader 2 bind to kernel 3 '_Z8sched_acPjPKjS_PfiiiiPy'
GPGPU-Sim: Reconfigure L1 cache to 192KB
thread block = 0,0,0
Destroy streams for kernel 3: size 0
kernel_name = _Z8sched_acPjPKjS_PfiiiiPy 
kernel_launch_uid = 3 
kernel_stream_id = 0
gpu_sim_cycle = 233998
gpu_sim_insn = 5465761
gpu_ipc =      23.3582
gpu_tot_sim_cycle = 360717
gpu_tot_sim_insn = 8295208
gpu_tot_ipc =      22.9964
gpu_tot_issued_cta = 3
gpu_occupancy = 6.2498% 
gpu_tot_occupancy = 6.2497% 
max_total_param_size = 0
gpu_stall_dramfull = 0
gpu_stall_icnt2sh    = 0
partiton_level_parallism =       0.2835
partiton_level_parallism_total  =       0.2789
partiton_level_parallism_util =       1.0000
partiton_level_parallism_util_total  =       1.0000
L2_BW  =      15.9208 GB/Sec
L2_BW_total  =      15.6605 GB/Sec
gpu_total_sim_rate=172816

========= Core cache stats =========
L1I_cache:
	L1I_total_cache_accesses = 0
	L1I_total_cache_misses = 0
	L1I_total_cache_pending_hits = 0
	L1I_total_cache_reservation_fails = 0
L1D_cache:
	L1D_cache_core[0]: Access = 32, Miss = 16, Miss_rate = 0.500, Pending_hits = 0, Reservation_fails = 0
	L1D_cache_core[1]: Access = 32, Miss = 16, Miss_rate = 0.500, Pending_hits = 0, Reservation_fails = 0
	L1D_cache_core[2]: Access = 32, Miss = 16, Miss_rate = 0.500, Pending_hits = 0, Reservation_fails = 0
	L1D_cache_core[3]: Access = 0, Miss = 0, Miss_rate = -nan, Pending_hits = 0, Reservation_fails = 0
	L1D_cache_core[4]: Access = 0, Miss = 0, Miss_rate = -nan, Pending_hits = 0, Reservation_fails = 0
	L1D_cache_core[5]: Access = 0, Miss = 0, Miss_rate = -nan, Pending_hits = 0, Reservation_fails = 0
	L1D_cache_core[6]: Access = 0, Miss = 0, Miss_rate = -nan, Pending_hits = 0, Reservation_fails = 0
	L1D_cache_core[7]: Access = 0, Miss = 0, Miss_rate = -nan, Pending_hits = 0, Reservation_fails = 0
	L1D_cache_core[8]: Access = 0, Miss = 0, Miss_rate = -nan, Pending_hits = 0, Reservation_fails = 0
	L1D_cache_core[9]: Access = 0, Miss = 0, Miss_rate = -nan, Pending_hits = 0, Reservation_fails = 0
	L1D_cache_core[10]: Access = 0, Miss = 0, Miss_rate = -nan, Pending_hits = 0, Reservation_fails = 0
	L1D_cache_core[11]: Access = 0, Miss = 0, Miss_rate = -nan, Pending_hits = 0, Reservation_fails = 0
	L1D_cache_core[12]: Access = 0, Miss = 0, Miss_rate = -nan, Pending_hits = 0, Reservation_fails = 0
	L1D_cache_core[13]: Access = 0, Miss = 0, Miss_rate = -nan, Pending_hits = 0, Reservation_fails = 0
	L1D_cache_core[14]: Access = 0, Miss = 0, Miss_rate = -nan, Pending_hits = 0, Reservation_fails = 0
	L1D_cache_core[15]: Access = 0, Miss = 0, Miss_rate = -nan, Pending_hits = 0, Reservation_fails = 0
	L1D_cache_core[16]: Access = 0, Miss = 0, Miss_rate = -nan, Pending_hits = 0, Reservation_fails = 0
	L1D_cache_core[17]: Access = 0, Miss = 0, Miss_rate = -nan, Pending_hits = 0, Reservation_fails = 0
	L1D_cache_core[18]: Access = 0, Miss = 0, Miss_rate = -nan, Pending_hits = 0, Reservation_fails = 0
	L1D_cache_core[19]: Access = 0, Miss = 0, Miss_rate = -nan, Pending_hits = 0, Reservation_fails = 0
	L1D_cache_core[20]: Access = 0, Miss = 0, Miss_rate = -nan, Pending_hits = 0, Reservation_fails = 0
	L1D_cache_core[21]: Access = 0, Miss = 0, Miss_rate = -nan, Pending_hits = 0, Reservation_fails = 0
	L1D_cache_core[22]: Access = 0, Miss = 0, Miss_rate = -nan, Pending_hits = 0, Reservation_fails = 0
	L1D_cache_core[23]: Access = 0, Miss = 0, Miss_rate = -nan, Pending_hits = 0, Reservation_fails = 0
	L1D_cache_core[24]: Access = 0, Miss = 0, Miss_rate = -nan, Pending_hits = 0, Reservation_fails = 0
	L1D_cache_core[25]: Access = 0, Miss = 0, Miss_rate = -nan, Pending_hits = 0, Reservation_fails = 0
	L1D_cache_core[26]: Access = 0, Miss = 0, Miss_rate = -nan, Pending_hits = 0, Reservation_fails = 0
	L1D_cache_core[27]: Access = 0, Miss = 0, Miss_rate = -nan, Pending_hits = 0, Reservation_fails = 0
	L1D_cache_core[28]: Access = 0, Miss = 0, Miss_rate = -nan, Pending_hits = 0, Reservation_fails = 0
	L1D_cache_core[29]: Access = 0, Miss = 0, Miss_rate = -nan, Pending_hits = 0, Reservation_fails = 0
	L1D_cache_core[30]: Access = 0, Miss = 0, Miss_rate = -nan, Pending_hits = 0, Reservation_fails = 0
	L1D_cache_core[31]: Access = 0, Miss = 0, Miss_rate = -nan, Pending_hits = 0, Reservation_fails = 0
	L1D_cache_core[32]: Access = 0, Miss = 0, Miss_rate = -nan, Pending_hits = 0, Reservation_fails = 0
	L1D_cache_core[33]: Access = 0, Miss = 0, Miss_rate = -nan, Pending_hits = 0, Reservation_fails = 0
	L1D_cache_core[34]: Access = 0, Miss = 0, Miss_rate = -nan, Pending_hits = 0, Reservation_fails = 0
	L1D_cache_core[35]: Access = 0, Miss = 0, Miss_rate = -nan, Pending_hits = 0, Reservation_fails = 0
	L1D_cache_core[36]: Access = 0, Miss = 0, Miss_rate = -nan, Pending_hits = 0, Reservation_fails = 0
	L1D_cache_core[37]: Access = 0, Miss = 0, Miss_rate = -nan, Pending_hits = 0, Reservation_fails = 0
	L1D_cache_core[38]: Access = 0, Miss = 0, Miss_rate = -nan, Pending_hits = 0, Reservation_fails = 0
	L1D_cache_core[39]: Access = 0, Miss = 0, Miss_rate = -nan, Pending_hits = 0, Reservation_fails = 0
	L1D_cache_core[40]: Access = 0, Miss = 0, Miss_rate = -nan, Pending_hits = 0, Reservation_fails = 0
	L1D_cache_core[41]: Access = 0, Miss = 0, Miss_rate = -nan, Pending_hits = 0, Reservation_fails = 0
	L1D_cache_core[42]: Access = 0, Miss = 0, Miss_rate = -nan, Pending_hits = 0, Reservation_fails = 0
	L1D_cache_core[43]: Access = 0, Miss = 0, Miss_rate = -nan, Pending_hits = 0, Reservation_fails = 0
	L1D_cache_core[44]: Access = 0, Miss = 0, Miss_rate = -nan, Pending_hits = 0, Reservation_fails = 0
	L1D_cache_core[45]: Access = 0, Miss = 0, Miss_rate = -nan, Pending_hits = 0, Reservation_fails = 0
	L1D_cache_core[46]: Access = 0, Miss = 0, Miss_rate = -nan, Pending_hits = 0, Reservation_fails = 0
	L1D_cache_core[47]: Access = 0, Miss = 0, Miss_rate = -nan, Pending_hits = 0, Reservation_fails = 0
	L1D_cache_core[48]: Access = 0, Miss = 0, Miss_rate = -nan, Pending_hits = 0, Reservation_fails = 0
	L1D_cache_core[49]: Access = 0, Miss = 0, Miss_rate = -nan, Pending_hits = 0, Reservation_fails = 0
	L1D_cache_core[50]: Access = 0, Miss = 0, Miss_rate = -nan, Pending_hits = 0, Reservation_fails = 0
	L1D_cache_core[51]: Access = 0, Miss = 0, Miss_rate = -nan, Pending_hits = 0, Reservation_fails = 0
	L1D_cache_core[52]: Access = 0, Miss = 0, Miss_rate = -nan, Pending_hits = 0, Reservation_fails = 0
	L1D_cache_core[53]: Access = 0, Miss = 0, Miss_rate = -nan, Pending_hits = 0, Reservation_fails = 0
	L1D_cache_core[54]: Access = 0, Miss = 0, Miss_rate = -nan, Pending_hits = 0, Reservation_fails = 0
	L1D_cache_core[55]: Access = 0, Miss = 0, Miss_rate = -nan, Pending_hits = 0, Reservation_fails = 0
	L1D_cache_core[56]: Access = 0, Miss = 0, Miss_rate = -nan, Pending_hits = 0, Reservation_fails = 0
	L1D_cache_core[57]: Access = 0, Miss = 0, Miss_rate = -nan, Pending_hits = 0, Reservation_fails = 0
	L1D_cache_core[58]: Access = 0, Miss = 0, Miss_rate = -nan, Pending_hits = 0, Reservation_fails = 0
	L1D_cache_core[59]: Access = 0, Miss = 0, Miss_rate = -nan, Pending_hits = 0, Reservation_fails = 0
	L1D_cache_core[60]: Access = 0, Miss = 0, Miss_rate = -nan, Pending_hits = 0, Reservation_fails = 0
	L1D_cache_core[61]: Access = 0, Miss = 0, Miss_rate = -nan, Pending_hits = 0, Reservation_fails = 0
	L1D_cache_core[62]: Access = 0, Miss = 0, Miss_rate = -nan, Pending_hits = 0, Reservation_fails = 0
	L1D_cache_core[63]: Access = 0, Miss = 0, Miss_rate = -nan, Pending_hits = 0, Reservation_fails = 0
	L1D_cache_core[64]: Access = 0, Miss = 0, Miss_rate = -nan, Pending_hits = 0, Reservation_fails = 0
	L1D_cache_core[65]: Access = 0, Miss = 0, Miss_rate = -nan, Pending_hits = 0, Reservation_fails = 0
	L1D_cache_core[66]: Access = 0, Miss = 0, Miss_rate = -nan, Pending_hits = 0, Reservation_fails = 0
	L1D_cache_core[67]: Access = 0, Miss = 0, Miss_rate = -nan, Pending_hits = 0, Reservation_fails = 0
	L1D_cache_core[68]: Access = 0, Miss = 0, Miss_rate = -nan, Pending_hits = 0, Reservation_fails = 0
	L1D_cache_core[69]: Access = 0, Miss = 0, Miss_rate = -nan, Pending_hits = 0, Reservation_fails = 0
	L1D_cache_core[70]: Access = 0, Miss = 0, Miss_rate = -nan, Pending_hits = 0, Reservation_fails = 0
	L1D_cache_core[71]: Access = 0, Miss = 0, Miss_rate = -nan, Pending_hits = 0, Reservation_fails = 0
	L1D_cache_core[72]: Access = 0, Miss = 0, Miss_rate = -nan, Pending_hits = 0, Reservation_fails = 0
	L1D_cache_core[73]: Access = 0, Miss = 0, Miss_rate = -nan, Pending_hits = 0, Reservation_fails = 0
	L1D_cache_core[74]: Access = 0, Miss = 0, Miss_rate = -nan, Pending_hits = 0, Reservation_fails = 0
	L1D_cache_core[75]: Access = 0, Miss = 0, Miss_rate = -nan, Pending_hits = 0, Reservation_fails = 0
	L1D_cache_core[76]: Access = 0, Miss = 0, Miss_rate = -nan, Pending_hits = 0, Reservation_fails = 0
	L1D_cache_core[77]: Access = 0, Miss = 0, Miss_rate = -nan, Pending_hits = 0, Reservation_fails = 0
	L1D_cache_core[78]: Access = 0, Miss = 0, Miss_rate = -nan, Pending_hits = 0, Reservation_fails = 0
	L1D_cache_core[79]: Access = 0, Miss = 0, Miss_rate = -nan, Pending_hits = 0, Reservation_fails = 0
	L1D_cache_core[80]: Access = 0, Miss = 0, Miss_rate = -nan, Pending_hits = 0, Reservation_fails = 0
	L1D_cache_core[81]: Access = 0, Miss = 0, Miss_rate = -nan, Pending_hits = 0, Reservation_fails = 0
	L1D_cache_core[82]: Access = 0, Miss = 0, Miss_rate = -nan, Pending_hits = 0, Reservation_fails = 0
	L1D_cache_core[83]: Access = 0, Miss = 0, Miss_rate = -nan, Pending_hits = 0, Reservation_fails = 0
	L1D_cache_core[84]: Access = 0, Miss = 0, Miss_rate = -nan, Pending_hits = 0, Reservation_fails = 0
	L1D_cache_core[85]: Access = 0, Miss = 0, Miss_rate = -nan, Pending_hits = 0, Reservation_fails = 0
	L1D_cache_core[86]: Access = 0, Miss = 0, Miss_rate = -nan, Pending_hits = 0, Reservation_fails = 0
	L1D_cache_core[87]: Access = 0, Miss = 0, Miss_rate = -nan, Pending_hits = 0, Reservation_fails = 0
	L1D_cache_core[88]: Access = 0, Miss = 0, Miss_rate = -nan, Pending_hits = 0, Reservation_fails = 0
	L1D_cache_core[89]: Access = 0, Miss = 0, Miss_rate = -nan, Pending_hits = 0, Reservation_fails = 0
	L1D_cache_core[90]: Access = 0, Miss = 0, Miss_rate = -nan, Pending_hits = 0, Reservation_fails = 0
	L1D_cache_core[91]: Access = 0, Miss = 0, Miss_rate = -nan, Pending_hits = 0, Reservation_fails = 0
	L1D_cache_core[92]: Access = 0, Miss = 0, Miss_rate = -nan, Pending_hits = 0, Reservation_fails = 0
	L1D_cache_core[93]: Access = 0, Miss = 0, Miss_rate = -nan, Pending_hits = 0, Reservation_fails = 0
	L1D_cache_core[94]: Access = 0, Miss = 0, Miss_rate = -nan, Pending_hits = 0, Reservation_fails = 0
	L1D_cache_core[95]: Access = 0, Miss = 0, Miss_rate = -nan, Pending_hits = 0, Reservation_fails = 0
	L1D_cache_core[96]: Access = 0, Miss = 0, Miss_rate = -nan, Pending_hits = 0, Reservation_fails = 0
	L1D_cache_core[97]: Access = 0, Miss = 0, Miss_rate = -nan, Pending_hits = 0, Reservation_fails = 0
	L1D_cache_core[98]: Access = 0, Miss = 0, Miss_rate = -nan, Pending_hits = 0, Reservation_fails = 0
	L1D_cache_core[99]: Access = 0, Miss = 0, Miss_rate = -nan, Pending_hits = 0, Reservation_fails = 0
	L1D_cache_core[100]: Access = 0, Miss = 0, Miss_rate = -nan, Pending_hits = 0, Reservation_fails = 0
	L1D_cache_core[101]: Access = 0, Miss = 0, Miss_rate = -nan, Pending_hits = 0, Reservation_fails = 0
	L1D_cache_core[102]: Access = 0, Miss = 0, Miss_rate = -nan, Pending_hits = 0, Reservation_fails = 0
	L1D_cache_core[103]: Access = 0, Miss = 0, Miss_rate = -nan, Pending_hits = 0, Reservation_fails = 0
	L1D_cache_core[104]: Access = 0, Miss = 0, Miss_rate = -nan, Pending_hits = 0, Reservation_fails = 0
	L1D_cache_core[105]: Access = 0, Miss = 0, Miss_rate = -nan, Pending_hits = 0, Reservation_fails = 0
	L1D_cache_core[106]: Access = 0, Miss = 0, Miss_rate = -nan, Pending_hits = 0, Reservation_fails = 0
	L1D_cache_core[107]: Access = 0, Miss = 0, Miss_rate = -nan, Pending_hits = 0, Reservation_fails = 0
	L1D_cache_core[108]: Access = 0, Miss = 0, Miss_rate = -nan, Pending_hits = 0, Reservation_fails = 0
	L1D_cache_core[109]: Access = 0, Miss = 0, Miss_rate = -nan, Pending_hits = 0, Reservation_fails = 0
	L1D_cache_core[110]: Access = 0, Miss = 0, Miss_rate = -nan, Pending_hits = 0, Reservation_fails = 0
	L1D_cache_core[111]: Access = 0, Miss = 0, Miss_rate = -nan, Pending_hits = 0, Reservation_fails = 0
	L1D_cache_core[112]: Access = 0, Miss = 0, Miss_rate = -nan, Pending_hits = 0, Reservation_fails = 0
	L1D_cache_core[113]: Access = 0, Miss = 0, Miss_rate = -nan, Pending_hits = 0, Reservation_fails = 0
	L1D_total_cache_accesses = 96
	L1D_total_cache_misses = 48
	L1D_total_cache_miss_rate = 0.5000
	L1D_total_cache_pending_hits = 0
	L1D_total_cache_reservation_fails = 0
	L1D_cache_data_port_util = 0.000
	L1D_cache_fill_port_util = 0.000
L1C_cache:
	L1C_total_cache_accesses = 0
	L1C_total_cache_misses = 0
	L1C_total_cache_pending_hits = 0
	L1C_total_cache_reservation_fails = 0
L1T_cache:
	L1T_total_cache_accesses = 0
	L1T_total_cache_misses = 0
	L1T_total_cache_pending_hits = 0
	L1T_total_cache_reservation_fails = 0

Total_core_cache_stats:
	Total_core_cache_stats_breakdown[GLOBAL_ACC_R][HIT] = 0
	Total_core_cache_stats_breakdown[GLOBAL_ACC_R][HIT_RESERVED] = 0
	Total_core_cache_stats_breakdown[GLOBAL_ACC_R][MISS] = 12
	Total_core_cache_stats_breakdown[GLOBAL_ACC_R][RESERVATION_FAIL] = 0
	Total_core_cache_stats_breakdown[GLOBAL_ACC_R][SECTOR_MISS] = 36
	Total_core_cache_stats_breakdown[GLOBAL_ACC_R][MSHR_HIT] = 0
	Total_core_cache_stats_breakdown[GLOBAL_ACC_R][WRITE_ALLOCATED] = 0
	Total_core_cache_stats_breakdown[CHIPLET_ACC_R][HIT] = 0
	Total_core_cache_stats_breakdown[CHIPLET_ACC_R][HIT_RESERVED] = 0
	Total_core_cache_stats_breakdown[CHIPLET_ACC_R][MISS] = 0
	Total_core_cache_stats_breakdown[CHIPLET_ACC_R][RESERVATION_FAIL] = 0
	Total_core_cache_stats_breakdown[CHIPLET_ACC_R][SECTOR_MISS] = 0
	Total_core_cache_stats_breakdown[CHIPLET_ACC_R][MSHR_HIT] = 0
	Total_core_cache_stats_breakdown[CHIPLET_ACC_R][WRITE_ALLOCATED] = 0
	Total_core_cache_stats_breakdown[LOCAL_ACC_R][HIT] = 0
	Total_core_cache_stats_breakdown[LOCAL_ACC_R][HIT_RESERVED] = 0
	Total_core_cache_stats_breakdown[LOCAL_ACC_R][MISS] = 0
	Total_core_cache_stats_breakdown[LOCAL_ACC_R][RESERVATION_FAIL] = 0
	Total_core_cache_stats_breakdown[LOCAL_ACC_R][SECTOR_MISS] = 0
	Total_core_cache_stats_breakdown[LOCAL_ACC_R][MSHR_HIT] = 0
	Total_core_cache_stats_breakdown[LOCAL_ACC_R][WRITE_ALLOCATED] = 0
	Total_core_cache_stats_breakdown[CONST_ACC_R][HIT] = 0
	Total_core_cache_stats_breakdown[CONST_ACC_R][HIT_RESERVED] = 0
	Total_core_cache_stats_breakdown[CONST_ACC_R][MISS] = 0
	Total_core_cache_stats_breakdown[CONST_ACC_R][RESERVATION_FAIL] = 0
	Total_core_cache_stats_breakdown[CONST_ACC_R][SECTOR_MISS] = 0
	Total_core_cache_stats_breakdown[CONST_ACC_R][MSHR_HIT] = 0
	Total_core_cache_stats_breakdown[CONST_ACC_R][WRITE_ALLOCATED] = 0
	Total_core_cache_stats_breakdown[TEXTURE_ACC_R][HIT] = 0
	Total_core_cache_stats_breakdown[TEXTURE_ACC_R][HIT_RESERVED] = 0
	Total_core_cache_stats_breakdown[TEXTURE_ACC_R][MISS] = 0
	Total_core_cache_stats_breakdown[TEXTURE_ACC_R][RESERVATION_FAIL] = 0
	Total_core_cache_stats_breakdown[TEXTURE_ACC_R][SECTOR_MISS] = 0
	Total_core_cache_stats_breakdown[TEXTURE_ACC_R][MSHR_HIT] = 0
	Total_core_cache_stats_breakdown[TEXTURE_ACC_R][WRITE_ALLOCATED] = 0
	Total_core_cache_stats_breakdown[GLOBAL_ACC_W][HIT] = 48
	Total_core_cache_stats_breakdown[GLOBAL_ACC_W][HIT_RESERVED] = 0
	Total_core_cache_stats_breakdown[GLOBAL_ACC_W][MISS] = 0
	Total_core_cache_stats_breakdown[GLOBAL_ACC_W][RESERVATION_FAIL] = 0
	Total_core_cache_stats_breakdown[GLOBAL_ACC_W][SECTOR_MISS] = 0
	Total_core_cache_stats_breakdown[GLOBAL_ACC_W][MSHR_HIT] = 0
	Total_core_cache_stats_breakdown[GLOBAL_ACC_W][WRITE_ALLOCATED] = 0
	Total_core_cache_stats_breakdown[CHIPLET_ACC_W][HIT] = 0
	Total_core_cache_stats_breakdown[CHIPLET_ACC_W][HIT_RESERVED] = 0
	Total_core_cache_stats_breakdown[CHIPLET_ACC_W][MISS] = 0
	Total_core_cache_stats_breakdown[CHIPLET_ACC_W][RESERVATION_FAIL] = 0
	Total_core_cache_stats_breakdown[CHIPLET_ACC_W][SECTOR_MISS] = 0
	Total_core_cache_stats_breakdown[CHIPLET_ACC_W][MSHR_HIT] = 0
	Total_core_cache_stats_breakdown[CHIPLET_ACC_W][WRITE_ALLOCATED] = 0
	Total_core_cache_stats_breakdown[LOCAL_ACC_W][HIT] = 0
	Total_core_cache_stats_breakdown[LOCAL_ACC_W][HIT_RESERVED] = 0
	Total_core_cache_stats_breakdown[LOCAL_ACC_W][MISS] = 0
	Total_core_cache_stats_breakdown[LOCAL_ACC_W][RESERVATION_FAIL] = 0
	Total_core_cache_stats_breakdown[LOCAL_ACC_W][SECTOR_MISS] = 0
	Total_core_cache_stats_breakdown[LOCAL_ACC_W][MSHR_HIT] = 0
	Total_core_cache_stats_breakdown[LOCAL_ACC_W][WRITE_ALLOCATED] = 0
	Total_core_cache_stats_breakdown[L1_WRBK_ACC][HIT] = 0
	Total_core_cache_stats_breakdown[L1_WRBK_ACC][HIT_RESERVED] = 0
	Total_core_cache_stats_breakdown[L1_WRBK_ACC][MISS] = 0
	Total_core_cache_stats_breakdown[L1_WRBK_ACC][RESERVATION_FAIL] = 0
	Total_core_cache_stats_breakdown[L1_WRBK_ACC][SECTOR_MISS] = 0
	Total_core_cache_stats_breakdown[L1_WRBK_ACC][MSHR_HIT] = 0
	Total_core_cache_stats_breakdown[L1_WRBK_ACC][WRITE_ALLOCATED] = 0
	Total_core_cache_stats_breakdown[L2_WRBK_ACC][HIT] = 0
	Total_core_cache_stats_breakdown[L2_WRBK_ACC][HIT_RESERVED] = 0
	Total_core_cache_stats_breakdown[L2_WRBK_ACC][MISS] = 0
	Total_core_cache_stats_breakdown[L2_WRBK_ACC][RESERVATION_FAIL] = 0
	Total_core_cache_stats_breakdown[L2_WRBK_ACC][SECTOR_MISS] = 0
	Total_core_cache_stats_breakdown[L2_WRBK_ACC][MSHR_HIT] = 0
	Total_core_cache_stats_breakdown[L2_WRBK_ACC][WRITE_ALLOCATED] = 0
	Total_core_cache_stats_breakdown[INST_ACC_R][HIT] = 0
	Total_core_cache_stats_breakdown[INST_ACC_R][HIT_RESERVED] = 0
	Total_core_cache_stats_breakdown[INST_ACC_R][MISS] = 0
	Total_core_cache_stats_breakdown[INST_ACC_R][RESERVATION_FAIL] = 0
	Total_core_cache_stats_breakdown[INST_ACC_R][SECTOR_MISS] = 0
	Total_core_cache_stats_breakdown[INST_ACC_R][MSHR_HIT] = 0
	Total_core_cache_stats_breakdown[INST_ACC_R][WRITE_ALLOCATED] = 0
	Total_core_cache_stats_breakdown[L1_WR_ALLOC_R][HIT] = 0
	Total_core_cache_stats_breakdown[L1_WR_ALLOC_R][HIT_RESERVED] = 0
	Total_core_cache_stats_breakdown[L1_WR_ALLOC_R][MISS] = 0
	Total_core_cache_stats_breakdown[L1_WR_ALLOC_R][RESERVATION_FAIL] = 0
	Total_core_cache_stats_breakdown[L1_WR_ALLOC_R][SECTOR_MISS] = 0
	Total_core_cache_stats_breakdown[L1_WR_ALLOC_R][MSHR_HIT] = 0
	Total_core_cache_stats_breakdown[L1_WR_ALLOC_R][WRITE_ALLOCATED] = 0
	Total_core_cache_stats_breakdown[L2_WR_ALLOC_R][HIT] = 0
	Total_core_cache_stats_breakdown[L2_WR_ALLOC_R][HIT_RESERVED] = 0
	Total_core_cache_stats_breakdown[L2_WR_ALLOC_R][MISS] = 0
	Total_core_cache_stats_breakdown[L2_WR_ALLOC_R][RESERVATION_FAIL] = 0
	Total_core_cache_stats_breakdown[L2_WR_ALLOC_R][SECTOR_MISS] = 0
	Total_core_cache_stats_breakdown[L2_WR_ALLOC_R][MSHR_HIT] = 0
	Total_core_cache_stats_breakdown[L2_WR_ALLOC_R][WRITE_ALLOCATED] = 0
	Total_core_cache_stats_breakdown[GLOBAL_ACC_R][TOTAL_ACCESS] = 48
	Total_core_cache_stats_breakdown[GLOBAL_ACC_W][TOTAL_ACCESS] = 48

Total_core_cache_fail_stats:
ctas_completed 3, Shader 0 warp_id issue ditsribution:
warp_id:
0, 1, 2, 3, 
distro:
792, 771, 756, 756, 
MBARRIER_TRYWAIT,2,0,130900,131100,131300,131500,131700,131900,134463,134663,134863,135063,135263,135463,138025,138225,138425,138625,138825,139025,141588,141788,141988,142188,142388,142588,145151,145351,145551,145751,145951,146151,148713,148913,149113,149313,149513,149713,152276,152476,152676,152876,153076,153276,155839,156039,156239,156439,156639,156839,159687,159887,160087,160287,160487,160687,163249,163449,163649,163849,164049,164249,166812,167012,167212,167412,167612,167812,170375,170575,170775,170975,171175,171375,173937,174137,174337,174537,174737,174937,177500,177700,177900,178100,178300,178500,181063,181263,181463,181663,181863,182063,184625,184825,185025,185225,185425,185625,188473,188673,188873,189073,189273,189473,192033,192233,192433,192633,192833,193033,195596,195796,195996,196196,196396,196596,199159,199359,199559,199759,199959,200159,202721,202921,203121,203321,203521,203721,206284,206484,206684,206884,207084,207284,209847,210047,210247,210447,210647,210847,213409,213609,213809,214009,214209,214409,217257,217457,217657,217857,218057,218257,220817,221017,221217,221417,221617,221817,224380,224580,224780,224980,225180,225380,227943,228143,228343,228543,228743,228943,231505,231705,231905,232105,232305,232505,235068,235268,235468,235668,235868,236068,238631,238831,239031,239231,239431,239631,242193,242393,242593,242793,242993,243193,246041,246241,246441,246641,246841,247041,249601,249801,250001,250201,250401,250601,253164,253364,253564,253764,253964,254164,256727,256927,257127,257327,257527,257727,260289,260489,260689,260889,261089,261289,263852,264052,264252,264452,264652,264852,267415,267615,267815,268015,268215,268415,270977,271177,271377,271577,271777,271977,274825,275025,275225,275425,275625,275825,278385,278585,278785,278985,279185,279385,281948,282148,282348,282548,282748,282948,285511,285711,285911,286111,286311,286511,289073,289273,289473,289673,289873,290073,292636,292836,293036,293236,293436,293636,296199,296399,296599,296799,296999,297199,299761,299961,300161,300361,300561,300761,303609,303809,304009,304209,304409,304609,307169,307369,307569,307769,307969,308169,310732,310932,311132,311332,311532,311732,314295,314495,314695,314895,315095,315295,317857,318057,318257,318457,318657,318857,321420,321620,321820,322020,322220,322420,324983,325183,325383,325583,325783,325983,328545,328745,328945,329145,329345,329545,332393,332593,332793,332993,333193,333393,335953,336153,336353,336553,336753,336953,339516,339716,339916,340116,340316,340516,343079,343279,343479,343679,343879,344079,346641,346841,347041,347241,347441,347641,350204,350404,350604,350804,351004,351204,353767,353967,354167,354367,354567,354767,357329,357529,357729,357929,358129,358329
MBARRIER_TRYWAIT,2,1,130715,130915,131115,131315,131515,131715,131915,134279,134479,134679,134879,135079,135279,135479,137842,138042,138242,138442,138642,138842,139042,141404,141604,141804,142004,142204,142404,142604,144967,145167,145367,145567,145767,145967,146167,148530,148730,148930,149130,149330,149530,149730,152092,152292,152492,152692,152892,153092,153292,155655,155855,156055,156255,156455,156655,156855,159503,159703,159903,160103,160303,160503,160703,163066,163266,163466,163666,163866,164066,164266,166628,166828,167028,167228,167428,167628,167828,170191,170391,170591,170791,170991,171191,171391,173754,173954,174154,174354,174554,174754,174954,177316,177516,177716,177916,178116,178316,178516,180879,181079,181279,181479,181679,181879,182079,184442,184642,184842,185042,185242,185442,185642,188289,188489,188689,188889,189089,189289,189489,191850,192050,192250,192450,192650,192850,193050,195412,195612,195812,196012,196212,196412,196612,198975,199175,199375,199575,199775,199975,200175,202538,202738,202938,203138,203338,203538,203738,206100,206300,206500,206700,206900,207100,207300,209663,209863,210063,210263,210463,210663,210863,213226,213426,213626,213826,214026,214226,214426,217073,217273,217473,217673,217873,218073,218273,220634,220834,221034,221234,221434,221634,221834,224196,224396,224596,224796,224996,225196,225396,227759,227959,228159,228359,228559,228759,228959,231322,231522,231722,231922,232122,232322,232522,234884,235084,235284,235484,235684,235884,236084,238447,238647,238847,239047,239247,239447,239647,242010,242210,242410,242610,242810,243010,243210,245857,246057,246257,246457,246657,246857,247057,249418,249618,249818,250018,250218,250418,250618,252980,253180,253380,253580,253780,253980,254180,256543,256743,256943,257143,257343,257543,257743,260106,260306,260506,260706,260906,261106,261306,263668,263868,264068,264268,264468,264668,264868,267231,267431,267631,267831,268031,268231,268431,270794,270994,271194,271394,271594,271794,271994,274641,274841,275041,275241,275441,275641,275841,278202,278402,278602,278802,279002,279202,279402,281764,281964,282164,282364,282564,282764,282964,285327,285527,285727,285927,286127,286327,286527,288890,289090,289290,289490,289690,289890,290090,292452,292652,292852,293052,293252,293452,293652,296015,296215,296415,296615,296815,297015,297215,299578,299778,299978,300178,300378,300578,300778,303425,303625,303825,304025,304225,304425,304625,306986,307186,307386,307586,307786,307986,308186,310548,310748,310948,311148,311348,311548,311748,314111,314311,314511,314711,314911,315111,315311,317674,317874,318074,318274,318474,318674,318874,321236,321436,321636,321836,322036,322236,322436,324799,324999,325199,325399,325599,325799,325999,328362,328562,328762,328962,329162,329362,329562,332209,332409,332609,332809,333009,333209,333409,335770,335970,336170,336370,336570,336770,336970,339332,339532,339732,339932,340132,340332,340532,342895,343095,343295,343495,343695,343895,344095,346458,346658,346858,347058,347258,347458,347658,350020,350220,350420,350620,350820,351020,351220,353583,353783,353983,354183,354383,354583,354783,357146,357346,357546,357746,357946,358146,358346
MBARRIER_TRYWAIT,2,2,130711,130911,131111,131311,131511,131711,131911,134275,134475,134675,134875,135075,135275,135475,137837,138037,138237,138437,138637,138837,139037,141399,141599,141799,141999,142199,142399,142599,144963,145163,145363,145563,145763,145963,146163,148525,148725,148925,149125,149325,149525,149725,152087,152287,152487,152687,152887,153087,153287,155651,155851,156051,156251,156451,156651,156851,159499,159699,159899,160099,160299,160499,160699,163061,163261,163461,163661,163861,164061,164261,166623,166823,167023,167223,167423,167623,167823,170187,170387,170587,170787,170987,171187,171387,173749,173949,174149,174349,174549,174749,174949,177311,177511,177711,177911,178111,178311,178511,180875,181075,181275,181475,181675,181875,182075,184437,184637,184837,185037,185237,185437,185637,188284,188484,188684,188884,189084,189284,189484,191845,192045,192245,192445,192645,192845,193045,195407,195607,195807,196007,196207,196407,196607,198971,199171,199371,199571,199771,199971,200171,202533,202733,202933,203133,203333,203533,203733,206095,206295,206495,206695,206895,207095,207295,209659,209859,210059,210259,210459,210659,210859,213221,213421,213621,213821,214021,214221,214421,217068,217268,217468,217668,217868,218068,218268,220629,220829,221029,221229,221429,221629,221829,224191,224391,224591,224791,224991,225191,225391,227755,227955,228155,228355,228555,228755,228955,231317,231517,231717,231917,232117,232317,232517,234879,235079,235279,235479,235679,235879,236079,238443,238643,238843,239043,239243,239443,239643,242005,242205,242405,242605,242805,243005,243205,245852,246052,246252,246452,246652,246852,247052,249413,249613,249813,250013,250213,250413,250613,252975,253175,253375,253575,253775,253975,254175,256539,256739,256939,257139,257339,257539,257739,260101,260301,260501,260701,260901,261101,261301,263663,263863,264063,264263,264463,264663,264863,267227,267427,267627,267827,268027,268227,268427,270789,270989,271189,271389,271589,271789,271989,274636,274836,275036,275236,275436,275636,275836,278197,278397,278597,278797,278997,279197,279397,281759,281959,282159,282359,282559,282759,282959,285323,285523,285723,285923,286123,286323,286523,288885,289085,289285,289485,289685,289885,290085,292447,292647,292847,293047,293247,293447,293647,296011,296211,296411,296611,296811,297011,297211,299573,299773,299973,300173,300373,300573,300773,303420,303620,303820,304020,304220,304420,304620,306981,307181,307381,307581,307781,307981,308181,310543,310743,310943,311143,311343,311543,311743,314107,314307,314507,314707,314907,315107,315307,317669,317869,318069,318269,318469,318669,318869,321231,321431,321631,321831,322031,322231,322431,324795,324995,325195,325395,325595,325795,325995,328357,328557,328757,328957,329157,329357,329557,332204,332404,332604,332804,333004,333204,333404,335765,335965,336165,336365,336565,336765,336965,339327,339527,339727,339927,340127,340327,340527,342891,343091,343291,343491,343691,343891,344091,346453,346653,346853,347053,347253,347453,347653,350015,350215,350415,350615,350815,351015,351215,353579,353779,353979,354179,354379,354579,354779,357141,357341,357541,357741,357941,358141,358341
MBARRIER_TRYWAIT,2,3,130712,130912,131112,131312,131512,131712,131912,134275,134475,134675,134875,135075,135275,135475,137837,138037,138237,138437,138637,138837,139037,141400,141600,141800,142000,142200,142400,142600,144963,145163,145363,145563,145763,145963,146163,148525,148725,148925,149125,149325,149525,149725,152088,152288,152488,152688,152888,153088,153288,155651,155851,156051,156251,156451,156651,156851,159499,159699,159899,160099,160299,160499,160699,163061,163261,163461,163661,163861,164061,164261,166624,166824,167024,167224,167424,167624,167824,170187,170387,170587,170787,170987,171187,171387,173749,173949,174149,174349,174549,174749,174949,177312,177512,177712,177912,178112,178312,178512,180875,181075,181275,181475,181675,181875,182075,184437,184637,184837,185037,185237,185437,185637,188284,188484,188684,188884,189084,189284,189484,191845,192045,192245,192445,192645,192845,193045,195408,195608,195808,196008,196208,196408,196608,198971,199171,199371,199571,199771,199971,200171,202533,202733,202933,203133,203333,203533,203733,206096,206296,206496,206696,206896,207096,207296,209659,209859,210059,210259,210459,210659,210859,213221,213421,213621,213821,214021,214221,214421,217068,217268,217468,217668,217868,218068,218268,220629,220829,221029,221229,221429,221629,221829,224192,224392,224592,224792,224992,225192,225392,227755,227955,228155,228355,228555,228755,228955,231317,231517,231717,231917,232117,232317,232517,234880,235080,235280,235480,235680,235880,236080,238443,238643,238843,239043,239243,239443,239643,242005,242205,242405,242605,242805,243005,243205,245852,246052,246252,246452,246652,246852,247052,249413,249613,249813,250013,250213,250413,250613,252976,253176,253376,253576,253776,253976,254176,256539,256739,256939,257139,257339,257539,257739,260101,260301,260501,260701,260901,261101,261301,263664,263864,264064,264264,264464,264664,264864,267227,267427,267627,267827,268027,268227,268427,270789,270989,271189,271389,271589,271789,271989,274636,274836,275036,275236,275436,275636,275836,278197,278397,278597,278797,278997,279197,279397,281760,281960,282160,282360,282560,282760,282960,285323,285523,285723,285923,286123,286323,286523,288885,289085,289285,289485,289685,289885,290085,292448,292648,292848,293048,293248,293448,293648,296011,296211,296411,296611,296811,297011,297211,299573,299773,299973,300173,300373,300573,300773,303420,303620,303820,304020,304220,304420,304620,306981,307181,307381,307581,307781,307981,308181,310544,310744,310944,311144,311344,311544,311744,314107,314307,314507,314707,314907,315107,315307,317669,317869,318069,318269,318469,318669,318869,321232,321432,321632,321832,322032,322232,322432,324795,324995,325195,325395,325595,325795,325995,328357,328557,328757,328957,329157,329357,329557,332204,332404,332604,332804,333004,333204,333404,335765,335965,336165,336365,336565,336765,336965,339328,339528,339728,339928,340128,340328,340528,342891,343091,343291,343491,343691,343891,344091,346453,346653,346853,347053,347253,347453,347653,350016,350216,350416,350616,350816,351016,351216,353579,353779,353979,354179,354379,354579,354779,357141,357341,357541,357741,357941,358141,358341
gpgpu_n_tot_thrd_icount = 8295208
gpgpu_n_tot_w_icount = 273083
gpgpu_n_stall_shd_mem = 37345
gpgpu_n_mem_read_local = 0
gpgpu_n_mem_write_local = 0
gpgpu_n_mem_read_global = 50100
gpgpu_n_mem_write_global = 50488
gpgpu_n_mem_texture = 0
gpgpu_n_mem_const = 0
gpgpu_n_load_insn  = 869
gpgpu_n_store_insn = 481
gpgpu_n_shmem_insn = 822753
gpgpu_n_sstarr_insn = 0
gpgpu_n_tex_insn = 0
gpgpu_n_const_mem_insn = 0
gpgpu_n_param_mem_insn = 0
gpgpu_n_shmem_bkconflict = 0
gpgpu_n_l1cache_bkconflict = 0
gpgpu_n_intrawarp_mshr_merge = 0
gpgpu_n_cmem_portconflict = 0
gpgpu_stall_shd_mem[c_mem][resource_stall] = 0
gpgpu_stall_shd_mem[s_mem][bk_conf] = 0
gpgpu_stall_shd_mem[gl_mem][resource_stall] = 0
gpgpu_stall_shd_mem[gl_mem][coal_stall] = 12513
gpgpu_stall_shd_mem[gl_mem][data_port_stall] = 0
gpu_reg_bank_conflict_stalls = 0
Warp Occupancy Distribution:
Stall:62296	W0_Idle:645971	W0_Scoreboard:434914	W1:4562	W2:0	W3:0	W4:0	W5:0	W6:0	W7:0	W8:0	W9:0	W10:0	W11:0	W12:0	W13:0	W14:0	W15:0	W16:0	W17:0	W18:0	W19:0	W20:0	W21:0	W22:0	W23:0	W24:0	W25:0	W26:0	W27:0	W28:0	W29:0	W30:0	W31:970	W32:258143
single_issue_nums: WS0:70526	WS1:68489	WS2:67034	WS3:67034	
dual_issue_nums: WS0:0	WS1:0	WS2:0	WS3:0	
traffic_breakdown_coretomem[GLOBAL_ACC_R] = 397696 {8:49712,}
traffic_breakdown_coretomem[GLOBAL_ACC_W] = 2019520 {40:50488,}
traffic_breakdown_coretomem[GLOBAL_ATOMIC] = 15520 {40:388,}
traffic_breakdown_memtocore[CHIPLET_ACC_R] = 993280 {40:24832,}
traffic_breakdown_memtocore[GLOBAL_ACC_R] = 995200 {40:24880,}
traffic_breakdown_memtocore[GLOBAL_ACC_W] = 403904 {8:50488,}
traffic_breakdown_memtocore[GLOBAL_ATOMIC] = 15520 {40:388,}
maxmflatency = 864 
max_icnt2mem_latency = 131 
maxmrqlatency = 0 
max_icnt2sh_latency = 7 
averagemflatency = 531 
avg_icnt2mem_latency = 98 
avg_icnt2sh_latency = 3 
mrq_lat_table:0 	0 	0 	0 	0 	0 	0 	0 	0 	0 	0 	0 	0 	0 	0 	0 	0 	0 	0 	0 	0 	0 	0 	0 	0 	0 	0 	0 	0 	0 	0 	0 	
dq_lat_table:0 	0 	0 	0 	0 	0 	0 	0 	0 	0 	0 	0 	0 	0 	0 	0 	0 	0 	0 	0 	0 	0 	0 	0 	0 	0 	0 	0 	0 	0 	0 	0 	
mf_lat_table:0 	0 	0 	0 	0 	0 	0 	4604 	46264 	49720 	0 	0 	0 	0 	0 	0 	0 	0 	0 	0 	0 	0 	0 	0 	0 	0 	0 	0 	0 	0 	0 	0 	
icnt2mem_lat_table:0 	485 	1455 	3104 	6208 	12512 	24832 	51992 	0 	0 	0 	0 	0 	0 	0 	0 	0 	0 	0 	0 	0 	0 	0 	0 	
icnt2sh_lat_table:0 	71003 	29585 	0 	0 	0 	0 	0 	0 	0 	0 	0 	0 	0 	0 	0 	0 	0 	0 	0 	0 	0 	0 	0 	
mf_lat_pw_table:0 	0 	0 	0 	0 	0 	0 	91 	120 	179 	0 	0 	0 	0 	0 	0 	0 	0 	0 	0 	0 	0 	0 	0 	0 	0 	0 	0 	0 	0 	0 	0 	
maximum concurrent accesses to same row:
dram[0]:         0         0         0         0         0         0         0         0         0         0         0         0         0         0         0         0 
dram[1]:         0         0         0         0         0         0         0         0         0         0         0         0         0         0         0         0 
dram[2]:         0         0         0         0         0         0         0         0         0         0         0         0         0         0         0         0 
dram[3]:         0         0         0         0         0         0         0         0         0         0         0         0         0         0         0         0 
dram[4]:         0         0         0         0         0         0         0         0         0         0         0         0         0         0         0         0 
dram[5]:         0         0         0         0         0         0         0         0         0         0         0         0         0         0         0         0 
dram[6]:         0         0         0         0         0         0         0         0         0         0         0         0         0         0         0         0 
dram[7]:         0         0         0         0         0         0         0         0         0         0         0         0         0         0         0         0 
dram[8]:         0         0         0         0         0         0         0         0         0         0         0         0         0         0         0         0 
dram[9]:         0         0         0         0         0         0         0         0         0         0         0         0         0         0         0         0 
dram[10]:         0         0         0         0         0         0         0         0         0         0         0         0         0         0         0         0 
dram[11]:         0         0         0         0         0         0         0         0         0         0         0         0         0         0         0         0 
dram[12]:         0         0         0         0         0         0         0         0         0         0         0         0         0         0         0         0 
dram[13]:         0         0         0         0         0         0         0         0         0         0         0         0         0         0         0         0 
dram[14]:         0         0         0         0         0         0         0         0         0         0         0         0         0         0         0         0 
dram[15]:         0         0         0         0         0         0         0         0         0         0         0         0         0         0         0         0 
dram[16]:         0         0         0         0         0         0         0         0         0         0         0         0         0         0         0         0 
dram[17]:         0         0         0         0         0         0         0         0         0         0         0         0         0         0         0         0 
dram[18]:         0         0         0         0         0         0         0         0         0         0         0         0         0         0         0         0 
dram[19]:         0         0         0         0         0         0         0         0         0         0         0         0         0         0         0         0 
dram[20]:         0         0         0         0         0         0         0         0         0         0         0         0         0         0         0         0 
dram[21]:         0         0         0         0         0         0         0         0         0         0         0         0         0         0         0         0 
dram[22]:         0         0         0         0         0         0         0         0         0         0         0         0         0         0         0         0 
dram[23]:         0         0         0         0         0         0         0         0         0         0         0         0         0         0         0         0 
dram[24]:         0         0         0         0         0         0         0         0         0         0         0         0         0         0         0         0 
dram[25]:         0         0         0         0         0         0         0         0         0         0         0         0         0         0         0         0 
dram[26]:         0         0         0         0         0         0         0         0         0         0         0         0         0         0         0         0 
dram[27]:         0         0         0         0         0         0         0         0         0         0         0         0         0         0         0         0 
dram[28]:         0         0         0         0         0         0         0         0         0         0         0         0         0         0         0         0 
dram[29]:         0         0         0         0         0         0         0         0         0         0         0         0         0         0         0         0 
dram[30]:         0         0         0         0         0         0         0         0         0         0         0         0         0         0         0         0 
dram[31]:         0         0         0         0         0         0         0         0         0         0         0         0         0         0         0         0 
dram[32]:         0         0         0         0         0         0         0         0         0         0         0         0         0         0         0         0 
dram[33]:         0         0         0         0         0         0         0         0         0         0         0         0         0         0         0         0 
dram[34]:         0         0         0         0         0         0         0         0         0         0         0         0         0         0         0         0 
dram[35]:         0         0         0         0         0         0         0         0         0         0         0         0         0         0         0         0 
dram[36]:         0         0         0         0         0         0         0         0         0         0         0         0         0         0         0         0 
dram[37]:         0         0         0         0         0         0         0         0         0         0         0         0         0         0         0         0 
dram[38]:         0         0         0         0         0         0         0         0         0         0         0         0         0         0         0         0 
dram[39]:         0         0         0         0         0         0         0         0         0         0         0         0         0         0         0         0 
maximum service time to same row:
dram[0]:         0         0         0         0         0         0         0         0         0         0         0         0         0         0         0         0 
dram[1]:         0         0         0         0         0         0         0         0         0         0         0         0         0         0         0         0 
dram[2]:         0         0         0         0         0         0         0         0         0         0         0         0         0         0         0         0 
dram[3]:         0         0         0         0         0         0         0         0         0         0         0         0         0         0         0         0 
dram[4]:         0         0         0         0         0         0         0         0         0         0         0         0         0         0         0         0 
dram[5]:         0         0         0         0         0         0         0         0         0         0         0         0         0         0         0         0 
dram[6]:         0         0         0         0         0         0         0         0         0         0         0         0         0         0         0         0 
dram[7]:         0         0         0         0         0         0         0         0         0         0         0         0         0         0         0         0 
dram[8]:         0         0         0         0         0         0         0         0         0         0         0         0         0         0         0         0 
dram[9]:         0         0         0         0         0         0         0         0         0         0         0         0         0         0         0         0 
dram[10]:         0         0         0         0         0         0         0         0         0         0         0         0         0         0         0         0 
dram[11]:         0         0         0         0         0         0         0         0         0         0         0         0         0         0         0         0 
dram[12]:         0         0         0         0         0         0         0         0         0         0         0         0         0         0         0         0 
dram[13]:         0         0         0         0         0         0         0         0         0         0         0         0         0         0         0         0 
dram[14]:         0         0         0         0         0         0         0         0         0         0         0         0         0         0         0         0 
dram[15]:         0         0         0         0         0         0         0         0         0         0         0         0         0         0         0         0 
dram[16]:         0         0         0         0         0         0         0         0         0         0         0         0         0         0         0         0 
dram[17]:         0         0         0         0         0         0         0         0         0         0         0         0         0         0         0         0 
dram[18]:         0         0         0         0         0         0         0         0         0         0         0         0         0         0         0         0 
dram[19]:         0         0         0         0         0         0         0         0         0         0         0         0         0         0         0         0 
dram[20]:         0         0         0         0         0         0         0         0         0         0         0         0         0         0         0         0 
dram[21]:         0         0         0         0         0         0         0         0         0         0         0         0         0         0         0         0 
dram[22]:         0         0         0         0         0         0         0         0         0         0         0         0         0         0         0         0 
dram[23]:         0         0         0         0         0         0         0         0         0         0         0         0         0         0         0         0 
dram[24]:         0         0         0         0         0         0         0         0         0         0         0         0         0         0         0         0 
dram[25]:         0         0         0         0         0         0         0         0         0         0         0         0         0         0         0         0 
dram[26]:         0         0         0         0         0         0         0         0         0         0         0         0         0         0         0         0 
dram[27]:         0         0         0         0         0         0         0         0         0         0         0         0         0         0         0         0 
dram[28]:         0         0         0         0         0         0         0         0         0         0         0         0         0         0         0         0 
dram[29]:         0         0         0         0         0         0         0         0         0         0         0         0         0         0         0         0 
dram[30]:         0         0         0         0         0         0         0         0         0         0         0         0         0         0         0         0 
dram[31]:         0         0         0         0         0         0         0         0         0         0         0         0         0         0         0         0 
dram[32]:         0         0         0         0         0         0         0         0         0         0         0         0         0         0         0         0 
dram[33]:         0         0         0         0         0         0         0         0         0         0         0         0         0         0         0         0 
dram[34]:         0         0         0         0         0         0         0         0         0         0         0         0         0         0         0         0 
dram[35]:         0         0         0         0         0         0         0         0         0         0         0         0         0         0         0         0 
dram[36]:         0         0         0         0         0         0         0         0         0         0         0         0         0         0         0         0 
dram[37]:         0         0         0         0         0         0         0         0         0         0         0         0         0         0         0         0 
dram[38]:         0         0         0         0         0         0         0         0         0         0         0         0         0         0         0         0 
dram[39]:         0         0         0         0         0         0         0         0         0         0         0         0         0         0         0         0 
average row accesses per activate:
dram[0]:      -nan      -nan      -nan      -nan      -nan      -nan      -nan      -nan      -nan      -nan      -nan      -nan      -nan      -nan      -nan      -nan 
dram[1]:      -nan      -nan      -nan      -nan      -nan      -nan      -nan      -nan      -nan      -nan      -nan      -nan      -nan      -nan      -nan      -nan 
dram[2]:      -nan      -nan      -nan      -nan      -nan      -nan      -nan      -nan      -nan      -nan      -nan      -nan      -nan      -nan      -nan      -nan 
dram[3]:      -nan      -nan      -nan      -nan      -nan      -nan      -nan      -nan      -nan      -nan      -nan      -nan      -nan      -nan      -nan      -nan 
dram[4]:      -nan      -nan      -nan      -nan      -nan      -nan      -nan      -nan      -nan      -nan      -nan      -nan      -nan      -nan      -nan      -nan 
dram[5]:      -nan      -nan      -nan      -nan      -nan      -nan      -nan      -nan      -nan      -nan      -nan      -nan      -nan      -nan      -nan      -nan 
dram[6]:      -nan      -nan      -nan      -nan      -nan      -nan      -nan      -nan      -nan      -nan      -nan      -nan      -nan      -nan      -nan      -nan 
dram[7]:      -nan      -nan      -nan      -nan      -nan      -nan      -nan      -nan      -nan      -nan      -nan      -nan      -nan      -nan      -nan      -nan 
dram[8]:      -nan      -nan      -nan      -nan      -nan      -nan      -nan      -nan      -nan      -nan      -nan      -nan      -nan      -nan      -nan      -nan 
dram[9]:      -nan      -nan      -nan      -nan      -nan      -nan      -nan      -nan      -nan      -nan      -nan      -nan      -nan      -nan      -nan      -nan 
dram[10]:      -nan      -nan      -nan      -nan      -nan      -nan      -nan      -nan      -nan      -nan      -nan      -nan      -nan      -nan      -nan      -nan 
dram[11]:      -nan      -nan      -nan      -nan      -nan      -nan      -nan      -nan      -nan      -nan      -nan      -nan      -nan      -nan      -nan      -nan 
dram[12]:      -nan      -nan      -nan      -nan      -nan      -nan      -nan      -nan      -nan      -nan      -nan      -nan      -nan      -nan      -nan      -nan 
dram[13]:      -nan      -nan      -nan      -nan      -nan      -nan      -nan      -nan      -nan      -nan      -nan      -nan      -nan      -nan      -nan      -nan 
dram[14]:      -nan      -nan      -nan      -nan      -nan      -nan      -nan      -nan      -nan      -nan      -nan      -nan      -nan      -nan      -nan      -nan 
dram[15]:      -nan      -nan      -nan      -nan      -nan      -nan      -nan      -nan      -nan      -nan      -nan      -nan      -nan      -nan      -nan      -nan 
dram[16]:      -nan      -nan      -nan      -nan      -nan      -nan      -nan      -nan      -nan      -nan      -nan      -nan      -nan      -nan      -nan      -nan 
dram[17]:      -nan      -nan      -nan      -nan      -nan      -nan      -nan      -nan      -nan      -nan      -nan      -nan      -nan      -nan      -nan      -nan 
dram[18]:      -nan      -nan      -nan      -nan      -nan      -nan      -nan      -nan      -nan      -nan      -nan      -nan      -nan      -nan      -nan      -nan 
dram[19]:      -nan      -nan      -nan      -nan      -nan      -nan      -nan      -nan      -nan      -nan      -nan      -nan      -nan      -nan      -nan      -nan 
dram[20]:      -nan      -nan      -nan      -nan      -nan      -nan      -nan      -nan      -nan      -nan      -nan      -nan      -nan      -nan      -nan      -nan 
dram[21]:      -nan      -nan      -nan      -nan      -nan      -nan      -nan      -nan      -nan      -nan      -nan      -nan      -nan      -nan      -nan      -nan 
dram[22]:      -nan      -nan      -nan      -nan      -nan      -nan      -nan      -nan      -nan      -nan      -nan      -nan      -nan      -nan      -nan      -nan 
dram[23]:      -nan      -nan      -nan      -nan      -nan      -nan      -nan      -nan      -nan      -nan      -nan      -nan      -nan      -nan      -nan      -nan 
dram[24]:      -nan      -nan      -nan      -nan      -nan      -nan      -nan      -nan      -nan      -nan      -nan      -nan      -nan      -nan      -nan      -nan 
dram[25]:      -nan      -nan      -nan      -nan      -nan      -nan      -nan      -nan      -nan      -nan      -nan      -nan      -nan      -nan      -nan      -nan 
dram[26]:      -nan      -nan      -nan      -nan      -nan      -nan      -nan      -nan      -nan      -nan      -nan      -nan      -nan      -nan      -nan      -nan 
dram[27]:      -nan      -nan      -nan      -nan      -nan      -nan      -nan      -nan      -nan      -nan      -nan      -nan      -nan      -nan      -nan      -nan 
dram[28]:      -nan      -nan      -nan      -nan      -nan      -nan      -nan      -nan      -nan      -nan      -nan      -nan      -nan      -nan      -nan      -nan 
dram[29]:      -nan      -nan      -nan      -nan      -nan      -nan      -nan      -nan      -nan      -nan      -nan      -nan      -nan      -nan      -nan      -nan 
dram[30]:      -nan      -nan      -nan      -nan      -nan      -nan      -nan      -nan      -nan      -nan      -nan      -nan      -nan      -nan      -nan      -nan 
dram[31]:      -nan      -nan      -nan      -nan      -nan      -nan      -nan      -nan      -nan      -nan      -nan      -nan      -nan      -nan      -nan      -nan 
dram[32]:      -nan      -nan      -nan      -nan      -nan      -nan      -nan      -nan      -nan      -nan      -nan      -nan      -nan      -nan      -nan      -nan 
dram[33]:      -nan      -nan      -nan      -nan      -nan      -nan      -nan      -nan      -nan      -nan      -nan      -nan      -nan      -nan      -nan      -nan 
dram[34]:      -nan      -nan      -nan      -nan      -nan      -nan      -nan      -nan      -nan      -nan      -nan      -nan      -nan      -nan      -nan      -nan 
dram[35]:      -nan      -nan      -nan      -nan      -nan      -nan      -nan      -nan      -nan      -nan      -nan      -nan      -nan      -nan      -nan      -nan 
dram[36]:      -nan      -nan      -nan      -nan      -nan      -nan      -nan      -nan      -nan      -nan      -nan      -nan      -nan      -nan      -nan      -nan 
dram[37]:      -nan      -nan      -nan      -nan      -nan      -nan      -nan      -nan      -nan      -nan      -nan      -nan      -nan      -nan      -nan      -nan 
dram[38]:      -nan      -nan      -nan      -nan      -nan      -nan      -nan      -nan      -nan      -nan      -nan      -nan      -nan      -nan      -nan      -nan 
dram[39]:      -nan      -nan      -nan      -nan      -nan      -nan      -nan      -nan      -nan      -nan      -nan      -nan      -nan      -nan      -nan      -nan 
average row locality = 0/0 = -nan
number of total memory accesses made:
dram[0]:         0         0         0         0         0         0         0         0         0         0         0         0         0         0         0         0 
dram[1]:         0         0         0         0         0         0         0         0         0         0         0         0         0         0         0         0 
dram[2]:         0         0         0         0         0         0         0         0         0         0         0         0         0         0         0         0 
dram[3]:         0         0         0         0         0         0         0         0         0         0         0         0         0         0         0         0 
dram[4]:         0         0         0         0         0         0         0         0         0         0         0         0         0         0         0         0 
dram[5]:         0         0         0         0         0         0         0         0         0         0         0         0         0         0         0         0 
dram[6]:         0         0         0         0         0         0         0         0         0         0         0         0         0         0         0         0 
dram[7]:         0         0         0         0         0         0         0         0         0         0         0         0         0         0         0         0 
dram[8]:         0         0         0         0         0         0         0         0         0         0         0         0         0         0         0         0 
dram[9]:         0         0         0         0         0         0         0         0         0         0         0         0         0         0         0         0 
dram[10]:         0         0         0         0         0         0         0         0         0         0         0         0         0         0         0         0 
dram[11]:         0         0         0         0         0         0         0         0         0         0         0         0         0         0         0         0 
dram[12]:         0         0         0         0         0         0         0         0         0         0         0         0         0         0         0         0 
dram[13]:         0         0         0         0         0         0         0         0         0         0         0         0         0         0         0         0 
dram[14]:         0         0         0         0         0         0         0         0         0         0         0         0         0         0         0         0 
dram[15]:         0         0         0         0         0         0         0         0         0         0         0         0         0         0         0         0 
dram[16]:         0         0         0         0         0         0         0         0         0         0         0         0         0         0         0         0 
dram[17]:         0         0         0         0         0         0         0         0         0         0         0         0         0         0         0         0 
dram[18]:         0         0         0         0         0         0         0         0         0         0         0         0         0         0         0         0 
dram[19]:         0         0         0         0         0         0         0         0         0         0         0         0         0         0         0         0 
dram[20]:         0         0         0         0         0         0         0         0         0         0         0         0         0         0         0         0 
dram[21]:         0         0         0         0         0         0         0         0         0         0         0         0         0         0         0         0 
dram[22]:         0         0         0         0         0         0         0         0         0         0         0         0         0         0         0         0 
dram[23]:         0         0         0         0         0         0         0         0         0         0         0         0         0         0         0         0 
dram[24]:         0         0         0         0         0         0         0         0         0         0         0         0         0         0         0         0 
dram[25]:         0         0         0         0         0         0         0         0         0         0         0         0         0         0         0         0 
dram[26]:         0         0         0         0         0         0         0         0         0         0         0         0         0         0         0         0 
dram[27]:         0         0         0         0         0         0         0         0         0         0         0         0         0         0         0         0 
dram[28]:         0         0         0         0         0         0         0         0         0         0         0         0         0         0         0         0 
dram[29]:         0         0         0         0         0         0         0         0         0         0         0         0         0         0         0         0 
dram[30]:         0         0         0         0         0         0         0         0         0         0         0         0         0         0         0         0 
dram[31]:         0         0         0         0         0         0         0         0         0         0         0         0         0         0         0         0 
dram[32]:         0         0         0         0         0         0         0         0         0         0         0         0         0         0         0         0 
dram[33]:         0         0         0         0         0         0         0         0         0         0         0         0         0         0         0         0 
dram[34]:         0         0         0         0         0         0         0         0         0         0         0         0         0         0         0         0 
dram[35]:         0         0         0         0         0         0         0         0         0         0         0         0         0         0         0         0 
dram[36]:         0         0         0         0         0         0         0         0         0         0         0         0         0         0         0         0 
dram[37]:         0         0         0         0         0         0         0         0         0         0         0         0         0         0         0         0 
dram[38]:         0         0         0         0         0         0         0         0         0         0         0         0         0         0         0         0 
dram[39]:         0         0         0         0         0         0         0         0         0         0         0         0         0         0         0         0 
total accesses: 0
min_bank_accesses = 0!
min_chip_accesses = 0!
number of total read accesses:
dram[0]:        64        60        72        72        56        56        68        72        68        72        56        56       108       104       132       128 
dram[1]:        60        64        68        68        60        60        72        68        72        68        60        60       104       104       124       128 
dram[2]:        60        60        72        72        56        56        72        72        72        72        56        56       104       108       128       128 
dram[3]:        64        60        68        68        60        60        68        72        68        72        60        60       104       100       128       124 
dram[4]:        60        64        72        72        56        56        72        68        72        68        56        56       104       108       128       132 
dram[5]:        64        64        68        72        60        56        72        72        72        72        60        56       100       104       124       128 
dram[6]:        64        68        72        68        56        60        68        68        68        68        56        60       104       100       132       128 
dram[7]:        64        60        72        72        56        56        72        72        72        72        56        56       104       104       128       128 
dram[8]:        68        68        68        72        60        56        68        68        68        68        60        56       104       108       128       132 
dram[9]:        64        64        72        68        56        60        72        72        72        72        56        60       104       100       128       124 
dram[10]:        72        76        56        56        72        72        64        60        60        56        72        72       100       100       124       128 
dram[11]:        76        72        60        60        68        68        56        64        56        60        68        68       104       104       132       128 
dram[12]:        80        80        56        56        72        72        60        56        56        56        72        72       100       100       128       128 
dram[13]:        76        80        60        60        68        68        64        60        60        56        68        68       100       104       128       132 
dram[14]:        80        76        56        56        72        72        60        61        56        60        72        72       100        96       128       124 
dram[15]:        80        80        60        56        68        72        56        56        56        56        68        72       104       100       132       128 
dram[16]:        76        76        56        60        72        68        60        60        60        60        72        68       100       104       124       128 
dram[17]:        80        80        56        56        72        72        56        56        56        56        72        72       100       100       128       128 
dram[18]:        76        76        60        56        68        72        60        60        60        60        68        72       100        96       128       124 
dram[19]:        80        80        56        60        72        68        56        56        56        56        72        68       100       104       128       132 
dram[20]:        76        80        56        56        72        72        60        56        60        56        72        72        96       100       124       128 
dram[21]:        80        76        60        60        68        68        56        60        56        60        68        68       100       100       132       128 
dram[22]:        80        80        56        56        72        72        56        56        56        56        72        72       100        96       128       128 
dram[23]:        76        80        60        60        68        68        60        56        60        56        68        68       100       104       128       132 
dram[24]:        80        76        56        56        72        72        56        60        56        60        72        72       100        96       128       124 
dram[25]:        80        80        60        56        68        72        56        56        56        56        68        72       104       100       132       128 
dram[26]:        76        76        56        60        72        68        60        60        60        60        72        68       100       104       124       128 
dram[27]:        80        80        56        56        72        72        56        56        56        56        72        72       100       100       128       128 
dram[28]:        76        76        60        56        68        72        60        60        60        60        68        72       100        96       128       124 
dram[29]:        80        80        56        60        72        68        56        56        56        56        72        68       100       104       128       132 
dram[30]:        68        64        72        72        56        56        68        72        68        72        56        56       104       104       132       128 
dram[31]:        64        68        68        68        60        60        72        68        72        68        60        60       100       100       124       128 
dram[32]:        60        60        72        72        56        56        72        72        72        72        56        56       104       104       128       128 
dram[33]:        64        60        68        68        60        60        68        72        68        72        60        60       104       100       128       124 
dram[34]:        60        64        72        72        56        56        72        68        72        68        56        56       104       108       128       132 
dram[35]:        60        60        68        72        60        56        72        72        72        72        60        56       100       104       124       128 
dram[36]:        64        64        72        68        56        60        68        68        68        68        56        60       108       104       132       128 
dram[37]:        60        60        72        72        56        56        72        72        72        72        56        56       108       108       128       128 
dram[38]:        64        64        68        72        60        56        68        68        68        68        60        56       108       112       128       132 
dram[39]:        60        60        72        68        56        60        72        72        72        72        56        60       108       104       128       124 
total dram reads = 49693
bank skew: 132/56 = 2.36
chip skew: 1252/1236 = 1.01
number of total write accesses:
dram[0]:         0         0         0         0         0         0         0         0         0         0         0         0         0         0         0         0 
dram[1]:         0         0         0         0         0         0         0         0         0         0         0         0         0         0         0         0 
dram[2]:         0         0         0         0         0         0         0         0         0         0         0         0         0         0         0         0 
dram[3]:         0         0         0         0         0         0         0         0         0         0         0         0         0         0         0         0 
dram[4]:         0         0         0         0         0         0         0         0         0         0         0         0         0         0         0         0 
dram[5]:         0         0         0         0         0         0         0         0         0         0         0         0         0         0         0         0 
dram[6]:         0         0         0         0         0         0         0         0         0         0         0         0         0         0         0         0 
dram[7]:         0         0         0         0         0         0         0         0         0         0         0         0         0         0         0         0 
dram[8]:         0         0         0         0         0         0         0         0         0         0         0         0         0         0         0         0 
dram[9]:         0         0         0         0         0         0         0         0         0         0         0         0         0         0         0         0 
dram[10]:         0         0         0         0         0         0         0         0         0         0         0         0         0         0         0         0 
dram[11]:         0         0         0         0         0         0         0         0         0         0         0         0         0         0         0         0 
dram[12]:         0         0         0         0         0         0         0         0         0         0         0         0         0         0         0         0 
dram[13]:         0         0         0         0         0         0         0         0         0         0         0         0         0         0         0         0 
dram[14]:         0         0         0         0         0         0         0         0         0         0         0         0         0         0         0         0 
dram[15]:         0         0         0         0         0         0         0         0         0         0         0         0         0         0         0         0 
dram[16]:         0         0         0         0         0         0         0         0         0         0         0         0         0         0         0         0 
dram[17]:         0         0         0         0         0         0         0         0         0         0         0         0         0         0         0         0 
dram[18]:         0         0         0         0         0         0         0         0         0         0         0         0         0         0         0         0 
dram[19]:         0         0         0         0         0         0         0         0         0         0         0         0         0         0         0         0 
dram[20]:         0         0         0         0         0         0         0         0         0         0         0         0         0         0         0         0 
dram[21]:         0         0         0         0         0         0         0         0         0         0         0         0         0         0         0         0 
dram[22]:         0         0         0         0         0         0         0         0         0         0         0         0         0         0         0         0 
dram[23]:         0         0         0         0         0         0         0         0         0         0         0         0         0         0         0         0 
dram[24]:         0         0         0         0         0         0         0         0         0         0         0         0         0         0         0         0 
dram[25]:         0         0         0         0         0         0         0         0         0         0         0         0         0         0         0         0 
dram[26]:         0         0         0         0         0         0         0         0         0         0         0         0         0         0         0         0 
dram[27]:         0         0         0         0         0         0         0         0         0         0         0         0         0         0         0         0 
dram[28]:         0         0         0         0         0         0         0         0         0         0         0         0         0         0         0         0 
dram[29]:         0         0         0         0         0         0         0         0         0         0         0         0         0         0         0         0 
dram[30]:         0         0         0         0         0         0         0         0         0         0         0         0         0         0         0         0 
dram[31]:         0         0         0         0         0         0         0         0         0         0         0         0         0         0         0         0 
dram[32]:         0         0         0         0         0         0         0         0         0         0         0         0         0         0         0         0 
dram[33]:         0         0         0         0         0         0         0         0         0         0         0         0         0         0         0         0 
dram[34]:         0         0         0         0         0         0         0         0         0         0         0         0         0         0         0         0 
dram[35]:         0         0         0         0         0         0         0         0         0         0         0         0         0         0         0         0 
dram[36]:         0         0         0         0         0         0         0         0         0         0         0         0         0         0         0         0 
dram[37]:         0         0         0         0         0         0         0         0         0         0         0         0         0         0         0         0 
dram[38]:         0         0         0         0         0         0         0         0         0         0         0         0         0         0         0         0 
dram[39]:         0         0         0         0         0         0         0         0         0         0         0         0         0         0         0         0 
total dram writes = 0
min_bank_accesses = 0!
min_chip_accesses = 0!
average mf latency per bank:
dram[0]:       1280      1321      1424      1424      2045      2045      1494      1447      1238      1206      1371      1371      1027      1042       956       965
dram[1]:       1318      1276      1479      1464      1970      1944      1478      1488      1203      1234      1336      1319      1039      1039       973       964
dram[2]:       1323      1313      1426      1428      2049      2054      1450      1472      1208      1198      1373      1380      1043      1022       966       961
dram[3]:       1278      1319      1466      1466      1949      1948      1491      1444      1236      1204      1321      1321      1041      1056       964       974
dram[4]:       1324      1282      1424      1423      2059      2059      1454      1500      1215      1248      1364      1364      1038      1024       962       953
dram[5]:       1280      1280      1470      1424      1952      2045      1455      1455      1213      1213      1332      1380      1057      1041       976       965
dram[6]:       1284      1239      1420      1464      2073      1944      1497      1497      1242      1242      1376      1328      1039      1054       962       963
dram[7]:       1282      1321      1427      1414      2049      2063      1457      1445      1215      1206      1382      1371      1043      1036       966       969
dram[8]:       1242      1242      1467      1422      1948      2040      1499      1499      1244      1244      1330      1378      1040      1026       965       955
dram[9]:       1274      1274      1431      1477      2059      1965      1468      1468      1208      1208      1374      1325      1043      1058       962       972
dram[10]:       1204      1175      1648      1648      1787      1787      1642      1709      1298      1344      1184      1183      1057      1057       980       969
dram[11]:       1185      1200      1610      1576      1862      1846      1679      1637      1385      1294      1234      1211      1044      1039       966       967
dram[12]:       1150      1155      1651      1671      1791      1787      2144      1672      1346      1380      1185      1197      1058      1057       970       973
dram[13]:       1174      1147      1579      1578      1850      1850      2045      2138      1296      1341      1213      1213      1056      1040       969       959
dram[14]:       1157      1183      1665      1666      1777      1777      1706      1623      1364      1317      1214      1214      1058      1075       970       980
dram[15]:       1156      1155      1592      1659      1839      1773      1687      1686      1381      1381      1245      1212      1027      1041       956       965
dram[16]:       1185      1178      1662      1586      1787      1831      1621      1612      1329      1328      1209      1242      1065      1024       982       963
dram[17]:       1157      1155      1661      1655      1776      1780      1689      1682      1383      1371      1214      1205      1042      1061       966       969
dram[18]:       1180      1180      1589      1655      1835      1769      1615      1614      1331      1331      1243      1211      1040      1056       964       974
dram[19]:       1164      1164      1676      1608      1776      1842      1676      1676      1374      1374      1207      1239      1048      1032       974       965
dram[20]:        860       859       860       859       859       859       859       860       859       859       859       859       860       859       860       859
dram[21]:        860       859       860       859       860       860       860       860       860       860       860       860       860       860       860       860
dram[22]:        859       859       859       859       859       859       859       859       859       859       859       859       859       859       859       859
dram[23]:        860       859       860       859       860       859       859       859       860       860       860       859       860       859       860       859
dram[24]:        860       859       860       859       859       859       860       859       860       859       860       859       859       860       860       859
dram[25]:        859       860       859       859       860       859       860       860       860       859       860       859       859       859       860       860
dram[26]:        860       860       860       860       860       859       860       859       860       859       860       860       860       860       860       860
dram[27]:        859       859       859       859       859       859       859       859       860       859       859       859       859       859       859       859
dram[28]:        860       859       860       859       859       859       860       860       859       859       860       859       859       859       860       859
dram[29]:        860       859       860       859       859       859       860       859       860       859       859       859       860       859       859       859
dram[30]:        859       859       860       859       860       859       860       859       860       859       860       860       860       859       860       859
dram[31]:        860       860       860       860       860       859       860       859       860       859       860       859       860       860       860       859
dram[32]:        859       859       859       859       859       859       859       859       859       859       860       859       859       859       859       859
dram[33]:        859       860       859       859       860       859       860       859       859       859       859       859       859       859       859       860
dram[34]:        860       859       860       859       860       859       860       859       860       859       860       859       859       859       859       859
dram[35]:        860       859       860       859       859       859       859       860       859       859       859       860       860       859       860       859
dram[36]:        860       859       860       859       860       859       860       860       860       859       860       859       860       860       860       860
dram[37]:        859       859       859       859       859       859       859       859       859       859       859       859       860       859       859       859
dram[38]:        860       859       860       859       860       860       859       859       860       859       859       860       860       859       860       859
dram[39]:        860       859       860       859       859       859       860       860       859       859       860       859       860       859       860       859
maximum mf latency per bank:
dram[0]:        662       662       663       662       663       662       663       662       663       662       663       662       663       662       663       662
dram[1]:        663       662       662       661       662       662       663       662       663       662       663       662       662       662       662       662
dram[2]:        662       662       662       662       662       662       662       662       662       662       662       662       662       662       662       662
dram[3]:        663       662       662       662       662       662       663       663       662       663       662       662       663       663       663       663
dram[4]:        662       662       663       661       663       662       663       662       662       662       663       662       663       662       663       662
dram[5]:        663       662       662       662       662       661       662       662       662       662       663       662       663       662       663       663
dram[6]:        663       661       662       662       663       662       662       662       663       662       662       662       663       662       663       662
dram[7]:        662       662       662       662       662       662       662       661       662       662       662       662       662       662       662       662
dram[8]:        663       662       663       662       663       662       663       662       663       662       663       662       663       663       663       662
dram[9]:        663       662       663       661       662       662       663       661       663       662       663       661       663       662       663       663
dram[10]:        662       662       662       662       662       662       663       662       663       662       662       662       663       662       663       662
dram[11]:        663       662       663       662       663       662       663       662       662       661       662       662       663       662       663       662
dram[12]:        662       662       662       662       662       662       662       662       662       662       662       662       662       663       662       662
dram[13]:        662       662       663       662       663       662       662       662       663       662       663       662       662       662       663       663
dram[14]:        662       662       662       662       662       662       662       662       663       662       663       661       663       662       662       663
dram[15]:        662       662       662       663       662       662       663       662       662       662       662       662       663       662       663       662
dram[16]:        663       662       663       662       662       662       662       662       662       662       663       662       663       662       663       662
dram[17]:        662       662       662       661       662       662       662       662       662       662       662       662       662       662       662       662
dram[18]:        663       662       662       662       662       662       663       662       663       662       662       662       662       662       663       662
dram[19]:        662       662       663       662       663       662       663       662       663       662       663       662       663       663       663       662
dram[20]:        863       863       864       863       864       863       863       863       863       863       864       863       864       863       864       863
dram[21]:        864       863       864       863       863       863       864       863       864       863       864       863       864       863       864       863
dram[22]:        863       863       863       863       863       863       863       862       863       863       863       863       863       863       863       863
dram[23]:        864       863       864       863       864       863       863       863       864       863       864       863       864       864       864       863
dram[24]:        863       863       864       863       864       863       864       863       864       863       864       863       863       864       864       863
dram[25]:        864       863       863       863       864       863       864       864       864       863       864       864       864       864       864       863
dram[26]:        864       863       864       863       864       863       864       863       863       863       864       863       864       863       864       863
dram[27]:        863       863       863       862       863       863       863       863       863       862       863       863       863       863       863       863
dram[28]:        864       864       864       863       863       863       864       863       863       863       864       863       864       863       864       863
dram[29]:        864       863       864       863       864       863       864       862       864       863       864       863       864       863       864       864
dram[30]:        864       863       864       863       864       863       864       863       864       863       863       864       864       863       864       863
dram[31]:        864       863       864       863       864       863       864       863       864       863       864       863       864       863       864       863
dram[32]:        863       863       863       863       863       863       863       863       863       863       863       863       863       863       863       863
dram[33]:        864       864       864       863       864       863       864       863       863       863       863       863       864       863       864       863
dram[34]:        864       863       864       863       863       863       864       863       864       863       864       863       864       863       864       863
dram[35]:        863       863       864       863       863       863       864       863       863       863       863       863       864       864       864       863
dram[36]:        864       863       864       863       864       863       864       863       864       863       864       863       864       863       864       863
dram[37]:        863       863       863       863       863       863       863       862       863       863       863       863       863       862       863       863
dram[38]:        864       863       863       863       864       863       863       863       864       863       863       863       864       863       864       863
dram[39]:        864       863       863       862       863       863       864       863       864       863       864       863       864       863       864       863
LRC stats:
LRC_subpartition_num_lrc_to_l2_sectors.sum = 49809
LRC_subpartition_num_icnt_to_lrc_sectors.sum = 50091
Number of LRC to L2 sectors: 49809
Number of ICNT to LRC sectors: 50091
Number of LRC to L2 bytes: 1593888
Number of ICNT to LRC bytes: 1602912
LRC compression ratio: 1.005662
LRC_subpartition_l2_stall_due_to_lrc_full.sum = 0
Inter-chiplet stats:
interchip_read_requests = 24832
interchip_write_requests = 50440
Total inter-chiplet requests: 75272
Memory Partition 0: 
Cache L2_bank_000:
MSHR contents

Cache L2_bank_001:
MSHR contents

In Dram Latency Queue (total = 0): 
DRAM[0]: 16 bks, busW=8 BL=4 CL=19, tRRD=6 tCCD=1, tRCD=19 tRAS=45 tRP=19 tRC=50
n_cmd=0 n_nop=0 n_act=0 n_pre=0 n_ref_event=0 n_req=0 n_rd=0 n_rd_L2_A=0 n_write=0 n_wr_bk=0 bw_util=-nan
n_activity=0 dram_eff=-nan
bk0: 0a 0i bk1: 0a 0i bk2: 0a 0i bk3: 0a 0i bk4: 0a 0i bk5: 0a 0i bk6: 0a 0i bk7: 0a 0i bk8: 0a 0i bk9: 0a 0i bk10: 0a 0i bk11: 0a 0i bk12: 0a 0i bk13: 0a 0i bk14: 0a 0i bk15: 0a 0i 

------------------------------------------------------------------------

Row_Buffer_Locality = -nan
Row_Buffer_Locality_read = -nan
Row_Buffer_Locality_write = -nan
Bank_Level_Parallism = -nan
Bank_Level_Parallism_Col = -nan
Bank_Level_Parallism_Ready = -nan
write_to_read_ratio_blp_rw_average = -nan
GrpLevelPara = -nan 

BW Util details:
bwutil = -nan 
total_CMD = 0 
util_bw = 0 
Wasted_Col = 0 
Wasted_Row = 0 
Idle = 0 

BW Util Bottlenecks: 
RCDc_limit = 0 
RCDWRc_limit = 0 
WTRc_limit = 0 
RTWc_limit = 0 
CCDLc_limit = 0 
rwq = 0 
CCDLc_limit_alone = 0 
WTRc_limit_alone = 0 
RTWc_limit_alone = 0 

Commands details: 
total_CMD = 0 
n_nop = 0 
Read = 0 
Write = 0 
L2_Alloc = 0 
L2_WB = 0 
n_act = 0 
n_pre = 0 
n_ref = 0 
n_req = 0 
total_req = 0 

Dual Bus Interface Util: 
issued_total_row = 0 
issued_total_col = 0 
Row_Bus_Util =  -nan 
CoL_Bus_Util = -nan 
Either_Row_CoL_Bus_Util = -nan 
Issued_on_Two_Bus_Simul_Util = -nan 
issued_two_Eff = -nan 
queue_avg = -nan 


dram_util_bins: 0 0 0 0 0 0 0 0 0 0
dram_eff_bins: 0 0 0 0 0 0 0 0 0 0
mrqq: max=0 avg=-nan
Memory Partition 1: 
Cache L2_bank_002:
MSHR contents

Cache L2_bank_003:
MSHR contents

In Dram Latency Queue (total = 0): 
DRAM[1]: 16 bks, busW=8 BL=4 CL=19, tRRD=6 tCCD=1, tRCD=19 tRAS=45 tRP=19 tRC=50
n_cmd=0 n_nop=0 n_act=0 n_pre=0 n_ref_event=0 n_req=0 n_rd=0 n_rd_L2_A=0 n_write=0 n_wr_bk=0 bw_util=-nan
n_activity=0 dram_eff=-nan
bk0: 0a 0i bk1: 0a 0i bk2: 0a 0i bk3: 0a 0i bk4: 0a 0i bk5: 0a 0i bk6: 0a 0i bk7: 0a 0i bk8: 0a 0i bk9: 0a 0i bk10: 0a 0i bk11: 0a 0i bk12: 0a 0i bk13: 0a 0i bk14: 0a 0i bk15: 0a 0i 

------------------------------------------------------------------------

Row_Buffer_Locality = -nan
Row_Buffer_Locality_read = -nan
Row_Buffer_Locality_write = -nan
Bank_Level_Parallism = -nan
Bank_Level_Parallism_Col = -nan
Bank_Level_Parallism_Ready = -nan
write_to_read_ratio_blp_rw_average = -nan
GrpLevelPara = -nan 

BW Util details:
bwutil = -nan 
total_CMD = 0 
util_bw = 0 
Wasted_Col = 0 
Wasted_Row = 0 
Idle = 0 

BW Util Bottlenecks: 
RCDc_limit = 0 
RCDWRc_limit = 0 
WTRc_limit = 0 
RTWc_limit = 0 
CCDLc_limit = 0 
rwq = 0 
CCDLc_limit_alone = 0 
WTRc_limit_alone = 0 
RTWc_limit_alone = 0 

Commands details: 
total_CMD = 0 
n_nop = 0 
Read = 0 
Write = 0 
L2_Alloc = 0 
L2_WB = 0 
n_act = 0 
n_pre = 0 
n_ref = 0 
n_req = 0 
total_req = 0 

Dual Bus Interface Util: 
issued_total_row = 0 
issued_total_col = 0 
Row_Bus_Util =  -nan 
CoL_Bus_Util = -nan 
Either_Row_CoL_Bus_Util = -nan 
Issued_on_Two_Bus_Simul_Util = -nan 
issued_two_Eff = -nan 
queue_avg = -nan 


dram_util_bins: 0 0 0 0 0 0 0 0 0 0
dram_eff_bins: 0 0 0 0 0 0 0 0 0 0
mrqq: max=0 avg=-nan
Memory Partition 2: 
Cache L2_bank_004:
MSHR contents

Cache L2_bank_005:
MSHR contents

In Dram Latency Queue (total = 0): 
DRAM[2]: 16 bks, busW=8 BL=4 CL=19, tRRD=6 tCCD=1, tRCD=19 tRAS=45 tRP=19 tRC=50
n_cmd=0 n_nop=0 n_act=0 n_pre=0 n_ref_event=0 n_req=0 n_rd=0 n_rd_L2_A=0 n_write=0 n_wr_bk=0 bw_util=-nan
n_activity=0 dram_eff=-nan
bk0: 0a 0i bk1: 0a 0i bk2: 0a 0i bk3: 0a 0i bk4: 0a 0i bk5: 0a 0i bk6: 0a 0i bk7: 0a 0i bk8: 0a 0i bk9: 0a 0i bk10: 0a 0i bk11: 0a 0i bk12: 0a 0i bk13: 0a 0i bk14: 0a 0i bk15: 0a 0i 

------------------------------------------------------------------------

Row_Buffer_Locality = -nan
Row_Buffer_Locality_read = -nan
Row_Buffer_Locality_write = -nan
Bank_Level_Parallism = -nan
Bank_Level_Parallism_Col = -nan
Bank_Level_Parallism_Ready = -nan
write_to_read_ratio_blp_rw_average = -nan
GrpLevelPara = -nan 

BW Util details:
bwutil = -nan 
total_CMD = 0 
util_bw = 0 
Wasted_Col = 0 
Wasted_Row = 0 
Idle = 0 

BW Util Bottlenecks: 
RCDc_limit = 0 
RCDWRc_limit = 0 
WTRc_limit = 0 
RTWc_limit = 0 
CCDLc_limit = 0 
rwq = 0 
CCDLc_limit_alone = 0 
WTRc_limit_alone = 0 
RTWc_limit_alone = 0 

Commands details: 
total_CMD = 0 
n_nop = 0 
Read = 0 
Write = 0 
L2_Alloc = 0 
L2_WB = 0 
n_act = 0 
n_pre = 0 
n_ref = 0 
n_req = 0 
total_req = 0 

Dual Bus Interface Util: 
issued_total_row = 0 
issued_total_col = 0 
Row_Bus_Util =  -nan 
CoL_Bus_Util = -nan 
Either_Row_CoL_Bus_Util = -nan 
Issued_on_Two_Bus_Simul_Util = -nan 
issued_two_Eff = -nan 
queue_avg = -nan 


dram_util_bins: 0 0 0 0 0 0 0 0 0 0
dram_eff_bins: 0 0 0 0 0 0 0 0 0 0
mrqq: max=0 avg=-nan
Memory Partition 3: 
Cache L2_bank_006:
MSHR contents

Cache L2_bank_007:
MSHR contents

In Dram Latency Queue (total = 0): 
DRAM[3]: 16 bks, busW=8 BL=4 CL=19, tRRD=6 tCCD=1, tRCD=19 tRAS=45 tRP=19 tRC=50
n_cmd=0 n_nop=0 n_act=0 n_pre=0 n_ref_event=94384030223760 n_req=0 n_rd=0 n_rd_L2_A=0 n_write=0 n_wr_bk=0 bw_util=-nan
n_activity=0 dram_eff=-nan
bk0: 0a 0i bk1: 0a 0i bk2: 0a 0i bk3: 0a 0i bk4: 0a 0i bk5: 0a 0i bk6: 0a 0i bk7: 0a 0i bk8: 0a 0i bk9: 0a 0i bk10: 0a 0i bk11: 0a 0i bk12: 0a 0i bk13: 0a 0i bk14: 0a 0i bk15: 0a 0i 

------------------------------------------------------------------------

Row_Buffer_Locality = -nan
Row_Buffer_Locality_read = -nan
Row_Buffer_Locality_write = -nan
Bank_Level_Parallism = -nan
Bank_Level_Parallism_Col = inf
Bank_Level_Parallism_Ready = -nan
write_to_read_ratio_blp_rw_average = -nan
GrpLevelPara = -nan 

BW Util details:
bwutil = -nan 
total_CMD = 0 
util_bw = 0 
Wasted_Col = 0 
Wasted_Row = 0 
Idle = 0 

BW Util Bottlenecks: 
RCDc_limit = 0 
RCDWRc_limit = 0 
WTRc_limit = 0 
RTWc_limit = 0 
CCDLc_limit = 0 
rwq = 0 
CCDLc_limit_alone = 0 
WTRc_limit_alone = 0 
RTWc_limit_alone = 0 

Commands details: 
total_CMD = 0 
n_nop = 0 
Read = 0 
Write = 0 
L2_Alloc = 0 
L2_WB = 0 
n_act = 0 
n_pre = 0 
n_ref = 94384030223760 
n_req = 0 
total_req = 0 

Dual Bus Interface Util: 
issued_total_row = 0 
issued_total_col = 0 
Row_Bus_Util =  -nan 
CoL_Bus_Util = -nan 
Either_Row_CoL_Bus_Util = -nan 
Issued_on_Two_Bus_Simul_Util = -nan 
issued_two_Eff = -nan 
queue_avg = -nan 


dram_util_bins: 0 0 0 0 0 0 0 0 0 0
dram_eff_bins: 0 0 0 0 0 0 0 0 0 0
mrqq: max=0 avg=-nan
Memory Partition 4: 
Cache L2_bank_008:
MSHR contents

Cache L2_bank_009:
MSHR contents

In Dram Latency Queue (total = 0): 
DRAM[4]: 16 bks, busW=8 BL=4 CL=19, tRRD=6 tCCD=1, tRCD=19 tRAS=45 tRP=19 tRC=50
n_cmd=0 n_nop=0 n_act=0 n_pre=0 n_ref_event=0 n_req=0 n_rd=0 n_rd_L2_A=0 n_write=0 n_wr_bk=0 bw_util=-nan
n_activity=0 dram_eff=-nan
bk0: 0a 0i bk1: 0a 0i bk2: 0a 0i bk3: 0a 0i bk4: 0a 0i bk5: 0a 0i bk6: 0a 0i bk7: 0a 0i bk8: 0a 0i bk9: 0a 0i bk10: 0a 0i bk11: 0a 0i bk12: 0a 0i bk13: 0a 0i bk14: 0a 0i bk15: 0a 0i 

------------------------------------------------------------------------

Row_Buffer_Locality = -nan
Row_Buffer_Locality_read = -nan
Row_Buffer_Locality_write = -nan
Bank_Level_Parallism = -nan
Bank_Level_Parallism_Col = -nan
Bank_Level_Parallism_Ready = -nan
write_to_read_ratio_blp_rw_average = -nan
GrpLevelPara = -nan 

BW Util details:
bwutil = -nan 
total_CMD = 0 
util_bw = 0 
Wasted_Col = 0 
Wasted_Row = 0 
Idle = 0 

BW Util Bottlenecks: 
RCDc_limit = 0 
RCDWRc_limit = 0 
WTRc_limit = 0 
RTWc_limit = 0 
CCDLc_limit = 0 
rwq = 0 
CCDLc_limit_alone = 0 
WTRc_limit_alone = 0 
RTWc_limit_alone = 0 

Commands details: 
total_CMD = 0 
n_nop = 0 
Read = 0 
Write = 0 
L2_Alloc = 0 
L2_WB = 0 
n_act = 0 
n_pre = 0 
n_ref = 0 
n_req = 0 
total_req = 0 

Dual Bus Interface Util: 
issued_total_row = 0 
issued_total_col = 0 
Row_Bus_Util =  -nan 
CoL_Bus_Util = -nan 
Either_Row_CoL_Bus_Util = -nan 
Issued_on_Two_Bus_Simul_Util = -nan 
issued_two_Eff = -nan 
queue_avg = -nan 


dram_util_bins: 0 0 0 0 0 0 0 0 0 0
dram_eff_bins: 0 0 0 0 0 0 0 0 0 0
mrqq: max=0 avg=-nan
Memory Partition 5: 
Cache L2_bank_010:
MSHR contents

Cache L2_bank_011:
MSHR contents

In Dram Latency Queue (total = 0): 
DRAM[5]: 16 bks, busW=8 BL=4 CL=19, tRRD=6 tCCD=1, tRCD=19 tRAS=45 tRP=19 tRC=50
n_cmd=0 n_nop=0 n_act=0 n_pre=0 n_ref_event=0 n_req=0 n_rd=0 n_rd_L2_A=0 n_write=0 n_wr_bk=0 bw_util=-nan
n_activity=0 dram_eff=-nan
bk0: 0a 0i bk1: 0a 0i bk2: 0a 0i bk3: 0a 0i bk4: 0a 0i bk5: 0a 0i bk6: 0a 0i bk7: 0a 0i bk8: 0a 0i bk9: 0a 0i bk10: 0a 0i bk11: 0a 0i bk12: 0a 0i bk13: 0a 0i bk14: 0a 0i bk15: 0a 0i 

------------------------------------------------------------------------

Row_Buffer_Locality = -nan
Row_Buffer_Locality_read = -nan
Row_Buffer_Locality_write = -nan
Bank_Level_Parallism = -nan
Bank_Level_Parallism_Col = -nan
Bank_Level_Parallism_Ready = -nan
write_to_read_ratio_blp_rw_average = -nan
GrpLevelPara = -nan 

BW Util details:
bwutil = -nan 
total_CMD = 0 
util_bw = 0 
Wasted_Col = 0 
Wasted_Row = 0 
Idle = 0 

BW Util Bottlenecks: 
RCDc_limit = 0 
RCDWRc_limit = 0 
WTRc_limit = 0 
RTWc_limit = 0 
CCDLc_limit = 0 
rwq = 0 
CCDLc_limit_alone = 0 
WTRc_limit_alone = 0 
RTWc_limit_alone = 0 

Commands details: 
total_CMD = 0 
n_nop = 0 
Read = 0 
Write = 0 
L2_Alloc = 0 
L2_WB = 0 
n_act = 0 
n_pre = 0 
n_ref = 0 
n_req = 0 
total_req = 0 

Dual Bus Interface Util: 
issued_total_row = 0 
issued_total_col = 0 
Row_Bus_Util =  -nan 
CoL_Bus_Util = -nan 
Either_Row_CoL_Bus_Util = -nan 
Issued_on_Two_Bus_Simul_Util = -nan 
issued_two_Eff = -nan 
queue_avg = -nan 


dram_util_bins: 0 0 0 0 0 0 0 0 0 0
dram_eff_bins: 0 0 0 0 0 0 0 0 0 0
mrqq: max=0 avg=-nan
Memory Partition 6: 
Cache L2_bank_012:
MSHR contents

Cache L2_bank_013:
MSHR contents

In Dram Latency Queue (total = 0): 
DRAM[6]: 16 bks, busW=8 BL=4 CL=19, tRRD=6 tCCD=1, tRCD=19 tRAS=45 tRP=19 tRC=50
n_cmd=0 n_nop=0 n_act=0 n_pre=0 n_ref_event=0 n_req=0 n_rd=0 n_rd_L2_A=0 n_write=0 n_wr_bk=0 bw_util=-nan
n_activity=0 dram_eff=-nan
bk0: 0a 0i bk1: 0a 0i bk2: 0a 0i bk3: 0a 0i bk4: 0a 0i bk5: 0a 0i bk6: 0a 0i bk7: 0a 0i bk8: 0a 0i bk9: 0a 0i bk10: 0a 0i bk11: 0a 0i bk12: 0a 0i bk13: 0a 0i bk14: 0a 0i bk15: 0a 0i 

------------------------------------------------------------------------

Row_Buffer_Locality = -nan
Row_Buffer_Locality_read = -nan
Row_Buffer_Locality_write = -nan
Bank_Level_Parallism = -nan
Bank_Level_Parallism_Col = -nan
Bank_Level_Parallism_Ready = -nan
write_to_read_ratio_blp_rw_average = -nan
GrpLevelPara = -nan 

BW Util details:
bwutil = -nan 
total_CMD = 0 
util_bw = 0 
Wasted_Col = 0 
Wasted_Row = 0 
Idle = 0 

BW Util Bottlenecks: 
RCDc_limit = 0 
RCDWRc_limit = 0 
WTRc_limit = 0 
RTWc_limit = 0 
CCDLc_limit = 0 
rwq = 0 
CCDLc_limit_alone = 0 
WTRc_limit_alone = 0 
RTWc_limit_alone = 0 

Commands details: 
total_CMD = 0 
n_nop = 0 
Read = 0 
Write = 0 
L2_Alloc = 0 
L2_WB = 0 
n_act = 0 
n_pre = 0 
n_ref = 0 
n_req = 0 
total_req = 0 

Dual Bus Interface Util: 
issued_total_row = 0 
issued_total_col = 0 
Row_Bus_Util =  -nan 
CoL_Bus_Util = -nan 
Either_Row_CoL_Bus_Util = -nan 
Issued_on_Two_Bus_Simul_Util = -nan 
issued_two_Eff = -nan 
queue_avg = -nan 


dram_util_bins: 0 0 0 0 0 0 0 0 0 0
dram_eff_bins: 0 0 0 0 0 0 0 0 0 0
mrqq: max=0 avg=-nan
Memory Partition 7: 
Cache L2_bank_014:
MSHR contents

Cache L2_bank_015:
MSHR contents

In Dram Latency Queue (total = 0): 
DRAM[7]: 16 bks, busW=8 BL=4 CL=19, tRRD=6 tCCD=1, tRCD=19 tRAS=45 tRP=19 tRC=50
n_cmd=0 n_nop=0 n_act=0 n_pre=0 n_ref_event=0 n_req=0 n_rd=0 n_rd_L2_A=0 n_write=0 n_wr_bk=0 bw_util=-nan
n_activity=0 dram_eff=-nan
bk0: 0a 0i bk1: 0a 0i bk2: 0a 0i bk3: 0a 0i bk4: 0a 0i bk5: 0a 0i bk6: 0a 0i bk7: 0a 0i bk8: 0a 0i bk9: 0a 0i bk10: 0a 0i bk11: 0a 0i bk12: 0a 0i bk13: 0a 0i bk14: 0a 0i bk15: 0a 0i 

------------------------------------------------------------------------

Row_Buffer_Locality = -nan
Row_Buffer_Locality_read = -nan
Row_Buffer_Locality_write = -nan
Bank_Level_Parallism = -nan
Bank_Level_Parallism_Col = -nan
Bank_Level_Parallism_Ready = -nan
write_to_read_ratio_blp_rw_average = -nan
GrpLevelPara = -nan 

BW Util details:
bwutil = -nan 
total_CMD = 0 
util_bw = 0 
Wasted_Col = 0 
Wasted_Row = 0 
Idle = 0 

BW Util Bottlenecks: 
RCDc_limit = 0 
RCDWRc_limit = 0 
WTRc_limit = 0 
RTWc_limit = 0 
CCDLc_limit = 0 
rwq = 0 
CCDLc_limit_alone = 0 
WTRc_limit_alone = 0 
RTWc_limit_alone = 0 

Commands details: 
total_CMD = 0 
n_nop = 0 
Read = 0 
Write = 0 
L2_Alloc = 0 
L2_WB = 0 
n_act = 0 
n_pre = 0 
n_ref = 0 
n_req = 0 
total_req = 0 

Dual Bus Interface Util: 
issued_total_row = 0 
issued_total_col = 0 
Row_Bus_Util =  -nan 
CoL_Bus_Util = -nan 
Either_Row_CoL_Bus_Util = -nan 
Issued_on_Two_Bus_Simul_Util = -nan 
issued_two_Eff = -nan 
queue_avg = -nan 


dram_util_bins: 0 0 0 0 0 0 0 0 0 0
dram_eff_bins: 0 0 0 0 0 0 0 0 0 0
mrqq: max=0 avg=-nan
Memory Partition 8: 
Cache L2_bank_016:
MSHR contents

Cache L2_bank_017:
MSHR contents

In Dram Latency Queue (total = 0): 
DRAM[8]: 16 bks, busW=8 BL=4 CL=19, tRRD=6 tCCD=1, tRCD=19 tRAS=45 tRP=19 tRC=50
n_cmd=0 n_nop=0 n_act=0 n_pre=0 n_ref_event=0 n_req=0 n_rd=0 n_rd_L2_A=0 n_write=0 n_wr_bk=0 bw_util=-nan
n_activity=0 dram_eff=-nan
bk0: 0a 0i bk1: 0a 0i bk2: 0a 0i bk3: 0a 0i bk4: 0a 0i bk5: 0a 0i bk6: 0a 0i bk7: 0a 0i bk8: 0a 0i bk9: 0a 0i bk10: 0a 0i bk11: 0a 0i bk12: 0a 0i bk13: 0a 0i bk14: 0a 0i bk15: 0a 0i 

------------------------------------------------------------------------

Row_Buffer_Locality = -nan
Row_Buffer_Locality_read = -nan
Row_Buffer_Locality_write = -nan
Bank_Level_Parallism = -nan
Bank_Level_Parallism_Col = -nan
Bank_Level_Parallism_Ready = -nan
write_to_read_ratio_blp_rw_average = -nan
GrpLevelPara = -nan 

BW Util details:
bwutil = -nan 
total_CMD = 0 
util_bw = 0 
Wasted_Col = 0 
Wasted_Row = 0 
Idle = 0 

BW Util Bottlenecks: 
RCDc_limit = 0 
RCDWRc_limit = 0 
WTRc_limit = 0 
RTWc_limit = 0 
CCDLc_limit = 0 
rwq = 0 
CCDLc_limit_alone = 0 
WTRc_limit_alone = 0 
RTWc_limit_alone = 0 

Commands details: 
total_CMD = 0 
n_nop = 0 
Read = 0 
Write = 0 
L2_Alloc = 0 
L2_WB = 0 
n_act = 0 
n_pre = 0 
n_ref = 0 
n_req = 0 
total_req = 0 

Dual Bus Interface Util: 
issued_total_row = 0 
issued_total_col = 0 
Row_Bus_Util =  -nan 
CoL_Bus_Util = -nan 
Either_Row_CoL_Bus_Util = -nan 
Issued_on_Two_Bus_Simul_Util = -nan 
issued_two_Eff = -nan 
queue_avg = -nan 


dram_util_bins: 0 0 0 0 0 0 0 0 0 0
dram_eff_bins: 0 0 0 0 0 0 0 0 0 0
mrqq: max=0 avg=-nan
Memory Partition 9: 
Cache L2_bank_018:
MSHR contents

Cache L2_bank_019:
MSHR contents

In Dram Latency Queue (total = 0): 
DRAM[9]: 16 bks, busW=8 BL=4 CL=19, tRRD=6 tCCD=1, tRCD=19 tRAS=45 tRP=19 tRC=50
n_cmd=0 n_nop=0 n_act=0 n_pre=0 n_ref_event=0 n_req=0 n_rd=0 n_rd_L2_A=0 n_write=0 n_wr_bk=0 bw_util=-nan
n_activity=0 dram_eff=-nan
bk0: 0a 0i bk1: 0a 0i bk2: 0a 0i bk3: 0a 0i bk4: 0a 0i bk5: 0a 0i bk6: 0a 0i bk7: 0a 0i bk8: 0a 0i bk9: 0a 0i bk10: 0a 0i bk11: 0a 0i bk12: 0a 0i bk13: 0a 0i bk14: 0a 0i bk15: 0a 0i 

------------------------------------------------------------------------

Row_Buffer_Locality = -nan
Row_Buffer_Locality_read = -nan
Row_Buffer_Locality_write = -nan
Bank_Level_Parallism = -nan
Bank_Level_Parallism_Col = -nan
Bank_Level_Parallism_Ready = -nan
write_to_read_ratio_blp_rw_average = -nan
GrpLevelPara = -nan 

BW Util details:
bwutil = -nan 
total_CMD = 0 
util_bw = 0 
Wasted_Col = 0 
Wasted_Row = 0 
Idle = 0 

BW Util Bottlenecks: 
RCDc_limit = 0 
RCDWRc_limit = 0 
WTRc_limit = 0 
RTWc_limit = 0 
CCDLc_limit = 0 
rwq = 0 
CCDLc_limit_alone = 0 
WTRc_limit_alone = 0 
RTWc_limit_alone = 0 

Commands details: 
total_CMD = 0 
n_nop = 0 
Read = 0 
Write = 0 
L2_Alloc = 0 
L2_WB = 0 
n_act = 0 
n_pre = 0 
n_ref = 0 
n_req = 0 
total_req = 0 

Dual Bus Interface Util: 
issued_total_row = 0 
issued_total_col = 0 
Row_Bus_Util =  -nan 
CoL_Bus_Util = -nan 
Either_Row_CoL_Bus_Util = -nan 
Issued_on_Two_Bus_Simul_Util = -nan 
issued_two_Eff = -nan 
queue_avg = -nan 


dram_util_bins: 0 0 0 0 0 0 0 0 0 0
dram_eff_bins: 0 0 0 0 0 0 0 0 0 0
mrqq: max=0 avg=-nan
Memory Partition 10: 
Cache L2_bank_020:
MSHR contents

Cache L2_bank_021:
MSHR contents

In Dram Latency Queue (total = 0): 
DRAM[10]: 16 bks, busW=8 BL=4 CL=19, tRRD=6 tCCD=1, tRCD=19 tRAS=45 tRP=19 tRC=50
n_cmd=0 n_nop=0 n_act=0 n_pre=0 n_ref_event=0 n_req=0 n_rd=0 n_rd_L2_A=0 n_write=0 n_wr_bk=0 bw_util=-nan
n_activity=0 dram_eff=-nan
bk0: 0a 0i bk1: 0a 0i bk2: 0a 0i bk3: 0a 0i bk4: 0a 0i bk5: 0a 0i bk6: 0a 0i bk7: 0a 0i bk8: 0a 0i bk9: 0a 0i bk10: 0a 0i bk11: 0a 0i bk12: 0a 0i bk13: 0a 0i bk14: 0a 0i bk15: 0a 0i 

------------------------------------------------------------------------

Row_Buffer_Locality = -nan
Row_Buffer_Locality_read = -nan
Row_Buffer_Locality_write = -nan
Bank_Level_Parallism = -nan
Bank_Level_Parallism_Col = -nan
Bank_Level_Parallism_Ready = -nan
write_to_read_ratio_blp_rw_average = -nan
GrpLevelPara = -nan 

BW Util details:
bwutil = -nan 
total_CMD = 0 
util_bw = 0 
Wasted_Col = 0 
Wasted_Row = 0 
Idle = 0 

BW Util Bottlenecks: 
RCDc_limit = 0 
RCDWRc_limit = 0 
WTRc_limit = 0 
RTWc_limit = 0 
CCDLc_limit = 0 
rwq = 0 
CCDLc_limit_alone = 0 
WTRc_limit_alone = 0 
RTWc_limit_alone = 0 

Commands details: 
total_CMD = 0 
n_nop = 0 
Read = 0 
Write = 0 
L2_Alloc = 0 
L2_WB = 0 
n_act = 0 
n_pre = 0 
n_ref = 0 
n_req = 0 
total_req = 0 

Dual Bus Interface Util: 
issued_total_row = 0 
issued_total_col = 0 
Row_Bus_Util =  -nan 
CoL_Bus_Util = -nan 
Either_Row_CoL_Bus_Util = -nan 
Issued_on_Two_Bus_Simul_Util = -nan 
issued_two_Eff = -nan 
queue_avg = -nan 


dram_util_bins: 0 0 0 0 0 0 0 0 0 0
dram_eff_bins: 0 0 0 0 0 0 0 0 0 0
mrqq: max=0 avg=-nan
Memory Partition 11: 
Cache L2_bank_022:
MSHR contents

Cache L2_bank_023:
MSHR contents

In Dram Latency Queue (total = 0): 
DRAM[11]: 16 bks, busW=8 BL=4 CL=19, tRRD=6 tCCD=1, tRCD=19 tRAS=45 tRP=19 tRC=50
n_cmd=0 n_nop=0 n_act=0 n_pre=0 n_ref_event=0 n_req=0 n_rd=0 n_rd_L2_A=0 n_write=0 n_wr_bk=0 bw_util=-nan
n_activity=0 dram_eff=-nan
bk0: 0a 0i bk1: 0a 0i bk2: 0a 0i bk3: 0a 0i bk4: 0a 0i bk5: 0a 0i bk6: 0a 0i bk7: 0a 0i bk8: 0a 0i bk9: 0a 0i bk10: 0a 0i bk11: 0a 0i bk12: 0a 0i bk13: 0a 0i bk14: 0a 0i bk15: 0a 0i 

------------------------------------------------------------------------

Row_Buffer_Locality = -nan
Row_Buffer_Locality_read = -nan
Row_Buffer_Locality_write = -nan
Bank_Level_Parallism = -nan
Bank_Level_Parallism_Col = -nan
Bank_Level_Parallism_Ready = -nan
write_to_read_ratio_blp_rw_average = -nan
GrpLevelPara = -nan 

BW Util details:
bwutil = -nan 
total_CMD = 0 
util_bw = 0 
Wasted_Col = 0 
Wasted_Row = 0 
Idle = 0 

BW Util Bottlenecks: 
RCDc_limit = 0 
RCDWRc_limit = 0 
WTRc_limit = 0 
RTWc_limit = 0 
CCDLc_limit = 0 
rwq = 0 
CCDLc_limit_alone = 0 
WTRc_limit_alone = 0 
RTWc_limit_alone = 0 

Commands details: 
total_CMD = 0 
n_nop = 0 
Read = 0 
Write = 0 
L2_Alloc = 0 
L2_WB = 0 
n_act = 0 
n_pre = 0 
n_ref = 0 
n_req = 0 
total_req = 0 

Dual Bus Interface Util: 
issued_total_row = 0 
issued_total_col = 0 
Row_Bus_Util =  -nan 
CoL_Bus_Util = -nan 
Either_Row_CoL_Bus_Util = -nan 
Issued_on_Two_Bus_Simul_Util = -nan 
issued_two_Eff = -nan 
queue_avg = -nan 


dram_util_bins: 0 0 0 0 0 0 0 0 0 0
dram_eff_bins: 0 0 0 0 0 0 0 0 0 0
mrqq: max=0 avg=-nan
Memory Partition 12: 
Cache L2_bank_024:
MSHR contents

Cache L2_bank_025:
MSHR contents

In Dram Latency Queue (total = 0): 
DRAM[12]: 16 bks, busW=8 BL=4 CL=19, tRRD=6 tCCD=1, tRCD=19 tRAS=45 tRP=19 tRC=50
n_cmd=0 n_nop=0 n_act=0 n_pre=0 n_ref_event=0 n_req=0 n_rd=0 n_rd_L2_A=0 n_write=0 n_wr_bk=0 bw_util=-nan
n_activity=0 dram_eff=-nan
bk0: 0a 0i bk1: 0a 0i bk2: 0a 0i bk3: 0a 0i bk4: 0a 0i bk5: 0a 0i bk6: 0a 0i bk7: 0a 0i bk8: 0a 0i bk9: 0a 0i bk10: 0a 0i bk11: 0a 0i bk12: 0a 0i bk13: 0a 0i bk14: 0a 0i bk15: 0a 0i 

------------------------------------------------------------------------

Row_Buffer_Locality = -nan
Row_Buffer_Locality_read = -nan
Row_Buffer_Locality_write = -nan
Bank_Level_Parallism = -nan
Bank_Level_Parallism_Col = -nan
Bank_Level_Parallism_Ready = -nan
write_to_read_ratio_blp_rw_average = -nan
GrpLevelPara = -nan 

BW Util details:
bwutil = -nan 
total_CMD = 0 
util_bw = 0 
Wasted_Col = 0 
Wasted_Row = 0 
Idle = 0 

BW Util Bottlenecks: 
RCDc_limit = 0 
RCDWRc_limit = 0 
WTRc_limit = 0 
RTWc_limit = 0 
CCDLc_limit = 0 
rwq = 0 
CCDLc_limit_alone = 0 
WTRc_limit_alone = 0 
RTWc_limit_alone = 0 

Commands details: 
total_CMD = 0 
n_nop = 0 
Read = 0 
Write = 0 
L2_Alloc = 0 
L2_WB = 0 
n_act = 0 
n_pre = 0 
n_ref = 0 
n_req = 0 
total_req = 0 

Dual Bus Interface Util: 
issued_total_row = 0 
issued_total_col = 0 
Row_Bus_Util =  -nan 
CoL_Bus_Util = -nan 
Either_Row_CoL_Bus_Util = -nan 
Issued_on_Two_Bus_Simul_Util = -nan 
issued_two_Eff = -nan 
queue_avg = -nan 


dram_util_bins: 0 0 0 0 0 0 0 0 0 0
dram_eff_bins: 0 0 0 0 0 0 0 0 0 0
mrqq: max=0 avg=-nan
Memory Partition 13: 
Cache L2_bank_026:
MSHR contents

Cache L2_bank_027:
MSHR contents

In Dram Latency Queue (total = 0): 
DRAM[13]: 16 bks, busW=8 BL=4 CL=19, tRRD=6 tCCD=1, tRCD=19 tRAS=45 tRP=19 tRC=50
n_cmd=0 n_nop=0 n_act=0 n_pre=0 n_ref_event=0 n_req=0 n_rd=0 n_rd_L2_A=0 n_write=0 n_wr_bk=0 bw_util=-nan
n_activity=0 dram_eff=-nan
bk0: 0a 0i bk1: 0a 0i bk2: 0a 0i bk3: 0a 0i bk4: 0a 0i bk5: 0a 0i bk6: 0a 0i bk7: 0a 0i bk8: 0a 0i bk9: 0a 0i bk10: 0a 0i bk11: 0a 0i bk12: 0a 0i bk13: 0a 0i bk14: 0a 0i bk15: 0a 0i 

------------------------------------------------------------------------

Row_Buffer_Locality = -nan
Row_Buffer_Locality_read = -nan
Row_Buffer_Locality_write = -nan
Bank_Level_Parallism = -nan
Bank_Level_Parallism_Col = -nan
Bank_Level_Parallism_Ready = -nan
write_to_read_ratio_blp_rw_average = -nan
GrpLevelPara = -nan 

BW Util details:
bwutil = -nan 
total_CMD = 0 
util_bw = 0 
Wasted_Col = 0 
Wasted_Row = 0 
Idle = 0 

BW Util Bottlenecks: 
RCDc_limit = 0 
RCDWRc_limit = 0 
WTRc_limit = 0 
RTWc_limit = 0 
CCDLc_limit = 0 
rwq = 0 
CCDLc_limit_alone = 0 
WTRc_limit_alone = 0 
RTWc_limit_alone = 0 

Commands details: 
total_CMD = 0 
n_nop = 0 
Read = 0 
Write = 0 
L2_Alloc = 0 
L2_WB = 0 
n_act = 0 
n_pre = 0 
n_ref = 0 
n_req = 0 
total_req = 0 

Dual Bus Interface Util: 
issued_total_row = 0 
issued_total_col = 0 
Row_Bus_Util =  -nan 
CoL_Bus_Util = -nan 
Either_Row_CoL_Bus_Util = -nan 
Issued_on_Two_Bus_Simul_Util = -nan 
issued_two_Eff = -nan 
queue_avg = -nan 


dram_util_bins: 0 0 0 0 0 0 0 0 0 0
dram_eff_bins: 0 0 0 0 0 0 0 0 0 0
mrqq: max=0 avg=-nan
Memory Partition 14: 
Cache L2_bank_028:
MSHR contents

Cache L2_bank_029:
MSHR contents

In Dram Latency Queue (total = 0): 
DRAM[14]: 16 bks, busW=8 BL=4 CL=19, tRRD=6 tCCD=1, tRCD=19 tRAS=45 tRP=19 tRC=50
n_cmd=0 n_nop=0 n_act=0 n_pre=0 n_ref_event=0 n_req=0 n_rd=0 n_rd_L2_A=0 n_write=0 n_wr_bk=0 bw_util=-nan
n_activity=0 dram_eff=-nan
bk0: 0a 0i bk1: 0a 0i bk2: 0a 0i bk3: 0a 0i bk4: 0a 0i bk5: 0a 0i bk6: 0a 0i bk7: 0a 0i bk8: 0a 0i bk9: 0a 0i bk10: 0a 0i bk11: 0a 0i bk12: 0a 0i bk13: 0a 0i bk14: 0a 0i bk15: 0a 0i 

------------------------------------------------------------------------

Row_Buffer_Locality = -nan
Row_Buffer_Locality_read = -nan
Row_Buffer_Locality_write = -nan
Bank_Level_Parallism = -nan
Bank_Level_Parallism_Col = -nan
Bank_Level_Parallism_Ready = -nan
write_to_read_ratio_blp_rw_average = -nan
GrpLevelPara = -nan 

BW Util details:
bwutil = -nan 
total_CMD = 0 
util_bw = 0 
Wasted_Col = 0 
Wasted_Row = 0 
Idle = 0 

BW Util Bottlenecks: 
RCDc_limit = 0 
RCDWRc_limit = 0 
WTRc_limit = 0 
RTWc_limit = 0 
CCDLc_limit = 0 
rwq = 0 
CCDLc_limit_alone = 0 
WTRc_limit_alone = 0 
RTWc_limit_alone = 0 

Commands details: 
total_CMD = 0 
n_nop = 0 
Read = 0 
Write = 0 
L2_Alloc = 0 
L2_WB = 0 
n_act = 0 
n_pre = 0 
n_ref = 0 
n_req = 0 
total_req = 0 

Dual Bus Interface Util: 
issued_total_row = 0 
issued_total_col = 0 
Row_Bus_Util =  -nan 
CoL_Bus_Util = -nan 
Either_Row_CoL_Bus_Util = -nan 
Issued_on_Two_Bus_Simul_Util = -nan 
issued_two_Eff = -nan 
queue_avg = -nan 


dram_util_bins: 0 0 0 0 0 0 0 0 0 0
dram_eff_bins: 0 0 0 0 0 0 0 0 0 0
mrqq: max=0 avg=-nan
Memory Partition 15: 
Cache L2_bank_030:
MSHR contents

Cache L2_bank_031:
MSHR contents

In Dram Latency Queue (total = 0): 
DRAM[15]: 16 bks, busW=8 BL=4 CL=19, tRRD=6 tCCD=1, tRCD=19 tRAS=45 tRP=19 tRC=50
n_cmd=0 n_nop=0 n_act=0 n_pre=0 n_ref_event=0 n_req=0 n_rd=0 n_rd_L2_A=0 n_write=0 n_wr_bk=0 bw_util=-nan
n_activity=0 dram_eff=-nan
bk0: 0a 0i bk1: 0a 0i bk2: 0a 0i bk3: 0a 0i bk4: 0a 0i bk5: 0a 0i bk6: 0a 0i bk7: 0a 0i bk8: 0a 0i bk9: 0a 0i bk10: 0a 0i bk11: 0a 0i bk12: 0a 0i bk13: 0a 0i bk14: 0a 0i bk15: 0a 0i 

------------------------------------------------------------------------

Row_Buffer_Locality = -nan
Row_Buffer_Locality_read = -nan
Row_Buffer_Locality_write = -nan
Bank_Level_Parallism = -nan
Bank_Level_Parallism_Col = -nan
Bank_Level_Parallism_Ready = -nan
write_to_read_ratio_blp_rw_average = -nan
GrpLevelPara = -nan 

BW Util details:
bwutil = -nan 
total_CMD = 0 
util_bw = 0 
Wasted_Col = 0 
Wasted_Row = 0 
Idle = 0 

BW Util Bottlenecks: 
RCDc_limit = 0 
RCDWRc_limit = 0 
WTRc_limit = 0 
RTWc_limit = 0 
CCDLc_limit = 0 
rwq = 0 
CCDLc_limit_alone = 0 
WTRc_limit_alone = 0 
RTWc_limit_alone = 0 

Commands details: 
total_CMD = 0 
n_nop = 0 
Read = 0 
Write = 0 
L2_Alloc = 0 
L2_WB = 0 
n_act = 0 
n_pre = 0 
n_ref = 0 
n_req = 0 
total_req = 0 

Dual Bus Interface Util: 
issued_total_row = 0 
issued_total_col = 0 
Row_Bus_Util =  -nan 
CoL_Bus_Util = -nan 
Either_Row_CoL_Bus_Util = -nan 
Issued_on_Two_Bus_Simul_Util = -nan 
issued_two_Eff = -nan 
queue_avg = -nan 


dram_util_bins: 0 0 0 0 0 0 0 0 0 0
dram_eff_bins: 0 0 0 0 0 0 0 0 0 0
mrqq: max=0 avg=-nan
Memory Partition 16: 
Cache L2_bank_032:
MSHR contents

Cache L2_bank_033:
MSHR contents

In Dram Latency Queue (total = 0): 
DRAM[16]: 16 bks, busW=8 BL=4 CL=19, tRRD=6 tCCD=1, tRCD=19 tRAS=45 tRP=19 tRC=50
n_cmd=0 n_nop=0 n_act=0 n_pre=0 n_ref_event=0 n_req=0 n_rd=0 n_rd_L2_A=0 n_write=0 n_wr_bk=0 bw_util=-nan
n_activity=0 dram_eff=-nan
bk0: 0a 0i bk1: 0a 0i bk2: 0a 0i bk3: 0a 0i bk4: 0a 0i bk5: 0a 0i bk6: 0a 0i bk7: 0a 0i bk8: 0a 0i bk9: 0a 0i bk10: 0a 0i bk11: 0a 0i bk12: 0a 0i bk13: 0a 0i bk14: 0a 0i bk15: 0a 0i 

------------------------------------------------------------------------

Row_Buffer_Locality = -nan
Row_Buffer_Locality_read = -nan
Row_Buffer_Locality_write = -nan
Bank_Level_Parallism = -nan
Bank_Level_Parallism_Col = -nan
Bank_Level_Parallism_Ready = -nan
write_to_read_ratio_blp_rw_average = -nan
GrpLevelPara = -nan 

BW Util details:
bwutil = -nan 
total_CMD = 0 
util_bw = 0 
Wasted_Col = 0 
Wasted_Row = 0 
Idle = 0 

BW Util Bottlenecks: 
RCDc_limit = 0 
RCDWRc_limit = 0 
WTRc_limit = 0 
RTWc_limit = 0 
CCDLc_limit = 0 
rwq = 0 
CCDLc_limit_alone = 0 
WTRc_limit_alone = 0 
RTWc_limit_alone = 0 

Commands details: 
total_CMD = 0 
n_nop = 0 
Read = 0 
Write = 0 
L2_Alloc = 0 
L2_WB = 0 
n_act = 0 
n_pre = 0 
n_ref = 0 
n_req = 0 
total_req = 0 

Dual Bus Interface Util: 
issued_total_row = 0 
issued_total_col = 0 
Row_Bus_Util =  -nan 
CoL_Bus_Util = -nan 
Either_Row_CoL_Bus_Util = -nan 
Issued_on_Two_Bus_Simul_Util = -nan 
issued_two_Eff = -nan 
queue_avg = -nan 


dram_util_bins: 0 0 0 0 0 0 0 0 0 0
dram_eff_bins: 0 0 0 0 0 0 0 0 0 0
mrqq: max=0 avg=-nan
Memory Partition 17: 
Cache L2_bank_034:
MSHR contents

Cache L2_bank_035:
MSHR contents

In Dram Latency Queue (total = 0): 
DRAM[17]: 16 bks, busW=8 BL=4 CL=19, tRRD=6 tCCD=1, tRCD=19 tRAS=45 tRP=19 tRC=50
n_cmd=0 n_nop=0 n_act=0 n_pre=0 n_ref_event=0 n_req=0 n_rd=0 n_rd_L2_A=0 n_write=0 n_wr_bk=0 bw_util=-nan
n_activity=0 dram_eff=-nan
bk0: 0a 0i bk1: 0a 0i bk2: 0a 0i bk3: 0a 0i bk4: 0a 0i bk5: 0a 0i bk6: 0a 0i bk7: 0a 0i bk8: 0a 0i bk9: 0a 0i bk10: 0a 0i bk11: 0a 0i bk12: 0a 0i bk13: 0a 0i bk14: 0a 0i bk15: 0a 0i 

------------------------------------------------------------------------

Row_Buffer_Locality = -nan
Row_Buffer_Locality_read = -nan
Row_Buffer_Locality_write = -nan
Bank_Level_Parallism = -nan
Bank_Level_Parallism_Col = -nan
Bank_Level_Parallism_Ready = -nan
write_to_read_ratio_blp_rw_average = -nan
GrpLevelPara = -nan 

BW Util details:
bwutil = -nan 
total_CMD = 0 
util_bw = 0 
Wasted_Col = 0 
Wasted_Row = 0 
Idle = 0 

BW Util Bottlenecks: 
RCDc_limit = 0 
RCDWRc_limit = 0 
WTRc_limit = 0 
RTWc_limit = 0 
CCDLc_limit = 0 
rwq = 0 
CCDLc_limit_alone = 0 
WTRc_limit_alone = 0 
RTWc_limit_alone = 0 

Commands details: 
total_CMD = 0 
n_nop = 0 
Read = 0 
Write = 0 
L2_Alloc = 0 
L2_WB = 0 
n_act = 0 
n_pre = 0 
n_ref = 0 
n_req = 0 
total_req = 0 

Dual Bus Interface Util: 
issued_total_row = 0 
issued_total_col = 0 
Row_Bus_Util =  -nan 
CoL_Bus_Util = -nan 
Either_Row_CoL_Bus_Util = -nan 
Issued_on_Two_Bus_Simul_Util = -nan 
issued_two_Eff = -nan 
queue_avg = -nan 


dram_util_bins: 0 0 0 0 0 0 0 0 0 0
dram_eff_bins: 0 0 0 0 0 0 0 0 0 0
mrqq: max=0 avg=-nan
Memory Partition 18: 
Cache L2_bank_036:
MSHR contents

Cache L2_bank_037:
MSHR contents

In Dram Latency Queue (total = 0): 
DRAM[18]: 16 bks, busW=8 BL=4 CL=19, tRRD=6 tCCD=1, tRCD=19 tRAS=45 tRP=19 tRC=50
n_cmd=0 n_nop=0 n_act=0 n_pre=0 n_ref_event=0 n_req=0 n_rd=0 n_rd_L2_A=0 n_write=0 n_wr_bk=0 bw_util=-nan
n_activity=0 dram_eff=-nan
bk0: 0a 0i bk1: 0a 0i bk2: 0a 0i bk3: 0a 0i bk4: 0a 0i bk5: 0a 0i bk6: 0a 0i bk7: 0a 0i bk8: 0a 0i bk9: 0a 0i bk10: 0a 0i bk11: 0a 0i bk12: 0a 0i bk13: 0a 0i bk14: 0a 0i bk15: 0a 0i 

------------------------------------------------------------------------

Row_Buffer_Locality = -nan
Row_Buffer_Locality_read = -nan
Row_Buffer_Locality_write = -nan
Bank_Level_Parallism = -nan
Bank_Level_Parallism_Col = -nan
Bank_Level_Parallism_Ready = -nan
write_to_read_ratio_blp_rw_average = -nan
GrpLevelPara = -nan 

BW Util details:
bwutil = -nan 
total_CMD = 0 
util_bw = 0 
Wasted_Col = 0 
Wasted_Row = 0 
Idle = 0 

BW Util Bottlenecks: 
RCDc_limit = 0 
RCDWRc_limit = 0 
WTRc_limit = 0 
RTWc_limit = 0 
CCDLc_limit = 0 
rwq = 0 
CCDLc_limit_alone = 0 
WTRc_limit_alone = 0 
RTWc_limit_alone = 0 

Commands details: 
total_CMD = 0 
n_nop = 0 
Read = 0 
Write = 0 
L2_Alloc = 0 
L2_WB = 0 
n_act = 0 
n_pre = 0 
n_ref = 0 
n_req = 0 
total_req = 0 

Dual Bus Interface Util: 
issued_total_row = 0 
issued_total_col = 0 
Row_Bus_Util =  -nan 
CoL_Bus_Util = -nan 
Either_Row_CoL_Bus_Util = -nan 
Issued_on_Two_Bus_Simul_Util = -nan 
issued_two_Eff = -nan 
queue_avg = -nan 


dram_util_bins: 0 0 0 0 0 0 0 0 0 0
dram_eff_bins: 0 0 0 0 0 0 0 0 0 0
mrqq: max=0 avg=-nan
Memory Partition 19: 
Cache L2_bank_038:
MSHR contents

Cache L2_bank_039:
MSHR contents

In Dram Latency Queue (total = 0): 
DRAM[19]: 16 bks, busW=8 BL=4 CL=19, tRRD=6 tCCD=1, tRCD=19 tRAS=45 tRP=19 tRC=50
n_cmd=0 n_nop=0 n_act=0 n_pre=0 n_ref_event=0 n_req=0 n_rd=0 n_rd_L2_A=0 n_write=0 n_wr_bk=0 bw_util=-nan
n_activity=0 dram_eff=-nan
bk0: 0a 0i bk1: 0a 0i bk2: 0a 0i bk3: 0a 0i bk4: 0a 0i bk5: 0a 0i bk6: 0a 0i bk7: 0a 0i bk8: 0a 0i bk9: 0a 0i bk10: 0a 0i bk11: 0a 0i bk12: 0a 0i bk13: 0a 0i bk14: 0a 0i bk15: 0a 0i 

------------------------------------------------------------------------

Row_Buffer_Locality = -nan
Row_Buffer_Locality_read = -nan
Row_Buffer_Locality_write = -nan
Bank_Level_Parallism = -nan
Bank_Level_Parallism_Col = -nan
Bank_Level_Parallism_Ready = -nan
write_to_read_ratio_blp_rw_average = -nan
GrpLevelPara = -nan 

BW Util details:
bwutil = -nan 
total_CMD = 0 
util_bw = 0 
Wasted_Col = 0 
Wasted_Row = 0 
Idle = 0 

BW Util Bottlenecks: 
RCDc_limit = 0 
RCDWRc_limit = 0 
WTRc_limit = 0 
RTWc_limit = 0 
CCDLc_limit = 0 
rwq = 0 
CCDLc_limit_alone = 0 
WTRc_limit_alone = 0 
RTWc_limit_alone = 0 

Commands details: 
total_CMD = 0 
n_nop = 0 
Read = 0 
Write = 0 
L2_Alloc = 0 
L2_WB = 0 
n_act = 0 
n_pre = 0 
n_ref = 0 
n_req = 0 
total_req = 0 

Dual Bus Interface Util: 
issued_total_row = 0 
issued_total_col = 0 
Row_Bus_Util =  -nan 
CoL_Bus_Util = -nan 
Either_Row_CoL_Bus_Util = -nan 
Issued_on_Two_Bus_Simul_Util = -nan 
issued_two_Eff = -nan 
queue_avg = -nan 


dram_util_bins: 0 0 0 0 0 0 0 0 0 0
dram_eff_bins: 0 0 0 0 0 0 0 0 0 0
mrqq: max=0 avg=-nan
Memory Partition 20: 
Cache L2_bank_040:
MSHR contents

Cache L2_bank_041:
MSHR contents

In Dram Latency Queue (total = 0): 
DRAM[20]: 16 bks, busW=8 BL=4 CL=19, tRRD=6 tCCD=1, tRCD=19 tRAS=45 tRP=19 tRC=50
n_cmd=0 n_nop=0 n_act=0 n_pre=0 n_ref_event=0 n_req=0 n_rd=0 n_rd_L2_A=0 n_write=0 n_wr_bk=0 bw_util=-nan
n_activity=0 dram_eff=-nan
bk0: 0a 0i bk1: 0a 0i bk2: 0a 0i bk3: 0a 0i bk4: 0a 0i bk5: 0a 0i bk6: 0a 0i bk7: 0a 0i bk8: 0a 0i bk9: 0a 0i bk10: 0a 0i bk11: 0a 0i bk12: 0a 0i bk13: 0a 0i bk14: 0a 0i bk15: 0a 0i 

------------------------------------------------------------------------

Row_Buffer_Locality = -nan
Row_Buffer_Locality_read = -nan
Row_Buffer_Locality_write = -nan
Bank_Level_Parallism = -nan
Bank_Level_Parallism_Col = -nan
Bank_Level_Parallism_Ready = -nan
write_to_read_ratio_blp_rw_average = -nan
GrpLevelPara = -nan 

BW Util details:
bwutil = -nan 
total_CMD = 0 
util_bw = 0 
Wasted_Col = 0 
Wasted_Row = 0 
Idle = 0 

BW Util Bottlenecks: 
RCDc_limit = 0 
RCDWRc_limit = 0 
WTRc_limit = 0 
RTWc_limit = 0 
CCDLc_limit = 0 
rwq = 0 
CCDLc_limit_alone = 0 
WTRc_limit_alone = 0 
RTWc_limit_alone = 0 

Commands details: 
total_CMD = 0 
n_nop = 0 
Read = 0 
Write = 0 
L2_Alloc = 0 
L2_WB = 0 
n_act = 0 
n_pre = 0 
n_ref = 0 
n_req = 0 
total_req = 0 

Dual Bus Interface Util: 
issued_total_row = 0 
issued_total_col = 0 
Row_Bus_Util =  -nan 
CoL_Bus_Util = -nan 
Either_Row_CoL_Bus_Util = -nan 
Issued_on_Two_Bus_Simul_Util = -nan 
issued_two_Eff = -nan 
queue_avg = -nan 


dram_util_bins: 0 0 0 0 0 0 0 0 0 0
dram_eff_bins: 0 0 0 0 0 0 0 0 0 0
mrqq: max=0 avg=-nan
Memory Partition 21: 
Cache L2_bank_042:
MSHR contents

Cache L2_bank_043:
MSHR contents

In Dram Latency Queue (total = 0): 
DRAM[21]: 16 bks, busW=8 BL=4 CL=19, tRRD=6 tCCD=1, tRCD=19 tRAS=45 tRP=19 tRC=50
n_cmd=0 n_nop=0 n_act=0 n_pre=0 n_ref_event=0 n_req=0 n_rd=0 n_rd_L2_A=0 n_write=0 n_wr_bk=0 bw_util=-nan
n_activity=0 dram_eff=-nan
bk0: 0a 0i bk1: 0a 0i bk2: 0a 0i bk3: 0a 0i bk4: 0a 0i bk5: 0a 0i bk6: 0a 0i bk7: 0a 0i bk8: 0a 0i bk9: 0a 0i bk10: 0a 0i bk11: 0a 0i bk12: 0a 0i bk13: 0a 0i bk14: 0a 0i bk15: 0a 0i 

------------------------------------------------------------------------

Row_Buffer_Locality = -nan
Row_Buffer_Locality_read = -nan
Row_Buffer_Locality_write = -nan
Bank_Level_Parallism = -nan
Bank_Level_Parallism_Col = -nan
Bank_Level_Parallism_Ready = -nan
write_to_read_ratio_blp_rw_average = -nan
GrpLevelPara = -nan 

BW Util details:
bwutil = -nan 
total_CMD = 0 
util_bw = 0 
Wasted_Col = 0 
Wasted_Row = 0 
Idle = 0 

BW Util Bottlenecks: 
RCDc_limit = 0 
RCDWRc_limit = 0 
WTRc_limit = 0 
RTWc_limit = 0 
CCDLc_limit = 0 
rwq = 0 
CCDLc_limit_alone = 0 
WTRc_limit_alone = 0 
RTWc_limit_alone = 0 

Commands details: 
total_CMD = 0 
n_nop = 0 
Read = 0 
Write = 0 
L2_Alloc = 0 
L2_WB = 0 
n_act = 0 
n_pre = 0 
n_ref = 0 
n_req = 0 
total_req = 0 

Dual Bus Interface Util: 
issued_total_row = 0 
issued_total_col = 0 
Row_Bus_Util =  -nan 
CoL_Bus_Util = -nan 
Either_Row_CoL_Bus_Util = -nan 
Issued_on_Two_Bus_Simul_Util = -nan 
issued_two_Eff = -nan 
queue_avg = -nan 


dram_util_bins: 0 0 0 0 0 0 0 0 0 0
dram_eff_bins: 0 0 0 0 0 0 0 0 0 0
mrqq: max=0 avg=-nan
Memory Partition 22: 
Cache L2_bank_044:
MSHR contents

Cache L2_bank_045:
MSHR contents

In Dram Latency Queue (total = 0): 
DRAM[22]: 16 bks, busW=8 BL=4 CL=19, tRRD=6 tCCD=1, tRCD=19 tRAS=45 tRP=19 tRC=50
n_cmd=0 n_nop=0 n_act=0 n_pre=0 n_ref_event=0 n_req=0 n_rd=0 n_rd_L2_A=0 n_write=0 n_wr_bk=0 bw_util=-nan
n_activity=0 dram_eff=-nan
bk0: 0a 0i bk1: 0a 0i bk2: 0a 0i bk3: 0a 0i bk4: 0a 0i bk5: 0a 0i bk6: 0a 0i bk7: 0a 0i bk8: 0a 0i bk9: 0a 0i bk10: 0a 0i bk11: 0a 0i bk12: 0a 0i bk13: 0a 0i bk14: 0a 0i bk15: 0a 0i 

------------------------------------------------------------------------

Row_Buffer_Locality = -nan
Row_Buffer_Locality_read = -nan
Row_Buffer_Locality_write = -nan
Bank_Level_Parallism = -nan
Bank_Level_Parallism_Col = -nan
Bank_Level_Parallism_Ready = -nan
write_to_read_ratio_blp_rw_average = -nan
GrpLevelPara = -nan 

BW Util details:
bwutil = -nan 
total_CMD = 0 
util_bw = 0 
Wasted_Col = 0 
Wasted_Row = 0 
Idle = 0 

BW Util Bottlenecks: 
RCDc_limit = 0 
RCDWRc_limit = 0 
WTRc_limit = 0 
RTWc_limit = 0 
CCDLc_limit = 0 
rwq = 0 
CCDLc_limit_alone = 0 
WTRc_limit_alone = 0 
RTWc_limit_alone = 0 

Commands details: 
total_CMD = 0 
n_nop = 0 
Read = 0 
Write = 0 
L2_Alloc = 0 
L2_WB = 0 
n_act = 0 
n_pre = 0 
n_ref = 0 
n_req = 0 
total_req = 0 

Dual Bus Interface Util: 
issued_total_row = 0 
issued_total_col = 0 
Row_Bus_Util =  -nan 
CoL_Bus_Util = -nan 
Either_Row_CoL_Bus_Util = -nan 
Issued_on_Two_Bus_Simul_Util = -nan 
issued_two_Eff = -nan 
queue_avg = -nan 


dram_util_bins: 0 0 0 0 0 0 0 0 0 0
dram_eff_bins: 0 0 0 0 0 0 0 0 0 0
mrqq: max=0 avg=-nan
Memory Partition 23: 
Cache L2_bank_046:
MSHR contents

Cache L2_bank_047:
MSHR contents

In Dram Latency Queue (total = 0): 
DRAM[23]: 16 bks, busW=8 BL=4 CL=19, tRRD=6 tCCD=1, tRCD=19 tRAS=45 tRP=19 tRC=50
n_cmd=0 n_nop=0 n_act=0 n_pre=0 n_ref_event=0 n_req=0 n_rd=0 n_rd_L2_A=0 n_write=0 n_wr_bk=0 bw_util=-nan
n_activity=0 dram_eff=-nan
bk0: 0a 0i bk1: 0a 0i bk2: 0a 0i bk3: 0a 0i bk4: 0a 0i bk5: 0a 0i bk6: 0a 0i bk7: 0a 0i bk8: 0a 0i bk9: 0a 0i bk10: 0a 0i bk11: 0a 0i bk12: 0a 0i bk13: 0a 0i bk14: 0a 0i bk15: 0a 0i 

------------------------------------------------------------------------

Row_Buffer_Locality = -nan
Row_Buffer_Locality_read = -nan
Row_Buffer_Locality_write = -nan
Bank_Level_Parallism = -nan
Bank_Level_Parallism_Col = -nan
Bank_Level_Parallism_Ready = -nan
write_to_read_ratio_blp_rw_average = -nan
GrpLevelPara = -nan 

BW Util details:
bwutil = -nan 
total_CMD = 0 
util_bw = 0 
Wasted_Col = 0 
Wasted_Row = 0 
Idle = 0 

BW Util Bottlenecks: 
RCDc_limit = 0 
RCDWRc_limit = 0 
WTRc_limit = 0 
RTWc_limit = 0 
CCDLc_limit = 0 
rwq = 0 
CCDLc_limit_alone = 0 
WTRc_limit_alone = 0 
RTWc_limit_alone = 0 

Commands details: 
total_CMD = 0 
n_nop = 0 
Read = 0 
Write = 0 
L2_Alloc = 0 
L2_WB = 0 
n_act = 0 
n_pre = 0 
n_ref = 0 
n_req = 0 
total_req = 0 

Dual Bus Interface Util: 
issued_total_row = 0 
issued_total_col = 0 
Row_Bus_Util =  -nan 
CoL_Bus_Util = -nan 
Either_Row_CoL_Bus_Util = -nan 
Issued_on_Two_Bus_Simul_Util = -nan 
issued_two_Eff = -nan 
queue_avg = -nan 


dram_util_bins: 0 0 0 0 0 0 0 0 0 0
dram_eff_bins: 0 0 0 0 0 0 0 0 0 0
mrqq: max=0 avg=-nan
Memory Partition 24: 
Cache L2_bank_048:
MSHR contents

Cache L2_bank_049:
MSHR contents

In Dram Latency Queue (total = 0): 
DRAM[24]: 16 bks, busW=8 BL=4 CL=19, tRRD=6 tCCD=1, tRCD=19 tRAS=45 tRP=19 tRC=50
n_cmd=0 n_nop=0 n_act=0 n_pre=0 n_ref_event=0 n_req=0 n_rd=0 n_rd_L2_A=0 n_write=0 n_wr_bk=0 bw_util=-nan
n_activity=0 dram_eff=-nan
bk0: 0a 0i bk1: 0a 0i bk2: 0a 0i bk3: 0a 0i bk4: 0a 0i bk5: 0a 0i bk6: 0a 0i bk7: 0a 0i bk8: 0a 0i bk9: 0a 0i bk10: 0a 0i bk11: 0a 0i bk12: 0a 0i bk13: 0a 0i bk14: 0a 0i bk15: 0a 0i 

------------------------------------------------------------------------

Row_Buffer_Locality = -nan
Row_Buffer_Locality_read = -nan
Row_Buffer_Locality_write = -nan
Bank_Level_Parallism = -nan
Bank_Level_Parallism_Col = -nan
Bank_Level_Parallism_Ready = -nan
write_to_read_ratio_blp_rw_average = -nan
GrpLevelPara = -nan 

BW Util details:
bwutil = -nan 
total_CMD = 0 
util_bw = 0 
Wasted_Col = 0 
Wasted_Row = 0 
Idle = 0 

BW Util Bottlenecks: 
RCDc_limit = 0 
RCDWRc_limit = 0 
WTRc_limit = 0 
RTWc_limit = 0 
CCDLc_limit = 0 
rwq = 0 
CCDLc_limit_alone = 0 
WTRc_limit_alone = 0 
RTWc_limit_alone = 0 

Commands details: 
total_CMD = 0 
n_nop = 0 
Read = 0 
Write = 0 
L2_Alloc = 0 
L2_WB = 0 
n_act = 0 
n_pre = 0 
n_ref = 0 
n_req = 0 
total_req = 0 

Dual Bus Interface Util: 
issued_total_row = 0 
issued_total_col = 0 
Row_Bus_Util =  -nan 
CoL_Bus_Util = -nan 
Either_Row_CoL_Bus_Util = -nan 
Issued_on_Two_Bus_Simul_Util = -nan 
issued_two_Eff = -nan 
queue_avg = -nan 


dram_util_bins: 0 0 0 0 0 0 0 0 0 0
dram_eff_bins: 0 0 0 0 0 0 0 0 0 0
mrqq: max=0 avg=-nan
Memory Partition 25: 
Cache L2_bank_050:
MSHR contents

Cache L2_bank_051:
MSHR contents

In Dram Latency Queue (total = 0): 
DRAM[25]: 16 bks, busW=8 BL=4 CL=19, tRRD=6 tCCD=1, tRCD=19 tRAS=45 tRP=19 tRC=50
n_cmd=0 n_nop=0 n_act=0 n_pre=0 n_ref_event=0 n_req=0 n_rd=0 n_rd_L2_A=0 n_write=0 n_wr_bk=0 bw_util=-nan
n_activity=0 dram_eff=-nan
bk0: 0a 0i bk1: 0a 0i bk2: 0a 0i bk3: 0a 0i bk4: 0a 0i bk5: 0a 0i bk6: 0a 0i bk7: 0a 0i bk8: 0a 0i bk9: 0a 0i bk10: 0a 0i bk11: 0a 0i bk12: 0a 0i bk13: 0a 0i bk14: 0a 0i bk15: 0a 0i 

------------------------------------------------------------------------

Row_Buffer_Locality = -nan
Row_Buffer_Locality_read = -nan
Row_Buffer_Locality_write = -nan
Bank_Level_Parallism = -nan
Bank_Level_Parallism_Col = -nan
Bank_Level_Parallism_Ready = -nan
write_to_read_ratio_blp_rw_average = -nan
GrpLevelPara = -nan 

BW Util details:
bwutil = -nan 
total_CMD = 0 
util_bw = 0 
Wasted_Col = 0 
Wasted_Row = 0 
Idle = 0 

BW Util Bottlenecks: 
RCDc_limit = 0 
RCDWRc_limit = 0 
WTRc_limit = 0 
RTWc_limit = 0 
CCDLc_limit = 0 
rwq = 0 
CCDLc_limit_alone = 0 
WTRc_limit_alone = 0 
RTWc_limit_alone = 0 

Commands details: 
total_CMD = 0 
n_nop = 0 
Read = 0 
Write = 0 
L2_Alloc = 0 
L2_WB = 0 
n_act = 0 
n_pre = 0 
n_ref = 0 
n_req = 0 
total_req = 0 

Dual Bus Interface Util: 
issued_total_row = 0 
issued_total_col = 0 
Row_Bus_Util =  -nan 
CoL_Bus_Util = -nan 
Either_Row_CoL_Bus_Util = -nan 
Issued_on_Two_Bus_Simul_Util = -nan 
issued_two_Eff = -nan 
queue_avg = -nan 


dram_util_bins: 0 0 0 0 0 0 0 0 0 0
dram_eff_bins: 0 0 0 0 0 0 0 0 0 0
mrqq: max=0 avg=-nan
Memory Partition 26: 
Cache L2_bank_052:
MSHR contents

Cache L2_bank_053:
MSHR contents

In Dram Latency Queue (total = 0): 
DRAM[26]: 16 bks, busW=8 BL=4 CL=19, tRRD=6 tCCD=1, tRCD=19 tRAS=45 tRP=19 tRC=50
n_cmd=0 n_nop=0 n_act=0 n_pre=0 n_ref_event=0 n_req=0 n_rd=0 n_rd_L2_A=0 n_write=0 n_wr_bk=0 bw_util=-nan
n_activity=0 dram_eff=-nan
bk0: 0a 0i bk1: 0a 0i bk2: 0a 0i bk3: 0a 0i bk4: 0a 0i bk5: 0a 0i bk6: 0a 0i bk7: 0a 0i bk8: 0a 0i bk9: 0a 0i bk10: 0a 0i bk11: 0a 0i bk12: 0a 0i bk13: 0a 0i bk14: 0a 0i bk15: 0a 0i 

------------------------------------------------------------------------

Row_Buffer_Locality = -nan
Row_Buffer_Locality_read = -nan
Row_Buffer_Locality_write = -nan
Bank_Level_Parallism = -nan
Bank_Level_Parallism_Col = -nan
Bank_Level_Parallism_Ready = -nan
write_to_read_ratio_blp_rw_average = -nan
GrpLevelPara = -nan 

BW Util details:
bwutil = -nan 
total_CMD = 0 
util_bw = 0 
Wasted_Col = 0 
Wasted_Row = 0 
Idle = 0 

BW Util Bottlenecks: 
RCDc_limit = 0 
RCDWRc_limit = 0 
WTRc_limit = 0 
RTWc_limit = 0 
CCDLc_limit = 0 
rwq = 0 
CCDLc_limit_alone = 0 
WTRc_limit_alone = 0 
RTWc_limit_alone = 0 

Commands details: 
total_CMD = 0 
n_nop = 0 
Read = 0 
Write = 0 
L2_Alloc = 0 
L2_WB = 0 
n_act = 0 
n_pre = 0 
n_ref = 0 
n_req = 0 
total_req = 0 

Dual Bus Interface Util: 
issued_total_row = 0 
issued_total_col = 0 
Row_Bus_Util =  -nan 
CoL_Bus_Util = -nan 
Either_Row_CoL_Bus_Util = -nan 
Issued_on_Two_Bus_Simul_Util = -nan 
issued_two_Eff = -nan 
queue_avg = -nan 


dram_util_bins: 0 0 0 0 0 0 0 0 0 0
dram_eff_bins: 0 0 0 0 0 0 0 0 0 0
mrqq: max=0 avg=-nan
Memory Partition 27: 
Cache L2_bank_054:
MSHR contents

Cache L2_bank_055:
MSHR contents

In Dram Latency Queue (total = 0): 
DRAM[27]: 16 bks, busW=8 BL=4 CL=19, tRRD=6 tCCD=1, tRCD=19 tRAS=45 tRP=19 tRC=50
n_cmd=0 n_nop=0 n_act=0 n_pre=0 n_ref_event=0 n_req=0 n_rd=0 n_rd_L2_A=0 n_write=0 n_wr_bk=0 bw_util=-nan
n_activity=0 dram_eff=-nan
bk0: 0a 0i bk1: 0a 0i bk2: 0a 0i bk3: 0a 0i bk4: 0a 0i bk5: 0a 0i bk6: 0a 0i bk7: 0a 0i bk8: 0a 0i bk9: 0a 0i bk10: 0a 0i bk11: 0a 0i bk12: 0a 0i bk13: 0a 0i bk14: 0a 0i bk15: 0a 0i 

------------------------------------------------------------------------

Row_Buffer_Locality = -nan
Row_Buffer_Locality_read = -nan
Row_Buffer_Locality_write = -nan
Bank_Level_Parallism = -nan
Bank_Level_Parallism_Col = -nan
Bank_Level_Parallism_Ready = -nan
write_to_read_ratio_blp_rw_average = -nan
GrpLevelPara = -nan 

BW Util details:
bwutil = -nan 
total_CMD = 0 
util_bw = 0 
Wasted_Col = 0 
Wasted_Row = 0 
Idle = 0 

BW Util Bottlenecks: 
RCDc_limit = 0 
RCDWRc_limit = 0 
WTRc_limit = 0 
RTWc_limit = 0 
CCDLc_limit = 0 
rwq = 0 
CCDLc_limit_alone = 0 
WTRc_limit_alone = 0 
RTWc_limit_alone = 0 

Commands details: 
total_CMD = 0 
n_nop = 0 
Read = 0 
Write = 0 
L2_Alloc = 0 
L2_WB = 0 
n_act = 0 
n_pre = 0 
n_ref = 0 
n_req = 0 
total_req = 0 

Dual Bus Interface Util: 
issued_total_row = 0 
issued_total_col = 0 
Row_Bus_Util =  -nan 
CoL_Bus_Util = -nan 
Either_Row_CoL_Bus_Util = -nan 
Issued_on_Two_Bus_Simul_Util = -nan 
issued_two_Eff = -nan 
queue_avg = -nan 


dram_util_bins: 0 0 0 0 0 0 0 0 0 0
dram_eff_bins: 0 0 0 0 0 0 0 0 0 0
mrqq: max=0 avg=-nan
Memory Partition 28: 
Cache L2_bank_056:
MSHR contents

Cache L2_bank_057:
MSHR contents

In Dram Latency Queue (total = 0): 
DRAM[28]: 16 bks, busW=8 BL=4 CL=19, tRRD=6 tCCD=1, tRCD=19 tRAS=45 tRP=19 tRC=50
n_cmd=0 n_nop=0 n_act=0 n_pre=0 n_ref_event=0 n_req=0 n_rd=0 n_rd_L2_A=0 n_write=0 n_wr_bk=0 bw_util=-nan
n_activity=0 dram_eff=-nan
bk0: 0a 0i bk1: 0a 0i bk2: 0a 0i bk3: 0a 0i bk4: 0a 0i bk5: 0a 0i bk6: 0a 0i bk7: 0a 0i bk8: 0a 0i bk9: 0a 0i bk10: 0a 0i bk11: 0a 0i bk12: 0a 0i bk13: 0a 0i bk14: 0a 0i bk15: 0a 0i 

------------------------------------------------------------------------

Row_Buffer_Locality = -nan
Row_Buffer_Locality_read = -nan
Row_Buffer_Locality_write = -nan
Bank_Level_Parallism = -nan
Bank_Level_Parallism_Col = -nan
Bank_Level_Parallism_Ready = -nan
write_to_read_ratio_blp_rw_average = -nan
GrpLevelPara = -nan 

BW Util details:
bwutil = -nan 
total_CMD = 0 
util_bw = 0 
Wasted_Col = 0 
Wasted_Row = 0 
Idle = 0 

BW Util Bottlenecks: 
RCDc_limit = 0 
RCDWRc_limit = 0 
WTRc_limit = 0 
RTWc_limit = 0 
CCDLc_limit = 0 
rwq = 0 
CCDLc_limit_alone = 0 
WTRc_limit_alone = 0 
RTWc_limit_alone = 0 

Commands details: 
total_CMD = 0 
n_nop = 0 
Read = 0 
Write = 0 
L2_Alloc = 0 
L2_WB = 0 
n_act = 0 
n_pre = 0 
n_ref = 0 
n_req = 0 
total_req = 0 

Dual Bus Interface Util: 
issued_total_row = 0 
issued_total_col = 0 
Row_Bus_Util =  -nan 
CoL_Bus_Util = -nan 
Either_Row_CoL_Bus_Util = -nan 
Issued_on_Two_Bus_Simul_Util = -nan 
issued_two_Eff = -nan 
queue_avg = -nan 


dram_util_bins: 0 0 0 0 0 0 0 0 0 0
dram_eff_bins: 0 0 0 0 0 0 0 0 0 0
mrqq: max=0 avg=-nan
Memory Partition 29: 
Cache L2_bank_058:
MSHR contents

Cache L2_bank_059:
MSHR contents

In Dram Latency Queue (total = 0): 
DRAM[29]: 16 bks, busW=8 BL=4 CL=19, tRRD=6 tCCD=1, tRCD=19 tRAS=45 tRP=19 tRC=50
n_cmd=0 n_nop=0 n_act=0 n_pre=0 n_ref_event=0 n_req=0 n_rd=0 n_rd_L2_A=0 n_write=0 n_wr_bk=0 bw_util=-nan
n_activity=0 dram_eff=-nan
bk0: 0a 0i bk1: 0a 0i bk2: 0a 0i bk3: 0a 0i bk4: 0a 0i bk5: 0a 0i bk6: 0a 0i bk7: 0a 0i bk8: 0a 0i bk9: 0a 0i bk10: 0a 0i bk11: 0a 0i bk12: 0a 0i bk13: 0a 0i bk14: 0a 0i bk15: 0a 0i 

------------------------------------------------------------------------

Row_Buffer_Locality = -nan
Row_Buffer_Locality_read = -nan
Row_Buffer_Locality_write = -nan
Bank_Level_Parallism = -nan
Bank_Level_Parallism_Col = -nan
Bank_Level_Parallism_Ready = -nan
write_to_read_ratio_blp_rw_average = -nan
GrpLevelPara = -nan 

BW Util details:
bwutil = -nan 
total_CMD = 0 
util_bw = 0 
Wasted_Col = 0 
Wasted_Row = 0 
Idle = 0 

BW Util Bottlenecks: 
RCDc_limit = 0 
RCDWRc_limit = 0 
WTRc_limit = 0 
RTWc_limit = 0 
CCDLc_limit = 0 
rwq = 0 
CCDLc_limit_alone = 0 
WTRc_limit_alone = 0 
RTWc_limit_alone = 0 

Commands details: 
total_CMD = 0 
n_nop = 0 
Read = 0 
Write = 0 
L2_Alloc = 0 
L2_WB = 0 
n_act = 0 
n_pre = 0 
n_ref = 0 
n_req = 0 
total_req = 0 

Dual Bus Interface Util: 
issued_total_row = 0 
issued_total_col = 0 
Row_Bus_Util =  -nan 
CoL_Bus_Util = -nan 
Either_Row_CoL_Bus_Util = -nan 
Issued_on_Two_Bus_Simul_Util = -nan 
issued_two_Eff = -nan 
queue_avg = -nan 


dram_util_bins: 0 0 0 0 0 0 0 0 0 0
dram_eff_bins: 0 0 0 0 0 0 0 0 0 0
mrqq: max=0 avg=-nan
Memory Partition 30: 
Cache L2_bank_060:
MSHR contents

Cache L2_bank_061:
MSHR contents

In Dram Latency Queue (total = 0): 
DRAM[30]: 16 bks, busW=8 BL=4 CL=19, tRRD=6 tCCD=1, tRCD=19 tRAS=45 tRP=19 tRC=50
n_cmd=0 n_nop=0 n_act=0 n_pre=0 n_ref_event=0 n_req=0 n_rd=0 n_rd_L2_A=0 n_write=0 n_wr_bk=0 bw_util=-nan
n_activity=0 dram_eff=-nan
bk0: 0a 0i bk1: 0a 0i bk2: 0a 0i bk3: 0a 0i bk4: 0a 0i bk5: 0a 0i bk6: 0a 0i bk7: 0a 0i bk8: 0a 0i bk9: 0a 0i bk10: 0a 0i bk11: 0a 0i bk12: 0a 0i bk13: 0a 0i bk14: 0a 0i bk15: 0a 0i 

------------------------------------------------------------------------

Row_Buffer_Locality = -nan
Row_Buffer_Locality_read = -nan
Row_Buffer_Locality_write = -nan
Bank_Level_Parallism = -nan
Bank_Level_Parallism_Col = -nan
Bank_Level_Parallism_Ready = -nan
write_to_read_ratio_blp_rw_average = -nan
GrpLevelPara = -nan 

BW Util details:
bwutil = -nan 
total_CMD = 0 
util_bw = 0 
Wasted_Col = 0 
Wasted_Row = 0 
Idle = 0 

BW Util Bottlenecks: 
RCDc_limit = 0 
RCDWRc_limit = 0 
WTRc_limit = 0 
RTWc_limit = 0 
CCDLc_limit = 0 
rwq = 0 
CCDLc_limit_alone = 0 
WTRc_limit_alone = 0 
RTWc_limit_alone = 0 

Commands details: 
total_CMD = 0 
n_nop = 0 
Read = 0 
Write = 0 
L2_Alloc = 0 
L2_WB = 0 
n_act = 0 
n_pre = 0 
n_ref = 0 
n_req = 0 
total_req = 0 

Dual Bus Interface Util: 
issued_total_row = 0 
issued_total_col = 0 
Row_Bus_Util =  -nan 
CoL_Bus_Util = -nan 
Either_Row_CoL_Bus_Util = -nan 
Issued_on_Two_Bus_Simul_Util = -nan 
issued_two_Eff = -nan 
queue_avg = -nan 


dram_util_bins: 0 0 0 0 0 0 0 0 0 0
dram_eff_bins: 0 0 0 0 0 0 0 0 0 0
mrqq: max=0 avg=-nan
Memory Partition 31: 
Cache L2_bank_062:
MSHR contents

Cache L2_bank_063:
MSHR contents

In Dram Latency Queue (total = 0): 
DRAM[31]: 16 bks, busW=8 BL=4 CL=19, tRRD=6 tCCD=1, tRCD=19 tRAS=45 tRP=19 tRC=50
n_cmd=0 n_nop=0 n_act=0 n_pre=0 n_ref_event=0 n_req=0 n_rd=0 n_rd_L2_A=0 n_write=0 n_wr_bk=0 bw_util=-nan
n_activity=0 dram_eff=-nan
bk0: 0a 0i bk1: 0a 0i bk2: 0a 0i bk3: 0a 0i bk4: 0a 0i bk5: 0a 0i bk6: 0a 0i bk7: 0a 0i bk8: 0a 0i bk9: 0a 0i bk10: 0a 0i bk11: 0a 0i bk12: 0a 0i bk13: 0a 0i bk14: 0a 0i bk15: 0a 0i 

------------------------------------------------------------------------

Row_Buffer_Locality = -nan
Row_Buffer_Locality_read = -nan
Row_Buffer_Locality_write = -nan
Bank_Level_Parallism = -nan
Bank_Level_Parallism_Col = -nan
Bank_Level_Parallism_Ready = -nan
write_to_read_ratio_blp_rw_average = -nan
GrpLevelPara = -nan 

BW Util details:
bwutil = -nan 
total_CMD = 0 
util_bw = 0 
Wasted_Col = 0 
Wasted_Row = 0 
Idle = 0 

BW Util Bottlenecks: 
RCDc_limit = 0 
RCDWRc_limit = 0 
WTRc_limit = 0 
RTWc_limit = 0 
CCDLc_limit = 0 
rwq = 0 
CCDLc_limit_alone = 0 
WTRc_limit_alone = 0 
RTWc_limit_alone = 0 

Commands details: 
total_CMD = 0 
n_nop = 0 
Read = 0 
Write = 0 
L2_Alloc = 0 
L2_WB = 0 
n_act = 0 
n_pre = 0 
n_ref = 0 
n_req = 0 
total_req = 0 

Dual Bus Interface Util: 
issued_total_row = 0 
issued_total_col = 0 
Row_Bus_Util =  -nan 
CoL_Bus_Util = -nan 
Either_Row_CoL_Bus_Util = -nan 
Issued_on_Two_Bus_Simul_Util = -nan 
issued_two_Eff = -nan 
queue_avg = -nan 


dram_util_bins: 0 0 0 0 0 0 0 0 0 0
dram_eff_bins: 0 0 0 0 0 0 0 0 0 0
mrqq: max=0 avg=-nan
Memory Partition 32: 
Cache L2_bank_064:
MSHR contents

Cache L2_bank_065:
MSHR contents

In Dram Latency Queue (total = 0): 
DRAM[32]: 16 bks, busW=8 BL=4 CL=19, tRRD=6 tCCD=1, tRCD=19 tRAS=45 tRP=19 tRC=50
n_cmd=0 n_nop=0 n_act=0 n_pre=0 n_ref_event=0 n_req=0 n_rd=0 n_rd_L2_A=0 n_write=0 n_wr_bk=0 bw_util=-nan
n_activity=0 dram_eff=-nan
bk0: 0a 0i bk1: 0a 0i bk2: 0a 0i bk3: 0a 0i bk4: 0a 0i bk5: 0a 0i bk6: 0a 0i bk7: 0a 0i bk8: 0a 0i bk9: 0a 0i bk10: 0a 0i bk11: 0a 0i bk12: 0a 0i bk13: 0a 0i bk14: 0a 0i bk15: 0a 0i 

------------------------------------------------------------------------

Row_Buffer_Locality = -nan
Row_Buffer_Locality_read = -nan
Row_Buffer_Locality_write = -nan
Bank_Level_Parallism = -nan
Bank_Level_Parallism_Col = -nan
Bank_Level_Parallism_Ready = -nan
write_to_read_ratio_blp_rw_average = -nan
GrpLevelPara = -nan 

BW Util details:
bwutil = -nan 
total_CMD = 0 
util_bw = 0 
Wasted_Col = 0 
Wasted_Row = 0 
Idle = 0 

BW Util Bottlenecks: 
RCDc_limit = 0 
RCDWRc_limit = 0 
WTRc_limit = 0 
RTWc_limit = 0 
CCDLc_limit = 0 
rwq = 0 
CCDLc_limit_alone = 0 
WTRc_limit_alone = 0 
RTWc_limit_alone = 0 

Commands details: 
total_CMD = 0 
n_nop = 0 
Read = 0 
Write = 0 
L2_Alloc = 0 
L2_WB = 0 
n_act = 0 
n_pre = 0 
n_ref = 0 
n_req = 0 
total_req = 0 

Dual Bus Interface Util: 
issued_total_row = 0 
issued_total_col = 0 
Row_Bus_Util =  -nan 
CoL_Bus_Util = -nan 
Either_Row_CoL_Bus_Util = -nan 
Issued_on_Two_Bus_Simul_Util = -nan 
issued_two_Eff = -nan 
queue_avg = -nan 


dram_util_bins: 0 0 0 0 0 0 0 0 0 0
dram_eff_bins: 0 0 0 0 0 0 0 0 0 0
mrqq: max=0 avg=-nan
Memory Partition 33: 
Cache L2_bank_066:
MSHR contents

Cache L2_bank_067:
MSHR contents

In Dram Latency Queue (total = 0): 
DRAM[33]: 16 bks, busW=8 BL=4 CL=19, tRRD=6 tCCD=1, tRCD=19 tRAS=45 tRP=19 tRC=50
n_cmd=0 n_nop=0 n_act=0 n_pre=0 n_ref_event=0 n_req=0 n_rd=0 n_rd_L2_A=0 n_write=0 n_wr_bk=0 bw_util=-nan
n_activity=0 dram_eff=-nan
bk0: 0a 0i bk1: 0a 0i bk2: 0a 0i bk3: 0a 0i bk4: 0a 0i bk5: 0a 0i bk6: 0a 0i bk7: 0a 0i bk8: 0a 0i bk9: 0a 0i bk10: 0a 0i bk11: 0a 0i bk12: 0a 0i bk13: 0a 0i bk14: 0a 0i bk15: 0a 0i 

------------------------------------------------------------------------

Row_Buffer_Locality = -nan
Row_Buffer_Locality_read = -nan
Row_Buffer_Locality_write = -nan
Bank_Level_Parallism = -nan
Bank_Level_Parallism_Col = -nan
Bank_Level_Parallism_Ready = -nan
write_to_read_ratio_blp_rw_average = -nan
GrpLevelPara = -nan 

BW Util details:
bwutil = -nan 
total_CMD = 0 
util_bw = 0 
Wasted_Col = 0 
Wasted_Row = 0 
Idle = 0 

BW Util Bottlenecks: 
RCDc_limit = 0 
RCDWRc_limit = 0 
WTRc_limit = 0 
RTWc_limit = 0 
CCDLc_limit = 0 
rwq = 0 
CCDLc_limit_alone = 0 
WTRc_limit_alone = 0 
RTWc_limit_alone = 0 

Commands details: 
total_CMD = 0 
n_nop = 0 
Read = 0 
Write = 0 
L2_Alloc = 0 
L2_WB = 0 
n_act = 0 
n_pre = 0 
n_ref = 0 
n_req = 0 
total_req = 0 

Dual Bus Interface Util: 
issued_total_row = 0 
issued_total_col = 0 
Row_Bus_Util =  -nan 
CoL_Bus_Util = -nan 
Either_Row_CoL_Bus_Util = -nan 
Issued_on_Two_Bus_Simul_Util = -nan 
issued_two_Eff = -nan 
queue_avg = -nan 


dram_util_bins: 0 0 0 0 0 0 0 0 0 0
dram_eff_bins: 0 0 0 0 0 0 0 0 0 0
mrqq: max=0 avg=-nan
Memory Partition 34: 
Cache L2_bank_068:
MSHR contents

Cache L2_bank_069:
MSHR contents

In Dram Latency Queue (total = 0): 
DRAM[34]: 16 bks, busW=8 BL=4 CL=19, tRRD=6 tCCD=1, tRCD=19 tRAS=45 tRP=19 tRC=50
n_cmd=0 n_nop=0 n_act=0 n_pre=0 n_ref_event=0 n_req=0 n_rd=0 n_rd_L2_A=0 n_write=0 n_wr_bk=0 bw_util=-nan
n_activity=0 dram_eff=-nan
bk0: 0a 0i bk1: 0a 0i bk2: 0a 0i bk3: 0a 0i bk4: 0a 0i bk5: 0a 0i bk6: 0a 0i bk7: 0a 0i bk8: 0a 0i bk9: 0a 0i bk10: 0a 0i bk11: 0a 0i bk12: 0a 0i bk13: 0a 0i bk14: 0a 0i bk15: 0a 0i 

------------------------------------------------------------------------

Row_Buffer_Locality = -nan
Row_Buffer_Locality_read = -nan
Row_Buffer_Locality_write = -nan
Bank_Level_Parallism = -nan
Bank_Level_Parallism_Col = -nan
Bank_Level_Parallism_Ready = -nan
write_to_read_ratio_blp_rw_average = -nan
GrpLevelPara = -nan 

BW Util details:
bwutil = -nan 
total_CMD = 0 
util_bw = 0 
Wasted_Col = 0 
Wasted_Row = 0 
Idle = 0 

BW Util Bottlenecks: 
RCDc_limit = 0 
RCDWRc_limit = 0 
WTRc_limit = 0 
RTWc_limit = 0 
CCDLc_limit = 0 
rwq = 0 
CCDLc_limit_alone = 0 
WTRc_limit_alone = 0 
RTWc_limit_alone = 0 

Commands details: 
total_CMD = 0 
n_nop = 0 
Read = 0 
Write = 0 
L2_Alloc = 0 
L2_WB = 0 
n_act = 0 
n_pre = 0 
n_ref = 0 
n_req = 0 
total_req = 0 

Dual Bus Interface Util: 
issued_total_row = 0 
issued_total_col = 0 
Row_Bus_Util =  -nan 
CoL_Bus_Util = -nan 
Either_Row_CoL_Bus_Util = -nan 
Issued_on_Two_Bus_Simul_Util = -nan 
issued_two_Eff = -nan 
queue_avg = -nan 


dram_util_bins: 0 0 0 0 0 0 0 0 0 0
dram_eff_bins: 0 0 0 0 0 0 0 0 0 0
mrqq: max=0 avg=-nan
Memory Partition 35: 
Cache L2_bank_070:
MSHR contents

Cache L2_bank_071:
MSHR contents

In Dram Latency Queue (total = 0): 
DRAM[35]: 16 bks, busW=8 BL=4 CL=19, tRRD=6 tCCD=1, tRCD=19 tRAS=45 tRP=19 tRC=50
n_cmd=0 n_nop=0 n_act=0 n_pre=0 n_ref_event=0 n_req=0 n_rd=0 n_rd_L2_A=0 n_write=0 n_wr_bk=0 bw_util=-nan
n_activity=0 dram_eff=-nan
bk0: 0a 0i bk1: 0a 0i bk2: 0a 0i bk3: 0a 0i bk4: 0a 0i bk5: 0a 0i bk6: 0a 0i bk7: 0a 0i bk8: 0a 0i bk9: 0a 0i bk10: 0a 0i bk11: 0a 0i bk12: 0a 0i bk13: 0a 0i bk14: 0a 0i bk15: 0a 0i 

------------------------------------------------------------------------

Row_Buffer_Locality = -nan
Row_Buffer_Locality_read = -nan
Row_Buffer_Locality_write = -nan
Bank_Level_Parallism = -nan
Bank_Level_Parallism_Col = -nan
Bank_Level_Parallism_Ready = -nan
write_to_read_ratio_blp_rw_average = -nan
GrpLevelPara = -nan 

BW Util details:
bwutil = -nan 
total_CMD = 0 
util_bw = 0 
Wasted_Col = 0 
Wasted_Row = 0 
Idle = 0 

BW Util Bottlenecks: 
RCDc_limit = 0 
RCDWRc_limit = 0 
WTRc_limit = 0 
RTWc_limit = 0 
CCDLc_limit = 0 
rwq = 0 
CCDLc_limit_alone = 0 
WTRc_limit_alone = 0 
RTWc_limit_alone = 0 

Commands details: 
total_CMD = 0 
n_nop = 0 
Read = 0 
Write = 0 
L2_Alloc = 0 
L2_WB = 0 
n_act = 0 
n_pre = 0 
n_ref = 0 
n_req = 0 
total_req = 0 

Dual Bus Interface Util: 
issued_total_row = 0 
issued_total_col = 0 
Row_Bus_Util =  -nan 
CoL_Bus_Util = -nan 
Either_Row_CoL_Bus_Util = -nan 
Issued_on_Two_Bus_Simul_Util = -nan 
issued_two_Eff = -nan 
queue_avg = -nan 


dram_util_bins: 0 0 0 0 0 0 0 0 0 0
dram_eff_bins: 0 0 0 0 0 0 0 0 0 0
mrqq: max=0 avg=-nan
Memory Partition 36: 
Cache L2_bank_072:
MSHR contents

Cache L2_bank_073:
MSHR contents

In Dram Latency Queue (total = 0): 
DRAM[36]: 16 bks, busW=8 BL=4 CL=19, tRRD=6 tCCD=1, tRCD=19 tRAS=45 tRP=19 tRC=50
n_cmd=0 n_nop=0 n_act=0 n_pre=0 n_ref_event=0 n_req=0 n_rd=0 n_rd_L2_A=0 n_write=0 n_wr_bk=0 bw_util=-nan
n_activity=0 dram_eff=-nan
bk0: 0a 0i bk1: 0a 0i bk2: 0a 0i bk3: 0a 0i bk4: 0a 0i bk5: 0a 0i bk6: 0a 0i bk7: 0a 0i bk8: 0a 0i bk9: 0a 0i bk10: 0a 0i bk11: 0a 0i bk12: 0a 0i bk13: 0a 0i bk14: 0a 0i bk15: 0a 0i 

------------------------------------------------------------------------

Row_Buffer_Locality = -nan
Row_Buffer_Locality_read = -nan
Row_Buffer_Locality_write = -nan
Bank_Level_Parallism = -nan
Bank_Level_Parallism_Col = -nan
Bank_Level_Parallism_Ready = -nan
write_to_read_ratio_blp_rw_average = -nan
GrpLevelPara = -nan 

BW Util details:
bwutil = -nan 
total_CMD = 0 
util_bw = 0 
Wasted_Col = 0 
Wasted_Row = 0 
Idle = 0 

BW Util Bottlenecks: 
RCDc_limit = 0 
RCDWRc_limit = 0 
WTRc_limit = 0 
RTWc_limit = 0 
CCDLc_limit = 0 
rwq = 0 
CCDLc_limit_alone = 0 
WTRc_limit_alone = 0 
RTWc_limit_alone = 0 

Commands details: 
total_CMD = 0 
n_nop = 0 
Read = 0 
Write = 0 
L2_Alloc = 0 
L2_WB = 0 
n_act = 0 
n_pre = 0 
n_ref = 0 
n_req = 0 
total_req = 0 

Dual Bus Interface Util: 
issued_total_row = 0 
issued_total_col = 0 
Row_Bus_Util =  -nan 
CoL_Bus_Util = -nan 
Either_Row_CoL_Bus_Util = -nan 
Issued_on_Two_Bus_Simul_Util = -nan 
issued_two_Eff = -nan 
queue_avg = -nan 


dram_util_bins: 0 0 0 0 0 0 0 0 0 0
dram_eff_bins: 0 0 0 0 0 0 0 0 0 0
mrqq: max=0 avg=-nan
Memory Partition 37: 
Cache L2_bank_074:
MSHR contents

Cache L2_bank_075:
MSHR contents

In Dram Latency Queue (total = 0): 
DRAM[37]: 16 bks, busW=8 BL=4 CL=19, tRRD=6 tCCD=1, tRCD=19 tRAS=45 tRP=19 tRC=50
n_cmd=0 n_nop=0 n_act=0 n_pre=0 n_ref_event=0 n_req=0 n_rd=0 n_rd_L2_A=0 n_write=0 n_wr_bk=0 bw_util=-nan
n_activity=0 dram_eff=-nan
bk0: 0a 0i bk1: 0a 0i bk2: 0a 0i bk3: 0a 0i bk4: 0a 0i bk5: 0a 0i bk6: 0a 0i bk7: 0a 0i bk8: 0a 0i bk9: 0a 0i bk10: 0a 0i bk11: 0a 0i bk12: 0a 0i bk13: 0a 0i bk14: 0a 0i bk15: 0a 0i 

------------------------------------------------------------------------

Row_Buffer_Locality = -nan
Row_Buffer_Locality_read = -nan
Row_Buffer_Locality_write = -nan
Bank_Level_Parallism = -nan
Bank_Level_Parallism_Col = -nan
Bank_Level_Parallism_Ready = -nan
write_to_read_ratio_blp_rw_average = -nan
GrpLevelPara = -nan 

BW Util details:
bwutil = -nan 
total_CMD = 0 
util_bw = 0 
Wasted_Col = 0 
Wasted_Row = 0 
Idle = 0 

BW Util Bottlenecks: 
RCDc_limit = 0 
RCDWRc_limit = 0 
WTRc_limit = 0 
RTWc_limit = 0 
CCDLc_limit = 0 
rwq = 0 
CCDLc_limit_alone = 0 
WTRc_limit_alone = 0 
RTWc_limit_alone = 0 

Commands details: 
total_CMD = 0 
n_nop = 0 
Read = 0 
Write = 0 
L2_Alloc = 0 
L2_WB = 0 
n_act = 0 
n_pre = 0 
n_ref = 0 
n_req = 0 
total_req = 0 

Dual Bus Interface Util: 
issued_total_row = 0 
issued_total_col = 0 
Row_Bus_Util =  -nan 
CoL_Bus_Util = -nan 
Either_Row_CoL_Bus_Util = -nan 
Issued_on_Two_Bus_Simul_Util = -nan 
issued_two_Eff = -nan 
queue_avg = -nan 


dram_util_bins: 0 0 0 0 0 0 0 0 0 0
dram_eff_bins: 0 0 0 0 0 0 0 0 0 0
mrqq: max=0 avg=-nan
Memory Partition 38: 
Cache L2_bank_076:
MSHR contents

Cache L2_bank_077:
MSHR contents

In Dram Latency Queue (total = 0): 
DRAM[38]: 16 bks, busW=8 BL=4 CL=19, tRRD=6 tCCD=1, tRCD=19 tRAS=45 tRP=19 tRC=50
n_cmd=0 n_nop=0 n_act=0 n_pre=0 n_ref_event=0 n_req=0 n_rd=0 n_rd_L2_A=0 n_write=0 n_wr_bk=0 bw_util=-nan
n_activity=0 dram_eff=-nan
bk0: 0a 0i bk1: 0a 0i bk2: 0a 0i bk3: 0a 0i bk4: 0a 0i bk5: 0a 0i bk6: 0a 0i bk7: 0a 0i bk8: 0a 0i bk9: 0a 0i bk10: 0a 0i bk11: 0a 0i bk12: 0a 0i bk13: 0a 0i bk14: 0a 0i bk15: 0a 0i 

------------------------------------------------------------------------

Row_Buffer_Locality = -nan
Row_Buffer_Locality_read = -nan
Row_Buffer_Locality_write = -nan
Bank_Level_Parallism = -nan
Bank_Level_Parallism_Col = -nan
Bank_Level_Parallism_Ready = -nan
write_to_read_ratio_blp_rw_average = -nan
GrpLevelPara = -nan 

BW Util details:
bwutil = -nan 
total_CMD = 0 
util_bw = 0 
Wasted_Col = 0 
Wasted_Row = 0 
Idle = 0 

BW Util Bottlenecks: 
RCDc_limit = 0 
RCDWRc_limit = 0 
WTRc_limit = 0 
RTWc_limit = 0 
CCDLc_limit = 0 
rwq = 0 
CCDLc_limit_alone = 0 
WTRc_limit_alone = 0 
RTWc_limit_alone = 0 

Commands details: 
total_CMD = 0 
n_nop = 0 
Read = 0 
Write = 0 
L2_Alloc = 0 
L2_WB = 0 
n_act = 0 
n_pre = 0 
n_ref = 0 
n_req = 0 
total_req = 0 

Dual Bus Interface Util: 
issued_total_row = 0 
issued_total_col = 0 
Row_Bus_Util =  -nan 
CoL_Bus_Util = -nan 
Either_Row_CoL_Bus_Util = -nan 
Issued_on_Two_Bus_Simul_Util = -nan 
issued_two_Eff = -nan 
queue_avg = -nan 


dram_util_bins: 0 0 0 0 0 0 0 0 0 0
dram_eff_bins: 0 0 0 0 0 0 0 0 0 0
mrqq: max=0 avg=-nan
Memory Partition 39: 
Cache L2_bank_078:
MSHR contents

Cache L2_bank_079:
MSHR contents

In Dram Latency Queue (total = 0): 
DRAM[39]: 16 bks, busW=8 BL=4 CL=19, tRRD=6 tCCD=1, tRCD=19 tRAS=45 tRP=19 tRC=50
n_cmd=0 n_nop=0 n_act=0 n_pre=0 n_ref_event=0 n_req=0 n_rd=0 n_rd_L2_A=0 n_write=0 n_wr_bk=0 bw_util=-nan
n_activity=0 dram_eff=-nan
bk0: 0a 0i bk1: 0a 0i bk2: 0a 0i bk3: 0a 0i bk4: 0a 0i bk5: 0a 0i bk6: 0a 0i bk7: 0a 0i bk8: 0a 0i bk9: 0a 0i bk10: 0a 0i bk11: 0a 0i bk12: 0a 0i bk13: 0a 0i bk14: 0a 0i bk15: 0a 0i 

------------------------------------------------------------------------

Row_Buffer_Locality = -nan
Row_Buffer_Locality_read = -nan
Row_Buffer_Locality_write = -nan
Bank_Level_Parallism = -nan
Bank_Level_Parallism_Col = -nan
Bank_Level_Parallism_Ready = -nan
write_to_read_ratio_blp_rw_average = -nan
GrpLevelPara = -nan 

BW Util details:
bwutil = -nan 
total_CMD = 0 
util_bw = 0 
Wasted_Col = 0 
Wasted_Row = 0 
Idle = 0 

BW Util Bottlenecks: 
RCDc_limit = 0 
RCDWRc_limit = 0 
WTRc_limit = 0 
RTWc_limit = 0 
CCDLc_limit = 0 
rwq = 0 
CCDLc_limit_alone = 0 
WTRc_limit_alone = 0 
RTWc_limit_alone = 0 

Commands details: 
total_CMD = 0 
n_nop = 0 
Read = 0 
Write = 0 
L2_Alloc = 0 
L2_WB = 0 
n_act = 0 
n_pre = 0 
n_ref = 0 
n_req = 0 
total_req = 0 

Dual Bus Interface Util: 
issued_total_row = 0 
issued_total_col = 0 
Row_Bus_Util =  -nan 
CoL_Bus_Util = -nan 
Either_Row_CoL_Bus_Util = -nan 
Issued_on_Two_Bus_Simul_Util = -nan 
issued_two_Eff = -nan 
queue_avg = -nan 


dram_util_bins: 0 0 0 0 0 0 0 0 0 0
dram_eff_bins: 0 0 0 0 0 0 0 0 0 0
mrqq: max=0 avg=-nan

========= L2 cache stats =========
L2_cache_bank[0]: Access = 2504, Miss = 2504, Miss_rate = 1.000, Pending_hits = 0, Reservation_fails = 0
L2_cache_bank[1]: Access = 2504, Miss = 2504, Miss_rate = 1.000, Pending_hits = 0, Reservation_fails = 0
L2_cache_bank[2]: Access = 2504, Miss = 2504, Miss_rate = 1.000, Pending_hits = 0, Reservation_fails = 0
L2_cache_bank[3]: Access = 2504, Miss = 2504, Miss_rate = 1.000, Pending_hits = 0, Reservation_fails = 0
L2_cache_bank[4]: Access = 2504, Miss = 2504, Miss_rate = 1.000, Pending_hits = 0, Reservation_fails = 0
L2_cache_bank[5]: Access = 2504, Miss = 2504, Miss_rate = 1.000, Pending_hits = 0, Reservation_fails = 0
L2_cache_bank[6]: Access = 2504, Miss = 2504, Miss_rate = 1.000, Pending_hits = 0, Reservation_fails = 0
L2_cache_bank[7]: Access = 2504, Miss = 2504, Miss_rate = 1.000, Pending_hits = 0, Reservation_fails = 0
L2_cache_bank[8]: Access = 2504, Miss = 2504, Miss_rate = 1.000, Pending_hits = 0, Reservation_fails = 0
L2_cache_bank[9]: Access = 2504, Miss = 2504, Miss_rate = 1.000, Pending_hits = 0, Reservation_fails = 0
L2_cache_bank[10]: Access = 2508, Miss = 2508, Miss_rate = 1.000, Pending_hits = 0, Reservation_fails = 0
L2_cache_bank[11]: Access = 2508, Miss = 2508, Miss_rate = 1.000, Pending_hits = 0, Reservation_fails = 0
L2_cache_bank[12]: Access = 2500, Miss = 2500, Miss_rate = 1.000, Pending_hits = 0, Reservation_fails = 0
L2_cache_bank[13]: Access = 2508, Miss = 2508, Miss_rate = 1.000, Pending_hits = 0, Reservation_fails = 0
L2_cache_bank[14]: Access = 2508, Miss = 2508, Miss_rate = 1.000, Pending_hits = 0, Reservation_fails = 0
L2_cache_bank[15]: Access = 2500, Miss = 2500, Miss_rate = 1.000, Pending_hits = 0, Reservation_fails = 0
L2_cache_bank[16]: Access = 2508, Miss = 2508, Miss_rate = 1.000, Pending_hits = 0, Reservation_fails = 0
L2_cache_bank[17]: Access = 2508, Miss = 2508, Miss_rate = 1.000, Pending_hits = 0, Reservation_fails = 0
L2_cache_bank[18]: Access = 2508, Miss = 2508, Miss_rate = 1.000, Pending_hits = 0, Reservation_fails = 0
L2_cache_bank[19]: Access = 2508, Miss = 2508, Miss_rate = 1.000, Pending_hits = 0, Reservation_fails = 0
L2_cache_bank[20]: Access = 2524, Miss = 2504, Miss_rate = 0.992, Pending_hits = 0, Reservation_fails = 0
L2_cache_bank[21]: Access = 2524, Miss = 2504, Miss_rate = 0.992, Pending_hits = 0, Reservation_fails = 0
L2_cache_bank[22]: Access = 2500, Miss = 2500, Miss_rate = 1.000, Pending_hits = 0, Reservation_fails = 0
L2_cache_bank[23]: Access = 2524, Miss = 2504, Miss_rate = 0.992, Pending_hits = 0, Reservation_fails = 0
L2_cache_bank[24]: Access = 2532, Miss = 2504, Miss_rate = 0.989, Pending_hits = 0, Reservation_fails = 0
L2_cache_bank[25]: Access = 2500, Miss = 2500, Miss_rate = 1.000, Pending_hits = 0, Reservation_fails = 0
L2_cache_bank[26]: Access = 2532, Miss = 2504, Miss_rate = 0.989, Pending_hits = 0, Reservation_fails = 0
L2_cache_bank[27]: Access = 2532, Miss = 2504, Miss_rate = 0.989, Pending_hits = 0, Reservation_fails = 0
L2_cache_bank[28]: Access = 2524, Miss = 2504, Miss_rate = 0.992, Pending_hits = 0, Reservation_fails = 0
L2_cache_bank[29]: Access = 2501, Miss = 2501, Miss_rate = 1.000, Pending_hits = 0, Reservation_fails = 0
L2_cache_bank[30]: Access = 2496, Miss = 2496, Miss_rate = 1.000, Pending_hits = 0, Reservation_fails = 0
L2_cache_bank[31]: Access = 2496, Miss = 2496, Miss_rate = 1.000, Pending_hits = 0, Reservation_fails = 0
L2_cache_bank[32]: Access = 2500, Miss = 2500, Miss_rate = 1.000, Pending_hits = 0, Reservation_fails = 0
L2_cache_bank[33]: Access = 2500, Miss = 2500, Miss_rate = 1.000, Pending_hits = 0, Reservation_fails = 0
L2_cache_bank[34]: Access = 2500, Miss = 2500, Miss_rate = 1.000, Pending_hits = 0, Reservation_fails = 0
L2_cache_bank[35]: Access = 2500, Miss = 2500, Miss_rate = 1.000, Pending_hits = 0, Reservation_fails = 0
L2_cache_bank[36]: Access = 2500, Miss = 2500, Miss_rate = 1.000, Pending_hits = 0, Reservation_fails = 0
L2_cache_bank[37]: Access = 2500, Miss = 2500, Miss_rate = 1.000, Pending_hits = 0, Reservation_fails = 0
L2_cache_bank[38]: Access = 2504, Miss = 2504, Miss_rate = 1.000, Pending_hits = 0, Reservation_fails = 0
L2_cache_bank[39]: Access = 2504, Miss = 2504, Miss_rate = 1.000, Pending_hits = 0, Reservation_fails = 0
L2_cache_bank[40]: Access = 616, Miss = 616, Miss_rate = 1.000, Pending_hits = 0, Reservation_fails = 0
L2_cache_bank[41]: Access = 620, Miss = 620, Miss_rate = 1.000, Pending_hits = 0, Reservation_fails = 0
L2_cache_bank[42]: Access = 620, Miss = 620, Miss_rate = 1.000, Pending_hits = 0, Reservation_fails = 0
L2_cache_bank[43]: Access = 620, Miss = 620, Miss_rate = 1.000, Pending_hits = 0, Reservation_fails = 0
L2_cache_bank[44]: Access = 620, Miss = 620, Miss_rate = 1.000, Pending_hits = 0, Reservation_fails = 0
L2_cache_bank[45]: Access = 616, Miss = 616, Miss_rate = 1.000, Pending_hits = 0, Reservation_fails = 0
L2_cache_bank[46]: Access = 620, Miss = 620, Miss_rate = 1.000, Pending_hits = 0, Reservation_fails = 0
L2_cache_bank[47]: Access = 624, Miss = 624, Miss_rate = 1.000, Pending_hits = 0, Reservation_fails = 0
L2_cache_bank[48]: Access = 620, Miss = 620, Miss_rate = 1.000, Pending_hits = 0, Reservation_fails = 0
L2_cache_bank[49]: Access = 616, Miss = 616, Miss_rate = 1.000, Pending_hits = 0, Reservation_fails = 0
L2_cache_bank[50]: Access = 624, Miss = 624, Miss_rate = 1.000, Pending_hits = 0, Reservation_fails = 0
L2_cache_bank[51]: Access = 620, Miss = 620, Miss_rate = 1.000, Pending_hits = 0, Reservation_fails = 0
L2_cache_bank[52]: Access = 620, Miss = 620, Miss_rate = 1.000, Pending_hits = 0, Reservation_fails = 0
L2_cache_bank[53]: Access = 624, Miss = 624, Miss_rate = 1.000, Pending_hits = 0, Reservation_fails = 0
L2_cache_bank[54]: Access = 620, Miss = 620, Miss_rate = 1.000, Pending_hits = 0, Reservation_fails = 0
L2_cache_bank[55]: Access = 620, Miss = 620, Miss_rate = 1.000, Pending_hits = 0, Reservation_fails = 0
L2_cache_bank[56]: Access = 620, Miss = 620, Miss_rate = 1.000, Pending_hits = 0, Reservation_fails = 0
L2_cache_bank[57]: Access = 616, Miss = 616, Miss_rate = 1.000, Pending_hits = 0, Reservation_fails = 0
L2_cache_bank[58]: Access = 620, Miss = 620, Miss_rate = 1.000, Pending_hits = 0, Reservation_fails = 0
L2_cache_bank[59]: Access = 624, Miss = 624, Miss_rate = 1.000, Pending_hits = 0, Reservation_fails = 0
L2_cache_bank[60]: Access = 624, Miss = 624, Miss_rate = 1.000, Pending_hits = 0, Reservation_fails = 0
L2_cache_bank[61]: Access = 624, Miss = 624, Miss_rate = 1.000, Pending_hits = 0, Reservation_fails = 0
L2_cache_bank[62]: Access = 620, Miss = 620, Miss_rate = 1.000, Pending_hits = 0, Reservation_fails = 0
L2_cache_bank[63]: Access = 620, Miss = 620, Miss_rate = 1.000, Pending_hits = 0, Reservation_fails = 0
L2_cache_bank[64]: Access = 620, Miss = 620, Miss_rate = 1.000, Pending_hits = 0, Reservation_fails = 0
L2_cache_bank[65]: Access = 620, Miss = 620, Miss_rate = 1.000, Pending_hits = 0, Reservation_fails = 0
L2_cache_bank[66]: Access = 620, Miss = 620, Miss_rate = 1.000, Pending_hits = 0, Reservation_fails = 0
L2_cache_bank[67]: Access = 616, Miss = 616, Miss_rate = 1.000, Pending_hits = 0, Reservation_fails = 0
L2_cache_bank[68]: Access = 620, Miss = 620, Miss_rate = 1.000, Pending_hits = 0, Reservation_fails = 0
L2_cache_bank[69]: Access = 624, Miss = 624, Miss_rate = 1.000, Pending_hits = 0, Reservation_fails = 0
L2_cache_bank[70]: Access = 616, Miss = 616, Miss_rate = 1.000, Pending_hits = 0, Reservation_fails = 0
L2_cache_bank[71]: Access = 620, Miss = 620, Miss_rate = 1.000, Pending_hits = 0, Reservation_fails = 0
L2_cache_bank[72]: Access = 624, Miss = 624, Miss_rate = 1.000, Pending_hits = 0, Reservation_fails = 0
L2_cache_bank[73]: Access = 620, Miss = 620, Miss_rate = 1.000, Pending_hits = 0, Reservation_fails = 0
L2_cache_bank[74]: Access = 624, Miss = 624, Miss_rate = 1.000, Pending_hits = 0, Reservation_fails = 0
L2_cache_bank[75]: Access = 624, Miss = 624, Miss_rate = 1.000, Pending_hits = 0, Reservation_fails = 0
L2_cache_bank[76]: Access = 624, Miss = 624, Miss_rate = 1.000, Pending_hits = 0, Reservation_fails = 0
L2_cache_bank[77]: Access = 628, Miss = 628, Miss_rate = 1.000, Pending_hits = 0, Reservation_fails = 0
L2_cache_bank[78]: Access = 624, Miss = 624, Miss_rate = 1.000, Pending_hits = 0, Reservation_fails = 0
L2_cache_bank[79]: Access = 620, Miss = 620, Miss_rate = 1.000, Pending_hits = 0, Reservation_fails = 0
L2_total_cache_accesses = 125129
L2_total_cache_misses = 124965
L2_total_cache_miss_rate = 0.9987
L2_total_cache_pending_hits = 0
L2_total_cache_reservation_fails = 0
L2_total_cache_breakdown:
	L2_cache_stats_breakdown[GLOBAL_ACC_R][HIT] = 116
	L2_cache_stats_breakdown[GLOBAL_ACC_R][HIT_RESERVED] = 0
	L2_cache_stats_breakdown[GLOBAL_ACC_R][MISS] = 12424
	L2_cache_stats_breakdown[GLOBAL_ACC_R][RESERVATION_FAIL] = 0
	L2_cache_stats_breakdown[GLOBAL_ACC_R][SECTOR_MISS] = 37269
	L2_cache_stats_breakdown[GLOBAL_ACC_R][MSHR_HIT] = 0
	L2_cache_stats_breakdown[GLOBAL_ACC_R][WRITE_ALLOCATED] = 0
	L2_cache_stats_breakdown[CHIPLET_ACC_R][HIT] = 0
	L2_cache_stats_breakdown[CHIPLET_ACC_R][HIT_RESERVED] = 0
	L2_cache_stats_breakdown[CHIPLET_ACC_R][MISS] = 6208
	L2_cache_stats_breakdown[CHIPLET_ACC_R][RESERVATION_FAIL] = 0
	L2_cache_stats_breakdown[CHIPLET_ACC_R][SECTOR_MISS] = 18624
	L2_cache_stats_breakdown[CHIPLET_ACC_R][MSHR_HIT] = 0
	L2_cache_stats_breakdown[CHIPLET_ACC_R][WRITE_ALLOCATED] = 0
	L2_cache_stats_breakdown[LOCAL_ACC_R][HIT] = 0
	L2_cache_stats_breakdown[LOCAL_ACC_R][HIT_RESERVED] = 0
	L2_cache_stats_breakdown[LOCAL_ACC_R][MISS] = 0
	L2_cache_stats_breakdown[LOCAL_ACC_R][RESERVATION_FAIL] = 0
	L2_cache_stats_breakdown[LOCAL_ACC_R][SECTOR_MISS] = 0
	L2_cache_stats_breakdown[LOCAL_ACC_R][MSHR_HIT] = 0
	L2_cache_stats_breakdown[LOCAL_ACC_R][WRITE_ALLOCATED] = 0
	L2_cache_stats_breakdown[CONST_ACC_R][HIT] = 0
	L2_cache_stats_breakdown[CONST_ACC_R][HIT_RESERVED] = 0
	L2_cache_stats_breakdown[CONST_ACC_R][MISS] = 0
	L2_cache_stats_breakdown[CONST_ACC_R][RESERVATION_FAIL] = 0
	L2_cache_stats_breakdown[CONST_ACC_R][SECTOR_MISS] = 0
	L2_cache_stats_breakdown[CONST_ACC_R][MSHR_HIT] = 0
	L2_cache_stats_breakdown[CONST_ACC_R][WRITE_ALLOCATED] = 0
	L2_cache_stats_breakdown[TEXTURE_ACC_R][HIT] = 0
	L2_cache_stats_breakdown[TEXTURE_ACC_R][HIT_RESERVED] = 0
	L2_cache_stats_breakdown[TEXTURE_ACC_R][MISS] = 0
	L2_cache_stats_breakdown[TEXTURE_ACC_R][RESERVATION_FAIL] = 0
	L2_cache_stats_breakdown[TEXTURE_ACC_R][SECTOR_MISS] = 0
	L2_cache_stats_breakdown[TEXTURE_ACC_R][MSHR_HIT] = 0
	L2_cache_stats_breakdown[TEXTURE_ACC_R][WRITE_ALLOCATED] = 0
	L2_cache_stats_breakdown[GLOBAL_ACC_W][HIT] = 48
	L2_cache_stats_breakdown[GLOBAL_ACC_W][HIT_RESERVED] = 0
	L2_cache_stats_breakdown[GLOBAL_ACC_W][MISS] = 12610
	L2_cache_stats_breakdown[GLOBAL_ACC_W][RESERVATION_FAIL] = 0
	L2_cache_stats_breakdown[GLOBAL_ACC_W][SECTOR_MISS] = 37830
	L2_cache_stats_breakdown[GLOBAL_ACC_W][MSHR_HIT] = 0
	L2_cache_stats_breakdown[GLOBAL_ACC_W][WRITE_ALLOCATED] = 50440
	L2_cache_stats_breakdown[CHIPLET_ACC_W][HIT] = 0
	L2_cache_stats_breakdown[CHIPLET_ACC_W][HIT_RESERVED] = 0
	L2_cache_stats_breakdown[CHIPLET_ACC_W][MISS] = 0
	L2_cache_stats_breakdown[CHIPLET_ACC_W][RESERVATION_FAIL] = 0
	L2_cache_stats_breakdown[CHIPLET_ACC_W][SECTOR_MISS] = 0
	L2_cache_stats_breakdown[CHIPLET_ACC_W][MSHR_HIT] = 0
	L2_cache_stats_breakdown[CHIPLET_ACC_W][WRITE_ALLOCATED] = 0
	L2_cache_stats_breakdown[LOCAL_ACC_W][HIT] = 0
	L2_cache_stats_breakdown[LOCAL_ACC_W][HIT_RESERVED] = 0
	L2_cache_stats_breakdown[LOCAL_ACC_W][MISS] = 0
	L2_cache_stats_breakdown[LOCAL_ACC_W][RESERVATION_FAIL] = 0
	L2_cache_stats_breakdown[LOCAL_ACC_W][SECTOR_MISS] = 0
	L2_cache_stats_breakdown[LOCAL_ACC_W][MSHR_HIT] = 0
	L2_cache_stats_breakdown[LOCAL_ACC_W][WRITE_ALLOCATED] = 0
	L2_cache_stats_breakdown[L1_WRBK_ACC][HIT] = 0
	L2_cache_stats_breakdown[L1_WRBK_ACC][HIT_RESERVED] = 0
	L2_cache_stats_breakdown[L1_WRBK_ACC][MISS] = 0
	L2_cache_stats_breakdown[L1_WRBK_ACC][RESERVATION_FAIL] = 0
	L2_cache_stats_breakdown[L1_WRBK_ACC][SECTOR_MISS] = 0
	L2_cache_stats_breakdown[L1_WRBK_ACC][MSHR_HIT] = 0
	L2_cache_stats_breakdown[L1_WRBK_ACC][WRITE_ALLOCATED] = 0
	L2_cache_stats_breakdown[L2_WRBK_ACC][HIT] = 0
	L2_cache_stats_breakdown[L2_WRBK_ACC][HIT_RESERVED] = 0
	L2_cache_stats_breakdown[L2_WRBK_ACC][MISS] = 0
	L2_cache_stats_breakdown[L2_WRBK_ACC][RESERVATION_FAIL] = 0
	L2_cache_stats_breakdown[L2_WRBK_ACC][SECTOR_MISS] = 0
	L2_cache_stats_breakdown[L2_WRBK_ACC][MSHR_HIT] = 0
	L2_cache_stats_breakdown[L2_WRBK_ACC][WRITE_ALLOCATED] = 0
	L2_cache_stats_breakdown[INST_ACC_R][HIT] = 0
	L2_cache_stats_breakdown[INST_ACC_R][HIT_RESERVED] = 0
	L2_cache_stats_breakdown[INST_ACC_R][MISS] = 0
	L2_cache_stats_breakdown[INST_ACC_R][RESERVATION_FAIL] = 0
	L2_cache_stats_breakdown[INST_ACC_R][SECTOR_MISS] = 0
	L2_cache_stats_breakdown[INST_ACC_R][MSHR_HIT] = 0
	L2_cache_stats_breakdown[INST_ACC_R][WRITE_ALLOCATED] = 0
	L2_cache_stats_breakdown[L1_WR_ALLOC_R][HIT] = 0
	L2_cache_stats_breakdown[L1_WR_ALLOC_R][HIT_RESERVED] = 0
	L2_cache_stats_breakdown[L1_WR_ALLOC_R][MISS] = 0
	L2_cache_stats_breakdown[L1_WR_ALLOC_R][RESERVATION_FAIL] = 0
	L2_cache_stats_breakdown[L1_WR_ALLOC_R][SECTOR_MISS] = 0
	L2_cache_stats_breakdown[L1_WR_ALLOC_R][MSHR_HIT] = 0
	L2_cache_stats_breakdown[L1_WR_ALLOC_R][WRITE_ALLOCATED] = 0
	L2_cache_stats_breakdown[L2_WR_ALLOC_R][HIT] = 0
	L2_cache_stats_breakdown[L2_WR_ALLOC_R][HIT_RESERVED] = 0
	L2_cache_stats_breakdown[L2_WR_ALLOC_R][MISS] = 0
	L2_cache_stats_breakdown[L2_WR_ALLOC_R][RESERVATION_FAIL] = 0
	L2_cache_stats_breakdown[L2_WR_ALLOC_R][SECTOR_MISS] = 0
	L2_cache_stats_breakdown[L2_WR_ALLOC_R][MSHR_HIT] = 0
	L2_cache_stats_breakdown[L2_WR_ALLOC_R][WRITE_ALLOCATED] = 0
	L2_cache_stats_breakdown[GLOBAL_ACC_R][TOTAL_ACCESS] = 49809
	L2_cache_stats_breakdown[CHIPLET_ACC_R][TOTAL_ACCESS] = 24832
	L2_cache_stats_breakdown[GLOBAL_ACC_W][TOTAL_ACCESS] = 50488
L2_total_cache_reservation_fail_breakdown:
L2_cache_data_port_util = 0.000
L2_cache_fill_port_util = 0.001

icnt_total_pkts_mem_to_simt=150688
icnt_total_pkts_simt_to_mem=151464
LD_mem_lat_dist  0 0 0 0 0 0 0 0 0 0 0 0 0 0 0 0 0 0 0 0 0 0 0 0 0 0 0
ST_mem_lat_dist  0 0 0 0 0 0 0 0 0 0 0 0 0 0 0 0 0 0 0 0 0 0 0 0 0 0 0
----------------------------Interconnect-DETAILS--------------------------------
Class 0:
Packet latency average = 99.9808
	minimum = 4
	maximum = 259
Network latency average = 4.45522
	minimum = 4
	maximum = 11
Slowest packet = 0
Flit latency average = 4.45522
	minimum = 4
	maximum = 11
Slowest flit = 5944
Fragmentation average = 0
	minimum = 0
	maximum = 0
Injected packet rate average = 0.0014374
	minimum = 0 (at node 3)
	maximum = 0.0919503 (at node 2)
Accepted packet rate average = 0.0014374
	minimum = 0 (at node 3)
	maximum = 0.0919503 (at node 2)
Injected flit rate average = 0.0014374
	minimum = 0 (at node 3)
	maximum = 0.0919503 (at node 2)
Accepted flit rate average= 0.0014374
	minimum = 0 (at node 3)
	maximum = 0.0919503 (at node 2)
Injected packet length average = 1
Accepted packet length average = 1
Total in-flight flits = 0 (0 measured)
====== Overall Traffic Statistics ======
====== Traffic class 0 ======
Packet latency average = 99.0291 (3 samples)
	minimum = 4 (3 samples)
	maximum = 259 (3 samples)
Network latency average = 4.4573 (3 samples)
	minimum = 4 (3 samples)
	maximum = 10.3333 (3 samples)
Flit latency average = 4.4573 (3 samples)
	minimum = 4 (3 samples)
	maximum = 10.3333 (3 samples)
Fragmentation average = 0 (3 samples)
	minimum = 0 (3 samples)
	maximum = 0 (3 samples)
Injected packet rate average = 0.00117718 (3 samples)
	minimum = 0 (3 samples)
	maximum = 0.0969563 (3 samples)
Accepted packet rate average = 0.00117718 (3 samples)
	minimum = 0 (3 samples)
	maximum = 0.0969563 (3 samples)
Injected flit rate average = 0.00117718 (3 samples)
	minimum = 0 (3 samples)
	maximum = 0.0969563 (3 samples)
Accepted flit rate average = 0.00117718 (3 samples)
	minimum = 0 (3 samples)
	maximum = 0.0969563 (3 samples)
Injected packet size average = 1 (3 samples)
Accepted packet size average = 1 (3 samples)
Hops average = 1 (3 samples)
----------------------------END-of-Interconnect-DETAILS-------------------------


gpgpu_simulation_time = 0 days, 0 hrs, 0 min, 48 sec (48 sec)
gpgpu_simulation_rate = 172816 (inst/sec)
gpgpu_simulation_rate = 7514 (cycle/sec)
gpgpu_silicon_slowdown = 233564x
GPGPU-Sim: *** simulation thread exiting ***
GPGPU-Sim: *** exit detected ***
