Accel-Sim [build accelsim-commit-d930ad6_modified_0.0_26-09-23-20-58-46]

        *** GPGPU-Sim Simulator Version 4.2.0  [build gpgpu-sim_git-commit-fa2f6f39_modified_1.0.] ***


GPGPU-Sim: Configuration options:

-save_embedded_ptx                      0 # saves ptx files embedded in binary as <n>.ptx
-keep                                   0 # keep intermediate files created by GPGPU-Sim when interfacing with external programs
-gpgpu_ptx_save_converted_ptxplus                    0 # Saved converted ptxplus to a file
-gpgpu_occupancy_sm_number                   90 # The SM number to pass to ptxas when getting register usage for computing GPU occupancy. This parameter is required in the config.
-ptx_opcode_latency_int           4,4,4,4,21 # Opcode latencies for integers <ADD,MAX,MUL,MAD,DIV,SHFL>Default 1,1,19,25,145,32
-ptx_opcode_latency_fp           4,4,4,4,39 # Opcode latencies for single precision floating points <ADD,MAX,MUL,MAD,DIV>Default 1,1,1,1,30
-ptx_opcode_latency_dp          8,8,8,8,330 # Opcode latencies for double precision floating points <ADD,MAX,MUL,MAD,DIV>Default 8,8,8,8,335
-ptx_opcode_latency_sfu                   23 # Opcode latencies for SFU instructionsDefault 8
-ptx_opcode_latency_tesnor                   24 # Opcode latencies for Tensor instructionsDefault 64
-ptx_opcode_initiation_int            2,2,2,2,2 # Opcode initiation intervals for integers <ADD,MAX,MUL,MAD,DIV,SHFL>Default 1,1,4,4,32,4
-ptx_opcode_initiation_fp            2,2,2,2,4 # Opcode initiation intervals for single precision floating points <ADD,MAX,MUL,MAD,DIV>Default 1,1,1,1,5
-ptx_opcode_initiation_dp          2,2,2,2,130 # Opcode initiation intervals for double precision floating points <ADD,MAX,MUL,MAD,DIV>Default 8,8,8,8,130
-ptx_opcode_initiation_sfu                    8 # Opcode initiation intervals for sfu instructionsDefault 8
-ptx_opcode_initiation_tensor                    8 # Opcode initiation intervals for tensor instructionsDefault 64
-cdp_latency         7200,8000,100,12000,1600 # CDP API latency <cudaStreamCreateWithFlags, cudaGetParameterBufferV2_init_perWarp, cudaGetParameterBufferV2_perKernel, cudaLaunchDeviceV2_init_perWarp, cudaLaunchDevicV2_perKernel>Default 7200,8000,100,12000,1600
-network_mode                           1 # Interconnection network mode
-inter_config_file   config_hopper_islip.icnt # Interconnection network config file
-icnt_in_buffer_limit                   64 # in_buffer_limit
-icnt_out_buffer_limit                   64 # out_buffer_limit
-icnt_subnets                           2 # subnets
-icnt_arbiter_algo                      1 # arbiter_algo
-icnt_verbose                           0 # inct_verbose
-icnt_grant_cycles                      1 # grant_cycles
-gpgpu_ptx_use_cuobjdump                    1 # Use cuobjdump to extract ptx and sass from binaries
-gpgpu_experimental_lib_support                    0 # Try to extract code from cuda libraries [Broken because of unknown cudaGetExportTable]
-checkpoint_option                      0 #  checkpointing flag (0 = no checkpoint)
-checkpoint_kernel                      1 #  checkpointing during execution of which kernel (1- 1st kernel)
-checkpoint_CTA                         0 #  checkpointing after # of CTA (< less than total CTA)
-resume_option                          0 #  resume flag (0 = no resume)
-resume_kernel                          0 #  Resume from which kernel (1= 1st kernel)
-resume_CTA                             0 #  resume from which CTA 
-checkpoint_CTA_t                       0 #  resume from which CTA 
-checkpoint_insn_Y                      0 #  resume from which CTA 
-gpgpu_ptx_convert_to_ptxplus                    0 # Convert SASS (native ISA) to ptxplus and run ptxplus
-gpgpu_ptx_force_max_capability                   90 # Force maximum compute capability
-gpgpu_ptx_inst_debug_to_file                    0 # Dump executed instructions' debug information to file
-gpgpu_ptx_inst_debug_file       inst_debug.txt # Executed instructions' debug output file
-gpgpu_ptx_inst_debug_thread_uid                    1 # Thread UID for executed instructions' debug output
-gpgpu_simd_model                       1 # 1 = post-dominator
-gpgpu_shader_core_pipeline              2048:32 # shader core pipeline config, i.e., {<nthread>:<warpsize>}
-gpgpu_tex_cache:l1  N:4:128:256,L:R:m:N:L,T:512:8,128:2 # per-shader L1 texture cache  (READ-ONLY) config  {<nsets>:<bsize>:<assoc>,<rep>:<wr>:<alloc>:<wr_alloc>,<mshr>:<N>:<merge>,<mq>:<rf>}
-gpgpu_const_cache:l1 N:128:64:8,L:R:f:N:L,S:2:64,4 # per-shader L1 constant memory cache  (READ-ONLY) config  {<nsets>:<bsize>:<assoc>,<rep>:<wr>:<alloc>:<wr_alloc>,<mshr>:<N>:<merge>,<mq>} 
-gpgpu_cache:il1     N:64:128:16,L:R:f:N:L,S:2:48,4 # shader L1 instruction cache config  {<sector?>:<nsets>:<bsize>:<assoc>,<rep>:<wr>:<alloc>:<wr_alloc>:<set_index_fn>,<mshr>:<N>:<merge>,<mq>} 
-gpgpu_cache:dl1     S:4:128:64,L:T:m:L:L,A:512:64,16:0,32 # per-shader L1 data cache config  {<sector?>:<nsets>:<bsize>:<assoc>,<rep>:<wr>:<alloc>:<wr_alloc>:<set_index_fn>,<mshr>:<N>:<merge>,<mq>:<fifo_entry>,<data_port_width> | none}
-gpgpu_l1_cache_write_ratio                   25 # L1D write ratio
-gpgpu_l1_banks                         4 # The number of L1 cache banks
-gpgpu_l1_banks_byte_interleaving                   32 # l1 banks byte interleaving granularity
-gpgpu_l1_banks_hashing_function                    0 # l1 banks hashing function
-gpgpu_l1_latency                      41 # L1 Hit Latency
-gpgpu_smem_latency                    29 # smem Latency
-gpgpu_cache:dl1PrefL1                 none # per-shader L1 data cache config  {<sector?>:<nsets>:<bsize>:<assoc>,<rep>:<wr>:<alloc>:<wr_alloc>:<set_index_fn>,<mshr>:<N>:<merge>,<mq>:<fifo_entry>,<data_port_width> | none}
-gpgpu_cache:dl1PrefShared                 none # per-shader L1 data cache config  {<sector?>:<nsets>:<bsize>:<assoc>,<rep>:<wr>:<alloc>:<wr_alloc>:<set_index_fn>,<mshr>:<N>:<merge>,<mq>:<fifo_entry>,<data_port_width> | none}
-gpgpu_gmem_skip_L1D                    0 # global memory access skip L1D cache (implements -Xptxas -dlcm=cg, default=no skip)
-gpgpu_perfect_mem                      0 # enable perfect memory mode (no cache miss)
-n_regfile_gating_group                    4 # group of lanes that should be read/written together)
-gpgpu_clock_gated_reg_file                    0 # enable clock gated reg file for power calculations
-gpgpu_clock_gated_lanes                    1 # enable clock gated lanes for power calculations
-gpgpu_shader_registers                65536 # Number of registers per shader core. Limits number of concurrent CTAs. (default 8192)
-gpgpu_registers_per_block                65536 # Maximum number of registers per CTA. (default 8192)
-gpgpu_ignore_resources_limitation                    0 # gpgpu_ignore_resources_limitation (default 0)
-gpgpu_shader_cta                      32 # Maximum number of concurrent CTAs in shader (default 32)
-gpgpu_num_cta_barriers                   16 # Maximum number of named barriers per CTA (default 16)
-gpgpu_n_clusters                     114 # number of processing clusters
-gpgpu_n_cores_per_cluster                    1 # number of simd cores per cluster
-gpgpu_n_cluster_ejection_buffer_size                   32 # number of packets in ejection buffer
-gpgpu_n_ldst_response_buffer_size                   32 # number of response packets in ld/st unit ejection buffer
-gpgpu_shmem_per_block                49152 # Size of shared memory per thread block or CTA (default 48kB)
-gpgpu_shmem_size                  233472 # Size of shared memory per shader core (default 16kB)
-gpgpu_shmem_option      0,8,16,32,64,228 # Option list of shared memory sizes
-gpgpu_unified_l1d_size                  256 # Size of unified data cache(L1D + shared memory) in KB
-gpgpu_adaptive_cache_config                    1 # adaptive_cache_config
-gpgpu_shmem_sizeDefault               233472 # Size of shared memory per shader core (default 16kB)
-gpgpu_shmem_size_PrefL1                16384 # Size of shared memory per shader core (default 16kB)
-gpgpu_shmem_size_PrefShared                16384 # Size of shared memory per shader core (default 16kB)
-gpgpu_shmem_num_banks                   32 # Number of banks in the shared memory in each shader core (default 16)
-gpgpu_shmem_limited_broadcast                    0 # Limit shared memory to do one broadcast per cycle (default on)
-gpgpu_shmem_warp_parts                    1 # Number of portions a warp is divided into for shared memory bank conflict check 
-gpgpu_mem_unit_ports                    1 # The number of memory transactions allowed per core cycle
-gpgpu_shmem_warp_parts                    1 # Number of portions a warp is divided into for shared memory bank conflict check 
-gpgpu_warpdistro_shader                   -1 # Specify which shader core to collect the warp size distribution from
-gpgpu_warp_issue_shader                    0 # Specify which shader core to collect the warp issue distribution from
-gpgpu_local_mem_map                    1 # Mapping from local memory space address to simulated GPU physical address space (default = enabled)
-gpgpu_num_reg_banks                   64 # Number of register banks (default = 8)
-gpgpu_reg_bank_use_warp_id                    0 # Use warp ID in mapping registers to banks (default = off)
-gpgpu_sub_core_model                    1 # Sub Core Volta/Pascal model (default = off)
-gpgpu_enable_specialized_operand_collector                    0 # enable_specialized_operand_collector
-gpgpu_operand_collector_num_units_sp                    4 # number of collector units (default = 4)
-gpgpu_operand_collector_num_units_dp                    0 # number of collector units (default = 0)
-gpgpu_operand_collector_num_units_sfu                    4 # number of collector units (default = 4)
-gpgpu_operand_collector_num_units_int                    0 # number of collector units (default = 0)
-gpgpu_operand_collector_num_units_tensor_core                    4 # number of collector units (default = 4)
-gpgpu_operand_collector_num_units_mem                    2 # number of collector units (default = 2)
-gpgpu_operand_collector_num_units_gen                    8 # number of collector units (default = 0)
-gpgpu_operand_collector_num_in_ports_sp                    1 # number of collector unit in ports (default = 1)
-gpgpu_operand_collector_num_in_ports_dp                    0 # number of collector unit in ports (default = 0)
-gpgpu_operand_collector_num_in_ports_sfu                    1 # number of collector unit in ports (default = 1)
-gpgpu_operand_collector_num_in_ports_int                    0 # number of collector unit in ports (default = 0)
-gpgpu_operand_collector_num_in_ports_tensor_core                    1 # number of collector unit in ports (default = 1)
-gpgpu_operand_collector_num_in_ports_mem                    1 # number of collector unit in ports (default = 1)
-gpgpu_operand_collector_num_in_ports_gen                    8 # number of collector unit in ports (default = 0)
-gpgpu_operand_collector_num_out_ports_sp                    1 # number of collector unit in ports (default = 1)
-gpgpu_operand_collector_num_out_ports_dp                    0 # number of collector unit in ports (default = 0)
-gpgpu_operand_collector_num_out_ports_sfu                    1 # number of collector unit in ports (default = 1)
-gpgpu_operand_collector_num_out_ports_int                    0 # number of collector unit in ports (default = 0)
-gpgpu_operand_collector_num_out_ports_tensor_core                    1 # number of collector unit in ports (default = 1)
-gpgpu_operand_collector_num_out_ports_mem                    1 # number of collector unit in ports (default = 1)
-gpgpu_operand_collector_num_out_ports_gen                    8 # number of collector unit in ports (default = 0)
-gpgpu_coalesce_arch                   90 # Coalescing arch (GT200 = 13, Fermi = 20)
-gpgpu_num_sched_per_core                    4 # Number of warp schedulers per core
-gpgpu_max_insn_issue_per_warp                    1 # Max number of instructions that can be issued per warp in one cycle by scheduler (either 1 or 2)
-gpgpu_dual_issue_diff_exec_units                    1 # should dual issue use two different execution unit resources (Default = 1)
-gpgpu_simt_core_sim_order                    1 # Select the simulation order of cores in a cluster (0=Fix, 1=Round-Robin)
-gpgpu_pipeline_widths 4,4,4,4,4,4,4,4,4,4,8,4,4 # Pipeline widths ID_OC_SP,ID_OC_DP,ID_OC_INT,ID_OC_SFU,ID_OC_MEM,OC_EX_SP,OC_EX_DP,OC_EX_INT,OC_EX_SFU,OC_EX_MEM,EX_WB,ID_OC_TENSOR_CORE,OC_EX_TENSOR_CORE
-gpgpu_tensor_core_avail                    1 # Tensor Core Available (default=0)
-gpgpu_num_sp_units                     4 # Number of SP units (default=1)
-gpgpu_num_dp_units                     4 # Number of DP units (default=0)
-gpgpu_num_int_units                    4 # Number of INT units (default=0)
-gpgpu_num_sfu_units                    4 # Number of SF units (default=1)
-gpgpu_num_tensor_core_units                    4 # Number of tensor_core units (default=1)
-gpgpu_num_mem_units                    1 # Number if ldst units (default=1) WARNING: not hooked up to anything
-gpgpu_scheduler                      lrr # Scheduler configuration: < lrr | gto | two_level_active > If two_level_active:<num_active_warps>:<inner_prioritization>:<outer_prioritization>For complete list of prioritization values see shader.h enum scheduler_prioritization_typeDefault: gto
-gpgpu_concurrent_kernel_sm                    0 # Support concurrent kernels on a SM (default = disabled)
-gpgpu_perfect_inst_const_cache                    1 # perfect inst and const cache mode, so all inst and const hits in the cache(default = disabled)
-gpgpu_inst_fetch_throughput                    4 # the number of fetched intruction per warp each cycle
-gpgpu_reg_file_port_throughput                    2 # the number ports of the register file
-specialized_unit_1         1,4,4,4,4,BRA # specialized unit config {<enabled>,<num_units>:<latency>:<initiation>,<ID_OC_SPEC>:<OC_EX_SPEC>,<NAME>}
-specialized_unit_2       1,4,200,4,4,TEX # specialized unit config {<enabled>,<num_units>:<latency>:<initiation>,<ID_OC_SPEC>:<OC_EX_SPEC>,<NAME>}
-specialized_unit_3     1,4,12,4,4,TENSOR # specialized unit config {<enabled>,<num_units>:<latency>:<initiation>,<ID_OC_SPEC>:<OC_EX_SPEC>,<NAME>}
-specialized_unit_4         1,4,4,4,4,UDP # specialized unit config {<enabled>,<num_units>:<latency>:<initiation>,<ID_OC_SPEC>:<OC_EX_SPEC>,<NAME>}
-specialized_unit_5      1,4,128,4,4,GMMA # specialized unit config {<enabled>,<num_units>:<latency>:<initiation>,<ID_OC_SPEC>:<OC_EX_SPEC>,<NAME>}
-specialized_unit_6         0,4,4,4,4,BRA # specialized unit config {<enabled>,<num_units>:<latency>:<initiation>,<ID_OC_SPEC>:<OC_EX_SPEC>,<NAME>}
-specialized_unit_7         0,4,4,4,4,BRA # specialized unit config {<enabled>,<num_units>:<latency>:<initiation>,<ID_OC_SPEC>:<OC_EX_SPEC>,<NAME>}
-specialized_unit_8         0,4,4,4,4,BRA # specialized unit config {<enabled>,<num_units>:<latency>:<initiation>,<ID_OC_SPEC>:<OC_EX_SPEC>,<NAME>}
-gpgpu_opndcoll_model                    1 # Detailed operand collector model (0=DETAILED, 1=SIMPLE)
-gpgpu_trywait_max_retries                    5 # Max TRYWAIT retry attempts before giving up (default: 5)
-gpgpu_trywait_retry_cycles                  200 # Stall cycles between TRYWAIT retries (default: 200)
-gpgpu_n_chiplet_partition                    2 # Number of chiplet partitions. Default: 2
-gpgpu_chiplet_interleave                    0 # Chiplet TPC mapping: 0 = contiguous (first/second half), 1 = interleaved (even/odd TPC). Default: 0
-chiplet_mem_stride                  8192 # Memory stride for chiplet partitioning. Default: 8192
-gpgpu_perf_sim_memcpy                    0 # Fill the L2 cache on memcpy
-gpgpu_simple_dram_model                    1 # simple_dram_model with fixed latency and BW
-gpgpu_simple_dram_clock_multiplier                    1 # clock multiplier for simple dram model (default = 1)
-gpgpu_dram_scheduler                    1 # 0 = fifo, 1 = FR-FCFS (defaul)
-gpgpu_dram_partition_queues          64:64:64:64 # i2$:$2d:d2$:$2i
-l2_ideal                               0 # Use a ideal L2 cache that always hit
-gpgpu_cache:dl2     S:256:128:20,L:B:m:L:X,A:384:4,32:0,32 # unified banked L2 data cache config  {<sector?>:<nsets>:<bsize>:<assoc>,<rep>:<wr>:<alloc>:<wr_alloc>:<set_index_fn>,<mshr>:<N>:<merge>,<mq>:<fifo_entry>,<data_port_width>
-gpgpu_cache:dl2_texture_only                    0 # L2 cache used for texture only
-gpgpu_n_mem                           40 # number of memory modules (e.g. memory controllers) in gpu
-gpgpu_n_sub_partition_per_mchannel                    2 # number of memory subpartition in each memory module
-chiplet_partition_stride                 8192 # stride for chiplet partition indexing
-inter_chiplet_queue_size                  256 # max entries in inter-chiplet request/reply queues
-inter_chiplet_queue_latency                  100 # latency (in cycles) for inter-chiplet queue
-gpgpu_n_mem_per_ctrlr                    1 # number of memory chips per memory controller
-gpgpu_memlatency_stat                   14 # track and display latency statistics 0x2 enables MC, 0x4 enables queue logs
-gpgpu_frfcfs_dram_sched_queue_size                  128 # 0 = unlimited (default); # entries per chip
-gpgpu_dram_return_queue_size                  384 # 0 = unlimited (default); # entries per chip
-gpgpu_dram_buswidth                    8 # default = 4 bytes (8 bytes per cycle at DDR)
-gpgpu_dram_burst_length                    4 # Burst length of each DRAM request (default = 4 data bus cycle)
-dram_data_command_freq_ratio                    2 # Frequency ratio between DRAM data bus and command bus (default = 2 times, i.e. DDR)
-gpgpu_dram_timing_opt nbk=16:CCD=1:RRD=6:RCD=19:RAS=45:RP=19:RC=50:CL=19:WL=6:CDLR=8:WR=21:nbkgrp=4:CCDL=6:RTPL=8 # DRAM timing parameters = {nbk:tCCD:tRRD:tRCD:tRAS:tRP:tRC:CL:WL:tCDLR:tWR:nbkgrp:tCCDL:tRTPL}
-gpgpu_l2_rop_latency                  237 # ROP queue latency (default 85)
-dram_latency                         283 # DRAM latency (default 30)
-dram_dual_bus_interface                    1 # dual_bus_interface (default = 0) 
-dram_bnk_indexing_policy                    0 # dram_bnk_indexing_policy (0 = normal indexing, 1 = Xoring with the higher bits) (Default = 0)
-dram_bnkgrp_indexing_policy                    1 # dram_bnkgrp_indexing_policy (0 = take higher bits, 1 = take lower bits) (Default = 0)
-dram_seperate_write_queue_enable                    0 # Seperate_Write_Queue_Enable
-dram_write_queue_size             32:28:16 # Write_Queue_Size
-dram_elimnate_rw_turnaround                    0 # elimnate_rw_turnaround i.e set tWTR and tRTW = 0
-icnt_flit_size                        32 # icnt_flit_size
-SST_mode                               0 # SST mode
-gpgpu_lrc_enabled                      1 # Enable load request coalescer
-gpgpu_lrc_max_entries                 1024 # Maximum number of entries in the LRC queue
-gpgpu_lrc_max_merged                    4 # Maximum number of requests that can be merged in a single entry
-gpgpu_mem_addr_mapping dramid@8;00000000.00000000.00000000.00000000.0000RRRR.RRRRRRRR.RBBBCCCC.BCCSSSSS # mapping memory address to dram model {dramid@<start bit>;<memory address map>}
-gpgpu_mem_addr_test                    0 # run sweep test to check address mapping for aliased address
-gpgpu_mem_address_mask                    1 # 0 = old addressing mask, 1 = new addressing mask, 2 = new add. mask + flipped bank sel and chip sel bits
-gpgpu_memory_partition_indexing                    6 # 0 = no indexing, 1 = bitwise xoring, 2 = IPoly, 4 = Random, 5 = custom indexing, 6 = IPoly-Modulo
-accelwattch_xml_file accelwattch_sass_sim.xml # AccelWattch XML file
-power_simulation_enabled                    0 # Turn on power simulator (1=On, 0=Off)
-power_per_cycle_dump                    0 # Dump detailed power output each cycle
-hw_perf_file_name            hw_perf.csv # Hardware Performance Statistics file
-hw_perf_bench_name                       # Kernel Name in Hardware Performance Statistics file
-power_simulation_mode                    0 # Switch performance counter input for power simulation (0=Sim, 1=HW, 2=HW-Sim Hybrid)
-dvfs_enabled                           0 # Turn on DVFS for power model
-aggregate_power_stats                    0 # Accumulate power across all kernels
-accelwattch_hybrid_perfsim_L1_RH                    0 # Get L1 Read Hits for Accelwattch-Hybrid from Accel-Sim
-accelwattch_hybrid_perfsim_L1_RM                    0 # Get L1 Read Misses for Accelwattch-Hybrid from Accel-Sim
-accelwattch_hybrid_perfsim_L1_WH                    0 # Get L1 Write Hits for Accelwattch-Hybrid from Accel-Sim
-accelwattch_hybrid_perfsim_L1_WM                    0 # Get L1 Write Misses for Accelwattch-Hybrid from Accel-Sim
-accelwattch_hybrid_perfsim_L2_RH                    0 # Get L2 Read Hits for Accelwattch-Hybrid from Accel-Sim
-accelwattch_hybrid_perfsim_L2_RM                    0 # Get L2 Read Misses for Accelwattch-Hybrid from Accel-Sim
-accelwattch_hybrid_perfsim_L2_WH                    0 # Get L2 Write Hits for Accelwattch-Hybrid from Accel-Sim
-accelwattch_hybrid_perfsim_L2_WM                    0 # Get L2 Write Misses for Accelwattch-Hybrid from Accel-Sim
-accelwattch_hybrid_perfsim_CC_ACC                    0 # Get Constant Cache Acesses for Accelwattch-Hybrid from Accel-Sim
-accelwattch_hybrid_perfsim_SHARED_ACC                    0 # Get Shared Memory Acesses for Accelwattch-Hybrid from Accel-Sim
-accelwattch_hybrid_perfsim_DRAM_RD                    0 # Get DRAM Reads for Accelwattch-Hybrid from Accel-Sim
-accelwattch_hybrid_perfsim_DRAM_WR                    0 # Get DRAM Writes for Accelwattch-Hybrid from Accel-Sim
-accelwattch_hybrid_perfsim_NOC                    0 # Get Interconnect Acesses for Accelwattch-Hybrid from Accel-Sim
-accelwattch_hybrid_perfsim_PIPE_DUTY                    0 # Get Pipeline Duty Cycle Acesses for Accelwattch-Hybrid from Accel-Sim
-accelwattch_hybrid_perfsim_NUM_SM_IDLE                    0 # Get Number of Idle SMs for Accelwattch-Hybrid from Accel-Sim
-accelwattch_hybrid_perfsim_CYCLES                    0 # Get Executed Cycles for Accelwattch-Hybrid from Accel-Sim
-accelwattch_hybrid_perfsim_VOLTAGE                    0 # Get Chip Voltage for Accelwattch-Hybrid from Accel-Sim
-power_trace_enabled                    0 # produce a file for the power trace (1=On, 0=Off)
-power_trace_zlevel                     6 # Compression level of the power trace output log (0=no comp, 9=highest)
-steady_power_levels_enabled                    0 # produce a file for the steady power levels (1=On, 0=Off)
-steady_state_definition                  8:4 # allowed deviation:number of samples
-gpgpu_max_cycle                        0 # terminates gpu simulation early (0 = no limit)
-gpgpu_max_insn                         0 # terminates gpu simulation early (0 = no limit)
-gpgpu_max_cta                          0 # terminates gpu simulation early (0 = no limit)
-gpgpu_max_completed_cta                    0 # terminates gpu simulation early (0 = no limit)
-gpgpu_runtime_stat                   500 # display runtime statistics such as dram utilization {<freq>:<flag>}
-liveness_message_freq                    1 # Minimum number of seconds between simulation liveness messages (0 = always print)
-gpgpu_compute_capability_major                    9 # Major compute capability version number
-gpgpu_compute_capability_minor                    0 # Minor compute capability version number
-gpgpu_flush_l1_cache                    1 # Flush L1 cache at the end of each kernel call
-gpgpu_flush_l2_cache                    0 # Flush L2 cache at the end of each kernel call
-gpgpu_deadlock_detect                    1 # Stop the simulation at deadlock (1=on (default), 0=off)
-gpgpu_ptx_instruction_classification                    0 # if enabled will classify ptx instruction types per kernel (Max 255 kernels now)
-gpgpu_ptx_sim_mode                     0 # Select between Performance (default) or Functional simulation (1)
-gpgpu_clock_domains  1755:3510:3510:1593 # Clock Domain Frequencies in MhZ {<Core Clock>:<ICNT Clock>:<L2 Clock>:<DRAM Clock>}
-gpgpu_max_concurrent_kernel                  128 # maximum kernels that can run concurrently on GPU, set this value according to max resident grids for your compute capability
-gpgpu_cflog_interval                    0 # Interval between each snapshot in control flow logger
-visualizer_enabled                     0 # Turn on visualizer output (1=On, 0=Off)
-visualizer_outputfile                 NULL # Specifies the output log file for visualizer
-visualizer_zlevel                      6 # Compression level of the visualizer output log (0=no comp, 9=highest)
-gpgpu_stack_size_limit                 1024 # GPU thread stack size
-gpgpu_heap_size_limit              8388608 # GPU malloc heap size 
-gpgpu_runtime_sync_depth_limit                    2 # GPU device runtime synchronize depth
-gpgpu_runtime_pending_launch_count_limit                 2048 # GPU device runtime pending launch count
-trace_enabled                          0 # Turn on traces
-trace_components                    none # comma seperated list of traces to enable. Complete list found in trace_streams.tup. Default none
-trace_sampling_core                    0 # The core which is printed using CORE_DPRINTF. Default 0
-trace_sampling_memory_partition                   -1 # The memory partition which is printed using MEMPART_DPRINTF. Default -1 (i.e. all)
-enable_ptx_file_line_stats                    1 # Turn on PTX source line statistic profiling. (1 = On)
-ptx_line_stats_filename gpgpu_inst_stats.txt # Output file for PTX source line statistics.
-gpgpu_kernel_launch_latency                 3000 # Kernel launch latency in cycles. Default: 0
-gpgpu_cdp_enabled                      0 # Turn on CDP
-gpgpu_TB_launch_latency                    0 # thread block launch latency in cycles. Default: 0
-trace               /localhome/tsousape/cam_with_gpu/traces/sched_A_1_234/traces/kernelslist.g # traces kernel filetraces kernel file directory
-trace_opcode_latency_initiation_int                  4,2 # Opcode latencies and initiation for integers in trace driven mode <latency,initiation>
-trace_opcode_latency_initiation_sp                  4,2 # Opcode latencies and initiation for sp in trace driven mode <latency,initiation>
-trace_opcode_latency_initiation_dp                  8,2 # Opcode latencies and initiation for dp in trace driven mode <latency,initiation>
-trace_opcode_latency_initiation_sfu                 23,8 # Opcode latencies and initiation for sfu in trace driven mode <latency,initiation>
-trace_opcode_latency_initiation_tensor                 12,4 # Opcode latencies and initiation for tensor in trace driven mode <latency,initiation>
-trace_opcode_latency_initiation_spec_op_1                  4,4 # specialized unit config <latency,initiation>
-trace_opcode_latency_initiation_spec_op_2                200,4 # specialized unit config <latency,initiation>
-trace_opcode_latency_initiation_spec_op_3                 12,4 # specialized unit config <latency,initiation>
-trace_opcode_latency_initiation_spec_op_4                  4,1 # specialized unit config <latency,initiation>
-trace_opcode_latency_initiation_spec_op_5               128,32 # specialized unit config <latency,initiation>
-trace_opcode_latency_initiation_spec_op_6                  4,4 # specialized unit config <latency,initiation>
-trace_opcode_latency_initiation_spec_op_7                  4,4 # specialized unit config <latency,initiation>
-trace_opcode_latency_initiation_spec_op_8                  4,4 # specialized unit config <latency,initiation>
DRAM Timing Options:
nbk                                    16 # number of banks
CCD                                     1 # column to column delay
RRD                                     6 # minimal delay between activation of rows in different banks
RCD                                    19 # row to column delay
RAS                                    45 # time needed to activate row
RP                                     19 # time needed to precharge (deactivate) row
RC                                     50 # row cycle time
CDLR                                    8 # switching from write to read (changes tWTR)
WR                                     21 # last data-in to row precharge
CL                                     19 # CAS latency
WL                                      6 # Write latency
nbkgrp                                  4 # number of bank groups
CCDL                                    6 # column to column delay between accesses to different bank groups
RTPL                                    8 # read to precharge delay between accesses to different bank groups
Total number of memory sub partition = 80
addr_dec_mask[CHIP]  = 0000000000000000 	high:64 low:0
addr_dec_mask[BK]    = 0000000000007080 	high:15 low:7
addr_dec_mask[ROW]   = 000000000fff8000 	high:28 low:15
addr_dec_mask[COL]   = 0000000000000f7f 	high:12 low:0
addr_dec_mask[BURST] = 000000000000001f 	high:5 low:0
sub_partition_id_mask = 0000000000000080
GPGPU-Sim uArch: clock freqs: 1755000000.000000:3510000000.000000:3510000000.000000:1593000000.000000
GPGPU-Sim uArch: clock periods: 0.00000000056980056980:0.00000000028490028490:0.00000000028490028490:0.00000000062774639046
*** Initializing Memory Statistics ***
GPGPU-Sim uArch: interconnect node map (shaderID+MemID to icntID)
GPGPU-Sim uArch: Memory nodes ID start from index: 114
GPGPU-Sim uArch:    0   1   2   3   4   5   6   7   8   9  10  11  12
GPGPU-Sim uArch:   13  14  15  16  17  18  19  20  21  22  23  24  25
GPGPU-Sim uArch:   26  27  28  29  30  31  32  33  34  35  36  37  38
GPGPU-Sim uArch:   39  40  41  42  43  44  45  46  47  48  49  50  51
GPGPU-Sim uArch:   52  53  54  55  56  57  58  59  60  61  62  63  64
GPGPU-Sim uArch:   65  66  67  68  69  70  71  72  73  74  75  76  77
GPGPU-Sim uArch:   78  79  80  81  82  83  84  85  86  87  88  89  90
GPGPU-Sim uArch:   91  92  93  94  95  96  97  98  99 100 101 102 103
GPGPU-Sim uArch:  104 105 106 107 108 109 110 111 112 113 114 115 116
GPGPU-Sim uArch:  117 118 119 120 121 122 123 124 125 126 127 128 129
GPGPU-Sim uArch:  130 131 132 133 134 135 136 137 138 139 140 141 142
GPGPU-Sim uArch:  143 144 145 146 147 148 149 150 151 152 153 154 155
GPGPU-Sim uArch:  156 157 158 159 160 161 162 163 164 165 166 167 168
GPGPU-Sim uArch:  169 170 171 172 173 174 175 176 177 178 179 180 181
GPGPU-Sim uArch:  182 183 184 185 186 187 188 189 190 191 192 193
GPGPU-Sim uArch: interconnect node reverse map (icntID to shaderID+MemID)
GPGPU-Sim uArch: Memory nodes start from ID: 114
GPGPU-Sim uArch:    0   1   2   3   4   5   6   7   8   9  10  11  12
GPGPU-Sim uArch:   13  14  15  16  17  18  19  20  21  22  23  24  25
GPGPU-Sim uArch:   26  27  28  29  30  31  32  33  34  35  36  37  38
GPGPU-Sim uArch:   39  40  41  42  43  44  45  46  47  48  49  50  51
GPGPU-Sim uArch:   52  53  54  55  56  57  58  59  60  61  62  63  64
GPGPU-Sim uArch:   65  66  67  68  69  70  71  72  73  74  75  76  77
GPGPU-Sim uArch:   78  79  80  81  82  83  84  85  86  87  88  89  90
GPGPU-Sim uArch:   91  92  93  94  95  96  97  98  99 100 101 102 103
GPGPU-Sim uArch:  104 105 106 107 108 109 110 111 112 113 114 115 116
GPGPU-Sim uArch:  117 118 119 120 121 122 123 124 125 126 127 128 129
GPGPU-Sim uArch:  130 131 132 133 134 135 136 137 138 139 140 141 142
GPGPU-Sim uArch:  143 144 145 146 147 148 149 150 151 152 153 154 155
GPGPU-Sim uArch:  156 157 158 159 160 161 162 163 164 165 166 167 168
GPGPU-Sim uArch:  169 170 171 172 173 174 175 176 177 178 179 180 181
GPGPU-Sim uArch:  182 183 184 185 186 187 188 189 190 191 192 193
GPGPU-Sim uArch: performance model initialization complete.
launching memcpy command : MemcpyHtoD,0x00007fbb29e00000,1589248
Processing kernel /localhome/tsousape/cam_with_gpu/traces/sched_A_1_234/traces/kernel-1-ctx_0x5597d0bca480.tracez
-kernel name = _Z8sched_acPjPKjS_PfiiiiPy
-kernel id = 1
-grid dim = (1,1,1)
-block dim = (128,1,1)
-shmem = 33032
-nregs = 31
-binary version = 90
-cuda stream id = 0
-shmem base_addr = 0x00007fbc00000000
-local mem base_addr = 0x00007fbb59000000
-nvbit version = 1.8
-accelsim tracer version = 6
-enable lineinfo = 0
Header info loaded for kernel command : /localhome/tsousape/cam_with_gpu/traces/sched_A_1_234/traces/kernel-1-ctx_0x5597d0bca480.tracez
launching kernel name: _Z8sched_acPjPKjS_PfiiiiPy uid: 1 cuda_stream_id: 0
GPGPU-Sim uArch: Shader 0 bind to kernel 1 '_Z8sched_acPjPKjS_PfiiiiPy'
GPGPU-Sim uArch: CTA/core = 7, limited by: shmem
GPGPU-Sim: Reconfigure L1 cache to 192KB
thread block = 0,0,0
Destroy streams for kernel 1: size 0
kernel_name = _Z8sched_acPjPKjS_PfiiiiPy 
kernel_launch_uid = 1 
kernel_stream_id = 0
gpu_sim_cycle = 8905
gpu_sim_insn = 110854
gpu_ipc =      12.4485
gpu_tot_sim_cycle = 8905
gpu_tot_sim_insn = 110854
gpu_tot_ipc =      12.4485
gpu_tot_issued_cta = 1
gpu_occupancy = 6.2436% 
gpu_tot_occupancy = 6.2436% 
max_total_param_size = 0
gpu_stall_dramfull = 0
gpu_stall_icnt2sh    = 0
partiton_level_parallism =       0.1199
partiton_level_parallism_total  =       0.1199
partiton_level_parallism_util =       1.0000
partiton_level_parallism_util_total  =       1.0000
L2_BW  =       6.7354 GB/Sec
L2_BW_total  =       6.7354 GB/Sec
gpu_total_sim_rate=110854

========= Core cache stats =========
L1I_cache:
	L1I_total_cache_accesses = 0
	L1I_total_cache_misses = 0
	L1I_total_cache_pending_hits = 0
	L1I_total_cache_reservation_fails = 0
L1D_cache:
	L1D_cache_core[0]: Access = 32, Miss = 16, Miss_rate = 0.500, Pending_hits = 0, Reservation_fails = 0
	L1D_cache_core[1]: Access = 0, Miss = 0, Miss_rate = -nan, Pending_hits = 0, Reservation_fails = 0
	L1D_cache_core[2]: Access = 0, Miss = 0, Miss_rate = -nan, Pending_hits = 0, Reservation_fails = 0
	L1D_cache_core[3]: Access = 0, Miss = 0, Miss_rate = -nan, Pending_hits = 0, Reservation_fails = 0
	L1D_cache_core[4]: Access = 0, Miss = 0, Miss_rate = -nan, Pending_hits = 0, Reservation_fails = 0
	L1D_cache_core[5]: Access = 0, Miss = 0, Miss_rate = -nan, Pending_hits = 0, Reservation_fails = 0
	L1D_cache_core[6]: Access = 0, Miss = 0, Miss_rate = -nan, Pending_hits = 0, Reservation_fails = 0
	L1D_cache_core[7]: Access = 0, Miss = 0, Miss_rate = -nan, Pending_hits = 0, Reservation_fails = 0
	L1D_cache_core[8]: Access = 0, Miss = 0, Miss_rate = -nan, Pending_hits = 0, Reservation_fails = 0
	L1D_cache_core[9]: Access = 0, Miss = 0, Miss_rate = -nan, Pending_hits = 0, Reservation_fails = 0
	L1D_cache_core[10]: Access = 0, Miss = 0, Miss_rate = -nan, Pending_hits = 0, Reservation_fails = 0
	L1D_cache_core[11]: Access = 0, Miss = 0, Miss_rate = -nan, Pending_hits = 0, Reservation_fails = 0
	L1D_cache_core[12]: Access = 0, Miss = 0, Miss_rate = -nan, Pending_hits = 0, Reservation_fails = 0
	L1D_cache_core[13]: Access = 0, Miss = 0, Miss_rate = -nan, Pending_hits = 0, Reservation_fails = 0
	L1D_cache_core[14]: Access = 0, Miss = 0, Miss_rate = -nan, Pending_hits = 0, Reservation_fails = 0
	L1D_cache_core[15]: Access = 0, Miss = 0, Miss_rate = -nan, Pending_hits = 0, Reservation_fails = 0
	L1D_cache_core[16]: Access = 0, Miss = 0, Miss_rate = -nan, Pending_hits = 0, Reservation_fails = 0
	L1D_cache_core[17]: Access = 0, Miss = 0, Miss_rate = -nan, Pending_hits = 0, Reservation_fails = 0
	L1D_cache_core[18]: Access = 0, Miss = 0, Miss_rate = -nan, Pending_hits = 0, Reservation_fails = 0
	L1D_cache_core[19]: Access = 0, Miss = 0, Miss_rate = -nan, Pending_hits = 0, Reservation_fails = 0
	L1D_cache_core[20]: Access = 0, Miss = 0, Miss_rate = -nan, Pending_hits = 0, Reservation_fails = 0
	L1D_cache_core[21]: Access = 0, Miss = 0, Miss_rate = -nan, Pending_hits = 0, Reservation_fails = 0
	L1D_cache_core[22]: Access = 0, Miss = 0, Miss_rate = -nan, Pending_hits = 0, Reservation_fails = 0
	L1D_cache_core[23]: Access = 0, Miss = 0, Miss_rate = -nan, Pending_hits = 0, Reservation_fails = 0
	L1D_cache_core[24]: Access = 0, Miss = 0, Miss_rate = -nan, Pending_hits = 0, Reservation_fails = 0
	L1D_cache_core[25]: Access = 0, Miss = 0, Miss_rate = -nan, Pending_hits = 0, Reservation_fails = 0
	L1D_cache_core[26]: Access = 0, Miss = 0, Miss_rate = -nan, Pending_hits = 0, Reservation_fails = 0
	L1D_cache_core[27]: Access = 0, Miss = 0, Miss_rate = -nan, Pending_hits = 0, Reservation_fails = 0
	L1D_cache_core[28]: Access = 0, Miss = 0, Miss_rate = -nan, Pending_hits = 0, Reservation_fails = 0
	L1D_cache_core[29]: Access = 0, Miss = 0, Miss_rate = -nan, Pending_hits = 0, Reservation_fails = 0
	L1D_cache_core[30]: Access = 0, Miss = 0, Miss_rate = -nan, Pending_hits = 0, Reservation_fails = 0
	L1D_cache_core[31]: Access = 0, Miss = 0, Miss_rate = -nan, Pending_hits = 0, Reservation_fails = 0
	L1D_cache_core[32]: Access = 0, Miss = 0, Miss_rate = -nan, Pending_hits = 0, Reservation_fails = 0
	L1D_cache_core[33]: Access = 0, Miss = 0, Miss_rate = -nan, Pending_hits = 0, Reservation_fails = 0
	L1D_cache_core[34]: Access = 0, Miss = 0, Miss_rate = -nan, Pending_hits = 0, Reservation_fails = 0
	L1D_cache_core[35]: Access = 0, Miss = 0, Miss_rate = -nan, Pending_hits = 0, Reservation_fails = 0
	L1D_cache_core[36]: Access = 0, Miss = 0, Miss_rate = -nan, Pending_hits = 0, Reservation_fails = 0
	L1D_cache_core[37]: Access = 0, Miss = 0, Miss_rate = -nan, Pending_hits = 0, Reservation_fails = 0
	L1D_cache_core[38]: Access = 0, Miss = 0, Miss_rate = -nan, Pending_hits = 0, Reservation_fails = 0
	L1D_cache_core[39]: Access = 0, Miss = 0, Miss_rate = -nan, Pending_hits = 0, Reservation_fails = 0
	L1D_cache_core[40]: Access = 0, Miss = 0, Miss_rate = -nan, Pending_hits = 0, Reservation_fails = 0
	L1D_cache_core[41]: Access = 0, Miss = 0, Miss_rate = -nan, Pending_hits = 0, Reservation_fails = 0
	L1D_cache_core[42]: Access = 0, Miss = 0, Miss_rate = -nan, Pending_hits = 0, Reservation_fails = 0
	L1D_cache_core[43]: Access = 0, Miss = 0, Miss_rate = -nan, Pending_hits = 0, Reservation_fails = 0
	L1D_cache_core[44]: Access = 0, Miss = 0, Miss_rate = -nan, Pending_hits = 0, Reservation_fails = 0
	L1D_cache_core[45]: Access = 0, Miss = 0, Miss_rate = -nan, Pending_hits = 0, Reservation_fails = 0
	L1D_cache_core[46]: Access = 0, Miss = 0, Miss_rate = -nan, Pending_hits = 0, Reservation_fails = 0
	L1D_cache_core[47]: Access = 0, Miss = 0, Miss_rate = -nan, Pending_hits = 0, Reservation_fails = 0
	L1D_cache_core[48]: Access = 0, Miss = 0, Miss_rate = -nan, Pending_hits = 0, Reservation_fails = 0
	L1D_cache_core[49]: Access = 0, Miss = 0, Miss_rate = -nan, Pending_hits = 0, Reservation_fails = 0
	L1D_cache_core[50]: Access = 0, Miss = 0, Miss_rate = -nan, Pending_hits = 0, Reservation_fails = 0
	L1D_cache_core[51]: Access = 0, Miss = 0, Miss_rate = -nan, Pending_hits = 0, Reservation_fails = 0
	L1D_cache_core[52]: Access = 0, Miss = 0, Miss_rate = -nan, Pending_hits = 0, Reservation_fails = 0
	L1D_cache_core[53]: Access = 0, Miss = 0, Miss_rate = -nan, Pending_hits = 0, Reservation_fails = 0
	L1D_cache_core[54]: Access = 0, Miss = 0, Miss_rate = -nan, Pending_hits = 0, Reservation_fails = 0
	L1D_cache_core[55]: Access = 0, Miss = 0, Miss_rate = -nan, Pending_hits = 0, Reservation_fails = 0
	L1D_cache_core[56]: Access = 0, Miss = 0, Miss_rate = -nan, Pending_hits = 0, Reservation_fails = 0
	L1D_cache_core[57]: Access = 0, Miss = 0, Miss_rate = -nan, Pending_hits = 0, Reservation_fails = 0
	L1D_cache_core[58]: Access = 0, Miss = 0, Miss_rate = -nan, Pending_hits = 0, Reservation_fails = 0
	L1D_cache_core[59]: Access = 0, Miss = 0, Miss_rate = -nan, Pending_hits = 0, Reservation_fails = 0
	L1D_cache_core[60]: Access = 0, Miss = 0, Miss_rate = -nan, Pending_hits = 0, Reservation_fails = 0
	L1D_cache_core[61]: Access = 0, Miss = 0, Miss_rate = -nan, Pending_hits = 0, Reservation_fails = 0
	L1D_cache_core[62]: Access = 0, Miss = 0, Miss_rate = -nan, Pending_hits = 0, Reservation_fails = 0
	L1D_cache_core[63]: Access = 0, Miss = 0, Miss_rate = -nan, Pending_hits = 0, Reservation_fails = 0
	L1D_cache_core[64]: Access = 0, Miss = 0, Miss_rate = -nan, Pending_hits = 0, Reservation_fails = 0
	L1D_cache_core[65]: Access = 0, Miss = 0, Miss_rate = -nan, Pending_hits = 0, Reservation_fails = 0
	L1D_cache_core[66]: Access = 0, Miss = 0, Miss_rate = -nan, Pending_hits = 0, Reservation_fails = 0
	L1D_cache_core[67]: Access = 0, Miss = 0, Miss_rate = -nan, Pending_hits = 0, Reservation_fails = 0
	L1D_cache_core[68]: Access = 0, Miss = 0, Miss_rate = -nan, Pending_hits = 0, Reservation_fails = 0
	L1D_cache_core[69]: Access = 0, Miss = 0, Miss_rate = -nan, Pending_hits = 0, Reservation_fails = 0
	L1D_cache_core[70]: Access = 0, Miss = 0, Miss_rate = -nan, Pending_hits = 0, Reservation_fails = 0
	L1D_cache_core[71]: Access = 0, Miss = 0, Miss_rate = -nan, Pending_hits = 0, Reservation_fails = 0
	L1D_cache_core[72]: Access = 0, Miss = 0, Miss_rate = -nan, Pending_hits = 0, Reservation_fails = 0
	L1D_cache_core[73]: Access = 0, Miss = 0, Miss_rate = -nan, Pending_hits = 0, Reservation_fails = 0
	L1D_cache_core[74]: Access = 0, Miss = 0, Miss_rate = -nan, Pending_hits = 0, Reservation_fails = 0
	L1D_cache_core[75]: Access = 0, Miss = 0, Miss_rate = -nan, Pending_hits = 0, Reservation_fails = 0
	L1D_cache_core[76]: Access = 0, Miss = 0, Miss_rate = -nan, Pending_hits = 0, Reservation_fails = 0
	L1D_cache_core[77]: Access = 0, Miss = 0, Miss_rate = -nan, Pending_hits = 0, Reservation_fails = 0
	L1D_cache_core[78]: Access = 0, Miss = 0, Miss_rate = -nan, Pending_hits = 0, Reservation_fails = 0
	L1D_cache_core[79]: Access = 0, Miss = 0, Miss_rate = -nan, Pending_hits = 0, Reservation_fails = 0
	L1D_cache_core[80]: Access = 0, Miss = 0, Miss_rate = -nan, Pending_hits = 0, Reservation_fails = 0
	L1D_cache_core[81]: Access = 0, Miss = 0, Miss_rate = -nan, Pending_hits = 0, Reservation_fails = 0
	L1D_cache_core[82]: Access = 0, Miss = 0, Miss_rate = -nan, Pending_hits = 0, Reservation_fails = 0
	L1D_cache_core[83]: Access = 0, Miss = 0, Miss_rate = -nan, Pending_hits = 0, Reservation_fails = 0
	L1D_cache_core[84]: Access = 0, Miss = 0, Miss_rate = -nan, Pending_hits = 0, Reservation_fails = 0
	L1D_cache_core[85]: Access = 0, Miss = 0, Miss_rate = -nan, Pending_hits = 0, Reservation_fails = 0
	L1D_cache_core[86]: Access = 0, Miss = 0, Miss_rate = -nan, Pending_hits = 0, Reservation_fails = 0
	L1D_cache_core[87]: Access = 0, Miss = 0, Miss_rate = -nan, Pending_hits = 0, Reservation_fails = 0
	L1D_cache_core[88]: Access = 0, Miss = 0, Miss_rate = -nan, Pending_hits = 0, Reservation_fails = 0
	L1D_cache_core[89]: Access = 0, Miss = 0, Miss_rate = -nan, Pending_hits = 0, Reservation_fails = 0
	L1D_cache_core[90]: Access = 0, Miss = 0, Miss_rate = -nan, Pending_hits = 0, Reservation_fails = 0
	L1D_cache_core[91]: Access = 0, Miss = 0, Miss_rate = -nan, Pending_hits = 0, Reservation_fails = 0
	L1D_cache_core[92]: Access = 0, Miss = 0, Miss_rate = -nan, Pending_hits = 0, Reservation_fails = 0
	L1D_cache_core[93]: Access = 0, Miss = 0, Miss_rate = -nan, Pending_hits = 0, Reservation_fails = 0
	L1D_cache_core[94]: Access = 0, Miss = 0, Miss_rate = -nan, Pending_hits = 0, Reservation_fails = 0
	L1D_cache_core[95]: Access = 0, Miss = 0, Miss_rate = -nan, Pending_hits = 0, Reservation_fails = 0
	L1D_cache_core[96]: Access = 0, Miss = 0, Miss_rate = -nan, Pending_hits = 0, Reservation_fails = 0
	L1D_cache_core[97]: Access = 0, Miss = 0, Miss_rate = -nan, Pending_hits = 0, Reservation_fails = 0
	L1D_cache_core[98]: Access = 0, Miss = 0, Miss_rate = -nan, Pending_hits = 0, Reservation_fails = 0
	L1D_cache_core[99]: Access = 0, Miss = 0, Miss_rate = -nan, Pending_hits = 0, Reservation_fails = 0
	L1D_cache_core[100]: Access = 0, Miss = 0, Miss_rate = -nan, Pending_hits = 0, Reservation_fails = 0
	L1D_cache_core[101]: Access = 0, Miss = 0, Miss_rate = -nan, Pending_hits = 0, Reservation_fails = 0
	L1D_cache_core[102]: Access = 0, Miss = 0, Miss_rate = -nan, Pending_hits = 0, Reservation_fails = 0
	L1D_cache_core[103]: Access = 0, Miss = 0, Miss_rate = -nan, Pending_hits = 0, Reservation_fails = 0
	L1D_cache_core[104]: Access = 0, Miss = 0, Miss_rate = -nan, Pending_hits = 0, Reservation_fails = 0
	L1D_cache_core[105]: Access = 0, Miss = 0, Miss_rate = -nan, Pending_hits = 0, Reservation_fails = 0
	L1D_cache_core[106]: Access = 0, Miss = 0, Miss_rate = -nan, Pending_hits = 0, Reservation_fails = 0
	L1D_cache_core[107]: Access = 0, Miss = 0, Miss_rate = -nan, Pending_hits = 0, Reservation_fails = 0
	L1D_cache_core[108]: Access = 0, Miss = 0, Miss_rate = -nan, Pending_hits = 0, Reservation_fails = 0
	L1D_cache_core[109]: Access = 0, Miss = 0, Miss_rate = -nan, Pending_hits = 0, Reservation_fails = 0
	L1D_cache_core[110]: Access = 0, Miss = 0, Miss_rate = -nan, Pending_hits = 0, Reservation_fails = 0
	L1D_cache_core[111]: Access = 0, Miss = 0, Miss_rate = -nan, Pending_hits = 0, Reservation_fails = 0
	L1D_cache_core[112]: Access = 0, Miss = 0, Miss_rate = -nan, Pending_hits = 0, Reservation_fails = 0
	L1D_cache_core[113]: Access = 0, Miss = 0, Miss_rate = -nan, Pending_hits = 0, Reservation_fails = 0
	L1D_total_cache_accesses = 32
	L1D_total_cache_misses = 16
	L1D_total_cache_miss_rate = 0.5000
	L1D_total_cache_pending_hits = 0
	L1D_total_cache_reservation_fails = 0
	L1D_cache_data_port_util = 0.003
	L1D_cache_fill_port_util = 0.003
L1C_cache:
	L1C_total_cache_accesses = 0
	L1C_total_cache_misses = 0
	L1C_total_cache_pending_hits = 0
	L1C_total_cache_reservation_fails = 0
L1T_cache:
	L1T_total_cache_accesses = 0
	L1T_total_cache_misses = 0
	L1T_total_cache_pending_hits = 0
	L1T_total_cache_reservation_fails = 0

Total_core_cache_stats:
	Total_core_cache_stats_breakdown[GLOBAL_ACC_R][HIT] = 0
	Total_core_cache_stats_breakdown[GLOBAL_ACC_R][HIT_RESERVED] = 0
	Total_core_cache_stats_breakdown[GLOBAL_ACC_R][MISS] = 4
	Total_core_cache_stats_breakdown[GLOBAL_ACC_R][RESERVATION_FAIL] = 0
	Total_core_cache_stats_breakdown[GLOBAL_ACC_R][SECTOR_MISS] = 12
	Total_core_cache_stats_breakdown[GLOBAL_ACC_R][MSHR_HIT] = 0
	Total_core_cache_stats_breakdown[GLOBAL_ACC_R][WRITE_ALLOCATED] = 0
	Total_core_cache_stats_breakdown[CHIPLET_ACC_R][HIT] = 0
	Total_core_cache_stats_breakdown[CHIPLET_ACC_R][HIT_RESERVED] = 0
	Total_core_cache_stats_breakdown[CHIPLET_ACC_R][MISS] = 0
	Total_core_cache_stats_breakdown[CHIPLET_ACC_R][RESERVATION_FAIL] = 0
	Total_core_cache_stats_breakdown[CHIPLET_ACC_R][SECTOR_MISS] = 0
	Total_core_cache_stats_breakdown[CHIPLET_ACC_R][MSHR_HIT] = 0
	Total_core_cache_stats_breakdown[CHIPLET_ACC_R][WRITE_ALLOCATED] = 0
	Total_core_cache_stats_breakdown[LOCAL_ACC_R][HIT] = 0
	Total_core_cache_stats_breakdown[LOCAL_ACC_R][HIT_RESERVED] = 0
	Total_core_cache_stats_breakdown[LOCAL_ACC_R][MISS] = 0
	Total_core_cache_stats_breakdown[LOCAL_ACC_R][RESERVATION_FAIL] = 0
	Total_core_cache_stats_breakdown[LOCAL_ACC_R][SECTOR_MISS] = 0
	Total_core_cache_stats_breakdown[LOCAL_ACC_R][MSHR_HIT] = 0
	Total_core_cache_stats_breakdown[LOCAL_ACC_R][WRITE_ALLOCATED] = 0
	Total_core_cache_stats_breakdown[CONST_ACC_R][HIT] = 0
	Total_core_cache_stats_breakdown[CONST_ACC_R][HIT_RESERVED] = 0
	Total_core_cache_stats_breakdown[CONST_ACC_R][MISS] = 0
	Total_core_cache_stats_breakdown[CONST_ACC_R][RESERVATION_FAIL] = 0
	Total_core_cache_stats_breakdown[CONST_ACC_R][SECTOR_MISS] = 0
	Total_core_cache_stats_breakdown[CONST_ACC_R][MSHR_HIT] = 0
	Total_core_cache_stats_breakdown[CONST_ACC_R][WRITE_ALLOCATED] = 0
	Total_core_cache_stats_breakdown[TEXTURE_ACC_R][HIT] = 0
	Total_core_cache_stats_breakdown[TEXTURE_ACC_R][HIT_RESERVED] = 0
	Total_core_cache_stats_breakdown[TEXTURE_ACC_R][MISS] = 0
	Total_core_cache_stats_breakdown[TEXTURE_ACC_R][RESERVATION_FAIL] = 0
	Total_core_cache_stats_breakdown[TEXTURE_ACC_R][SECTOR_MISS] = 0
	Total_core_cache_stats_breakdown[TEXTURE_ACC_R][MSHR_HIT] = 0
	Total_core_cache_stats_breakdown[TEXTURE_ACC_R][WRITE_ALLOCATED] = 0
	Total_core_cache_stats_breakdown[GLOBAL_ACC_W][HIT] = 16
	Total_core_cache_stats_breakdown[GLOBAL_ACC_W][HIT_RESERVED] = 0
	Total_core_cache_stats_breakdown[GLOBAL_ACC_W][MISS] = 0
	Total_core_cache_stats_breakdown[GLOBAL_ACC_W][RESERVATION_FAIL] = 0
	Total_core_cache_stats_breakdown[GLOBAL_ACC_W][SECTOR_MISS] = 0
	Total_core_cache_stats_breakdown[GLOBAL_ACC_W][MSHR_HIT] = 0
	Total_core_cache_stats_breakdown[GLOBAL_ACC_W][WRITE_ALLOCATED] = 0
	Total_core_cache_stats_breakdown[CHIPLET_ACC_W][HIT] = 0
	Total_core_cache_stats_breakdown[CHIPLET_ACC_W][HIT_RESERVED] = 0
	Total_core_cache_stats_breakdown[CHIPLET_ACC_W][MISS] = 0
	Total_core_cache_stats_breakdown[CHIPLET_ACC_W][RESERVATION_FAIL] = 0
	Total_core_cache_stats_breakdown[CHIPLET_ACC_W][SECTOR_MISS] = 0
	Total_core_cache_stats_breakdown[CHIPLET_ACC_W][MSHR_HIT] = 0
	Total_core_cache_stats_breakdown[CHIPLET_ACC_W][WRITE_ALLOCATED] = 0
	Total_core_cache_stats_breakdown[LOCAL_ACC_W][HIT] = 0
	Total_core_cache_stats_breakdown[LOCAL_ACC_W][HIT_RESERVED] = 0
	Total_core_cache_stats_breakdown[LOCAL_ACC_W][MISS] = 0
	Total_core_cache_stats_breakdown[LOCAL_ACC_W][RESERVATION_FAIL] = 0
	Total_core_cache_stats_breakdown[LOCAL_ACC_W][SECTOR_MISS] = 0
	Total_core_cache_stats_breakdown[LOCAL_ACC_W][MSHR_HIT] = 0
	Total_core_cache_stats_breakdown[LOCAL_ACC_W][WRITE_ALLOCATED] = 0
	Total_core_cache_stats_breakdown[L1_WRBK_ACC][HIT] = 0
	Total_core_cache_stats_breakdown[L1_WRBK_ACC][HIT_RESERVED] = 0
	Total_core_cache_stats_breakdown[L1_WRBK_ACC][MISS] = 0
	Total_core_cache_stats_breakdown[L1_WRBK_ACC][RESERVATION_FAIL] = 0
	Total_core_cache_stats_breakdown[L1_WRBK_ACC][SECTOR_MISS] = 0
	Total_core_cache_stats_breakdown[L1_WRBK_ACC][MSHR_HIT] = 0
	Total_core_cache_stats_breakdown[L1_WRBK_ACC][WRITE_ALLOCATED] = 0
	Total_core_cache_stats_breakdown[L2_WRBK_ACC][HIT] = 0
	Total_core_cache_stats_breakdown[L2_WRBK_ACC][HIT_RESERVED] = 0
	Total_core_cache_stats_breakdown[L2_WRBK_ACC][MISS] = 0
	Total_core_cache_stats_breakdown[L2_WRBK_ACC][RESERVATION_FAIL] = 0
	Total_core_cache_stats_breakdown[L2_WRBK_ACC][SECTOR_MISS] = 0
	Total_core_cache_stats_breakdown[L2_WRBK_ACC][MSHR_HIT] = 0
	Total_core_cache_stats_breakdown[L2_WRBK_ACC][WRITE_ALLOCATED] = 0
	Total_core_cache_stats_breakdown[INST_ACC_R][HIT] = 0
	Total_core_cache_stats_breakdown[INST_ACC_R][HIT_RESERVED] = 0
	Total_core_cache_stats_breakdown[INST_ACC_R][MISS] = 0
	Total_core_cache_stats_breakdown[INST_ACC_R][RESERVATION_FAIL] = 0
	Total_core_cache_stats_breakdown[INST_ACC_R][SECTOR_MISS] = 0
	Total_core_cache_stats_breakdown[INST_ACC_R][MSHR_HIT] = 0
	Total_core_cache_stats_breakdown[INST_ACC_R][WRITE_ALLOCATED] = 0
	Total_core_cache_stats_breakdown[L1_WR_ALLOC_R][HIT] = 0
	Total_core_cache_stats_breakdown[L1_WR_ALLOC_R][HIT_RESERVED] = 0
	Total_core_cache_stats_breakdown[L1_WR_ALLOC_R][MISS] = 0
	Total_core_cache_stats_breakdown[L1_WR_ALLOC_R][RESERVATION_FAIL] = 0
	Total_core_cache_stats_breakdown[L1_WR_ALLOC_R][SECTOR_MISS] = 0
	Total_core_cache_stats_breakdown[L1_WR_ALLOC_R][MSHR_HIT] = 0
	Total_core_cache_stats_breakdown[L1_WR_ALLOC_R][WRITE_ALLOCATED] = 0
	Total_core_cache_stats_breakdown[L2_WR_ALLOC_R][HIT] = 0
	Total_core_cache_stats_breakdown[L2_WR_ALLOC_R][HIT_RESERVED] = 0
	Total_core_cache_stats_breakdown[L2_WR_ALLOC_R][MISS] = 0
	Total_core_cache_stats_breakdown[L2_WR_ALLOC_R][RESERVATION_FAIL] = 0
	Total_core_cache_stats_breakdown[L2_WR_ALLOC_R][SECTOR_MISS] = 0
	Total_core_cache_stats_breakdown[L2_WR_ALLOC_R][MSHR_HIT] = 0
	Total_core_cache_stats_breakdown[L2_WR_ALLOC_R][WRITE_ALLOCATED] = 0
	Total_core_cache_stats_breakdown[GLOBAL_ACC_R][TOTAL_ACCESS] = 16
	Total_core_cache_stats_breakdown[GLOBAL_ACC_W][TOTAL_ACCESS] = 16

Total_core_cache_fail_stats:
ctas_completed 1, Shader 0 warp_id issue ditsribution:
warp_id:
0, 1, 2, 3, 
distro:
932, 911, 896, 896, 
MBARRIER_TRYWAIT,0,0,4181,4381,4581,4781,4981,5181
MBARRIER_TRYWAIT,0,1,3996,4196,4396,4596,4796,4996,5196
MBARRIER_TRYWAIT,0,2,3992,4192,4392,4592,4792,4992,5192
MBARRIER_TRYWAIT,0,3,3993,4193,4393,4593,4793,4993,5193
gpgpu_n_tot_thrd_icount = 110854
gpgpu_n_tot_w_icount = 3635
gpgpu_n_stall_shd_mem = 385
gpgpu_n_mem_read_local = 0
gpgpu_n_mem_write_local = 0
gpgpu_n_mem_read_global = 532
gpgpu_n_mem_write_global = 536
gpgpu_n_mem_texture = 0
gpgpu_n_mem_const = 0
gpgpu_n_load_insn  = 133
gpgpu_n_store_insn = 129
gpgpu_n_shmem_insn = 8513
gpgpu_n_sstarr_insn = 0
gpgpu_n_tex_insn = 0
gpgpu_n_const_mem_insn = 0
gpgpu_n_param_mem_insn = 0
gpgpu_n_shmem_bkconflict = 0
gpgpu_n_l1cache_bkconflict = 0
gpgpu_n_intrawarp_mshr_merge = 0
gpgpu_n_cmem_portconflict = 0
gpgpu_stall_shd_mem[c_mem][resource_stall] = 0
gpgpu_stall_shd_mem[s_mem][bk_conf] = 0
gpgpu_stall_shd_mem[gl_mem][resource_stall] = 0
gpgpu_stall_shd_mem[gl_mem][coal_stall] = 129
gpgpu_stall_shd_mem[gl_mem][data_port_stall] = 0
gpu_reg_bank_conflict_stalls = 0
Warp Occupancy Distribution:
Stall:700	W0_Idle:8810	W0_Scoreboard:10595	W1:48	W2:0	W3:0	W4:0	W5:0	W6:0	W7:0	W8:0	W9:0	W10:0	W11:0	W12:0	W13:0	W14:0	W15:0	W16:0	W17:0	W18:0	W19:0	W20:0	W21:0	W22:0	W23:0	W24:0	W25:0	W26:0	W27:0	W28:0	W29:0	W30:0	W31:10	W32:3453
single_issue_nums: WS0:932	WS1:911	WS2:896	WS3:896	
dual_issue_nums: WS0:0	WS1:0	WS2:0	WS3:0	
traffic_breakdown_coretomem[GLOBAL_ACC_R] = 4224 {8:528,}
traffic_breakdown_coretomem[GLOBAL_ACC_W] = 21440 {40:536,}
traffic_breakdown_coretomem[GLOBAL_ATOMIC] = 160 {40:4,}
traffic_breakdown_memtocore[CHIPLET_ACC_R] = 10240 {40:256,}
traffic_breakdown_memtocore[GLOBAL_ACC_R] = 10880 {40:272,}
traffic_breakdown_memtocore[GLOBAL_ACC_W] = 4288 {8:536,}
traffic_breakdown_memtocore[GLOBAL_ATOMIC] = 160 {40:4,}
maxmflatency = 864 
max_icnt2mem_latency = 131 
maxmrqlatency = 0 
max_icnt2sh_latency = 5 
averagemflatency = 532 
avg_icnt2mem_latency = 100 
avg_icnt2sh_latency = 3 
mrq_lat_table:0 	0 	0 	0 	0 	0 	0 	0 	0 	0 	0 	0 	0 	0 	0 	0 	0 	0 	0 	0 	0 	0 	0 	0 	0 	0 	0 	0 	0 	0 	0 	0 	
dq_lat_table:0 	0 	0 	0 	0 	0 	0 	0 	0 	0 	0 	0 	0 	0 	0 	0 	0 	0 	0 	0 	0 	0 	0 	0 	0 	0 	0 	0 	0 	0 	0 	0 	
mf_lat_table:0 	0 	0 	0 	0 	0 	0 	44 	492 	532 	0 	0 	0 	0 	0 	0 	0 	0 	0 	0 	0 	0 	0 	0 	0 	0 	0 	0 	0 	0 	0 	0 	
icnt2mem_lat_table:0 	5 	15 	32 	64 	160 	256 	536 	0 	0 	0 	0 	0 	0 	0 	0 	0 	0 	0 	0 	0 	0 	0 	0 	
icnt2sh_lat_table:0 	808 	260 	0 	0 	0 	0 	0 	0 	0 	0 	0 	0 	0 	0 	0 	0 	0 	0 	0 	0 	0 	0 	0 	
mf_lat_pw_table:0 	0 	0 	0 	0 	0 	0 	0 	1 	3 	0 	0 	0 	0 	0 	0 	0 	0 	0 	0 	0 	0 	0 	0 	0 	0 	0 	0 	0 	0 	0 	0 	
maximum concurrent accesses to same row:
dram[0]:         0         0         0         0         0         0         0         0         0         0         0         0         0         0         0         0 
dram[1]:         0         0         0         0         0         0         0         0         0         0         0         0         0         0         0         0 
dram[2]:         0         0         0         0         0         0         0         0         0         0         0         0         0         0         0         0 
dram[3]:         0         0         0         0         0         0         0         0         0         0         0         0         0         0         0         0 
dram[4]:         0         0         0         0         0         0         0         0         0         0         0         0         0         0         0         0 
dram[5]:         0         0         0         0         0         0         0         0         0         0         0         0         0         0         0         0 
dram[6]:         0         0         0         0         0         0         0         0         0         0         0         0         0         0         0         0 
dram[7]:         0         0         0         0         0         0         0         0         0         0         0         0         0         0         0         0 
dram[8]:         0         0         0         0         0         0         0         0         0         0         0         0         0         0         0         0 
dram[9]:         0         0         0         0         0         0         0         0         0         0         0         0         0         0         0         0 
dram[10]:         0         0         0         0         0         0         0         0         0         0         0         0         0         0         0         0 
dram[11]:         0         0         0         0         0         0         0         0         0         0         0         0         0         0         0         0 
dram[12]:         0         0         0         0         0         0         0         0         0         0         0         0         0         0         0         0 
dram[13]:         0         0         0         0         0         0         0         0         0         0         0         0         0         0         0         0 
dram[14]:         0         0         0         0         0         0         0         0         0         0         0         0         0         0         0         0 
dram[15]:         0         0         0         0         0         0         0         0         0         0         0         0         0         0         0         0 
dram[16]:         0         0         0         0         0         0         0         0         0         0         0         0         0         0         0         0 
dram[17]:         0         0         0         0         0         0         0         0         0         0         0         0         0         0         0         0 
dram[18]:         0         0         0         0         0         0         0         0         0         0         0         0         0         0         0         0 
dram[19]:         0         0         0         0         0         0         0         0         0         0         0         0         0         0         0         0 
dram[20]:         0         0         0         0         0         0         0         0         0         0         0         0         0         0         0         0 
dram[21]:         0         0         0         0         0         0         0         0         0         0         0         0         0         0         0         0 
dram[22]:         0         0         0         0         0         0         0         0         0         0         0         0         0         0         0         0 
dram[23]:         0         0         0         0         0         0         0         0         0         0         0         0         0         0         0         0 
dram[24]:         0         0         0         0         0         0         0         0         0         0         0         0         0         0         0         0 
dram[25]:         0         0         0         0         0         0         0         0         0         0         0         0         0         0         0         0 
dram[26]:         0         0         0         0         0         0         0         0         0         0         0         0         0         0         0         0 
dram[27]:         0         0         0         0         0         0         0         0         0         0         0         0         0         0         0         0 
dram[28]:         0         0         0         0         0         0         0         0         0         0         0         0         0         0         0         0 
dram[29]:         0         0         0         0         0         0         0         0         0         0         0         0         0         0         0         0 
dram[30]:         0         0         0         0         0         0         0         0         0         0         0         0         0         0         0         0 
dram[31]:         0         0         0         0         0         0         0         0         0         0         0         0         0         0         0         0 
dram[32]:         0         0         0         0         0         0         0         0         0         0         0         0         0         0         0         0 
dram[33]:         0         0         0         0         0         0         0         0         0         0         0         0         0         0         0         0 
dram[34]:         0         0         0         0         0         0         0         0         0         0         0         0         0         0         0         0 
dram[35]:         0         0         0         0         0         0         0         0         0         0         0         0         0         0         0         0 
dram[36]:         0         0         0         0         0         0         0         0         0         0         0         0         0         0         0         0 
dram[37]:         0         0         0         0         0         0         0         0         0         0         0         0         0         0         0         0 
dram[38]:         0         0         0         0         0         0         0         0         0         0         0         0         0         0         0         0 
dram[39]:         0         0         0         0         0         0         0         0         0         0         0         0         0         0         0         0 
maximum service time to same row:
dram[0]:         0         0         0         0         0         0         0         0         0         0         0         0         0         0         0         0 
dram[1]:         0         0         0         0         0         0         0         0         0         0         0         0         0         0         0         0 
dram[2]:         0         0         0         0         0         0         0         0         0         0         0         0         0         0         0         0 
dram[3]:         0         0         0         0         0         0         0         0         0         0         0         0         0         0         0         0 
dram[4]:         0         0         0         0         0         0         0         0         0         0         0         0         0         0         0         0 
dram[5]:         0         0         0         0         0         0         0         0         0         0         0         0         0         0         0         0 
dram[6]:         0         0         0         0         0         0         0         0         0         0         0         0         0         0         0         0 
dram[7]:         0         0         0         0         0         0         0         0         0         0         0         0         0         0         0         0 
dram[8]:         0         0         0         0         0         0         0         0         0         0         0         0         0         0         0         0 
dram[9]:         0         0         0         0         0         0         0         0         0         0         0         0         0         0         0         0 
dram[10]:         0         0         0         0         0         0         0         0         0         0         0         0         0         0         0         0 
dram[11]:         0         0         0         0         0         0         0         0         0         0         0         0         0         0         0         0 
dram[12]:         0         0         0         0         0         0         0         0         0         0         0         0         0         0         0         0 
dram[13]:         0         0         0         0         0         0         0         0         0         0         0         0         0         0         0         0 
dram[14]:         0         0         0         0         0         0         0         0         0         0         0         0         0         0         0         0 
dram[15]:         0         0         0         0         0         0         0         0         0         0         0         0         0         0         0         0 
dram[16]:         0         0         0         0         0         0         0         0         0         0         0         0         0         0         0         0 
dram[17]:         0         0         0         0         0         0         0         0         0         0         0         0         0         0         0         0 
dram[18]:         0         0         0         0         0         0         0         0         0         0         0         0         0         0         0         0 
dram[19]:         0         0         0         0         0         0         0         0         0         0         0         0         0         0         0         0 
dram[20]:         0         0         0         0         0         0         0         0         0         0         0         0         0         0         0         0 
dram[21]:         0         0         0         0         0         0         0         0         0         0         0         0         0         0         0         0 
dram[22]:         0         0         0         0         0         0         0         0         0         0         0         0         0         0         0         0 
dram[23]:         0         0         0         0         0         0         0         0         0         0         0         0         0         0         0         0 
dram[24]:         0         0         0         0         0         0         0         0         0         0         0         0         0         0         0         0 
dram[25]:         0         0         0         0         0         0         0         0         0         0         0         0         0         0         0         0 
dram[26]:         0         0         0         0         0         0         0         0         0         0         0         0         0         0         0         0 
dram[27]:         0         0         0         0         0         0         0         0         0         0         0         0         0         0         0         0 
dram[28]:         0         0         0         0         0         0         0         0         0         0         0         0         0         0         0         0 
dram[29]:         0         0         0         0         0         0         0         0         0         0         0         0         0         0         0         0 
dram[30]:         0         0         0         0         0         0         0         0         0         0         0         0         0         0         0         0 
dram[31]:         0         0         0         0         0         0         0         0         0         0         0         0         0         0         0         0 
dram[32]:         0         0         0         0         0         0         0         0         0         0         0         0         0         0         0         0 
dram[33]:         0         0         0         0         0         0         0         0         0         0         0         0         0         0         0         0 
dram[34]:         0         0         0         0         0         0         0         0         0         0         0         0         0         0         0         0 
dram[35]:         0         0         0         0         0         0         0         0         0         0         0         0         0         0         0         0 
dram[36]:         0         0         0         0         0         0         0         0         0         0         0         0         0         0         0         0 
dram[37]:         0         0         0         0         0         0         0         0         0         0         0         0         0         0         0         0 
dram[38]:         0         0         0         0         0         0         0         0         0         0         0         0         0         0         0         0 
dram[39]:         0         0         0         0         0         0         0         0         0         0         0         0         0         0         0         0 
average row accesses per activate:
dram[0]:      -nan      -nan      -nan      -nan      -nan      -nan      -nan      -nan      -nan      -nan      -nan      -nan      -nan      -nan      -nan      -nan 
dram[1]:      -nan      -nan      -nan      -nan      -nan      -nan      -nan      -nan      -nan      -nan      -nan      -nan      -nan      -nan      -nan      -nan 
dram[2]:      -nan      -nan      -nan      -nan      -nan      -nan      -nan      -nan      -nan      -nan      -nan      -nan      -nan      -nan      -nan      -nan 
dram[3]:      -nan      -nan      -nan      -nan      -nan      -nan      -nan      -nan      -nan      -nan      -nan      -nan      -nan      -nan      -nan      -nan 
dram[4]:      -nan      -nan      -nan      -nan      -nan      -nan      -nan      -nan      -nan      -nan      -nan      -nan      -nan      -nan      -nan      -nan 
dram[5]:      -nan      -nan      -nan      -nan      -nan      -nan      -nan      -nan      -nan      -nan      -nan      -nan      -nan      -nan      -nan      -nan 
dram[6]:      -nan      -nan      -nan      -nan      -nan      -nan      -nan      -nan      -nan      -nan      -nan      -nan      -nan      -nan      -nan      -nan 
dram[7]:      -nan      -nan      -nan      -nan      -nan      -nan      -nan      -nan      -nan      -nan      -nan      -nan      -nan      -nan      -nan      -nan 
dram[8]:      -nan      -nan      -nan      -nan      -nan      -nan      -nan      -nan      -nan      -nan      -nan      -nan      -nan      -nan      -nan      -nan 
dram[9]:      -nan      -nan      -nan      -nan      -nan      -nan      -nan      -nan      -nan      -nan      -nan      -nan      -nan      -nan      -nan      -nan 
dram[10]:      -nan      -nan      -nan      -nan      -nan      -nan      -nan      -nan      -nan      -nan      -nan      -nan      -nan      -nan      -nan      -nan 
dram[11]:      -nan      -nan      -nan      -nan      -nan      -nan      -nan      -nan      -nan      -nan      -nan      -nan      -nan      -nan      -nan      -nan 
dram[12]:      -nan      -nan      -nan      -nan      -nan      -nan      -nan      -nan      -nan      -nan      -nan      -nan      -nan      -nan      -nan      -nan 
dram[13]:      -nan      -nan      -nan      -nan      -nan      -nan      -nan      -nan      -nan      -nan      -nan      -nan      -nan      -nan      -nan      -nan 
dram[14]:      -nan      -nan      -nan      -nan      -nan      -nan      -nan      -nan      -nan      -nan      -nan      -nan      -nan      -nan      -nan      -nan 
dram[15]:      -nan      -nan      -nan      -nan      -nan      -nan      -nan      -nan      -nan      -nan      -nan      -nan      -nan      -nan      -nan      -nan 
dram[16]:      -nan      -nan      -nan      -nan      -nan      -nan      -nan      -nan      -nan      -nan      -nan      -nan      -nan      -nan      -nan      -nan 
dram[17]:      -nan      -nan      -nan      -nan      -nan      -nan      -nan      -nan      -nan      -nan      -nan      -nan      -nan      -nan      -nan      -nan 
dram[18]:      -nan      -nan      -nan      -nan      -nan      -nan      -nan      -nan      -nan      -nan      -nan      -nan      -nan      -nan      -nan      -nan 
dram[19]:      -nan      -nan      -nan      -nan      -nan      -nan      -nan      -nan      -nan      -nan      -nan      -nan      -nan      -nan      -nan      -nan 
dram[20]:      -nan      -nan      -nan      -nan      -nan      -nan      -nan      -nan      -nan      -nan      -nan      -nan      -nan      -nan      -nan      -nan 
dram[21]:      -nan      -nan      -nan      -nan      -nan      -nan      -nan      -nan      -nan      -nan      -nan      -nan      -nan      -nan      -nan      -nan 
dram[22]:      -nan      -nan      -nan      -nan      -nan      -nan      -nan      -nan      -nan      -nan      -nan      -nan      -nan      -nan      -nan      -nan 
dram[23]:      -nan      -nan      -nan      -nan      -nan      -nan      -nan      -nan      -nan      -nan      -nan      -nan      -nan      -nan      -nan      -nan 
dram[24]:      -nan      -nan      -nan      -nan      -nan      -nan      -nan      -nan      -nan      -nan      -nan      -nan      -nan      -nan      -nan      -nan 
dram[25]:      -nan      -nan      -nan      -nan      -nan      -nan      -nan      -nan      -nan      -nan      -nan      -nan      -nan      -nan      -nan      -nan 
dram[26]:      -nan      -nan      -nan      -nan      -nan      -nan      -nan      -nan      -nan      -nan      -nan      -nan      -nan      -nan      -nan      -nan 
dram[27]:      -nan      -nan      -nan      -nan      -nan      -nan      -nan      -nan      -nan      -nan      -nan      -nan      -nan      -nan      -nan      -nan 
dram[28]:      -nan      -nan      -nan      -nan      -nan      -nan      -nan      -nan      -nan      -nan      -nan      -nan      -nan      -nan      -nan      -nan 
dram[29]:      -nan      -nan      -nan      -nan      -nan      -nan      -nan      -nan      -nan      -nan      -nan      -nan      -nan      -nan      -nan      -nan 
dram[30]:      -nan      -nan      -nan      -nan      -nan      -nan      -nan      -nan      -nan      -nan      -nan      -nan      -nan      -nan      -nan      -nan 
dram[31]:      -nan      -nan      -nan      -nan      -nan      -nan      -nan      -nan      -nan      -nan      -nan      -nan      -nan      -nan      -nan      -nan 
dram[32]:      -nan      -nan      -nan      -nan      -nan      -nan      -nan      -nan      -nan      -nan      -nan      -nan      -nan      -nan      -nan      -nan 
dram[33]:      -nan      -nan      -nan      -nan      -nan      -nan      -nan      -nan      -nan      -nan      -nan      -nan      -nan      -nan      -nan      -nan 
dram[34]:      -nan      -nan      -nan      -nan      -nan      -nan      -nan      -nan      -nan      -nan      -nan      -nan      -nan      -nan      -nan      -nan 
dram[35]:      -nan      -nan      -nan      -nan      -nan      -nan      -nan      -nan      -nan      -nan      -nan      -nan      -nan      -nan      -nan      -nan 
dram[36]:      -nan      -nan      -nan      -nan      -nan      -nan      -nan      -nan      -nan      -nan      -nan      -nan      -nan      -nan      -nan      -nan 
dram[37]:      -nan      -nan      -nan      -nan      -nan      -nan      -nan      -nan      -nan      -nan      -nan      -nan      -nan      -nan      -nan      -nan 
dram[38]:      -nan      -nan      -nan      -nan      -nan      -nan      -nan      -nan      -nan      -nan      -nan      -nan      -nan      -nan      -nan      -nan 
dram[39]:      -nan      -nan      -nan      -nan      -nan      -nan      -nan      -nan      -nan      -nan      -nan      -nan      -nan      -nan      -nan      -nan 
average row locality = 0/0 = -nan
number of total memory accesses made:
dram[0]:         0         0         0         0         0         0         0         0         0         0         0         0         0         0         0         0 
dram[1]:         0         0         0         0         0         0         0         0         0         0         0         0         0         0         0         0 
dram[2]:         0         0         0         0         0         0         0         0         0         0         0         0         0         0         0         0 
dram[3]:         0         0         0         0         0         0         0         0         0         0         0         0         0         0         0         0 
dram[4]:         0         0         0         0         0         0         0         0         0         0         0         0         0         0         0         0 
dram[5]:         0         0         0         0         0         0         0         0         0         0         0         0         0         0         0         0 
dram[6]:         0         0         0         0         0         0         0         0         0         0         0         0         0         0         0         0 
dram[7]:         0         0         0         0         0         0         0         0         0         0         0         0         0         0         0         0 
dram[8]:         0         0         0         0         0         0         0         0         0         0         0         0         0         0         0         0 
dram[9]:         0         0         0         0         0         0         0         0         0         0         0         0         0         0         0         0 
dram[10]:         0         0         0         0         0         0         0         0         0         0         0         0         0         0         0         0 
dram[11]:         0         0         0         0         0         0         0         0         0         0         0         0         0         0         0         0 
dram[12]:         0         0         0         0         0         0         0         0         0         0         0         0         0         0         0         0 
dram[13]:         0         0         0         0         0         0         0         0         0         0         0         0         0         0         0         0 
dram[14]:         0         0         0         0         0         0         0         0         0         0         0         0         0         0         0         0 
dram[15]:         0         0         0         0         0         0         0         0         0         0         0         0         0         0         0         0 
dram[16]:         0         0         0         0         0         0         0         0         0         0         0         0         0         0         0         0 
dram[17]:         0         0         0         0         0         0         0         0         0         0         0         0         0         0         0         0 
dram[18]:         0         0         0         0         0         0         0         0         0         0         0         0         0         0         0         0 
dram[19]:         0         0         0         0         0         0         0         0         0         0         0         0         0         0         0         0 
dram[20]:         0         0         0         0         0         0         0         0         0         0         0         0         0         0         0         0 
dram[21]:         0         0         0         0         0         0         0         0         0         0         0         0         0         0         0         0 
dram[22]:         0         0         0         0         0         0         0         0         0         0         0         0         0         0         0         0 
dram[23]:         0         0         0         0         0         0         0         0         0         0         0         0         0         0         0         0 
dram[24]:         0         0         0         0         0         0         0         0         0         0         0         0         0         0         0         0 
dram[25]:         0         0         0         0         0         0         0         0         0         0         0         0         0         0         0         0 
dram[26]:         0         0         0         0         0         0         0         0         0         0         0         0         0         0         0         0 
dram[27]:         0         0         0         0         0         0         0         0         0         0         0         0         0         0         0         0 
dram[28]:         0         0         0         0         0         0         0         0         0         0         0         0         0         0         0         0 
dram[29]:         0         0         0         0         0         0         0         0         0         0         0         0         0         0         0         0 
dram[30]:         0         0         0         0         0         0         0         0         0         0         0         0         0         0         0         0 
dram[31]:         0         0         0         0         0         0         0         0         0         0         0         0         0         0         0         0 
dram[32]:         0         0         0         0         0         0         0         0         0         0         0         0         0         0         0         0 
dram[33]:         0         0         0         0         0         0         0         0         0         0         0         0         0         0         0         0 
dram[34]:         0         0         0         0         0         0         0         0         0         0         0         0         0         0         0         0 
dram[35]:         0         0         0         0         0         0         0         0         0         0         0         0         0         0         0         0 
dram[36]:         0         0         0         0         0         0         0         0         0         0         0         0         0         0         0         0 
dram[37]:         0         0         0         0         0         0         0         0         0         0         0         0         0         0         0         0 
dram[38]:         0         0         0         0         0         0         0         0         0         0         0         0         0         0         0         0 
dram[39]:         0         0         0         0         0         0         0         0         0         0         0         0         0         0         0         0 
total accesses: 0
min_bank_accesses = 0!
min_chip_accesses = 0!
number of total read accesses:
dram[0]:         0         0         4         8         0         0         0         0         0         0         0         0         0         0         0         0 
dram[1]:         0         0         4         4         0         0         0         0         0         0         0         0         0         0         0         0 
dram[2]:         0         0         8         4         0         0         0         0         0         0         0         0         0         0         0         0 
dram[3]:         0         0         8         8         0         0         0         0         0         0         0         0         1         0         0         0 
dram[4]:         0         0         8         8         0         0         0         0         0         0         0         0         0         0         0         0 
dram[5]:         0         0         8         8         0         0         0         0         0         0         0         0         0         0         0         0 
dram[6]:         0         0         8         8         0         0         0         0         0         0         0         0         0         0         0         0 
dram[7]:         0         0         8         8         0         0         0         0         0         0         0         0         0         0         0         0 
dram[8]:         0         0         8         8         0         0         0         0         0         0         0         0         0         0         0         0 
dram[9]:         0         0         8         8         0         0         0         0         0         0         0         0         0         0         0         0 
dram[10]:         0         0         4         4         0         0         0         0         0         0         0         0         0         0         0         0 
dram[11]:         0         0         4         4         0         0         0         0         0         0         0         0         0         0         0         0 
dram[12]:         0         0         4         4         0         0         0         0         0         0         0         0         0         0         0         0 
dram[13]:         0         0         4         4         0         0         0         0         0         0         0         0         0         0         0         0 
dram[14]:         0         0         4         4         0         0         0         0         0         0         0         0         0         0         0         0 
dram[15]:         0         0         4         4         0         0         0         0         0         0         0         0         4         4         0         0 
dram[16]:         0         0         8         8         0         0         0         0         0         0         0         0         4         4         0         0 
dram[17]:         0         0         8         8         0         0         0         0         0         0         0         0         0         0         0         0 
dram[18]:         0         0         8         8         0         0         0         0         0         0         0         0         0         0         0         0 
dram[19]:         0         0         8         8         0         0         0         0         0         0         0         0         0         0         0         0 
dram[20]:         0         0         8         8         0         0         0         0         0         0         0         0         0         0         0         0 
dram[21]:         0         0         8         8         0         0         0         0         0         0         0         0         0         0         0         0 
dram[22]:         0         0         8         8         0         0         0         0         0         0         0         0         0         0         0         0 
dram[23]:         0         0         8         8         0         0         0         0         0         0         0         0         0         0         0         0 
dram[24]:         0         0         8         8         0         0         0         0         0         0         0         0         0         0         0         0 
dram[25]:         0         0         8         8         0         0         0         0         0         0         0         0         0         0         0         0 
dram[26]:         0         0         8         8         0         0         0         0         0         0         0         0         0         0         0         0 
dram[27]:         0         0         8         8         0         0         0         0         0         0         0         0         0         0         0         0 
dram[28]:         0         0         8         8         0         0         0         0         0         0         0         0         0         0         0         0 
dram[29]:         0         0         8         8         0         0         0         0         0         0         0         0         0         0         0         0 
dram[30]:         0         0         4         4         0         0         0         0         0         0         0         0         0         0         0         0 
dram[31]:         0         0         8         4         0         0         0         0         0         0         0         0         0         0         0         0 
dram[32]:         0         0         4         8         0         0         0         0         0         0         0         0         0         0         0         0 
dram[33]:         0         0         4         4         0         0         0         0         0         0         0         0         0         0         0         0 
dram[34]:         0         0         4         4         0         0         0         0         0         0         0         0         0         0         0         0 
dram[35]:         0         0         8         8         0         0         0         0         0         0         0         0         0         0         0         0 
dram[36]:         0         0         4         4         0         0         0         0         0         0         0         0         0         0         0         0 
dram[37]:         0         0         4         4         0         0         0         0         0         0         0         0         0         0         0         0 
dram[38]:         0         0         4         4         0         0         0         0         0         0         0         0         0         0         0         0 
dram[39]:         0         0         4         4         0         0         0         0         0         0         0         0         0         0         0         0 
total dram reads = 529
min_bank_accesses = 0!
chip skew: 24/8 = 3.00
number of total write accesses:
dram[0]:         0         0         0         0         0         0         0         0         0         0         0         0         0         0         0         0 
dram[1]:         0         0         0         0         0         0         0         0         0         0         0         0         0         0         0         0 
dram[2]:         0         0         0         0         0         0         0         0         0         0         0         0         0         0         0         0 
dram[3]:         0         0         0         0         0         0         0         0         0         0         0         0         0         0         0         0 
dram[4]:         0         0         0         0         0         0         0         0         0         0         0         0         0         0         0         0 
dram[5]:         0         0         0         0         0         0         0         0         0         0         0         0         0         0         0         0 
dram[6]:         0         0         0         0         0         0         0         0         0         0         0         0         0         0         0         0 
dram[7]:         0         0         0         0         0         0         0         0         0         0         0         0         0         0         0         0 
dram[8]:         0         0         0         0         0         0         0         0         0         0         0         0         0         0         0         0 
dram[9]:         0         0         0         0         0         0         0         0         0         0         0         0         0         0         0         0 
dram[10]:         0         0         0         0         0         0         0         0         0         0         0         0         0         0         0         0 
dram[11]:         0         0         0         0         0         0         0         0         0         0         0         0         0         0         0         0 
dram[12]:         0         0         0         0         0         0         0         0         0         0         0         0         0         0         0         0 
dram[13]:         0         0         0         0         0         0         0         0         0         0         0         0         0         0         0         0 
dram[14]:         0         0         0         0         0         0         0         0         0         0         0         0         0         0         0         0 
dram[15]:         0         0         0         0         0         0         0         0         0         0         0         0         0         0         0         0 
dram[16]:         0         0         0         0         0         0         0         0         0         0         0         0         0         0         0         0 
dram[17]:         0         0         0         0         0         0         0         0         0         0         0         0         0         0         0         0 
dram[18]:         0         0         0         0         0         0         0         0         0         0         0         0         0         0         0         0 
dram[19]:         0         0         0         0         0         0         0         0         0         0         0         0         0         0         0         0 
dram[20]:         0         0         0         0         0         0         0         0         0         0         0         0         0         0         0         0 
dram[21]:         0         0         0         0         0         0         0         0         0         0         0         0         0         0         0         0 
dram[22]:         0         0         0         0         0         0         0         0         0         0         0         0         0         0         0         0 
dram[23]:         0         0         0         0         0         0         0         0         0         0         0         0         0         0         0         0 
dram[24]:         0         0         0         0         0         0         0         0         0         0         0         0         0         0         0         0 
dram[25]:         0         0         0         0         0         0         0         0         0         0         0         0         0         0         0         0 
dram[26]:         0         0         0         0         0         0         0         0         0         0         0         0         0         0         0         0 
dram[27]:         0         0         0         0         0         0         0         0         0         0         0         0         0         0         0         0 
dram[28]:         0         0         0         0         0         0         0         0         0         0         0         0         0         0         0         0 
dram[29]:         0         0         0         0         0         0         0         0         0         0         0         0         0         0         0         0 
dram[30]:         0         0         0         0         0         0         0         0         0         0         0         0         0         0         0         0 
dram[31]:         0         0         0         0         0         0         0         0         0         0         0         0         0         0         0         0 
dram[32]:         0         0         0         0         0         0         0         0         0         0         0         0         0         0         0         0 
dram[33]:         0         0         0         0         0         0         0         0         0         0         0         0         0         0         0         0 
dram[34]:         0         0         0         0         0         0         0         0         0         0         0         0         0         0         0         0 
dram[35]:         0         0         0         0         0         0         0         0         0         0         0         0         0         0         0         0 
dram[36]:         0         0         0         0         0         0         0         0         0         0         0         0         0         0         0         0 
dram[37]:         0         0         0         0         0         0         0         0         0         0         0         0         0         0         0         0 
dram[38]:         0         0         0         0         0         0         0         0         0         0         0         0         0         0         0         0 
dram[39]:         0         0         0         0         0         0         0         0         0         0         0         0         0         0         0         0 
total dram writes = 0
min_bank_accesses = 0!
min_chip_accesses = 0!
average mf latency per bank:
dram[0]:     none      none         659       656    none      none      none      none      none      none      none      none      none      none      none      none  
dram[1]:     none      none         658       658    none      none      none      none      none      none      none      none      none      none      none      none  
dram[2]:     none      none         658       658    none      none      none      none      none      none      none      none      none      none      none      none  
dram[3]:     none      none         658       658    none      none      none      none      none      none      none      none        2069    none      none      none  
dram[4]:     none      none         658       658    none      none      none      none      none      none      none      none      none      none      none      none  
dram[5]:     none      none         658       658    none      none      none      none      none      none      none      none      none      none      none      none  
dram[6]:     none      none         658       658    none      none      none      none      none      none      none      none      none      none      none      none  
dram[7]:     none      none         658       658    none      none      none      none      none      none      none      none      none      none      none      none  
dram[8]:     none      none         659       658    none      none      none      none      none      none      none      none      none      none      none      none  
dram[9]:     none      none         658       658    none      none      none      none      none      none      none      none      none      none      none      none  
dram[10]:     none      none         659       658    none      none      none      none      none      none      none      none      none      none      none      none  
dram[11]:     none      none         658       657    none      none      none      none      none      none      none      none      none      none      none      none  
dram[12]:     none      none         658       658    none      none      none      none      none      none      none      none      none      none      none      none  
dram[13]:     none      none         659       658    none      none      none      none      none      none      none      none      none      none      none      none  
dram[14]:     none      none         658       657    none      none      none      none      none      none      none      none      none      none      none      none  
dram[15]:     none      none         658       659    none      none      none      none      none      none      none      none         860       869    none      none  
dram[16]:     none      none         658       658    none      none      none      none      none      none      none      none         863       865    none      none  
dram[17]:     none      none         659       657    none      none      none      none      none      none      none      none      none      none      none      none  
dram[18]:     none      none         658       658    none      none      none      none      none      none      none      none      none      none      none      none  
dram[19]:     none      none         658       658    none      none      none      none      none      none      none      none      none      none      none      none  
dram[20]:     none      none         860       860    none      none      none      none      none      none      none      none      none      none      none      none  
dram[21]:     none      none         859       859    none      none      none      none      none      none      none      none      none      none      none      none  
dram[22]:     none      none         859       860    none      none      none      none      none      none      none      none      none      none      none      none  
dram[23]:     none      none         860       859    none      none      none      none      none      none      none      none      none      none      none      none  
dram[24]:     none      none         860       860    none      none      none      none      none      none      none      none      none      none      none      none  
dram[25]:     none      none         860       860    none      none      none      none      none      none      none      none      none      none      none      none  
dram[26]:     none      none         860       860    none      none      none      none      none      none      none      none      none      none      none      none  
dram[27]:     none      none         860       859    none      none      none      none      none      none      none      none      none      none      none      none  
dram[28]:     none      none         860       859    none      none      none      none      none      none      none      none      none      none      none      none  
dram[29]:     none      none         860       859    none      none      none      none      none      none      none      none      none      none      none      none  
dram[30]:     none      none         859       860    none      none      none      none      none      none      none      none      none      none      none      none  
dram[31]:     none      none         860       859    none      none      none      none      none      none      none      none      none      none      none      none  
dram[32]:     none      none         860       859    none      none      none      none      none      none      none      none      none      none      none      none  
dram[33]:     none      none         859       860    none      none      none      none      none      none      none      none      none      none      none      none  
dram[34]:     none      none         860       859    none      none      none      none      none      none      none      none      none      none      none      none  
dram[35]:     none      none         859       859    none      none      none      none      none      none      none      none      none      none      none      none  
dram[36]:     none      none         861       860    none      none      none      none      none      none      none      none      none      none      none      none  
dram[37]:     none      none         859       859    none      none      none      none      none      none      none      none      none      none      none      none  
dram[38]:     none      none         859       859    none      none      none      none      none      none      none      none      none      none      none      none  
dram[39]:     none      none         860       860    none      none      none      none      none      none      none      none      none      none      none      none  
maximum mf latency per bank:
dram[0]:          0         0       661       660         0         0         0         0       363       364         0         0         0         0         0         0
dram[1]:          0         0       661       661         0         0         0         0       361       362         0         0         0         0         0         0
dram[2]:          0         0       662       661         0         0         0         0       369       360         0         0         0         0         0         0
dram[3]:          0         0       661       661         0         0         0         0       367       368         0         0       528         0         0         0
dram[4]:          0         0       661       661         0         0         0         0       365       366         0         0         0         0         0         0
dram[5]:          0         0       662       661         0         0         0         0       372       372         0         0         0         0         0         0
dram[6]:          0         0       661       661         0         0         0         0       371       372         0         0         0         0         0         0
dram[7]:          0         0       661       662         0         0         0         0       325       370         0         0         0         0         0         0
dram[8]:          0         0       662       662         0         0         0         0       323       322         0         0         0         0         0         0
dram[9]:          0         0       661       661         0         0         0         0       372       320         0         0         0         0         0         0
dram[10]:          0         0       662       661         0         0         0         0       359       358         0         0         0         0         0         0
dram[11]:          0         0       661       660         0         0         0         0       357       356         0         0         0         0         0         0
dram[12]:          0         0       661       661         0         0         0         0       355       354         0         0         0         0         0         0
dram[13]:          0         0       662       661         0         0         0         0       353       352         0         0         0         0         0         0
dram[14]:          0         0       661       660         0         0         0         0       351       350         0         0         0         0         0         0
dram[15]:          0         0       661       662         0         0         0         0       349       348         0         0       575       582         0         0
dram[16]:          0         0       661       662         0         0         0         0       347       346         0         0       576       580         0         0
dram[17]:          0         0       661       660         0         0         0         0       345       344         0         0         0         0         0         0
dram[18]:          0         0       661       662         0         0         0         0       343       342         0         0         0         0         0         0
dram[19]:          0         0       661       662         0         0         0         0       341       340         0         0         0         0         0         0
dram[20]:          0         0       863       862         0         0         0         0         0         0         0         0         0         0         0         0
dram[21]:          0         0       862       862         0         0         0         0         0         0         0         0         0         0         0         0
dram[22]:          0         0       862       863         0         0         0         0         0         0         0         0         0         0         0         0
dram[23]:          0         0       863       862         0         0         0         0         0         0         0         0         0         0         0         0
dram[24]:          0         0       863       863         0         0         0         0         0         0         0         0         0         0         0         0
dram[25]:          0         0       863       862         0         0         0         0         0         0         0         0         0         0         0         0
dram[26]:          0         0       862       862         0         0         0         0         0         0         0         0         0         0         0         0
dram[27]:          0         0       862       862         0         0         0         0         0         0         0         0         0         0         0         0
dram[28]:          0         0       863       862         0         0         0         0         0         0         0         0         0         0         0         0
dram[29]:          0         0       864       862         0         0         0         0         0         0         0         0         0         0         0         0
dram[30]:          0         0       862       863         0         0         0         0         0         0         0         0         0         0         0         0
dram[31]:          0         0       863       862         0         0         0         0         0         0         0         0         0         0         0         0
dram[32]:          0         0       862       862         0         0         0         0         0         0         0         0         0         0         0         0
dram[33]:          0         0       862       863         0         0         0         0         0         0         0         0         0         0         0         0
dram[34]:          0         0       863       862         0         0         0         0         0         0         0         0         0         0         0         0
dram[35]:          0         0       862       862         0         0         0         0         0         0         0         0         0         0         0         0
dram[36]:          0         0       864       862         0         0         0         0         0         0         0         0         0         0         0         0
dram[37]:          0         0       861       861         0         0         0         0         0         0         0         0         0         0         0         0
dram[38]:          0         0       862       862         0         0         0         0         0         0         0         0         0         0         0         0
dram[39]:          0         0       863       863         0         0         0         0         0         0         0         0         0         0         0         0
LRC stats:
LRC_subpartition_num_lrc_to_l2_sectors.sum = 529
LRC_subpartition_num_icnt_to_lrc_sectors.sum = 532
Number of LRC to L2 sectors: 529
Number of ICNT to LRC sectors: 532
Number of LRC to L2 bytes: 16928
Number of ICNT to LRC bytes: 17024
LRC compression ratio: 1.005671
LRC_subpartition_l2_stall_due_to_lrc_full.sum = 0
Inter-chiplet stats:
interchip_read_requests = 256
interchip_write_requests = 520
Total inter-chiplet requests: 776
Memory Partition 0: 
Cache L2_bank_000:
MSHR contents

Cache L2_bank_001:
MSHR contents

In Dram Latency Queue (total = 0): 
DRAM[0]: 16 bks, busW=8 BL=4 CL=19, tRRD=6 tCCD=1, tRCD=19 tRAS=45 tRP=19 tRC=50
n_cmd=0 n_nop=0 n_act=0 n_pre=0 n_ref_event=0 n_req=0 n_rd=0 n_rd_L2_A=0 n_write=0 n_wr_bk=0 bw_util=-nan
n_activity=0 dram_eff=-nan
bk0: 0a 0i bk1: 0a 0i bk2: 0a 0i bk3: 0a 0i bk4: 0a 0i bk5: 0a 0i bk6: 0a 0i bk7: 0a 0i bk8: 0a 0i bk9: 0a 0i bk10: 0a 0i bk11: 0a 0i bk12: 0a 0i bk13: 0a 0i bk14: 0a 0i bk15: 0a 0i 

------------------------------------------------------------------------

Row_Buffer_Locality = -nan
Row_Buffer_Locality_read = -nan
Row_Buffer_Locality_write = -nan
Bank_Level_Parallism = -nan
Bank_Level_Parallism_Col = -nan
Bank_Level_Parallism_Ready = -nan
write_to_read_ratio_blp_rw_average = -nan
GrpLevelPara = -nan 

BW Util details:
bwutil = -nan 
total_CMD = 0 
util_bw = 0 
Wasted_Col = 0 
Wasted_Row = 0 
Idle = 0 

BW Util Bottlenecks: 
RCDc_limit = 0 
RCDWRc_limit = 0 
WTRc_limit = 0 
RTWc_limit = 0 
CCDLc_limit = 0 
rwq = 0 
CCDLc_limit_alone = 0 
WTRc_limit_alone = 0 
RTWc_limit_alone = 0 

Commands details: 
total_CMD = 0 
n_nop = 0 
Read = 0 
Write = 0 
L2_Alloc = 0 
L2_WB = 0 
n_act = 0 
n_pre = 0 
n_ref = 0 
n_req = 0 
total_req = 0 

Dual Bus Interface Util: 
issued_total_row = 0 
issued_total_col = 0 
Row_Bus_Util =  -nan 
CoL_Bus_Util = -nan 
Either_Row_CoL_Bus_Util = -nan 
Issued_on_Two_Bus_Simul_Util = -nan 
issued_two_Eff = -nan 
queue_avg = -nan 


dram_util_bins: 0 0 0 0 0 0 0 0 0 0
dram_eff_bins: 0 0 0 0 0 0 0 0 0 0
mrqq: max=0 avg=-nan
Memory Partition 1: 
Cache L2_bank_002:
MSHR contents

Cache L2_bank_003:
MSHR contents

In Dram Latency Queue (total = 0): 
DRAM[1]: 16 bks, busW=8 BL=4 CL=19, tRRD=6 tCCD=1, tRCD=19 tRAS=45 tRP=19 tRC=50
n_cmd=0 n_nop=0 n_act=0 n_pre=0 n_ref_event=0 n_req=0 n_rd=0 n_rd_L2_A=0 n_write=0 n_wr_bk=0 bw_util=-nan
n_activity=0 dram_eff=-nan
bk0: 0a 0i bk1: 0a 0i bk2: 0a 0i bk3: 0a 0i bk4: 0a 0i bk5: 0a 0i bk6: 0a 0i bk7: 0a 0i bk8: 0a 0i bk9: 0a 0i bk10: 0a 0i bk11: 0a 0i bk12: 0a 0i bk13: 0a 0i bk14: 0a 0i bk15: 0a 0i 

------------------------------------------------------------------------

Row_Buffer_Locality = -nan
Row_Buffer_Locality_read = -nan
Row_Buffer_Locality_write = -nan
Bank_Level_Parallism = -nan
Bank_Level_Parallism_Col = -nan
Bank_Level_Parallism_Ready = -nan
write_to_read_ratio_blp_rw_average = -nan
GrpLevelPara = -nan 

BW Util details:
bwutil = -nan 
total_CMD = 0 
util_bw = 0 
Wasted_Col = 0 
Wasted_Row = 0 
Idle = 0 

BW Util Bottlenecks: 
RCDc_limit = 0 
RCDWRc_limit = 0 
WTRc_limit = 0 
RTWc_limit = 0 
CCDLc_limit = 0 
rwq = 0 
CCDLc_limit_alone = 0 
WTRc_limit_alone = 0 
RTWc_limit_alone = 0 

Commands details: 
total_CMD = 0 
n_nop = 0 
Read = 0 
Write = 0 
L2_Alloc = 0 
L2_WB = 0 
n_act = 0 
n_pre = 0 
n_ref = 0 
n_req = 0 
total_req = 0 

Dual Bus Interface Util: 
issued_total_row = 0 
issued_total_col = 0 
Row_Bus_Util =  -nan 
CoL_Bus_Util = -nan 
Either_Row_CoL_Bus_Util = -nan 
Issued_on_Two_Bus_Simul_Util = -nan 
issued_two_Eff = -nan 
queue_avg = -nan 


dram_util_bins: 0 0 0 0 0 0 0 0 0 0
dram_eff_bins: 0 0 0 0 0 0 0 0 0 0
mrqq: max=0 avg=-nan
Memory Partition 2: 
Cache L2_bank_004:
MSHR contents

Cache L2_bank_005:
MSHR contents

In Dram Latency Queue (total = 0): 
DRAM[2]: 16 bks, busW=8 BL=4 CL=19, tRRD=6 tCCD=1, tRCD=19 tRAS=45 tRP=19 tRC=50
n_cmd=0 n_nop=0 n_act=0 n_pre=0 n_ref_event=0 n_req=0 n_rd=0 n_rd_L2_A=0 n_write=0 n_wr_bk=0 bw_util=-nan
n_activity=0 dram_eff=-nan
bk0: 0a 0i bk1: 0a 0i bk2: 0a 0i bk3: 0a 0i bk4: 0a 0i bk5: 0a 0i bk6: 0a 0i bk7: 0a 0i bk8: 0a 0i bk9: 0a 0i bk10: 0a 0i bk11: 0a 0i bk12: 0a 0i bk13: 0a 0i bk14: 0a 0i bk15: 0a 0i 

------------------------------------------------------------------------

Row_Buffer_Locality = -nan
Row_Buffer_Locality_read = -nan
Row_Buffer_Locality_write = -nan
Bank_Level_Parallism = -nan
Bank_Level_Parallism_Col = -nan
Bank_Level_Parallism_Ready = -nan
write_to_read_ratio_blp_rw_average = -nan
GrpLevelPara = -nan 

BW Util details:
bwutil = -nan 
total_CMD = 0 
util_bw = 0 
Wasted_Col = 0 
Wasted_Row = 0 
Idle = 0 

BW Util Bottlenecks: 
RCDc_limit = 0 
RCDWRc_limit = 0 
WTRc_limit = 0 
RTWc_limit = 0 
CCDLc_limit = 0 
rwq = 0 
CCDLc_limit_alone = 0 
WTRc_limit_alone = 0 
RTWc_limit_alone = 0 

Commands details: 
total_CMD = 0 
n_nop = 0 
Read = 0 
Write = 0 
L2_Alloc = 0 
L2_WB = 0 
n_act = 0 
n_pre = 0 
n_ref = 0 
n_req = 0 
total_req = 0 

Dual Bus Interface Util: 
issued_total_row = 0 
issued_total_col = 0 
Row_Bus_Util =  -nan 
CoL_Bus_Util = -nan 
Either_Row_CoL_Bus_Util = -nan 
Issued_on_Two_Bus_Simul_Util = -nan 
issued_two_Eff = -nan 
queue_avg = -nan 


dram_util_bins: 0 0 0 0 0 0 0 0 0 0
dram_eff_bins: 0 0 0 0 0 0 0 0 0 0
mrqq: max=0 avg=-nan
Memory Partition 3: 
Cache L2_bank_006:
MSHR contents

Cache L2_bank_007:
MSHR contents

In Dram Latency Queue (total = 0): 
DRAM[3]: 16 bks, busW=8 BL=4 CL=19, tRRD=6 tCCD=1, tRCD=19 tRAS=45 tRP=19 tRC=50
n_cmd=0 n_nop=0 n_act=0 n_pre=0 n_ref_event=94481258827152 n_req=0 n_rd=0 n_rd_L2_A=0 n_write=0 n_wr_bk=0 bw_util=-nan
n_activity=0 dram_eff=-nan
bk0: 0a 0i bk1: 0a 0i bk2: 0a 0i bk3: 0a 0i bk4: 0a 0i bk5: 0a 0i bk6: 0a 0i bk7: 0a 0i bk8: 0a 0i bk9: 0a 0i bk10: 0a 0i bk11: 0a 0i bk12: 0a 0i bk13: 0a 0i bk14: 0a 0i bk15: 0a 0i 

------------------------------------------------------------------------

Row_Buffer_Locality = -nan
Row_Buffer_Locality_read = -nan
Row_Buffer_Locality_write = -nan
Bank_Level_Parallism = -nan
Bank_Level_Parallism_Col = inf
Bank_Level_Parallism_Ready = -nan
write_to_read_ratio_blp_rw_average = -nan
GrpLevelPara = -nan 

BW Util details:
bwutil = -nan 
total_CMD = 0 
util_bw = 0 
Wasted_Col = 0 
Wasted_Row = 0 
Idle = 0 

BW Util Bottlenecks: 
RCDc_limit = 0 
RCDWRc_limit = 0 
WTRc_limit = 0 
RTWc_limit = 0 
CCDLc_limit = 0 
rwq = 0 
CCDLc_limit_alone = 0 
WTRc_limit_alone = 0 
RTWc_limit_alone = 0 

Commands details: 
total_CMD = 0 
n_nop = 0 
Read = 0 
Write = 0 
L2_Alloc = 0 
L2_WB = 0 
n_act = 0 
n_pre = 0 
n_ref = 94481258827152 
n_req = 0 
total_req = 0 

Dual Bus Interface Util: 
issued_total_row = 0 
issued_total_col = 0 
Row_Bus_Util =  -nan 
CoL_Bus_Util = -nan 
Either_Row_CoL_Bus_Util = -nan 
Issued_on_Two_Bus_Simul_Util = -nan 
issued_two_Eff = -nan 
queue_avg = -nan 


dram_util_bins: 0 0 0 0 0 0 0 0 0 0
dram_eff_bins: 0 0 0 0 0 0 0 0 0 0
mrqq: max=0 avg=-nan
Memory Partition 4: 
Cache L2_bank_008:
MSHR contents

Cache L2_bank_009:
MSHR contents

In Dram Latency Queue (total = 0): 
DRAM[4]: 16 bks, busW=8 BL=4 CL=19, tRRD=6 tCCD=1, tRCD=19 tRAS=45 tRP=19 tRC=50
n_cmd=0 n_nop=0 n_act=0 n_pre=0 n_ref_event=0 n_req=0 n_rd=0 n_rd_L2_A=0 n_write=0 n_wr_bk=0 bw_util=-nan
n_activity=0 dram_eff=-nan
bk0: 0a 0i bk1: 0a 0i bk2: 0a 0i bk3: 0a 0i bk4: 0a 0i bk5: 0a 0i bk6: 0a 0i bk7: 0a 0i bk8: 0a 0i bk9: 0a 0i bk10: 0a 0i bk11: 0a 0i bk12: 0a 0i bk13: 0a 0i bk14: 0a 0i bk15: 0a 0i 

------------------------------------------------------------------------

Row_Buffer_Locality = -nan
Row_Buffer_Locality_read = -nan
Row_Buffer_Locality_write = -nan
Bank_Level_Parallism = -nan
Bank_Level_Parallism_Col = -nan
Bank_Level_Parallism_Ready = -nan
write_to_read_ratio_blp_rw_average = -nan
GrpLevelPara = -nan 

BW Util details:
bwutil = -nan 
total_CMD = 0 
util_bw = 0 
Wasted_Col = 0 
Wasted_Row = 0 
Idle = 0 

BW Util Bottlenecks: 
RCDc_limit = 0 
RCDWRc_limit = 0 
WTRc_limit = 0 
RTWc_limit = 0 
CCDLc_limit = 0 
rwq = 0 
CCDLc_limit_alone = 0 
WTRc_limit_alone = 0 
RTWc_limit_alone = 0 

Commands details: 
total_CMD = 0 
n_nop = 0 
Read = 0 
Write = 0 
L2_Alloc = 0 
L2_WB = 0 
n_act = 0 
n_pre = 0 
n_ref = 0 
n_req = 0 
total_req = 0 

Dual Bus Interface Util: 
issued_total_row = 0 
issued_total_col = 0 
Row_Bus_Util =  -nan 
CoL_Bus_Util = -nan 
Either_Row_CoL_Bus_Util = -nan 
Issued_on_Two_Bus_Simul_Util = -nan 
issued_two_Eff = -nan 
queue_avg = -nan 


dram_util_bins: 0 0 0 0 0 0 0 0 0 0
dram_eff_bins: 0 0 0 0 0 0 0 0 0 0
mrqq: max=0 avg=-nan
Memory Partition 5: 
Cache L2_bank_010:
MSHR contents

Cache L2_bank_011:
MSHR contents

In Dram Latency Queue (total = 0): 
DRAM[5]: 16 bks, busW=8 BL=4 CL=19, tRRD=6 tCCD=1, tRCD=19 tRAS=45 tRP=19 tRC=50
n_cmd=0 n_nop=0 n_act=0 n_pre=0 n_ref_event=0 n_req=0 n_rd=0 n_rd_L2_A=0 n_write=0 n_wr_bk=0 bw_util=-nan
n_activity=0 dram_eff=-nan
bk0: 0a 0i bk1: 0a 0i bk2: 0a 0i bk3: 0a 0i bk4: 0a 0i bk5: 0a 0i bk6: 0a 0i bk7: 0a 0i bk8: 0a 0i bk9: 0a 0i bk10: 0a 0i bk11: 0a 0i bk12: 0a 0i bk13: 0a 0i bk14: 0a 0i bk15: 0a 0i 

------------------------------------------------------------------------

Row_Buffer_Locality = -nan
Row_Buffer_Locality_read = -nan
Row_Buffer_Locality_write = -nan
Bank_Level_Parallism = -nan
Bank_Level_Parallism_Col = -nan
Bank_Level_Parallism_Ready = -nan
write_to_read_ratio_blp_rw_average = -nan
GrpLevelPara = -nan 

BW Util details:
bwutil = -nan 
total_CMD = 0 
util_bw = 0 
Wasted_Col = 0 
Wasted_Row = 0 
Idle = 0 

BW Util Bottlenecks: 
RCDc_limit = 0 
RCDWRc_limit = 0 
WTRc_limit = 0 
RTWc_limit = 0 
CCDLc_limit = 0 
rwq = 0 
CCDLc_limit_alone = 0 
WTRc_limit_alone = 0 
RTWc_limit_alone = 0 

Commands details: 
total_CMD = 0 
n_nop = 0 
Read = 0 
Write = 0 
L2_Alloc = 0 
L2_WB = 0 
n_act = 0 
n_pre = 0 
n_ref = 0 
n_req = 0 
total_req = 0 

Dual Bus Interface Util: 
issued_total_row = 0 
issued_total_col = 0 
Row_Bus_Util =  -nan 
CoL_Bus_Util = -nan 
Either_Row_CoL_Bus_Util = -nan 
Issued_on_Two_Bus_Simul_Util = -nan 
issued_two_Eff = -nan 
queue_avg = -nan 


dram_util_bins: 0 0 0 0 0 0 0 0 0 0
dram_eff_bins: 0 0 0 0 0 0 0 0 0 0
mrqq: max=0 avg=-nan
Memory Partition 6: 
Cache L2_bank_012:
MSHR contents

Cache L2_bank_013:
MSHR contents

In Dram Latency Queue (total = 0): 
DRAM[6]: 16 bks, busW=8 BL=4 CL=19, tRRD=6 tCCD=1, tRCD=19 tRAS=45 tRP=19 tRC=50
n_cmd=0 n_nop=0 n_act=0 n_pre=0 n_ref_event=0 n_req=0 n_rd=0 n_rd_L2_A=0 n_write=0 n_wr_bk=0 bw_util=-nan
n_activity=0 dram_eff=-nan
bk0: 0a 0i bk1: 0a 0i bk2: 0a 0i bk3: 0a 0i bk4: 0a 0i bk5: 0a 0i bk6: 0a 0i bk7: 0a 0i bk8: 0a 0i bk9: 0a 0i bk10: 0a 0i bk11: 0a 0i bk12: 0a 0i bk13: 0a 0i bk14: 0a 0i bk15: 0a 0i 

------------------------------------------------------------------------

Row_Buffer_Locality = -nan
Row_Buffer_Locality_read = -nan
Row_Buffer_Locality_write = -nan
Bank_Level_Parallism = -nan
Bank_Level_Parallism_Col = -nan
Bank_Level_Parallism_Ready = -nan
write_to_read_ratio_blp_rw_average = -nan
GrpLevelPara = -nan 

BW Util details:
bwutil = -nan 
total_CMD = 0 
util_bw = 0 
Wasted_Col = 0 
Wasted_Row = 0 
Idle = 0 

BW Util Bottlenecks: 
RCDc_limit = 0 
RCDWRc_limit = 0 
WTRc_limit = 0 
RTWc_limit = 0 
CCDLc_limit = 0 
rwq = 0 
CCDLc_limit_alone = 0 
WTRc_limit_alone = 0 
RTWc_limit_alone = 0 

Commands details: 
total_CMD = 0 
n_nop = 0 
Read = 0 
Write = 0 
L2_Alloc = 0 
L2_WB = 0 
n_act = 0 
n_pre = 0 
n_ref = 0 
n_req = 0 
total_req = 0 

Dual Bus Interface Util: 
issued_total_row = 0 
issued_total_col = 0 
Row_Bus_Util =  -nan 
CoL_Bus_Util = -nan 
Either_Row_CoL_Bus_Util = -nan 
Issued_on_Two_Bus_Simul_Util = -nan 
issued_two_Eff = -nan 
queue_avg = -nan 


dram_util_bins: 0 0 0 0 0 0 0 0 0 0
dram_eff_bins: 0 0 0 0 0 0 0 0 0 0
mrqq: max=0 avg=-nan
Memory Partition 7: 
Cache L2_bank_014:
MSHR contents

Cache L2_bank_015:
MSHR contents

In Dram Latency Queue (total = 0): 
DRAM[7]: 16 bks, busW=8 BL=4 CL=19, tRRD=6 tCCD=1, tRCD=19 tRAS=45 tRP=19 tRC=50
n_cmd=0 n_nop=0 n_act=0 n_pre=0 n_ref_event=0 n_req=0 n_rd=0 n_rd_L2_A=0 n_write=0 n_wr_bk=0 bw_util=-nan
n_activity=0 dram_eff=-nan
bk0: 0a 0i bk1: 0a 0i bk2: 0a 0i bk3: 0a 0i bk4: 0a 0i bk5: 0a 0i bk6: 0a 0i bk7: 0a 0i bk8: 0a 0i bk9: 0a 0i bk10: 0a 0i bk11: 0a 0i bk12: 0a 0i bk13: 0a 0i bk14: 0a 0i bk15: 0a 0i 

------------------------------------------------------------------------

Row_Buffer_Locality = -nan
Row_Buffer_Locality_read = -nan
Row_Buffer_Locality_write = -nan
Bank_Level_Parallism = -nan
Bank_Level_Parallism_Col = -nan
Bank_Level_Parallism_Ready = -nan
write_to_read_ratio_blp_rw_average = -nan
GrpLevelPara = -nan 

BW Util details:
bwutil = -nan 
total_CMD = 0 
util_bw = 0 
Wasted_Col = 0 
Wasted_Row = 0 
Idle = 0 

BW Util Bottlenecks: 
RCDc_limit = 0 
RCDWRc_limit = 0 
WTRc_limit = 0 
RTWc_limit = 0 
CCDLc_limit = 0 
rwq = 0 
CCDLc_limit_alone = 0 
WTRc_limit_alone = 0 
RTWc_limit_alone = 0 

Commands details: 
total_CMD = 0 
n_nop = 0 
Read = 0 
Write = 0 
L2_Alloc = 0 
L2_WB = 0 
n_act = 0 
n_pre = 0 
n_ref = 0 
n_req = 0 
total_req = 0 

Dual Bus Interface Util: 
issued_total_row = 0 
issued_total_col = 0 
Row_Bus_Util =  -nan 
CoL_Bus_Util = -nan 
Either_Row_CoL_Bus_Util = -nan 
Issued_on_Two_Bus_Simul_Util = -nan 
issued_two_Eff = -nan 
queue_avg = -nan 


dram_util_bins: 0 0 0 0 0 0 0 0 0 0
dram_eff_bins: 0 0 0 0 0 0 0 0 0 0
mrqq: max=0 avg=-nan
Memory Partition 8: 
Cache L2_bank_016:
MSHR contents

Cache L2_bank_017:
MSHR contents

In Dram Latency Queue (total = 0): 
DRAM[8]: 16 bks, busW=8 BL=4 CL=19, tRRD=6 tCCD=1, tRCD=19 tRAS=45 tRP=19 tRC=50
n_cmd=0 n_nop=0 n_act=0 n_pre=0 n_ref_event=0 n_req=0 n_rd=0 n_rd_L2_A=0 n_write=0 n_wr_bk=0 bw_util=-nan
n_activity=0 dram_eff=-nan
bk0: 0a 0i bk1: 0a 0i bk2: 0a 0i bk3: 0a 0i bk4: 0a 0i bk5: 0a 0i bk6: 0a 0i bk7: 0a 0i bk8: 0a 0i bk9: 0a 0i bk10: 0a 0i bk11: 0a 0i bk12: 0a 0i bk13: 0a 0i bk14: 0a 0i bk15: 0a 0i 

------------------------------------------------------------------------

Row_Buffer_Locality = -nan
Row_Buffer_Locality_read = -nan
Row_Buffer_Locality_write = -nan
Bank_Level_Parallism = -nan
Bank_Level_Parallism_Col = -nan
Bank_Level_Parallism_Ready = -nan
write_to_read_ratio_blp_rw_average = -nan
GrpLevelPara = -nan 

BW Util details:
bwutil = -nan 
total_CMD = 0 
util_bw = 0 
Wasted_Col = 0 
Wasted_Row = 0 
Idle = 0 

BW Util Bottlenecks: 
RCDc_limit = 0 
RCDWRc_limit = 0 
WTRc_limit = 0 
RTWc_limit = 0 
CCDLc_limit = 0 
rwq = 0 
CCDLc_limit_alone = 0 
WTRc_limit_alone = 0 
RTWc_limit_alone = 0 

Commands details: 
total_CMD = 0 
n_nop = 0 
Read = 0 
Write = 0 
L2_Alloc = 0 
L2_WB = 0 
n_act = 0 
n_pre = 0 
n_ref = 0 
n_req = 0 
total_req = 0 

Dual Bus Interface Util: 
issued_total_row = 0 
issued_total_col = 0 
Row_Bus_Util =  -nan 
CoL_Bus_Util = -nan 
Either_Row_CoL_Bus_Util = -nan 
Issued_on_Two_Bus_Simul_Util = -nan 
issued_two_Eff = -nan 
queue_avg = -nan 


dram_util_bins: 0 0 0 0 0 0 0 0 0 0
dram_eff_bins: 0 0 0 0 0 0 0 0 0 0
mrqq: max=0 avg=-nan
Memory Partition 9: 
Cache L2_bank_018:
MSHR contents

Cache L2_bank_019:
MSHR contents

In Dram Latency Queue (total = 0): 
DRAM[9]: 16 bks, busW=8 BL=4 CL=19, tRRD=6 tCCD=1, tRCD=19 tRAS=45 tRP=19 tRC=50
n_cmd=0 n_nop=0 n_act=0 n_pre=0 n_ref_event=0 n_req=0 n_rd=0 n_rd_L2_A=0 n_write=0 n_wr_bk=0 bw_util=-nan
n_activity=0 dram_eff=-nan
bk0: 0a 0i bk1: 0a 0i bk2: 0a 0i bk3: 0a 0i bk4: 0a 0i bk5: 0a 0i bk6: 0a 0i bk7: 0a 0i bk8: 0a 0i bk9: 0a 0i bk10: 0a 0i bk11: 0a 0i bk12: 0a 0i bk13: 0a 0i bk14: 0a 0i bk15: 0a 0i 

------------------------------------------------------------------------

Row_Buffer_Locality = -nan
Row_Buffer_Locality_read = -nan
Row_Buffer_Locality_write = -nan
Bank_Level_Parallism = -nan
Bank_Level_Parallism_Col = -nan
Bank_Level_Parallism_Ready = -nan
write_to_read_ratio_blp_rw_average = -nan
GrpLevelPara = -nan 

BW Util details:
bwutil = -nan 
total_CMD = 0 
util_bw = 0 
Wasted_Col = 0 
Wasted_Row = 0 
Idle = 0 

BW Util Bottlenecks: 
RCDc_limit = 0 
RCDWRc_limit = 0 
WTRc_limit = 0 
RTWc_limit = 0 
CCDLc_limit = 0 
rwq = 0 
CCDLc_limit_alone = 0 
WTRc_limit_alone = 0 
RTWc_limit_alone = 0 

Commands details: 
total_CMD = 0 
n_nop = 0 
Read = 0 
Write = 0 
L2_Alloc = 0 
L2_WB = 0 
n_act = 0 
n_pre = 0 
n_ref = 0 
n_req = 0 
total_req = 0 

Dual Bus Interface Util: 
issued_total_row = 0 
issued_total_col = 0 
Row_Bus_Util =  -nan 
CoL_Bus_Util = -nan 
Either_Row_CoL_Bus_Util = -nan 
Issued_on_Two_Bus_Simul_Util = -nan 
issued_two_Eff = -nan 
queue_avg = -nan 


dram_util_bins: 0 0 0 0 0 0 0 0 0 0
dram_eff_bins: 0 0 0 0 0 0 0 0 0 0
mrqq: max=0 avg=-nan
Memory Partition 10: 
Cache L2_bank_020:
MSHR contents

Cache L2_bank_021:
MSHR contents

In Dram Latency Queue (total = 0): 
DRAM[10]: 16 bks, busW=8 BL=4 CL=19, tRRD=6 tCCD=1, tRCD=19 tRAS=45 tRP=19 tRC=50
n_cmd=0 n_nop=0 n_act=0 n_pre=0 n_ref_event=0 n_req=0 n_rd=0 n_rd_L2_A=0 n_write=0 n_wr_bk=0 bw_util=-nan
n_activity=0 dram_eff=-nan
bk0: 0a 0i bk1: 0a 0i bk2: 0a 0i bk3: 0a 0i bk4: 0a 0i bk5: 0a 0i bk6: 0a 0i bk7: 0a 0i bk8: 0a 0i bk9: 0a 0i bk10: 0a 0i bk11: 0a 0i bk12: 0a 0i bk13: 0a 0i bk14: 0a 0i bk15: 0a 0i 

------------------------------------------------------------------------

Row_Buffer_Locality = -nan
Row_Buffer_Locality_read = -nan
Row_Buffer_Locality_write = -nan
Bank_Level_Parallism = -nan
Bank_Level_Parallism_Col = -nan
Bank_Level_Parallism_Ready = -nan
write_to_read_ratio_blp_rw_average = -nan
GrpLevelPara = -nan 

BW Util details:
bwutil = -nan 
total_CMD = 0 
util_bw = 0 
Wasted_Col = 0 
Wasted_Row = 0 
Idle = 0 

BW Util Bottlenecks: 
RCDc_limit = 0 
RCDWRc_limit = 0 
WTRc_limit = 0 
RTWc_limit = 0 
CCDLc_limit = 0 
rwq = 0 
CCDLc_limit_alone = 0 
WTRc_limit_alone = 0 
RTWc_limit_alone = 0 

Commands details: 
total_CMD = 0 
n_nop = 0 
Read = 0 
Write = 0 
L2_Alloc = 0 
L2_WB = 0 
n_act = 0 
n_pre = 0 
n_ref = 0 
n_req = 0 
total_req = 0 

Dual Bus Interface Util: 
issued_total_row = 0 
issued_total_col = 0 
Row_Bus_Util =  -nan 
CoL_Bus_Util = -nan 
Either_Row_CoL_Bus_Util = -nan 
Issued_on_Two_Bus_Simul_Util = -nan 
issued_two_Eff = -nan 
queue_avg = -nan 


dram_util_bins: 0 0 0 0 0 0 0 0 0 0
dram_eff_bins: 0 0 0 0 0 0 0 0 0 0
mrqq: max=0 avg=-nan
Memory Partition 11: 
Cache L2_bank_022:
MSHR contents

Cache L2_bank_023:
MSHR contents

In Dram Latency Queue (total = 0): 
DRAM[11]: 16 bks, busW=8 BL=4 CL=19, tRRD=6 tCCD=1, tRCD=19 tRAS=45 tRP=19 tRC=50
n_cmd=0 n_nop=0 n_act=0 n_pre=0 n_ref_event=0 n_req=0 n_rd=0 n_rd_L2_A=0 n_write=0 n_wr_bk=0 bw_util=-nan
n_activity=0 dram_eff=-nan
bk0: 0a 0i bk1: 0a 0i bk2: 0a 0i bk3: 0a 0i bk4: 0a 0i bk5: 0a 0i bk6: 0a 0i bk7: 0a 0i bk8: 0a 0i bk9: 0a 0i bk10: 0a 0i bk11: 0a 0i bk12: 0a 0i bk13: 0a 0i bk14: 0a 0i bk15: 0a 0i 

------------------------------------------------------------------------

Row_Buffer_Locality = -nan
Row_Buffer_Locality_read = -nan
Row_Buffer_Locality_write = -nan
Bank_Level_Parallism = -nan
Bank_Level_Parallism_Col = -nan
Bank_Level_Parallism_Ready = -nan
write_to_read_ratio_blp_rw_average = -nan
GrpLevelPara = -nan 

BW Util details:
bwutil = -nan 
total_CMD = 0 
util_bw = 0 
Wasted_Col = 0 
Wasted_Row = 0 
Idle = 0 

BW Util Bottlenecks: 
RCDc_limit = 0 
RCDWRc_limit = 0 
WTRc_limit = 0 
RTWc_limit = 0 
CCDLc_limit = 0 
rwq = 0 
CCDLc_limit_alone = 0 
WTRc_limit_alone = 0 
RTWc_limit_alone = 0 

Commands details: 
total_CMD = 0 
n_nop = 0 
Read = 0 
Write = 0 
L2_Alloc = 0 
L2_WB = 0 
n_act = 0 
n_pre = 0 
n_ref = 0 
n_req = 0 
total_req = 0 

Dual Bus Interface Util: 
issued_total_row = 0 
issued_total_col = 0 
Row_Bus_Util =  -nan 
CoL_Bus_Util = -nan 
Either_Row_CoL_Bus_Util = -nan 
Issued_on_Two_Bus_Simul_Util = -nan 
issued_two_Eff = -nan 
queue_avg = -nan 


dram_util_bins: 0 0 0 0 0 0 0 0 0 0
dram_eff_bins: 0 0 0 0 0 0 0 0 0 0
mrqq: max=0 avg=-nan
Memory Partition 12: 
Cache L2_bank_024:
MSHR contents

Cache L2_bank_025:
MSHR contents

In Dram Latency Queue (total = 0): 
DRAM[12]: 16 bks, busW=8 BL=4 CL=19, tRRD=6 tCCD=1, tRCD=19 tRAS=45 tRP=19 tRC=50
n_cmd=0 n_nop=0 n_act=0 n_pre=0 n_ref_event=0 n_req=0 n_rd=0 n_rd_L2_A=0 n_write=0 n_wr_bk=0 bw_util=-nan
n_activity=0 dram_eff=-nan
bk0: 0a 0i bk1: 0a 0i bk2: 0a 0i bk3: 0a 0i bk4: 0a 0i bk5: 0a 0i bk6: 0a 0i bk7: 0a 0i bk8: 0a 0i bk9: 0a 0i bk10: 0a 0i bk11: 0a 0i bk12: 0a 0i bk13: 0a 0i bk14: 0a 0i bk15: 0a 0i 

------------------------------------------------------------------------

Row_Buffer_Locality = -nan
Row_Buffer_Locality_read = -nan
Row_Buffer_Locality_write = -nan
Bank_Level_Parallism = -nan
Bank_Level_Parallism_Col = -nan
Bank_Level_Parallism_Ready = -nan
write_to_read_ratio_blp_rw_average = -nan
GrpLevelPara = -nan 

BW Util details:
bwutil = -nan 
total_CMD = 0 
util_bw = 0 
Wasted_Col = 0 
Wasted_Row = 0 
Idle = 0 

BW Util Bottlenecks: 
RCDc_limit = 0 
RCDWRc_limit = 0 
WTRc_limit = 0 
RTWc_limit = 0 
CCDLc_limit = 0 
rwq = 0 
CCDLc_limit_alone = 0 
WTRc_limit_alone = 0 
RTWc_limit_alone = 0 

Commands details: 
total_CMD = 0 
n_nop = 0 
Read = 0 
Write = 0 
L2_Alloc = 0 
L2_WB = 0 
n_act = 0 
n_pre = 0 
n_ref = 0 
n_req = 0 
total_req = 0 

Dual Bus Interface Util: 
issued_total_row = 0 
issued_total_col = 0 
Row_Bus_Util =  -nan 
CoL_Bus_Util = -nan 
Either_Row_CoL_Bus_Util = -nan 
Issued_on_Two_Bus_Simul_Util = -nan 
issued_two_Eff = -nan 
queue_avg = -nan 


dram_util_bins: 0 0 0 0 0 0 0 0 0 0
dram_eff_bins: 0 0 0 0 0 0 0 0 0 0
mrqq: max=0 avg=-nan
Memory Partition 13: 
Cache L2_bank_026:
MSHR contents

Cache L2_bank_027:
MSHR contents

In Dram Latency Queue (total = 0): 
DRAM[13]: 16 bks, busW=8 BL=4 CL=19, tRRD=6 tCCD=1, tRCD=19 tRAS=45 tRP=19 tRC=50
n_cmd=0 n_nop=0 n_act=0 n_pre=0 n_ref_event=0 n_req=0 n_rd=0 n_rd_L2_A=0 n_write=0 n_wr_bk=0 bw_util=-nan
n_activity=0 dram_eff=-nan
bk0: 0a 0i bk1: 0a 0i bk2: 0a 0i bk3: 0a 0i bk4: 0a 0i bk5: 0a 0i bk6: 0a 0i bk7: 0a 0i bk8: 0a 0i bk9: 0a 0i bk10: 0a 0i bk11: 0a 0i bk12: 0a 0i bk13: 0a 0i bk14: 0a 0i bk15: 0a 0i 

------------------------------------------------------------------------

Row_Buffer_Locality = -nan
Row_Buffer_Locality_read = -nan
Row_Buffer_Locality_write = -nan
Bank_Level_Parallism = -nan
Bank_Level_Parallism_Col = -nan
Bank_Level_Parallism_Ready = -nan
write_to_read_ratio_blp_rw_average = -nan
GrpLevelPara = -nan 

BW Util details:
bwutil = -nan 
total_CMD = 0 
util_bw = 0 
Wasted_Col = 0 
Wasted_Row = 0 
Idle = 0 

BW Util Bottlenecks: 
RCDc_limit = 0 
RCDWRc_limit = 0 
WTRc_limit = 0 
RTWc_limit = 0 
CCDLc_limit = 0 
rwq = 0 
CCDLc_limit_alone = 0 
WTRc_limit_alone = 0 
RTWc_limit_alone = 0 

Commands details: 
total_CMD = 0 
n_nop = 0 
Read = 0 
Write = 0 
L2_Alloc = 0 
L2_WB = 0 
n_act = 0 
n_pre = 0 
n_ref = 0 
n_req = 0 
total_req = 0 

Dual Bus Interface Util: 
issued_total_row = 0 
issued_total_col = 0 
Row_Bus_Util =  -nan 
CoL_Bus_Util = -nan 
Either_Row_CoL_Bus_Util = -nan 
Issued_on_Two_Bus_Simul_Util = -nan 
issued_two_Eff = -nan 
queue_avg = -nan 


dram_util_bins: 0 0 0 0 0 0 0 0 0 0
dram_eff_bins: 0 0 0 0 0 0 0 0 0 0
mrqq: max=0 avg=-nan
Memory Partition 14: 
Cache L2_bank_028:
MSHR contents

Cache L2_bank_029:
MSHR contents

In Dram Latency Queue (total = 0): 
DRAM[14]: 16 bks, busW=8 BL=4 CL=19, tRRD=6 tCCD=1, tRCD=19 tRAS=45 tRP=19 tRC=50
n_cmd=0 n_nop=0 n_act=0 n_pre=0 n_ref_event=0 n_req=0 n_rd=0 n_rd_L2_A=0 n_write=0 n_wr_bk=0 bw_util=-nan
n_activity=0 dram_eff=-nan
bk0: 0a 0i bk1: 0a 0i bk2: 0a 0i bk3: 0a 0i bk4: 0a 0i bk5: 0a 0i bk6: 0a 0i bk7: 0a 0i bk8: 0a 0i bk9: 0a 0i bk10: 0a 0i bk11: 0a 0i bk12: 0a 0i bk13: 0a 0i bk14: 0a 0i bk15: 0a 0i 

------------------------------------------------------------------------

Row_Buffer_Locality = -nan
Row_Buffer_Locality_read = -nan
Row_Buffer_Locality_write = -nan
Bank_Level_Parallism = -nan
Bank_Level_Parallism_Col = -nan
Bank_Level_Parallism_Ready = -nan
write_to_read_ratio_blp_rw_average = -nan
GrpLevelPara = -nan 

BW Util details:
bwutil = -nan 
total_CMD = 0 
util_bw = 0 
Wasted_Col = 0 
Wasted_Row = 0 
Idle = 0 

BW Util Bottlenecks: 
RCDc_limit = 0 
RCDWRc_limit = 0 
WTRc_limit = 0 
RTWc_limit = 0 
CCDLc_limit = 0 
rwq = 0 
CCDLc_limit_alone = 0 
WTRc_limit_alone = 0 
RTWc_limit_alone = 0 

Commands details: 
total_CMD = 0 
n_nop = 0 
Read = 0 
Write = 0 
L2_Alloc = 0 
L2_WB = 0 
n_act = 0 
n_pre = 0 
n_ref = 0 
n_req = 0 
total_req = 0 

Dual Bus Interface Util: 
issued_total_row = 0 
issued_total_col = 0 
Row_Bus_Util =  -nan 
CoL_Bus_Util = -nan 
Either_Row_CoL_Bus_Util = -nan 
Issued_on_Two_Bus_Simul_Util = -nan 
issued_two_Eff = -nan 
queue_avg = -nan 


dram_util_bins: 0 0 0 0 0 0 0 0 0 0
dram_eff_bins: 0 0 0 0 0 0 0 0 0 0
mrqq: max=0 avg=-nan
Memory Partition 15: 
Cache L2_bank_030:
MSHR contents

Cache L2_bank_031:
MSHR contents

In Dram Latency Queue (total = 0): 
DRAM[15]: 16 bks, busW=8 BL=4 CL=19, tRRD=6 tCCD=1, tRCD=19 tRAS=45 tRP=19 tRC=50
n_cmd=0 n_nop=0 n_act=0 n_pre=0 n_ref_event=0 n_req=0 n_rd=0 n_rd_L2_A=0 n_write=0 n_wr_bk=0 bw_util=-nan
n_activity=0 dram_eff=-nan
bk0: 0a 0i bk1: 0a 0i bk2: 0a 0i bk3: 0a 0i bk4: 0a 0i bk5: 0a 0i bk6: 0a 0i bk7: 0a 0i bk8: 0a 0i bk9: 0a 0i bk10: 0a 0i bk11: 0a 0i bk12: 0a 0i bk13: 0a 0i bk14: 0a 0i bk15: 0a 0i 

------------------------------------------------------------------------

Row_Buffer_Locality = -nan
Row_Buffer_Locality_read = -nan
Row_Buffer_Locality_write = -nan
Bank_Level_Parallism = -nan
Bank_Level_Parallism_Col = -nan
Bank_Level_Parallism_Ready = -nan
write_to_read_ratio_blp_rw_average = -nan
GrpLevelPara = -nan 

BW Util details:
bwutil = -nan 
total_CMD = 0 
util_bw = 0 
Wasted_Col = 0 
Wasted_Row = 0 
Idle = 0 

BW Util Bottlenecks: 
RCDc_limit = 0 
RCDWRc_limit = 0 
WTRc_limit = 0 
RTWc_limit = 0 
CCDLc_limit = 0 
rwq = 0 
CCDLc_limit_alone = 0 
WTRc_limit_alone = 0 
RTWc_limit_alone = 0 

Commands details: 
total_CMD = 0 
n_nop = 0 
Read = 0 
Write = 0 
L2_Alloc = 0 
L2_WB = 0 
n_act = 0 
n_pre = 0 
n_ref = 0 
n_req = 0 
total_req = 0 

Dual Bus Interface Util: 
issued_total_row = 0 
issued_total_col = 0 
Row_Bus_Util =  -nan 
CoL_Bus_Util = -nan 
Either_Row_CoL_Bus_Util = -nan 
Issued_on_Two_Bus_Simul_Util = -nan 
issued_two_Eff = -nan 
queue_avg = -nan 


dram_util_bins: 0 0 0 0 0 0 0 0 0 0
dram_eff_bins: 0 0 0 0 0 0 0 0 0 0
mrqq: max=0 avg=-nan
Memory Partition 16: 
Cache L2_bank_032:
MSHR contents

Cache L2_bank_033:
MSHR contents

In Dram Latency Queue (total = 0): 
DRAM[16]: 16 bks, busW=8 BL=4 CL=19, tRRD=6 tCCD=1, tRCD=19 tRAS=45 tRP=19 tRC=50
n_cmd=0 n_nop=0 n_act=0 n_pre=0 n_ref_event=0 n_req=0 n_rd=0 n_rd_L2_A=0 n_write=0 n_wr_bk=0 bw_util=-nan
n_activity=0 dram_eff=-nan
bk0: 0a 0i bk1: 0a 0i bk2: 0a 0i bk3: 0a 0i bk4: 0a 0i bk5: 0a 0i bk6: 0a 0i bk7: 0a 0i bk8: 0a 0i bk9: 0a 0i bk10: 0a 0i bk11: 0a 0i bk12: 0a 0i bk13: 0a 0i bk14: 0a 0i bk15: 0a 0i 

------------------------------------------------------------------------

Row_Buffer_Locality = -nan
Row_Buffer_Locality_read = -nan
Row_Buffer_Locality_write = -nan
Bank_Level_Parallism = -nan
Bank_Level_Parallism_Col = -nan
Bank_Level_Parallism_Ready = -nan
write_to_read_ratio_blp_rw_average = -nan
GrpLevelPara = -nan 

BW Util details:
bwutil = -nan 
total_CMD = 0 
util_bw = 0 
Wasted_Col = 0 
Wasted_Row = 0 
Idle = 0 

BW Util Bottlenecks: 
RCDc_limit = 0 
RCDWRc_limit = 0 
WTRc_limit = 0 
RTWc_limit = 0 
CCDLc_limit = 0 
rwq = 0 
CCDLc_limit_alone = 0 
WTRc_limit_alone = 0 
RTWc_limit_alone = 0 

Commands details: 
total_CMD = 0 
n_nop = 0 
Read = 0 
Write = 0 
L2_Alloc = 0 
L2_WB = 0 
n_act = 0 
n_pre = 0 
n_ref = 0 
n_req = 0 
total_req = 0 

Dual Bus Interface Util: 
issued_total_row = 0 
issued_total_col = 0 
Row_Bus_Util =  -nan 
CoL_Bus_Util = -nan 
Either_Row_CoL_Bus_Util = -nan 
Issued_on_Two_Bus_Simul_Util = -nan 
issued_two_Eff = -nan 
queue_avg = -nan 


dram_util_bins: 0 0 0 0 0 0 0 0 0 0
dram_eff_bins: 0 0 0 0 0 0 0 0 0 0
mrqq: max=0 avg=-nan
Memory Partition 17: 
Cache L2_bank_034:
MSHR contents

Cache L2_bank_035:
MSHR contents

In Dram Latency Queue (total = 0): 
DRAM[17]: 16 bks, busW=8 BL=4 CL=19, tRRD=6 tCCD=1, tRCD=19 tRAS=45 tRP=19 tRC=50
n_cmd=0 n_nop=0 n_act=0 n_pre=0 n_ref_event=0 n_req=0 n_rd=0 n_rd_L2_A=0 n_write=0 n_wr_bk=0 bw_util=-nan
n_activity=0 dram_eff=-nan
bk0: 0a 0i bk1: 0a 0i bk2: 0a 0i bk3: 0a 0i bk4: 0a 0i bk5: 0a 0i bk6: 0a 0i bk7: 0a 0i bk8: 0a 0i bk9: 0a 0i bk10: 0a 0i bk11: 0a 0i bk12: 0a 0i bk13: 0a 0i bk14: 0a 0i bk15: 0a 0i 

------------------------------------------------------------------------

Row_Buffer_Locality = -nan
Row_Buffer_Locality_read = -nan
Row_Buffer_Locality_write = -nan
Bank_Level_Parallism = -nan
Bank_Level_Parallism_Col = -nan
Bank_Level_Parallism_Ready = -nan
write_to_read_ratio_blp_rw_average = -nan
GrpLevelPara = -nan 

BW Util details:
bwutil = -nan 
total_CMD = 0 
util_bw = 0 
Wasted_Col = 0 
Wasted_Row = 0 
Idle = 0 

BW Util Bottlenecks: 
RCDc_limit = 0 
RCDWRc_limit = 0 
WTRc_limit = 0 
RTWc_limit = 0 
CCDLc_limit = 0 
rwq = 0 
CCDLc_limit_alone = 0 
WTRc_limit_alone = 0 
RTWc_limit_alone = 0 

Commands details: 
total_CMD = 0 
n_nop = 0 
Read = 0 
Write = 0 
L2_Alloc = 0 
L2_WB = 0 
n_act = 0 
n_pre = 0 
n_ref = 0 
n_req = 0 
total_req = 0 

Dual Bus Interface Util: 
issued_total_row = 0 
issued_total_col = 0 
Row_Bus_Util =  -nan 
CoL_Bus_Util = -nan 
Either_Row_CoL_Bus_Util = -nan 
Issued_on_Two_Bus_Simul_Util = -nan 
issued_two_Eff = -nan 
queue_avg = -nan 


dram_util_bins: 0 0 0 0 0 0 0 0 0 0
dram_eff_bins: 0 0 0 0 0 0 0 0 0 0
mrqq: max=0 avg=-nan
Memory Partition 18: 
Cache L2_bank_036:
MSHR contents

Cache L2_bank_037:
MSHR contents

In Dram Latency Queue (total = 0): 
DRAM[18]: 16 bks, busW=8 BL=4 CL=19, tRRD=6 tCCD=1, tRCD=19 tRAS=45 tRP=19 tRC=50
n_cmd=0 n_nop=0 n_act=0 n_pre=0 n_ref_event=0 n_req=0 n_rd=0 n_rd_L2_A=0 n_write=0 n_wr_bk=0 bw_util=-nan
n_activity=0 dram_eff=-nan
bk0: 0a 0i bk1: 0a 0i bk2: 0a 0i bk3: 0a 0i bk4: 0a 0i bk5: 0a 0i bk6: 0a 0i bk7: 0a 0i bk8: 0a 0i bk9: 0a 0i bk10: 0a 0i bk11: 0a 0i bk12: 0a 0i bk13: 0a 0i bk14: 0a 0i bk15: 0a 0i 

------------------------------------------------------------------------

Row_Buffer_Locality = -nan
Row_Buffer_Locality_read = -nan
Row_Buffer_Locality_write = -nan
Bank_Level_Parallism = -nan
Bank_Level_Parallism_Col = -nan
Bank_Level_Parallism_Ready = -nan
write_to_read_ratio_blp_rw_average = -nan
GrpLevelPara = -nan 

BW Util details:
bwutil = -nan 
total_CMD = 0 
util_bw = 0 
Wasted_Col = 0 
Wasted_Row = 0 
Idle = 0 

BW Util Bottlenecks: 
RCDc_limit = 0 
RCDWRc_limit = 0 
WTRc_limit = 0 
RTWc_limit = 0 
CCDLc_limit = 0 
rwq = 0 
CCDLc_limit_alone = 0 
WTRc_limit_alone = 0 
RTWc_limit_alone = 0 

Commands details: 
total_CMD = 0 
n_nop = 0 
Read = 0 
Write = 0 
L2_Alloc = 0 
L2_WB = 0 
n_act = 0 
n_pre = 0 
n_ref = 0 
n_req = 0 
total_req = 0 

Dual Bus Interface Util: 
issued_total_row = 0 
issued_total_col = 0 
Row_Bus_Util =  -nan 
CoL_Bus_Util = -nan 
Either_Row_CoL_Bus_Util = -nan 
Issued_on_Two_Bus_Simul_Util = -nan 
issued_two_Eff = -nan 
queue_avg = -nan 


dram_util_bins: 0 0 0 0 0 0 0 0 0 0
dram_eff_bins: 0 0 0 0 0 0 0 0 0 0
mrqq: max=0 avg=-nan
Memory Partition 19: 
Cache L2_bank_038:
MSHR contents

Cache L2_bank_039:
MSHR contents

In Dram Latency Queue (total = 0): 
DRAM[19]: 16 bks, busW=8 BL=4 CL=19, tRRD=6 tCCD=1, tRCD=19 tRAS=45 tRP=19 tRC=50
n_cmd=0 n_nop=0 n_act=0 n_pre=0 n_ref_event=0 n_req=0 n_rd=0 n_rd_L2_A=0 n_write=0 n_wr_bk=0 bw_util=-nan
n_activity=0 dram_eff=-nan
bk0: 0a 0i bk1: 0a 0i bk2: 0a 0i bk3: 0a 0i bk4: 0a 0i bk5: 0a 0i bk6: 0a 0i bk7: 0a 0i bk8: 0a 0i bk9: 0a 0i bk10: 0a 0i bk11: 0a 0i bk12: 0a 0i bk13: 0a 0i bk14: 0a 0i bk15: 0a 0i 

------------------------------------------------------------------------

Row_Buffer_Locality = -nan
Row_Buffer_Locality_read = -nan
Row_Buffer_Locality_write = -nan
Bank_Level_Parallism = -nan
Bank_Level_Parallism_Col = -nan
Bank_Level_Parallism_Ready = -nan
write_to_read_ratio_blp_rw_average = -nan
GrpLevelPara = -nan 

BW Util details:
bwutil = -nan 
total_CMD = 0 
util_bw = 0 
Wasted_Col = 0 
Wasted_Row = 0 
Idle = 0 

BW Util Bottlenecks: 
RCDc_limit = 0 
RCDWRc_limit = 0 
WTRc_limit = 0 
RTWc_limit = 0 
CCDLc_limit = 0 
rwq = 0 
CCDLc_limit_alone = 0 
WTRc_limit_alone = 0 
RTWc_limit_alone = 0 

Commands details: 
total_CMD = 0 
n_nop = 0 
Read = 0 
Write = 0 
L2_Alloc = 0 
L2_WB = 0 
n_act = 0 
n_pre = 0 
n_ref = 0 
n_req = 0 
total_req = 0 

Dual Bus Interface Util: 
issued_total_row = 0 
issued_total_col = 0 
Row_Bus_Util =  -nan 
CoL_Bus_Util = -nan 
Either_Row_CoL_Bus_Util = -nan 
Issued_on_Two_Bus_Simul_Util = -nan 
issued_two_Eff = -nan 
queue_avg = -nan 


dram_util_bins: 0 0 0 0 0 0 0 0 0 0
dram_eff_bins: 0 0 0 0 0 0 0 0 0 0
mrqq: max=0 avg=-nan
Memory Partition 20: 
Cache L2_bank_040:
MSHR contents

Cache L2_bank_041:
MSHR contents

In Dram Latency Queue (total = 0): 
DRAM[20]: 16 bks, busW=8 BL=4 CL=19, tRRD=6 tCCD=1, tRCD=19 tRAS=45 tRP=19 tRC=50
n_cmd=0 n_nop=0 n_act=0 n_pre=0 n_ref_event=0 n_req=0 n_rd=0 n_rd_L2_A=0 n_write=0 n_wr_bk=0 bw_util=-nan
n_activity=0 dram_eff=-nan
bk0: 0a 0i bk1: 0a 0i bk2: 0a 0i bk3: 0a 0i bk4: 0a 0i bk5: 0a 0i bk6: 0a 0i bk7: 0a 0i bk8: 0a 0i bk9: 0a 0i bk10: 0a 0i bk11: 0a 0i bk12: 0a 0i bk13: 0a 0i bk14: 0a 0i bk15: 0a 0i 

------------------------------------------------------------------------

Row_Buffer_Locality = -nan
Row_Buffer_Locality_read = -nan
Row_Buffer_Locality_write = -nan
Bank_Level_Parallism = -nan
Bank_Level_Parallism_Col = -nan
Bank_Level_Parallism_Ready = -nan
write_to_read_ratio_blp_rw_average = -nan
GrpLevelPara = -nan 

BW Util details:
bwutil = -nan 
total_CMD = 0 
util_bw = 0 
Wasted_Col = 0 
Wasted_Row = 0 
Idle = 0 

BW Util Bottlenecks: 
RCDc_limit = 0 
RCDWRc_limit = 0 
WTRc_limit = 0 
RTWc_limit = 0 
CCDLc_limit = 0 
rwq = 0 
CCDLc_limit_alone = 0 
WTRc_limit_alone = 0 
RTWc_limit_alone = 0 

Commands details: 
total_CMD = 0 
n_nop = 0 
Read = 0 
Write = 0 
L2_Alloc = 0 
L2_WB = 0 
n_act = 0 
n_pre = 0 
n_ref = 0 
n_req = 0 
total_req = 0 

Dual Bus Interface Util: 
issued_total_row = 0 
issued_total_col = 0 
Row_Bus_Util =  -nan 
CoL_Bus_Util = -nan 
Either_Row_CoL_Bus_Util = -nan 
Issued_on_Two_Bus_Simul_Util = -nan 
issued_two_Eff = -nan 
queue_avg = -nan 


dram_util_bins: 0 0 0 0 0 0 0 0 0 0
dram_eff_bins: 0 0 0 0 0 0 0 0 0 0
mrqq: max=0 avg=-nan
Memory Partition 21: 
Cache L2_bank_042:
MSHR contents

Cache L2_bank_043:
MSHR contents

In Dram Latency Queue (total = 0): 
DRAM[21]: 16 bks, busW=8 BL=4 CL=19, tRRD=6 tCCD=1, tRCD=19 tRAS=45 tRP=19 tRC=50
n_cmd=0 n_nop=0 n_act=0 n_pre=0 n_ref_event=0 n_req=0 n_rd=0 n_rd_L2_A=0 n_write=0 n_wr_bk=0 bw_util=-nan
n_activity=0 dram_eff=-nan
bk0: 0a 0i bk1: 0a 0i bk2: 0a 0i bk3: 0a 0i bk4: 0a 0i bk5: 0a 0i bk6: 0a 0i bk7: 0a 0i bk8: 0a 0i bk9: 0a 0i bk10: 0a 0i bk11: 0a 0i bk12: 0a 0i bk13: 0a 0i bk14: 0a 0i bk15: 0a 0i 

------------------------------------------------------------------------

Row_Buffer_Locality = -nan
Row_Buffer_Locality_read = -nan
Row_Buffer_Locality_write = -nan
Bank_Level_Parallism = -nan
Bank_Level_Parallism_Col = -nan
Bank_Level_Parallism_Ready = -nan
write_to_read_ratio_blp_rw_average = -nan
GrpLevelPara = -nan 

BW Util details:
bwutil = -nan 
total_CMD = 0 
util_bw = 0 
Wasted_Col = 0 
Wasted_Row = 0 
Idle = 0 

BW Util Bottlenecks: 
RCDc_limit = 0 
RCDWRc_limit = 0 
WTRc_limit = 0 
RTWc_limit = 0 
CCDLc_limit = 0 
rwq = 0 
CCDLc_limit_alone = 0 
WTRc_limit_alone = 0 
RTWc_limit_alone = 0 

Commands details: 
total_CMD = 0 
n_nop = 0 
Read = 0 
Write = 0 
L2_Alloc = 0 
L2_WB = 0 
n_act = 0 
n_pre = 0 
n_ref = 0 
n_req = 0 
total_req = 0 

Dual Bus Interface Util: 
issued_total_row = 0 
issued_total_col = 0 
Row_Bus_Util =  -nan 
CoL_Bus_Util = -nan 
Either_Row_CoL_Bus_Util = -nan 
Issued_on_Two_Bus_Simul_Util = -nan 
issued_two_Eff = -nan 
queue_avg = -nan 


dram_util_bins: 0 0 0 0 0 0 0 0 0 0
dram_eff_bins: 0 0 0 0 0 0 0 0 0 0
mrqq: max=0 avg=-nan
Memory Partition 22: 
Cache L2_bank_044:
MSHR contents

Cache L2_bank_045:
MSHR contents

In Dram Latency Queue (total = 0): 
DRAM[22]: 16 bks, busW=8 BL=4 CL=19, tRRD=6 tCCD=1, tRCD=19 tRAS=45 tRP=19 tRC=50
n_cmd=0 n_nop=0 n_act=0 n_pre=0 n_ref_event=0 n_req=0 n_rd=0 n_rd_L2_A=0 n_write=0 n_wr_bk=0 bw_util=-nan
n_activity=0 dram_eff=-nan
bk0: 0a 0i bk1: 0a 0i bk2: 0a 0i bk3: 0a 0i bk4: 0a 0i bk5: 0a 0i bk6: 0a 0i bk7: 0a 0i bk8: 0a 0i bk9: 0a 0i bk10: 0a 0i bk11: 0a 0i bk12: 0a 0i bk13: 0a 0i bk14: 0a 0i bk15: 0a 0i 

------------------------------------------------------------------------

Row_Buffer_Locality = -nan
Row_Buffer_Locality_read = -nan
Row_Buffer_Locality_write = -nan
Bank_Level_Parallism = -nan
Bank_Level_Parallism_Col = -nan
Bank_Level_Parallism_Ready = -nan
write_to_read_ratio_blp_rw_average = -nan
GrpLevelPara = -nan 

BW Util details:
bwutil = -nan 
total_CMD = 0 
util_bw = 0 
Wasted_Col = 0 
Wasted_Row = 0 
Idle = 0 

BW Util Bottlenecks: 
RCDc_limit = 0 
RCDWRc_limit = 0 
WTRc_limit = 0 
RTWc_limit = 0 
CCDLc_limit = 0 
rwq = 0 
CCDLc_limit_alone = 0 
WTRc_limit_alone = 0 
RTWc_limit_alone = 0 

Commands details: 
total_CMD = 0 
n_nop = 0 
Read = 0 
Write = 0 
L2_Alloc = 0 
L2_WB = 0 
n_act = 0 
n_pre = 0 
n_ref = 0 
n_req = 0 
total_req = 0 

Dual Bus Interface Util: 
issued_total_row = 0 
issued_total_col = 0 
Row_Bus_Util =  -nan 
CoL_Bus_Util = -nan 
Either_Row_CoL_Bus_Util = -nan 
Issued_on_Two_Bus_Simul_Util = -nan 
issued_two_Eff = -nan 
queue_avg = -nan 


dram_util_bins: 0 0 0 0 0 0 0 0 0 0
dram_eff_bins: 0 0 0 0 0 0 0 0 0 0
mrqq: max=0 avg=-nan
Memory Partition 23: 
Cache L2_bank_046:
MSHR contents

Cache L2_bank_047:
MSHR contents

In Dram Latency Queue (total = 0): 
DRAM[23]: 16 bks, busW=8 BL=4 CL=19, tRRD=6 tCCD=1, tRCD=19 tRAS=45 tRP=19 tRC=50
n_cmd=0 n_nop=0 n_act=0 n_pre=0 n_ref_event=0 n_req=0 n_rd=0 n_rd_L2_A=0 n_write=0 n_wr_bk=0 bw_util=-nan
n_activity=0 dram_eff=-nan
bk0: 0a 0i bk1: 0a 0i bk2: 0a 0i bk3: 0a 0i bk4: 0a 0i bk5: 0a 0i bk6: 0a 0i bk7: 0a 0i bk8: 0a 0i bk9: 0a 0i bk10: 0a 0i bk11: 0a 0i bk12: 0a 0i bk13: 0a 0i bk14: 0a 0i bk15: 0a 0i 

------------------------------------------------------------------------

Row_Buffer_Locality = -nan
Row_Buffer_Locality_read = -nan
Row_Buffer_Locality_write = -nan
Bank_Level_Parallism = -nan
Bank_Level_Parallism_Col = -nan
Bank_Level_Parallism_Ready = -nan
write_to_read_ratio_blp_rw_average = -nan
GrpLevelPara = -nan 

BW Util details:
bwutil = -nan 
total_CMD = 0 
util_bw = 0 
Wasted_Col = 0 
Wasted_Row = 0 
Idle = 0 

BW Util Bottlenecks: 
RCDc_limit = 0 
RCDWRc_limit = 0 
WTRc_limit = 0 
RTWc_limit = 0 
CCDLc_limit = 0 
rwq = 0 
CCDLc_limit_alone = 0 
WTRc_limit_alone = 0 
RTWc_limit_alone = 0 

Commands details: 
total_CMD = 0 
n_nop = 0 
Read = 0 
Write = 0 
L2_Alloc = 0 
L2_WB = 0 
n_act = 0 
n_pre = 0 
n_ref = 0 
n_req = 0 
total_req = 0 

Dual Bus Interface Util: 
issued_total_row = 0 
issued_total_col = 0 
Row_Bus_Util =  -nan 
CoL_Bus_Util = -nan 
Either_Row_CoL_Bus_Util = -nan 
Issued_on_Two_Bus_Simul_Util = -nan 
issued_two_Eff = -nan 
queue_avg = -nan 


dram_util_bins: 0 0 0 0 0 0 0 0 0 0
dram_eff_bins: 0 0 0 0 0 0 0 0 0 0
mrqq: max=0 avg=-nan
Memory Partition 24: 
Cache L2_bank_048:
MSHR contents

Cache L2_bank_049:
MSHR contents

In Dram Latency Queue (total = 0): 
DRAM[24]: 16 bks, busW=8 BL=4 CL=19, tRRD=6 tCCD=1, tRCD=19 tRAS=45 tRP=19 tRC=50
n_cmd=0 n_nop=0 n_act=0 n_pre=0 n_ref_event=0 n_req=0 n_rd=0 n_rd_L2_A=0 n_write=0 n_wr_bk=0 bw_util=-nan
n_activity=0 dram_eff=-nan
bk0: 0a 0i bk1: 0a 0i bk2: 0a 0i bk3: 0a 0i bk4: 0a 0i bk5: 0a 0i bk6: 0a 0i bk7: 0a 0i bk8: 0a 0i bk9: 0a 0i bk10: 0a 0i bk11: 0a 0i bk12: 0a 0i bk13: 0a 0i bk14: 0a 0i bk15: 0a 0i 

------------------------------------------------------------------------

Row_Buffer_Locality = -nan
Row_Buffer_Locality_read = -nan
Row_Buffer_Locality_write = -nan
Bank_Level_Parallism = -nan
Bank_Level_Parallism_Col = -nan
Bank_Level_Parallism_Ready = -nan
write_to_read_ratio_blp_rw_average = -nan
GrpLevelPara = -nan 

BW Util details:
bwutil = -nan 
total_CMD = 0 
util_bw = 0 
Wasted_Col = 0 
Wasted_Row = 0 
Idle = 0 

BW Util Bottlenecks: 
RCDc_limit = 0 
RCDWRc_limit = 0 
WTRc_limit = 0 
RTWc_limit = 0 
CCDLc_limit = 0 
rwq = 0 
CCDLc_limit_alone = 0 
WTRc_limit_alone = 0 
RTWc_limit_alone = 0 

Commands details: 
total_CMD = 0 
n_nop = 0 
Read = 0 
Write = 0 
L2_Alloc = 0 
L2_WB = 0 
n_act = 0 
n_pre = 0 
n_ref = 0 
n_req = 0 
total_req = 0 

Dual Bus Interface Util: 
issued_total_row = 0 
issued_total_col = 0 
Row_Bus_Util =  -nan 
CoL_Bus_Util = -nan 
Either_Row_CoL_Bus_Util = -nan 
Issued_on_Two_Bus_Simul_Util = -nan 
issued_two_Eff = -nan 
queue_avg = -nan 


dram_util_bins: 0 0 0 0 0 0 0 0 0 0
dram_eff_bins: 0 0 0 0 0 0 0 0 0 0
mrqq: max=0 avg=-nan
Memory Partition 25: 
Cache L2_bank_050:
MSHR contents

Cache L2_bank_051:
MSHR contents

In Dram Latency Queue (total = 0): 
DRAM[25]: 16 bks, busW=8 BL=4 CL=19, tRRD=6 tCCD=1, tRCD=19 tRAS=45 tRP=19 tRC=50
n_cmd=0 n_nop=0 n_act=0 n_pre=0 n_ref_event=0 n_req=0 n_rd=0 n_rd_L2_A=0 n_write=0 n_wr_bk=0 bw_util=-nan
n_activity=0 dram_eff=-nan
bk0: 0a 0i bk1: 0a 0i bk2: 0a 0i bk3: 0a 0i bk4: 0a 0i bk5: 0a 0i bk6: 0a 0i bk7: 0a 0i bk8: 0a 0i bk9: 0a 0i bk10: 0a 0i bk11: 0a 0i bk12: 0a 0i bk13: 0a 0i bk14: 0a 0i bk15: 0a 0i 

------------------------------------------------------------------------

Row_Buffer_Locality = -nan
Row_Buffer_Locality_read = -nan
Row_Buffer_Locality_write = -nan
Bank_Level_Parallism = -nan
Bank_Level_Parallism_Col = -nan
Bank_Level_Parallism_Ready = -nan
write_to_read_ratio_blp_rw_average = -nan
GrpLevelPara = -nan 

BW Util details:
bwutil = -nan 
total_CMD = 0 
util_bw = 0 
Wasted_Col = 0 
Wasted_Row = 0 
Idle = 0 

BW Util Bottlenecks: 
RCDc_limit = 0 
RCDWRc_limit = 0 
WTRc_limit = 0 
RTWc_limit = 0 
CCDLc_limit = 0 
rwq = 0 
CCDLc_limit_alone = 0 
WTRc_limit_alone = 0 
RTWc_limit_alone = 0 

Commands details: 
total_CMD = 0 
n_nop = 0 
Read = 0 
Write = 0 
L2_Alloc = 0 
L2_WB = 0 
n_act = 0 
n_pre = 0 
n_ref = 0 
n_req = 0 
total_req = 0 

Dual Bus Interface Util: 
issued_total_row = 0 
issued_total_col = 0 
Row_Bus_Util =  -nan 
CoL_Bus_Util = -nan 
Either_Row_CoL_Bus_Util = -nan 
Issued_on_Two_Bus_Simul_Util = -nan 
issued_two_Eff = -nan 
queue_avg = -nan 


dram_util_bins: 0 0 0 0 0 0 0 0 0 0
dram_eff_bins: 0 0 0 0 0 0 0 0 0 0
mrqq: max=0 avg=-nan
Memory Partition 26: 
Cache L2_bank_052:
MSHR contents

Cache L2_bank_053:
MSHR contents

In Dram Latency Queue (total = 0): 
DRAM[26]: 16 bks, busW=8 BL=4 CL=19, tRRD=6 tCCD=1, tRCD=19 tRAS=45 tRP=19 tRC=50
n_cmd=0 n_nop=0 n_act=0 n_pre=0 n_ref_event=0 n_req=0 n_rd=0 n_rd_L2_A=0 n_write=0 n_wr_bk=0 bw_util=-nan
n_activity=0 dram_eff=-nan
bk0: 0a 0i bk1: 0a 0i bk2: 0a 0i bk3: 0a 0i bk4: 0a 0i bk5: 0a 0i bk6: 0a 0i bk7: 0a 0i bk8: 0a 0i bk9: 0a 0i bk10: 0a 0i bk11: 0a 0i bk12: 0a 0i bk13: 0a 0i bk14: 0a 0i bk15: 0a 0i 

------------------------------------------------------------------------

Row_Buffer_Locality = -nan
Row_Buffer_Locality_read = -nan
Row_Buffer_Locality_write = -nan
Bank_Level_Parallism = -nan
Bank_Level_Parallism_Col = -nan
Bank_Level_Parallism_Ready = -nan
write_to_read_ratio_blp_rw_average = -nan
GrpLevelPara = -nan 

BW Util details:
bwutil = -nan 
total_CMD = 0 
util_bw = 0 
Wasted_Col = 0 
Wasted_Row = 0 
Idle = 0 

BW Util Bottlenecks: 
RCDc_limit = 0 
RCDWRc_limit = 0 
WTRc_limit = 0 
RTWc_limit = 0 
CCDLc_limit = 0 
rwq = 0 
CCDLc_limit_alone = 0 
WTRc_limit_alone = 0 
RTWc_limit_alone = 0 

Commands details: 
total_CMD = 0 
n_nop = 0 
Read = 0 
Write = 0 
L2_Alloc = 0 
L2_WB = 0 
n_act = 0 
n_pre = 0 
n_ref = 0 
n_req = 0 
total_req = 0 

Dual Bus Interface Util: 
issued_total_row = 0 
issued_total_col = 0 
Row_Bus_Util =  -nan 
CoL_Bus_Util = -nan 
Either_Row_CoL_Bus_Util = -nan 
Issued_on_Two_Bus_Simul_Util = -nan 
issued_two_Eff = -nan 
queue_avg = -nan 


dram_util_bins: 0 0 0 0 0 0 0 0 0 0
dram_eff_bins: 0 0 0 0 0 0 0 0 0 0
mrqq: max=0 avg=-nan
Memory Partition 27: 
Cache L2_bank_054:
MSHR contents

Cache L2_bank_055:
MSHR contents

In Dram Latency Queue (total = 0): 
DRAM[27]: 16 bks, busW=8 BL=4 CL=19, tRRD=6 tCCD=1, tRCD=19 tRAS=45 tRP=19 tRC=50
n_cmd=0 n_nop=0 n_act=0 n_pre=0 n_ref_event=0 n_req=0 n_rd=0 n_rd_L2_A=0 n_write=0 n_wr_bk=0 bw_util=-nan
n_activity=0 dram_eff=-nan
bk0: 0a 0i bk1: 0a 0i bk2: 0a 0i bk3: 0a 0i bk4: 0a 0i bk5: 0a 0i bk6: 0a 0i bk7: 0a 0i bk8: 0a 0i bk9: 0a 0i bk10: 0a 0i bk11: 0a 0i bk12: 0a 0i bk13: 0a 0i bk14: 0a 0i bk15: 0a 0i 

------------------------------------------------------------------------

Row_Buffer_Locality = -nan
Row_Buffer_Locality_read = -nan
Row_Buffer_Locality_write = -nan
Bank_Level_Parallism = -nan
Bank_Level_Parallism_Col = -nan
Bank_Level_Parallism_Ready = -nan
write_to_read_ratio_blp_rw_average = -nan
GrpLevelPara = -nan 

BW Util details:
bwutil = -nan 
total_CMD = 0 
util_bw = 0 
Wasted_Col = 0 
Wasted_Row = 0 
Idle = 0 

BW Util Bottlenecks: 
RCDc_limit = 0 
RCDWRc_limit = 0 
WTRc_limit = 0 
RTWc_limit = 0 
CCDLc_limit = 0 
rwq = 0 
CCDLc_limit_alone = 0 
WTRc_limit_alone = 0 
RTWc_limit_alone = 0 

Commands details: 
total_CMD = 0 
n_nop = 0 
Read = 0 
Write = 0 
L2_Alloc = 0 
L2_WB = 0 
n_act = 0 
n_pre = 0 
n_ref = 0 
n_req = 0 
total_req = 0 

Dual Bus Interface Util: 
issued_total_row = 0 
issued_total_col = 0 
Row_Bus_Util =  -nan 
CoL_Bus_Util = -nan 
Either_Row_CoL_Bus_Util = -nan 
Issued_on_Two_Bus_Simul_Util = -nan 
issued_two_Eff = -nan 
queue_avg = -nan 


dram_util_bins: 0 0 0 0 0 0 0 0 0 0
dram_eff_bins: 0 0 0 0 0 0 0 0 0 0
mrqq: max=0 avg=-nan
Memory Partition 28: 
Cache L2_bank_056:
MSHR contents

Cache L2_bank_057:
MSHR contents

In Dram Latency Queue (total = 0): 
DRAM[28]: 16 bks, busW=8 BL=4 CL=19, tRRD=6 tCCD=1, tRCD=19 tRAS=45 tRP=19 tRC=50
n_cmd=0 n_nop=0 n_act=0 n_pre=0 n_ref_event=0 n_req=0 n_rd=0 n_rd_L2_A=0 n_write=0 n_wr_bk=0 bw_util=-nan
n_activity=0 dram_eff=-nan
bk0: 0a 0i bk1: 0a 0i bk2: 0a 0i bk3: 0a 0i bk4: 0a 0i bk5: 0a 0i bk6: 0a 0i bk7: 0a 0i bk8: 0a 0i bk9: 0a 0i bk10: 0a 0i bk11: 0a 0i bk12: 0a 0i bk13: 0a 0i bk14: 0a 0i bk15: 0a 0i 

------------------------------------------------------------------------

Row_Buffer_Locality = -nan
Row_Buffer_Locality_read = -nan
Row_Buffer_Locality_write = -nan
Bank_Level_Parallism = -nan
Bank_Level_Parallism_Col = -nan
Bank_Level_Parallism_Ready = -nan
write_to_read_ratio_blp_rw_average = -nan
GrpLevelPara = -nan 

BW Util details:
bwutil = -nan 
total_CMD = 0 
util_bw = 0 
Wasted_Col = 0 
Wasted_Row = 0 
Idle = 0 

BW Util Bottlenecks: 
RCDc_limit = 0 
RCDWRc_limit = 0 
WTRc_limit = 0 
RTWc_limit = 0 
CCDLc_limit = 0 
rwq = 0 
CCDLc_limit_alone = 0 
WTRc_limit_alone = 0 
RTWc_limit_alone = 0 

Commands details: 
total_CMD = 0 
n_nop = 0 
Read = 0 
Write = 0 
L2_Alloc = 0 
L2_WB = 0 
n_act = 0 
n_pre = 0 
n_ref = 0 
n_req = 0 
total_req = 0 

Dual Bus Interface Util: 
issued_total_row = 0 
issued_total_col = 0 
Row_Bus_Util =  -nan 
CoL_Bus_Util = -nan 
Either_Row_CoL_Bus_Util = -nan 
Issued_on_Two_Bus_Simul_Util = -nan 
issued_two_Eff = -nan 
queue_avg = -nan 


dram_util_bins: 0 0 0 0 0 0 0 0 0 0
dram_eff_bins: 0 0 0 0 0 0 0 0 0 0
mrqq: max=0 avg=-nan
Memory Partition 29: 
Cache L2_bank_058:
MSHR contents

Cache L2_bank_059:
MSHR contents

In Dram Latency Queue (total = 0): 
DRAM[29]: 16 bks, busW=8 BL=4 CL=19, tRRD=6 tCCD=1, tRCD=19 tRAS=45 tRP=19 tRC=50
n_cmd=0 n_nop=0 n_act=0 n_pre=0 n_ref_event=0 n_req=0 n_rd=0 n_rd_L2_A=0 n_write=0 n_wr_bk=0 bw_util=-nan
n_activity=0 dram_eff=-nan
bk0: 0a 0i bk1: 0a 0i bk2: 0a 0i bk3: 0a 0i bk4: 0a 0i bk5: 0a 0i bk6: 0a 0i bk7: 0a 0i bk8: 0a 0i bk9: 0a 0i bk10: 0a 0i bk11: 0a 0i bk12: 0a 0i bk13: 0a 0i bk14: 0a 0i bk15: 0a 0i 

------------------------------------------------------------------------

Row_Buffer_Locality = -nan
Row_Buffer_Locality_read = -nan
Row_Buffer_Locality_write = -nan
Bank_Level_Parallism = -nan
Bank_Level_Parallism_Col = -nan
Bank_Level_Parallism_Ready = -nan
write_to_read_ratio_blp_rw_average = -nan
GrpLevelPara = -nan 

BW Util details:
bwutil = -nan 
total_CMD = 0 
util_bw = 0 
Wasted_Col = 0 
Wasted_Row = 0 
Idle = 0 

BW Util Bottlenecks: 
RCDc_limit = 0 
RCDWRc_limit = 0 
WTRc_limit = 0 
RTWc_limit = 0 
CCDLc_limit = 0 
rwq = 0 
CCDLc_limit_alone = 0 
WTRc_limit_alone = 0 
RTWc_limit_alone = 0 

Commands details: 
total_CMD = 0 
n_nop = 0 
Read = 0 
Write = 0 
L2_Alloc = 0 
L2_WB = 0 
n_act = 0 
n_pre = 0 
n_ref = 0 
n_req = 0 
total_req = 0 

Dual Bus Interface Util: 
issued_total_row = 0 
issued_total_col = 0 
Row_Bus_Util =  -nan 
CoL_Bus_Util = -nan 
Either_Row_CoL_Bus_Util = -nan 
Issued_on_Two_Bus_Simul_Util = -nan 
issued_two_Eff = -nan 
queue_avg = -nan 


dram_util_bins: 0 0 0 0 0 0 0 0 0 0
dram_eff_bins: 0 0 0 0 0 0 0 0 0 0
mrqq: max=0 avg=-nan
Memory Partition 30: 
Cache L2_bank_060:
MSHR contents

Cache L2_bank_061:
MSHR contents

In Dram Latency Queue (total = 0): 
DRAM[30]: 16 bks, busW=8 BL=4 CL=19, tRRD=6 tCCD=1, tRCD=19 tRAS=45 tRP=19 tRC=50
n_cmd=0 n_nop=0 n_act=0 n_pre=0 n_ref_event=0 n_req=0 n_rd=0 n_rd_L2_A=0 n_write=0 n_wr_bk=0 bw_util=-nan
n_activity=0 dram_eff=-nan
bk0: 0a 0i bk1: 0a 0i bk2: 0a 0i bk3: 0a 0i bk4: 0a 0i bk5: 0a 0i bk6: 0a 0i bk7: 0a 0i bk8: 0a 0i bk9: 0a 0i bk10: 0a 0i bk11: 0a 0i bk12: 0a 0i bk13: 0a 0i bk14: 0a 0i bk15: 0a 0i 

------------------------------------------------------------------------

Row_Buffer_Locality = -nan
Row_Buffer_Locality_read = -nan
Row_Buffer_Locality_write = -nan
Bank_Level_Parallism = -nan
Bank_Level_Parallism_Col = -nan
Bank_Level_Parallism_Ready = -nan
write_to_read_ratio_blp_rw_average = -nan
GrpLevelPara = -nan 

BW Util details:
bwutil = -nan 
total_CMD = 0 
util_bw = 0 
Wasted_Col = 0 
Wasted_Row = 0 
Idle = 0 

BW Util Bottlenecks: 
RCDc_limit = 0 
RCDWRc_limit = 0 
WTRc_limit = 0 
RTWc_limit = 0 
CCDLc_limit = 0 
rwq = 0 
CCDLc_limit_alone = 0 
WTRc_limit_alone = 0 
RTWc_limit_alone = 0 

Commands details: 
total_CMD = 0 
n_nop = 0 
Read = 0 
Write = 0 
L2_Alloc = 0 
L2_WB = 0 
n_act = 0 
n_pre = 0 
n_ref = 0 
n_req = 0 
total_req = 0 

Dual Bus Interface Util: 
issued_total_row = 0 
issued_total_col = 0 
Row_Bus_Util =  -nan 
CoL_Bus_Util = -nan 
Either_Row_CoL_Bus_Util = -nan 
Issued_on_Two_Bus_Simul_Util = -nan 
issued_two_Eff = -nan 
queue_avg = -nan 


dram_util_bins: 0 0 0 0 0 0 0 0 0 0
dram_eff_bins: 0 0 0 0 0 0 0 0 0 0
mrqq: max=0 avg=-nan
Memory Partition 31: 
Cache L2_bank_062:
MSHR contents

Cache L2_bank_063:
MSHR contents

In Dram Latency Queue (total = 0): 
DRAM[31]: 16 bks, busW=8 BL=4 CL=19, tRRD=6 tCCD=1, tRCD=19 tRAS=45 tRP=19 tRC=50
n_cmd=0 n_nop=0 n_act=0 n_pre=0 n_ref_event=0 n_req=0 n_rd=0 n_rd_L2_A=0 n_write=0 n_wr_bk=0 bw_util=-nan
n_activity=0 dram_eff=-nan
bk0: 0a 0i bk1: 0a 0i bk2: 0a 0i bk3: 0a 0i bk4: 0a 0i bk5: 0a 0i bk6: 0a 0i bk7: 0a 0i bk8: 0a 0i bk9: 0a 0i bk10: 0a 0i bk11: 0a 0i bk12: 0a 0i bk13: 0a 0i bk14: 0a 0i bk15: 0a 0i 

------------------------------------------------------------------------

Row_Buffer_Locality = -nan
Row_Buffer_Locality_read = -nan
Row_Buffer_Locality_write = -nan
Bank_Level_Parallism = -nan
Bank_Level_Parallism_Col = -nan
Bank_Level_Parallism_Ready = -nan
write_to_read_ratio_blp_rw_average = -nan
GrpLevelPara = -nan 

BW Util details:
bwutil = -nan 
total_CMD = 0 
util_bw = 0 
Wasted_Col = 0 
Wasted_Row = 0 
Idle = 0 

BW Util Bottlenecks: 
RCDc_limit = 0 
RCDWRc_limit = 0 
WTRc_limit = 0 
RTWc_limit = 0 
CCDLc_limit = 0 
rwq = 0 
CCDLc_limit_alone = 0 
WTRc_limit_alone = 0 
RTWc_limit_alone = 0 

Commands details: 
total_CMD = 0 
n_nop = 0 
Read = 0 
Write = 0 
L2_Alloc = 0 
L2_WB = 0 
n_act = 0 
n_pre = 0 
n_ref = 0 
n_req = 0 
total_req = 0 

Dual Bus Interface Util: 
issued_total_row = 0 
issued_total_col = 0 
Row_Bus_Util =  -nan 
CoL_Bus_Util = -nan 
Either_Row_CoL_Bus_Util = -nan 
Issued_on_Two_Bus_Simul_Util = -nan 
issued_two_Eff = -nan 
queue_avg = -nan 


dram_util_bins: 0 0 0 0 0 0 0 0 0 0
dram_eff_bins: 0 0 0 0 0 0 0 0 0 0
mrqq: max=0 avg=-nan
Memory Partition 32: 
Cache L2_bank_064:
MSHR contents

Cache L2_bank_065:
MSHR contents

In Dram Latency Queue (total = 0): 
DRAM[32]: 16 bks, busW=8 BL=4 CL=19, tRRD=6 tCCD=1, tRCD=19 tRAS=45 tRP=19 tRC=50
n_cmd=0 n_nop=0 n_act=0 n_pre=0 n_ref_event=0 n_req=0 n_rd=0 n_rd_L2_A=0 n_write=0 n_wr_bk=0 bw_util=-nan
n_activity=0 dram_eff=-nan
bk0: 0a 0i bk1: 0a 0i bk2: 0a 0i bk3: 0a 0i bk4: 0a 0i bk5: 0a 0i bk6: 0a 0i bk7: 0a 0i bk8: 0a 0i bk9: 0a 0i bk10: 0a 0i bk11: 0a 0i bk12: 0a 0i bk13: 0a 0i bk14: 0a 0i bk15: 0a 0i 

------------------------------------------------------------------------

Row_Buffer_Locality = -nan
Row_Buffer_Locality_read = -nan
Row_Buffer_Locality_write = -nan
Bank_Level_Parallism = -nan
Bank_Level_Parallism_Col = -nan
Bank_Level_Parallism_Ready = -nan
write_to_read_ratio_blp_rw_average = -nan
GrpLevelPara = -nan 

BW Util details:
bwutil = -nan 
total_CMD = 0 
util_bw = 0 
Wasted_Col = 0 
Wasted_Row = 0 
Idle = 0 

BW Util Bottlenecks: 
RCDc_limit = 0 
RCDWRc_limit = 0 
WTRc_limit = 0 
RTWc_limit = 0 
CCDLc_limit = 0 
rwq = 0 
CCDLc_limit_alone = 0 
WTRc_limit_alone = 0 
RTWc_limit_alone = 0 

Commands details: 
total_CMD = 0 
n_nop = 0 
Read = 0 
Write = 0 
L2_Alloc = 0 
L2_WB = 0 
n_act = 0 
n_pre = 0 
n_ref = 0 
n_req = 0 
total_req = 0 

Dual Bus Interface Util: 
issued_total_row = 0 
issued_total_col = 0 
Row_Bus_Util =  -nan 
CoL_Bus_Util = -nan 
Either_Row_CoL_Bus_Util = -nan 
Issued_on_Two_Bus_Simul_Util = -nan 
issued_two_Eff = -nan 
queue_avg = -nan 


dram_util_bins: 0 0 0 0 0 0 0 0 0 0
dram_eff_bins: 0 0 0 0 0 0 0 0 0 0
mrqq: max=0 avg=-nan
Memory Partition 33: 
Cache L2_bank_066:
MSHR contents

Cache L2_bank_067:
MSHR contents

In Dram Latency Queue (total = 0): 
DRAM[33]: 16 bks, busW=8 BL=4 CL=19, tRRD=6 tCCD=1, tRCD=19 tRAS=45 tRP=19 tRC=50
n_cmd=0 n_nop=0 n_act=0 n_pre=0 n_ref_event=0 n_req=0 n_rd=0 n_rd_L2_A=0 n_write=0 n_wr_bk=0 bw_util=-nan
n_activity=0 dram_eff=-nan
bk0: 0a 0i bk1: 0a 0i bk2: 0a 0i bk3: 0a 0i bk4: 0a 0i bk5: 0a 0i bk6: 0a 0i bk7: 0a 0i bk8: 0a 0i bk9: 0a 0i bk10: 0a 0i bk11: 0a 0i bk12: 0a 0i bk13: 0a 0i bk14: 0a 0i bk15: 0a 0i 

------------------------------------------------------------------------

Row_Buffer_Locality = -nan
Row_Buffer_Locality_read = -nan
Row_Buffer_Locality_write = -nan
Bank_Level_Parallism = -nan
Bank_Level_Parallism_Col = -nan
Bank_Level_Parallism_Ready = -nan
write_to_read_ratio_blp_rw_average = -nan
GrpLevelPara = -nan 

BW Util details:
bwutil = -nan 
total_CMD = 0 
util_bw = 0 
Wasted_Col = 0 
Wasted_Row = 0 
Idle = 0 

BW Util Bottlenecks: 
RCDc_limit = 0 
RCDWRc_limit = 0 
WTRc_limit = 0 
RTWc_limit = 0 
CCDLc_limit = 0 
rwq = 0 
CCDLc_limit_alone = 0 
WTRc_limit_alone = 0 
RTWc_limit_alone = 0 

Commands details: 
total_CMD = 0 
n_nop = 0 
Read = 0 
Write = 0 
L2_Alloc = 0 
L2_WB = 0 
n_act = 0 
n_pre = 0 
n_ref = 0 
n_req = 0 
total_req = 0 

Dual Bus Interface Util: 
issued_total_row = 0 
issued_total_col = 0 
Row_Bus_Util =  -nan 
CoL_Bus_Util = -nan 
Either_Row_CoL_Bus_Util = -nan 
Issued_on_Two_Bus_Simul_Util = -nan 
issued_two_Eff = -nan 
queue_avg = -nan 


dram_util_bins: 0 0 0 0 0 0 0 0 0 0
dram_eff_bins: 0 0 0 0 0 0 0 0 0 0
mrqq: max=0 avg=-nan
Memory Partition 34: 
Cache L2_bank_068:
MSHR contents

Cache L2_bank_069:
MSHR contents

In Dram Latency Queue (total = 0): 
DRAM[34]: 16 bks, busW=8 BL=4 CL=19, tRRD=6 tCCD=1, tRCD=19 tRAS=45 tRP=19 tRC=50
n_cmd=0 n_nop=0 n_act=0 n_pre=0 n_ref_event=0 n_req=0 n_rd=0 n_rd_L2_A=0 n_write=0 n_wr_bk=0 bw_util=-nan
n_activity=0 dram_eff=-nan
bk0: 0a 0i bk1: 0a 0i bk2: 0a 0i bk3: 0a 0i bk4: 0a 0i bk5: 0a 0i bk6: 0a 0i bk7: 0a 0i bk8: 0a 0i bk9: 0a 0i bk10: 0a 0i bk11: 0a 0i bk12: 0a 0i bk13: 0a 0i bk14: 0a 0i bk15: 0a 0i 

------------------------------------------------------------------------

Row_Buffer_Locality = -nan
Row_Buffer_Locality_read = -nan
Row_Buffer_Locality_write = -nan
Bank_Level_Parallism = -nan
Bank_Level_Parallism_Col = -nan
Bank_Level_Parallism_Ready = -nan
write_to_read_ratio_blp_rw_average = -nan
GrpLevelPara = -nan 

BW Util details:
bwutil = -nan 
total_CMD = 0 
util_bw = 0 
Wasted_Col = 0 
Wasted_Row = 0 
Idle = 0 

BW Util Bottlenecks: 
RCDc_limit = 0 
RCDWRc_limit = 0 
WTRc_limit = 0 
RTWc_limit = 0 
CCDLc_limit = 0 
rwq = 0 
CCDLc_limit_alone = 0 
WTRc_limit_alone = 0 
RTWc_limit_alone = 0 

Commands details: 
total_CMD = 0 
n_nop = 0 
Read = 0 
Write = 0 
L2_Alloc = 0 
L2_WB = 0 
n_act = 0 
n_pre = 0 
n_ref = 0 
n_req = 0 
total_req = 0 

Dual Bus Interface Util: 
issued_total_row = 0 
issued_total_col = 0 
Row_Bus_Util =  -nan 
CoL_Bus_Util = -nan 
Either_Row_CoL_Bus_Util = -nan 
Issued_on_Two_Bus_Simul_Util = -nan 
issued_two_Eff = -nan 
queue_avg = -nan 


dram_util_bins: 0 0 0 0 0 0 0 0 0 0
dram_eff_bins: 0 0 0 0 0 0 0 0 0 0
mrqq: max=0 avg=-nan
Memory Partition 35: 
Cache L2_bank_070:
MSHR contents

Cache L2_bank_071:
MSHR contents

In Dram Latency Queue (total = 0): 
DRAM[35]: 16 bks, busW=8 BL=4 CL=19, tRRD=6 tCCD=1, tRCD=19 tRAS=45 tRP=19 tRC=50
n_cmd=0 n_nop=0 n_act=0 n_pre=0 n_ref_event=0 n_req=0 n_rd=0 n_rd_L2_A=0 n_write=0 n_wr_bk=0 bw_util=-nan
n_activity=0 dram_eff=-nan
bk0: 0a 0i bk1: 0a 0i bk2: 0a 0i bk3: 0a 0i bk4: 0a 0i bk5: 0a 0i bk6: 0a 0i bk7: 0a 0i bk8: 0a 0i bk9: 0a 0i bk10: 0a 0i bk11: 0a 0i bk12: 0a 0i bk13: 0a 0i bk14: 0a 0i bk15: 0a 0i 

------------------------------------------------------------------------

Row_Buffer_Locality = -nan
Row_Buffer_Locality_read = -nan
Row_Buffer_Locality_write = -nan
Bank_Level_Parallism = -nan
Bank_Level_Parallism_Col = -nan
Bank_Level_Parallism_Ready = -nan
write_to_read_ratio_blp_rw_average = -nan
GrpLevelPara = -nan 

BW Util details:
bwutil = -nan 
total_CMD = 0 
util_bw = 0 
Wasted_Col = 0 
Wasted_Row = 0 
Idle = 0 

BW Util Bottlenecks: 
RCDc_limit = 0 
RCDWRc_limit = 0 
WTRc_limit = 0 
RTWc_limit = 0 
CCDLc_limit = 0 
rwq = 0 
CCDLc_limit_alone = 0 
WTRc_limit_alone = 0 
RTWc_limit_alone = 0 

Commands details: 
total_CMD = 0 
n_nop = 0 
Read = 0 
Write = 0 
L2_Alloc = 0 
L2_WB = 0 
n_act = 0 
n_pre = 0 
n_ref = 0 
n_req = 0 
total_req = 0 

Dual Bus Interface Util: 
issued_total_row = 0 
issued_total_col = 0 
Row_Bus_Util =  -nan 
CoL_Bus_Util = -nan 
Either_Row_CoL_Bus_Util = -nan 
Issued_on_Two_Bus_Simul_Util = -nan 
issued_two_Eff = -nan 
queue_avg = -nan 


dram_util_bins: 0 0 0 0 0 0 0 0 0 0
dram_eff_bins: 0 0 0 0 0 0 0 0 0 0
mrqq: max=0 avg=-nan
Memory Partition 36: 
Cache L2_bank_072:
MSHR contents

Cache L2_bank_073:
MSHR contents

In Dram Latency Queue (total = 0): 
DRAM[36]: 16 bks, busW=8 BL=4 CL=19, tRRD=6 tCCD=1, tRCD=19 tRAS=45 tRP=19 tRC=50
n_cmd=0 n_nop=0 n_act=0 n_pre=0 n_ref_event=0 n_req=0 n_rd=0 n_rd_L2_A=0 n_write=0 n_wr_bk=0 bw_util=-nan
n_activity=0 dram_eff=-nan
bk0: 0a 0i bk1: 0a 0i bk2: 0a 0i bk3: 0a 0i bk4: 0a 0i bk5: 0a 0i bk6: 0a 0i bk7: 0a 0i bk8: 0a 0i bk9: 0a 0i bk10: 0a 0i bk11: 0a 0i bk12: 0a 0i bk13: 0a 0i bk14: 0a 0i bk15: 0a 0i 

------------------------------------------------------------------------

Row_Buffer_Locality = -nan
Row_Buffer_Locality_read = -nan
Row_Buffer_Locality_write = -nan
Bank_Level_Parallism = -nan
Bank_Level_Parallism_Col = -nan
Bank_Level_Parallism_Ready = -nan
write_to_read_ratio_blp_rw_average = -nan
GrpLevelPara = -nan 

BW Util details:
bwutil = -nan 
total_CMD = 0 
util_bw = 0 
Wasted_Col = 0 
Wasted_Row = 0 
Idle = 0 

BW Util Bottlenecks: 
RCDc_limit = 0 
RCDWRc_limit = 0 
WTRc_limit = 0 
RTWc_limit = 0 
CCDLc_limit = 0 
rwq = 0 
CCDLc_limit_alone = 0 
WTRc_limit_alone = 0 
RTWc_limit_alone = 0 

Commands details: 
total_CMD = 0 
n_nop = 0 
Read = 0 
Write = 0 
L2_Alloc = 0 
L2_WB = 0 
n_act = 0 
n_pre = 0 
n_ref = 0 
n_req = 0 
total_req = 0 

Dual Bus Interface Util: 
issued_total_row = 0 
issued_total_col = 0 
Row_Bus_Util =  -nan 
CoL_Bus_Util = -nan 
Either_Row_CoL_Bus_Util = -nan 
Issued_on_Two_Bus_Simul_Util = -nan 
issued_two_Eff = -nan 
queue_avg = -nan 


dram_util_bins: 0 0 0 0 0 0 0 0 0 0
dram_eff_bins: 0 0 0 0 0 0 0 0 0 0
mrqq: max=0 avg=-nan
Memory Partition 37: 
Cache L2_bank_074:
MSHR contents

Cache L2_bank_075:
MSHR contents

In Dram Latency Queue (total = 0): 
DRAM[37]: 16 bks, busW=8 BL=4 CL=19, tRRD=6 tCCD=1, tRCD=19 tRAS=45 tRP=19 tRC=50
n_cmd=0 n_nop=0 n_act=0 n_pre=0 n_ref_event=0 n_req=0 n_rd=0 n_rd_L2_A=0 n_write=0 n_wr_bk=0 bw_util=-nan
n_activity=0 dram_eff=-nan
bk0: 0a 0i bk1: 0a 0i bk2: 0a 0i bk3: 0a 0i bk4: 0a 0i bk5: 0a 0i bk6: 0a 0i bk7: 0a 0i bk8: 0a 0i bk9: 0a 0i bk10: 0a 0i bk11: 0a 0i bk12: 0a 0i bk13: 0a 0i bk14: 0a 0i bk15: 0a 0i 

------------------------------------------------------------------------

Row_Buffer_Locality = -nan
Row_Buffer_Locality_read = -nan
Row_Buffer_Locality_write = -nan
Bank_Level_Parallism = -nan
Bank_Level_Parallism_Col = -nan
Bank_Level_Parallism_Ready = -nan
write_to_read_ratio_blp_rw_average = -nan
GrpLevelPara = -nan 

BW Util details:
bwutil = -nan 
total_CMD = 0 
util_bw = 0 
Wasted_Col = 0 
Wasted_Row = 0 
Idle = 0 

BW Util Bottlenecks: 
RCDc_limit = 0 
RCDWRc_limit = 0 
WTRc_limit = 0 
RTWc_limit = 0 
CCDLc_limit = 0 
rwq = 0 
CCDLc_limit_alone = 0 
WTRc_limit_alone = 0 
RTWc_limit_alone = 0 

Commands details: 
total_CMD = 0 
n_nop = 0 
Read = 0 
Write = 0 
L2_Alloc = 0 
L2_WB = 0 
n_act = 0 
n_pre = 0 
n_ref = 0 
n_req = 0 
total_req = 0 

Dual Bus Interface Util: 
issued_total_row = 0 
issued_total_col = 0 
Row_Bus_Util =  -nan 
CoL_Bus_Util = -nan 
Either_Row_CoL_Bus_Util = -nan 
Issued_on_Two_Bus_Simul_Util = -nan 
issued_two_Eff = -nan 
queue_avg = -nan 


dram_util_bins: 0 0 0 0 0 0 0 0 0 0
dram_eff_bins: 0 0 0 0 0 0 0 0 0 0
mrqq: max=0 avg=-nan
Memory Partition 38: 
Cache L2_bank_076:
MSHR contents

Cache L2_bank_077:
MSHR contents

In Dram Latency Queue (total = 0): 
DRAM[38]: 16 bks, busW=8 BL=4 CL=19, tRRD=6 tCCD=1, tRCD=19 tRAS=45 tRP=19 tRC=50
n_cmd=0 n_nop=0 n_act=0 n_pre=0 n_ref_event=0 n_req=0 n_rd=0 n_rd_L2_A=0 n_write=0 n_wr_bk=0 bw_util=-nan
n_activity=0 dram_eff=-nan
bk0: 0a 0i bk1: 0a 0i bk2: 0a 0i bk3: 0a 0i bk4: 0a 0i bk5: 0a 0i bk6: 0a 0i bk7: 0a 0i bk8: 0a 0i bk9: 0a 0i bk10: 0a 0i bk11: 0a 0i bk12: 0a 0i bk13: 0a 0i bk14: 0a 0i bk15: 0a 0i 

------------------------------------------------------------------------

Row_Buffer_Locality = -nan
Row_Buffer_Locality_read = -nan
Row_Buffer_Locality_write = -nan
Bank_Level_Parallism = -nan
Bank_Level_Parallism_Col = -nan
Bank_Level_Parallism_Ready = -nan
write_to_read_ratio_blp_rw_average = -nan
GrpLevelPara = -nan 

BW Util details:
bwutil = -nan 
total_CMD = 0 
util_bw = 0 
Wasted_Col = 0 
Wasted_Row = 0 
Idle = 0 

BW Util Bottlenecks: 
RCDc_limit = 0 
RCDWRc_limit = 0 
WTRc_limit = 0 
RTWc_limit = 0 
CCDLc_limit = 0 
rwq = 0 
CCDLc_limit_alone = 0 
WTRc_limit_alone = 0 
RTWc_limit_alone = 0 

Commands details: 
total_CMD = 0 
n_nop = 0 
Read = 0 
Write = 0 
L2_Alloc = 0 
L2_WB = 0 
n_act = 0 
n_pre = 0 
n_ref = 0 
n_req = 0 
total_req = 0 

Dual Bus Interface Util: 
issued_total_row = 0 
issued_total_col = 0 
Row_Bus_Util =  -nan 
CoL_Bus_Util = -nan 
Either_Row_CoL_Bus_Util = -nan 
Issued_on_Two_Bus_Simul_Util = -nan 
issued_two_Eff = -nan 
queue_avg = -nan 


dram_util_bins: 0 0 0 0 0 0 0 0 0 0
dram_eff_bins: 0 0 0 0 0 0 0 0 0 0
mrqq: max=0 avg=-nan
Memory Partition 39: 
Cache L2_bank_078:
MSHR contents

Cache L2_bank_079:
MSHR contents

In Dram Latency Queue (total = 0): 
DRAM[39]: 16 bks, busW=8 BL=4 CL=19, tRRD=6 tCCD=1, tRCD=19 tRAS=45 tRP=19 tRC=50
n_cmd=0 n_nop=0 n_act=0 n_pre=0 n_ref_event=0 n_req=0 n_rd=0 n_rd_L2_A=0 n_write=0 n_wr_bk=0 bw_util=-nan
n_activity=0 dram_eff=-nan
bk0: 0a 0i bk1: 0a 0i bk2: 0a 0i bk3: 0a 0i bk4: 0a 0i bk5: 0a 0i bk6: 0a 0i bk7: 0a 0i bk8: 0a 0i bk9: 0a 0i bk10: 0a 0i bk11: 0a 0i bk12: 0a 0i bk13: 0a 0i bk14: 0a 0i bk15: 0a 0i 

------------------------------------------------------------------------

Row_Buffer_Locality = -nan
Row_Buffer_Locality_read = -nan
Row_Buffer_Locality_write = -nan
Bank_Level_Parallism = -nan
Bank_Level_Parallism_Col = -nan
Bank_Level_Parallism_Ready = -nan
write_to_read_ratio_blp_rw_average = -nan
GrpLevelPara = -nan 

BW Util details:
bwutil = -nan 
total_CMD = 0 
util_bw = 0 
Wasted_Col = 0 
Wasted_Row = 0 
Idle = 0 

BW Util Bottlenecks: 
RCDc_limit = 0 
RCDWRc_limit = 0 
WTRc_limit = 0 
RTWc_limit = 0 
CCDLc_limit = 0 
rwq = 0 
CCDLc_limit_alone = 0 
WTRc_limit_alone = 0 
RTWc_limit_alone = 0 

Commands details: 
total_CMD = 0 
n_nop = 0 
Read = 0 
Write = 0 
L2_Alloc = 0 
L2_WB = 0 
n_act = 0 
n_pre = 0 
n_ref = 0 
n_req = 0 
total_req = 0 

Dual Bus Interface Util: 
issued_total_row = 0 
issued_total_col = 0 
Row_Bus_Util =  -nan 
CoL_Bus_Util = -nan 
Either_Row_CoL_Bus_Util = -nan 
Issued_on_Two_Bus_Simul_Util = -nan 
issued_two_Eff = -nan 
queue_avg = -nan 


dram_util_bins: 0 0 0 0 0 0 0 0 0 0
dram_eff_bins: 0 0 0 0 0 0 0 0 0 0
mrqq: max=0 avg=-nan

========= L2 cache stats =========
L2_cache_bank[0]: Access = 28, Miss = 28, Miss_rate = 1.000, Pending_hits = 0, Reservation_fails = 0
L2_cache_bank[1]: Access = 32, Miss = 32, Miss_rate = 1.000, Pending_hits = 0, Reservation_fails = 0
L2_cache_bank[2]: Access = 28, Miss = 28, Miss_rate = 1.000, Pending_hits = 0, Reservation_fails = 0
L2_cache_bank[3]: Access = 28, Miss = 28, Miss_rate = 1.000, Pending_hits = 0, Reservation_fails = 0
L2_cache_bank[4]: Access = 32, Miss = 32, Miss_rate = 1.000, Pending_hits = 0, Reservation_fails = 0
L2_cache_bank[5]: Access = 28, Miss = 28, Miss_rate = 1.000, Pending_hits = 0, Reservation_fails = 0
L2_cache_bank[6]: Access = 33, Miss = 33, Miss_rate = 1.000, Pending_hits = 0, Reservation_fails = 0
L2_cache_bank[7]: Access = 32, Miss = 32, Miss_rate = 1.000, Pending_hits = 0, Reservation_fails = 0
L2_cache_bank[8]: Access = 32, Miss = 32, Miss_rate = 1.000, Pending_hits = 0, Reservation_fails = 0
L2_cache_bank[9]: Access = 32, Miss = 32, Miss_rate = 1.000, Pending_hits = 0, Reservation_fails = 0
L2_cache_bank[10]: Access = 32, Miss = 32, Miss_rate = 1.000, Pending_hits = 0, Reservation_fails = 0
L2_cache_bank[11]: Access = 32, Miss = 32, Miss_rate = 1.000, Pending_hits = 0, Reservation_fails = 0
L2_cache_bank[12]: Access = 32, Miss = 32, Miss_rate = 1.000, Pending_hits = 0, Reservation_fails = 0
L2_cache_bank[13]: Access = 32, Miss = 32, Miss_rate = 1.000, Pending_hits = 0, Reservation_fails = 0
L2_cache_bank[14]: Access = 28, Miss = 28, Miss_rate = 1.000, Pending_hits = 0, Reservation_fails = 0
L2_cache_bank[15]: Access = 32, Miss = 32, Miss_rate = 1.000, Pending_hits = 0, Reservation_fails = 0
L2_cache_bank[16]: Access = 28, Miss = 28, Miss_rate = 1.000, Pending_hits = 0, Reservation_fails = 0
L2_cache_bank[17]: Access = 28, Miss = 28, Miss_rate = 1.000, Pending_hits = 0, Reservation_fails = 0
L2_cache_bank[18]: Access = 32, Miss = 32, Miss_rate = 1.000, Pending_hits = 0, Reservation_fails = 0
L2_cache_bank[19]: Access = 28, Miss = 28, Miss_rate = 1.000, Pending_hits = 0, Reservation_fails = 0
L2_cache_bank[20]: Access = 20, Miss = 20, Miss_rate = 1.000, Pending_hits = 0, Reservation_fails = 0
L2_cache_bank[21]: Access = 20, Miss = 20, Miss_rate = 1.000, Pending_hits = 0, Reservation_fails = 0
L2_cache_bank[22]: Access = 24, Miss = 24, Miss_rate = 1.000, Pending_hits = 0, Reservation_fails = 0
L2_cache_bank[23]: Access = 20, Miss = 20, Miss_rate = 1.000, Pending_hits = 0, Reservation_fails = 0
L2_cache_bank[24]: Access = 20, Miss = 20, Miss_rate = 1.000, Pending_hits = 0, Reservation_fails = 0
L2_cache_bank[25]: Access = 24, Miss = 24, Miss_rate = 1.000, Pending_hits = 0, Reservation_fails = 0
L2_cache_bank[26]: Access = 20, Miss = 20, Miss_rate = 1.000, Pending_hits = 0, Reservation_fails = 0
L2_cache_bank[27]: Access = 20, Miss = 20, Miss_rate = 1.000, Pending_hits = 0, Reservation_fails = 0
L2_cache_bank[28]: Access = 20, Miss = 20, Miss_rate = 1.000, Pending_hits = 0, Reservation_fails = 0
L2_cache_bank[29]: Access = 20, Miss = 20, Miss_rate = 1.000, Pending_hits = 0, Reservation_fails = 0
L2_cache_bank[30]: Access = 28, Miss = 24, Miss_rate = 0.857, Pending_hits = 0, Reservation_fails = 0
L2_cache_bank[31]: Access = 28, Miss = 24, Miss_rate = 0.857, Pending_hits = 0, Reservation_fails = 0
L2_cache_bank[32]: Access = 28, Miss = 24, Miss_rate = 0.857, Pending_hits = 0, Reservation_fails = 0
L2_cache_bank[33]: Access = 28, Miss = 24, Miss_rate = 0.857, Pending_hits = 0, Reservation_fails = 0
L2_cache_bank[34]: Access = 24, Miss = 24, Miss_rate = 1.000, Pending_hits = 0, Reservation_fails = 0
L2_cache_bank[35]: Access = 20, Miss = 20, Miss_rate = 1.000, Pending_hits = 0, Reservation_fails = 0
L2_cache_bank[36]: Access = 24, Miss = 24, Miss_rate = 1.000, Pending_hits = 0, Reservation_fails = 0
L2_cache_bank[37]: Access = 24, Miss = 24, Miss_rate = 1.000, Pending_hits = 0, Reservation_fails = 0
L2_cache_bank[38]: Access = 20, Miss = 20, Miss_rate = 1.000, Pending_hits = 0, Reservation_fails = 0
L2_cache_bank[39]: Access = 24, Miss = 24, Miss_rate = 1.000, Pending_hits = 0, Reservation_fails = 0
L2_cache_bank[40]: Access = 8, Miss = 8, Miss_rate = 1.000, Pending_hits = 0, Reservation_fails = 0
L2_cache_bank[41]: Access = 8, Miss = 8, Miss_rate = 1.000, Pending_hits = 0, Reservation_fails = 0
L2_cache_bank[42]: Access = 8, Miss = 8, Miss_rate = 1.000, Pending_hits = 0, Reservation_fails = 0
L2_cache_bank[43]: Access = 8, Miss = 8, Miss_rate = 1.000, Pending_hits = 0, Reservation_fails = 0
L2_cache_bank[44]: Access = 8, Miss = 8, Miss_rate = 1.000, Pending_hits = 0, Reservation_fails = 0
L2_cache_bank[45]: Access = 8, Miss = 8, Miss_rate = 1.000, Pending_hits = 0, Reservation_fails = 0
L2_cache_bank[46]: Access = 8, Miss = 8, Miss_rate = 1.000, Pending_hits = 0, Reservation_fails = 0
L2_cache_bank[47]: Access = 8, Miss = 8, Miss_rate = 1.000, Pending_hits = 0, Reservation_fails = 0
L2_cache_bank[48]: Access = 8, Miss = 8, Miss_rate = 1.000, Pending_hits = 0, Reservation_fails = 0
L2_cache_bank[49]: Access = 8, Miss = 8, Miss_rate = 1.000, Pending_hits = 0, Reservation_fails = 0
L2_cache_bank[50]: Access = 8, Miss = 8, Miss_rate = 1.000, Pending_hits = 0, Reservation_fails = 0
L2_cache_bank[51]: Access = 8, Miss = 8, Miss_rate = 1.000, Pending_hits = 0, Reservation_fails = 0
L2_cache_bank[52]: Access = 8, Miss = 8, Miss_rate = 1.000, Pending_hits = 0, Reservation_fails = 0
L2_cache_bank[53]: Access = 8, Miss = 8, Miss_rate = 1.000, Pending_hits = 0, Reservation_fails = 0
L2_cache_bank[54]: Access = 8, Miss = 8, Miss_rate = 1.000, Pending_hits = 0, Reservation_fails = 0
L2_cache_bank[55]: Access = 8, Miss = 8, Miss_rate = 1.000, Pending_hits = 0, Reservation_fails = 0
L2_cache_bank[56]: Access = 8, Miss = 8, Miss_rate = 1.000, Pending_hits = 0, Reservation_fails = 0
L2_cache_bank[57]: Access = 8, Miss = 8, Miss_rate = 1.000, Pending_hits = 0, Reservation_fails = 0
L2_cache_bank[58]: Access = 8, Miss = 8, Miss_rate = 1.000, Pending_hits = 0, Reservation_fails = 0
L2_cache_bank[59]: Access = 8, Miss = 8, Miss_rate = 1.000, Pending_hits = 0, Reservation_fails = 0
L2_cache_bank[60]: Access = 4, Miss = 4, Miss_rate = 1.000, Pending_hits = 0, Reservation_fails = 0
L2_cache_bank[61]: Access = 4, Miss = 4, Miss_rate = 1.000, Pending_hits = 0, Reservation_fails = 0
L2_cache_bank[62]: Access = 8, Miss = 8, Miss_rate = 1.000, Pending_hits = 0, Reservation_fails = 0
L2_cache_bank[63]: Access = 4, Miss = 4, Miss_rate = 1.000, Pending_hits = 0, Reservation_fails = 0
L2_cache_bank[64]: Access = 4, Miss = 4, Miss_rate = 1.000, Pending_hits = 0, Reservation_fails = 0
L2_cache_bank[65]: Access = 8, Miss = 8, Miss_rate = 1.000, Pending_hits = 0, Reservation_fails = 0
L2_cache_bank[66]: Access = 4, Miss = 4, Miss_rate = 1.000, Pending_hits = 0, Reservation_fails = 0
L2_cache_bank[67]: Access = 4, Miss = 4, Miss_rate = 1.000, Pending_hits = 0, Reservation_fails = 0
L2_cache_bank[68]: Access = 4, Miss = 4, Miss_rate = 1.000, Pending_hits = 0, Reservation_fails = 0
L2_cache_bank[69]: Access = 4, Miss = 4, Miss_rate = 1.000, Pending_hits = 0, Reservation_fails = 0
L2_cache_bank[70]: Access = 8, Miss = 8, Miss_rate = 1.000, Pending_hits = 0, Reservation_fails = 0
L2_cache_bank[71]: Access = 8, Miss = 8, Miss_rate = 1.000, Pending_hits = 0, Reservation_fails = 0
L2_cache_bank[72]: Access = 4, Miss = 4, Miss_rate = 1.000, Pending_hits = 0, Reservation_fails = 0
L2_cache_bank[73]: Access = 4, Miss = 4, Miss_rate = 1.000, Pending_hits = 0, Reservation_fails = 0
L2_cache_bank[74]: Access = 4, Miss = 4, Miss_rate = 1.000, Pending_hits = 0, Reservation_fails = 0
L2_cache_bank[75]: Access = 4, Miss = 4, Miss_rate = 1.000, Pending_hits = 0, Reservation_fails = 0
L2_cache_bank[76]: Access = 4, Miss = 4, Miss_rate = 1.000, Pending_hits = 0, Reservation_fails = 0
L2_cache_bank[77]: Access = 4, Miss = 4, Miss_rate = 1.000, Pending_hits = 0, Reservation_fails = 0
L2_cache_bank[78]: Access = 4, Miss = 4, Miss_rate = 1.000, Pending_hits = 0, Reservation_fails = 0
L2_cache_bank[79]: Access = 4, Miss = 4, Miss_rate = 1.000, Pending_hits = 0, Reservation_fails = 0
L2_total_cache_accesses = 1321
L2_total_cache_misses = 1305
L2_total_cache_miss_rate = 0.9879
L2_total_cache_pending_hits = 0
L2_total_cache_reservation_fails = 0
L2_total_cache_breakdown:
	L2_cache_stats_breakdown[GLOBAL_ACC_R][HIT] = 0
	L2_cache_stats_breakdown[GLOBAL_ACC_R][HIT_RESERVED] = 0
	L2_cache_stats_breakdown[GLOBAL_ACC_R][MISS] = 133
	L2_cache_stats_breakdown[GLOBAL_ACC_R][RESERVATION_FAIL] = 0
	L2_cache_stats_breakdown[GLOBAL_ACC_R][SECTOR_MISS] = 396
	L2_cache_stats_breakdown[GLOBAL_ACC_R][MSHR_HIT] = 0
	L2_cache_stats_breakdown[GLOBAL_ACC_R][WRITE_ALLOCATED] = 0
	L2_cache_stats_breakdown[CHIPLET_ACC_R][HIT] = 0
	L2_cache_stats_breakdown[CHIPLET_ACC_R][HIT_RESERVED] = 0
	L2_cache_stats_breakdown[CHIPLET_ACC_R][MISS] = 64
	L2_cache_stats_breakdown[CHIPLET_ACC_R][RESERVATION_FAIL] = 0
	L2_cache_stats_breakdown[CHIPLET_ACC_R][SECTOR_MISS] = 192
	L2_cache_stats_breakdown[CHIPLET_ACC_R][MSHR_HIT] = 0
	L2_cache_stats_breakdown[CHIPLET_ACC_R][WRITE_ALLOCATED] = 0
	L2_cache_stats_breakdown[LOCAL_ACC_R][HIT] = 0
	L2_cache_stats_breakdown[LOCAL_ACC_R][HIT_RESERVED] = 0
	L2_cache_stats_breakdown[LOCAL_ACC_R][MISS] = 0
	L2_cache_stats_breakdown[LOCAL_ACC_R][RESERVATION_FAIL] = 0
	L2_cache_stats_breakdown[LOCAL_ACC_R][SECTOR_MISS] = 0
	L2_cache_stats_breakdown[LOCAL_ACC_R][MSHR_HIT] = 0
	L2_cache_stats_breakdown[LOCAL_ACC_R][WRITE_ALLOCATED] = 0
	L2_cache_stats_breakdown[CONST_ACC_R][HIT] = 0
	L2_cache_stats_breakdown[CONST_ACC_R][HIT_RESERVED] = 0
	L2_cache_stats_breakdown[CONST_ACC_R][MISS] = 0
	L2_cache_stats_breakdown[CONST_ACC_R][RESERVATION_FAIL] = 0
	L2_cache_stats_breakdown[CONST_ACC_R][SECTOR_MISS] = 0
	L2_cache_stats_breakdown[CONST_ACC_R][MSHR_HIT] = 0
	L2_cache_stats_breakdown[CONST_ACC_R][WRITE_ALLOCATED] = 0
	L2_cache_stats_breakdown[TEXTURE_ACC_R][HIT] = 0
	L2_cache_stats_breakdown[TEXTURE_ACC_R][HIT_RESERVED] = 0
	L2_cache_stats_breakdown[TEXTURE_ACC_R][MISS] = 0
	L2_cache_stats_breakdown[TEXTURE_ACC_R][RESERVATION_FAIL] = 0
	L2_cache_stats_breakdown[TEXTURE_ACC_R][SECTOR_MISS] = 0
	L2_cache_stats_breakdown[TEXTURE_ACC_R][MSHR_HIT] = 0
	L2_cache_stats_breakdown[TEXTURE_ACC_R][WRITE_ALLOCATED] = 0
	L2_cache_stats_breakdown[GLOBAL_ACC_W][HIT] = 16
	L2_cache_stats_breakdown[GLOBAL_ACC_W][HIT_RESERVED] = 0
	L2_cache_stats_breakdown[GLOBAL_ACC_W][MISS] = 130
	L2_cache_stats_breakdown[GLOBAL_ACC_W][RESERVATION_FAIL] = 0
	L2_cache_stats_breakdown[GLOBAL_ACC_W][SECTOR_MISS] = 390
	L2_cache_stats_breakdown[GLOBAL_ACC_W][MSHR_HIT] = 0
	L2_cache_stats_breakdown[GLOBAL_ACC_W][WRITE_ALLOCATED] = 520
	L2_cache_stats_breakdown[CHIPLET_ACC_W][HIT] = 0
	L2_cache_stats_breakdown[CHIPLET_ACC_W][HIT_RESERVED] = 0
	L2_cache_stats_breakdown[CHIPLET_ACC_W][MISS] = 0
	L2_cache_stats_breakdown[CHIPLET_ACC_W][RESERVATION_FAIL] = 0
	L2_cache_stats_breakdown[CHIPLET_ACC_W][SECTOR_MISS] = 0
	L2_cache_stats_breakdown[CHIPLET_ACC_W][MSHR_HIT] = 0
	L2_cache_stats_breakdown[CHIPLET_ACC_W][WRITE_ALLOCATED] = 0
	L2_cache_stats_breakdown[LOCAL_ACC_W][HIT] = 0
	L2_cache_stats_breakdown[LOCAL_ACC_W][HIT_RESERVED] = 0
	L2_cache_stats_breakdown[LOCAL_ACC_W][MISS] = 0
	L2_cache_stats_breakdown[LOCAL_ACC_W][RESERVATION_FAIL] = 0
	L2_cache_stats_breakdown[LOCAL_ACC_W][SECTOR_MISS] = 0
	L2_cache_stats_breakdown[LOCAL_ACC_W][MSHR_HIT] = 0
	L2_cache_stats_breakdown[LOCAL_ACC_W][WRITE_ALLOCATED] = 0
	L2_cache_stats_breakdown[L1_WRBK_ACC][HIT] = 0
	L2_cache_stats_breakdown[L1_WRBK_ACC][HIT_RESERVED] = 0
	L2_cache_stats_breakdown[L1_WRBK_ACC][MISS] = 0
	L2_cache_stats_breakdown[L1_WRBK_ACC][RESERVATION_FAIL] = 0
	L2_cache_stats_breakdown[L1_WRBK_ACC][SECTOR_MISS] = 0
	L2_cache_stats_breakdown[L1_WRBK_ACC][MSHR_HIT] = 0
	L2_cache_stats_breakdown[L1_WRBK_ACC][WRITE_ALLOCATED] = 0
	L2_cache_stats_breakdown[L2_WRBK_ACC][HIT] = 0
	L2_cache_stats_breakdown[L2_WRBK_ACC][HIT_RESERVED] = 0
	L2_cache_stats_breakdown[L2_WRBK_ACC][MISS] = 0
	L2_cache_stats_breakdown[L2_WRBK_ACC][RESERVATION_FAIL] = 0
	L2_cache_stats_breakdown[L2_WRBK_ACC][SECTOR_MISS] = 0
	L2_cache_stats_breakdown[L2_WRBK_ACC][MSHR_HIT] = 0
	L2_cache_stats_breakdown[L2_WRBK_ACC][WRITE_ALLOCATED] = 0
	L2_cache_stats_breakdown[INST_ACC_R][HIT] = 0
	L2_cache_stats_breakdown[INST_ACC_R][HIT_RESERVED] = 0
	L2_cache_stats_breakdown[INST_ACC_R][MISS] = 0
	L2_cache_stats_breakdown[INST_ACC_R][RESERVATION_FAIL] = 0
	L2_cache_stats_breakdown[INST_ACC_R][SECTOR_MISS] = 0
	L2_cache_stats_breakdown[INST_ACC_R][MSHR_HIT] = 0
	L2_cache_stats_breakdown[INST_ACC_R][WRITE_ALLOCATED] = 0
	L2_cache_stats_breakdown[L1_WR_ALLOC_R][HIT] = 0
	L2_cache_stats_breakdown[L1_WR_ALLOC_R][HIT_RESERVED] = 0
	L2_cache_stats_breakdown[L1_WR_ALLOC_R][MISS] = 0
	L2_cache_stats_breakdown[L1_WR_ALLOC_R][RESERVATION_FAIL] = 0
	L2_cache_stats_breakdown[L1_WR_ALLOC_R][SECTOR_MISS] = 0
	L2_cache_stats_breakdown[L1_WR_ALLOC_R][MSHR_HIT] = 0
	L2_cache_stats_breakdown[L1_WR_ALLOC_R][WRITE_ALLOCATED] = 0
	L2_cache_stats_breakdown[L2_WR_ALLOC_R][HIT] = 0
	L2_cache_stats_breakdown[L2_WR_ALLOC_R][HIT_RESERVED] = 0
	L2_cache_stats_breakdown[L2_WR_ALLOC_R][MISS] = 0
	L2_cache_stats_breakdown[L2_WR_ALLOC_R][RESERVATION_FAIL] = 0
	L2_cache_stats_breakdown[L2_WR_ALLOC_R][SECTOR_MISS] = 0
	L2_cache_stats_breakdown[L2_WR_ALLOC_R][MSHR_HIT] = 0
	L2_cache_stats_breakdown[L2_WR_ALLOC_R][WRITE_ALLOCATED] = 0
	L2_cache_stats_breakdown[GLOBAL_ACC_R][TOTAL_ACCESS] = 529
	L2_cache_stats_breakdown[CHIPLET_ACC_R][TOTAL_ACCESS] = 256
	L2_cache_stats_breakdown[GLOBAL_ACC_W][TOTAL_ACCESS] = 536
L2_total_cache_reservation_fail_breakdown:
L2_cache_data_port_util = 0.000
L2_cache_fill_port_util = 0.001

icnt_total_pkts_mem_to_simt=1600
icnt_total_pkts_simt_to_mem=1608
LD_mem_lat_dist  0 0 0 0 0 0 0 0 0 0 0 0 0 0 0 0 0 0 0 0 0 0 0 0 0 0 0
ST_mem_lat_dist  0 0 0 0 0 0 0 0 0 0 0 0 0 0 0 0 0 0 0 0 0 0 0 0 0 0 0
----------------------------Interconnect-DETAILS--------------------------------
Class 0:
Packet latency average = 97.1259
	minimum = 4
	maximum = 259
Network latency average = 4.37406
	minimum = 4
	maximum = 9
Slowest packet = 0
Flit latency average = 4.37406
	minimum = 4
	maximum = 9
Slowest flit = 2056
Fragmentation average = 0
	minimum = 0
	maximum = 0
Injected packet rate average = 0.000618244
	minimum = 0 (at node 1)
	maximum = 0.0599697 (at node 0)
Accepted packet rate average = 0.000618244
	minimum = 0 (at node 1)
	maximum = 0.0599697 (at node 0)
Injected flit rate average = 0.000618244
	minimum = 0 (at node 1)
	maximum = 0.0599697 (at node 0)
Accepted flit rate average= 0.000618244
	minimum = 0 (at node 1)
	maximum = 0.0599697 (at node 0)
Injected packet length average = 1
Accepted packet length average = 1
Total in-flight flits = 0 (0 measured)
====== Overall Traffic Statistics ======
====== Traffic class 0 ======
Packet latency average = 97.1259 (1 samples)
	minimum = 4 (1 samples)
	maximum = 259 (1 samples)
Network latency average = 4.37406 (1 samples)
	minimum = 4 (1 samples)
	maximum = 9 (1 samples)
Flit latency average = 4.37406 (1 samples)
	minimum = 4 (1 samples)
	maximum = 9 (1 samples)
Fragmentation average = 0 (1 samples)
	minimum = 0 (1 samples)
	maximum = 0 (1 samples)
Injected packet rate average = 0.000618244 (1 samples)
	minimum = 0 (1 samples)
	maximum = 0.0599697 (1 samples)
Accepted packet rate average = 0.000618244 (1 samples)
	minimum = 0 (1 samples)
	maximum = 0.0599697 (1 samples)
Injected flit rate average = 0.000618244 (1 samples)
	minimum = 0 (1 samples)
	maximum = 0.0599697 (1 samples)
Accepted flit rate average = 0.000618244 (1 samples)
	minimum = 0 (1 samples)
	maximum = 0.0599697 (1 samples)
Injected packet size average = 1 (1 samples)
Accepted packet size average = 1 (1 samples)
Hops average = 1 (1 samples)
----------------------------END-of-Interconnect-DETAILS-------------------------


gpgpu_simulation_time = 0 days, 0 hrs, 0 min, 1 sec (1 sec)
gpgpu_simulation_rate = 110854 (inst/sec)
gpgpu_simulation_rate = 8905 (cycle/sec)
gpgpu_silicon_slowdown = 197080x
Processing kernel /localhome/tsousape/cam_with_gpu/traces/sched_A_1_234/traces/kernel-2-ctx_0x5597d0bca480.tracez
-kernel name = _Z8sched_acPjPKjS_PfiiiiPy
-kernel id = 2
-grid dim = (1,1,1)
-block dim = (128,1,1)
-shmem = 33032
-nregs = 31
-binary version = 90
-cuda stream id = 0
-shmem base_addr = 0x00007fbc00000000
-local mem base_addr = 0x00007fbb59000000
-nvbit version = 1.8
-accelsim tracer version = 6
-enable lineinfo = 0
Header info loaded for kernel command : /localhome/tsousape/cam_with_gpu/traces/sched_A_1_234/traces/kernel-2-ctx_0x5597d0bca480.tracez
launching kernel name: _Z8sched_acPjPKjS_PfiiiiPy uid: 2 cuda_stream_id: 0
GPGPU-Sim uArch: Shader 1 bind to kernel 2 '_Z8sched_acPjPKjS_PfiiiiPy'
GPGPU-Sim: Reconfigure L1 cache to 192KB
thread block = 0,0,0
Destroy streams for kernel 2: size 0
kernel_name = _Z8sched_acPjPKjS_PfiiiiPy 
kernel_launch_uid = 2 
kernel_stream_id = 0
gpu_sim_cycle = 152404
gpu_sim_insn = 3314177
gpu_ipc =      21.7460
gpu_tot_sim_cycle = 161309
gpu_tot_sim_insn = 3425031
gpu_tot_ipc =      21.2327
gpu_tot_issued_cta = 2
gpu_occupancy = 6.2498% 
gpu_tot_occupancy = 6.2495% 
max_total_param_size = 0
gpu_stall_dramfull = 0
gpu_stall_icnt2sh    = 0
partiton_level_parallism =       0.2177
partiton_level_parallism_total  =       0.2123
partiton_level_parallism_util =       1.0000
partiton_level_parallism_util_total  =       1.0000
L2_BW  =      12.2281 GB/Sec
L2_BW_total  =      11.9249 GB/Sec
gpu_total_sim_rate=148914

========= Core cache stats =========
L1I_cache:
	L1I_total_cache_accesses = 0
	L1I_total_cache_misses = 0
	L1I_total_cache_pending_hits = 0
	L1I_total_cache_reservation_fails = 0
L1D_cache:
	L1D_cache_core[0]: Access = 32, Miss = 16, Miss_rate = 0.500, Pending_hits = 0, Reservation_fails = 0
	L1D_cache_core[1]: Access = 32, Miss = 16, Miss_rate = 0.500, Pending_hits = 0, Reservation_fails = 0
	L1D_cache_core[2]: Access = 0, Miss = 0, Miss_rate = -nan, Pending_hits = 0, Reservation_fails = 0
	L1D_cache_core[3]: Access = 0, Miss = 0, Miss_rate = -nan, Pending_hits = 0, Reservation_fails = 0
	L1D_cache_core[4]: Access = 0, Miss = 0, Miss_rate = -nan, Pending_hits = 0, Reservation_fails = 0
	L1D_cache_core[5]: Access = 0, Miss = 0, Miss_rate = -nan, Pending_hits = 0, Reservation_fails = 0
	L1D_cache_core[6]: Access = 0, Miss = 0, Miss_rate = -nan, Pending_hits = 0, Reservation_fails = 0
	L1D_cache_core[7]: Access = 0, Miss = 0, Miss_rate = -nan, Pending_hits = 0, Reservation_fails = 0
	L1D_cache_core[8]: Access = 0, Miss = 0, Miss_rate = -nan, Pending_hits = 0, Reservation_fails = 0
	L1D_cache_core[9]: Access = 0, Miss = 0, Miss_rate = -nan, Pending_hits = 0, Reservation_fails = 0
	L1D_cache_core[10]: Access = 0, Miss = 0, Miss_rate = -nan, Pending_hits = 0, Reservation_fails = 0
	L1D_cache_core[11]: Access = 0, Miss = 0, Miss_rate = -nan, Pending_hits = 0, Reservation_fails = 0
	L1D_cache_core[12]: Access = 0, Miss = 0, Miss_rate = -nan, Pending_hits = 0, Reservation_fails = 0
	L1D_cache_core[13]: Access = 0, Miss = 0, Miss_rate = -nan, Pending_hits = 0, Reservation_fails = 0
	L1D_cache_core[14]: Access = 0, Miss = 0, Miss_rate = -nan, Pending_hits = 0, Reservation_fails = 0
	L1D_cache_core[15]: Access = 0, Miss = 0, Miss_rate = -nan, Pending_hits = 0, Reservation_fails = 0
	L1D_cache_core[16]: Access = 0, Miss = 0, Miss_rate = -nan, Pending_hits = 0, Reservation_fails = 0
	L1D_cache_core[17]: Access = 0, Miss = 0, Miss_rate = -nan, Pending_hits = 0, Reservation_fails = 0
	L1D_cache_core[18]: Access = 0, Miss = 0, Miss_rate = -nan, Pending_hits = 0, Reservation_fails = 0
	L1D_cache_core[19]: Access = 0, Miss = 0, Miss_rate = -nan, Pending_hits = 0, Reservation_fails = 0
	L1D_cache_core[20]: Access = 0, Miss = 0, Miss_rate = -nan, Pending_hits = 0, Reservation_fails = 0
	L1D_cache_core[21]: Access = 0, Miss = 0, Miss_rate = -nan, Pending_hits = 0, Reservation_fails = 0
	L1D_cache_core[22]: Access = 0, Miss = 0, Miss_rate = -nan, Pending_hits = 0, Reservation_fails = 0
	L1D_cache_core[23]: Access = 0, Miss = 0, Miss_rate = -nan, Pending_hits = 0, Reservation_fails = 0
	L1D_cache_core[24]: Access = 0, Miss = 0, Miss_rate = -nan, Pending_hits = 0, Reservation_fails = 0
	L1D_cache_core[25]: Access = 0, Miss = 0, Miss_rate = -nan, Pending_hits = 0, Reservation_fails = 0
	L1D_cache_core[26]: Access = 0, Miss = 0, Miss_rate = -nan, Pending_hits = 0, Reservation_fails = 0
	L1D_cache_core[27]: Access = 0, Miss = 0, Miss_rate = -nan, Pending_hits = 0, Reservation_fails = 0
	L1D_cache_core[28]: Access = 0, Miss = 0, Miss_rate = -nan, Pending_hits = 0, Reservation_fails = 0
	L1D_cache_core[29]: Access = 0, Miss = 0, Miss_rate = -nan, Pending_hits = 0, Reservation_fails = 0
	L1D_cache_core[30]: Access = 0, Miss = 0, Miss_rate = -nan, Pending_hits = 0, Reservation_fails = 0
	L1D_cache_core[31]: Access = 0, Miss = 0, Miss_rate = -nan, Pending_hits = 0, Reservation_fails = 0
	L1D_cache_core[32]: Access = 0, Miss = 0, Miss_rate = -nan, Pending_hits = 0, Reservation_fails = 0
	L1D_cache_core[33]: Access = 0, Miss = 0, Miss_rate = -nan, Pending_hits = 0, Reservation_fails = 0
	L1D_cache_core[34]: Access = 0, Miss = 0, Miss_rate = -nan, Pending_hits = 0, Reservation_fails = 0
	L1D_cache_core[35]: Access = 0, Miss = 0, Miss_rate = -nan, Pending_hits = 0, Reservation_fails = 0
	L1D_cache_core[36]: Access = 0, Miss = 0, Miss_rate = -nan, Pending_hits = 0, Reservation_fails = 0
	L1D_cache_core[37]: Access = 0, Miss = 0, Miss_rate = -nan, Pending_hits = 0, Reservation_fails = 0
	L1D_cache_core[38]: Access = 0, Miss = 0, Miss_rate = -nan, Pending_hits = 0, Reservation_fails = 0
	L1D_cache_core[39]: Access = 0, Miss = 0, Miss_rate = -nan, Pending_hits = 0, Reservation_fails = 0
	L1D_cache_core[40]: Access = 0, Miss = 0, Miss_rate = -nan, Pending_hits = 0, Reservation_fails = 0
	L1D_cache_core[41]: Access = 0, Miss = 0, Miss_rate = -nan, Pending_hits = 0, Reservation_fails = 0
	L1D_cache_core[42]: Access = 0, Miss = 0, Miss_rate = -nan, Pending_hits = 0, Reservation_fails = 0
	L1D_cache_core[43]: Access = 0, Miss = 0, Miss_rate = -nan, Pending_hits = 0, Reservation_fails = 0
	L1D_cache_core[44]: Access = 0, Miss = 0, Miss_rate = -nan, Pending_hits = 0, Reservation_fails = 0
	L1D_cache_core[45]: Access = 0, Miss = 0, Miss_rate = -nan, Pending_hits = 0, Reservation_fails = 0
	L1D_cache_core[46]: Access = 0, Miss = 0, Miss_rate = -nan, Pending_hits = 0, Reservation_fails = 0
	L1D_cache_core[47]: Access = 0, Miss = 0, Miss_rate = -nan, Pending_hits = 0, Reservation_fails = 0
	L1D_cache_core[48]: Access = 0, Miss = 0, Miss_rate = -nan, Pending_hits = 0, Reservation_fails = 0
	L1D_cache_core[49]: Access = 0, Miss = 0, Miss_rate = -nan, Pending_hits = 0, Reservation_fails = 0
	L1D_cache_core[50]: Access = 0, Miss = 0, Miss_rate = -nan, Pending_hits = 0, Reservation_fails = 0
	L1D_cache_core[51]: Access = 0, Miss = 0, Miss_rate = -nan, Pending_hits = 0, Reservation_fails = 0
	L1D_cache_core[52]: Access = 0, Miss = 0, Miss_rate = -nan, Pending_hits = 0, Reservation_fails = 0
	L1D_cache_core[53]: Access = 0, Miss = 0, Miss_rate = -nan, Pending_hits = 0, Reservation_fails = 0
	L1D_cache_core[54]: Access = 0, Miss = 0, Miss_rate = -nan, Pending_hits = 0, Reservation_fails = 0
	L1D_cache_core[55]: Access = 0, Miss = 0, Miss_rate = -nan, Pending_hits = 0, Reservation_fails = 0
	L1D_cache_core[56]: Access = 0, Miss = 0, Miss_rate = -nan, Pending_hits = 0, Reservation_fails = 0
	L1D_cache_core[57]: Access = 0, Miss = 0, Miss_rate = -nan, Pending_hits = 0, Reservation_fails = 0
	L1D_cache_core[58]: Access = 0, Miss = 0, Miss_rate = -nan, Pending_hits = 0, Reservation_fails = 0
	L1D_cache_core[59]: Access = 0, Miss = 0, Miss_rate = -nan, Pending_hits = 0, Reservation_fails = 0
	L1D_cache_core[60]: Access = 0, Miss = 0, Miss_rate = -nan, Pending_hits = 0, Reservation_fails = 0
	L1D_cache_core[61]: Access = 0, Miss = 0, Miss_rate = -nan, Pending_hits = 0, Reservation_fails = 0
	L1D_cache_core[62]: Access = 0, Miss = 0, Miss_rate = -nan, Pending_hits = 0, Reservation_fails = 0
	L1D_cache_core[63]: Access = 0, Miss = 0, Miss_rate = -nan, Pending_hits = 0, Reservation_fails = 0
	L1D_cache_core[64]: Access = 0, Miss = 0, Miss_rate = -nan, Pending_hits = 0, Reservation_fails = 0
	L1D_cache_core[65]: Access = 0, Miss = 0, Miss_rate = -nan, Pending_hits = 0, Reservation_fails = 0
	L1D_cache_core[66]: Access = 0, Miss = 0, Miss_rate = -nan, Pending_hits = 0, Reservation_fails = 0
	L1D_cache_core[67]: Access = 0, Miss = 0, Miss_rate = -nan, Pending_hits = 0, Reservation_fails = 0
	L1D_cache_core[68]: Access = 0, Miss = 0, Miss_rate = -nan, Pending_hits = 0, Reservation_fails = 0
	L1D_cache_core[69]: Access = 0, Miss = 0, Miss_rate = -nan, Pending_hits = 0, Reservation_fails = 0
	L1D_cache_core[70]: Access = 0, Miss = 0, Miss_rate = -nan, Pending_hits = 0, Reservation_fails = 0
	L1D_cache_core[71]: Access = 0, Miss = 0, Miss_rate = -nan, Pending_hits = 0, Reservation_fails = 0
	L1D_cache_core[72]: Access = 0, Miss = 0, Miss_rate = -nan, Pending_hits = 0, Reservation_fails = 0
	L1D_cache_core[73]: Access = 0, Miss = 0, Miss_rate = -nan, Pending_hits = 0, Reservation_fails = 0
	L1D_cache_core[74]: Access = 0, Miss = 0, Miss_rate = -nan, Pending_hits = 0, Reservation_fails = 0
	L1D_cache_core[75]: Access = 0, Miss = 0, Miss_rate = -nan, Pending_hits = 0, Reservation_fails = 0
	L1D_cache_core[76]: Access = 0, Miss = 0, Miss_rate = -nan, Pending_hits = 0, Reservation_fails = 0
	L1D_cache_core[77]: Access = 0, Miss = 0, Miss_rate = -nan, Pending_hits = 0, Reservation_fails = 0
	L1D_cache_core[78]: Access = 0, Miss = 0, Miss_rate = -nan, Pending_hits = 0, Reservation_fails = 0
	L1D_cache_core[79]: Access = 0, Miss = 0, Miss_rate = -nan, Pending_hits = 0, Reservation_fails = 0
	L1D_cache_core[80]: Access = 0, Miss = 0, Miss_rate = -nan, Pending_hits = 0, Reservation_fails = 0
	L1D_cache_core[81]: Access = 0, Miss = 0, Miss_rate = -nan, Pending_hits = 0, Reservation_fails = 0
	L1D_cache_core[82]: Access = 0, Miss = 0, Miss_rate = -nan, Pending_hits = 0, Reservation_fails = 0
	L1D_cache_core[83]: Access = 0, Miss = 0, Miss_rate = -nan, Pending_hits = 0, Reservation_fails = 0
	L1D_cache_core[84]: Access = 0, Miss = 0, Miss_rate = -nan, Pending_hits = 0, Reservation_fails = 0
	L1D_cache_core[85]: Access = 0, Miss = 0, Miss_rate = -nan, Pending_hits = 0, Reservation_fails = 0
	L1D_cache_core[86]: Access = 0, Miss = 0, Miss_rate = -nan, Pending_hits = 0, Reservation_fails = 0
	L1D_cache_core[87]: Access = 0, Miss = 0, Miss_rate = -nan, Pending_hits = 0, Reservation_fails = 0
	L1D_cache_core[88]: Access = 0, Miss = 0, Miss_rate = -nan, Pending_hits = 0, Reservation_fails = 0
	L1D_cache_core[89]: Access = 0, Miss = 0, Miss_rate = -nan, Pending_hits = 0, Reservation_fails = 0
	L1D_cache_core[90]: Access = 0, Miss = 0, Miss_rate = -nan, Pending_hits = 0, Reservation_fails = 0
	L1D_cache_core[91]: Access = 0, Miss = 0, Miss_rate = -nan, Pending_hits = 0, Reservation_fails = 0
	L1D_cache_core[92]: Access = 0, Miss = 0, Miss_rate = -nan, Pending_hits = 0, Reservation_fails = 0
	L1D_cache_core[93]: Access = 0, Miss = 0, Miss_rate = -nan, Pending_hits = 0, Reservation_fails = 0
	L1D_cache_core[94]: Access = 0, Miss = 0, Miss_rate = -nan, Pending_hits = 0, Reservation_fails = 0
	L1D_cache_core[95]: Access = 0, Miss = 0, Miss_rate = -nan, Pending_hits = 0, Reservation_fails = 0
	L1D_cache_core[96]: Access = 0, Miss = 0, Miss_rate = -nan, Pending_hits = 0, Reservation_fails = 0
	L1D_cache_core[97]: Access = 0, Miss = 0, Miss_rate = -nan, Pending_hits = 0, Reservation_fails = 0
	L1D_cache_core[98]: Access = 0, Miss = 0, Miss_rate = -nan, Pending_hits = 0, Reservation_fails = 0
	L1D_cache_core[99]: Access = 0, Miss = 0, Miss_rate = -nan, Pending_hits = 0, Reservation_fails = 0
	L1D_cache_core[100]: Access = 0, Miss = 0, Miss_rate = -nan, Pending_hits = 0, Reservation_fails = 0
	L1D_cache_core[101]: Access = 0, Miss = 0, Miss_rate = -nan, Pending_hits = 0, Reservation_fails = 0
	L1D_cache_core[102]: Access = 0, Miss = 0, Miss_rate = -nan, Pending_hits = 0, Reservation_fails = 0
	L1D_cache_core[103]: Access = 0, Miss = 0, Miss_rate = -nan, Pending_hits = 0, Reservation_fails = 0
	L1D_cache_core[104]: Access = 0, Miss = 0, Miss_rate = -nan, Pending_hits = 0, Reservation_fails = 0
	L1D_cache_core[105]: Access = 0, Miss = 0, Miss_rate = -nan, Pending_hits = 0, Reservation_fails = 0
	L1D_cache_core[106]: Access = 0, Miss = 0, Miss_rate = -nan, Pending_hits = 0, Reservation_fails = 0
	L1D_cache_core[107]: Access = 0, Miss = 0, Miss_rate = -nan, Pending_hits = 0, Reservation_fails = 0
	L1D_cache_core[108]: Access = 0, Miss = 0, Miss_rate = -nan, Pending_hits = 0, Reservation_fails = 0
	L1D_cache_core[109]: Access = 0, Miss = 0, Miss_rate = -nan, Pending_hits = 0, Reservation_fails = 0
	L1D_cache_core[110]: Access = 0, Miss = 0, Miss_rate = -nan, Pending_hits = 0, Reservation_fails = 0
	L1D_cache_core[111]: Access = 0, Miss = 0, Miss_rate = -nan, Pending_hits = 0, Reservation_fails = 0
	L1D_cache_core[112]: Access = 0, Miss = 0, Miss_rate = -nan, Pending_hits = 0, Reservation_fails = 0
	L1D_cache_core[113]: Access = 0, Miss = 0, Miss_rate = -nan, Pending_hits = 0, Reservation_fails = 0
	L1D_total_cache_accesses = 64
	L1D_total_cache_misses = 32
	L1D_total_cache_miss_rate = 0.5000
	L1D_total_cache_pending_hits = 0
	L1D_total_cache_reservation_fails = 0
	L1D_cache_data_port_util = 0.000
	L1D_cache_fill_port_util = 0.000
L1C_cache:
	L1C_total_cache_accesses = 0
	L1C_total_cache_misses = 0
	L1C_total_cache_pending_hits = 0
	L1C_total_cache_reservation_fails = 0
L1T_cache:
	L1T_total_cache_accesses = 0
	L1T_total_cache_misses = 0
	L1T_total_cache_pending_hits = 0
	L1T_total_cache_reservation_fails = 0

Total_core_cache_stats:
	Total_core_cache_stats_breakdown[GLOBAL_ACC_R][HIT] = 0
	Total_core_cache_stats_breakdown[GLOBAL_ACC_R][HIT_RESERVED] = 0
	Total_core_cache_stats_breakdown[GLOBAL_ACC_R][MISS] = 8
	Total_core_cache_stats_breakdown[GLOBAL_ACC_R][RESERVATION_FAIL] = 0
	Total_core_cache_stats_breakdown[GLOBAL_ACC_R][SECTOR_MISS] = 24
	Total_core_cache_stats_breakdown[GLOBAL_ACC_R][MSHR_HIT] = 0
	Total_core_cache_stats_breakdown[GLOBAL_ACC_R][WRITE_ALLOCATED] = 0
	Total_core_cache_stats_breakdown[CHIPLET_ACC_R][HIT] = 0
	Total_core_cache_stats_breakdown[CHIPLET_ACC_R][HIT_RESERVED] = 0
	Total_core_cache_stats_breakdown[CHIPLET_ACC_R][MISS] = 0
	Total_core_cache_stats_breakdown[CHIPLET_ACC_R][RESERVATION_FAIL] = 0
	Total_core_cache_stats_breakdown[CHIPLET_ACC_R][SECTOR_MISS] = 0
	Total_core_cache_stats_breakdown[CHIPLET_ACC_R][MSHR_HIT] = 0
	Total_core_cache_stats_breakdown[CHIPLET_ACC_R][WRITE_ALLOCATED] = 0
	Total_core_cache_stats_breakdown[LOCAL_ACC_R][HIT] = 0
	Total_core_cache_stats_breakdown[LOCAL_ACC_R][HIT_RESERVED] = 0
	Total_core_cache_stats_breakdown[LOCAL_ACC_R][MISS] = 0
	Total_core_cache_stats_breakdown[LOCAL_ACC_R][RESERVATION_FAIL] = 0
	Total_core_cache_stats_breakdown[LOCAL_ACC_R][SECTOR_MISS] = 0
	Total_core_cache_stats_breakdown[LOCAL_ACC_R][MSHR_HIT] = 0
	Total_core_cache_stats_breakdown[LOCAL_ACC_R][WRITE_ALLOCATED] = 0
	Total_core_cache_stats_breakdown[CONST_ACC_R][HIT] = 0
	Total_core_cache_stats_breakdown[CONST_ACC_R][HIT_RESERVED] = 0
	Total_core_cache_stats_breakdown[CONST_ACC_R][MISS] = 0
	Total_core_cache_stats_breakdown[CONST_ACC_R][RESERVATION_FAIL] = 0
	Total_core_cache_stats_breakdown[CONST_ACC_R][SECTOR_MISS] = 0
	Total_core_cache_stats_breakdown[CONST_ACC_R][MSHR_HIT] = 0
	Total_core_cache_stats_breakdown[CONST_ACC_R][WRITE_ALLOCATED] = 0
	Total_core_cache_stats_breakdown[TEXTURE_ACC_R][HIT] = 0
	Total_core_cache_stats_breakdown[TEXTURE_ACC_R][HIT_RESERVED] = 0
	Total_core_cache_stats_breakdown[TEXTURE_ACC_R][MISS] = 0
	Total_core_cache_stats_breakdown[TEXTURE_ACC_R][RESERVATION_FAIL] = 0
	Total_core_cache_stats_breakdown[TEXTURE_ACC_R][SECTOR_MISS] = 0
	Total_core_cache_stats_breakdown[TEXTURE_ACC_R][MSHR_HIT] = 0
	Total_core_cache_stats_breakdown[TEXTURE_ACC_R][WRITE_ALLOCATED] = 0
	Total_core_cache_stats_breakdown[GLOBAL_ACC_W][HIT] = 32
	Total_core_cache_stats_breakdown[GLOBAL_ACC_W][HIT_RESERVED] = 0
	Total_core_cache_stats_breakdown[GLOBAL_ACC_W][MISS] = 0
	Total_core_cache_stats_breakdown[GLOBAL_ACC_W][RESERVATION_FAIL] = 0
	Total_core_cache_stats_breakdown[GLOBAL_ACC_W][SECTOR_MISS] = 0
	Total_core_cache_stats_breakdown[GLOBAL_ACC_W][MSHR_HIT] = 0
	Total_core_cache_stats_breakdown[GLOBAL_ACC_W][WRITE_ALLOCATED] = 0
	Total_core_cache_stats_breakdown[CHIPLET_ACC_W][HIT] = 0
	Total_core_cache_stats_breakdown[CHIPLET_ACC_W][HIT_RESERVED] = 0
	Total_core_cache_stats_breakdown[CHIPLET_ACC_W][MISS] = 0
	Total_core_cache_stats_breakdown[CHIPLET_ACC_W][RESERVATION_FAIL] = 0
	Total_core_cache_stats_breakdown[CHIPLET_ACC_W][SECTOR_MISS] = 0
	Total_core_cache_stats_breakdown[CHIPLET_ACC_W][MSHR_HIT] = 0
	Total_core_cache_stats_breakdown[CHIPLET_ACC_W][WRITE_ALLOCATED] = 0
	Total_core_cache_stats_breakdown[LOCAL_ACC_W][HIT] = 0
	Total_core_cache_stats_breakdown[LOCAL_ACC_W][HIT_RESERVED] = 0
	Total_core_cache_stats_breakdown[LOCAL_ACC_W][MISS] = 0
	Total_core_cache_stats_breakdown[LOCAL_ACC_W][RESERVATION_FAIL] = 0
	Total_core_cache_stats_breakdown[LOCAL_ACC_W][SECTOR_MISS] = 0
	Total_core_cache_stats_breakdown[LOCAL_ACC_W][MSHR_HIT] = 0
	Total_core_cache_stats_breakdown[LOCAL_ACC_W][WRITE_ALLOCATED] = 0
	Total_core_cache_stats_breakdown[L1_WRBK_ACC][HIT] = 0
	Total_core_cache_stats_breakdown[L1_WRBK_ACC][HIT_RESERVED] = 0
	Total_core_cache_stats_breakdown[L1_WRBK_ACC][MISS] = 0
	Total_core_cache_stats_breakdown[L1_WRBK_ACC][RESERVATION_FAIL] = 0
	Total_core_cache_stats_breakdown[L1_WRBK_ACC][SECTOR_MISS] = 0
	Total_core_cache_stats_breakdown[L1_WRBK_ACC][MSHR_HIT] = 0
	Total_core_cache_stats_breakdown[L1_WRBK_ACC][WRITE_ALLOCATED] = 0
	Total_core_cache_stats_breakdown[L2_WRBK_ACC][HIT] = 0
	Total_core_cache_stats_breakdown[L2_WRBK_ACC][HIT_RESERVED] = 0
	Total_core_cache_stats_breakdown[L2_WRBK_ACC][MISS] = 0
	Total_core_cache_stats_breakdown[L2_WRBK_ACC][RESERVATION_FAIL] = 0
	Total_core_cache_stats_breakdown[L2_WRBK_ACC][SECTOR_MISS] = 0
	Total_core_cache_stats_breakdown[L2_WRBK_ACC][MSHR_HIT] = 0
	Total_core_cache_stats_breakdown[L2_WRBK_ACC][WRITE_ALLOCATED] = 0
	Total_core_cache_stats_breakdown[INST_ACC_R][HIT] = 0
	Total_core_cache_stats_breakdown[INST_ACC_R][HIT_RESERVED] = 0
	Total_core_cache_stats_breakdown[INST_ACC_R][MISS] = 0
	Total_core_cache_stats_breakdown[INST_ACC_R][RESERVATION_FAIL] = 0
	Total_core_cache_stats_breakdown[INST_ACC_R][SECTOR_MISS] = 0
	Total_core_cache_stats_breakdown[INST_ACC_R][MSHR_HIT] = 0
	Total_core_cache_stats_breakdown[INST_ACC_R][WRITE_ALLOCATED] = 0
	Total_core_cache_stats_breakdown[L1_WR_ALLOC_R][HIT] = 0
	Total_core_cache_stats_breakdown[L1_WR_ALLOC_R][HIT_RESERVED] = 0
	Total_core_cache_stats_breakdown[L1_WR_ALLOC_R][MISS] = 0
	Total_core_cache_stats_breakdown[L1_WR_ALLOC_R][RESERVATION_FAIL] = 0
	Total_core_cache_stats_breakdown[L1_WR_ALLOC_R][SECTOR_MISS] = 0
	Total_core_cache_stats_breakdown[L1_WR_ALLOC_R][MSHR_HIT] = 0
	Total_core_cache_stats_breakdown[L1_WR_ALLOC_R][WRITE_ALLOCATED] = 0
	Total_core_cache_stats_breakdown[L2_WR_ALLOC_R][HIT] = 0
	Total_core_cache_stats_breakdown[L2_WR_ALLOC_R][HIT_RESERVED] = 0
	Total_core_cache_stats_breakdown[L2_WR_ALLOC_R][MISS] = 0
	Total_core_cache_stats_breakdown[L2_WR_ALLOC_R][RESERVATION_FAIL] = 0
	Total_core_cache_stats_breakdown[L2_WR_ALLOC_R][SECTOR_MISS] = 0
	Total_core_cache_stats_breakdown[L2_WR_ALLOC_R][MSHR_HIT] = 0
	Total_core_cache_stats_breakdown[L2_WR_ALLOC_R][WRITE_ALLOCATED] = 0
	Total_core_cache_stats_breakdown[GLOBAL_ACC_R][TOTAL_ACCESS] = 32
	Total_core_cache_stats_breakdown[GLOBAL_ACC_W][TOTAL_ACCESS] = 32

Total_core_cache_fail_stats:
ctas_completed 2, Shader 0 warp_id issue ditsribution:
warp_id:
0, 1, 2, 3, 
distro:
932, 911, 896, 896, 
MBARRIER_TRYWAIT,1,0,13086,13286,13486,13686,13886,14086,17697,17897,18097,18297,18497,18697,22307,22507,22707,22907,23107,23307,26918,27118,27318,27518,27718,27918,31529,31729,31929,32129,32329,32529,36139,36339,36539,36739,36939,37139,40750,40950,41150,41350,41550,41750,45361,45561,45761,45961,46161,46361,50258,50458,50658,50858,51058,51258,54869,55069,55269,55469,55669,55869,59479,59679,59879,60079,60279,60479,64090,64290,64490,64690,64890,65090,68701,68901,69101,69301,69501,69701,73311,73511,73711,73911,74111,74311,77922,78122,78322,78522,78722,78922,82533,82733,82933,83133,83333,83533,87429,87629,87829,88029,88229,88429,92039,92239,92439,92639,92839,93039,96650,96850,97050,97250,97450,97650,101261,101461,101661,101861,102061,102261,105871,106071,106271,106471,106671,106871,110482,110682,110882,111082,111282,111482,115093,115293,115493,115693,115893,116093,119703,119903,120103,120303,120503,120703,124599,124799,124999,125199,125399,125599,129207,129407,129607,129807,130007,130207,133818,134018,134218,134418,134618,134818,138429,138629,138829,139029,139229,139429,143039,143239,143439,143639,143839,144039,147650,147850,148050,148250,148450,148650,152261,152461,152661,152861,153061,153261,156871,157071,157271,157471,157671,157871
MBARRIER_TRYWAIT,1,1,12901,13101,13301,13501,13701,13901,14101,17513,17713,17913,18113,18313,18513,18713,22124,22324,22524,22724,22924,23124,23324,26734,26934,27134,27334,27534,27734,27934,31345,31545,31745,31945,32145,32345,32545,35956,36156,36356,36556,36756,36956,37156,40566,40766,40966,41166,41366,41566,41766,45177,45377,45577,45777,45977,46177,46377,50074,50274,50474,50674,50874,51074,51274,54685,54885,55085,55285,55485,55685,55885,59296,59496,59696,59896,60096,60296,60496,63906,64106,64306,64506,64706,64906,65106,68517,68717,68917,69117,69317,69517,69717,73128,73328,73528,73728,73928,74128,74328,77738,77938,78138,78338,78538,78738,78938,82349,82549,82749,82949,83149,83349,83549,87245,87445,87645,87845,88045,88245,88445,91856,92056,92256,92456,92656,92856,93056,96466,96666,96866,97066,97266,97466,97666,101077,101277,101477,101677,101877,102077,102277,105688,105888,106088,106288,106488,106688,106888,110298,110498,110698,110898,111098,111298,111498,114909,115109,115309,115509,115709,115909,116109,119520,119720,119920,120120,120320,120520,120720,124415,124615,124815,125015,125215,125415,125615,129024,129224,129424,129624,129824,130024,130224,133634,133834,134034,134234,134434,134634,134834,138245,138445,138645,138845,139045,139245,139445,142856,143056,143256,143456,143656,143856,144056,147466,147666,147866,148066,148266,148466,148666,152077,152277,152477,152677,152877,153077,153277,156688,156888,157088,157288,157488,157688,157888
MBARRIER_TRYWAIT,1,2,12897,13097,13297,13497,13697,13897,14097,17509,17709,17909,18109,18309,18509,18709,22119,22319,22519,22719,22919,23119,23319,26729,26929,27129,27329,27529,27729,27929,31341,31541,31741,31941,32141,32341,32541,35951,36151,36351,36551,36751,36951,37151,40561,40761,40961,41161,41361,41561,41761,45173,45373,45573,45773,45973,46173,46373,50069,50269,50469,50669,50869,51069,51269,54681,54881,55081,55281,55481,55681,55881,59291,59491,59691,59891,60091,60291,60491,63901,64101,64301,64501,64701,64901,65101,68513,68713,68913,69113,69313,69513,69713,73123,73323,73523,73723,73923,74123,74323,77733,77933,78133,78333,78533,78733,78933,82345,82545,82745,82945,83145,83345,83545,87241,87441,87641,87841,88041,88241,88441,91851,92051,92251,92451,92651,92851,93051,96461,96661,96861,97061,97261,97461,97661,101073,101273,101473,101673,101873,102073,102273,105683,105883,106083,106283,106483,106683,106883,110293,110493,110693,110893,111093,111293,111493,114905,115105,115305,115505,115705,115905,116105,119515,119715,119915,120115,120315,120515,120715,124410,124610,124810,125010,125210,125410,125610,129019,129219,129419,129619,129819,130019,130219,133629,133829,134029,134229,134429,134629,134829,138241,138441,138641,138841,139041,139241,139441,142851,143051,143251,143451,143651,143851,144051,147461,147661,147861,148061,148261,148461,148661,152073,152273,152473,152673,152873,153073,153273,156683,156883,157083,157283,157483,157683,157883
MBARRIER_TRYWAIT,1,3,12898,13098,13298,13498,13698,13898,14098,17509,17709,17909,18109,18309,18509,18709,22119,22319,22519,22719,22919,23119,23319,26730,26930,27130,27330,27530,27730,27930,31341,31541,31741,31941,32141,32341,32541,35951,36151,36351,36551,36751,36951,37151,40562,40762,40962,41162,41362,41562,41762,45173,45373,45573,45773,45973,46173,46373,50070,50270,50470,50670,50870,51070,51270,54681,54881,55081,55281,55481,55681,55881,59291,59491,59691,59891,60091,60291,60491,63902,64102,64302,64502,64702,64902,65102,68513,68713,68913,69113,69313,69513,69713,73123,73323,73523,73723,73923,74123,74323,77734,77934,78134,78334,78534,78734,78934,82345,82545,82745,82945,83145,83345,83545,87241,87441,87641,87841,88041,88241,88441,91851,92051,92251,92451,92651,92851,93051,96462,96662,96862,97062,97262,97462,97662,101073,101273,101473,101673,101873,102073,102273,105683,105883,106083,106283,106483,106683,106883,110294,110494,110694,110894,111094,111294,111494,114905,115105,115305,115505,115705,115905,116105,119515,119715,119915,120115,120315,120515,120715,124410,124610,124810,125010,125210,125410,125610,129019,129219,129419,129619,129819,130019,130219,133630,133830,134030,134230,134430,134630,134830,138241,138441,138641,138841,139041,139241,139441,142851,143051,143251,143451,143651,143851,144051,147462,147662,147862,148062,148262,148462,148662,152073,152273,152473,152673,152873,153073,153273,156683,156883,157083,157283,157483,157683,157883
gpgpu_n_tot_thrd_icount = 3425031
gpgpu_n_tot_w_icount = 111647
gpgpu_n_stall_shd_mem = 12706
gpgpu_n_mem_read_local = 0
gpgpu_n_mem_write_local = 0
gpgpu_n_mem_read_global = 17060
gpgpu_n_mem_write_global = 17192
gpgpu_n_mem_texture = 0
gpgpu_n_mem_const = 0
gpgpu_n_load_insn  = 421
gpgpu_n_store_insn = 289
gpgpu_n_shmem_insn = 279937
gpgpu_n_sstarr_insn = 0
gpgpu_n_tex_insn = 0
gpgpu_n_const_mem_insn = 0
gpgpu_n_param_mem_insn = 0
gpgpu_n_shmem_bkconflict = 0
gpgpu_n_l1cache_bkconflict = 0
gpgpu_n_intrawarp_mshr_merge = 0
gpgpu_n_cmem_portconflict = 0
gpgpu_stall_shd_mem[c_mem][resource_stall] = 0
gpgpu_stall_shd_mem[s_mem][bk_conf] = 0
gpgpu_stall_shd_mem[gl_mem][resource_stall] = 0
gpgpu_stall_shd_mem[gl_mem][coal_stall] = 4257
gpgpu_stall_shd_mem[gl_mem][data_port_stall] = 0
gpu_reg_bank_conflict_stalls = 0
Warp Occupancy Distribution:
Stall:21144	W0_Idle:221539	W0_Scoreboard:269998	W1:1553	W2:0	W3:0	W4:0	W5:0	W6:0	W7:0	W8:0	W9:0	W10:0	W11:0	W12:0	W13:0	W14:0	W15:0	W16:0	W17:0	W18:0	W19:0	W20:0	W21:0	W22:0	W23:0	W24:0	W25:0	W26:0	W27:0	W28:0	W29:0	W30:0	W31:330	W32:106664
single_issue_nums: WS0:28679	WS1:27986	WS2:27491	WS3:27491	
dual_issue_nums: WS0:0	WS1:0	WS2:0	WS3:0	
traffic_breakdown_coretomem[GLOBAL_ACC_R] = 135424 {8:16928,}
traffic_breakdown_coretomem[GLOBAL_ACC_W] = 687680 {40:17192,}
traffic_breakdown_coretomem[GLOBAL_ATOMIC] = 5280 {40:132,}
traffic_breakdown_memtocore[CHIPLET_ACC_R] = 337920 {40:8448,}
traffic_breakdown_memtocore[GLOBAL_ACC_R] = 339200 {40:8480,}
traffic_breakdown_memtocore[GLOBAL_ACC_W] = 137536 {8:17192,}
traffic_breakdown_memtocore[GLOBAL_ATOMIC] = 5280 {40:132,}
maxmflatency = 864 
max_icnt2mem_latency = 131 
maxmrqlatency = 0 
max_icnt2sh_latency = 6 
averagemflatency = 531 
avg_icnt2mem_latency = 98 
avg_icnt2sh_latency = 3 
mrq_lat_table:0 	0 	0 	0 	0 	0 	0 	0 	0 	0 	0 	0 	0 	0 	0 	0 	0 	0 	0 	0 	0 	0 	0 	0 	0 	0 	0 	0 	0 	0 	0 	0 	
dq_lat_table:0 	0 	0 	0 	0 	0 	0 	0 	0 	0 	0 	0 	0 	0 	0 	0 	0 	0 	0 	0 	0 	0 	0 	0 	0 	0 	0 	0 	0 	0 	0 	0 	
mf_lat_table:0 	0 	0 	0 	0 	0 	0 	1564 	15760 	16928 	0 	0 	0 	0 	0 	0 	0 	0 	0 	0 	0 	0 	0 	0 	0 	0 	0 	0 	0 	0 	0 	0 	
icnt2mem_lat_table:0 	165 	495 	1056 	2112 	4288 	8448 	17688 	0 	0 	0 	0 	0 	0 	0 	0 	0 	0 	0 	0 	0 	0 	0 	0 	
icnt2sh_lat_table:0 	24202 	10050 	0 	0 	0 	0 	0 	0 	0 	0 	0 	0 	0 	0 	0 	0 	0 	0 	0 	0 	0 	0 	0 	
mf_lat_pw_table:0 	0 	0 	0 	0 	0 	0 	32 	41 	63 	0 	0 	0 	0 	0 	0 	0 	0 	0 	0 	0 	0 	0 	0 	0 	0 	0 	0 	0 	0 	0 	0 	
maximum concurrent accesses to same row:
dram[0]:         0         0         0         0         0         0         0         0         0         0         0         0         0         0         0         0 
dram[1]:         0         0         0         0         0         0         0         0         0         0         0         0         0         0         0         0 
dram[2]:         0         0         0         0         0         0         0         0         0         0         0         0         0         0         0         0 
dram[3]:         0         0         0         0         0         0         0         0         0         0         0         0         0         0         0         0 
dram[4]:         0         0         0         0         0         0         0         0         0         0         0         0         0         0         0         0 
dram[5]:         0         0         0         0         0         0         0         0         0         0         0         0         0         0         0         0 
dram[6]:         0         0         0         0         0         0         0         0         0         0         0         0         0         0         0         0 
dram[7]:         0         0         0         0         0         0         0         0         0         0         0         0         0         0         0         0 
dram[8]:         0         0         0         0         0         0         0         0         0         0         0         0         0         0         0         0 
dram[9]:         0         0         0         0         0         0         0         0         0         0         0         0         0         0         0         0 
dram[10]:         0         0         0         0         0         0         0         0         0         0         0         0         0         0         0         0 
dram[11]:         0         0         0         0         0         0         0         0         0         0         0         0         0         0         0         0 
dram[12]:         0         0         0         0         0         0         0         0         0         0         0         0         0         0         0         0 
dram[13]:         0         0         0         0         0         0         0         0         0         0         0         0         0         0         0         0 
dram[14]:         0         0         0         0         0         0         0         0         0         0         0         0         0         0         0         0 
dram[15]:         0         0         0         0         0         0         0         0         0         0         0         0         0         0         0         0 
dram[16]:         0         0         0         0         0         0         0         0         0         0         0         0         0         0         0         0 
dram[17]:         0         0         0         0         0         0         0         0         0         0         0         0         0         0         0         0 
dram[18]:         0         0         0         0         0         0         0         0         0         0         0         0         0         0         0         0 
dram[19]:         0         0         0         0         0         0         0         0         0         0         0         0         0         0         0         0 
dram[20]:         0         0         0         0         0         0         0         0         0         0         0         0         0         0         0         0 
dram[21]:         0         0         0         0         0         0         0         0         0         0         0         0         0         0         0         0 
dram[22]:         0         0         0         0         0         0         0         0         0         0         0         0         0         0         0         0 
dram[23]:         0         0         0         0         0         0         0         0         0         0         0         0         0         0         0         0 
dram[24]:         0         0         0         0         0         0         0         0         0         0         0         0         0         0         0         0 
dram[25]:         0         0         0         0         0         0         0         0         0         0         0         0         0         0         0         0 
dram[26]:         0         0         0         0         0         0         0         0         0         0         0         0         0         0         0         0 
dram[27]:         0         0         0         0         0         0         0         0         0         0         0         0         0         0         0         0 
dram[28]:         0         0         0         0         0         0         0         0         0         0         0         0         0         0         0         0 
dram[29]:         0         0         0         0         0         0         0         0         0         0         0         0         0         0         0         0 
dram[30]:         0         0         0         0         0         0         0         0         0         0         0         0         0         0         0         0 
dram[31]:         0         0         0         0         0         0         0         0         0         0         0         0         0         0         0         0 
dram[32]:         0         0         0         0         0         0         0         0         0         0         0         0         0         0         0         0 
dram[33]:         0         0         0         0         0         0         0         0         0         0         0         0         0         0         0         0 
dram[34]:         0         0         0         0         0         0         0         0         0         0         0         0         0         0         0         0 
dram[35]:         0         0         0         0         0         0         0         0         0         0         0         0         0         0         0         0 
dram[36]:         0         0         0         0         0         0         0         0         0         0         0         0         0         0         0         0 
dram[37]:         0         0         0         0         0         0         0         0         0         0         0         0         0         0         0         0 
dram[38]:         0         0         0         0         0         0         0         0         0         0         0         0         0         0         0         0 
dram[39]:         0         0         0         0         0         0         0         0         0         0         0         0         0         0         0         0 
maximum service time to same row:
dram[0]:         0         0         0         0         0         0         0         0         0         0         0         0         0         0         0         0 
dram[1]:         0         0         0         0         0         0         0         0         0         0         0         0         0         0         0         0 
dram[2]:         0         0         0         0         0         0         0         0         0         0         0         0         0         0         0         0 
dram[3]:         0         0         0         0         0         0         0         0         0         0         0         0         0         0         0         0 
dram[4]:         0         0         0         0         0         0         0         0         0         0         0         0         0         0         0         0 
dram[5]:         0         0         0         0         0         0         0         0         0         0         0         0         0         0         0         0 
dram[6]:         0         0         0         0         0         0         0         0         0         0         0         0         0         0         0         0 
dram[7]:         0         0         0         0         0         0         0         0         0         0         0         0         0         0         0         0 
dram[8]:         0         0         0         0         0         0         0         0         0         0         0         0         0         0         0         0 
dram[9]:         0         0         0         0         0         0         0         0         0         0         0         0         0         0         0         0 
dram[10]:         0         0         0         0         0         0         0         0         0         0         0         0         0         0         0         0 
dram[11]:         0         0         0         0         0         0         0         0         0         0         0         0         0         0         0         0 
dram[12]:         0         0         0         0         0         0         0         0         0         0         0         0         0         0         0         0 
dram[13]:         0         0         0         0         0         0         0         0         0         0         0         0         0         0         0         0 
dram[14]:         0         0         0         0         0         0         0         0         0         0         0         0         0         0         0         0 
dram[15]:         0         0         0         0         0         0         0         0         0         0         0         0         0         0         0         0 
dram[16]:         0         0         0         0         0         0         0         0         0         0         0         0         0         0         0         0 
dram[17]:         0         0         0         0         0         0         0         0         0         0         0         0         0         0         0         0 
dram[18]:         0         0         0         0         0         0         0         0         0         0         0         0         0         0         0         0 
dram[19]:         0         0         0         0         0         0         0         0         0         0         0         0         0         0         0         0 
dram[20]:         0         0         0         0         0         0         0         0         0         0         0         0         0         0         0         0 
dram[21]:         0         0         0         0         0         0         0         0         0         0         0         0         0         0         0         0 
dram[22]:         0         0         0         0         0         0         0         0         0         0         0         0         0         0         0         0 
dram[23]:         0         0         0         0         0         0         0         0         0         0         0         0         0         0         0         0 
dram[24]:         0         0         0         0         0         0         0         0         0         0         0         0         0         0         0         0 
dram[25]:         0         0         0         0         0         0         0         0         0         0         0         0         0         0         0         0 
dram[26]:         0         0         0         0         0         0         0         0         0         0         0         0         0         0         0         0 
dram[27]:         0         0         0         0         0         0         0         0         0         0         0         0         0         0         0         0 
dram[28]:         0         0         0         0         0         0         0         0         0         0         0         0         0         0         0         0 
dram[29]:         0         0         0         0         0         0         0         0         0         0         0         0         0         0         0         0 
dram[30]:         0         0         0         0         0         0         0         0         0         0         0         0         0         0         0         0 
dram[31]:         0         0         0         0         0         0         0         0         0         0         0         0         0         0         0         0 
dram[32]:         0         0         0         0         0         0         0         0         0         0         0         0         0         0         0         0 
dram[33]:         0         0         0         0         0         0         0         0         0         0         0         0         0         0         0         0 
dram[34]:         0         0         0         0         0         0         0         0         0         0         0         0         0         0         0         0 
dram[35]:         0         0         0         0         0         0         0         0         0         0         0         0         0         0         0         0 
dram[36]:         0         0         0         0         0         0         0         0         0         0         0         0         0         0         0         0 
dram[37]:         0         0         0         0         0         0         0         0         0         0         0         0         0         0         0         0 
dram[38]:         0         0         0         0         0         0         0         0         0         0         0         0         0         0         0         0 
dram[39]:         0         0         0         0         0         0         0         0         0         0         0         0         0         0         0         0 
average row accesses per activate:
dram[0]:      -nan      -nan      -nan      -nan      -nan      -nan      -nan      -nan      -nan      -nan      -nan      -nan      -nan      -nan      -nan      -nan 
dram[1]:      -nan      -nan      -nan      -nan      -nan      -nan      -nan      -nan      -nan      -nan      -nan      -nan      -nan      -nan      -nan      -nan 
dram[2]:      -nan      -nan      -nan      -nan      -nan      -nan      -nan      -nan      -nan      -nan      -nan      -nan      -nan      -nan      -nan      -nan 
dram[3]:      -nan      -nan      -nan      -nan      -nan      -nan      -nan      -nan      -nan      -nan      -nan      -nan      -nan      -nan      -nan      -nan 
dram[4]:      -nan      -nan      -nan      -nan      -nan      -nan      -nan      -nan      -nan      -nan      -nan      -nan      -nan      -nan      -nan      -nan 
dram[5]:      -nan      -nan      -nan      -nan      -nan      -nan      -nan      -nan      -nan      -nan      -nan      -nan      -nan      -nan      -nan      -nan 
dram[6]:      -nan      -nan      -nan      -nan      -nan      -nan      -nan      -nan      -nan      -nan      -nan      -nan      -nan      -nan      -nan      -nan 
dram[7]:      -nan      -nan      -nan      -nan      -nan      -nan      -nan      -nan      -nan      -nan      -nan      -nan      -nan      -nan      -nan      -nan 
dram[8]:      -nan      -nan      -nan      -nan      -nan      -nan      -nan      -nan      -nan      -nan      -nan      -nan      -nan      -nan      -nan      -nan 
dram[9]:      -nan      -nan      -nan      -nan      -nan      -nan      -nan      -nan      -nan      -nan      -nan      -nan      -nan      -nan      -nan      -nan 
dram[10]:      -nan      -nan      -nan      -nan      -nan      -nan      -nan      -nan      -nan      -nan      -nan      -nan      -nan      -nan      -nan      -nan 
dram[11]:      -nan      -nan      -nan      -nan      -nan      -nan      -nan      -nan      -nan      -nan      -nan      -nan      -nan      -nan      -nan      -nan 
dram[12]:      -nan      -nan      -nan      -nan      -nan      -nan      -nan      -nan      -nan      -nan      -nan      -nan      -nan      -nan      -nan      -nan 
dram[13]:      -nan      -nan      -nan      -nan      -nan      -nan      -nan      -nan      -nan      -nan      -nan      -nan      -nan      -nan      -nan      -nan 
dram[14]:      -nan      -nan      -nan      -nan      -nan      -nan      -nan      -nan      -nan      -nan      -nan      -nan      -nan      -nan      -nan      -nan 
dram[15]:      -nan      -nan      -nan      -nan      -nan      -nan      -nan      -nan      -nan      -nan      -nan      -nan      -nan      -nan      -nan      -nan 
dram[16]:      -nan      -nan      -nan      -nan      -nan      -nan      -nan      -nan      -nan      -nan      -nan      -nan      -nan      -nan      -nan      -nan 
dram[17]:      -nan      -nan      -nan      -nan      -nan      -nan      -nan      -nan      -nan      -nan      -nan      -nan      -nan      -nan      -nan      -nan 
dram[18]:      -nan      -nan      -nan      -nan      -nan      -nan      -nan      -nan      -nan      -nan      -nan      -nan      -nan      -nan      -nan      -nan 
dram[19]:      -nan      -nan      -nan      -nan      -nan      -nan      -nan      -nan      -nan      -nan      -nan      -nan      -nan      -nan      -nan      -nan 
dram[20]:      -nan      -nan      -nan      -nan      -nan      -nan      -nan      -nan      -nan      -nan      -nan      -nan      -nan      -nan      -nan      -nan 
dram[21]:      -nan      -nan      -nan      -nan      -nan      -nan      -nan      -nan      -nan      -nan      -nan      -nan      -nan      -nan      -nan      -nan 
dram[22]:      -nan      -nan      -nan      -nan      -nan      -nan      -nan      -nan      -nan      -nan      -nan      -nan      -nan      -nan      -nan      -nan 
dram[23]:      -nan      -nan      -nan      -nan      -nan      -nan      -nan      -nan      -nan      -nan      -nan      -nan      -nan      -nan      -nan      -nan 
dram[24]:      -nan      -nan      -nan      -nan      -nan      -nan      -nan      -nan      -nan      -nan      -nan      -nan      -nan      -nan      -nan      -nan 
dram[25]:      -nan      -nan      -nan      -nan      -nan      -nan      -nan      -nan      -nan      -nan      -nan      -nan      -nan      -nan      -nan      -nan 
dram[26]:      -nan      -nan      -nan      -nan      -nan      -nan      -nan      -nan      -nan      -nan      -nan      -nan      -nan      -nan      -nan      -nan 
dram[27]:      -nan      -nan      -nan      -nan      -nan      -nan      -nan      -nan      -nan      -nan      -nan      -nan      -nan      -nan      -nan      -nan 
dram[28]:      -nan      -nan      -nan      -nan      -nan      -nan      -nan      -nan      -nan      -nan      -nan      -nan      -nan      -nan      -nan      -nan 
dram[29]:      -nan      -nan      -nan      -nan      -nan      -nan      -nan      -nan      -nan      -nan      -nan      -nan      -nan      -nan      -nan      -nan 
dram[30]:      -nan      -nan      -nan      -nan      -nan      -nan      -nan      -nan      -nan      -nan      -nan      -nan      -nan      -nan      -nan      -nan 
dram[31]:      -nan      -nan      -nan      -nan      -nan      -nan      -nan      -nan      -nan      -nan      -nan      -nan      -nan      -nan      -nan      -nan 
dram[32]:      -nan      -nan      -nan      -nan      -nan      -nan      -nan      -nan      -nan      -nan      -nan      -nan      -nan      -nan      -nan      -nan 
dram[33]:      -nan      -nan      -nan      -nan      -nan      -nan      -nan      -nan      -nan      -nan      -nan      -nan      -nan      -nan      -nan      -nan 
dram[34]:      -nan      -nan      -nan      -nan      -nan      -nan      -nan      -nan      -nan      -nan      -nan      -nan      -nan      -nan      -nan      -nan 
dram[35]:      -nan      -nan      -nan      -nan      -nan      -nan      -nan      -nan      -nan      -nan      -nan      -nan      -nan      -nan      -nan      -nan 
dram[36]:      -nan      -nan      -nan      -nan      -nan      -nan      -nan      -nan      -nan      -nan      -nan      -nan      -nan      -nan      -nan      -nan 
dram[37]:      -nan      -nan      -nan      -nan      -nan      -nan      -nan      -nan      -nan      -nan      -nan      -nan      -nan      -nan      -nan      -nan 
dram[38]:      -nan      -nan      -nan      -nan      -nan      -nan      -nan      -nan      -nan      -nan      -nan      -nan      -nan      -nan      -nan      -nan 
dram[39]:      -nan      -nan      -nan      -nan      -nan      -nan      -nan      -nan      -nan      -nan      -nan      -nan      -nan      -nan      -nan      -nan 
average row locality = 0/0 = -nan
number of total memory accesses made:
dram[0]:         0         0         0         0         0         0         0         0         0         0         0         0         0         0         0         0 
dram[1]:         0         0         0         0         0         0         0         0         0         0         0         0         0         0         0         0 
dram[2]:         0         0         0         0         0         0         0         0         0         0         0         0         0         0         0         0 
dram[3]:         0         0         0         0         0         0         0         0         0         0         0         0         0         0         0         0 
dram[4]:         0         0         0         0         0         0         0         0         0         0         0         0         0         0         0         0 
dram[5]:         0         0         0         0         0         0         0         0         0         0         0         0         0         0         0         0 
dram[6]:         0         0         0         0         0         0         0         0         0         0         0         0         0         0         0         0 
dram[7]:         0         0         0         0         0         0         0         0         0         0         0         0         0         0         0         0 
dram[8]:         0         0         0         0         0         0         0         0         0         0         0         0         0         0         0         0 
dram[9]:         0         0         0         0         0         0         0         0         0         0         0         0         0         0         0         0 
dram[10]:         0         0         0         0         0         0         0         0         0         0         0         0         0         0         0         0 
dram[11]:         0         0         0         0         0         0         0         0         0         0         0         0         0         0         0         0 
dram[12]:         0         0         0         0         0         0         0         0         0         0         0         0         0         0         0         0 
dram[13]:         0         0         0         0         0         0         0         0         0         0         0         0         0         0         0         0 
dram[14]:         0         0         0         0         0         0         0         0         0         0         0         0         0         0         0         0 
dram[15]:         0         0         0         0         0         0         0         0         0         0         0         0         0         0         0         0 
dram[16]:         0         0         0         0         0         0         0         0         0         0         0         0         0         0         0         0 
dram[17]:         0         0         0         0         0         0         0         0         0         0         0         0         0         0         0         0 
dram[18]:         0         0         0         0         0         0         0         0         0         0         0         0         0         0         0         0 
dram[19]:         0         0         0         0         0         0         0         0         0         0         0         0         0         0         0         0 
dram[20]:         0         0         0         0         0         0         0         0         0         0         0         0         0         0         0         0 
dram[21]:         0         0         0         0         0         0         0         0         0         0         0         0         0         0         0         0 
dram[22]:         0         0         0         0         0         0         0         0         0         0         0         0         0         0         0         0 
dram[23]:         0         0         0         0         0         0         0         0         0         0         0         0         0         0         0         0 
dram[24]:         0         0         0         0         0         0         0         0         0         0         0         0         0         0         0         0 
dram[25]:         0         0         0         0         0         0         0         0         0         0         0         0         0         0         0         0 
dram[26]:         0         0         0         0         0         0         0         0         0         0         0         0         0         0         0         0 
dram[27]:         0         0         0         0         0         0         0         0         0         0         0         0         0         0         0         0 
dram[28]:         0         0         0         0         0         0         0         0         0         0         0         0         0         0         0         0 
dram[29]:         0         0         0         0         0         0         0         0         0         0         0         0         0         0         0         0 
dram[30]:         0         0         0         0         0         0         0         0         0         0         0         0         0         0         0         0 
dram[31]:         0         0         0         0         0         0         0         0         0         0         0         0         0         0         0         0 
dram[32]:         0         0         0         0         0         0         0         0         0         0         0         0         0         0         0         0 
dram[33]:         0         0         0         0         0         0         0         0         0         0         0         0         0         0         0         0 
dram[34]:         0         0         0         0         0         0         0         0         0         0         0         0         0         0         0         0 
dram[35]:         0         0         0         0         0         0         0         0         0         0         0         0         0         0         0         0 
dram[36]:         0         0         0         0         0         0         0         0         0         0         0         0         0         0         0         0 
dram[37]:         0         0         0         0         0         0         0         0         0         0         0         0         0         0         0         0 
dram[38]:         0         0         0         0         0         0         0         0         0         0         0         0         0         0         0         0 
dram[39]:         0         0         0         0         0         0         0         0         0         0         0         0         0         0         0         0 
total accesses: 0
min_bank_accesses = 0!
min_chip_accesses = 0!
number of total read accesses:
dram[0]:         0         0        24        28        60        56        72        72        64        64         0         0         0         0         0         0 
dram[1]:         0         0        28        24        56        60        68        68        60        60         0         0         0         0         0         0 
dram[2]:         0         0        28        28        56        56        72        72        64        64         0         0         0         0         0         0 
dram[3]:         0         0        28        28        60        56        68        68        60        60         0         0         4         1         0         0 
dram[4]:         0         0        28        28        56        60        72        72        64        64         0         0         0         0         0         0 
dram[5]:         0         0        32        32        56        56        68        72        60        64         0         0         0         0         0         0 
dram[6]:         0         0        28        28        60        60        72        68        64        60         0         0         0         0         0         0 
dram[7]:         0         0        28        28        56        56        72        72        64        64         0         0         0         0         0         0 
dram[8]:         0         0        28        28        60        60        68        72        60        64         0         0         0         0         0         0 
dram[9]:         0         0        28        28        56        56        72        68        64        60         0         0         0         0         0         0 
dram[10]:         0         0        24        20        68        72        56        56        52        52         0         0         0         0         0         0 
dram[11]:         0         0        24        24        72        68        60        60        56        56         0         0         0         0         0         0 
dram[12]:         0         0        20        24        72        72        56        56        52        52         0         0         0         0         0         0 
dram[13]:         0         0        20        20        68        72        60        60        56        56         0         0         0         0         0         0 
dram[14]:         0         0        20        20        72        68        56        56        52        52         0         0         0         0         0         0 
dram[15]:         0         0        24        24        72        72        60        56        52        52         0         0         4         4         0         0 
dram[16]:         0         0        28        28        68        68        56        60        48        52         0         0         4         4         0         0 
dram[17]:         0         0        24        24        72        72        56        56        52        48         0         0         0         0         0         0 
dram[18]:         0         0        24        24        68        68        60        56        56        52         0         0         0         0         0         0 
dram[19]:         0         0        24        24        72        72        56        60        52        56         0         0         0         0         0         0 
dram[20]:         0         0        28        24        68        72        56        56        52        52         0         0         0         0         0         0 
dram[21]:         0         0        24        28        72        68        60        60        52        52         0         0         0         0         0         0 
dram[22]:         0         0        24        24        72        72        56        56        48        48         0         0         0         0         0         0 
dram[23]:         0         0        24        24        68        72        60        60        52        52         0         0         0         0         0         0 
dram[24]:         0         0        24        24        72        68        56        56        48        48         0         0         0         0         0         0 
dram[25]:         0         0        20        20        72        72        60        56        56        52         0         0         0         0         0         0 
dram[26]:         0         0        24        24        68        68        56        60        52        56         0         0         0         0         0         0 
dram[27]:         0         0        24        24        72        72        56        56        52        52         0         0         0         0         0         0 
dram[28]:         0         0        24        24        68        68        60        56        56        52         0         0         0         0         0         0 
dram[29]:         0         0        24        24        72        72        56        60        52        56         0         0         0         0         0         0 
dram[30]:         0         0        24        28        60        56        72        72        64        64         0         0         0         0         0         0 
dram[31]:         0         0        28        24        56        60        68        68        60        60         0         0         0         0         0         0 
dram[32]:         0         0        28        28        56        56        72        72        64        64         0         0         0         0         0         0 
dram[33]:         0         0        28        28        60        56        68        68        60        60         0         0         0         0         0         0 
dram[34]:         0         0        28        28        56        60        72        72        64        64         0         0         0         0         0         0 
dram[35]:         0         0        28        28        56        56        68        72        64        64         0         0         0         0         0         0 
dram[36]:         0         0        24        24        60        60        72        68        68        64         0         0         0         0         0         0 
dram[37]:         0         0        28        28        56        56        72        72        64        68         0         0         0         0         0         0 
dram[38]:         0         0        28        28        60        60        68        72        60        64         0         0         0         0         0         0 
dram[39]:         0         0        28        28        56        56        72        68        64        60         0         0         0         0         0         0 
total dram reads = 16917
min_bank_accesses = 0!
chip skew: 444/396 = 1.12
number of total write accesses:
dram[0]:         0         0         0         0         0         0         0         0         0         0         0         0         0         0         0         0 
dram[1]:         0         0         0         0         0         0         0         0         0         0         0         0         0         0         0         0 
dram[2]:         0         0         0         0         0         0         0         0         0         0         0         0         0         0         0         0 
dram[3]:         0         0         0         0         0         0         0         0         0         0         0         0         0         0         0         0 
dram[4]:         0         0         0         0         0         0         0         0         0         0         0         0         0         0         0         0 
dram[5]:         0         0         0         0         0         0         0         0         0         0         0         0         0         0         0         0 
dram[6]:         0         0         0         0         0         0         0         0         0         0         0         0         0         0         0         0 
dram[7]:         0         0         0         0         0         0         0         0         0         0         0         0         0         0         0         0 
dram[8]:         0         0         0         0         0         0         0         0         0         0         0         0         0         0         0         0 
dram[9]:         0         0         0         0         0         0         0         0         0         0         0         0         0         0         0         0 
dram[10]:         0         0         0         0         0         0         0         0         0         0         0         0         0         0         0         0 
dram[11]:         0         0         0         0         0         0         0         0         0         0         0         0         0         0         0         0 
dram[12]:         0         0         0         0         0         0         0         0         0         0         0         0         0         0         0         0 
dram[13]:         0         0         0         0         0         0         0         0         0         0         0         0         0         0         0         0 
dram[14]:         0         0         0         0         0         0         0         0         0         0         0         0         0         0         0         0 
dram[15]:         0         0         0         0         0         0         0         0         0         0         0         0         0         0         0         0 
dram[16]:         0         0         0         0         0         0         0         0         0         0         0         0         0         0         0         0 
dram[17]:         0         0         0         0         0         0         0         0         0         0         0         0         0         0         0         0 
dram[18]:         0         0         0         0         0         0         0         0         0         0         0         0         0         0         0         0 
dram[19]:         0         0         0         0         0         0         0         0         0         0         0         0         0         0         0         0 
dram[20]:         0         0         0         0         0         0         0         0         0         0         0         0         0         0         0         0 
dram[21]:         0         0         0         0         0         0         0         0         0         0         0         0         0         0         0         0 
dram[22]:         0         0         0         0         0         0         0         0         0         0         0         0         0         0         0         0 
dram[23]:         0         0         0         0         0         0         0         0         0         0         0         0         0         0         0         0 
dram[24]:         0         0         0         0         0         0         0         0         0         0         0         0         0         0         0         0 
dram[25]:         0         0         0         0         0         0         0         0         0         0         0         0         0         0         0         0 
dram[26]:         0         0         0         0         0         0         0         0         0         0         0         0         0         0         0         0 
dram[27]:         0         0         0         0         0         0         0         0         0         0         0         0         0         0         0         0 
dram[28]:         0         0         0         0         0         0         0         0         0         0         0         0         0         0         0         0 
dram[29]:         0         0         0         0         0         0         0         0         0         0         0         0         0         0         0         0 
dram[30]:         0         0         0         0         0         0         0         0         0         0         0         0         0         0         0         0 
dram[31]:         0         0         0         0         0         0         0         0         0         0         0         0         0         0         0         0 
dram[32]:         0         0         0         0         0         0         0         0         0         0         0         0         0         0         0         0 
dram[33]:         0         0         0         0         0         0         0         0         0         0         0         0         0         0         0         0 
dram[34]:         0         0         0         0         0         0         0         0         0         0         0         0         0         0         0         0 
dram[35]:         0         0         0         0         0         0         0         0         0         0         0         0         0         0         0         0 
dram[36]:         0         0         0         0         0         0         0         0         0         0         0         0         0         0         0         0 
dram[37]:         0         0         0         0         0         0         0         0         0         0         0         0         0         0         0         0 
dram[38]:         0         0         0         0         0         0         0         0         0         0         0         0         0         0         0         0 
dram[39]:         0         0         0         0         0         0         0         0         0         0         0         0         0         0         0         0 
total dram writes = 0
min_bank_accesses = 0!
min_chip_accesses = 0!
average mf latency per bank:
dram[0]:     none      none         658       658       658       658       658       658       797       797    none      none      none      none      none      none  
dram[1]:     none      none         658       658       658       658       659       658       806       806    none      none      none      none      none      none  
dram[2]:     none      none         658       658       658       658       658       658       797       795    none      none      none      none      none      none  
dram[3]:     none      none         658       658       658       658       658       658       806       806    none      none       18505     41938    none      none  
dram[4]:     none      none         658       658       658       658       658       658       796       795    none      none      none      none      none      none  
dram[5]:     none      none         658       658       658       658       658       658       806       796    none      none      none      none      none      none  
dram[6]:     none      none         659       658       658       658       658       658       796       805    none      none      none      none      none      none  
dram[7]:     none      none         658       658       658       658       658       658       773       795    none      none      none      none      none      none  
dram[8]:     none      none         659       658       658       658       659       658       780       772    none      none      none      none      none      none  
dram[9]:     none      none         659       658       658       658       658       658       795       779    none      none      none      none      none      none  
dram[10]:     none      none         659       658       658       658       659       658       799       798    none      none      none      none      none      none  
dram[11]:     none      none         659       658       658       658       658       658       788       788    none      none      none      none      none      none  
dram[12]:     none      none         658       658       658       658       658       658       798       796    none      none      none      none      none      none  
dram[13]:     none      none         659       658       658       658       658       658       788       787    none      none      none      none      none      none  
dram[14]:     none      none         659       658       658       658       659       658       797       796    none      none      none      none      none      none  
dram[15]:     none      none         658       659       658       658       658       658       807       807    none      none       11563     11576    none      none  
dram[16]:     none      none         658       658       658       658       659       658       819       806    none      none       11507     11513    none      none  
dram[17]:     none      none         658       658       658       658       658       658       797       817    none      none      none      none      none      none  
dram[18]:     none      none         659       658       658       658       658       658       786       796    none      none      none      none      none      none  
dram[19]:     none      none         658       658       658       658       658       658       805       785    none      none      none      none      none      none  
dram[20]:     none      none         860       859       860       859       860       859       860       859    none      none      none      none      none      none  
dram[21]:     none      none         860       859       860       859       860       859       860       859    none      none      none      none      none      none  
dram[22]:     none      none         859       860       859       859       859       859       859       859    none      none      none      none      none      none  
dram[23]:     none      none         859       860       860       859       859       859       860       859    none      none      none      none      none      none  
dram[24]:     none      none         859       860       860       859       860       859       859       859    none      none      none      none      none      none  
dram[25]:     none      none         860       860       859       860       859       859       859       859    none      none      none      none      none      none  
dram[26]:     none      none         860       860       860       860       860       860       860       859    none      none      none      none      none      none  
dram[27]:     none      none         859       859       859       859       859       859       859       859    none      none      none      none      none      none  
dram[28]:     none      none         860       860       859       860       860       859       859       859    none      none      none      none      none      none  
dram[29]:     none      none         860       859       860       860       859       859       860       859    none      none      none      none      none      none  
dram[30]:     none      none         859       859       860       860       860       859       860       859    none      none      none      none      none      none  
dram[31]:     none      none         860       860       860       859       860       860       860       860    none      none      none      none      none      none  
dram[32]:     none      none         859       859       859       859       859       859       859       859    none      none      none      none      none      none  
dram[33]:     none      none         860       860       859       860       860       860       859       859    none      none      none      none      none      none  
dram[34]:     none      none         860       859       860       859       859       859       859       860    none      none      none      none      none      none  
dram[35]:     none      none         859       859       860       859       860       859       860       859    none      none      none      none      none      none  
dram[36]:     none      none         860       860       860       860       860       860       860       859    none      none      none      none      none      none  
dram[37]:     none      none         859       859       859       859       859       859       859       859    none      none      none      none      none      none  
dram[38]:     none      none         859       860       860       859       859       859       860       859    none      none      none      none      none      none  
dram[39]:     none      none         859       860       860       859       860       859       860       859    none      none      none      none      none      none  
maximum mf latency per bank:
dram[0]:        369       368       662       662       663       662       662       662       662       662       372       372       369       368       369       368
dram[1]:        367       366       662       662       662       662       662       662       662       662       371       372       367       366       367       366
dram[2]:        365       364       662       662       662       661       662       662       662       662       365       370       369       364       369       364
dram[3]:        363       362       663       662       661       663       663       662       663       662       363       362       529       528       367       368
dram[4]:        361       360       663       661       662       662       662       662       663       662       372       360       365       366       365       366
dram[5]:        323       324       662       661       662       663       663       663       662       662       369       368       360       359       372       372
dram[6]:        321       322       663       662       662       662       662       662       662       662       367       366       358       357       371       372
dram[7]:        372       372       662       662       662       661       662       662       662       662       369       364       372       372       359       370
dram[8]:        372       372       663       662       663       662       662       662       663       662       367       368       372       372       357       358
dram[9]:        371       370       663       662       662       663       663       663       663       662       365       366       371       370       372       356
dram[10]:        353       354       663       662       662       662       663       662       663       661       372       372       372       372       369       368
dram[11]:        351       352       662       661       662       662       662       662       662       662       371       372       371       372       367       366
dram[12]:        359       350       661       662       662       662       662       662       662       662       372       372       372       372       369       364
dram[13]:        357       358       662       662       663       662       662       662       662       662       372       372       372       372       367       368
dram[14]:        355       356       663       661       662       661       662       662       663       662       372       370       372       370       365       366
dram[15]:        343       344       662       662       663       662       663       662       663       662       372       372       575       582       372       372
dram[16]:        341       342       662       662       662       662       663       662       663       662       371       372       576       580       371       372
dram[17]:        349       340       661       661       662       662       662       661       662       662       372       372       372       373       372       372
dram[18]:        347       348       662       662       663       662       663       662       662       662       372       372       373       373       372       372
dram[19]:        345       346       663       662       663       661       662       662       662       662       372       370       372       371       372       370
dram[20]:          0         0       864       862       863       863       864       863       864       863         0         0         0         0         0         0
dram[21]:          0         0       864       862       863       864       864       863       864       863         0         0         0         0         0         0
dram[22]:          0         0       862       863       864       863       863       863       863       863         0         0         0         0         0         0
dram[23]:          0         0       863       863       864       863       864       863       864       863         0         0         0         0         0         0
dram[24]:          0         0       863       863       864       863       864       863       863       863         0         0         0         0         0         0
dram[25]:          0         0       863       863       864       863       864       864       864       863         0         0         0         0         0         0
dram[26]:          0         0       862       863       864       863       863       863       864       863         0         0         0         0         0         0
dram[27]:          0         0       862       863       863       863       863       863       863       862         0         0         0         0         0         0
dram[28]:          0         0       863       863       864       864       864       863       863       863         0         0         0         0         0         0
dram[29]:          0         0       864       862       864       863       864       864       864       863         0         0         0         0         0         0
dram[30]:          0         0       862       863       864       864       864       863       864       863         0         0         0         0         0         0
dram[31]:          0         0       863       863       864       863       864       863       864       863         0         0         0         0         0         0
dram[32]:          0         0       863       862       863       863       863       863       863       862         0         0         0         0         0         0
dram[33]:          0         0       864       863       864       863       864       864       864       863         0         0         0         0         0         0
dram[34]:          0         0       864       862       864       863       864       863       864       863         0         0         0         0         0         0
dram[35]:          0         0       864       863       864       863       864       863       864       863         0         0         0         0         0         0
dram[36]:          0         0       864       863       863       863       864       863       864       863         0         0         0         0         0         0
dram[37]:          0         0       863       862       864       863       863       863       863       863         0         0         0         0         0         0
dram[38]:          0         0       863       863       864       863       863       864       864       863         0         0         0         0         0         0
dram[39]:          0         0       864       863       863       864       864       863       864       864         0         0         0         0         0         0
LRC stats:
LRC_subpartition_num_lrc_to_l2_sectors.sum = 16961
LRC_subpartition_num_icnt_to_lrc_sectors.sum = 17060
Number of LRC to L2 sectors: 16961
Number of ICNT to LRC sectors: 17060
Number of LRC to L2 bytes: 542752
Number of ICNT to LRC bytes: 545920
LRC compression ratio: 1.005837
LRC_subpartition_l2_stall_due_to_lrc_full.sum = 0
Inter-chiplet stats:
interchip_read_requests = 8448
interchip_write_requests = 17160
Total inter-chiplet requests: 25608
Memory Partition 0: 
Cache L2_bank_000:
MSHR contents

Cache L2_bank_001:
MSHR contents

In Dram Latency Queue (total = 0): 
DRAM[0]: 16 bks, busW=8 BL=4 CL=19, tRRD=6 tCCD=1, tRCD=19 tRAS=45 tRP=19 tRC=50
n_cmd=0 n_nop=0 n_act=0 n_pre=0 n_ref_event=0 n_req=0 n_rd=0 n_rd_L2_A=0 n_write=0 n_wr_bk=0 bw_util=-nan
n_activity=0 dram_eff=-nan
bk0: 0a 0i bk1: 0a 0i bk2: 0a 0i bk3: 0a 0i bk4: 0a 0i bk5: 0a 0i bk6: 0a 0i bk7: 0a 0i bk8: 0a 0i bk9: 0a 0i bk10: 0a 0i bk11: 0a 0i bk12: 0a 0i bk13: 0a 0i bk14: 0a 0i bk15: 0a 0i 

------------------------------------------------------------------------

Row_Buffer_Locality = -nan
Row_Buffer_Locality_read = -nan
Row_Buffer_Locality_write = -nan
Bank_Level_Parallism = -nan
Bank_Level_Parallism_Col = -nan
Bank_Level_Parallism_Ready = -nan
write_to_read_ratio_blp_rw_average = -nan
GrpLevelPara = -nan 

BW Util details:
bwutil = -nan 
total_CMD = 0 
util_bw = 0 
Wasted_Col = 0 
Wasted_Row = 0 
Idle = 0 

BW Util Bottlenecks: 
RCDc_limit = 0 
RCDWRc_limit = 0 
WTRc_limit = 0 
RTWc_limit = 0 
CCDLc_limit = 0 
rwq = 0 
CCDLc_limit_alone = 0 
WTRc_limit_alone = 0 
RTWc_limit_alone = 0 

Commands details: 
total_CMD = 0 
n_nop = 0 
Read = 0 
Write = 0 
L2_Alloc = 0 
L2_WB = 0 
n_act = 0 
n_pre = 0 
n_ref = 0 
n_req = 0 
total_req = 0 

Dual Bus Interface Util: 
issued_total_row = 0 
issued_total_col = 0 
Row_Bus_Util =  -nan 
CoL_Bus_Util = -nan 
Either_Row_CoL_Bus_Util = -nan 
Issued_on_Two_Bus_Simul_Util = -nan 
issued_two_Eff = -nan 
queue_avg = -nan 


dram_util_bins: 0 0 0 0 0 0 0 0 0 0
dram_eff_bins: 0 0 0 0 0 0 0 0 0 0
mrqq: max=0 avg=-nan
Memory Partition 1: 
Cache L2_bank_002:
MSHR contents

Cache L2_bank_003:
MSHR contents

In Dram Latency Queue (total = 0): 
DRAM[1]: 16 bks, busW=8 BL=4 CL=19, tRRD=6 tCCD=1, tRCD=19 tRAS=45 tRP=19 tRC=50
n_cmd=0 n_nop=0 n_act=0 n_pre=0 n_ref_event=0 n_req=0 n_rd=0 n_rd_L2_A=0 n_write=0 n_wr_bk=0 bw_util=-nan
n_activity=0 dram_eff=-nan
bk0: 0a 0i bk1: 0a 0i bk2: 0a 0i bk3: 0a 0i bk4: 0a 0i bk5: 0a 0i bk6: 0a 0i bk7: 0a 0i bk8: 0a 0i bk9: 0a 0i bk10: 0a 0i bk11: 0a 0i bk12: 0a 0i bk13: 0a 0i bk14: 0a 0i bk15: 0a 0i 

------------------------------------------------------------------------

Row_Buffer_Locality = -nan
Row_Buffer_Locality_read = -nan
Row_Buffer_Locality_write = -nan
Bank_Level_Parallism = -nan
Bank_Level_Parallism_Col = -nan
Bank_Level_Parallism_Ready = -nan
write_to_read_ratio_blp_rw_average = -nan
GrpLevelPara = -nan 

BW Util details:
bwutil = -nan 
total_CMD = 0 
util_bw = 0 
Wasted_Col = 0 
Wasted_Row = 0 
Idle = 0 

BW Util Bottlenecks: 
RCDc_limit = 0 
RCDWRc_limit = 0 
WTRc_limit = 0 
RTWc_limit = 0 
CCDLc_limit = 0 
rwq = 0 
CCDLc_limit_alone = 0 
WTRc_limit_alone = 0 
RTWc_limit_alone = 0 

Commands details: 
total_CMD = 0 
n_nop = 0 
Read = 0 
Write = 0 
L2_Alloc = 0 
L2_WB = 0 
n_act = 0 
n_pre = 0 
n_ref = 0 
n_req = 0 
total_req = 0 

Dual Bus Interface Util: 
issued_total_row = 0 
issued_total_col = 0 
Row_Bus_Util =  -nan 
CoL_Bus_Util = -nan 
Either_Row_CoL_Bus_Util = -nan 
Issued_on_Two_Bus_Simul_Util = -nan 
issued_two_Eff = -nan 
queue_avg = -nan 


dram_util_bins: 0 0 0 0 0 0 0 0 0 0
dram_eff_bins: 0 0 0 0 0 0 0 0 0 0
mrqq: max=0 avg=-nan
Memory Partition 2: 
Cache L2_bank_004:
MSHR contents

Cache L2_bank_005:
MSHR contents

In Dram Latency Queue (total = 0): 
DRAM[2]: 16 bks, busW=8 BL=4 CL=19, tRRD=6 tCCD=1, tRCD=19 tRAS=45 tRP=19 tRC=50
n_cmd=0 n_nop=0 n_act=0 n_pre=0 n_ref_event=0 n_req=0 n_rd=0 n_rd_L2_A=0 n_write=0 n_wr_bk=0 bw_util=-nan
n_activity=0 dram_eff=-nan
bk0: 0a 0i bk1: 0a 0i bk2: 0a 0i bk3: 0a 0i bk4: 0a 0i bk5: 0a 0i bk6: 0a 0i bk7: 0a 0i bk8: 0a 0i bk9: 0a 0i bk10: 0a 0i bk11: 0a 0i bk12: 0a 0i bk13: 0a 0i bk14: 0a 0i bk15: 0a 0i 

------------------------------------------------------------------------

Row_Buffer_Locality = -nan
Row_Buffer_Locality_read = -nan
Row_Buffer_Locality_write = -nan
Bank_Level_Parallism = -nan
Bank_Level_Parallism_Col = -nan
Bank_Level_Parallism_Ready = -nan
write_to_read_ratio_blp_rw_average = -nan
GrpLevelPara = -nan 

BW Util details:
bwutil = -nan 
total_CMD = 0 
util_bw = 0 
Wasted_Col = 0 
Wasted_Row = 0 
Idle = 0 

BW Util Bottlenecks: 
RCDc_limit = 0 
RCDWRc_limit = 0 
WTRc_limit = 0 
RTWc_limit = 0 
CCDLc_limit = 0 
rwq = 0 
CCDLc_limit_alone = 0 
WTRc_limit_alone = 0 
RTWc_limit_alone = 0 

Commands details: 
total_CMD = 0 
n_nop = 0 
Read = 0 
Write = 0 
L2_Alloc = 0 
L2_WB = 0 
n_act = 0 
n_pre = 0 
n_ref = 0 
n_req = 0 
total_req = 0 

Dual Bus Interface Util: 
issued_total_row = 0 
issued_total_col = 0 
Row_Bus_Util =  -nan 
CoL_Bus_Util = -nan 
Either_Row_CoL_Bus_Util = -nan 
Issued_on_Two_Bus_Simul_Util = -nan 
issued_two_Eff = -nan 
queue_avg = -nan 


dram_util_bins: 0 0 0 0 0 0 0 0 0 0
dram_eff_bins: 0 0 0 0 0 0 0 0 0 0
mrqq: max=0 avg=-nan
Memory Partition 3: 
Cache L2_bank_006:
MSHR contents

Cache L2_bank_007:
MSHR contents

In Dram Latency Queue (total = 0): 
DRAM[3]: 16 bks, busW=8 BL=4 CL=19, tRRD=6 tCCD=1, tRCD=19 tRAS=45 tRP=19 tRC=50
n_cmd=0 n_nop=0 n_act=0 n_pre=0 n_ref_event=94481258827152 n_req=0 n_rd=0 n_rd_L2_A=0 n_write=0 n_wr_bk=0 bw_util=-nan
n_activity=0 dram_eff=-nan
bk0: 0a 0i bk1: 0a 0i bk2: 0a 0i bk3: 0a 0i bk4: 0a 0i bk5: 0a 0i bk6: 0a 0i bk7: 0a 0i bk8: 0a 0i bk9: 0a 0i bk10: 0a 0i bk11: 0a 0i bk12: 0a 0i bk13: 0a 0i bk14: 0a 0i bk15: 0a 0i 

------------------------------------------------------------------------

Row_Buffer_Locality = -nan
Row_Buffer_Locality_read = -nan
Row_Buffer_Locality_write = -nan
Bank_Level_Parallism = -nan
Bank_Level_Parallism_Col = inf
Bank_Level_Parallism_Ready = -nan
write_to_read_ratio_blp_rw_average = -nan
GrpLevelPara = -nan 

BW Util details:
bwutil = -nan 
total_CMD = 0 
util_bw = 0 
Wasted_Col = 0 
Wasted_Row = 0 
Idle = 0 

BW Util Bottlenecks: 
RCDc_limit = 0 
RCDWRc_limit = 0 
WTRc_limit = 0 
RTWc_limit = 0 
CCDLc_limit = 0 
rwq = 0 
CCDLc_limit_alone = 0 
WTRc_limit_alone = 0 
RTWc_limit_alone = 0 

Commands details: 
total_CMD = 0 
n_nop = 0 
Read = 0 
Write = 0 
L2_Alloc = 0 
L2_WB = 0 
n_act = 0 
n_pre = 0 
n_ref = 94481258827152 
n_req = 0 
total_req = 0 

Dual Bus Interface Util: 
issued_total_row = 0 
issued_total_col = 0 
Row_Bus_Util =  -nan 
CoL_Bus_Util = -nan 
Either_Row_CoL_Bus_Util = -nan 
Issued_on_Two_Bus_Simul_Util = -nan 
issued_two_Eff = -nan 
queue_avg = -nan 


dram_util_bins: 0 0 0 0 0 0 0 0 0 0
dram_eff_bins: 0 0 0 0 0 0 0 0 0 0
mrqq: max=0 avg=-nan
Memory Partition 4: 
Cache L2_bank_008:
MSHR contents

Cache L2_bank_009:
MSHR contents

In Dram Latency Queue (total = 0): 
DRAM[4]: 16 bks, busW=8 BL=4 CL=19, tRRD=6 tCCD=1, tRCD=19 tRAS=45 tRP=19 tRC=50
n_cmd=0 n_nop=0 n_act=0 n_pre=0 n_ref_event=0 n_req=0 n_rd=0 n_rd_L2_A=0 n_write=0 n_wr_bk=0 bw_util=-nan
n_activity=0 dram_eff=-nan
bk0: 0a 0i bk1: 0a 0i bk2: 0a 0i bk3: 0a 0i bk4: 0a 0i bk5: 0a 0i bk6: 0a 0i bk7: 0a 0i bk8: 0a 0i bk9: 0a 0i bk10: 0a 0i bk11: 0a 0i bk12: 0a 0i bk13: 0a 0i bk14: 0a 0i bk15: 0a 0i 

------------------------------------------------------------------------

Row_Buffer_Locality = -nan
Row_Buffer_Locality_read = -nan
Row_Buffer_Locality_write = -nan
Bank_Level_Parallism = -nan
Bank_Level_Parallism_Col = -nan
Bank_Level_Parallism_Ready = -nan
write_to_read_ratio_blp_rw_average = -nan
GrpLevelPara = -nan 

BW Util details:
bwutil = -nan 
total_CMD = 0 
util_bw = 0 
Wasted_Col = 0 
Wasted_Row = 0 
Idle = 0 

BW Util Bottlenecks: 
RCDc_limit = 0 
RCDWRc_limit = 0 
WTRc_limit = 0 
RTWc_limit = 0 
CCDLc_limit = 0 
rwq = 0 
CCDLc_limit_alone = 0 
WTRc_limit_alone = 0 
RTWc_limit_alone = 0 

Commands details: 
total_CMD = 0 
n_nop = 0 
Read = 0 
Write = 0 
L2_Alloc = 0 
L2_WB = 0 
n_act = 0 
n_pre = 0 
n_ref = 0 
n_req = 0 
total_req = 0 

Dual Bus Interface Util: 
issued_total_row = 0 
issued_total_col = 0 
Row_Bus_Util =  -nan 
CoL_Bus_Util = -nan 
Either_Row_CoL_Bus_Util = -nan 
Issued_on_Two_Bus_Simul_Util = -nan 
issued_two_Eff = -nan 
queue_avg = -nan 


dram_util_bins: 0 0 0 0 0 0 0 0 0 0
dram_eff_bins: 0 0 0 0 0 0 0 0 0 0
mrqq: max=0 avg=-nan
Memory Partition 5: 
Cache L2_bank_010:
MSHR contents

Cache L2_bank_011:
MSHR contents

In Dram Latency Queue (total = 0): 
DRAM[5]: 16 bks, busW=8 BL=4 CL=19, tRRD=6 tCCD=1, tRCD=19 tRAS=45 tRP=19 tRC=50
n_cmd=0 n_nop=0 n_act=0 n_pre=0 n_ref_event=0 n_req=0 n_rd=0 n_rd_L2_A=0 n_write=0 n_wr_bk=0 bw_util=-nan
n_activity=0 dram_eff=-nan
bk0: 0a 0i bk1: 0a 0i bk2: 0a 0i bk3: 0a 0i bk4: 0a 0i bk5: 0a 0i bk6: 0a 0i bk7: 0a 0i bk8: 0a 0i bk9: 0a 0i bk10: 0a 0i bk11: 0a 0i bk12: 0a 0i bk13: 0a 0i bk14: 0a 0i bk15: 0a 0i 

------------------------------------------------------------------------

Row_Buffer_Locality = -nan
Row_Buffer_Locality_read = -nan
Row_Buffer_Locality_write = -nan
Bank_Level_Parallism = -nan
Bank_Level_Parallism_Col = -nan
Bank_Level_Parallism_Ready = -nan
write_to_read_ratio_blp_rw_average = -nan
GrpLevelPara = -nan 

BW Util details:
bwutil = -nan 
total_CMD = 0 
util_bw = 0 
Wasted_Col = 0 
Wasted_Row = 0 
Idle = 0 

BW Util Bottlenecks: 
RCDc_limit = 0 
RCDWRc_limit = 0 
WTRc_limit = 0 
RTWc_limit = 0 
CCDLc_limit = 0 
rwq = 0 
CCDLc_limit_alone = 0 
WTRc_limit_alone = 0 
RTWc_limit_alone = 0 

Commands details: 
total_CMD = 0 
n_nop = 0 
Read = 0 
Write = 0 
L2_Alloc = 0 
L2_WB = 0 
n_act = 0 
n_pre = 0 
n_ref = 0 
n_req = 0 
total_req = 0 

Dual Bus Interface Util: 
issued_total_row = 0 
issued_total_col = 0 
Row_Bus_Util =  -nan 
CoL_Bus_Util = -nan 
Either_Row_CoL_Bus_Util = -nan 
Issued_on_Two_Bus_Simul_Util = -nan 
issued_two_Eff = -nan 
queue_avg = -nan 


dram_util_bins: 0 0 0 0 0 0 0 0 0 0
dram_eff_bins: 0 0 0 0 0 0 0 0 0 0
mrqq: max=0 avg=-nan
Memory Partition 6: 
Cache L2_bank_012:
MSHR contents

Cache L2_bank_013:
MSHR contents

In Dram Latency Queue (total = 0): 
DRAM[6]: 16 bks, busW=8 BL=4 CL=19, tRRD=6 tCCD=1, tRCD=19 tRAS=45 tRP=19 tRC=50
n_cmd=0 n_nop=0 n_act=0 n_pre=0 n_ref_event=0 n_req=0 n_rd=0 n_rd_L2_A=0 n_write=0 n_wr_bk=0 bw_util=-nan
n_activity=0 dram_eff=-nan
bk0: 0a 0i bk1: 0a 0i bk2: 0a 0i bk3: 0a 0i bk4: 0a 0i bk5: 0a 0i bk6: 0a 0i bk7: 0a 0i bk8: 0a 0i bk9: 0a 0i bk10: 0a 0i bk11: 0a 0i bk12: 0a 0i bk13: 0a 0i bk14: 0a 0i bk15: 0a 0i 

------------------------------------------------------------------------

Row_Buffer_Locality = -nan
Row_Buffer_Locality_read = -nan
Row_Buffer_Locality_write = -nan
Bank_Level_Parallism = -nan
Bank_Level_Parallism_Col = -nan
Bank_Level_Parallism_Ready = -nan
write_to_read_ratio_blp_rw_average = -nan
GrpLevelPara = -nan 

BW Util details:
bwutil = -nan 
total_CMD = 0 
util_bw = 0 
Wasted_Col = 0 
Wasted_Row = 0 
Idle = 0 

BW Util Bottlenecks: 
RCDc_limit = 0 
RCDWRc_limit = 0 
WTRc_limit = 0 
RTWc_limit = 0 
CCDLc_limit = 0 
rwq = 0 
CCDLc_limit_alone = 0 
WTRc_limit_alone = 0 
RTWc_limit_alone = 0 

Commands details: 
total_CMD = 0 
n_nop = 0 
Read = 0 
Write = 0 
L2_Alloc = 0 
L2_WB = 0 
n_act = 0 
n_pre = 0 
n_ref = 0 
n_req = 0 
total_req = 0 

Dual Bus Interface Util: 
issued_total_row = 0 
issued_total_col = 0 
Row_Bus_Util =  -nan 
CoL_Bus_Util = -nan 
Either_Row_CoL_Bus_Util = -nan 
Issued_on_Two_Bus_Simul_Util = -nan 
issued_two_Eff = -nan 
queue_avg = -nan 


dram_util_bins: 0 0 0 0 0 0 0 0 0 0
dram_eff_bins: 0 0 0 0 0 0 0 0 0 0
mrqq: max=0 avg=-nan
Memory Partition 7: 
Cache L2_bank_014:
MSHR contents

Cache L2_bank_015:
MSHR contents

In Dram Latency Queue (total = 0): 
DRAM[7]: 16 bks, busW=8 BL=4 CL=19, tRRD=6 tCCD=1, tRCD=19 tRAS=45 tRP=19 tRC=50
n_cmd=0 n_nop=0 n_act=0 n_pre=0 n_ref_event=0 n_req=0 n_rd=0 n_rd_L2_A=0 n_write=0 n_wr_bk=0 bw_util=-nan
n_activity=0 dram_eff=-nan
bk0: 0a 0i bk1: 0a 0i bk2: 0a 0i bk3: 0a 0i bk4: 0a 0i bk5: 0a 0i bk6: 0a 0i bk7: 0a 0i bk8: 0a 0i bk9: 0a 0i bk10: 0a 0i bk11: 0a 0i bk12: 0a 0i bk13: 0a 0i bk14: 0a 0i bk15: 0a 0i 

------------------------------------------------------------------------

Row_Buffer_Locality = -nan
Row_Buffer_Locality_read = -nan
Row_Buffer_Locality_write = -nan
Bank_Level_Parallism = -nan
Bank_Level_Parallism_Col = -nan
Bank_Level_Parallism_Ready = -nan
write_to_read_ratio_blp_rw_average = -nan
GrpLevelPara = -nan 

BW Util details:
bwutil = -nan 
total_CMD = 0 
util_bw = 0 
Wasted_Col = 0 
Wasted_Row = 0 
Idle = 0 

BW Util Bottlenecks: 
RCDc_limit = 0 
RCDWRc_limit = 0 
WTRc_limit = 0 
RTWc_limit = 0 
CCDLc_limit = 0 
rwq = 0 
CCDLc_limit_alone = 0 
WTRc_limit_alone = 0 
RTWc_limit_alone = 0 

Commands details: 
total_CMD = 0 
n_nop = 0 
Read = 0 
Write = 0 
L2_Alloc = 0 
L2_WB = 0 
n_act = 0 
n_pre = 0 
n_ref = 0 
n_req = 0 
total_req = 0 

Dual Bus Interface Util: 
issued_total_row = 0 
issued_total_col = 0 
Row_Bus_Util =  -nan 
CoL_Bus_Util = -nan 
Either_Row_CoL_Bus_Util = -nan 
Issued_on_Two_Bus_Simul_Util = -nan 
issued_two_Eff = -nan 
queue_avg = -nan 


dram_util_bins: 0 0 0 0 0 0 0 0 0 0
dram_eff_bins: 0 0 0 0 0 0 0 0 0 0
mrqq: max=0 avg=-nan
Memory Partition 8: 
Cache L2_bank_016:
MSHR contents

Cache L2_bank_017:
MSHR contents

In Dram Latency Queue (total = 0): 
DRAM[8]: 16 bks, busW=8 BL=4 CL=19, tRRD=6 tCCD=1, tRCD=19 tRAS=45 tRP=19 tRC=50
n_cmd=0 n_nop=0 n_act=0 n_pre=0 n_ref_event=0 n_req=0 n_rd=0 n_rd_L2_A=0 n_write=0 n_wr_bk=0 bw_util=-nan
n_activity=0 dram_eff=-nan
bk0: 0a 0i bk1: 0a 0i bk2: 0a 0i bk3: 0a 0i bk4: 0a 0i bk5: 0a 0i bk6: 0a 0i bk7: 0a 0i bk8: 0a 0i bk9: 0a 0i bk10: 0a 0i bk11: 0a 0i bk12: 0a 0i bk13: 0a 0i bk14: 0a 0i bk15: 0a 0i 

------------------------------------------------------------------------

Row_Buffer_Locality = -nan
Row_Buffer_Locality_read = -nan
Row_Buffer_Locality_write = -nan
Bank_Level_Parallism = -nan
Bank_Level_Parallism_Col = -nan
Bank_Level_Parallism_Ready = -nan
write_to_read_ratio_blp_rw_average = -nan
GrpLevelPara = -nan 

BW Util details:
bwutil = -nan 
total_CMD = 0 
util_bw = 0 
Wasted_Col = 0 
Wasted_Row = 0 
Idle = 0 

BW Util Bottlenecks: 
RCDc_limit = 0 
RCDWRc_limit = 0 
WTRc_limit = 0 
RTWc_limit = 0 
CCDLc_limit = 0 
rwq = 0 
CCDLc_limit_alone = 0 
WTRc_limit_alone = 0 
RTWc_limit_alone = 0 

Commands details: 
total_CMD = 0 
n_nop = 0 
Read = 0 
Write = 0 
L2_Alloc = 0 
L2_WB = 0 
n_act = 0 
n_pre = 0 
n_ref = 0 
n_req = 0 
total_req = 0 

Dual Bus Interface Util: 
issued_total_row = 0 
issued_total_col = 0 
Row_Bus_Util =  -nan 
CoL_Bus_Util = -nan 
Either_Row_CoL_Bus_Util = -nan 
Issued_on_Two_Bus_Simul_Util = -nan 
issued_two_Eff = -nan 
queue_avg = -nan 


dram_util_bins: 0 0 0 0 0 0 0 0 0 0
dram_eff_bins: 0 0 0 0 0 0 0 0 0 0
mrqq: max=0 avg=-nan
Memory Partition 9: 
Cache L2_bank_018:
MSHR contents

Cache L2_bank_019:
MSHR contents

In Dram Latency Queue (total = 0): 
DRAM[9]: 16 bks, busW=8 BL=4 CL=19, tRRD=6 tCCD=1, tRCD=19 tRAS=45 tRP=19 tRC=50
n_cmd=0 n_nop=0 n_act=0 n_pre=0 n_ref_event=0 n_req=0 n_rd=0 n_rd_L2_A=0 n_write=0 n_wr_bk=0 bw_util=-nan
n_activity=0 dram_eff=-nan
bk0: 0a 0i bk1: 0a 0i bk2: 0a 0i bk3: 0a 0i bk4: 0a 0i bk5: 0a 0i bk6: 0a 0i bk7: 0a 0i bk8: 0a 0i bk9: 0a 0i bk10: 0a 0i bk11: 0a 0i bk12: 0a 0i bk13: 0a 0i bk14: 0a 0i bk15: 0a 0i 

------------------------------------------------------------------------

Row_Buffer_Locality = -nan
Row_Buffer_Locality_read = -nan
Row_Buffer_Locality_write = -nan
Bank_Level_Parallism = -nan
Bank_Level_Parallism_Col = -nan
Bank_Level_Parallism_Ready = -nan
write_to_read_ratio_blp_rw_average = -nan
GrpLevelPara = -nan 

BW Util details:
bwutil = -nan 
total_CMD = 0 
util_bw = 0 
Wasted_Col = 0 
Wasted_Row = 0 
Idle = 0 

BW Util Bottlenecks: 
RCDc_limit = 0 
RCDWRc_limit = 0 
WTRc_limit = 0 
RTWc_limit = 0 
CCDLc_limit = 0 
rwq = 0 
CCDLc_limit_alone = 0 
WTRc_limit_alone = 0 
RTWc_limit_alone = 0 

Commands details: 
total_CMD = 0 
n_nop = 0 
Read = 0 
Write = 0 
L2_Alloc = 0 
L2_WB = 0 
n_act = 0 
n_pre = 0 
n_ref = 0 
n_req = 0 
total_req = 0 

Dual Bus Interface Util: 
issued_total_row = 0 
issued_total_col = 0 
Row_Bus_Util =  -nan 
CoL_Bus_Util = -nan 
Either_Row_CoL_Bus_Util = -nan 
Issued_on_Two_Bus_Simul_Util = -nan 
issued_two_Eff = -nan 
queue_avg = -nan 


dram_util_bins: 0 0 0 0 0 0 0 0 0 0
dram_eff_bins: 0 0 0 0 0 0 0 0 0 0
mrqq: max=0 avg=-nan
Memory Partition 10: 
Cache L2_bank_020:
MSHR contents

Cache L2_bank_021:
MSHR contents

In Dram Latency Queue (total = 0): 
DRAM[10]: 16 bks, busW=8 BL=4 CL=19, tRRD=6 tCCD=1, tRCD=19 tRAS=45 tRP=19 tRC=50
n_cmd=0 n_nop=0 n_act=0 n_pre=0 n_ref_event=0 n_req=0 n_rd=0 n_rd_L2_A=0 n_write=0 n_wr_bk=0 bw_util=-nan
n_activity=0 dram_eff=-nan
bk0: 0a 0i bk1: 0a 0i bk2: 0a 0i bk3: 0a 0i bk4: 0a 0i bk5: 0a 0i bk6: 0a 0i bk7: 0a 0i bk8: 0a 0i bk9: 0a 0i bk10: 0a 0i bk11: 0a 0i bk12: 0a 0i bk13: 0a 0i bk14: 0a 0i bk15: 0a 0i 

------------------------------------------------------------------------

Row_Buffer_Locality = -nan
Row_Buffer_Locality_read = -nan
Row_Buffer_Locality_write = -nan
Bank_Level_Parallism = -nan
Bank_Level_Parallism_Col = -nan
Bank_Level_Parallism_Ready = -nan
write_to_read_ratio_blp_rw_average = -nan
GrpLevelPara = -nan 

BW Util details:
bwutil = -nan 
total_CMD = 0 
util_bw = 0 
Wasted_Col = 0 
Wasted_Row = 0 
Idle = 0 

BW Util Bottlenecks: 
RCDc_limit = 0 
RCDWRc_limit = 0 
WTRc_limit = 0 
RTWc_limit = 0 
CCDLc_limit = 0 
rwq = 0 
CCDLc_limit_alone = 0 
WTRc_limit_alone = 0 
RTWc_limit_alone = 0 

Commands details: 
total_CMD = 0 
n_nop = 0 
Read = 0 
Write = 0 
L2_Alloc = 0 
L2_WB = 0 
n_act = 0 
n_pre = 0 
n_ref = 0 
n_req = 0 
total_req = 0 

Dual Bus Interface Util: 
issued_total_row = 0 
issued_total_col = 0 
Row_Bus_Util =  -nan 
CoL_Bus_Util = -nan 
Either_Row_CoL_Bus_Util = -nan 
Issued_on_Two_Bus_Simul_Util = -nan 
issued_two_Eff = -nan 
queue_avg = -nan 


dram_util_bins: 0 0 0 0 0 0 0 0 0 0
dram_eff_bins: 0 0 0 0 0 0 0 0 0 0
mrqq: max=0 avg=-nan
Memory Partition 11: 
Cache L2_bank_022:
MSHR contents

Cache L2_bank_023:
MSHR contents

In Dram Latency Queue (total = 0): 
DRAM[11]: 16 bks, busW=8 BL=4 CL=19, tRRD=6 tCCD=1, tRCD=19 tRAS=45 tRP=19 tRC=50
n_cmd=0 n_nop=0 n_act=0 n_pre=0 n_ref_event=0 n_req=0 n_rd=0 n_rd_L2_A=0 n_write=0 n_wr_bk=0 bw_util=-nan
n_activity=0 dram_eff=-nan
bk0: 0a 0i bk1: 0a 0i bk2: 0a 0i bk3: 0a 0i bk4: 0a 0i bk5: 0a 0i bk6: 0a 0i bk7: 0a 0i bk8: 0a 0i bk9: 0a 0i bk10: 0a 0i bk11: 0a 0i bk12: 0a 0i bk13: 0a 0i bk14: 0a 0i bk15: 0a 0i 

------------------------------------------------------------------------

Row_Buffer_Locality = -nan
Row_Buffer_Locality_read = -nan
Row_Buffer_Locality_write = -nan
Bank_Level_Parallism = -nan
Bank_Level_Parallism_Col = -nan
Bank_Level_Parallism_Ready = -nan
write_to_read_ratio_blp_rw_average = -nan
GrpLevelPara = -nan 

BW Util details:
bwutil = -nan 
total_CMD = 0 
util_bw = 0 
Wasted_Col = 0 
Wasted_Row = 0 
Idle = 0 

BW Util Bottlenecks: 
RCDc_limit = 0 
RCDWRc_limit = 0 
WTRc_limit = 0 
RTWc_limit = 0 
CCDLc_limit = 0 
rwq = 0 
CCDLc_limit_alone = 0 
WTRc_limit_alone = 0 
RTWc_limit_alone = 0 

Commands details: 
total_CMD = 0 
n_nop = 0 
Read = 0 
Write = 0 
L2_Alloc = 0 
L2_WB = 0 
n_act = 0 
n_pre = 0 
n_ref = 0 
n_req = 0 
total_req = 0 

Dual Bus Interface Util: 
issued_total_row = 0 
issued_total_col = 0 
Row_Bus_Util =  -nan 
CoL_Bus_Util = -nan 
Either_Row_CoL_Bus_Util = -nan 
Issued_on_Two_Bus_Simul_Util = -nan 
issued_two_Eff = -nan 
queue_avg = -nan 


dram_util_bins: 0 0 0 0 0 0 0 0 0 0
dram_eff_bins: 0 0 0 0 0 0 0 0 0 0
mrqq: max=0 avg=-nan
Memory Partition 12: 
Cache L2_bank_024:
MSHR contents

Cache L2_bank_025:
MSHR contents

In Dram Latency Queue (total = 0): 
DRAM[12]: 16 bks, busW=8 BL=4 CL=19, tRRD=6 tCCD=1, tRCD=19 tRAS=45 tRP=19 tRC=50
n_cmd=0 n_nop=0 n_act=0 n_pre=0 n_ref_event=0 n_req=0 n_rd=0 n_rd_L2_A=0 n_write=0 n_wr_bk=0 bw_util=-nan
n_activity=0 dram_eff=-nan
bk0: 0a 0i bk1: 0a 0i bk2: 0a 0i bk3: 0a 0i bk4: 0a 0i bk5: 0a 0i bk6: 0a 0i bk7: 0a 0i bk8: 0a 0i bk9: 0a 0i bk10: 0a 0i bk11: 0a 0i bk12: 0a 0i bk13: 0a 0i bk14: 0a 0i bk15: 0a 0i 

------------------------------------------------------------------------

Row_Buffer_Locality = -nan
Row_Buffer_Locality_read = -nan
Row_Buffer_Locality_write = -nan
Bank_Level_Parallism = -nan
Bank_Level_Parallism_Col = -nan
Bank_Level_Parallism_Ready = -nan
write_to_read_ratio_blp_rw_average = -nan
GrpLevelPara = -nan 

BW Util details:
bwutil = -nan 
total_CMD = 0 
util_bw = 0 
Wasted_Col = 0 
Wasted_Row = 0 
Idle = 0 

BW Util Bottlenecks: 
RCDc_limit = 0 
RCDWRc_limit = 0 
WTRc_limit = 0 
RTWc_limit = 0 
CCDLc_limit = 0 
rwq = 0 
CCDLc_limit_alone = 0 
WTRc_limit_alone = 0 
RTWc_limit_alone = 0 

Commands details: 
total_CMD = 0 
n_nop = 0 
Read = 0 
Write = 0 
L2_Alloc = 0 
L2_WB = 0 
n_act = 0 
n_pre = 0 
n_ref = 0 
n_req = 0 
total_req = 0 

Dual Bus Interface Util: 
issued_total_row = 0 
issued_total_col = 0 
Row_Bus_Util =  -nan 
CoL_Bus_Util = -nan 
Either_Row_CoL_Bus_Util = -nan 
Issued_on_Two_Bus_Simul_Util = -nan 
issued_two_Eff = -nan 
queue_avg = -nan 


dram_util_bins: 0 0 0 0 0 0 0 0 0 0
dram_eff_bins: 0 0 0 0 0 0 0 0 0 0
mrqq: max=0 avg=-nan
Memory Partition 13: 
Cache L2_bank_026:
MSHR contents

Cache L2_bank_027:
MSHR contents

In Dram Latency Queue (total = 0): 
DRAM[13]: 16 bks, busW=8 BL=4 CL=19, tRRD=6 tCCD=1, tRCD=19 tRAS=45 tRP=19 tRC=50
n_cmd=0 n_nop=0 n_act=0 n_pre=0 n_ref_event=0 n_req=0 n_rd=0 n_rd_L2_A=0 n_write=0 n_wr_bk=0 bw_util=-nan
n_activity=0 dram_eff=-nan
bk0: 0a 0i bk1: 0a 0i bk2: 0a 0i bk3: 0a 0i bk4: 0a 0i bk5: 0a 0i bk6: 0a 0i bk7: 0a 0i bk8: 0a 0i bk9: 0a 0i bk10: 0a 0i bk11: 0a 0i bk12: 0a 0i bk13: 0a 0i bk14: 0a 0i bk15: 0a 0i 

------------------------------------------------------------------------

Row_Buffer_Locality = -nan
Row_Buffer_Locality_read = -nan
Row_Buffer_Locality_write = -nan
Bank_Level_Parallism = -nan
Bank_Level_Parallism_Col = -nan
Bank_Level_Parallism_Ready = -nan
write_to_read_ratio_blp_rw_average = -nan
GrpLevelPara = -nan 

BW Util details:
bwutil = -nan 
total_CMD = 0 
util_bw = 0 
Wasted_Col = 0 
Wasted_Row = 0 
Idle = 0 

BW Util Bottlenecks: 
RCDc_limit = 0 
RCDWRc_limit = 0 
WTRc_limit = 0 
RTWc_limit = 0 
CCDLc_limit = 0 
rwq = 0 
CCDLc_limit_alone = 0 
WTRc_limit_alone = 0 
RTWc_limit_alone = 0 

Commands details: 
total_CMD = 0 
n_nop = 0 
Read = 0 
Write = 0 
L2_Alloc = 0 
L2_WB = 0 
n_act = 0 
n_pre = 0 
n_ref = 0 
n_req = 0 
total_req = 0 

Dual Bus Interface Util: 
issued_total_row = 0 
issued_total_col = 0 
Row_Bus_Util =  -nan 
CoL_Bus_Util = -nan 
Either_Row_CoL_Bus_Util = -nan 
Issued_on_Two_Bus_Simul_Util = -nan 
issued_two_Eff = -nan 
queue_avg = -nan 


dram_util_bins: 0 0 0 0 0 0 0 0 0 0
dram_eff_bins: 0 0 0 0 0 0 0 0 0 0
mrqq: max=0 avg=-nan
Memory Partition 14: 
Cache L2_bank_028:
MSHR contents

Cache L2_bank_029:
MSHR contents

In Dram Latency Queue (total = 0): 
DRAM[14]: 16 bks, busW=8 BL=4 CL=19, tRRD=6 tCCD=1, tRCD=19 tRAS=45 tRP=19 tRC=50
n_cmd=0 n_nop=0 n_act=0 n_pre=0 n_ref_event=0 n_req=0 n_rd=0 n_rd_L2_A=0 n_write=0 n_wr_bk=0 bw_util=-nan
n_activity=0 dram_eff=-nan
bk0: 0a 0i bk1: 0a 0i bk2: 0a 0i bk3: 0a 0i bk4: 0a 0i bk5: 0a 0i bk6: 0a 0i bk7: 0a 0i bk8: 0a 0i bk9: 0a 0i bk10: 0a 0i bk11: 0a 0i bk12: 0a 0i bk13: 0a 0i bk14: 0a 0i bk15: 0a 0i 

------------------------------------------------------------------------

Row_Buffer_Locality = -nan
Row_Buffer_Locality_read = -nan
Row_Buffer_Locality_write = -nan
Bank_Level_Parallism = -nan
Bank_Level_Parallism_Col = -nan
Bank_Level_Parallism_Ready = -nan
write_to_read_ratio_blp_rw_average = -nan
GrpLevelPara = -nan 

BW Util details:
bwutil = -nan 
total_CMD = 0 
util_bw = 0 
Wasted_Col = 0 
Wasted_Row = 0 
Idle = 0 

BW Util Bottlenecks: 
RCDc_limit = 0 
RCDWRc_limit = 0 
WTRc_limit = 0 
RTWc_limit = 0 
CCDLc_limit = 0 
rwq = 0 
CCDLc_limit_alone = 0 
WTRc_limit_alone = 0 
RTWc_limit_alone = 0 

Commands details: 
total_CMD = 0 
n_nop = 0 
Read = 0 
Write = 0 
L2_Alloc = 0 
L2_WB = 0 
n_act = 0 
n_pre = 0 
n_ref = 0 
n_req = 0 
total_req = 0 

Dual Bus Interface Util: 
issued_total_row = 0 
issued_total_col = 0 
Row_Bus_Util =  -nan 
CoL_Bus_Util = -nan 
Either_Row_CoL_Bus_Util = -nan 
Issued_on_Two_Bus_Simul_Util = -nan 
issued_two_Eff = -nan 
queue_avg = -nan 


dram_util_bins: 0 0 0 0 0 0 0 0 0 0
dram_eff_bins: 0 0 0 0 0 0 0 0 0 0
mrqq: max=0 avg=-nan
Memory Partition 15: 
Cache L2_bank_030:
MSHR contents

Cache L2_bank_031:
MSHR contents

In Dram Latency Queue (total = 0): 
DRAM[15]: 16 bks, busW=8 BL=4 CL=19, tRRD=6 tCCD=1, tRCD=19 tRAS=45 tRP=19 tRC=50
n_cmd=0 n_nop=0 n_act=0 n_pre=0 n_ref_event=0 n_req=0 n_rd=0 n_rd_L2_A=0 n_write=0 n_wr_bk=0 bw_util=-nan
n_activity=0 dram_eff=-nan
bk0: 0a 0i bk1: 0a 0i bk2: 0a 0i bk3: 0a 0i bk4: 0a 0i bk5: 0a 0i bk6: 0a 0i bk7: 0a 0i bk8: 0a 0i bk9: 0a 0i bk10: 0a 0i bk11: 0a 0i bk12: 0a 0i bk13: 0a 0i bk14: 0a 0i bk15: 0a 0i 

------------------------------------------------------------------------

Row_Buffer_Locality = -nan
Row_Buffer_Locality_read = -nan
Row_Buffer_Locality_write = -nan
Bank_Level_Parallism = -nan
Bank_Level_Parallism_Col = -nan
Bank_Level_Parallism_Ready = -nan
write_to_read_ratio_blp_rw_average = -nan
GrpLevelPara = -nan 

BW Util details:
bwutil = -nan 
total_CMD = 0 
util_bw = 0 
Wasted_Col = 0 
Wasted_Row = 0 
Idle = 0 

BW Util Bottlenecks: 
RCDc_limit = 0 
RCDWRc_limit = 0 
WTRc_limit = 0 
RTWc_limit = 0 
CCDLc_limit = 0 
rwq = 0 
CCDLc_limit_alone = 0 
WTRc_limit_alone = 0 
RTWc_limit_alone = 0 

Commands details: 
total_CMD = 0 
n_nop = 0 
Read = 0 
Write = 0 
L2_Alloc = 0 
L2_WB = 0 
n_act = 0 
n_pre = 0 
n_ref = 0 
n_req = 0 
total_req = 0 

Dual Bus Interface Util: 
issued_total_row = 0 
issued_total_col = 0 
Row_Bus_Util =  -nan 
CoL_Bus_Util = -nan 
Either_Row_CoL_Bus_Util = -nan 
Issued_on_Two_Bus_Simul_Util = -nan 
issued_two_Eff = -nan 
queue_avg = -nan 


dram_util_bins: 0 0 0 0 0 0 0 0 0 0
dram_eff_bins: 0 0 0 0 0 0 0 0 0 0
mrqq: max=0 avg=-nan
Memory Partition 16: 
Cache L2_bank_032:
MSHR contents

Cache L2_bank_033:
MSHR contents

In Dram Latency Queue (total = 0): 
DRAM[16]: 16 bks, busW=8 BL=4 CL=19, tRRD=6 tCCD=1, tRCD=19 tRAS=45 tRP=19 tRC=50
n_cmd=0 n_nop=0 n_act=0 n_pre=0 n_ref_event=0 n_req=0 n_rd=0 n_rd_L2_A=0 n_write=0 n_wr_bk=0 bw_util=-nan
n_activity=0 dram_eff=-nan
bk0: 0a 0i bk1: 0a 0i bk2: 0a 0i bk3: 0a 0i bk4: 0a 0i bk5: 0a 0i bk6: 0a 0i bk7: 0a 0i bk8: 0a 0i bk9: 0a 0i bk10: 0a 0i bk11: 0a 0i bk12: 0a 0i bk13: 0a 0i bk14: 0a 0i bk15: 0a 0i 

------------------------------------------------------------------------

Row_Buffer_Locality = -nan
Row_Buffer_Locality_read = -nan
Row_Buffer_Locality_write = -nan
Bank_Level_Parallism = -nan
Bank_Level_Parallism_Col = -nan
Bank_Level_Parallism_Ready = -nan
write_to_read_ratio_blp_rw_average = -nan
GrpLevelPara = -nan 

BW Util details:
bwutil = -nan 
total_CMD = 0 
util_bw = 0 
Wasted_Col = 0 
Wasted_Row = 0 
Idle = 0 

BW Util Bottlenecks: 
RCDc_limit = 0 
RCDWRc_limit = 0 
WTRc_limit = 0 
RTWc_limit = 0 
CCDLc_limit = 0 
rwq = 0 
CCDLc_limit_alone = 0 
WTRc_limit_alone = 0 
RTWc_limit_alone = 0 

Commands details: 
total_CMD = 0 
n_nop = 0 
Read = 0 
Write = 0 
L2_Alloc = 0 
L2_WB = 0 
n_act = 0 
n_pre = 0 
n_ref = 0 
n_req = 0 
total_req = 0 

Dual Bus Interface Util: 
issued_total_row = 0 
issued_total_col = 0 
Row_Bus_Util =  -nan 
CoL_Bus_Util = -nan 
Either_Row_CoL_Bus_Util = -nan 
Issued_on_Two_Bus_Simul_Util = -nan 
issued_two_Eff = -nan 
queue_avg = -nan 


dram_util_bins: 0 0 0 0 0 0 0 0 0 0
dram_eff_bins: 0 0 0 0 0 0 0 0 0 0
mrqq: max=0 avg=-nan
Memory Partition 17: 
Cache L2_bank_034:
MSHR contents

Cache L2_bank_035:
MSHR contents

In Dram Latency Queue (total = 0): 
DRAM[17]: 16 bks, busW=8 BL=4 CL=19, tRRD=6 tCCD=1, tRCD=19 tRAS=45 tRP=19 tRC=50
n_cmd=0 n_nop=0 n_act=0 n_pre=0 n_ref_event=0 n_req=0 n_rd=0 n_rd_L2_A=0 n_write=0 n_wr_bk=0 bw_util=-nan
n_activity=0 dram_eff=-nan
bk0: 0a 0i bk1: 0a 0i bk2: 0a 0i bk3: 0a 0i bk4: 0a 0i bk5: 0a 0i bk6: 0a 0i bk7: 0a 0i bk8: 0a 0i bk9: 0a 0i bk10: 0a 0i bk11: 0a 0i bk12: 0a 0i bk13: 0a 0i bk14: 0a 0i bk15: 0a 0i 

------------------------------------------------------------------------

Row_Buffer_Locality = -nan
Row_Buffer_Locality_read = -nan
Row_Buffer_Locality_write = -nan
Bank_Level_Parallism = -nan
Bank_Level_Parallism_Col = -nan
Bank_Level_Parallism_Ready = -nan
write_to_read_ratio_blp_rw_average = -nan
GrpLevelPara = -nan 

BW Util details:
bwutil = -nan 
total_CMD = 0 
util_bw = 0 
Wasted_Col = 0 
Wasted_Row = 0 
Idle = 0 

BW Util Bottlenecks: 
RCDc_limit = 0 
RCDWRc_limit = 0 
WTRc_limit = 0 
RTWc_limit = 0 
CCDLc_limit = 0 
rwq = 0 
CCDLc_limit_alone = 0 
WTRc_limit_alone = 0 
RTWc_limit_alone = 0 

Commands details: 
total_CMD = 0 
n_nop = 0 
Read = 0 
Write = 0 
L2_Alloc = 0 
L2_WB = 0 
n_act = 0 
n_pre = 0 
n_ref = 0 
n_req = 0 
total_req = 0 

Dual Bus Interface Util: 
issued_total_row = 0 
issued_total_col = 0 
Row_Bus_Util =  -nan 
CoL_Bus_Util = -nan 
Either_Row_CoL_Bus_Util = -nan 
Issued_on_Two_Bus_Simul_Util = -nan 
issued_two_Eff = -nan 
queue_avg = -nan 


dram_util_bins: 0 0 0 0 0 0 0 0 0 0
dram_eff_bins: 0 0 0 0 0 0 0 0 0 0
mrqq: max=0 avg=-nan
Memory Partition 18: 
Cache L2_bank_036:
MSHR contents

Cache L2_bank_037:
MSHR contents

In Dram Latency Queue (total = 0): 
DRAM[18]: 16 bks, busW=8 BL=4 CL=19, tRRD=6 tCCD=1, tRCD=19 tRAS=45 tRP=19 tRC=50
n_cmd=0 n_nop=0 n_act=0 n_pre=0 n_ref_event=0 n_req=0 n_rd=0 n_rd_L2_A=0 n_write=0 n_wr_bk=0 bw_util=-nan
n_activity=0 dram_eff=-nan
bk0: 0a 0i bk1: 0a 0i bk2: 0a 0i bk3: 0a 0i bk4: 0a 0i bk5: 0a 0i bk6: 0a 0i bk7: 0a 0i bk8: 0a 0i bk9: 0a 0i bk10: 0a 0i bk11: 0a 0i bk12: 0a 0i bk13: 0a 0i bk14: 0a 0i bk15: 0a 0i 

------------------------------------------------------------------------

Row_Buffer_Locality = -nan
Row_Buffer_Locality_read = -nan
Row_Buffer_Locality_write = -nan
Bank_Level_Parallism = -nan
Bank_Level_Parallism_Col = -nan
Bank_Level_Parallism_Ready = -nan
write_to_read_ratio_blp_rw_average = -nan
GrpLevelPara = -nan 

BW Util details:
bwutil = -nan 
total_CMD = 0 
util_bw = 0 
Wasted_Col = 0 
Wasted_Row = 0 
Idle = 0 

BW Util Bottlenecks: 
RCDc_limit = 0 
RCDWRc_limit = 0 
WTRc_limit = 0 
RTWc_limit = 0 
CCDLc_limit = 0 
rwq = 0 
CCDLc_limit_alone = 0 
WTRc_limit_alone = 0 
RTWc_limit_alone = 0 

Commands details: 
total_CMD = 0 
n_nop = 0 
Read = 0 
Write = 0 
L2_Alloc = 0 
L2_WB = 0 
n_act = 0 
n_pre = 0 
n_ref = 0 
n_req = 0 
total_req = 0 

Dual Bus Interface Util: 
issued_total_row = 0 
issued_total_col = 0 
Row_Bus_Util =  -nan 
CoL_Bus_Util = -nan 
Either_Row_CoL_Bus_Util = -nan 
Issued_on_Two_Bus_Simul_Util = -nan 
issued_two_Eff = -nan 
queue_avg = -nan 


dram_util_bins: 0 0 0 0 0 0 0 0 0 0
dram_eff_bins: 0 0 0 0 0 0 0 0 0 0
mrqq: max=0 avg=-nan
Memory Partition 19: 
Cache L2_bank_038:
MSHR contents

Cache L2_bank_039:
MSHR contents

In Dram Latency Queue (total = 0): 
DRAM[19]: 16 bks, busW=8 BL=4 CL=19, tRRD=6 tCCD=1, tRCD=19 tRAS=45 tRP=19 tRC=50
n_cmd=0 n_nop=0 n_act=0 n_pre=0 n_ref_event=0 n_req=0 n_rd=0 n_rd_L2_A=0 n_write=0 n_wr_bk=0 bw_util=-nan
n_activity=0 dram_eff=-nan
bk0: 0a 0i bk1: 0a 0i bk2: 0a 0i bk3: 0a 0i bk4: 0a 0i bk5: 0a 0i bk6: 0a 0i bk7: 0a 0i bk8: 0a 0i bk9: 0a 0i bk10: 0a 0i bk11: 0a 0i bk12: 0a 0i bk13: 0a 0i bk14: 0a 0i bk15: 0a 0i 

------------------------------------------------------------------------

Row_Buffer_Locality = -nan
Row_Buffer_Locality_read = -nan
Row_Buffer_Locality_write = -nan
Bank_Level_Parallism = -nan
Bank_Level_Parallism_Col = -nan
Bank_Level_Parallism_Ready = -nan
write_to_read_ratio_blp_rw_average = -nan
GrpLevelPara = -nan 

BW Util details:
bwutil = -nan 
total_CMD = 0 
util_bw = 0 
Wasted_Col = 0 
Wasted_Row = 0 
Idle = 0 

BW Util Bottlenecks: 
RCDc_limit = 0 
RCDWRc_limit = 0 
WTRc_limit = 0 
RTWc_limit = 0 
CCDLc_limit = 0 
rwq = 0 
CCDLc_limit_alone = 0 
WTRc_limit_alone = 0 
RTWc_limit_alone = 0 

Commands details: 
total_CMD = 0 
n_nop = 0 
Read = 0 
Write = 0 
L2_Alloc = 0 
L2_WB = 0 
n_act = 0 
n_pre = 0 
n_ref = 0 
n_req = 0 
total_req = 0 

Dual Bus Interface Util: 
issued_total_row = 0 
issued_total_col = 0 
Row_Bus_Util =  -nan 
CoL_Bus_Util = -nan 
Either_Row_CoL_Bus_Util = -nan 
Issued_on_Two_Bus_Simul_Util = -nan 
issued_two_Eff = -nan 
queue_avg = -nan 


dram_util_bins: 0 0 0 0 0 0 0 0 0 0
dram_eff_bins: 0 0 0 0 0 0 0 0 0 0
mrqq: max=0 avg=-nan
Memory Partition 20: 
Cache L2_bank_040:
MSHR contents

Cache L2_bank_041:
MSHR contents

In Dram Latency Queue (total = 0): 
DRAM[20]: 16 bks, busW=8 BL=4 CL=19, tRRD=6 tCCD=1, tRCD=19 tRAS=45 tRP=19 tRC=50
n_cmd=0 n_nop=0 n_act=0 n_pre=0 n_ref_event=0 n_req=0 n_rd=0 n_rd_L2_A=0 n_write=0 n_wr_bk=0 bw_util=-nan
n_activity=0 dram_eff=-nan
bk0: 0a 0i bk1: 0a 0i bk2: 0a 0i bk3: 0a 0i bk4: 0a 0i bk5: 0a 0i bk6: 0a 0i bk7: 0a 0i bk8: 0a 0i bk9: 0a 0i bk10: 0a 0i bk11: 0a 0i bk12: 0a 0i bk13: 0a 0i bk14: 0a 0i bk15: 0a 0i 

------------------------------------------------------------------------

Row_Buffer_Locality = -nan
Row_Buffer_Locality_read = -nan
Row_Buffer_Locality_write = -nan
Bank_Level_Parallism = -nan
Bank_Level_Parallism_Col = -nan
Bank_Level_Parallism_Ready = -nan
write_to_read_ratio_blp_rw_average = -nan
GrpLevelPara = -nan 

BW Util details:
bwutil = -nan 
total_CMD = 0 
util_bw = 0 
Wasted_Col = 0 
Wasted_Row = 0 
Idle = 0 

BW Util Bottlenecks: 
RCDc_limit = 0 
RCDWRc_limit = 0 
WTRc_limit = 0 
RTWc_limit = 0 
CCDLc_limit = 0 
rwq = 0 
CCDLc_limit_alone = 0 
WTRc_limit_alone = 0 
RTWc_limit_alone = 0 

Commands details: 
total_CMD = 0 
n_nop = 0 
Read = 0 
Write = 0 
L2_Alloc = 0 
L2_WB = 0 
n_act = 0 
n_pre = 0 
n_ref = 0 
n_req = 0 
total_req = 0 

Dual Bus Interface Util: 
issued_total_row = 0 
issued_total_col = 0 
Row_Bus_Util =  -nan 
CoL_Bus_Util = -nan 
Either_Row_CoL_Bus_Util = -nan 
Issued_on_Two_Bus_Simul_Util = -nan 
issued_two_Eff = -nan 
queue_avg = -nan 


dram_util_bins: 0 0 0 0 0 0 0 0 0 0
dram_eff_bins: 0 0 0 0 0 0 0 0 0 0
mrqq: max=0 avg=-nan
Memory Partition 21: 
Cache L2_bank_042:
MSHR contents

Cache L2_bank_043:
MSHR contents

In Dram Latency Queue (total = 0): 
DRAM[21]: 16 bks, busW=8 BL=4 CL=19, tRRD=6 tCCD=1, tRCD=19 tRAS=45 tRP=19 tRC=50
n_cmd=0 n_nop=0 n_act=0 n_pre=0 n_ref_event=0 n_req=0 n_rd=0 n_rd_L2_A=0 n_write=0 n_wr_bk=0 bw_util=-nan
n_activity=0 dram_eff=-nan
bk0: 0a 0i bk1: 0a 0i bk2: 0a 0i bk3: 0a 0i bk4: 0a 0i bk5: 0a 0i bk6: 0a 0i bk7: 0a 0i bk8: 0a 0i bk9: 0a 0i bk10: 0a 0i bk11: 0a 0i bk12: 0a 0i bk13: 0a 0i bk14: 0a 0i bk15: 0a 0i 

------------------------------------------------------------------------

Row_Buffer_Locality = -nan
Row_Buffer_Locality_read = -nan
Row_Buffer_Locality_write = -nan
Bank_Level_Parallism = -nan
Bank_Level_Parallism_Col = -nan
Bank_Level_Parallism_Ready = -nan
write_to_read_ratio_blp_rw_average = -nan
GrpLevelPara = -nan 

BW Util details:
bwutil = -nan 
total_CMD = 0 
util_bw = 0 
Wasted_Col = 0 
Wasted_Row = 0 
Idle = 0 

BW Util Bottlenecks: 
RCDc_limit = 0 
RCDWRc_limit = 0 
WTRc_limit = 0 
RTWc_limit = 0 
CCDLc_limit = 0 
rwq = 0 
CCDLc_limit_alone = 0 
WTRc_limit_alone = 0 
RTWc_limit_alone = 0 

Commands details: 
total_CMD = 0 
n_nop = 0 
Read = 0 
Write = 0 
L2_Alloc = 0 
L2_WB = 0 
n_act = 0 
n_pre = 0 
n_ref = 0 
n_req = 0 
total_req = 0 

Dual Bus Interface Util: 
issued_total_row = 0 
issued_total_col = 0 
Row_Bus_Util =  -nan 
CoL_Bus_Util = -nan 
Either_Row_CoL_Bus_Util = -nan 
Issued_on_Two_Bus_Simul_Util = -nan 
issued_two_Eff = -nan 
queue_avg = -nan 


dram_util_bins: 0 0 0 0 0 0 0 0 0 0
dram_eff_bins: 0 0 0 0 0 0 0 0 0 0
mrqq: max=0 avg=-nan
Memory Partition 22: 
Cache L2_bank_044:
MSHR contents

Cache L2_bank_045:
MSHR contents

In Dram Latency Queue (total = 0): 
DRAM[22]: 16 bks, busW=8 BL=4 CL=19, tRRD=6 tCCD=1, tRCD=19 tRAS=45 tRP=19 tRC=50
n_cmd=0 n_nop=0 n_act=0 n_pre=0 n_ref_event=0 n_req=0 n_rd=0 n_rd_L2_A=0 n_write=0 n_wr_bk=0 bw_util=-nan
n_activity=0 dram_eff=-nan
bk0: 0a 0i bk1: 0a 0i bk2: 0a 0i bk3: 0a 0i bk4: 0a 0i bk5: 0a 0i bk6: 0a 0i bk7: 0a 0i bk8: 0a 0i bk9: 0a 0i bk10: 0a 0i bk11: 0a 0i bk12: 0a 0i bk13: 0a 0i bk14: 0a 0i bk15: 0a 0i 

------------------------------------------------------------------------

Row_Buffer_Locality = -nan
Row_Buffer_Locality_read = -nan
Row_Buffer_Locality_write = -nan
Bank_Level_Parallism = -nan
Bank_Level_Parallism_Col = -nan
Bank_Level_Parallism_Ready = -nan
write_to_read_ratio_blp_rw_average = -nan
GrpLevelPara = -nan 

BW Util details:
bwutil = -nan 
total_CMD = 0 
util_bw = 0 
Wasted_Col = 0 
Wasted_Row = 0 
Idle = 0 

BW Util Bottlenecks: 
RCDc_limit = 0 
RCDWRc_limit = 0 
WTRc_limit = 0 
RTWc_limit = 0 
CCDLc_limit = 0 
rwq = 0 
CCDLc_limit_alone = 0 
WTRc_limit_alone = 0 
RTWc_limit_alone = 0 

Commands details: 
total_CMD = 0 
n_nop = 0 
Read = 0 
Write = 0 
L2_Alloc = 0 
L2_WB = 0 
n_act = 0 
n_pre = 0 
n_ref = 0 
n_req = 0 
total_req = 0 

Dual Bus Interface Util: 
issued_total_row = 0 
issued_total_col = 0 
Row_Bus_Util =  -nan 
CoL_Bus_Util = -nan 
Either_Row_CoL_Bus_Util = -nan 
Issued_on_Two_Bus_Simul_Util = -nan 
issued_two_Eff = -nan 
queue_avg = -nan 


dram_util_bins: 0 0 0 0 0 0 0 0 0 0
dram_eff_bins: 0 0 0 0 0 0 0 0 0 0
mrqq: max=0 avg=-nan
Memory Partition 23: 
Cache L2_bank_046:
MSHR contents

Cache L2_bank_047:
MSHR contents

In Dram Latency Queue (total = 0): 
DRAM[23]: 16 bks, busW=8 BL=4 CL=19, tRRD=6 tCCD=1, tRCD=19 tRAS=45 tRP=19 tRC=50
n_cmd=0 n_nop=0 n_act=0 n_pre=0 n_ref_event=0 n_req=0 n_rd=0 n_rd_L2_A=0 n_write=0 n_wr_bk=0 bw_util=-nan
n_activity=0 dram_eff=-nan
bk0: 0a 0i bk1: 0a 0i bk2: 0a 0i bk3: 0a 0i bk4: 0a 0i bk5: 0a 0i bk6: 0a 0i bk7: 0a 0i bk8: 0a 0i bk9: 0a 0i bk10: 0a 0i bk11: 0a 0i bk12: 0a 0i bk13: 0a 0i bk14: 0a 0i bk15: 0a 0i 

------------------------------------------------------------------------

Row_Buffer_Locality = -nan
Row_Buffer_Locality_read = -nan
Row_Buffer_Locality_write = -nan
Bank_Level_Parallism = -nan
Bank_Level_Parallism_Col = -nan
Bank_Level_Parallism_Ready = -nan
write_to_read_ratio_blp_rw_average = -nan
GrpLevelPara = -nan 

BW Util details:
bwutil = -nan 
total_CMD = 0 
util_bw = 0 
Wasted_Col = 0 
Wasted_Row = 0 
Idle = 0 

BW Util Bottlenecks: 
RCDc_limit = 0 
RCDWRc_limit = 0 
WTRc_limit = 0 
RTWc_limit = 0 
CCDLc_limit = 0 
rwq = 0 
CCDLc_limit_alone = 0 
WTRc_limit_alone = 0 
RTWc_limit_alone = 0 

Commands details: 
total_CMD = 0 
n_nop = 0 
Read = 0 
Write = 0 
L2_Alloc = 0 
L2_WB = 0 
n_act = 0 
n_pre = 0 
n_ref = 0 
n_req = 0 
total_req = 0 

Dual Bus Interface Util: 
issued_total_row = 0 
issued_total_col = 0 
Row_Bus_Util =  -nan 
CoL_Bus_Util = -nan 
Either_Row_CoL_Bus_Util = -nan 
Issued_on_Two_Bus_Simul_Util = -nan 
issued_two_Eff = -nan 
queue_avg = -nan 


dram_util_bins: 0 0 0 0 0 0 0 0 0 0
dram_eff_bins: 0 0 0 0 0 0 0 0 0 0
mrqq: max=0 avg=-nan
Memory Partition 24: 
Cache L2_bank_048:
MSHR contents

Cache L2_bank_049:
MSHR contents

In Dram Latency Queue (total = 0): 
DRAM[24]: 16 bks, busW=8 BL=4 CL=19, tRRD=6 tCCD=1, tRCD=19 tRAS=45 tRP=19 tRC=50
n_cmd=0 n_nop=0 n_act=0 n_pre=0 n_ref_event=0 n_req=0 n_rd=0 n_rd_L2_A=0 n_write=0 n_wr_bk=0 bw_util=-nan
n_activity=0 dram_eff=-nan
bk0: 0a 0i bk1: 0a 0i bk2: 0a 0i bk3: 0a 0i bk4: 0a 0i bk5: 0a 0i bk6: 0a 0i bk7: 0a 0i bk8: 0a 0i bk9: 0a 0i bk10: 0a 0i bk11: 0a 0i bk12: 0a 0i bk13: 0a 0i bk14: 0a 0i bk15: 0a 0i 

------------------------------------------------------------------------

Row_Buffer_Locality = -nan
Row_Buffer_Locality_read = -nan
Row_Buffer_Locality_write = -nan
Bank_Level_Parallism = -nan
Bank_Level_Parallism_Col = -nan
Bank_Level_Parallism_Ready = -nan
write_to_read_ratio_blp_rw_average = -nan
GrpLevelPara = -nan 

BW Util details:
bwutil = -nan 
total_CMD = 0 
util_bw = 0 
Wasted_Col = 0 
Wasted_Row = 0 
Idle = 0 

BW Util Bottlenecks: 
RCDc_limit = 0 
RCDWRc_limit = 0 
WTRc_limit = 0 
RTWc_limit = 0 
CCDLc_limit = 0 
rwq = 0 
CCDLc_limit_alone = 0 
WTRc_limit_alone = 0 
RTWc_limit_alone = 0 

Commands details: 
total_CMD = 0 
n_nop = 0 
Read = 0 
Write = 0 
L2_Alloc = 0 
L2_WB = 0 
n_act = 0 
n_pre = 0 
n_ref = 0 
n_req = 0 
total_req = 0 

Dual Bus Interface Util: 
issued_total_row = 0 
issued_total_col = 0 
Row_Bus_Util =  -nan 
CoL_Bus_Util = -nan 
Either_Row_CoL_Bus_Util = -nan 
Issued_on_Two_Bus_Simul_Util = -nan 
issued_two_Eff = -nan 
queue_avg = -nan 


dram_util_bins: 0 0 0 0 0 0 0 0 0 0
dram_eff_bins: 0 0 0 0 0 0 0 0 0 0
mrqq: max=0 avg=-nan
Memory Partition 25: 
Cache L2_bank_050:
MSHR contents

Cache L2_bank_051:
MSHR contents

In Dram Latency Queue (total = 0): 
DRAM[25]: 16 bks, busW=8 BL=4 CL=19, tRRD=6 tCCD=1, tRCD=19 tRAS=45 tRP=19 tRC=50
n_cmd=0 n_nop=0 n_act=0 n_pre=0 n_ref_event=0 n_req=0 n_rd=0 n_rd_L2_A=0 n_write=0 n_wr_bk=0 bw_util=-nan
n_activity=0 dram_eff=-nan
bk0: 0a 0i bk1: 0a 0i bk2: 0a 0i bk3: 0a 0i bk4: 0a 0i bk5: 0a 0i bk6: 0a 0i bk7: 0a 0i bk8: 0a 0i bk9: 0a 0i bk10: 0a 0i bk11: 0a 0i bk12: 0a 0i bk13: 0a 0i bk14: 0a 0i bk15: 0a 0i 

------------------------------------------------------------------------

Row_Buffer_Locality = -nan
Row_Buffer_Locality_read = -nan
Row_Buffer_Locality_write = -nan
Bank_Level_Parallism = -nan
Bank_Level_Parallism_Col = -nan
Bank_Level_Parallism_Ready = -nan
write_to_read_ratio_blp_rw_average = -nan
GrpLevelPara = -nan 

BW Util details:
bwutil = -nan 
total_CMD = 0 
util_bw = 0 
Wasted_Col = 0 
Wasted_Row = 0 
Idle = 0 

BW Util Bottlenecks: 
RCDc_limit = 0 
RCDWRc_limit = 0 
WTRc_limit = 0 
RTWc_limit = 0 
CCDLc_limit = 0 
rwq = 0 
CCDLc_limit_alone = 0 
WTRc_limit_alone = 0 
RTWc_limit_alone = 0 

Commands details: 
total_CMD = 0 
n_nop = 0 
Read = 0 
Write = 0 
L2_Alloc = 0 
L2_WB = 0 
n_act = 0 
n_pre = 0 
n_ref = 0 
n_req = 0 
total_req = 0 

Dual Bus Interface Util: 
issued_total_row = 0 
issued_total_col = 0 
Row_Bus_Util =  -nan 
CoL_Bus_Util = -nan 
Either_Row_CoL_Bus_Util = -nan 
Issued_on_Two_Bus_Simul_Util = -nan 
issued_two_Eff = -nan 
queue_avg = -nan 


dram_util_bins: 0 0 0 0 0 0 0 0 0 0
dram_eff_bins: 0 0 0 0 0 0 0 0 0 0
mrqq: max=0 avg=-nan
Memory Partition 26: 
Cache L2_bank_052:
MSHR contents

Cache L2_bank_053:
MSHR contents

In Dram Latency Queue (total = 0): 
DRAM[26]: 16 bks, busW=8 BL=4 CL=19, tRRD=6 tCCD=1, tRCD=19 tRAS=45 tRP=19 tRC=50
n_cmd=0 n_nop=0 n_act=0 n_pre=0 n_ref_event=0 n_req=0 n_rd=0 n_rd_L2_A=0 n_write=0 n_wr_bk=0 bw_util=-nan
n_activity=0 dram_eff=-nan
bk0: 0a 0i bk1: 0a 0i bk2: 0a 0i bk3: 0a 0i bk4: 0a 0i bk5: 0a 0i bk6: 0a 0i bk7: 0a 0i bk8: 0a 0i bk9: 0a 0i bk10: 0a 0i bk11: 0a 0i bk12: 0a 0i bk13: 0a 0i bk14: 0a 0i bk15: 0a 0i 

------------------------------------------------------------------------

Row_Buffer_Locality = -nan
Row_Buffer_Locality_read = -nan
Row_Buffer_Locality_write = -nan
Bank_Level_Parallism = -nan
Bank_Level_Parallism_Col = -nan
Bank_Level_Parallism_Ready = -nan
write_to_read_ratio_blp_rw_average = -nan
GrpLevelPara = -nan 

BW Util details:
bwutil = -nan 
total_CMD = 0 
util_bw = 0 
Wasted_Col = 0 
Wasted_Row = 0 
Idle = 0 

BW Util Bottlenecks: 
RCDc_limit = 0 
RCDWRc_limit = 0 
WTRc_limit = 0 
RTWc_limit = 0 
CCDLc_limit = 0 
rwq = 0 
CCDLc_limit_alone = 0 
WTRc_limit_alone = 0 
RTWc_limit_alone = 0 

Commands details: 
total_CMD = 0 
n_nop = 0 
Read = 0 
Write = 0 
L2_Alloc = 0 
L2_WB = 0 
n_act = 0 
n_pre = 0 
n_ref = 0 
n_req = 0 
total_req = 0 

Dual Bus Interface Util: 
issued_total_row = 0 
issued_total_col = 0 
Row_Bus_Util =  -nan 
CoL_Bus_Util = -nan 
Either_Row_CoL_Bus_Util = -nan 
Issued_on_Two_Bus_Simul_Util = -nan 
issued_two_Eff = -nan 
queue_avg = -nan 


dram_util_bins: 0 0 0 0 0 0 0 0 0 0
dram_eff_bins: 0 0 0 0 0 0 0 0 0 0
mrqq: max=0 avg=-nan
Memory Partition 27: 
Cache L2_bank_054:
MSHR contents

Cache L2_bank_055:
MSHR contents

In Dram Latency Queue (total = 0): 
DRAM[27]: 16 bks, busW=8 BL=4 CL=19, tRRD=6 tCCD=1, tRCD=19 tRAS=45 tRP=19 tRC=50
n_cmd=0 n_nop=0 n_act=0 n_pre=0 n_ref_event=0 n_req=0 n_rd=0 n_rd_L2_A=0 n_write=0 n_wr_bk=0 bw_util=-nan
n_activity=0 dram_eff=-nan
bk0: 0a 0i bk1: 0a 0i bk2: 0a 0i bk3: 0a 0i bk4: 0a 0i bk5: 0a 0i bk6: 0a 0i bk7: 0a 0i bk8: 0a 0i bk9: 0a 0i bk10: 0a 0i bk11: 0a 0i bk12: 0a 0i bk13: 0a 0i bk14: 0a 0i bk15: 0a 0i 

------------------------------------------------------------------------

Row_Buffer_Locality = -nan
Row_Buffer_Locality_read = -nan
Row_Buffer_Locality_write = -nan
Bank_Level_Parallism = -nan
Bank_Level_Parallism_Col = -nan
Bank_Level_Parallism_Ready = -nan
write_to_read_ratio_blp_rw_average = -nan
GrpLevelPara = -nan 

BW Util details:
bwutil = -nan 
total_CMD = 0 
util_bw = 0 
Wasted_Col = 0 
Wasted_Row = 0 
Idle = 0 

BW Util Bottlenecks: 
RCDc_limit = 0 
RCDWRc_limit = 0 
WTRc_limit = 0 
RTWc_limit = 0 
CCDLc_limit = 0 
rwq = 0 
CCDLc_limit_alone = 0 
WTRc_limit_alone = 0 
RTWc_limit_alone = 0 

Commands details: 
total_CMD = 0 
n_nop = 0 
Read = 0 
Write = 0 
L2_Alloc = 0 
L2_WB = 0 
n_act = 0 
n_pre = 0 
n_ref = 0 
n_req = 0 
total_req = 0 

Dual Bus Interface Util: 
issued_total_row = 0 
issued_total_col = 0 
Row_Bus_Util =  -nan 
CoL_Bus_Util = -nan 
Either_Row_CoL_Bus_Util = -nan 
Issued_on_Two_Bus_Simul_Util = -nan 
issued_two_Eff = -nan 
queue_avg = -nan 


dram_util_bins: 0 0 0 0 0 0 0 0 0 0
dram_eff_bins: 0 0 0 0 0 0 0 0 0 0
mrqq: max=0 avg=-nan
Memory Partition 28: 
Cache L2_bank_056:
MSHR contents

Cache L2_bank_057:
MSHR contents

In Dram Latency Queue (total = 0): 
DRAM[28]: 16 bks, busW=8 BL=4 CL=19, tRRD=6 tCCD=1, tRCD=19 tRAS=45 tRP=19 tRC=50
n_cmd=0 n_nop=0 n_act=0 n_pre=0 n_ref_event=0 n_req=0 n_rd=0 n_rd_L2_A=0 n_write=0 n_wr_bk=0 bw_util=-nan
n_activity=0 dram_eff=-nan
bk0: 0a 0i bk1: 0a 0i bk2: 0a 0i bk3: 0a 0i bk4: 0a 0i bk5: 0a 0i bk6: 0a 0i bk7: 0a 0i bk8: 0a 0i bk9: 0a 0i bk10: 0a 0i bk11: 0a 0i bk12: 0a 0i bk13: 0a 0i bk14: 0a 0i bk15: 0a 0i 

------------------------------------------------------------------------

Row_Buffer_Locality = -nan
Row_Buffer_Locality_read = -nan
Row_Buffer_Locality_write = -nan
Bank_Level_Parallism = -nan
Bank_Level_Parallism_Col = -nan
Bank_Level_Parallism_Ready = -nan
write_to_read_ratio_blp_rw_average = -nan
GrpLevelPara = -nan 

BW Util details:
bwutil = -nan 
total_CMD = 0 
util_bw = 0 
Wasted_Col = 0 
Wasted_Row = 0 
Idle = 0 

BW Util Bottlenecks: 
RCDc_limit = 0 
RCDWRc_limit = 0 
WTRc_limit = 0 
RTWc_limit = 0 
CCDLc_limit = 0 
rwq = 0 
CCDLc_limit_alone = 0 
WTRc_limit_alone = 0 
RTWc_limit_alone = 0 

Commands details: 
total_CMD = 0 
n_nop = 0 
Read = 0 
Write = 0 
L2_Alloc = 0 
L2_WB = 0 
n_act = 0 
n_pre = 0 
n_ref = 0 
n_req = 0 
total_req = 0 

Dual Bus Interface Util: 
issued_total_row = 0 
issued_total_col = 0 
Row_Bus_Util =  -nan 
CoL_Bus_Util = -nan 
Either_Row_CoL_Bus_Util = -nan 
Issued_on_Two_Bus_Simul_Util = -nan 
issued_two_Eff = -nan 
queue_avg = -nan 


dram_util_bins: 0 0 0 0 0 0 0 0 0 0
dram_eff_bins: 0 0 0 0 0 0 0 0 0 0
mrqq: max=0 avg=-nan
Memory Partition 29: 
Cache L2_bank_058:
MSHR contents

Cache L2_bank_059:
MSHR contents

In Dram Latency Queue (total = 0): 
DRAM[29]: 16 bks, busW=8 BL=4 CL=19, tRRD=6 tCCD=1, tRCD=19 tRAS=45 tRP=19 tRC=50
n_cmd=0 n_nop=0 n_act=0 n_pre=0 n_ref_event=0 n_req=0 n_rd=0 n_rd_L2_A=0 n_write=0 n_wr_bk=0 bw_util=-nan
n_activity=0 dram_eff=-nan
bk0: 0a 0i bk1: 0a 0i bk2: 0a 0i bk3: 0a 0i bk4: 0a 0i bk5: 0a 0i bk6: 0a 0i bk7: 0a 0i bk8: 0a 0i bk9: 0a 0i bk10: 0a 0i bk11: 0a 0i bk12: 0a 0i bk13: 0a 0i bk14: 0a 0i bk15: 0a 0i 

------------------------------------------------------------------------

Row_Buffer_Locality = -nan
Row_Buffer_Locality_read = -nan
Row_Buffer_Locality_write = -nan
Bank_Level_Parallism = -nan
Bank_Level_Parallism_Col = -nan
Bank_Level_Parallism_Ready = -nan
write_to_read_ratio_blp_rw_average = -nan
GrpLevelPara = -nan 

BW Util details:
bwutil = -nan 
total_CMD = 0 
util_bw = 0 
Wasted_Col = 0 
Wasted_Row = 0 
Idle = 0 

BW Util Bottlenecks: 
RCDc_limit = 0 
RCDWRc_limit = 0 
WTRc_limit = 0 
RTWc_limit = 0 
CCDLc_limit = 0 
rwq = 0 
CCDLc_limit_alone = 0 
WTRc_limit_alone = 0 
RTWc_limit_alone = 0 

Commands details: 
total_CMD = 0 
n_nop = 0 
Read = 0 
Write = 0 
L2_Alloc = 0 
L2_WB = 0 
n_act = 0 
n_pre = 0 
n_ref = 0 
n_req = 0 
total_req = 0 

Dual Bus Interface Util: 
issued_total_row = 0 
issued_total_col = 0 
Row_Bus_Util =  -nan 
CoL_Bus_Util = -nan 
Either_Row_CoL_Bus_Util = -nan 
Issued_on_Two_Bus_Simul_Util = -nan 
issued_two_Eff = -nan 
queue_avg = -nan 


dram_util_bins: 0 0 0 0 0 0 0 0 0 0
dram_eff_bins: 0 0 0 0 0 0 0 0 0 0
mrqq: max=0 avg=-nan
Memory Partition 30: 
Cache L2_bank_060:
MSHR contents

Cache L2_bank_061:
MSHR contents

In Dram Latency Queue (total = 0): 
DRAM[30]: 16 bks, busW=8 BL=4 CL=19, tRRD=6 tCCD=1, tRCD=19 tRAS=45 tRP=19 tRC=50
n_cmd=0 n_nop=0 n_act=0 n_pre=0 n_ref_event=0 n_req=0 n_rd=0 n_rd_L2_A=0 n_write=0 n_wr_bk=0 bw_util=-nan
n_activity=0 dram_eff=-nan
bk0: 0a 0i bk1: 0a 0i bk2: 0a 0i bk3: 0a 0i bk4: 0a 0i bk5: 0a 0i bk6: 0a 0i bk7: 0a 0i bk8: 0a 0i bk9: 0a 0i bk10: 0a 0i bk11: 0a 0i bk12: 0a 0i bk13: 0a 0i bk14: 0a 0i bk15: 0a 0i 

------------------------------------------------------------------------

Row_Buffer_Locality = -nan
Row_Buffer_Locality_read = -nan
Row_Buffer_Locality_write = -nan
Bank_Level_Parallism = -nan
Bank_Level_Parallism_Col = -nan
Bank_Level_Parallism_Ready = -nan
write_to_read_ratio_blp_rw_average = -nan
GrpLevelPara = -nan 

BW Util details:
bwutil = -nan 
total_CMD = 0 
util_bw = 0 
Wasted_Col = 0 
Wasted_Row = 0 
Idle = 0 

BW Util Bottlenecks: 
RCDc_limit = 0 
RCDWRc_limit = 0 
WTRc_limit = 0 
RTWc_limit = 0 
CCDLc_limit = 0 
rwq = 0 
CCDLc_limit_alone = 0 
WTRc_limit_alone = 0 
RTWc_limit_alone = 0 

Commands details: 
total_CMD = 0 
n_nop = 0 
Read = 0 
Write = 0 
L2_Alloc = 0 
L2_WB = 0 
n_act = 0 
n_pre = 0 
n_ref = 0 
n_req = 0 
total_req = 0 

Dual Bus Interface Util: 
issued_total_row = 0 
issued_total_col = 0 
Row_Bus_Util =  -nan 
CoL_Bus_Util = -nan 
Either_Row_CoL_Bus_Util = -nan 
Issued_on_Two_Bus_Simul_Util = -nan 
issued_two_Eff = -nan 
queue_avg = -nan 


dram_util_bins: 0 0 0 0 0 0 0 0 0 0
dram_eff_bins: 0 0 0 0 0 0 0 0 0 0
mrqq: max=0 avg=-nan
Memory Partition 31: 
Cache L2_bank_062:
MSHR contents

Cache L2_bank_063:
MSHR contents

In Dram Latency Queue (total = 0): 
DRAM[31]: 16 bks, busW=8 BL=4 CL=19, tRRD=6 tCCD=1, tRCD=19 tRAS=45 tRP=19 tRC=50
n_cmd=0 n_nop=0 n_act=0 n_pre=0 n_ref_event=0 n_req=0 n_rd=0 n_rd_L2_A=0 n_write=0 n_wr_bk=0 bw_util=-nan
n_activity=0 dram_eff=-nan
bk0: 0a 0i bk1: 0a 0i bk2: 0a 0i bk3: 0a 0i bk4: 0a 0i bk5: 0a 0i bk6: 0a 0i bk7: 0a 0i bk8: 0a 0i bk9: 0a 0i bk10: 0a 0i bk11: 0a 0i bk12: 0a 0i bk13: 0a 0i bk14: 0a 0i bk15: 0a 0i 

------------------------------------------------------------------------

Row_Buffer_Locality = -nan
Row_Buffer_Locality_read = -nan
Row_Buffer_Locality_write = -nan
Bank_Level_Parallism = -nan
Bank_Level_Parallism_Col = -nan
Bank_Level_Parallism_Ready = -nan
write_to_read_ratio_blp_rw_average = -nan
GrpLevelPara = -nan 

BW Util details:
bwutil = -nan 
total_CMD = 0 
util_bw = 0 
Wasted_Col = 0 
Wasted_Row = 0 
Idle = 0 

BW Util Bottlenecks: 
RCDc_limit = 0 
RCDWRc_limit = 0 
WTRc_limit = 0 
RTWc_limit = 0 
CCDLc_limit = 0 
rwq = 0 
CCDLc_limit_alone = 0 
WTRc_limit_alone = 0 
RTWc_limit_alone = 0 

Commands details: 
total_CMD = 0 
n_nop = 0 
Read = 0 
Write = 0 
L2_Alloc = 0 
L2_WB = 0 
n_act = 0 
n_pre = 0 
n_ref = 0 
n_req = 0 
total_req = 0 

Dual Bus Interface Util: 
issued_total_row = 0 
issued_total_col = 0 
Row_Bus_Util =  -nan 
CoL_Bus_Util = -nan 
Either_Row_CoL_Bus_Util = -nan 
Issued_on_Two_Bus_Simul_Util = -nan 
issued_two_Eff = -nan 
queue_avg = -nan 


dram_util_bins: 0 0 0 0 0 0 0 0 0 0
dram_eff_bins: 0 0 0 0 0 0 0 0 0 0
mrqq: max=0 avg=-nan
Memory Partition 32: 
Cache L2_bank_064:
MSHR contents

Cache L2_bank_065:
MSHR contents

In Dram Latency Queue (total = 0): 
DRAM[32]: 16 bks, busW=8 BL=4 CL=19, tRRD=6 tCCD=1, tRCD=19 tRAS=45 tRP=19 tRC=50
n_cmd=0 n_nop=0 n_act=0 n_pre=0 n_ref_event=0 n_req=0 n_rd=0 n_rd_L2_A=0 n_write=0 n_wr_bk=0 bw_util=-nan
n_activity=0 dram_eff=-nan
bk0: 0a 0i bk1: 0a 0i bk2: 0a 0i bk3: 0a 0i bk4: 0a 0i bk5: 0a 0i bk6: 0a 0i bk7: 0a 0i bk8: 0a 0i bk9: 0a 0i bk10: 0a 0i bk11: 0a 0i bk12: 0a 0i bk13: 0a 0i bk14: 0a 0i bk15: 0a 0i 

------------------------------------------------------------------------

Row_Buffer_Locality = -nan
Row_Buffer_Locality_read = -nan
Row_Buffer_Locality_write = -nan
Bank_Level_Parallism = -nan
Bank_Level_Parallism_Col = -nan
Bank_Level_Parallism_Ready = -nan
write_to_read_ratio_blp_rw_average = -nan
GrpLevelPara = -nan 

BW Util details:
bwutil = -nan 
total_CMD = 0 
util_bw = 0 
Wasted_Col = 0 
Wasted_Row = 0 
Idle = 0 

BW Util Bottlenecks: 
RCDc_limit = 0 
RCDWRc_limit = 0 
WTRc_limit = 0 
RTWc_limit = 0 
CCDLc_limit = 0 
rwq = 0 
CCDLc_limit_alone = 0 
WTRc_limit_alone = 0 
RTWc_limit_alone = 0 

Commands details: 
total_CMD = 0 
n_nop = 0 
Read = 0 
Write = 0 
L2_Alloc = 0 
L2_WB = 0 
n_act = 0 
n_pre = 0 
n_ref = 0 
n_req = 0 
total_req = 0 

Dual Bus Interface Util: 
issued_total_row = 0 
issued_total_col = 0 
Row_Bus_Util =  -nan 
CoL_Bus_Util = -nan 
Either_Row_CoL_Bus_Util = -nan 
Issued_on_Two_Bus_Simul_Util = -nan 
issued_two_Eff = -nan 
queue_avg = -nan 


dram_util_bins: 0 0 0 0 0 0 0 0 0 0
dram_eff_bins: 0 0 0 0 0 0 0 0 0 0
mrqq: max=0 avg=-nan
Memory Partition 33: 
Cache L2_bank_066:
MSHR contents

Cache L2_bank_067:
MSHR contents

In Dram Latency Queue (total = 0): 
DRAM[33]: 16 bks, busW=8 BL=4 CL=19, tRRD=6 tCCD=1, tRCD=19 tRAS=45 tRP=19 tRC=50
n_cmd=0 n_nop=0 n_act=0 n_pre=0 n_ref_event=0 n_req=0 n_rd=0 n_rd_L2_A=0 n_write=0 n_wr_bk=0 bw_util=-nan
n_activity=0 dram_eff=-nan
bk0: 0a 0i bk1: 0a 0i bk2: 0a 0i bk3: 0a 0i bk4: 0a 0i bk5: 0a 0i bk6: 0a 0i bk7: 0a 0i bk8: 0a 0i bk9: 0a 0i bk10: 0a 0i bk11: 0a 0i bk12: 0a 0i bk13: 0a 0i bk14: 0a 0i bk15: 0a 0i 

------------------------------------------------------------------------

Row_Buffer_Locality = -nan
Row_Buffer_Locality_read = -nan
Row_Buffer_Locality_write = -nan
Bank_Level_Parallism = -nan
Bank_Level_Parallism_Col = -nan
Bank_Level_Parallism_Ready = -nan
write_to_read_ratio_blp_rw_average = -nan
GrpLevelPara = -nan 

BW Util details:
bwutil = -nan 
total_CMD = 0 
util_bw = 0 
Wasted_Col = 0 
Wasted_Row = 0 
Idle = 0 

BW Util Bottlenecks: 
RCDc_limit = 0 
RCDWRc_limit = 0 
WTRc_limit = 0 
RTWc_limit = 0 
CCDLc_limit = 0 
rwq = 0 
CCDLc_limit_alone = 0 
WTRc_limit_alone = 0 
RTWc_limit_alone = 0 

Commands details: 
total_CMD = 0 
n_nop = 0 
Read = 0 
Write = 0 
L2_Alloc = 0 
L2_WB = 0 
n_act = 0 
n_pre = 0 
n_ref = 0 
n_req = 0 
total_req = 0 

Dual Bus Interface Util: 
issued_total_row = 0 
issued_total_col = 0 
Row_Bus_Util =  -nan 
CoL_Bus_Util = -nan 
Either_Row_CoL_Bus_Util = -nan 
Issued_on_Two_Bus_Simul_Util = -nan 
issued_two_Eff = -nan 
queue_avg = -nan 


dram_util_bins: 0 0 0 0 0 0 0 0 0 0
dram_eff_bins: 0 0 0 0 0 0 0 0 0 0
mrqq: max=0 avg=-nan
Memory Partition 34: 
Cache L2_bank_068:
MSHR contents

Cache L2_bank_069:
MSHR contents

In Dram Latency Queue (total = 0): 
DRAM[34]: 16 bks, busW=8 BL=4 CL=19, tRRD=6 tCCD=1, tRCD=19 tRAS=45 tRP=19 tRC=50
n_cmd=0 n_nop=0 n_act=0 n_pre=0 n_ref_event=0 n_req=0 n_rd=0 n_rd_L2_A=0 n_write=0 n_wr_bk=0 bw_util=-nan
n_activity=0 dram_eff=-nan
bk0: 0a 0i bk1: 0a 0i bk2: 0a 0i bk3: 0a 0i bk4: 0a 0i bk5: 0a 0i bk6: 0a 0i bk7: 0a 0i bk8: 0a 0i bk9: 0a 0i bk10: 0a 0i bk11: 0a 0i bk12: 0a 0i bk13: 0a 0i bk14: 0a 0i bk15: 0a 0i 

------------------------------------------------------------------------

Row_Buffer_Locality = -nan
Row_Buffer_Locality_read = -nan
Row_Buffer_Locality_write = -nan
Bank_Level_Parallism = -nan
Bank_Level_Parallism_Col = -nan
Bank_Level_Parallism_Ready = -nan
write_to_read_ratio_blp_rw_average = -nan
GrpLevelPara = -nan 

BW Util details:
bwutil = -nan 
total_CMD = 0 
util_bw = 0 
Wasted_Col = 0 
Wasted_Row = 0 
Idle = 0 

BW Util Bottlenecks: 
RCDc_limit = 0 
RCDWRc_limit = 0 
WTRc_limit = 0 
RTWc_limit = 0 
CCDLc_limit = 0 
rwq = 0 
CCDLc_limit_alone = 0 
WTRc_limit_alone = 0 
RTWc_limit_alone = 0 

Commands details: 
total_CMD = 0 
n_nop = 0 
Read = 0 
Write = 0 
L2_Alloc = 0 
L2_WB = 0 
n_act = 0 
n_pre = 0 
n_ref = 0 
n_req = 0 
total_req = 0 

Dual Bus Interface Util: 
issued_total_row = 0 
issued_total_col = 0 
Row_Bus_Util =  -nan 
CoL_Bus_Util = -nan 
Either_Row_CoL_Bus_Util = -nan 
Issued_on_Two_Bus_Simul_Util = -nan 
issued_two_Eff = -nan 
queue_avg = -nan 


dram_util_bins: 0 0 0 0 0 0 0 0 0 0
dram_eff_bins: 0 0 0 0 0 0 0 0 0 0
mrqq: max=0 avg=-nan
Memory Partition 35: 
Cache L2_bank_070:
MSHR contents

Cache L2_bank_071:
MSHR contents

In Dram Latency Queue (total = 0): 
DRAM[35]: 16 bks, busW=8 BL=4 CL=19, tRRD=6 tCCD=1, tRCD=19 tRAS=45 tRP=19 tRC=50
n_cmd=0 n_nop=0 n_act=0 n_pre=0 n_ref_event=0 n_req=0 n_rd=0 n_rd_L2_A=0 n_write=0 n_wr_bk=0 bw_util=-nan
n_activity=0 dram_eff=-nan
bk0: 0a 0i bk1: 0a 0i bk2: 0a 0i bk3: 0a 0i bk4: 0a 0i bk5: 0a 0i bk6: 0a 0i bk7: 0a 0i bk8: 0a 0i bk9: 0a 0i bk10: 0a 0i bk11: 0a 0i bk12: 0a 0i bk13: 0a 0i bk14: 0a 0i bk15: 0a 0i 

------------------------------------------------------------------------

Row_Buffer_Locality = -nan
Row_Buffer_Locality_read = -nan
Row_Buffer_Locality_write = -nan
Bank_Level_Parallism = -nan
Bank_Level_Parallism_Col = -nan
Bank_Level_Parallism_Ready = -nan
write_to_read_ratio_blp_rw_average = -nan
GrpLevelPara = -nan 

BW Util details:
bwutil = -nan 
total_CMD = 0 
util_bw = 0 
Wasted_Col = 0 
Wasted_Row = 0 
Idle = 0 

BW Util Bottlenecks: 
RCDc_limit = 0 
RCDWRc_limit = 0 
WTRc_limit = 0 
RTWc_limit = 0 
CCDLc_limit = 0 
rwq = 0 
CCDLc_limit_alone = 0 
WTRc_limit_alone = 0 
RTWc_limit_alone = 0 

Commands details: 
total_CMD = 0 
n_nop = 0 
Read = 0 
Write = 0 
L2_Alloc = 0 
L2_WB = 0 
n_act = 0 
n_pre = 0 
n_ref = 0 
n_req = 0 
total_req = 0 

Dual Bus Interface Util: 
issued_total_row = 0 
issued_total_col = 0 
Row_Bus_Util =  -nan 
CoL_Bus_Util = -nan 
Either_Row_CoL_Bus_Util = -nan 
Issued_on_Two_Bus_Simul_Util = -nan 
issued_two_Eff = -nan 
queue_avg = -nan 


dram_util_bins: 0 0 0 0 0 0 0 0 0 0
dram_eff_bins: 0 0 0 0 0 0 0 0 0 0
mrqq: max=0 avg=-nan
Memory Partition 36: 
Cache L2_bank_072:
MSHR contents

Cache L2_bank_073:
MSHR contents

In Dram Latency Queue (total = 0): 
DRAM[36]: 16 bks, busW=8 BL=4 CL=19, tRRD=6 tCCD=1, tRCD=19 tRAS=45 tRP=19 tRC=50
n_cmd=0 n_nop=0 n_act=0 n_pre=0 n_ref_event=0 n_req=0 n_rd=0 n_rd_L2_A=0 n_write=0 n_wr_bk=0 bw_util=-nan
n_activity=0 dram_eff=-nan
bk0: 0a 0i bk1: 0a 0i bk2: 0a 0i bk3: 0a 0i bk4: 0a 0i bk5: 0a 0i bk6: 0a 0i bk7: 0a 0i bk8: 0a 0i bk9: 0a 0i bk10: 0a 0i bk11: 0a 0i bk12: 0a 0i bk13: 0a 0i bk14: 0a 0i bk15: 0a 0i 

------------------------------------------------------------------------

Row_Buffer_Locality = -nan
Row_Buffer_Locality_read = -nan
Row_Buffer_Locality_write = -nan
Bank_Level_Parallism = -nan
Bank_Level_Parallism_Col = -nan
Bank_Level_Parallism_Ready = -nan
write_to_read_ratio_blp_rw_average = -nan
GrpLevelPara = -nan 

BW Util details:
bwutil = -nan 
total_CMD = 0 
util_bw = 0 
Wasted_Col = 0 
Wasted_Row = 0 
Idle = 0 

BW Util Bottlenecks: 
RCDc_limit = 0 
RCDWRc_limit = 0 
WTRc_limit = 0 
RTWc_limit = 0 
CCDLc_limit = 0 
rwq = 0 
CCDLc_limit_alone = 0 
WTRc_limit_alone = 0 
RTWc_limit_alone = 0 

Commands details: 
total_CMD = 0 
n_nop = 0 
Read = 0 
Write = 0 
L2_Alloc = 0 
L2_WB = 0 
n_act = 0 
n_pre = 0 
n_ref = 0 
n_req = 0 
total_req = 0 

Dual Bus Interface Util: 
issued_total_row = 0 
issued_total_col = 0 
Row_Bus_Util =  -nan 
CoL_Bus_Util = -nan 
Either_Row_CoL_Bus_Util = -nan 
Issued_on_Two_Bus_Simul_Util = -nan 
issued_two_Eff = -nan 
queue_avg = -nan 


dram_util_bins: 0 0 0 0 0 0 0 0 0 0
dram_eff_bins: 0 0 0 0 0 0 0 0 0 0
mrqq: max=0 avg=-nan
Memory Partition 37: 
Cache L2_bank_074:
MSHR contents

Cache L2_bank_075:
MSHR contents

In Dram Latency Queue (total = 0): 
DRAM[37]: 16 bks, busW=8 BL=4 CL=19, tRRD=6 tCCD=1, tRCD=19 tRAS=45 tRP=19 tRC=50
n_cmd=0 n_nop=0 n_act=0 n_pre=0 n_ref_event=0 n_req=0 n_rd=0 n_rd_L2_A=0 n_write=0 n_wr_bk=0 bw_util=-nan
n_activity=0 dram_eff=-nan
bk0: 0a 0i bk1: 0a 0i bk2: 0a 0i bk3: 0a 0i bk4: 0a 0i bk5: 0a 0i bk6: 0a 0i bk7: 0a 0i bk8: 0a 0i bk9: 0a 0i bk10: 0a 0i bk11: 0a 0i bk12: 0a 0i bk13: 0a 0i bk14: 0a 0i bk15: 0a 0i 

------------------------------------------------------------------------

Row_Buffer_Locality = -nan
Row_Buffer_Locality_read = -nan
Row_Buffer_Locality_write = -nan
Bank_Level_Parallism = -nan
Bank_Level_Parallism_Col = -nan
Bank_Level_Parallism_Ready = -nan
write_to_read_ratio_blp_rw_average = -nan
GrpLevelPara = -nan 

BW Util details:
bwutil = -nan 
total_CMD = 0 
util_bw = 0 
Wasted_Col = 0 
Wasted_Row = 0 
Idle = 0 

BW Util Bottlenecks: 
RCDc_limit = 0 
RCDWRc_limit = 0 
WTRc_limit = 0 
RTWc_limit = 0 
CCDLc_limit = 0 
rwq = 0 
CCDLc_limit_alone = 0 
WTRc_limit_alone = 0 
RTWc_limit_alone = 0 

Commands details: 
total_CMD = 0 
n_nop = 0 
Read = 0 
Write = 0 
L2_Alloc = 0 
L2_WB = 0 
n_act = 0 
n_pre = 0 
n_ref = 0 
n_req = 0 
total_req = 0 

Dual Bus Interface Util: 
issued_total_row = 0 
issued_total_col = 0 
Row_Bus_Util =  -nan 
CoL_Bus_Util = -nan 
Either_Row_CoL_Bus_Util = -nan 
Issued_on_Two_Bus_Simul_Util = -nan 
issued_two_Eff = -nan 
queue_avg = -nan 


dram_util_bins: 0 0 0 0 0 0 0 0 0 0
dram_eff_bins: 0 0 0 0 0 0 0 0 0 0
mrqq: max=0 avg=-nan
Memory Partition 38: 
Cache L2_bank_076:
MSHR contents

Cache L2_bank_077:
MSHR contents

In Dram Latency Queue (total = 0): 
DRAM[38]: 16 bks, busW=8 BL=4 CL=19, tRRD=6 tCCD=1, tRCD=19 tRAS=45 tRP=19 tRC=50
n_cmd=0 n_nop=0 n_act=0 n_pre=0 n_ref_event=0 n_req=0 n_rd=0 n_rd_L2_A=0 n_write=0 n_wr_bk=0 bw_util=-nan
n_activity=0 dram_eff=-nan
bk0: 0a 0i bk1: 0a 0i bk2: 0a 0i bk3: 0a 0i bk4: 0a 0i bk5: 0a 0i bk6: 0a 0i bk7: 0a 0i bk8: 0a 0i bk9: 0a 0i bk10: 0a 0i bk11: 0a 0i bk12: 0a 0i bk13: 0a 0i bk14: 0a 0i bk15: 0a 0i 

------------------------------------------------------------------------

Row_Buffer_Locality = -nan
Row_Buffer_Locality_read = -nan
Row_Buffer_Locality_write = -nan
Bank_Level_Parallism = -nan
Bank_Level_Parallism_Col = -nan
Bank_Level_Parallism_Ready = -nan
write_to_read_ratio_blp_rw_average = -nan
GrpLevelPara = -nan 

BW Util details:
bwutil = -nan 
total_CMD = 0 
util_bw = 0 
Wasted_Col = 0 
Wasted_Row = 0 
Idle = 0 

BW Util Bottlenecks: 
RCDc_limit = 0 
RCDWRc_limit = 0 
WTRc_limit = 0 
RTWc_limit = 0 
CCDLc_limit = 0 
rwq = 0 
CCDLc_limit_alone = 0 
WTRc_limit_alone = 0 
RTWc_limit_alone = 0 

Commands details: 
total_CMD = 0 
n_nop = 0 
Read = 0 
Write = 0 
L2_Alloc = 0 
L2_WB = 0 
n_act = 0 
n_pre = 0 
n_ref = 0 
n_req = 0 
total_req = 0 

Dual Bus Interface Util: 
issued_total_row = 0 
issued_total_col = 0 
Row_Bus_Util =  -nan 
CoL_Bus_Util = -nan 
Either_Row_CoL_Bus_Util = -nan 
Issued_on_Two_Bus_Simul_Util = -nan 
issued_two_Eff = -nan 
queue_avg = -nan 


dram_util_bins: 0 0 0 0 0 0 0 0 0 0
dram_eff_bins: 0 0 0 0 0 0 0 0 0 0
mrqq: max=0 avg=-nan
Memory Partition 39: 
Cache L2_bank_078:
MSHR contents

Cache L2_bank_079:
MSHR contents

In Dram Latency Queue (total = 0): 
DRAM[39]: 16 bks, busW=8 BL=4 CL=19, tRRD=6 tCCD=1, tRCD=19 tRAS=45 tRP=19 tRC=50
n_cmd=0 n_nop=0 n_act=0 n_pre=0 n_ref_event=0 n_req=0 n_rd=0 n_rd_L2_A=0 n_write=0 n_wr_bk=0 bw_util=-nan
n_activity=0 dram_eff=-nan
bk0: 0a 0i bk1: 0a 0i bk2: 0a 0i bk3: 0a 0i bk4: 0a 0i bk5: 0a 0i bk6: 0a 0i bk7: 0a 0i bk8: 0a 0i bk9: 0a 0i bk10: 0a 0i bk11: 0a 0i bk12: 0a 0i bk13: 0a 0i bk14: 0a 0i bk15: 0a 0i 

------------------------------------------------------------------------

Row_Buffer_Locality = -nan
Row_Buffer_Locality_read = -nan
Row_Buffer_Locality_write = -nan
Bank_Level_Parallism = -nan
Bank_Level_Parallism_Col = -nan
Bank_Level_Parallism_Ready = -nan
write_to_read_ratio_blp_rw_average = -nan
GrpLevelPara = -nan 

BW Util details:
bwutil = -nan 
total_CMD = 0 
util_bw = 0 
Wasted_Col = 0 
Wasted_Row = 0 
Idle = 0 

BW Util Bottlenecks: 
RCDc_limit = 0 
RCDWRc_limit = 0 
WTRc_limit = 0 
RTWc_limit = 0 
CCDLc_limit = 0 
rwq = 0 
CCDLc_limit_alone = 0 
WTRc_limit_alone = 0 
RTWc_limit_alone = 0 

Commands details: 
total_CMD = 0 
n_nop = 0 
Read = 0 
Write = 0 
L2_Alloc = 0 
L2_WB = 0 
n_act = 0 
n_pre = 0 
n_ref = 0 
n_req = 0 
total_req = 0 

Dual Bus Interface Util: 
issued_total_row = 0 
issued_total_col = 0 
Row_Bus_Util =  -nan 
CoL_Bus_Util = -nan 
Either_Row_CoL_Bus_Util = -nan 
Issued_on_Two_Bus_Simul_Util = -nan 
issued_two_Eff = -nan 
queue_avg = -nan 


dram_util_bins: 0 0 0 0 0 0 0 0 0 0
dram_eff_bins: 0 0 0 0 0 0 0 0 0 0
mrqq: max=0 avg=-nan

========= L2 cache stats =========
L2_cache_bank[0]: Access = 856, Miss = 856, Miss_rate = 1.000, Pending_hits = 0, Reservation_fails = 0
L2_cache_bank[1]: Access = 856, Miss = 856, Miss_rate = 1.000, Pending_hits = 0, Reservation_fails = 0
L2_cache_bank[2]: Access = 852, Miss = 852, Miss_rate = 1.000, Pending_hits = 0, Reservation_fails = 0
L2_cache_bank[3]: Access = 852, Miss = 852, Miss_rate = 1.000, Pending_hits = 0, Reservation_fails = 0
L2_cache_bank[4]: Access = 852, Miss = 852, Miss_rate = 1.000, Pending_hits = 0, Reservation_fails = 0
L2_cache_bank[5]: Access = 852, Miss = 852, Miss_rate = 1.000, Pending_hits = 0, Reservation_fails = 0
L2_cache_bank[6]: Access = 884, Miss = 856, Miss_rate = 0.968, Pending_hits = 0, Reservation_fails = 0
L2_cache_bank[7]: Access = 853, Miss = 853, Miss_rate = 1.000, Pending_hits = 0, Reservation_fails = 0
L2_cache_bank[8]: Access = 852, Miss = 852, Miss_rate = 1.000, Pending_hits = 0, Reservation_fails = 0
L2_cache_bank[9]: Access = 852, Miss = 852, Miss_rate = 1.000, Pending_hits = 0, Reservation_fails = 0
L2_cache_bank[10]: Access = 856, Miss = 856, Miss_rate = 1.000, Pending_hits = 0, Reservation_fails = 0
L2_cache_bank[11]: Access = 856, Miss = 856, Miss_rate = 1.000, Pending_hits = 0, Reservation_fails = 0
L2_cache_bank[12]: Access = 856, Miss = 856, Miss_rate = 1.000, Pending_hits = 0, Reservation_fails = 0
L2_cache_bank[13]: Access = 856, Miss = 856, Miss_rate = 1.000, Pending_hits = 0, Reservation_fails = 0
L2_cache_bank[14]: Access = 852, Miss = 852, Miss_rate = 1.000, Pending_hits = 0, Reservation_fails = 0
L2_cache_bank[15]: Access = 856, Miss = 856, Miss_rate = 1.000, Pending_hits = 0, Reservation_fails = 0
L2_cache_bank[16]: Access = 852, Miss = 852, Miss_rate = 1.000, Pending_hits = 0, Reservation_fails = 0
L2_cache_bank[17]: Access = 852, Miss = 852, Miss_rate = 1.000, Pending_hits = 0, Reservation_fails = 0
L2_cache_bank[18]: Access = 856, Miss = 856, Miss_rate = 1.000, Pending_hits = 0, Reservation_fails = 0
L2_cache_bank[19]: Access = 852, Miss = 852, Miss_rate = 1.000, Pending_hits = 0, Reservation_fails = 0
L2_cache_bank[20]: Access = 848, Miss = 848, Miss_rate = 1.000, Pending_hits = 0, Reservation_fails = 0
L2_cache_bank[21]: Access = 848, Miss = 848, Miss_rate = 1.000, Pending_hits = 0, Reservation_fails = 0
L2_cache_bank[22]: Access = 852, Miss = 852, Miss_rate = 1.000, Pending_hits = 0, Reservation_fails = 0
L2_cache_bank[23]: Access = 848, Miss = 848, Miss_rate = 1.000, Pending_hits = 0, Reservation_fails = 0
L2_cache_bank[24]: Access = 848, Miss = 848, Miss_rate = 1.000, Pending_hits = 0, Reservation_fails = 0
L2_cache_bank[25]: Access = 852, Miss = 852, Miss_rate = 1.000, Pending_hits = 0, Reservation_fails = 0
L2_cache_bank[26]: Access = 848, Miss = 848, Miss_rate = 1.000, Pending_hits = 0, Reservation_fails = 0
L2_cache_bank[27]: Access = 848, Miss = 848, Miss_rate = 1.000, Pending_hits = 0, Reservation_fails = 0
L2_cache_bank[28]: Access = 848, Miss = 848, Miss_rate = 1.000, Pending_hits = 0, Reservation_fails = 0
L2_cache_bank[29]: Access = 848, Miss = 848, Miss_rate = 1.000, Pending_hits = 0, Reservation_fails = 0
L2_cache_bank[30]: Access = 868, Miss = 856, Miss_rate = 0.986, Pending_hits = 0, Reservation_fails = 0
L2_cache_bank[31]: Access = 868, Miss = 856, Miss_rate = 0.986, Pending_hits = 0, Reservation_fails = 0
L2_cache_bank[32]: Access = 868, Miss = 856, Miss_rate = 0.986, Pending_hits = 0, Reservation_fails = 0
L2_cache_bank[33]: Access = 868, Miss = 856, Miss_rate = 0.986, Pending_hits = 0, Reservation_fails = 0
L2_cache_bank[34]: Access = 848, Miss = 848, Miss_rate = 1.000, Pending_hits = 0, Reservation_fails = 0
L2_cache_bank[35]: Access = 848, Miss = 848, Miss_rate = 1.000, Pending_hits = 0, Reservation_fails = 0
L2_cache_bank[36]: Access = 848, Miss = 848, Miss_rate = 1.000, Pending_hits = 0, Reservation_fails = 0
L2_cache_bank[37]: Access = 848, Miss = 848, Miss_rate = 1.000, Pending_hits = 0, Reservation_fails = 0
L2_cache_bank[38]: Access = 848, Miss = 848, Miss_rate = 1.000, Pending_hits = 0, Reservation_fails = 0
L2_cache_bank[39]: Access = 848, Miss = 848, Miss_rate = 1.000, Pending_hits = 0, Reservation_fails = 0
L2_cache_bank[40]: Access = 204, Miss = 204, Miss_rate = 1.000, Pending_hits = 0, Reservation_fails = 0
L2_cache_bank[41]: Access = 204, Miss = 204, Miss_rate = 1.000, Pending_hits = 0, Reservation_fails = 0
L2_cache_bank[42]: Access = 208, Miss = 208, Miss_rate = 1.000, Pending_hits = 0, Reservation_fails = 0
L2_cache_bank[43]: Access = 208, Miss = 208, Miss_rate = 1.000, Pending_hits = 0, Reservation_fails = 0
L2_cache_bank[44]: Access = 200, Miss = 200, Miss_rate = 1.000, Pending_hits = 0, Reservation_fails = 0
L2_cache_bank[45]: Access = 200, Miss = 200, Miss_rate = 1.000, Pending_hits = 0, Reservation_fails = 0
L2_cache_bank[46]: Access = 204, Miss = 204, Miss_rate = 1.000, Pending_hits = 0, Reservation_fails = 0
L2_cache_bank[47]: Access = 208, Miss = 208, Miss_rate = 1.000, Pending_hits = 0, Reservation_fails = 0
L2_cache_bank[48]: Access = 200, Miss = 200, Miss_rate = 1.000, Pending_hits = 0, Reservation_fails = 0
L2_cache_bank[49]: Access = 196, Miss = 196, Miss_rate = 1.000, Pending_hits = 0, Reservation_fails = 0
L2_cache_bank[50]: Access = 208, Miss = 208, Miss_rate = 1.000, Pending_hits = 0, Reservation_fails = 0
L2_cache_bank[51]: Access = 200, Miss = 200, Miss_rate = 1.000, Pending_hits = 0, Reservation_fails = 0
L2_cache_bank[52]: Access = 200, Miss = 200, Miss_rate = 1.000, Pending_hits = 0, Reservation_fails = 0
L2_cache_bank[53]: Access = 208, Miss = 208, Miss_rate = 1.000, Pending_hits = 0, Reservation_fails = 0
L2_cache_bank[54]: Access = 204, Miss = 204, Miss_rate = 1.000, Pending_hits = 0, Reservation_fails = 0
L2_cache_bank[55]: Access = 204, Miss = 204, Miss_rate = 1.000, Pending_hits = 0, Reservation_fails = 0
L2_cache_bank[56]: Access = 208, Miss = 208, Miss_rate = 1.000, Pending_hits = 0, Reservation_fails = 0
L2_cache_bank[57]: Access = 200, Miss = 200, Miss_rate = 1.000, Pending_hits = 0, Reservation_fails = 0
L2_cache_bank[58]: Access = 204, Miss = 204, Miss_rate = 1.000, Pending_hits = 0, Reservation_fails = 0
L2_cache_bank[59]: Access = 212, Miss = 212, Miss_rate = 1.000, Pending_hits = 0, Reservation_fails = 0
L2_cache_bank[60]: Access = 220, Miss = 220, Miss_rate = 1.000, Pending_hits = 0, Reservation_fails = 0
L2_cache_bank[61]: Access = 220, Miss = 220, Miss_rate = 1.000, Pending_hits = 0, Reservation_fails = 0
L2_cache_bank[62]: Access = 212, Miss = 212, Miss_rate = 1.000, Pending_hits = 0, Reservation_fails = 0
L2_cache_bank[63]: Access = 212, Miss = 212, Miss_rate = 1.000, Pending_hits = 0, Reservation_fails = 0
L2_cache_bank[64]: Access = 220, Miss = 220, Miss_rate = 1.000, Pending_hits = 0, Reservation_fails = 0
L2_cache_bank[65]: Access = 220, Miss = 220, Miss_rate = 1.000, Pending_hits = 0, Reservation_fails = 0
L2_cache_bank[66]: Access = 216, Miss = 216, Miss_rate = 1.000, Pending_hits = 0, Reservation_fails = 0
L2_cache_bank[67]: Access = 212, Miss = 212, Miss_rate = 1.000, Pending_hits = 0, Reservation_fails = 0
L2_cache_bank[68]: Access = 220, Miss = 220, Miss_rate = 1.000, Pending_hits = 0, Reservation_fails = 0
L2_cache_bank[69]: Access = 224, Miss = 224, Miss_rate = 1.000, Pending_hits = 0, Reservation_fails = 0
L2_cache_bank[70]: Access = 216, Miss = 216, Miss_rate = 1.000, Pending_hits = 0, Reservation_fails = 0
L2_cache_bank[71]: Access = 220, Miss = 220, Miss_rate = 1.000, Pending_hits = 0, Reservation_fails = 0
L2_cache_bank[72]: Access = 224, Miss = 224, Miss_rate = 1.000, Pending_hits = 0, Reservation_fails = 0
L2_cache_bank[73]: Access = 216, Miss = 216, Miss_rate = 1.000, Pending_hits = 0, Reservation_fails = 0
L2_cache_bank[74]: Access = 220, Miss = 220, Miss_rate = 1.000, Pending_hits = 0, Reservation_fails = 0
L2_cache_bank[75]: Access = 224, Miss = 224, Miss_rate = 1.000, Pending_hits = 0, Reservation_fails = 0
L2_cache_bank[76]: Access = 216, Miss = 216, Miss_rate = 1.000, Pending_hits = 0, Reservation_fails = 0
L2_cache_bank[77]: Access = 224, Miss = 224, Miss_rate = 1.000, Pending_hits = 0, Reservation_fails = 0
L2_cache_bank[78]: Access = 220, Miss = 220, Miss_rate = 1.000, Pending_hits = 0, Reservation_fails = 0
L2_cache_bank[79]: Access = 212, Miss = 212, Miss_rate = 1.000, Pending_hits = 0, Reservation_fails = 0
L2_total_cache_accesses = 42601
L2_total_cache_misses = 42525
L2_total_cache_miss_rate = 0.9982
L2_total_cache_pending_hits = 0
L2_total_cache_reservation_fails = 0
L2_total_cache_breakdown:
	L2_cache_stats_breakdown[GLOBAL_ACC_R][HIT] = 44
	L2_cache_stats_breakdown[GLOBAL_ACC_R][HIT_RESERVED] = 0
	L2_cache_stats_breakdown[GLOBAL_ACC_R][MISS] = 4230
	L2_cache_stats_breakdown[GLOBAL_ACC_R][RESERVATION_FAIL] = 0
	L2_cache_stats_breakdown[GLOBAL_ACC_R][SECTOR_MISS] = 12687
	L2_cache_stats_breakdown[GLOBAL_ACC_R][MSHR_HIT] = 0
	L2_cache_stats_breakdown[GLOBAL_ACC_R][WRITE_ALLOCATED] = 0
	L2_cache_stats_breakdown[CHIPLET_ACC_R][HIT] = 0
	L2_cache_stats_breakdown[CHIPLET_ACC_R][HIT_RESERVED] = 0
	L2_cache_stats_breakdown[CHIPLET_ACC_R][MISS] = 2112
	L2_cache_stats_breakdown[CHIPLET_ACC_R][RESERVATION_FAIL] = 0
	L2_cache_stats_breakdown[CHIPLET_ACC_R][SECTOR_MISS] = 6336
	L2_cache_stats_breakdown[CHIPLET_ACC_R][MSHR_HIT] = 0
	L2_cache_stats_breakdown[CHIPLET_ACC_R][WRITE_ALLOCATED] = 0
	L2_cache_stats_breakdown[LOCAL_ACC_R][HIT] = 0
	L2_cache_stats_breakdown[LOCAL_ACC_R][HIT_RESERVED] = 0
	L2_cache_stats_breakdown[LOCAL_ACC_R][MISS] = 0
	L2_cache_stats_breakdown[LOCAL_ACC_R][RESERVATION_FAIL] = 0
	L2_cache_stats_breakdown[LOCAL_ACC_R][SECTOR_MISS] = 0
	L2_cache_stats_breakdown[LOCAL_ACC_R][MSHR_HIT] = 0
	L2_cache_stats_breakdown[LOCAL_ACC_R][WRITE_ALLOCATED] = 0
	L2_cache_stats_breakdown[CONST_ACC_R][HIT] = 0
	L2_cache_stats_breakdown[CONST_ACC_R][HIT_RESERVED] = 0
	L2_cache_stats_breakdown[CONST_ACC_R][MISS] = 0
	L2_cache_stats_breakdown[CONST_ACC_R][RESERVATION_FAIL] = 0
	L2_cache_stats_breakdown[CONST_ACC_R][SECTOR_MISS] = 0
	L2_cache_stats_breakdown[CONST_ACC_R][MSHR_HIT] = 0
	L2_cache_stats_breakdown[CONST_ACC_R][WRITE_ALLOCATED] = 0
	L2_cache_stats_breakdown[TEXTURE_ACC_R][HIT] = 0
	L2_cache_stats_breakdown[TEXTURE_ACC_R][HIT_RESERVED] = 0
	L2_cache_stats_breakdown[TEXTURE_ACC_R][MISS] = 0
	L2_cache_stats_breakdown[TEXTURE_ACC_R][RESERVATION_FAIL] = 0
	L2_cache_stats_breakdown[TEXTURE_ACC_R][SECTOR_MISS] = 0
	L2_cache_stats_breakdown[TEXTURE_ACC_R][MSHR_HIT] = 0
	L2_cache_stats_breakdown[TEXTURE_ACC_R][WRITE_ALLOCATED] = 0
	L2_cache_stats_breakdown[GLOBAL_ACC_W][HIT] = 32
	L2_cache_stats_breakdown[GLOBAL_ACC_W][HIT_RESERVED] = 0
	L2_cache_stats_breakdown[GLOBAL_ACC_W][MISS] = 4290
	L2_cache_stats_breakdown[GLOBAL_ACC_W][RESERVATION_FAIL] = 0
	L2_cache_stats_breakdown[GLOBAL_ACC_W][SECTOR_MISS] = 12870
	L2_cache_stats_breakdown[GLOBAL_ACC_W][MSHR_HIT] = 0
	L2_cache_stats_breakdown[GLOBAL_ACC_W][WRITE_ALLOCATED] = 17160
	L2_cache_stats_breakdown[CHIPLET_ACC_W][HIT] = 0
	L2_cache_stats_breakdown[CHIPLET_ACC_W][HIT_RESERVED] = 0
	L2_cache_stats_breakdown[CHIPLET_ACC_W][MISS] = 0
	L2_cache_stats_breakdown[CHIPLET_ACC_W][RESERVATION_FAIL] = 0
	L2_cache_stats_breakdown[CHIPLET_ACC_W][SECTOR_MISS] = 0
	L2_cache_stats_breakdown[CHIPLET_ACC_W][MSHR_HIT] = 0
	L2_cache_stats_breakdown[CHIPLET_ACC_W][WRITE_ALLOCATED] = 0
	L2_cache_stats_breakdown[LOCAL_ACC_W][HIT] = 0
	L2_cache_stats_breakdown[LOCAL_ACC_W][HIT_RESERVED] = 0
	L2_cache_stats_breakdown[LOCAL_ACC_W][MISS] = 0
	L2_cache_stats_breakdown[LOCAL_ACC_W][RESERVATION_FAIL] = 0
	L2_cache_stats_breakdown[LOCAL_ACC_W][SECTOR_MISS] = 0
	L2_cache_stats_breakdown[LOCAL_ACC_W][MSHR_HIT] = 0
	L2_cache_stats_breakdown[LOCAL_ACC_W][WRITE_ALLOCATED] = 0
	L2_cache_stats_breakdown[L1_WRBK_ACC][HIT] = 0
	L2_cache_stats_breakdown[L1_WRBK_ACC][HIT_RESERVED] = 0
	L2_cache_stats_breakdown[L1_WRBK_ACC][MISS] = 0
	L2_cache_stats_breakdown[L1_WRBK_ACC][RESERVATION_FAIL] = 0
	L2_cache_stats_breakdown[L1_WRBK_ACC][SECTOR_MISS] = 0
	L2_cache_stats_breakdown[L1_WRBK_ACC][MSHR_HIT] = 0
	L2_cache_stats_breakdown[L1_WRBK_ACC][WRITE_ALLOCATED] = 0
	L2_cache_stats_breakdown[L2_WRBK_ACC][HIT] = 0
	L2_cache_stats_breakdown[L2_WRBK_ACC][HIT_RESERVED] = 0
	L2_cache_stats_breakdown[L2_WRBK_ACC][MISS] = 0
	L2_cache_stats_breakdown[L2_WRBK_ACC][RESERVATION_FAIL] = 0
	L2_cache_stats_breakdown[L2_WRBK_ACC][SECTOR_MISS] = 0
	L2_cache_stats_breakdown[L2_WRBK_ACC][MSHR_HIT] = 0
	L2_cache_stats_breakdown[L2_WRBK_ACC][WRITE_ALLOCATED] = 0
	L2_cache_stats_breakdown[INST_ACC_R][HIT] = 0
	L2_cache_stats_breakdown[INST_ACC_R][HIT_RESERVED] = 0
	L2_cache_stats_breakdown[INST_ACC_R][MISS] = 0
	L2_cache_stats_breakdown[INST_ACC_R][RESERVATION_FAIL] = 0
	L2_cache_stats_breakdown[INST_ACC_R][SECTOR_MISS] = 0
	L2_cache_stats_breakdown[INST_ACC_R][MSHR_HIT] = 0
	L2_cache_stats_breakdown[INST_ACC_R][WRITE_ALLOCATED] = 0
	L2_cache_stats_breakdown[L1_WR_ALLOC_R][HIT] = 0
	L2_cache_stats_breakdown[L1_WR_ALLOC_R][HIT_RESERVED] = 0
	L2_cache_stats_breakdown[L1_WR_ALLOC_R][MISS] = 0
	L2_cache_stats_breakdown[L1_WR_ALLOC_R][RESERVATION_FAIL] = 0
	L2_cache_stats_breakdown[L1_WR_ALLOC_R][SECTOR_MISS] = 0
	L2_cache_stats_breakdown[L1_WR_ALLOC_R][MSHR_HIT] = 0
	L2_cache_stats_breakdown[L1_WR_ALLOC_R][WRITE_ALLOCATED] = 0
	L2_cache_stats_breakdown[L2_WR_ALLOC_R][HIT] = 0
	L2_cache_stats_breakdown[L2_WR_ALLOC_R][HIT_RESERVED] = 0
	L2_cache_stats_breakdown[L2_WR_ALLOC_R][MISS] = 0
	L2_cache_stats_breakdown[L2_WR_ALLOC_R][RESERVATION_FAIL] = 0
	L2_cache_stats_breakdown[L2_WR_ALLOC_R][SECTOR_MISS] = 0
	L2_cache_stats_breakdown[L2_WR_ALLOC_R][MSHR_HIT] = 0
	L2_cache_stats_breakdown[L2_WR_ALLOC_R][WRITE_ALLOCATED] = 0
	L2_cache_stats_breakdown[GLOBAL_ACC_R][TOTAL_ACCESS] = 16961
	L2_cache_stats_breakdown[CHIPLET_ACC_R][TOTAL_ACCESS] = 8448
	L2_cache_stats_breakdown[GLOBAL_ACC_W][TOTAL_ACCESS] = 17192
L2_total_cache_reservation_fail_breakdown:
L2_cache_data_port_util = 0.000
L2_cache_fill_port_util = 0.001

icnt_total_pkts_mem_to_simt=51312
icnt_total_pkts_simt_to_mem=51576
LD_mem_lat_dist  0 0 0 0 0 0 0 0 0 0 0 0 0 0 0 0 0 0 0 0 0 0 0 0 0 0 0
ST_mem_lat_dist  0 0 0 0 0 0 0 0 0 0 0 0 0 0 0 0 0 0 0 0 0 0 0 0 0 0 0
----------------------------Interconnect-DETAILS--------------------------------
Class 0:
Packet latency average = 99.8908
	minimum = 4
	maximum = 259
Network latency average = 4.45262
	minimum = 4
	maximum = 11
Slowest packet = 0
Flit latency average = 4.45262
	minimum = 4
	maximum = 11
Slowest flit = 12442
Fragmentation average = 0
	minimum = 0
	maximum = 0
Injected packet rate average = 0.00109453
	minimum = 0 (at node 2)
	maximum = 0.102859 (at node 1)
Accepted packet rate average = 0.00109453
	minimum = 0 (at node 2)
	maximum = 0.102859 (at node 1)
Injected flit rate average = 0.00109453
	minimum = 0 (at node 2)
	maximum = 0.102859 (at node 1)
Accepted flit rate average= 0.00109453
	minimum = 0 (at node 2)
	maximum = 0.102859 (at node 1)
Injected packet length average = 1
Accepted packet length average = 1
Total in-flight flits = 0 (0 measured)
====== Overall Traffic Statistics ======
====== Traffic class 0 ======
Packet latency average = 98.5083 (2 samples)
	minimum = 4 (2 samples)
	maximum = 259 (2 samples)
Network latency average = 4.41334 (2 samples)
	minimum = 4 (2 samples)
	maximum = 10 (2 samples)
Flit latency average = 4.41334 (2 samples)
	minimum = 4 (2 samples)
	maximum = 10 (2 samples)
Fragmentation average = 0 (2 samples)
	minimum = 0 (2 samples)
	maximum = 0 (2 samples)
Injected packet rate average = 0.000856386 (2 samples)
	minimum = 0 (2 samples)
	maximum = 0.0814142 (2 samples)
Accepted packet rate average = 0.000856386 (2 samples)
	minimum = 0 (2 samples)
	maximum = 0.0814142 (2 samples)
Injected flit rate average = 0.000856386 (2 samples)
	minimum = 0 (2 samples)
	maximum = 0.0814142 (2 samples)
Accepted flit rate average = 0.000856386 (2 samples)
	minimum = 0 (2 samples)
	maximum = 0.0814142 (2 samples)
Injected packet size average = 1 (2 samples)
Accepted packet size average = 1 (2 samples)
Hops average = 1 (2 samples)
----------------------------END-of-Interconnect-DETAILS-------------------------


gpgpu_simulation_time = 0 days, 0 hrs, 0 min, 23 sec (23 sec)
gpgpu_simulation_rate = 148914 (inst/sec)
gpgpu_simulation_rate = 7013 (cycle/sec)
gpgpu_silicon_slowdown = 250249x
Processing kernel /localhome/tsousape/cam_with_gpu/traces/sched_A_1_234/traces/kernel-3-ctx_0x5597d0bca480.tracez
-kernel name = _Z8sched_acPjPKjS_PfiiiiPy
-kernel id = 3
-grid dim = (1,1,1)
-block dim = (128,1,1)
-shmem = 33032
-nregs = 31
-binary version = 90
-cuda stream id = 0
-shmem base_addr = 0x00007fbc00000000
-local mem base_addr = 0x00007fbb59000000
-nvbit version = 1.8
-accelsim tracer version = 6
-enable lineinfo = 0
Header info loaded for kernel command : /localhome/tsousape/cam_with_gpu/traces/sched_A_1_234/traces/kernel-3-ctx_0x5597d0bca480.tracez
launching kernel name: _Z8sched_acPjPKjS_PfiiiiPy uid: 3 cuda_stream_id: 0
GPGPU-Sim uArch: Shader 2 bind to kernel 3 '_Z8sched_acPjPKjS_PfiiiiPy'
GPGPU-Sim: Reconfigure L1 cache to 192KB
thread block = 0,0,0
Destroy streams for kernel 3: size 0
kernel_name = _Z8sched_acPjPKjS_PfiiiiPy 
kernel_launch_uid = 3 
kernel_stream_id = 0
gpu_sim_cycle = 301085
gpu_sim_insn = 6620833
gpu_ipc =      21.9899
gpu_tot_sim_cycle = 462394
gpu_tot_sim_insn = 10045864
gpu_tot_ipc =      21.7258
gpu_tot_issued_cta = 3
gpu_occupancy = 6.2499% 
gpu_tot_occupancy = 6.2498% 
max_total_param_size = 0
gpu_stall_dramfull = 0
gpu_stall_icnt2sh    = 0
partiton_level_parallism =       0.2203
partiton_level_parallism_total  =       0.2175
partiton_level_parallism_util =       1.0000
partiton_level_parallism_util_total  =       1.0000
L2_BW  =      12.3733 GB/Sec
L2_BW_total  =      12.2169 GB/Sec
gpu_total_sim_rate=159458

========= Core cache stats =========
L1I_cache:
	L1I_total_cache_accesses = 0
	L1I_total_cache_misses = 0
	L1I_total_cache_pending_hits = 0
	L1I_total_cache_reservation_fails = 0
L1D_cache:
	L1D_cache_core[0]: Access = 32, Miss = 16, Miss_rate = 0.500, Pending_hits = 0, Reservation_fails = 0
	L1D_cache_core[1]: Access = 32, Miss = 16, Miss_rate = 0.500, Pending_hits = 0, Reservation_fails = 0
	L1D_cache_core[2]: Access = 32, Miss = 16, Miss_rate = 0.500, Pending_hits = 0, Reservation_fails = 0
	L1D_cache_core[3]: Access = 0, Miss = 0, Miss_rate = -nan, Pending_hits = 0, Reservation_fails = 0
	L1D_cache_core[4]: Access = 0, Miss = 0, Miss_rate = -nan, Pending_hits = 0, Reservation_fails = 0
	L1D_cache_core[5]: Access = 0, Miss = 0, Miss_rate = -nan, Pending_hits = 0, Reservation_fails = 0
	L1D_cache_core[6]: Access = 0, Miss = 0, Miss_rate = -nan, Pending_hits = 0, Reservation_fails = 0
	L1D_cache_core[7]: Access = 0, Miss = 0, Miss_rate = -nan, Pending_hits = 0, Reservation_fails = 0
	L1D_cache_core[8]: Access = 0, Miss = 0, Miss_rate = -nan, Pending_hits = 0, Reservation_fails = 0
	L1D_cache_core[9]: Access = 0, Miss = 0, Miss_rate = -nan, Pending_hits = 0, Reservation_fails = 0
	L1D_cache_core[10]: Access = 0, Miss = 0, Miss_rate = -nan, Pending_hits = 0, Reservation_fails = 0
	L1D_cache_core[11]: Access = 0, Miss = 0, Miss_rate = -nan, Pending_hits = 0, Reservation_fails = 0
	L1D_cache_core[12]: Access = 0, Miss = 0, Miss_rate = -nan, Pending_hits = 0, Reservation_fails = 0
	L1D_cache_core[13]: Access = 0, Miss = 0, Miss_rate = -nan, Pending_hits = 0, Reservation_fails = 0
	L1D_cache_core[14]: Access = 0, Miss = 0, Miss_rate = -nan, Pending_hits = 0, Reservation_fails = 0
	L1D_cache_core[15]: Access = 0, Miss = 0, Miss_rate = -nan, Pending_hits = 0, Reservation_fails = 0
	L1D_cache_core[16]: Access = 0, Miss = 0, Miss_rate = -nan, Pending_hits = 0, Reservation_fails = 0
	L1D_cache_core[17]: Access = 0, Miss = 0, Miss_rate = -nan, Pending_hits = 0, Reservation_fails = 0
	L1D_cache_core[18]: Access = 0, Miss = 0, Miss_rate = -nan, Pending_hits = 0, Reservation_fails = 0
	L1D_cache_core[19]: Access = 0, Miss = 0, Miss_rate = -nan, Pending_hits = 0, Reservation_fails = 0
	L1D_cache_core[20]: Access = 0, Miss = 0, Miss_rate = -nan, Pending_hits = 0, Reservation_fails = 0
	L1D_cache_core[21]: Access = 0, Miss = 0, Miss_rate = -nan, Pending_hits = 0, Reservation_fails = 0
	L1D_cache_core[22]: Access = 0, Miss = 0, Miss_rate = -nan, Pending_hits = 0, Reservation_fails = 0
	L1D_cache_core[23]: Access = 0, Miss = 0, Miss_rate = -nan, Pending_hits = 0, Reservation_fails = 0
	L1D_cache_core[24]: Access = 0, Miss = 0, Miss_rate = -nan, Pending_hits = 0, Reservation_fails = 0
	L1D_cache_core[25]: Access = 0, Miss = 0, Miss_rate = -nan, Pending_hits = 0, Reservation_fails = 0
	L1D_cache_core[26]: Access = 0, Miss = 0, Miss_rate = -nan, Pending_hits = 0, Reservation_fails = 0
	L1D_cache_core[27]: Access = 0, Miss = 0, Miss_rate = -nan, Pending_hits = 0, Reservation_fails = 0
	L1D_cache_core[28]: Access = 0, Miss = 0, Miss_rate = -nan, Pending_hits = 0, Reservation_fails = 0
	L1D_cache_core[29]: Access = 0, Miss = 0, Miss_rate = -nan, Pending_hits = 0, Reservation_fails = 0
	L1D_cache_core[30]: Access = 0, Miss = 0, Miss_rate = -nan, Pending_hits = 0, Reservation_fails = 0
	L1D_cache_core[31]: Access = 0, Miss = 0, Miss_rate = -nan, Pending_hits = 0, Reservation_fails = 0
	L1D_cache_core[32]: Access = 0, Miss = 0, Miss_rate = -nan, Pending_hits = 0, Reservation_fails = 0
	L1D_cache_core[33]: Access = 0, Miss = 0, Miss_rate = -nan, Pending_hits = 0, Reservation_fails = 0
	L1D_cache_core[34]: Access = 0, Miss = 0, Miss_rate = -nan, Pending_hits = 0, Reservation_fails = 0
	L1D_cache_core[35]: Access = 0, Miss = 0, Miss_rate = -nan, Pending_hits = 0, Reservation_fails = 0
	L1D_cache_core[36]: Access = 0, Miss = 0, Miss_rate = -nan, Pending_hits = 0, Reservation_fails = 0
	L1D_cache_core[37]: Access = 0, Miss = 0, Miss_rate = -nan, Pending_hits = 0, Reservation_fails = 0
	L1D_cache_core[38]: Access = 0, Miss = 0, Miss_rate = -nan, Pending_hits = 0, Reservation_fails = 0
	L1D_cache_core[39]: Access = 0, Miss = 0, Miss_rate = -nan, Pending_hits = 0, Reservation_fails = 0
	L1D_cache_core[40]: Access = 0, Miss = 0, Miss_rate = -nan, Pending_hits = 0, Reservation_fails = 0
	L1D_cache_core[41]: Access = 0, Miss = 0, Miss_rate = -nan, Pending_hits = 0, Reservation_fails = 0
	L1D_cache_core[42]: Access = 0, Miss = 0, Miss_rate = -nan, Pending_hits = 0, Reservation_fails = 0
	L1D_cache_core[43]: Access = 0, Miss = 0, Miss_rate = -nan, Pending_hits = 0, Reservation_fails = 0
	L1D_cache_core[44]: Access = 0, Miss = 0, Miss_rate = -nan, Pending_hits = 0, Reservation_fails = 0
	L1D_cache_core[45]: Access = 0, Miss = 0, Miss_rate = -nan, Pending_hits = 0, Reservation_fails = 0
	L1D_cache_core[46]: Access = 0, Miss = 0, Miss_rate = -nan, Pending_hits = 0, Reservation_fails = 0
	L1D_cache_core[47]: Access = 0, Miss = 0, Miss_rate = -nan, Pending_hits = 0, Reservation_fails = 0
	L1D_cache_core[48]: Access = 0, Miss = 0, Miss_rate = -nan, Pending_hits = 0, Reservation_fails = 0
	L1D_cache_core[49]: Access = 0, Miss = 0, Miss_rate = -nan, Pending_hits = 0, Reservation_fails = 0
	L1D_cache_core[50]: Access = 0, Miss = 0, Miss_rate = -nan, Pending_hits = 0, Reservation_fails = 0
	L1D_cache_core[51]: Access = 0, Miss = 0, Miss_rate = -nan, Pending_hits = 0, Reservation_fails = 0
	L1D_cache_core[52]: Access = 0, Miss = 0, Miss_rate = -nan, Pending_hits = 0, Reservation_fails = 0
	L1D_cache_core[53]: Access = 0, Miss = 0, Miss_rate = -nan, Pending_hits = 0, Reservation_fails = 0
	L1D_cache_core[54]: Access = 0, Miss = 0, Miss_rate = -nan, Pending_hits = 0, Reservation_fails = 0
	L1D_cache_core[55]: Access = 0, Miss = 0, Miss_rate = -nan, Pending_hits = 0, Reservation_fails = 0
	L1D_cache_core[56]: Access = 0, Miss = 0, Miss_rate = -nan, Pending_hits = 0, Reservation_fails = 0
	L1D_cache_core[57]: Access = 0, Miss = 0, Miss_rate = -nan, Pending_hits = 0, Reservation_fails = 0
	L1D_cache_core[58]: Access = 0, Miss = 0, Miss_rate = -nan, Pending_hits = 0, Reservation_fails = 0
	L1D_cache_core[59]: Access = 0, Miss = 0, Miss_rate = -nan, Pending_hits = 0, Reservation_fails = 0
	L1D_cache_core[60]: Access = 0, Miss = 0, Miss_rate = -nan, Pending_hits = 0, Reservation_fails = 0
	L1D_cache_core[61]: Access = 0, Miss = 0, Miss_rate = -nan, Pending_hits = 0, Reservation_fails = 0
	L1D_cache_core[62]: Access = 0, Miss = 0, Miss_rate = -nan, Pending_hits = 0, Reservation_fails = 0
	L1D_cache_core[63]: Access = 0, Miss = 0, Miss_rate = -nan, Pending_hits = 0, Reservation_fails = 0
	L1D_cache_core[64]: Access = 0, Miss = 0, Miss_rate = -nan, Pending_hits = 0, Reservation_fails = 0
	L1D_cache_core[65]: Access = 0, Miss = 0, Miss_rate = -nan, Pending_hits = 0, Reservation_fails = 0
	L1D_cache_core[66]: Access = 0, Miss = 0, Miss_rate = -nan, Pending_hits = 0, Reservation_fails = 0
	L1D_cache_core[67]: Access = 0, Miss = 0, Miss_rate = -nan, Pending_hits = 0, Reservation_fails = 0
	L1D_cache_core[68]: Access = 0, Miss = 0, Miss_rate = -nan, Pending_hits = 0, Reservation_fails = 0
	L1D_cache_core[69]: Access = 0, Miss = 0, Miss_rate = -nan, Pending_hits = 0, Reservation_fails = 0
	L1D_cache_core[70]: Access = 0, Miss = 0, Miss_rate = -nan, Pending_hits = 0, Reservation_fails = 0
	L1D_cache_core[71]: Access = 0, Miss = 0, Miss_rate = -nan, Pending_hits = 0, Reservation_fails = 0
	L1D_cache_core[72]: Access = 0, Miss = 0, Miss_rate = -nan, Pending_hits = 0, Reservation_fails = 0
	L1D_cache_core[73]: Access = 0, Miss = 0, Miss_rate = -nan, Pending_hits = 0, Reservation_fails = 0
	L1D_cache_core[74]: Access = 0, Miss = 0, Miss_rate = -nan, Pending_hits = 0, Reservation_fails = 0
	L1D_cache_core[75]: Access = 0, Miss = 0, Miss_rate = -nan, Pending_hits = 0, Reservation_fails = 0
	L1D_cache_core[76]: Access = 0, Miss = 0, Miss_rate = -nan, Pending_hits = 0, Reservation_fails = 0
	L1D_cache_core[77]: Access = 0, Miss = 0, Miss_rate = -nan, Pending_hits = 0, Reservation_fails = 0
	L1D_cache_core[78]: Access = 0, Miss = 0, Miss_rate = -nan, Pending_hits = 0, Reservation_fails = 0
	L1D_cache_core[79]: Access = 0, Miss = 0, Miss_rate = -nan, Pending_hits = 0, Reservation_fails = 0
	L1D_cache_core[80]: Access = 0, Miss = 0, Miss_rate = -nan, Pending_hits = 0, Reservation_fails = 0
	L1D_cache_core[81]: Access = 0, Miss = 0, Miss_rate = -nan, Pending_hits = 0, Reservation_fails = 0
	L1D_cache_core[82]: Access = 0, Miss = 0, Miss_rate = -nan, Pending_hits = 0, Reservation_fails = 0
	L1D_cache_core[83]: Access = 0, Miss = 0, Miss_rate = -nan, Pending_hits = 0, Reservation_fails = 0
	L1D_cache_core[84]: Access = 0, Miss = 0, Miss_rate = -nan, Pending_hits = 0, Reservation_fails = 0
	L1D_cache_core[85]: Access = 0, Miss = 0, Miss_rate = -nan, Pending_hits = 0, Reservation_fails = 0
	L1D_cache_core[86]: Access = 0, Miss = 0, Miss_rate = -nan, Pending_hits = 0, Reservation_fails = 0
	L1D_cache_core[87]: Access = 0, Miss = 0, Miss_rate = -nan, Pending_hits = 0, Reservation_fails = 0
	L1D_cache_core[88]: Access = 0, Miss = 0, Miss_rate = -nan, Pending_hits = 0, Reservation_fails = 0
	L1D_cache_core[89]: Access = 0, Miss = 0, Miss_rate = -nan, Pending_hits = 0, Reservation_fails = 0
	L1D_cache_core[90]: Access = 0, Miss = 0, Miss_rate = -nan, Pending_hits = 0, Reservation_fails = 0
	L1D_cache_core[91]: Access = 0, Miss = 0, Miss_rate = -nan, Pending_hits = 0, Reservation_fails = 0
	L1D_cache_core[92]: Access = 0, Miss = 0, Miss_rate = -nan, Pending_hits = 0, Reservation_fails = 0
	L1D_cache_core[93]: Access = 0, Miss = 0, Miss_rate = -nan, Pending_hits = 0, Reservation_fails = 0
	L1D_cache_core[94]: Access = 0, Miss = 0, Miss_rate = -nan, Pending_hits = 0, Reservation_fails = 0
	L1D_cache_core[95]: Access = 0, Miss = 0, Miss_rate = -nan, Pending_hits = 0, Reservation_fails = 0
	L1D_cache_core[96]: Access = 0, Miss = 0, Miss_rate = -nan, Pending_hits = 0, Reservation_fails = 0
	L1D_cache_core[97]: Access = 0, Miss = 0, Miss_rate = -nan, Pending_hits = 0, Reservation_fails = 0
	L1D_cache_core[98]: Access = 0, Miss = 0, Miss_rate = -nan, Pending_hits = 0, Reservation_fails = 0
	L1D_cache_core[99]: Access = 0, Miss = 0, Miss_rate = -nan, Pending_hits = 0, Reservation_fails = 0
	L1D_cache_core[100]: Access = 0, Miss = 0, Miss_rate = -nan, Pending_hits = 0, Reservation_fails = 0
	L1D_cache_core[101]: Access = 0, Miss = 0, Miss_rate = -nan, Pending_hits = 0, Reservation_fails = 0
	L1D_cache_core[102]: Access = 0, Miss = 0, Miss_rate = -nan, Pending_hits = 0, Reservation_fails = 0
	L1D_cache_core[103]: Access = 0, Miss = 0, Miss_rate = -nan, Pending_hits = 0, Reservation_fails = 0
	L1D_cache_core[104]: Access = 0, Miss = 0, Miss_rate = -nan, Pending_hits = 0, Reservation_fails = 0
	L1D_cache_core[105]: Access = 0, Miss = 0, Miss_rate = -nan, Pending_hits = 0, Reservation_fails = 0
	L1D_cache_core[106]: Access = 0, Miss = 0, Miss_rate = -nan, Pending_hits = 0, Reservation_fails = 0
	L1D_cache_core[107]: Access = 0, Miss = 0, Miss_rate = -nan, Pending_hits = 0, Reservation_fails = 0
	L1D_cache_core[108]: Access = 0, Miss = 0, Miss_rate = -nan, Pending_hits = 0, Reservation_fails = 0
	L1D_cache_core[109]: Access = 0, Miss = 0, Miss_rate = -nan, Pending_hits = 0, Reservation_fails = 0
	L1D_cache_core[110]: Access = 0, Miss = 0, Miss_rate = -nan, Pending_hits = 0, Reservation_fails = 0
	L1D_cache_core[111]: Access = 0, Miss = 0, Miss_rate = -nan, Pending_hits = 0, Reservation_fails = 0
	L1D_cache_core[112]: Access = 0, Miss = 0, Miss_rate = -nan, Pending_hits = 0, Reservation_fails = 0
	L1D_cache_core[113]: Access = 0, Miss = 0, Miss_rate = -nan, Pending_hits = 0, Reservation_fails = 0
	L1D_total_cache_accesses = 96
	L1D_total_cache_misses = 48
	L1D_total_cache_miss_rate = 0.5000
	L1D_total_cache_pending_hits = 0
	L1D_total_cache_reservation_fails = 0
	L1D_cache_data_port_util = 0.000
	L1D_cache_fill_port_util = 0.000
L1C_cache:
	L1C_total_cache_accesses = 0
	L1C_total_cache_misses = 0
	L1C_total_cache_pending_hits = 0
	L1C_total_cache_reservation_fails = 0
L1T_cache:
	L1T_total_cache_accesses = 0
	L1T_total_cache_misses = 0
	L1T_total_cache_pending_hits = 0
	L1T_total_cache_reservation_fails = 0

Total_core_cache_stats:
	Total_core_cache_stats_breakdown[GLOBAL_ACC_R][HIT] = 0
	Total_core_cache_stats_breakdown[GLOBAL_ACC_R][HIT_RESERVED] = 0
	Total_core_cache_stats_breakdown[GLOBAL_ACC_R][MISS] = 12
	Total_core_cache_stats_breakdown[GLOBAL_ACC_R][RESERVATION_FAIL] = 0
	Total_core_cache_stats_breakdown[GLOBAL_ACC_R][SECTOR_MISS] = 36
	Total_core_cache_stats_breakdown[GLOBAL_ACC_R][MSHR_HIT] = 0
	Total_core_cache_stats_breakdown[GLOBAL_ACC_R][WRITE_ALLOCATED] = 0
	Total_core_cache_stats_breakdown[CHIPLET_ACC_R][HIT] = 0
	Total_core_cache_stats_breakdown[CHIPLET_ACC_R][HIT_RESERVED] = 0
	Total_core_cache_stats_breakdown[CHIPLET_ACC_R][MISS] = 0
	Total_core_cache_stats_breakdown[CHIPLET_ACC_R][RESERVATION_FAIL] = 0
	Total_core_cache_stats_breakdown[CHIPLET_ACC_R][SECTOR_MISS] = 0
	Total_core_cache_stats_breakdown[CHIPLET_ACC_R][MSHR_HIT] = 0
	Total_core_cache_stats_breakdown[CHIPLET_ACC_R][WRITE_ALLOCATED] = 0
	Total_core_cache_stats_breakdown[LOCAL_ACC_R][HIT] = 0
	Total_core_cache_stats_breakdown[LOCAL_ACC_R][HIT_RESERVED] = 0
	Total_core_cache_stats_breakdown[LOCAL_ACC_R][MISS] = 0
	Total_core_cache_stats_breakdown[LOCAL_ACC_R][RESERVATION_FAIL] = 0
	Total_core_cache_stats_breakdown[LOCAL_ACC_R][SECTOR_MISS] = 0
	Total_core_cache_stats_breakdown[LOCAL_ACC_R][MSHR_HIT] = 0
	Total_core_cache_stats_breakdown[LOCAL_ACC_R][WRITE_ALLOCATED] = 0
	Total_core_cache_stats_breakdown[CONST_ACC_R][HIT] = 0
	Total_core_cache_stats_breakdown[CONST_ACC_R][HIT_RESERVED] = 0
	Total_core_cache_stats_breakdown[CONST_ACC_R][MISS] = 0
	Total_core_cache_stats_breakdown[CONST_ACC_R][RESERVATION_FAIL] = 0
	Total_core_cache_stats_breakdown[CONST_ACC_R][SECTOR_MISS] = 0
	Total_core_cache_stats_breakdown[CONST_ACC_R][MSHR_HIT] = 0
	Total_core_cache_stats_breakdown[CONST_ACC_R][WRITE_ALLOCATED] = 0
	Total_core_cache_stats_breakdown[TEXTURE_ACC_R][HIT] = 0
	Total_core_cache_stats_breakdown[TEXTURE_ACC_R][HIT_RESERVED] = 0
	Total_core_cache_stats_breakdown[TEXTURE_ACC_R][MISS] = 0
	Total_core_cache_stats_breakdown[TEXTURE_ACC_R][RESERVATION_FAIL] = 0
	Total_core_cache_stats_breakdown[TEXTURE_ACC_R][SECTOR_MISS] = 0
	Total_core_cache_stats_breakdown[TEXTURE_ACC_R][MSHR_HIT] = 0
	Total_core_cache_stats_breakdown[TEXTURE_ACC_R][WRITE_ALLOCATED] = 0
	Total_core_cache_stats_breakdown[GLOBAL_ACC_W][HIT] = 48
	Total_core_cache_stats_breakdown[GLOBAL_ACC_W][HIT_RESERVED] = 0
	Total_core_cache_stats_breakdown[GLOBAL_ACC_W][MISS] = 0
	Total_core_cache_stats_breakdown[GLOBAL_ACC_W][RESERVATION_FAIL] = 0
	Total_core_cache_stats_breakdown[GLOBAL_ACC_W][SECTOR_MISS] = 0
	Total_core_cache_stats_breakdown[GLOBAL_ACC_W][MSHR_HIT] = 0
	Total_core_cache_stats_breakdown[GLOBAL_ACC_W][WRITE_ALLOCATED] = 0
	Total_core_cache_stats_breakdown[CHIPLET_ACC_W][HIT] = 0
	Total_core_cache_stats_breakdown[CHIPLET_ACC_W][HIT_RESERVED] = 0
	Total_core_cache_stats_breakdown[CHIPLET_ACC_W][MISS] = 0
	Total_core_cache_stats_breakdown[CHIPLET_ACC_W][RESERVATION_FAIL] = 0
	Total_core_cache_stats_breakdown[CHIPLET_ACC_W][SECTOR_MISS] = 0
	Total_core_cache_stats_breakdown[CHIPLET_ACC_W][MSHR_HIT] = 0
	Total_core_cache_stats_breakdown[CHIPLET_ACC_W][WRITE_ALLOCATED] = 0
	Total_core_cache_stats_breakdown[LOCAL_ACC_W][HIT] = 0
	Total_core_cache_stats_breakdown[LOCAL_ACC_W][HIT_RESERVED] = 0
	Total_core_cache_stats_breakdown[LOCAL_ACC_W][MISS] = 0
	Total_core_cache_stats_breakdown[LOCAL_ACC_W][RESERVATION_FAIL] = 0
	Total_core_cache_stats_breakdown[LOCAL_ACC_W][SECTOR_MISS] = 0
	Total_core_cache_stats_breakdown[LOCAL_ACC_W][MSHR_HIT] = 0
	Total_core_cache_stats_breakdown[LOCAL_ACC_W][WRITE_ALLOCATED] = 0
	Total_core_cache_stats_breakdown[L1_WRBK_ACC][HIT] = 0
	Total_core_cache_stats_breakdown[L1_WRBK_ACC][HIT_RESERVED] = 0
	Total_core_cache_stats_breakdown[L1_WRBK_ACC][MISS] = 0
	Total_core_cache_stats_breakdown[L1_WRBK_ACC][RESERVATION_FAIL] = 0
	Total_core_cache_stats_breakdown[L1_WRBK_ACC][SECTOR_MISS] = 0
	Total_core_cache_stats_breakdown[L1_WRBK_ACC][MSHR_HIT] = 0
	Total_core_cache_stats_breakdown[L1_WRBK_ACC][WRITE_ALLOCATED] = 0
	Total_core_cache_stats_breakdown[L2_WRBK_ACC][HIT] = 0
	Total_core_cache_stats_breakdown[L2_WRBK_ACC][HIT_RESERVED] = 0
	Total_core_cache_stats_breakdown[L2_WRBK_ACC][MISS] = 0
	Total_core_cache_stats_breakdown[L2_WRBK_ACC][RESERVATION_FAIL] = 0
	Total_core_cache_stats_breakdown[L2_WRBK_ACC][SECTOR_MISS] = 0
	Total_core_cache_stats_breakdown[L2_WRBK_ACC][MSHR_HIT] = 0
	Total_core_cache_stats_breakdown[L2_WRBK_ACC][WRITE_ALLOCATED] = 0
	Total_core_cache_stats_breakdown[INST_ACC_R][HIT] = 0
	Total_core_cache_stats_breakdown[INST_ACC_R][HIT_RESERVED] = 0
	Total_core_cache_stats_breakdown[INST_ACC_R][MISS] = 0
	Total_core_cache_stats_breakdown[INST_ACC_R][RESERVATION_FAIL] = 0
	Total_core_cache_stats_breakdown[INST_ACC_R][SECTOR_MISS] = 0
	Total_core_cache_stats_breakdown[INST_ACC_R][MSHR_HIT] = 0
	Total_core_cache_stats_breakdown[INST_ACC_R][WRITE_ALLOCATED] = 0
	Total_core_cache_stats_breakdown[L1_WR_ALLOC_R][HIT] = 0
	Total_core_cache_stats_breakdown[L1_WR_ALLOC_R][HIT_RESERVED] = 0
	Total_core_cache_stats_breakdown[L1_WR_ALLOC_R][MISS] = 0
	Total_core_cache_stats_breakdown[L1_WR_ALLOC_R][RESERVATION_FAIL] = 0
	Total_core_cache_stats_breakdown[L1_WR_ALLOC_R][SECTOR_MISS] = 0
	Total_core_cache_stats_breakdown[L1_WR_ALLOC_R][MSHR_HIT] = 0
	Total_core_cache_stats_breakdown[L1_WR_ALLOC_R][WRITE_ALLOCATED] = 0
	Total_core_cache_stats_breakdown[L2_WR_ALLOC_R][HIT] = 0
	Total_core_cache_stats_breakdown[L2_WR_ALLOC_R][HIT_RESERVED] = 0
	Total_core_cache_stats_breakdown[L2_WR_ALLOC_R][MISS] = 0
	Total_core_cache_stats_breakdown[L2_WR_ALLOC_R][RESERVATION_FAIL] = 0
	Total_core_cache_stats_breakdown[L2_WR_ALLOC_R][SECTOR_MISS] = 0
	Total_core_cache_stats_breakdown[L2_WR_ALLOC_R][MSHR_HIT] = 0
	Total_core_cache_stats_breakdown[L2_WR_ALLOC_R][WRITE_ALLOCATED] = 0
	Total_core_cache_stats_breakdown[GLOBAL_ACC_R][TOTAL_ACCESS] = 48
	Total_core_cache_stats_breakdown[GLOBAL_ACC_W][TOTAL_ACCESS] = 48

Total_core_cache_fail_stats:
ctas_completed 3, Shader 0 warp_id issue ditsribution:
warp_id:
0, 1, 2, 3, 
distro:
932, 911, 896, 896, 
MBARRIER_TRYWAIT,2,0,165490,165690,165890,166090,166290,166490,170101,170301,170501,170701,170901,171101,174711,174911,175111,175311,175511,175711,179322,179522,179722,179922,180122,180322,183933,184133,184333,184533,184733,184933,188543,188743,188943,189143,189343,189543,193154,193354,193554,193754,193954,194154,197765,197965,198165,198365,198565,198765,202662,202862,203062,203262,203462,203662,207273,207473,207673,207873,208073,208273,211883,212083,212283,212483,212683,212883,216494,216694,216894,217094,217294,217494,221105,221305,221505,221705,221905,222105,225715,225915,226115,226315,226515,226715,230326,230526,230726,230926,231126,231326,234937,235137,235337,235537,235737,235937,239833,240033,240233,240433,240633,240833,244443,244643,244843,245043,245243,245443,249054,249254,249454,249654,249854,250054,253665,253865,254065,254265,254465,254665,258275,258475,258675,258875,259075,259275,262886,263086,263286,263486,263686,263886,267497,267697,267897,268097,268297,268497,272107,272307,272507,272707,272907,273107,277003,277203,277403,277603,277803,278003,281611,281811,282011,282211,282411,282611,286222,286422,286622,286822,287022,287222,290833,291033,291233,291433,291633,291833,295443,295643,295843,296043,296243,296443,300054,300254,300454,300654,300854,301054,304665,304865,305065,305265,305465,305665,309275,309475,309675,309875,310075,310275,314171,314371,314571,314771,314971,315171,318779,318979,319179,319379,319579,319779,323390,323590,323790,323990,324190,324390,328001,328201,328401,328601,328801,329001,332611,332811,333011,333211,333411,333611,337222,337422,337622,337822,338022,338222,341833,342033,342233,342433,342633,342833,346443,346643,346843,347043,347243,347443,351339,351539,351739,351939,352139,352339,355950,356150,356350,356550,356750,356950,360561,360761,360961,361161,361361,361561,365171,365371,365571,365771,365971,366171,369782,369982,370182,370382,370582,370782,374393,374593,374793,374993,375193,375393,379003,379203,379403,379603,379803,380003,383614,383814,384014,384214,384414,384614,388510,388710,388910,389110,389310,389510,393121,393321,393521,393721,393921,394121,397731,397931,398131,398331,398531,398731,402342,402542,402742,402942,403142,403342,406953,407153,407353,407553,407753,407953,411563,411763,411963,412163,412363,412563,416174,416374,416574,416774,416974,417174,420785,420985,421185,421385,421585,421785,425681,425881,426081,426281,426481,426681,430291,430491,430691,430891,431091,431291,434902,435102,435302,435502,435702,435902,439513,439713,439913,440113,440313,440513,444123,444323,444523,444723,444923,445123,448734,448934,449134,449334,449534,449734,453345,453545,453745,453945,454145,454345,457955,458155,458355,458555,458755,458955
MBARRIER_TRYWAIT,2,1,165305,165505,165705,165905,166105,166305,166505,169917,170117,170317,170517,170717,170917,171117,174528,174728,174928,175128,175328,175528,175728,179138,179338,179538,179738,179938,180138,180338,183749,183949,184149,184349,184549,184749,184949,188360,188560,188760,188960,189160,189360,189560,192970,193170,193370,193570,193770,193970,194170,197581,197781,197981,198181,198381,198581,198781,202478,202678,202878,203078,203278,203478,203678,207089,207289,207489,207689,207889,208089,208289,211700,211900,212100,212300,212500,212700,212900,216310,216510,216710,216910,217110,217310,217510,220921,221121,221321,221521,221721,221921,222121,225532,225732,225932,226132,226332,226532,226732,230142,230342,230542,230742,230942,231142,231342,234753,234953,235153,235353,235553,235753,235953,239649,239849,240049,240249,240449,240649,240849,244260,244460,244660,244860,245060,245260,245460,248870,249070,249270,249470,249670,249870,250070,253481,253681,253881,254081,254281,254481,254681,258092,258292,258492,258692,258892,259092,259292,262702,262902,263102,263302,263502,263702,263902,267313,267513,267713,267913,268113,268313,268513,271924,272124,272324,272524,272724,272924,273124,276819,277019,277219,277419,277619,277819,278019,281428,281628,281828,282028,282228,282428,282628,286038,286238,286438,286638,286838,287038,287238,290649,290849,291049,291249,291449,291649,291849,295260,295460,295660,295860,296060,296260,296460,299870,300070,300270,300470,300670,300870,301070,304481,304681,304881,305081,305281,305481,305681,309092,309292,309492,309692,309892,310092,310292,313987,314187,314387,314587,314787,314987,315187,318596,318796,318996,319196,319396,319596,319796,323206,323406,323606,323806,324006,324206,324406,327817,328017,328217,328417,328617,328817,329017,332428,332628,332828,333028,333228,333428,333628,337038,337238,337438,337638,337838,338038,338238,341649,341849,342049,342249,342449,342649,342849,346260,346460,346660,346860,347060,347260,347460,351156,351356,351556,351756,351956,352156,352356,355766,355966,356166,356366,356566,356766,356966,360377,360577,360777,360977,361177,361377,361577,364988,365188,365388,365588,365788,365988,366188,369598,369798,369998,370198,370398,370598,370798,374209,374409,374609,374809,375009,375209,375409,378820,379020,379220,379420,379620,379820,380020,383430,383630,383830,384030,384230,384430,384630,388326,388526,388726,388926,389126,389326,389526,392937,393137,393337,393537,393737,393937,394137,397548,397748,397948,398148,398348,398548,398748,402158,402358,402558,402758,402958,403158,403358,406769,406969,407169,407369,407569,407769,407969,411380,411580,411780,411980,412180,412380,412580,415990,416190,416390,416590,416790,416990,417190,420601,420801,421001,421201,421401,421601,421801,425497,425697,425897,426097,426297,426497,426697,430108,430308,430508,430708,430908,431108,431308,434718,434918,435118,435318,435518,435718,435918,439329,439529,439729,439929,440129,440329,440529,443940,444140,444340,444540,444740,444940,445140,448550,448750,448950,449150,449350,449550,449750,453161,453361,453561,453761,453961,454161,454361,457772,457972,458172,458372,458572,458772,458972
MBARRIER_TRYWAIT,2,2,165301,165501,165701,165901,166101,166301,166501,169913,170113,170313,170513,170713,170913,171113,174523,174723,174923,175123,175323,175523,175723,179133,179333,179533,179733,179933,180133,180333,183745,183945,184145,184345,184545,184745,184945,188355,188555,188755,188955,189155,189355,189555,192965,193165,193365,193565,193765,193965,194165,197577,197777,197977,198177,198377,198577,198777,202473,202673,202873,203073,203273,203473,203673,207085,207285,207485,207685,207885,208085,208285,211695,211895,212095,212295,212495,212695,212895,216305,216505,216705,216905,217105,217305,217505,220917,221117,221317,221517,221717,221917,222117,225527,225727,225927,226127,226327,226527,226727,230137,230337,230537,230737,230937,231137,231337,234749,234949,235149,235349,235549,235749,235949,239645,239845,240045,240245,240445,240645,240845,244255,244455,244655,244855,245055,245255,245455,248865,249065,249265,249465,249665,249865,250065,253477,253677,253877,254077,254277,254477,254677,258087,258287,258487,258687,258887,259087,259287,262697,262897,263097,263297,263497,263697,263897,267309,267509,267709,267909,268109,268309,268509,271919,272119,272319,272519,272719,272919,273119,276814,277014,277214,277414,277614,277814,278014,281423,281623,281823,282023,282223,282423,282623,286033,286233,286433,286633,286833,287033,287233,290645,290845,291045,291245,291445,291645,291845,295255,295455,295655,295855,296055,296255,296455,299865,300065,300265,300465,300665,300865,301065,304477,304677,304877,305077,305277,305477,305677,309087,309287,309487,309687,309887,310087,310287,313982,314182,314382,314582,314782,314982,315182,318591,318791,318991,319191,319391,319591,319791,323201,323401,323601,323801,324001,324201,324401,327813,328013,328213,328413,328613,328813,329013,332423,332623,332823,333023,333223,333423,333623,337033,337233,337433,337633,337833,338033,338233,341645,341845,342045,342245,342445,342645,342845,346255,346455,346655,346855,347055,347255,347455,351151,351351,351551,351751,351951,352151,352351,355761,355961,356161,356361,356561,356761,356961,360373,360573,360773,360973,361173,361373,361573,364983,365183,365383,365583,365783,365983,366183,369593,369793,369993,370193,370393,370593,370793,374205,374405,374605,374805,375005,375205,375405,378815,379015,379215,379415,379615,379815,380015,383425,383625,383825,384025,384225,384425,384625,388321,388521,388721,388921,389121,389321,389521,392933,393133,393333,393533,393733,393933,394133,397543,397743,397943,398143,398343,398543,398743,402153,402353,402553,402753,402953,403153,403353,406765,406965,407165,407365,407565,407765,407965,411375,411575,411775,411975,412175,412375,412575,415985,416185,416385,416585,416785,416985,417185,420597,420797,420997,421197,421397,421597,421797,425493,425693,425893,426093,426293,426493,426693,430103,430303,430503,430703,430903,431103,431303,434713,434913,435113,435313,435513,435713,435913,439325,439525,439725,439925,440125,440325,440525,443935,444135,444335,444535,444735,444935,445135,448545,448745,448945,449145,449345,449545,449745,453157,453357,453557,453757,453957,454157,454357,457767,457967,458167,458367,458567,458767,458967
MBARRIER_TRYWAIT,2,3,165302,165502,165702,165902,166102,166302,166502,169913,170113,170313,170513,170713,170913,171113,174523,174723,174923,175123,175323,175523,175723,179134,179334,179534,179734,179934,180134,180334,183745,183945,184145,184345,184545,184745,184945,188355,188555,188755,188955,189155,189355,189555,192966,193166,193366,193566,193766,193966,194166,197577,197777,197977,198177,198377,198577,198777,202474,202674,202874,203074,203274,203474,203674,207085,207285,207485,207685,207885,208085,208285,211695,211895,212095,212295,212495,212695,212895,216306,216506,216706,216906,217106,217306,217506,220917,221117,221317,221517,221717,221917,222117,225527,225727,225927,226127,226327,226527,226727,230138,230338,230538,230738,230938,231138,231338,234749,234949,235149,235349,235549,235749,235949,239645,239845,240045,240245,240445,240645,240845,244255,244455,244655,244855,245055,245255,245455,248866,249066,249266,249466,249666,249866,250066,253477,253677,253877,254077,254277,254477,254677,258087,258287,258487,258687,258887,259087,259287,262698,262898,263098,263298,263498,263698,263898,267309,267509,267709,267909,268109,268309,268509,271919,272119,272319,272519,272719,272919,273119,276814,277014,277214,277414,277614,277814,278014,281423,281623,281823,282023,282223,282423,282623,286034,286234,286434,286634,286834,287034,287234,290645,290845,291045,291245,291445,291645,291845,295255,295455,295655,295855,296055,296255,296455,299866,300066,300266,300466,300666,300866,301066,304477,304677,304877,305077,305277,305477,305677,309087,309287,309487,309687,309887,310087,310287,313982,314182,314382,314582,314782,314982,315182,318591,318791,318991,319191,319391,319591,319791,323202,323402,323602,323802,324002,324202,324402,327813,328013,328213,328413,328613,328813,329013,332423,332623,332823,333023,333223,333423,333623,337034,337234,337434,337634,337834,338034,338234,341645,341845,342045,342245,342445,342645,342845,346255,346455,346655,346855,347055,347255,347455,351151,351351,351551,351751,351951,352151,352351,355762,355962,356162,356362,356562,356762,356962,360373,360573,360773,360973,361173,361373,361573,364983,365183,365383,365583,365783,365983,366183,369594,369794,369994,370194,370394,370594,370794,374205,374405,374605,374805,375005,375205,375405,378815,379015,379215,379415,379615,379815,380015,383426,383626,383826,384026,384226,384426,384626,388322,388522,388722,388922,389122,389322,389522,392933,393133,393333,393533,393733,393933,394133,397543,397743,397943,398143,398343,398543,398743,402154,402354,402554,402754,402954,403154,403354,406765,406965,407165,407365,407565,407765,407965,411375,411575,411775,411975,412175,412375,412575,415986,416186,416386,416586,416786,416986,417186,420597,420797,420997,421197,421397,421597,421797,425493,425693,425893,426093,426293,426493,426693,430103,430303,430503,430703,430903,431103,431303,434714,434914,435114,435314,435514,435714,435914,439325,439525,439725,439925,440125,440325,440525,443935,444135,444335,444535,444735,444935,445135,448546,448746,448946,449146,449346,449546,449746,453157,453357,453557,453757,453957,454157,454357,457767,457967,458167,458367,458567,458767,458967
gpgpu_n_tot_thrd_icount = 10045864
gpgpu_n_tot_w_icount = 327403
gpgpu_n_stall_shd_mem = 37346
gpgpu_n_mem_read_local = 0
gpgpu_n_mem_write_local = 0
gpgpu_n_mem_read_global = 50100
gpgpu_n_mem_write_global = 50488
gpgpu_n_mem_texture = 0
gpgpu_n_mem_const = 0
gpgpu_n_load_insn  = 869
gpgpu_n_store_insn = 481
gpgpu_n_shmem_insn = 822753
gpgpu_n_sstarr_insn = 0
gpgpu_n_tex_insn = 0
gpgpu_n_const_mem_insn = 0
gpgpu_n_param_mem_insn = 0
gpgpu_n_shmem_bkconflict = 0
gpgpu_n_l1cache_bkconflict = 0
gpgpu_n_intrawarp_mshr_merge = 0
gpgpu_n_cmem_portconflict = 0
gpgpu_stall_shd_mem[c_mem][resource_stall] = 0
gpgpu_stall_shd_mem[s_mem][bk_conf] = 0
gpgpu_stall_shd_mem[gl_mem][resource_stall] = 0
gpgpu_stall_shd_mem[gl_mem][coal_stall] = 12513
gpgpu_stall_shd_mem[gl_mem][data_port_stall] = 0
gpu_reg_bank_conflict_stalls = 0
Warp Occupancy Distribution:
Stall:61933	W0_Idle:645836	W0_Scoreboard:787412	W1:4562	W2:0	W3:0	W4:0	W5:0	W6:0	W7:0	W8:0	W9:0	W10:0	W11:0	W12:0	W13:0	W14:0	W15:0	W16:0	W17:0	W18:0	W19:0	W20:0	W21:0	W22:0	W23:0	W24:0	W25:0	W26:0	W27:0	W28:0	W29:0	W30:0	W31:970	W32:312851
single_issue_nums: WS0:84106	WS1:82069	WS2:80614	WS3:80614	
dual_issue_nums: WS0:0	WS1:0	WS2:0	WS3:0	
traffic_breakdown_coretomem[GLOBAL_ACC_R] = 397696 {8:49712,}
traffic_breakdown_coretomem[GLOBAL_ACC_W] = 2019520 {40:50488,}
traffic_breakdown_coretomem[GLOBAL_ATOMIC] = 15520 {40:388,}
traffic_breakdown_memtocore[CHIPLET_ACC_R] = 993280 {40:24832,}
traffic_breakdown_memtocore[GLOBAL_ACC_R] = 995200 {40:24880,}
traffic_breakdown_memtocore[GLOBAL_ACC_W] = 403904 {8:50488,}
traffic_breakdown_memtocore[GLOBAL_ATOMIC] = 15520 {40:388,}
maxmflatency = 864 
max_icnt2mem_latency = 131 
maxmrqlatency = 0 
max_icnt2sh_latency = 6 
averagemflatency = 531 
avg_icnt2mem_latency = 98 
avg_icnt2sh_latency = 3 
mrq_lat_table:0 	0 	0 	0 	0 	0 	0 	0 	0 	0 	0 	0 	0 	0 	0 	0 	0 	0 	0 	0 	0 	0 	0 	0 	0 	0 	0 	0 	0 	0 	0 	0 	
dq_lat_table:0 	0 	0 	0 	0 	0 	0 	0 	0 	0 	0 	0 	0 	0 	0 	0 	0 	0 	0 	0 	0 	0 	0 	0 	0 	0 	0 	0 	0 	0 	0 	0 	
mf_lat_table:0 	0 	0 	0 	0 	0 	0 	4604 	46264 	49720 	0 	0 	0 	0 	0 	0 	0 	0 	0 	0 	0 	0 	0 	0 	0 	0 	0 	0 	0 	0 	0 	0 	
icnt2mem_lat_table:0 	485 	1455 	3104 	6208 	12512 	24832 	51992 	0 	0 	0 	0 	0 	0 	0 	0 	0 	0 	0 	0 	0 	0 	0 	0 	
icnt2sh_lat_table:0 	71295 	29293 	0 	0 	0 	0 	0 	0 	0 	0 	0 	0 	0 	0 	0 	0 	0 	0 	0 	0 	0 	0 	0 	
mf_lat_pw_table:0 	0 	0 	0 	0 	0 	0 	94 	121 	182 	0 	0 	0 	0 	0 	0 	0 	0 	0 	0 	0 	0 	0 	0 	0 	0 	0 	0 	0 	0 	0 	0 	
maximum concurrent accesses to same row:
dram[0]:         0         0         0         0         0         0         0         0         0         0         0         0         0         0         0         0 
dram[1]:         0         0         0         0         0         0         0         0         0         0         0         0         0         0         0         0 
dram[2]:         0         0         0         0         0         0         0         0         0         0         0         0         0         0         0         0 
dram[3]:         0         0         0         0         0         0         0         0         0         0         0         0         0         0         0         0 
dram[4]:         0         0         0         0         0         0         0         0         0         0         0         0         0         0         0         0 
dram[5]:         0         0         0         0         0         0         0         0         0         0         0         0         0         0         0         0 
dram[6]:         0         0         0         0         0         0         0         0         0         0         0         0         0         0         0         0 
dram[7]:         0         0         0         0         0         0         0         0         0         0         0         0         0         0         0         0 
dram[8]:         0         0         0         0         0         0         0         0         0         0         0         0         0         0         0         0 
dram[9]:         0         0         0         0         0         0         0         0         0         0         0         0         0         0         0         0 
dram[10]:         0         0         0         0         0         0         0         0         0         0         0         0         0         0         0         0 
dram[11]:         0         0         0         0         0         0         0         0         0         0         0         0         0         0         0         0 
dram[12]:         0         0         0         0         0         0         0         0         0         0         0         0         0         0         0         0 
dram[13]:         0         0         0         0         0         0         0         0         0         0         0         0         0         0         0         0 
dram[14]:         0         0         0         0         0         0         0         0         0         0         0         0         0         0         0         0 
dram[15]:         0         0         0         0         0         0         0         0         0         0         0         0         0         0         0         0 
dram[16]:         0         0         0         0         0         0         0         0         0         0         0         0         0         0         0         0 
dram[17]:         0         0         0         0         0         0         0         0         0         0         0         0         0         0         0         0 
dram[18]:         0         0         0         0         0         0         0         0         0         0         0         0         0         0         0         0 
dram[19]:         0         0         0         0         0         0         0         0         0         0         0         0         0         0         0         0 
dram[20]:         0         0         0         0         0         0         0         0         0         0         0         0         0         0         0         0 
dram[21]:         0         0         0         0         0         0         0         0         0         0         0         0         0         0         0         0 
dram[22]:         0         0         0         0         0         0         0         0         0         0         0         0         0         0         0         0 
dram[23]:         0         0         0         0         0         0         0         0         0         0         0         0         0         0         0         0 
dram[24]:         0         0         0         0         0         0         0         0         0         0         0         0         0         0         0         0 
dram[25]:         0         0         0         0         0         0         0         0         0         0         0         0         0         0         0         0 
dram[26]:         0         0         0         0         0         0         0         0         0         0         0         0         0         0         0         0 
dram[27]:         0         0         0         0         0         0         0         0         0         0         0         0         0         0         0         0 
dram[28]:         0         0         0         0         0         0         0         0         0         0         0         0         0         0         0         0 
dram[29]:         0         0         0         0         0         0         0         0         0         0         0         0         0         0         0         0 
dram[30]:         0         0         0         0         0         0         0         0         0         0         0         0         0         0         0         0 
dram[31]:         0         0         0         0         0         0         0         0         0         0         0         0         0         0         0         0 
dram[32]:         0         0         0         0         0         0         0         0         0         0         0         0         0         0         0         0 
dram[33]:         0         0         0         0         0         0         0         0         0         0         0         0         0         0         0         0 
dram[34]:         0         0         0         0         0         0         0         0         0         0         0         0         0         0         0         0 
dram[35]:         0         0         0         0         0         0         0         0         0         0         0         0         0         0         0         0 
dram[36]:         0         0         0         0         0         0         0         0         0         0         0         0         0         0         0         0 
dram[37]:         0         0         0         0         0         0         0         0         0         0         0         0         0         0         0         0 
dram[38]:         0         0         0         0         0         0         0         0         0         0         0         0         0         0         0         0 
dram[39]:         0         0         0         0         0         0         0         0         0         0         0         0         0         0         0         0 
maximum service time to same row:
dram[0]:         0         0         0         0         0         0         0         0         0         0         0         0         0         0         0         0 
dram[1]:         0         0         0         0         0         0         0         0         0         0         0         0         0         0         0         0 
dram[2]:         0         0         0         0         0         0         0         0         0         0         0         0         0         0         0         0 
dram[3]:         0         0         0         0         0         0         0         0         0         0         0         0         0         0         0         0 
dram[4]:         0         0         0         0         0         0         0         0         0         0         0         0         0         0         0         0 
dram[5]:         0         0         0         0         0         0         0         0         0         0         0         0         0         0         0         0 
dram[6]:         0         0         0         0         0         0         0         0         0         0         0         0         0         0         0         0 
dram[7]:         0         0         0         0         0         0         0         0         0         0         0         0         0         0         0         0 
dram[8]:         0         0         0         0         0         0         0         0         0         0         0         0         0         0         0         0 
dram[9]:         0         0         0         0         0         0         0         0         0         0         0         0         0         0         0         0 
dram[10]:         0         0         0         0         0         0         0         0         0         0         0         0         0         0         0         0 
dram[11]:         0         0         0         0         0         0         0         0         0         0         0         0         0         0         0         0 
dram[12]:         0         0         0         0         0         0         0         0         0         0         0         0         0         0         0         0 
dram[13]:         0         0         0         0         0         0         0         0         0         0         0         0         0         0         0         0 
dram[14]:         0         0         0         0         0         0         0         0         0         0         0         0         0         0         0         0 
dram[15]:         0         0         0         0         0         0         0         0         0         0         0         0         0         0         0         0 
dram[16]:         0         0         0         0         0         0         0         0         0         0         0         0         0         0         0         0 
dram[17]:         0         0         0         0         0         0         0         0         0         0         0         0         0         0         0         0 
dram[18]:         0         0         0         0         0         0         0         0         0         0         0         0         0         0         0         0 
dram[19]:         0         0         0         0         0         0         0         0         0         0         0         0         0         0         0         0 
dram[20]:         0         0         0         0         0         0         0         0         0         0         0         0         0         0         0         0 
dram[21]:         0         0         0         0         0         0         0         0         0         0         0         0         0         0         0         0 
dram[22]:         0         0         0         0         0         0         0         0         0         0         0         0         0         0         0         0 
dram[23]:         0         0         0         0         0         0         0         0         0         0         0         0         0         0         0         0 
dram[24]:         0         0         0         0         0         0         0         0         0         0         0         0         0         0         0         0 
dram[25]:         0         0         0         0         0         0         0         0         0         0         0         0         0         0         0         0 
dram[26]:         0         0         0         0         0         0         0         0         0         0         0         0         0         0         0         0 
dram[27]:         0         0         0         0         0         0         0         0         0         0         0         0         0         0         0         0 
dram[28]:         0         0         0         0         0         0         0         0         0         0         0         0         0         0         0         0 
dram[29]:         0         0         0         0         0         0         0         0         0         0         0         0         0         0         0         0 
dram[30]:         0         0         0         0         0         0         0         0         0         0         0         0         0         0         0         0 
dram[31]:         0         0         0         0         0         0         0         0         0         0         0         0         0         0         0         0 
dram[32]:         0         0         0         0         0         0         0         0         0         0         0         0         0         0         0         0 
dram[33]:         0         0         0         0         0         0         0         0         0         0         0         0         0         0         0         0 
dram[34]:         0         0         0         0         0         0         0         0         0         0         0         0         0         0         0         0 
dram[35]:         0         0         0         0         0         0         0         0         0         0         0         0         0         0         0         0 
dram[36]:         0         0         0         0         0         0         0         0         0         0         0         0         0         0         0         0 
dram[37]:         0         0         0         0         0         0         0         0         0         0         0         0         0         0         0         0 
dram[38]:         0         0         0         0         0         0         0         0         0         0         0         0         0         0         0         0 
dram[39]:         0         0         0         0         0         0         0         0         0         0         0         0         0         0         0         0 
average row accesses per activate:
dram[0]:      -nan      -nan      -nan      -nan      -nan      -nan      -nan      -nan      -nan      -nan      -nan      -nan      -nan      -nan      -nan      -nan 
dram[1]:      -nan      -nan      -nan      -nan      -nan      -nan      -nan      -nan      -nan      -nan      -nan      -nan      -nan      -nan      -nan      -nan 
dram[2]:      -nan      -nan      -nan      -nan      -nan      -nan      -nan      -nan      -nan      -nan      -nan      -nan      -nan      -nan      -nan      -nan 
dram[3]:      -nan      -nan      -nan      -nan      -nan      -nan      -nan      -nan      -nan      -nan      -nan      -nan      -nan      -nan      -nan      -nan 
dram[4]:      -nan      -nan      -nan      -nan      -nan      -nan      -nan      -nan      -nan      -nan      -nan      -nan      -nan      -nan      -nan      -nan 
dram[5]:      -nan      -nan      -nan      -nan      -nan      -nan      -nan      -nan      -nan      -nan      -nan      -nan      -nan      -nan      -nan      -nan 
dram[6]:      -nan      -nan      -nan      -nan      -nan      -nan      -nan      -nan      -nan      -nan      -nan      -nan      -nan      -nan      -nan      -nan 
dram[7]:      -nan      -nan      -nan      -nan      -nan      -nan      -nan      -nan      -nan      -nan      -nan      -nan      -nan      -nan      -nan      -nan 
dram[8]:      -nan      -nan      -nan      -nan      -nan      -nan      -nan      -nan      -nan      -nan      -nan      -nan      -nan      -nan      -nan      -nan 
dram[9]:      -nan      -nan      -nan      -nan      -nan      -nan      -nan      -nan      -nan      -nan      -nan      -nan      -nan      -nan      -nan      -nan 
dram[10]:      -nan      -nan      -nan      -nan      -nan      -nan      -nan      -nan      -nan      -nan      -nan      -nan      -nan      -nan      -nan      -nan 
dram[11]:      -nan      -nan      -nan      -nan      -nan      -nan      -nan      -nan      -nan      -nan      -nan      -nan      -nan      -nan      -nan      -nan 
dram[12]:      -nan      -nan      -nan      -nan      -nan      -nan      -nan      -nan      -nan      -nan      -nan      -nan      -nan      -nan      -nan      -nan 
dram[13]:      -nan      -nan      -nan      -nan      -nan      -nan      -nan      -nan      -nan      -nan      -nan      -nan      -nan      -nan      -nan      -nan 
dram[14]:      -nan      -nan      -nan      -nan      -nan      -nan      -nan      -nan      -nan      -nan      -nan      -nan      -nan      -nan      -nan      -nan 
dram[15]:      -nan      -nan      -nan      -nan      -nan      -nan      -nan      -nan      -nan      -nan      -nan      -nan      -nan      -nan      -nan      -nan 
dram[16]:      -nan      -nan      -nan      -nan      -nan      -nan      -nan      -nan      -nan      -nan      -nan      -nan      -nan      -nan      -nan      -nan 
dram[17]:      -nan      -nan      -nan      -nan      -nan      -nan      -nan      -nan      -nan      -nan      -nan      -nan      -nan      -nan      -nan      -nan 
dram[18]:      -nan      -nan      -nan      -nan      -nan      -nan      -nan      -nan      -nan      -nan      -nan      -nan      -nan      -nan      -nan      -nan 
dram[19]:      -nan      -nan      -nan      -nan      -nan      -nan      -nan      -nan      -nan      -nan      -nan      -nan      -nan      -nan      -nan      -nan 
dram[20]:      -nan      -nan      -nan      -nan      -nan      -nan      -nan      -nan      -nan      -nan      -nan      -nan      -nan      -nan      -nan      -nan 
dram[21]:      -nan      -nan      -nan      -nan      -nan      -nan      -nan      -nan      -nan      -nan      -nan      -nan      -nan      -nan      -nan      -nan 
dram[22]:      -nan      -nan      -nan      -nan      -nan      -nan      -nan      -nan      -nan      -nan      -nan      -nan      -nan      -nan      -nan      -nan 
dram[23]:      -nan      -nan      -nan      -nan      -nan      -nan      -nan      -nan      -nan      -nan      -nan      -nan      -nan      -nan      -nan      -nan 
dram[24]:      -nan      -nan      -nan      -nan      -nan      -nan      -nan      -nan      -nan      -nan      -nan      -nan      -nan      -nan      -nan      -nan 
dram[25]:      -nan      -nan      -nan      -nan      -nan      -nan      -nan      -nan      -nan      -nan      -nan      -nan      -nan      -nan      -nan      -nan 
dram[26]:      -nan      -nan      -nan      -nan      -nan      -nan      -nan      -nan      -nan      -nan      -nan      -nan      -nan      -nan      -nan      -nan 
dram[27]:      -nan      -nan      -nan      -nan      -nan      -nan      -nan      -nan      -nan      -nan      -nan      -nan      -nan      -nan      -nan      -nan 
dram[28]:      -nan      -nan      -nan      -nan      -nan      -nan      -nan      -nan      -nan      -nan      -nan      -nan      -nan      -nan      -nan      -nan 
dram[29]:      -nan      -nan      -nan      -nan      -nan      -nan      -nan      -nan      -nan      -nan      -nan      -nan      -nan      -nan      -nan      -nan 
dram[30]:      -nan      -nan      -nan      -nan      -nan      -nan      -nan      -nan      -nan      -nan      -nan      -nan      -nan      -nan      -nan      -nan 
dram[31]:      -nan      -nan      -nan      -nan      -nan      -nan      -nan      -nan      -nan      -nan      -nan      -nan      -nan      -nan      -nan      -nan 
dram[32]:      -nan      -nan      -nan      -nan      -nan      -nan      -nan      -nan      -nan      -nan      -nan      -nan      -nan      -nan      -nan      -nan 
dram[33]:      -nan      -nan      -nan      -nan      -nan      -nan      -nan      -nan      -nan      -nan      -nan      -nan      -nan      -nan      -nan      -nan 
dram[34]:      -nan      -nan      -nan      -nan      -nan      -nan      -nan      -nan      -nan      -nan      -nan      -nan      -nan      -nan      -nan      -nan 
dram[35]:      -nan      -nan      -nan      -nan      -nan      -nan      -nan      -nan      -nan      -nan      -nan      -nan      -nan      -nan      -nan      -nan 
dram[36]:      -nan      -nan      -nan      -nan      -nan      -nan      -nan      -nan      -nan      -nan      -nan      -nan      -nan      -nan      -nan      -nan 
dram[37]:      -nan      -nan      -nan      -nan      -nan      -nan      -nan      -nan      -nan      -nan      -nan      -nan      -nan      -nan      -nan      -nan 
dram[38]:      -nan      -nan      -nan      -nan      -nan      -nan      -nan      -nan      -nan      -nan      -nan      -nan      -nan      -nan      -nan      -nan 
dram[39]:      -nan      -nan      -nan      -nan      -nan      -nan      -nan      -nan      -nan      -nan      -nan      -nan      -nan      -nan      -nan      -nan 
average row locality = 0/0 = -nan
number of total memory accesses made:
dram[0]:         0         0         0         0         0         0         0         0         0         0         0         0         0         0         0         0 
dram[1]:         0         0         0         0         0         0         0         0         0         0         0         0         0         0         0         0 
dram[2]:         0         0         0         0         0         0         0         0         0         0         0         0         0         0         0         0 
dram[3]:         0         0         0         0         0         0         0         0         0         0         0         0         0         0         0         0 
dram[4]:         0         0         0         0         0         0         0         0         0         0         0         0         0         0         0         0 
dram[5]:         0         0         0         0         0         0         0         0         0         0         0         0         0         0         0         0 
dram[6]:         0         0         0         0         0         0         0         0         0         0         0         0         0         0         0         0 
dram[7]:         0         0         0         0         0         0         0         0         0         0         0         0         0         0         0         0 
dram[8]:         0         0         0         0         0         0         0         0         0         0         0         0         0         0         0         0 
dram[9]:         0         0         0         0         0         0         0         0         0         0         0         0         0         0         0         0 
dram[10]:         0         0         0         0         0         0         0         0         0         0         0         0         0         0         0         0 
dram[11]:         0         0         0         0         0         0         0         0         0         0         0         0         0         0         0         0 
dram[12]:         0         0         0         0         0         0         0         0         0         0         0         0         0         0         0         0 
dram[13]:         0         0         0         0         0         0         0         0         0         0         0         0         0         0         0         0 
dram[14]:         0         0         0         0         0         0         0         0         0         0         0         0         0         0         0         0 
dram[15]:         0         0         0         0         0         0         0         0         0         0         0         0         0         0         0         0 
dram[16]:         0         0         0         0         0         0         0         0         0         0         0         0         0         0         0         0 
dram[17]:         0         0         0         0         0         0         0         0         0         0         0         0         0         0         0         0 
dram[18]:         0         0         0         0         0         0         0         0         0         0         0         0         0         0         0         0 
dram[19]:         0         0         0         0         0         0         0         0         0         0         0         0         0         0         0         0 
dram[20]:         0         0         0         0         0         0         0         0         0         0         0         0         0         0         0         0 
dram[21]:         0         0         0         0         0         0         0         0         0         0         0         0         0         0         0         0 
dram[22]:         0         0         0         0         0         0         0         0         0         0         0         0         0         0         0         0 
dram[23]:         0         0         0         0         0         0         0         0         0         0         0         0         0         0         0         0 
dram[24]:         0         0         0         0         0         0         0         0         0         0         0         0         0         0         0         0 
dram[25]:         0         0         0         0         0         0         0         0         0         0         0         0         0         0         0         0 
dram[26]:         0         0         0         0         0         0         0         0         0         0         0         0         0         0         0         0 
dram[27]:         0         0         0         0         0         0         0         0         0         0         0         0         0         0         0         0 
dram[28]:         0         0         0         0         0         0         0         0         0         0         0         0         0         0         0         0 
dram[29]:         0         0         0         0         0         0         0         0         0         0         0         0         0         0         0         0 
dram[30]:         0         0         0         0         0         0         0         0         0         0         0         0         0         0         0         0 
dram[31]:         0         0         0         0         0         0         0         0         0         0         0         0         0         0         0         0 
dram[32]:         0         0         0         0         0         0         0         0         0         0         0         0         0         0         0         0 
dram[33]:         0         0         0         0         0         0         0         0         0         0         0         0         0         0         0         0 
dram[34]:         0         0         0         0         0         0         0         0         0         0         0         0         0         0         0         0 
dram[35]:         0         0         0         0         0         0         0         0         0         0         0         0         0         0         0         0 
dram[36]:         0         0         0         0         0         0         0         0         0         0         0         0         0         0         0         0 
dram[37]:         0         0         0         0         0         0         0         0         0         0         0         0         0         0         0         0 
dram[38]:         0         0         0         0         0         0         0         0         0         0         0         0         0         0         0         0 
dram[39]:         0         0         0         0         0         0         0         0         0         0         0         0         0         0         0         0 
total accesses: 0
min_bank_accesses = 0!
min_chip_accesses = 0!
number of total read accesses:
dram[0]:        72        72        84        84       128       128        88        88        72        72        60        56        68        72        56        56 
dram[1]:        68        68        84        84       128       128        84        84        68        68        56        60        72        68        60        60 
dram[2]:        72        72        84        84       128       128        88        88        72        72        56        56        72        72        56        56 
dram[3]:        68        68        88        84       128       128        84        84        68        68        60        56        72        76        60        60 
dram[4]:        72        72        84        88       128       128        84        84        72        72        56        60        76        69        56        56 
dram[5]:        68        72        88        88       128       128        84        88        68        72        56        56        72        72        60        56 
dram[6]:        72        68        88        88       128       128        88        84        72        68        60        60        68        68        56        60 
dram[7]:        72        72        84        84       128       128        88        88        72        72        56        56        72        72        56        56 
dram[8]:        68        72        88        88       128       128        88        88        68        72        60        60        68        68        60        56 
dram[9]:        72        68        84        84       128       128        88        88        72        68        56        56        72        72        56        60 
dram[10]:        56        56        92        92       128       128        80        80        56        56        68        72        60        56        72        72 
dram[11]:        60        60        96        92       128       128        84        84        60        60        72        68        56        60        68        68 
dram[12]:        56        56        92        96       128       128        80        80        56        56        72        72        56        56        72        72 
dram[13]:        60        60        88        92       128       128        80        80        60        60        68        72        60        56        68        68 
dram[14]:        56        56        92        88       128       128        76        76        56        56        72        68        56        60        72        72 
dram[15]:        60        56        96        96       128       128        84        80        60        56        72        72        60        60        68        72 
dram[16]:        56        60        96        96       128       128        80        84        56        60        68        68        64        64        72        68 
dram[17]:        56        56        96        96       128       128        76        80        56        56        72        72        56        56        72        72 
dram[18]:        60        56        92        92       128       128        80        76        60        56        68        68        60        60        68        72 
dram[19]:        56        60        96        96       128       128        80        80        56        60        72        72        56        56        72        68 
dram[20]:        56        56        96        96       128       128        76        76        56        56        68        72        60        56        72        72 
dram[21]:        60        60        96        96       128       128        80        80        60        60        72        68        56        60        68        68 
dram[22]:        56        56        96        96       128       128        76        76        56        56        72        72        56        56        72        72 
dram[23]:        60        60        92        96       128       128        80        80        60        60        68        72        60        56        68        68 
dram[24]:        56        56        96        92       128       128        80        80        56        56        72        68        56        60        72        72 
dram[25]:        60        56        92        92       128       128        80        76        60        56        72        72        56        56        68        72 
dram[26]:        56        60        92        92       128       128        76        80        56        60        68        68        60        60        72        68 
dram[27]:        56        56        96        96       128       128        80        76        56        56        72        72        56        56        72        72 
dram[28]:        60        56        92        92       128       128        80        80        60        56        68        68        60        60        68        72 
dram[29]:        56        60        96        96       128       128        76        80        56        60        72        72        56        56        72        68 
dram[30]:        72        72        84        84       128       128        88        88        72        72        60        56        68        72        56        56 
dram[31]:        68        68        84        84       128       128        84        84        68        68        56        60        72        68        60        60 
dram[32]:        72        72        84        84       128       128        88        88        72        72        56        56        72        72        56        56 
dram[33]:        68        68        88        84       128       128        88        88        68        68        60        56        68        72        60        60 
dram[34]:        72        72        84        88       128       128        92        92        72        72        56        60        72        68        56        56 
dram[35]:        68        72        84        84       128       128        84        88        68        72        56        56        72        72        60        56 
dram[36]:        72        68        84        84       128       128        88        84        72        68        60        60        68        68        56        60 
dram[37]:        72        72        84        84       128       128        92        88        72        72        56        56        72        72        56        56 
dram[38]:        68        72        88        88       128       128        88        92        68        72        60        60        68        68        60        56 
dram[39]:        72        68        84        84       128       128        88        88        72        68        56        56        72        72        56        60 
total dram reads = 49693
bank skew: 128/56 = 2.29
chip skew: 1268/1212 = 1.05
number of total write accesses:
dram[0]:         0         0         0         0         0         0         0         0         0         0         0         0         0         0         0         0 
dram[1]:         0         0         0         0         0         0         0         0         0         0         0         0         0         0         0         0 
dram[2]:         0         0         0         0         0         0         0         0         0         0         0         0         0         0         0         0 
dram[3]:         0         0         0         0         0         0         0         0         0         0         0         0         0         0         0         0 
dram[4]:         0         0         0         0         0         0         0         0         0         0         0         0         0         0         0         0 
dram[5]:         0         0         0         0         0         0         0         0         0         0         0         0         0         0         0         0 
dram[6]:         0         0         0         0         0         0         0         0         0         0         0         0         0         0         0         0 
dram[7]:         0         0         0         0         0         0         0         0         0         0         0         0         0         0         0         0 
dram[8]:         0         0         0         0         0         0         0         0         0         0         0         0         0         0         0         0 
dram[9]:         0         0         0         0         0         0         0         0         0         0         0         0         0         0         0         0 
dram[10]:         0         0         0         0         0         0         0         0         0         0         0         0         0         0         0         0 
dram[11]:         0         0         0         0         0         0         0         0         0         0         0         0         0         0         0         0 
dram[12]:         0         0         0         0         0         0         0         0         0         0         0         0         0         0         0         0 
dram[13]:         0         0         0         0         0         0         0         0         0         0         0         0         0         0         0         0 
dram[14]:         0         0         0         0         0         0         0         0         0         0         0         0         0         0         0         0 
dram[15]:         0         0         0         0         0         0         0         0         0         0         0         0         0         0         0         0 
dram[16]:         0         0         0         0         0         0         0         0         0         0         0         0         0         0         0         0 
dram[17]:         0         0         0         0         0         0         0         0         0         0         0         0         0         0         0         0 
dram[18]:         0         0         0         0         0         0         0         0         0         0         0         0         0         0         0         0 
dram[19]:         0         0         0         0         0         0         0         0         0         0         0         0         0         0         0         0 
dram[20]:         0         0         0         0         0         0         0         0         0         0         0         0         0         0         0         0 
dram[21]:         0         0         0         0         0         0         0         0         0         0         0         0         0         0         0         0 
dram[22]:         0         0         0         0         0         0         0         0         0         0         0         0         0         0         0         0 
dram[23]:         0         0         0         0         0         0         0         0         0         0         0         0         0         0         0         0 
dram[24]:         0         0         0         0         0         0         0         0         0         0         0         0         0         0         0         0 
dram[25]:         0         0         0         0         0         0         0         0         0         0         0         0         0         0         0         0 
dram[26]:         0         0         0         0         0         0         0         0         0         0         0         0         0         0         0         0 
dram[27]:         0         0         0         0         0         0         0         0         0         0         0         0         0         0         0         0 
dram[28]:         0         0         0         0         0         0         0         0         0         0         0         0         0         0         0         0 
dram[29]:         0         0         0         0         0         0         0         0         0         0         0         0         0         0         0         0 
dram[30]:         0         0         0         0         0         0         0         0         0         0         0         0         0         0         0         0 
dram[31]:         0         0         0         0         0         0         0         0         0         0         0         0         0         0         0         0 
dram[32]:         0         0         0         0         0         0         0         0         0         0         0         0         0         0         0         0 
dram[33]:         0         0         0         0         0         0         0         0         0         0         0         0         0         0         0         0 
dram[34]:         0         0         0         0         0         0         0         0         0         0         0         0         0         0         0         0 
dram[35]:         0         0         0         0         0         0         0         0         0         0         0         0         0         0         0         0 
dram[36]:         0         0         0         0         0         0         0         0         0         0         0         0         0         0         0         0 
dram[37]:         0         0         0         0         0         0         0         0         0         0         0         0         0         0         0         0 
dram[38]:         0         0         0         0         0         0         0         0         0         0         0         0         0         0         0         0 
dram[39]:         0         0         0         0         0         0         0         0         0         0         0         0         0         0         0         0 
total dram writes = 0
min_bank_accesses = 0!
min_chip_accesses = 0!
average mf latency per bank:
dram[0]:       1205      1205      1133      1133       974       973      1110      1110      1327      1327      1979      2073      1628      1573      1363      1362
dram[1]:       1234      1234      1130      1130       972       971      1129      1129      1362      1362      2064      1970      1568      1621      1312      1311
dram[2]:       1207      1198      1134      1133       970       977      1117      1116      1321      1318      2068      2064      1562      1562      1365      1353
dram[3]:       1236      1236      1110      1131       968       968      1137      1137      1356      1356      1966      2059      1995      1924      1314      1313
dram[4]:       1200      1200      1135      1107       979       966      1140      1134      1320      1313      2068      1957      1932      1610      1356      1356
dram[5]:       1245      1212      1100      1099       969       969      1132      1110      1366      1326      2083      2082      1560      1560      1324      1371
dram[6]:       1209      1242      1097      1097       968       967      1108      1129      1322      1361      1979      1979      1607      1607      1368      1320
dram[7]:       1199      1227      1140      1145       974       973      1112      1116      1307      1324      2087      2082      1569      1554      1355      1362
dram[8]:       1228      1196      1116      1116       973       972      1109      1109      1341      1303      1983      1983      1617      1617      1305      1351
dram[9]:       1229      1224      1147      1135       975       970      1118      1106      1327      1336      2087      2069      1558      1558      1365      1300
dram[10]:       1372      1371      1086      1086       961       961      1156      1155      1508      1507      1831      1765      1735      1812      1213      1213
dram[11]:       1320      1319      1066      1083       960       959      1129      1129      1446      1446      1759      1824      1805      1728      1242      1242
dram[12]:       1373      1362      1087      1063       970       965      1151      1149      1519      1506      1776      1773      1834      1825      1215      1206
dram[13]:       1322      1321      1104      1085       969       968      1148      1148      1457      1456      1835      1769      1749      1827      1244      1244
dram[14]:       1364      1364      1082      1101       966       966      1177      1170      1508      1508      1777      1827      1828      1742      1208      1208
dram[15]:       1315      1362      1074      1074       961       961      1126      1149      1459      1515      1759      1758      1861      1862      1238      1205
dram[16]:       1358      1311      1071      1071       959       959      1146      1123      1511      1453      1816      1816      1780      1780      1203      1234
dram[17]:       1382      1371      1069      1068       962       957      1183      1149      1508      1532      1762      1772      1826      1853      1221      1234
dram[18]:       1330      1378      1085      1085       960       960      1154      1180      1446      1503      1820      1820      1741      1741      1252      1218
dram[19]:       1373      1326      1070      1064       958       958      1151      1151      1534      1441      1776      1748      1857      1811      1236      1248
dram[20]:        860       859       860       859       860       859       860       859       860       859       860       859       859       859       859       860
dram[21]:        860       859       860       860       860       859       860       860       860       859       860       859       860       860       860       860
dram[22]:        859       859       859       859       859       859       859       859       859       859       859       859       859       859       859       859
dram[23]:        859       859       860       859       860       859       859       860       860       859       860       859       860       860       860       859
dram[24]:        860       859       859       859       860       859       860       859       860       859       860       859       860       859       859       859
dram[25]:        859       859       860       859       859       859       859       859       859       859       859       859       860       860       860       859
dram[26]:        860       860       860       860       860       860       860       860       860       859       860       859       860       859       860       859
dram[27]:        859       859       859       859       859       859       859       859       859       859       859       859       859       859       859       859
dram[28]:        859       860       860       860       860       859       860       859       859       859       860       859       860       859       860       859
dram[29]:        859       859       860       859       860       859       860       859       860       859       859       860       860       859       859       859
dram[30]:        859       859       859       859       860       859       860       859       859       859       859       859       860       859       860       859
dram[31]:        860       860       860       860       860       860       860       860       860       859       860       860       860       859       860       859
dram[32]:        859       859       859       859       859       859       859       859       859       859       859       859       860       859       859       859
dram[33]:        859       859       860       860       860       859       859       860       859       859       859       860       860       859       860       859
dram[34]:        860       859       860       859       860       859       860       859       860       860       859       859       859       859       860       860
dram[35]:        860       859       859       860       860       859       860       859       860       859       860       859       859       859       859       859
dram[36]:        860       859       860       860       860       860       860       860       860       859       860       859       860       860       860       860
dram[37]:        859       859       859       859       859       859       859       859       859       859       859       859       859       859       859       859
dram[38]:        860       859       859       860       860       860       859       859       860       859       860       859       860       859       859       859
dram[39]:        860       859       860       859       859       859       860       859       860       859       860       859       859       860       860       859
maximum mf latency per bank:
dram[0]:        663       662       662       662       663       662       662       662       663       662       663       662       663       662       662       661
dram[1]:        662       662       662       662       662       662       662       662       662       662       662       661       662       662       662       662
dram[2]:        662       662       662       662       662       662       662       662       662       662       662       662       662       661       662       662
dram[3]:        663       662       663       662       662       663       663       662       663       662       663       662       662       662       663       662
dram[4]:        663       662       663       661       663       662       662       662       663       662       662       662       662       662       663       662
dram[5]:        662       662       662       662       662       663       663       663       662       662       662       662       662       662       663       662
dram[6]:        662       662       663       662       663       662       662       662       662       662       662       662       662       662       662       662
dram[7]:        662       662       662       662       662       662       662       662       662       662       661       662       662       661       662       662
dram[8]:        663       662       663       662       663       662       662       662       663       662       662       662       662       662       663       663
dram[9]:        663       662       663       662       663       663       663       663       663       662       662       661       663       661       663       662
dram[10]:        663       662       663       662       663       662       663       662       663       661       663       662       662       662       662       662
dram[11]:        663       662       663       662       662       662       662       662       662       662       662       662       662       662       663       662
dram[12]:        662       662       662       662       662       662       662       662       662       662       662       662       662       662       662       662
dram[13]:        663       662       662       662       663       662       662       662       663       662       662       662       663       662       662       662
dram[14]:        662       662       663       663       663       662       662       662       663       662       662       662       662       663       663       662
dram[15]:        663       662       662       662       663       662       663       662       663       662       663       662       663       661       663       663
dram[16]:        662       662       662       662       662       662       663       662       663       662       662       662       663       662       663       662
dram[17]:        662       661       662       662       662       662       662       662       662       662       662       661       662       662       662       662
dram[18]:        663       662       662       662       663       662       663       662       662       662       662       662       662       662       662       662
dram[19]:        662       662       663       662       663       662       662       662       662       662       662       662       663       662       663       662
dram[20]:        864       863       864       863       864       863       864       863       864       863       864       863       863       863       864       863
dram[21]:        864       863       864       863       864       864       864       863       864       863       864       863       864       863       864       863
dram[22]:        863       863       863       863       864       863       863       863       863       863       863       863       863       862       863       863
dram[23]:        863       863       864       863       864       863       864       863       864       863       864       863       864       863       864       863
dram[24]:        864       863       863       863       864       863       864       863       863       863       864       863       864       862       864       863
dram[25]:        864       863       864       863       864       863       864       864       864       863       864       863       863       863       864       863
dram[26]:        863       863       864       863       864       863       863       863       864       863       864       863       863       863       864       863
dram[27]:        863       863       863       863       863       863       863       863       863       862       863       862       863       863       863       863
dram[28]:        864       863       864       863       864       864       864       863       863       863       864       863       864       863       864       863
dram[29]:        864       864       864       863       864       863       864       864       864       863       864       863       864       863       863       863
dram[30]:        864       863       864       863       864       864       864       863       864       863       863       863       864       862       864       863
dram[31]:        864       863       863       863       864       863       864       863       864       863       864       863       864       863       864       863
dram[32]:        863       863       863       863       863       863       863       863       863       862       863       862       863       863       863       863
dram[33]:        864       863       864       863       864       863       864       864       864       863       864       863       863       863       864       863
dram[34]:        864       863       864       863       864       863       864       863       864       863       863       864       863       864       864       863
dram[35]:        864       863       864       864       864       863       864       863       864       863       864       862       864       863       863       863
dram[36]:        864       863       864       863       863       863       864       863       864       863       864       863       864       863       863       863
dram[37]:        863       863       863       863       864       863       863       863       863       863       863       863       863       863       863       863
dram[38]:        864       863       863       863       864       863       864       864       864       863       863       863       864       863       864       863
dram[39]:        863       864       864       863       864       864       864       864       864       864       864       863       864       863       864       863
LRC stats:
LRC_subpartition_num_lrc_to_l2_sectors.sum = 49809
LRC_subpartition_num_icnt_to_lrc_sectors.sum = 50100
Number of LRC to L2 sectors: 49809
Number of ICNT to LRC sectors: 50100
Number of LRC to L2 bytes: 1593888
Number of ICNT to LRC bytes: 1603200
LRC compression ratio: 1.005842
LRC_subpartition_l2_stall_due_to_lrc_full.sum = 0
Inter-chiplet stats:
interchip_read_requests = 24832
interchip_write_requests = 50440
Total inter-chiplet requests: 75272
Memory Partition 0: 
Cache L2_bank_000:
MSHR contents

Cache L2_bank_001:
MSHR contents

In Dram Latency Queue (total = 0): 
DRAM[0]: 16 bks, busW=8 BL=4 CL=19, tRRD=6 tCCD=1, tRCD=19 tRAS=45 tRP=19 tRC=50
n_cmd=0 n_nop=0 n_act=0 n_pre=0 n_ref_event=0 n_req=0 n_rd=0 n_rd_L2_A=0 n_write=0 n_wr_bk=0 bw_util=-nan
n_activity=0 dram_eff=-nan
bk0: 0a 0i bk1: 0a 0i bk2: 0a 0i bk3: 0a 0i bk4: 0a 0i bk5: 0a 0i bk6: 0a 0i bk7: 0a 0i bk8: 0a 0i bk9: 0a 0i bk10: 0a 0i bk11: 0a 0i bk12: 0a 0i bk13: 0a 0i bk14: 0a 0i bk15: 0a 0i 

------------------------------------------------------------------------

Row_Buffer_Locality = -nan
Row_Buffer_Locality_read = -nan
Row_Buffer_Locality_write = -nan
Bank_Level_Parallism = -nan
Bank_Level_Parallism_Col = -nan
Bank_Level_Parallism_Ready = -nan
write_to_read_ratio_blp_rw_average = -nan
GrpLevelPara = -nan 

BW Util details:
bwutil = -nan 
total_CMD = 0 
util_bw = 0 
Wasted_Col = 0 
Wasted_Row = 0 
Idle = 0 

BW Util Bottlenecks: 
RCDc_limit = 0 
RCDWRc_limit = 0 
WTRc_limit = 0 
RTWc_limit = 0 
CCDLc_limit = 0 
rwq = 0 
CCDLc_limit_alone = 0 
WTRc_limit_alone = 0 
RTWc_limit_alone = 0 

Commands details: 
total_CMD = 0 
n_nop = 0 
Read = 0 
Write = 0 
L2_Alloc = 0 
L2_WB = 0 
n_act = 0 
n_pre = 0 
n_ref = 0 
n_req = 0 
total_req = 0 

Dual Bus Interface Util: 
issued_total_row = 0 
issued_total_col = 0 
Row_Bus_Util =  -nan 
CoL_Bus_Util = -nan 
Either_Row_CoL_Bus_Util = -nan 
Issued_on_Two_Bus_Simul_Util = -nan 
issued_two_Eff = -nan 
queue_avg = -nan 


dram_util_bins: 0 0 0 0 0 0 0 0 0 0
dram_eff_bins: 0 0 0 0 0 0 0 0 0 0
mrqq: max=0 avg=-nan
Memory Partition 1: 
Cache L2_bank_002:
MSHR contents

Cache L2_bank_003:
MSHR contents

In Dram Latency Queue (total = 0): 
DRAM[1]: 16 bks, busW=8 BL=4 CL=19, tRRD=6 tCCD=1, tRCD=19 tRAS=45 tRP=19 tRC=50
n_cmd=0 n_nop=0 n_act=0 n_pre=0 n_ref_event=0 n_req=0 n_rd=0 n_rd_L2_A=0 n_write=0 n_wr_bk=0 bw_util=-nan
n_activity=0 dram_eff=-nan
bk0: 0a 0i bk1: 0a 0i bk2: 0a 0i bk3: 0a 0i bk4: 0a 0i bk5: 0a 0i bk6: 0a 0i bk7: 0a 0i bk8: 0a 0i bk9: 0a 0i bk10: 0a 0i bk11: 0a 0i bk12: 0a 0i bk13: 0a 0i bk14: 0a 0i bk15: 0a 0i 

------------------------------------------------------------------------

Row_Buffer_Locality = -nan
Row_Buffer_Locality_read = -nan
Row_Buffer_Locality_write = -nan
Bank_Level_Parallism = -nan
Bank_Level_Parallism_Col = -nan
Bank_Level_Parallism_Ready = -nan
write_to_read_ratio_blp_rw_average = -nan
GrpLevelPara = -nan 

BW Util details:
bwutil = -nan 
total_CMD = 0 
util_bw = 0 
Wasted_Col = 0 
Wasted_Row = 0 
Idle = 0 

BW Util Bottlenecks: 
RCDc_limit = 0 
RCDWRc_limit = 0 
WTRc_limit = 0 
RTWc_limit = 0 
CCDLc_limit = 0 
rwq = 0 
CCDLc_limit_alone = 0 
WTRc_limit_alone = 0 
RTWc_limit_alone = 0 

Commands details: 
total_CMD = 0 
n_nop = 0 
Read = 0 
Write = 0 
L2_Alloc = 0 
L2_WB = 0 
n_act = 0 
n_pre = 0 
n_ref = 0 
n_req = 0 
total_req = 0 

Dual Bus Interface Util: 
issued_total_row = 0 
issued_total_col = 0 
Row_Bus_Util =  -nan 
CoL_Bus_Util = -nan 
Either_Row_CoL_Bus_Util = -nan 
Issued_on_Two_Bus_Simul_Util = -nan 
issued_two_Eff = -nan 
queue_avg = -nan 


dram_util_bins: 0 0 0 0 0 0 0 0 0 0
dram_eff_bins: 0 0 0 0 0 0 0 0 0 0
mrqq: max=0 avg=-nan
Memory Partition 2: 
Cache L2_bank_004:
MSHR contents

Cache L2_bank_005:
MSHR contents

In Dram Latency Queue (total = 0): 
DRAM[2]: 16 bks, busW=8 BL=4 CL=19, tRRD=6 tCCD=1, tRCD=19 tRAS=45 tRP=19 tRC=50
n_cmd=0 n_nop=0 n_act=0 n_pre=0 n_ref_event=0 n_req=0 n_rd=0 n_rd_L2_A=0 n_write=0 n_wr_bk=0 bw_util=-nan
n_activity=0 dram_eff=-nan
bk0: 0a 0i bk1: 0a 0i bk2: 0a 0i bk3: 0a 0i bk4: 0a 0i bk5: 0a 0i bk6: 0a 0i bk7: 0a 0i bk8: 0a 0i bk9: 0a 0i bk10: 0a 0i bk11: 0a 0i bk12: 0a 0i bk13: 0a 0i bk14: 0a 0i bk15: 0a 0i 

------------------------------------------------------------------------

Row_Buffer_Locality = -nan
Row_Buffer_Locality_read = -nan
Row_Buffer_Locality_write = -nan
Bank_Level_Parallism = -nan
Bank_Level_Parallism_Col = -nan
Bank_Level_Parallism_Ready = -nan
write_to_read_ratio_blp_rw_average = -nan
GrpLevelPara = -nan 

BW Util details:
bwutil = -nan 
total_CMD = 0 
util_bw = 0 
Wasted_Col = 0 
Wasted_Row = 0 
Idle = 0 

BW Util Bottlenecks: 
RCDc_limit = 0 
RCDWRc_limit = 0 
WTRc_limit = 0 
RTWc_limit = 0 
CCDLc_limit = 0 
rwq = 0 
CCDLc_limit_alone = 0 
WTRc_limit_alone = 0 
RTWc_limit_alone = 0 

Commands details: 
total_CMD = 0 
n_nop = 0 
Read = 0 
Write = 0 
L2_Alloc = 0 
L2_WB = 0 
n_act = 0 
n_pre = 0 
n_ref = 0 
n_req = 0 
total_req = 0 

Dual Bus Interface Util: 
issued_total_row = 0 
issued_total_col = 0 
Row_Bus_Util =  -nan 
CoL_Bus_Util = -nan 
Either_Row_CoL_Bus_Util = -nan 
Issued_on_Two_Bus_Simul_Util = -nan 
issued_two_Eff = -nan 
queue_avg = -nan 


dram_util_bins: 0 0 0 0 0 0 0 0 0 0
dram_eff_bins: 0 0 0 0 0 0 0 0 0 0
mrqq: max=0 avg=-nan
Memory Partition 3: 
Cache L2_bank_006:
MSHR contents

Cache L2_bank_007:
MSHR contents

In Dram Latency Queue (total = 0): 
DRAM[3]: 16 bks, busW=8 BL=4 CL=19, tRRD=6 tCCD=1, tRCD=19 tRAS=45 tRP=19 tRC=50
n_cmd=0 n_nop=0 n_act=0 n_pre=0 n_ref_event=94481258827152 n_req=0 n_rd=0 n_rd_L2_A=0 n_write=0 n_wr_bk=0 bw_util=-nan
n_activity=0 dram_eff=-nan
bk0: 0a 0i bk1: 0a 0i bk2: 0a 0i bk3: 0a 0i bk4: 0a 0i bk5: 0a 0i bk6: 0a 0i bk7: 0a 0i bk8: 0a 0i bk9: 0a 0i bk10: 0a 0i bk11: 0a 0i bk12: 0a 0i bk13: 0a 0i bk14: 0a 0i bk15: 0a 0i 

------------------------------------------------------------------------

Row_Buffer_Locality = -nan
Row_Buffer_Locality_read = -nan
Row_Buffer_Locality_write = -nan
Bank_Level_Parallism = -nan
Bank_Level_Parallism_Col = inf
Bank_Level_Parallism_Ready = -nan
write_to_read_ratio_blp_rw_average = -nan
GrpLevelPara = -nan 

BW Util details:
bwutil = -nan 
total_CMD = 0 
util_bw = 0 
Wasted_Col = 0 
Wasted_Row = 0 
Idle = 0 

BW Util Bottlenecks: 
RCDc_limit = 0 
RCDWRc_limit = 0 
WTRc_limit = 0 
RTWc_limit = 0 
CCDLc_limit = 0 
rwq = 0 
CCDLc_limit_alone = 0 
WTRc_limit_alone = 0 
RTWc_limit_alone = 0 

Commands details: 
total_CMD = 0 
n_nop = 0 
Read = 0 
Write = 0 
L2_Alloc = 0 
L2_WB = 0 
n_act = 0 
n_pre = 0 
n_ref = 94481258827152 
n_req = 0 
total_req = 0 

Dual Bus Interface Util: 
issued_total_row = 0 
issued_total_col = 0 
Row_Bus_Util =  -nan 
CoL_Bus_Util = -nan 
Either_Row_CoL_Bus_Util = -nan 
Issued_on_Two_Bus_Simul_Util = -nan 
issued_two_Eff = -nan 
queue_avg = -nan 


dram_util_bins: 0 0 0 0 0 0 0 0 0 0
dram_eff_bins: 0 0 0 0 0 0 0 0 0 0
mrqq: max=0 avg=-nan
Memory Partition 4: 
Cache L2_bank_008:
MSHR contents

Cache L2_bank_009:
MSHR contents

In Dram Latency Queue (total = 0): 
DRAM[4]: 16 bks, busW=8 BL=4 CL=19, tRRD=6 tCCD=1, tRCD=19 tRAS=45 tRP=19 tRC=50
n_cmd=0 n_nop=0 n_act=0 n_pre=0 n_ref_event=0 n_req=0 n_rd=0 n_rd_L2_A=0 n_write=0 n_wr_bk=0 bw_util=-nan
n_activity=0 dram_eff=-nan
bk0: 0a 0i bk1: 0a 0i bk2: 0a 0i bk3: 0a 0i bk4: 0a 0i bk5: 0a 0i bk6: 0a 0i bk7: 0a 0i bk8: 0a 0i bk9: 0a 0i bk10: 0a 0i bk11: 0a 0i bk12: 0a 0i bk13: 0a 0i bk14: 0a 0i bk15: 0a 0i 

------------------------------------------------------------------------

Row_Buffer_Locality = -nan
Row_Buffer_Locality_read = -nan
Row_Buffer_Locality_write = -nan
Bank_Level_Parallism = -nan
Bank_Level_Parallism_Col = -nan
Bank_Level_Parallism_Ready = -nan
write_to_read_ratio_blp_rw_average = -nan
GrpLevelPara = -nan 

BW Util details:
bwutil = -nan 
total_CMD = 0 
util_bw = 0 
Wasted_Col = 0 
Wasted_Row = 0 
Idle = 0 

BW Util Bottlenecks: 
RCDc_limit = 0 
RCDWRc_limit = 0 
WTRc_limit = 0 
RTWc_limit = 0 
CCDLc_limit = 0 
rwq = 0 
CCDLc_limit_alone = 0 
WTRc_limit_alone = 0 
RTWc_limit_alone = 0 

Commands details: 
total_CMD = 0 
n_nop = 0 
Read = 0 
Write = 0 
L2_Alloc = 0 
L2_WB = 0 
n_act = 0 
n_pre = 0 
n_ref = 0 
n_req = 0 
total_req = 0 

Dual Bus Interface Util: 
issued_total_row = 0 
issued_total_col = 0 
Row_Bus_Util =  -nan 
CoL_Bus_Util = -nan 
Either_Row_CoL_Bus_Util = -nan 
Issued_on_Two_Bus_Simul_Util = -nan 
issued_two_Eff = -nan 
queue_avg = -nan 


dram_util_bins: 0 0 0 0 0 0 0 0 0 0
dram_eff_bins: 0 0 0 0 0 0 0 0 0 0
mrqq: max=0 avg=-nan
Memory Partition 5: 
Cache L2_bank_010:
MSHR contents

Cache L2_bank_011:
MSHR contents

In Dram Latency Queue (total = 0): 
DRAM[5]: 16 bks, busW=8 BL=4 CL=19, tRRD=6 tCCD=1, tRCD=19 tRAS=45 tRP=19 tRC=50
n_cmd=0 n_nop=0 n_act=0 n_pre=0 n_ref_event=0 n_req=0 n_rd=0 n_rd_L2_A=0 n_write=0 n_wr_bk=0 bw_util=-nan
n_activity=0 dram_eff=-nan
bk0: 0a 0i bk1: 0a 0i bk2: 0a 0i bk3: 0a 0i bk4: 0a 0i bk5: 0a 0i bk6: 0a 0i bk7: 0a 0i bk8: 0a 0i bk9: 0a 0i bk10: 0a 0i bk11: 0a 0i bk12: 0a 0i bk13: 0a 0i bk14: 0a 0i bk15: 0a 0i 

------------------------------------------------------------------------

Row_Buffer_Locality = -nan
Row_Buffer_Locality_read = -nan
Row_Buffer_Locality_write = -nan
Bank_Level_Parallism = -nan
Bank_Level_Parallism_Col = -nan
Bank_Level_Parallism_Ready = -nan
write_to_read_ratio_blp_rw_average = -nan
GrpLevelPara = -nan 

BW Util details:
bwutil = -nan 
total_CMD = 0 
util_bw = 0 
Wasted_Col = 0 
Wasted_Row = 0 
Idle = 0 

BW Util Bottlenecks: 
RCDc_limit = 0 
RCDWRc_limit = 0 
WTRc_limit = 0 
RTWc_limit = 0 
CCDLc_limit = 0 
rwq = 0 
CCDLc_limit_alone = 0 
WTRc_limit_alone = 0 
RTWc_limit_alone = 0 

Commands details: 
total_CMD = 0 
n_nop = 0 
Read = 0 
Write = 0 
L2_Alloc = 0 
L2_WB = 0 
n_act = 0 
n_pre = 0 
n_ref = 0 
n_req = 0 
total_req = 0 

Dual Bus Interface Util: 
issued_total_row = 0 
issued_total_col = 0 
Row_Bus_Util =  -nan 
CoL_Bus_Util = -nan 
Either_Row_CoL_Bus_Util = -nan 
Issued_on_Two_Bus_Simul_Util = -nan 
issued_two_Eff = -nan 
queue_avg = -nan 


dram_util_bins: 0 0 0 0 0 0 0 0 0 0
dram_eff_bins: 0 0 0 0 0 0 0 0 0 0
mrqq: max=0 avg=-nan
Memory Partition 6: 
Cache L2_bank_012:
MSHR contents

Cache L2_bank_013:
MSHR contents

In Dram Latency Queue (total = 0): 
DRAM[6]: 16 bks, busW=8 BL=4 CL=19, tRRD=6 tCCD=1, tRCD=19 tRAS=45 tRP=19 tRC=50
n_cmd=0 n_nop=0 n_act=0 n_pre=0 n_ref_event=0 n_req=0 n_rd=0 n_rd_L2_A=0 n_write=0 n_wr_bk=0 bw_util=-nan
n_activity=0 dram_eff=-nan
bk0: 0a 0i bk1: 0a 0i bk2: 0a 0i bk3: 0a 0i bk4: 0a 0i bk5: 0a 0i bk6: 0a 0i bk7: 0a 0i bk8: 0a 0i bk9: 0a 0i bk10: 0a 0i bk11: 0a 0i bk12: 0a 0i bk13: 0a 0i bk14: 0a 0i bk15: 0a 0i 

------------------------------------------------------------------------

Row_Buffer_Locality = -nan
Row_Buffer_Locality_read = -nan
Row_Buffer_Locality_write = -nan
Bank_Level_Parallism = -nan
Bank_Level_Parallism_Col = -nan
Bank_Level_Parallism_Ready = -nan
write_to_read_ratio_blp_rw_average = -nan
GrpLevelPara = -nan 

BW Util details:
bwutil = -nan 
total_CMD = 0 
util_bw = 0 
Wasted_Col = 0 
Wasted_Row = 0 
Idle = 0 

BW Util Bottlenecks: 
RCDc_limit = 0 
RCDWRc_limit = 0 
WTRc_limit = 0 
RTWc_limit = 0 
CCDLc_limit = 0 
rwq = 0 
CCDLc_limit_alone = 0 
WTRc_limit_alone = 0 
RTWc_limit_alone = 0 

Commands details: 
total_CMD = 0 
n_nop = 0 
Read = 0 
Write = 0 
L2_Alloc = 0 
L2_WB = 0 
n_act = 0 
n_pre = 0 
n_ref = 0 
n_req = 0 
total_req = 0 

Dual Bus Interface Util: 
issued_total_row = 0 
issued_total_col = 0 
Row_Bus_Util =  -nan 
CoL_Bus_Util = -nan 
Either_Row_CoL_Bus_Util = -nan 
Issued_on_Two_Bus_Simul_Util = -nan 
issued_two_Eff = -nan 
queue_avg = -nan 


dram_util_bins: 0 0 0 0 0 0 0 0 0 0
dram_eff_bins: 0 0 0 0 0 0 0 0 0 0
mrqq: max=0 avg=-nan
Memory Partition 7: 
Cache L2_bank_014:
MSHR contents

Cache L2_bank_015:
MSHR contents

In Dram Latency Queue (total = 0): 
DRAM[7]: 16 bks, busW=8 BL=4 CL=19, tRRD=6 tCCD=1, tRCD=19 tRAS=45 tRP=19 tRC=50
n_cmd=0 n_nop=0 n_act=0 n_pre=0 n_ref_event=0 n_req=0 n_rd=0 n_rd_L2_A=0 n_write=0 n_wr_bk=0 bw_util=-nan
n_activity=0 dram_eff=-nan
bk0: 0a 0i bk1: 0a 0i bk2: 0a 0i bk3: 0a 0i bk4: 0a 0i bk5: 0a 0i bk6: 0a 0i bk7: 0a 0i bk8: 0a 0i bk9: 0a 0i bk10: 0a 0i bk11: 0a 0i bk12: 0a 0i bk13: 0a 0i bk14: 0a 0i bk15: 0a 0i 

------------------------------------------------------------------------

Row_Buffer_Locality = -nan
Row_Buffer_Locality_read = -nan
Row_Buffer_Locality_write = -nan
Bank_Level_Parallism = -nan
Bank_Level_Parallism_Col = -nan
Bank_Level_Parallism_Ready = -nan
write_to_read_ratio_blp_rw_average = -nan
GrpLevelPara = -nan 

BW Util details:
bwutil = -nan 
total_CMD = 0 
util_bw = 0 
Wasted_Col = 0 
Wasted_Row = 0 
Idle = 0 

BW Util Bottlenecks: 
RCDc_limit = 0 
RCDWRc_limit = 0 
WTRc_limit = 0 
RTWc_limit = 0 
CCDLc_limit = 0 
rwq = 0 
CCDLc_limit_alone = 0 
WTRc_limit_alone = 0 
RTWc_limit_alone = 0 

Commands details: 
total_CMD = 0 
n_nop = 0 
Read = 0 
Write = 0 
L2_Alloc = 0 
L2_WB = 0 
n_act = 0 
n_pre = 0 
n_ref = 0 
n_req = 0 
total_req = 0 

Dual Bus Interface Util: 
issued_total_row = 0 
issued_total_col = 0 
Row_Bus_Util =  -nan 
CoL_Bus_Util = -nan 
Either_Row_CoL_Bus_Util = -nan 
Issued_on_Two_Bus_Simul_Util = -nan 
issued_two_Eff = -nan 
queue_avg = -nan 


dram_util_bins: 0 0 0 0 0 0 0 0 0 0
dram_eff_bins: 0 0 0 0 0 0 0 0 0 0
mrqq: max=0 avg=-nan
Memory Partition 8: 
Cache L2_bank_016:
MSHR contents

Cache L2_bank_017:
MSHR contents

In Dram Latency Queue (total = 0): 
DRAM[8]: 16 bks, busW=8 BL=4 CL=19, tRRD=6 tCCD=1, tRCD=19 tRAS=45 tRP=19 tRC=50
n_cmd=0 n_nop=0 n_act=0 n_pre=0 n_ref_event=0 n_req=0 n_rd=0 n_rd_L2_A=0 n_write=0 n_wr_bk=0 bw_util=-nan
n_activity=0 dram_eff=-nan
bk0: 0a 0i bk1: 0a 0i bk2: 0a 0i bk3: 0a 0i bk4: 0a 0i bk5: 0a 0i bk6: 0a 0i bk7: 0a 0i bk8: 0a 0i bk9: 0a 0i bk10: 0a 0i bk11: 0a 0i bk12: 0a 0i bk13: 0a 0i bk14: 0a 0i bk15: 0a 0i 

------------------------------------------------------------------------

Row_Buffer_Locality = -nan
Row_Buffer_Locality_read = -nan
Row_Buffer_Locality_write = -nan
Bank_Level_Parallism = -nan
Bank_Level_Parallism_Col = -nan
Bank_Level_Parallism_Ready = -nan
write_to_read_ratio_blp_rw_average = -nan
GrpLevelPara = -nan 

BW Util details:
bwutil = -nan 
total_CMD = 0 
util_bw = 0 
Wasted_Col = 0 
Wasted_Row = 0 
Idle = 0 

BW Util Bottlenecks: 
RCDc_limit = 0 
RCDWRc_limit = 0 
WTRc_limit = 0 
RTWc_limit = 0 
CCDLc_limit = 0 
rwq = 0 
CCDLc_limit_alone = 0 
WTRc_limit_alone = 0 
RTWc_limit_alone = 0 

Commands details: 
total_CMD = 0 
n_nop = 0 
Read = 0 
Write = 0 
L2_Alloc = 0 
L2_WB = 0 
n_act = 0 
n_pre = 0 
n_ref = 0 
n_req = 0 
total_req = 0 

Dual Bus Interface Util: 
issued_total_row = 0 
issued_total_col = 0 
Row_Bus_Util =  -nan 
CoL_Bus_Util = -nan 
Either_Row_CoL_Bus_Util = -nan 
Issued_on_Two_Bus_Simul_Util = -nan 
issued_two_Eff = -nan 
queue_avg = -nan 


dram_util_bins: 0 0 0 0 0 0 0 0 0 0
dram_eff_bins: 0 0 0 0 0 0 0 0 0 0
mrqq: max=0 avg=-nan
Memory Partition 9: 
Cache L2_bank_018:
MSHR contents

Cache L2_bank_019:
MSHR contents

In Dram Latency Queue (total = 0): 
DRAM[9]: 16 bks, busW=8 BL=4 CL=19, tRRD=6 tCCD=1, tRCD=19 tRAS=45 tRP=19 tRC=50
n_cmd=0 n_nop=0 n_act=0 n_pre=0 n_ref_event=0 n_req=0 n_rd=0 n_rd_L2_A=0 n_write=0 n_wr_bk=0 bw_util=-nan
n_activity=0 dram_eff=-nan
bk0: 0a 0i bk1: 0a 0i bk2: 0a 0i bk3: 0a 0i bk4: 0a 0i bk5: 0a 0i bk6: 0a 0i bk7: 0a 0i bk8: 0a 0i bk9: 0a 0i bk10: 0a 0i bk11: 0a 0i bk12: 0a 0i bk13: 0a 0i bk14: 0a 0i bk15: 0a 0i 

------------------------------------------------------------------------

Row_Buffer_Locality = -nan
Row_Buffer_Locality_read = -nan
Row_Buffer_Locality_write = -nan
Bank_Level_Parallism = -nan
Bank_Level_Parallism_Col = -nan
Bank_Level_Parallism_Ready = -nan
write_to_read_ratio_blp_rw_average = -nan
GrpLevelPara = -nan 

BW Util details:
bwutil = -nan 
total_CMD = 0 
util_bw = 0 
Wasted_Col = 0 
Wasted_Row = 0 
Idle = 0 

BW Util Bottlenecks: 
RCDc_limit = 0 
RCDWRc_limit = 0 
WTRc_limit = 0 
RTWc_limit = 0 
CCDLc_limit = 0 
rwq = 0 
CCDLc_limit_alone = 0 
WTRc_limit_alone = 0 
RTWc_limit_alone = 0 

Commands details: 
total_CMD = 0 
n_nop = 0 
Read = 0 
Write = 0 
L2_Alloc = 0 
L2_WB = 0 
n_act = 0 
n_pre = 0 
n_ref = 0 
n_req = 0 
total_req = 0 

Dual Bus Interface Util: 
issued_total_row = 0 
issued_total_col = 0 
Row_Bus_Util =  -nan 
CoL_Bus_Util = -nan 
Either_Row_CoL_Bus_Util = -nan 
Issued_on_Two_Bus_Simul_Util = -nan 
issued_two_Eff = -nan 
queue_avg = -nan 


dram_util_bins: 0 0 0 0 0 0 0 0 0 0
dram_eff_bins: 0 0 0 0 0 0 0 0 0 0
mrqq: max=0 avg=-nan
Memory Partition 10: 
Cache L2_bank_020:
MSHR contents

Cache L2_bank_021:
MSHR contents

In Dram Latency Queue (total = 0): 
DRAM[10]: 16 bks, busW=8 BL=4 CL=19, tRRD=6 tCCD=1, tRCD=19 tRAS=45 tRP=19 tRC=50
n_cmd=0 n_nop=0 n_act=0 n_pre=0 n_ref_event=0 n_req=0 n_rd=0 n_rd_L2_A=0 n_write=0 n_wr_bk=0 bw_util=-nan
n_activity=0 dram_eff=-nan
bk0: 0a 0i bk1: 0a 0i bk2: 0a 0i bk3: 0a 0i bk4: 0a 0i bk5: 0a 0i bk6: 0a 0i bk7: 0a 0i bk8: 0a 0i bk9: 0a 0i bk10: 0a 0i bk11: 0a 0i bk12: 0a 0i bk13: 0a 0i bk14: 0a 0i bk15: 0a 0i 

------------------------------------------------------------------------

Row_Buffer_Locality = -nan
Row_Buffer_Locality_read = -nan
Row_Buffer_Locality_write = -nan
Bank_Level_Parallism = -nan
Bank_Level_Parallism_Col = -nan
Bank_Level_Parallism_Ready = -nan
write_to_read_ratio_blp_rw_average = -nan
GrpLevelPara = -nan 

BW Util details:
bwutil = -nan 
total_CMD = 0 
util_bw = 0 
Wasted_Col = 0 
Wasted_Row = 0 
Idle = 0 

BW Util Bottlenecks: 
RCDc_limit = 0 
RCDWRc_limit = 0 
WTRc_limit = 0 
RTWc_limit = 0 
CCDLc_limit = 0 
rwq = 0 
CCDLc_limit_alone = 0 
WTRc_limit_alone = 0 
RTWc_limit_alone = 0 

Commands details: 
total_CMD = 0 
n_nop = 0 
Read = 0 
Write = 0 
L2_Alloc = 0 
L2_WB = 0 
n_act = 0 
n_pre = 0 
n_ref = 0 
n_req = 0 
total_req = 0 

Dual Bus Interface Util: 
issued_total_row = 0 
issued_total_col = 0 
Row_Bus_Util =  -nan 
CoL_Bus_Util = -nan 
Either_Row_CoL_Bus_Util = -nan 
Issued_on_Two_Bus_Simul_Util = -nan 
issued_two_Eff = -nan 
queue_avg = -nan 


dram_util_bins: 0 0 0 0 0 0 0 0 0 0
dram_eff_bins: 0 0 0 0 0 0 0 0 0 0
mrqq: max=0 avg=-nan
Memory Partition 11: 
Cache L2_bank_022:
MSHR contents

Cache L2_bank_023:
MSHR contents

In Dram Latency Queue (total = 0): 
DRAM[11]: 16 bks, busW=8 BL=4 CL=19, tRRD=6 tCCD=1, tRCD=19 tRAS=45 tRP=19 tRC=50
n_cmd=0 n_nop=0 n_act=0 n_pre=0 n_ref_event=0 n_req=0 n_rd=0 n_rd_L2_A=0 n_write=0 n_wr_bk=0 bw_util=-nan
n_activity=0 dram_eff=-nan
bk0: 0a 0i bk1: 0a 0i bk2: 0a 0i bk3: 0a 0i bk4: 0a 0i bk5: 0a 0i bk6: 0a 0i bk7: 0a 0i bk8: 0a 0i bk9: 0a 0i bk10: 0a 0i bk11: 0a 0i bk12: 0a 0i bk13: 0a 0i bk14: 0a 0i bk15: 0a 0i 

------------------------------------------------------------------------

Row_Buffer_Locality = -nan
Row_Buffer_Locality_read = -nan
Row_Buffer_Locality_write = -nan
Bank_Level_Parallism = -nan
Bank_Level_Parallism_Col = -nan
Bank_Level_Parallism_Ready = -nan
write_to_read_ratio_blp_rw_average = -nan
GrpLevelPara = -nan 

BW Util details:
bwutil = -nan 
total_CMD = 0 
util_bw = 0 
Wasted_Col = 0 
Wasted_Row = 0 
Idle = 0 

BW Util Bottlenecks: 
RCDc_limit = 0 
RCDWRc_limit = 0 
WTRc_limit = 0 
RTWc_limit = 0 
CCDLc_limit = 0 
rwq = 0 
CCDLc_limit_alone = 0 
WTRc_limit_alone = 0 
RTWc_limit_alone = 0 

Commands details: 
total_CMD = 0 
n_nop = 0 
Read = 0 
Write = 0 
L2_Alloc = 0 
L2_WB = 0 
n_act = 0 
n_pre = 0 
n_ref = 0 
n_req = 0 
total_req = 0 

Dual Bus Interface Util: 
issued_total_row = 0 
issued_total_col = 0 
Row_Bus_Util =  -nan 
CoL_Bus_Util = -nan 
Either_Row_CoL_Bus_Util = -nan 
Issued_on_Two_Bus_Simul_Util = -nan 
issued_two_Eff = -nan 
queue_avg = -nan 


dram_util_bins: 0 0 0 0 0 0 0 0 0 0
dram_eff_bins: 0 0 0 0 0 0 0 0 0 0
mrqq: max=0 avg=-nan
Memory Partition 12: 
Cache L2_bank_024:
MSHR contents

Cache L2_bank_025:
MSHR contents

In Dram Latency Queue (total = 0): 
DRAM[12]: 16 bks, busW=8 BL=4 CL=19, tRRD=6 tCCD=1, tRCD=19 tRAS=45 tRP=19 tRC=50
n_cmd=0 n_nop=0 n_act=0 n_pre=0 n_ref_event=0 n_req=0 n_rd=0 n_rd_L2_A=0 n_write=0 n_wr_bk=0 bw_util=-nan
n_activity=0 dram_eff=-nan
bk0: 0a 0i bk1: 0a 0i bk2: 0a 0i bk3: 0a 0i bk4: 0a 0i bk5: 0a 0i bk6: 0a 0i bk7: 0a 0i bk8: 0a 0i bk9: 0a 0i bk10: 0a 0i bk11: 0a 0i bk12: 0a 0i bk13: 0a 0i bk14: 0a 0i bk15: 0a 0i 

------------------------------------------------------------------------

Row_Buffer_Locality = -nan
Row_Buffer_Locality_read = -nan
Row_Buffer_Locality_write = -nan
Bank_Level_Parallism = -nan
Bank_Level_Parallism_Col = -nan
Bank_Level_Parallism_Ready = -nan
write_to_read_ratio_blp_rw_average = -nan
GrpLevelPara = -nan 

BW Util details:
bwutil = -nan 
total_CMD = 0 
util_bw = 0 
Wasted_Col = 0 
Wasted_Row = 0 
Idle = 0 

BW Util Bottlenecks: 
RCDc_limit = 0 
RCDWRc_limit = 0 
WTRc_limit = 0 
RTWc_limit = 0 
CCDLc_limit = 0 
rwq = 0 
CCDLc_limit_alone = 0 
WTRc_limit_alone = 0 
RTWc_limit_alone = 0 

Commands details: 
total_CMD = 0 
n_nop = 0 
Read = 0 
Write = 0 
L2_Alloc = 0 
L2_WB = 0 
n_act = 0 
n_pre = 0 
n_ref = 0 
n_req = 0 
total_req = 0 

Dual Bus Interface Util: 
issued_total_row = 0 
issued_total_col = 0 
Row_Bus_Util =  -nan 
CoL_Bus_Util = -nan 
Either_Row_CoL_Bus_Util = -nan 
Issued_on_Two_Bus_Simul_Util = -nan 
issued_two_Eff = -nan 
queue_avg = -nan 


dram_util_bins: 0 0 0 0 0 0 0 0 0 0
dram_eff_bins: 0 0 0 0 0 0 0 0 0 0
mrqq: max=0 avg=-nan
Memory Partition 13: 
Cache L2_bank_026:
MSHR contents

Cache L2_bank_027:
MSHR contents

In Dram Latency Queue (total = 0): 
DRAM[13]: 16 bks, busW=8 BL=4 CL=19, tRRD=6 tCCD=1, tRCD=19 tRAS=45 tRP=19 tRC=50
n_cmd=0 n_nop=0 n_act=0 n_pre=0 n_ref_event=0 n_req=0 n_rd=0 n_rd_L2_A=0 n_write=0 n_wr_bk=0 bw_util=-nan
n_activity=0 dram_eff=-nan
bk0: 0a 0i bk1: 0a 0i bk2: 0a 0i bk3: 0a 0i bk4: 0a 0i bk5: 0a 0i bk6: 0a 0i bk7: 0a 0i bk8: 0a 0i bk9: 0a 0i bk10: 0a 0i bk11: 0a 0i bk12: 0a 0i bk13: 0a 0i bk14: 0a 0i bk15: 0a 0i 

------------------------------------------------------------------------

Row_Buffer_Locality = -nan
Row_Buffer_Locality_read = -nan
Row_Buffer_Locality_write = -nan
Bank_Level_Parallism = -nan
Bank_Level_Parallism_Col = -nan
Bank_Level_Parallism_Ready = -nan
write_to_read_ratio_blp_rw_average = -nan
GrpLevelPara = -nan 

BW Util details:
bwutil = -nan 
total_CMD = 0 
util_bw = 0 
Wasted_Col = 0 
Wasted_Row = 0 
Idle = 0 

BW Util Bottlenecks: 
RCDc_limit = 0 
RCDWRc_limit = 0 
WTRc_limit = 0 
RTWc_limit = 0 
CCDLc_limit = 0 
rwq = 0 
CCDLc_limit_alone = 0 
WTRc_limit_alone = 0 
RTWc_limit_alone = 0 

Commands details: 
total_CMD = 0 
n_nop = 0 
Read = 0 
Write = 0 
L2_Alloc = 0 
L2_WB = 0 
n_act = 0 
n_pre = 0 
n_ref = 0 
n_req = 0 
total_req = 0 

Dual Bus Interface Util: 
issued_total_row = 0 
issued_total_col = 0 
Row_Bus_Util =  -nan 
CoL_Bus_Util = -nan 
Either_Row_CoL_Bus_Util = -nan 
Issued_on_Two_Bus_Simul_Util = -nan 
issued_two_Eff = -nan 
queue_avg = -nan 


dram_util_bins: 0 0 0 0 0 0 0 0 0 0
dram_eff_bins: 0 0 0 0 0 0 0 0 0 0
mrqq: max=0 avg=-nan
Memory Partition 14: 
Cache L2_bank_028:
MSHR contents

Cache L2_bank_029:
MSHR contents

In Dram Latency Queue (total = 0): 
DRAM[14]: 16 bks, busW=8 BL=4 CL=19, tRRD=6 tCCD=1, tRCD=19 tRAS=45 tRP=19 tRC=50
n_cmd=0 n_nop=0 n_act=0 n_pre=0 n_ref_event=0 n_req=0 n_rd=0 n_rd_L2_A=0 n_write=0 n_wr_bk=0 bw_util=-nan
n_activity=0 dram_eff=-nan
bk0: 0a 0i bk1: 0a 0i bk2: 0a 0i bk3: 0a 0i bk4: 0a 0i bk5: 0a 0i bk6: 0a 0i bk7: 0a 0i bk8: 0a 0i bk9: 0a 0i bk10: 0a 0i bk11: 0a 0i bk12: 0a 0i bk13: 0a 0i bk14: 0a 0i bk15: 0a 0i 

------------------------------------------------------------------------

Row_Buffer_Locality = -nan
Row_Buffer_Locality_read = -nan
Row_Buffer_Locality_write = -nan
Bank_Level_Parallism = -nan
Bank_Level_Parallism_Col = -nan
Bank_Level_Parallism_Ready = -nan
write_to_read_ratio_blp_rw_average = -nan
GrpLevelPara = -nan 

BW Util details:
bwutil = -nan 
total_CMD = 0 
util_bw = 0 
Wasted_Col = 0 
Wasted_Row = 0 
Idle = 0 

BW Util Bottlenecks: 
RCDc_limit = 0 
RCDWRc_limit = 0 
WTRc_limit = 0 
RTWc_limit = 0 
CCDLc_limit = 0 
rwq = 0 
CCDLc_limit_alone = 0 
WTRc_limit_alone = 0 
RTWc_limit_alone = 0 

Commands details: 
total_CMD = 0 
n_nop = 0 
Read = 0 
Write = 0 
L2_Alloc = 0 
L2_WB = 0 
n_act = 0 
n_pre = 0 
n_ref = 0 
n_req = 0 
total_req = 0 

Dual Bus Interface Util: 
issued_total_row = 0 
issued_total_col = 0 
Row_Bus_Util =  -nan 
CoL_Bus_Util = -nan 
Either_Row_CoL_Bus_Util = -nan 
Issued_on_Two_Bus_Simul_Util = -nan 
issued_two_Eff = -nan 
queue_avg = -nan 


dram_util_bins: 0 0 0 0 0 0 0 0 0 0
dram_eff_bins: 0 0 0 0 0 0 0 0 0 0
mrqq: max=0 avg=-nan
Memory Partition 15: 
Cache L2_bank_030:
MSHR contents

Cache L2_bank_031:
MSHR contents

In Dram Latency Queue (total = 0): 
DRAM[15]: 16 bks, busW=8 BL=4 CL=19, tRRD=6 tCCD=1, tRCD=19 tRAS=45 tRP=19 tRC=50
n_cmd=0 n_nop=0 n_act=0 n_pre=0 n_ref_event=0 n_req=0 n_rd=0 n_rd_L2_A=0 n_write=0 n_wr_bk=0 bw_util=-nan
n_activity=0 dram_eff=-nan
bk0: 0a 0i bk1: 0a 0i bk2: 0a 0i bk3: 0a 0i bk4: 0a 0i bk5: 0a 0i bk6: 0a 0i bk7: 0a 0i bk8: 0a 0i bk9: 0a 0i bk10: 0a 0i bk11: 0a 0i bk12: 0a 0i bk13: 0a 0i bk14: 0a 0i bk15: 0a 0i 

------------------------------------------------------------------------

Row_Buffer_Locality = -nan
Row_Buffer_Locality_read = -nan
Row_Buffer_Locality_write = -nan
Bank_Level_Parallism = -nan
Bank_Level_Parallism_Col = -nan
Bank_Level_Parallism_Ready = -nan
write_to_read_ratio_blp_rw_average = -nan
GrpLevelPara = -nan 

BW Util details:
bwutil = -nan 
total_CMD = 0 
util_bw = 0 
Wasted_Col = 0 
Wasted_Row = 0 
Idle = 0 

BW Util Bottlenecks: 
RCDc_limit = 0 
RCDWRc_limit = 0 
WTRc_limit = 0 
RTWc_limit = 0 
CCDLc_limit = 0 
rwq = 0 
CCDLc_limit_alone = 0 
WTRc_limit_alone = 0 
RTWc_limit_alone = 0 

Commands details: 
total_CMD = 0 
n_nop = 0 
Read = 0 
Write = 0 
L2_Alloc = 0 
L2_WB = 0 
n_act = 0 
n_pre = 0 
n_ref = 0 
n_req = 0 
total_req = 0 

Dual Bus Interface Util: 
issued_total_row = 0 
issued_total_col = 0 
Row_Bus_Util =  -nan 
CoL_Bus_Util = -nan 
Either_Row_CoL_Bus_Util = -nan 
Issued_on_Two_Bus_Simul_Util = -nan 
issued_two_Eff = -nan 
queue_avg = -nan 


dram_util_bins: 0 0 0 0 0 0 0 0 0 0
dram_eff_bins: 0 0 0 0 0 0 0 0 0 0
mrqq: max=0 avg=-nan
Memory Partition 16: 
Cache L2_bank_032:
MSHR contents

Cache L2_bank_033:
MSHR contents

In Dram Latency Queue (total = 0): 
DRAM[16]: 16 bks, busW=8 BL=4 CL=19, tRRD=6 tCCD=1, tRCD=19 tRAS=45 tRP=19 tRC=50
n_cmd=0 n_nop=0 n_act=0 n_pre=0 n_ref_event=0 n_req=0 n_rd=0 n_rd_L2_A=0 n_write=0 n_wr_bk=0 bw_util=-nan
n_activity=0 dram_eff=-nan
bk0: 0a 0i bk1: 0a 0i bk2: 0a 0i bk3: 0a 0i bk4: 0a 0i bk5: 0a 0i bk6: 0a 0i bk7: 0a 0i bk8: 0a 0i bk9: 0a 0i bk10: 0a 0i bk11: 0a 0i bk12: 0a 0i bk13: 0a 0i bk14: 0a 0i bk15: 0a 0i 

------------------------------------------------------------------------

Row_Buffer_Locality = -nan
Row_Buffer_Locality_read = -nan
Row_Buffer_Locality_write = -nan
Bank_Level_Parallism = -nan
Bank_Level_Parallism_Col = -nan
Bank_Level_Parallism_Ready = -nan
write_to_read_ratio_blp_rw_average = -nan
GrpLevelPara = -nan 

BW Util details:
bwutil = -nan 
total_CMD = 0 
util_bw = 0 
Wasted_Col = 0 
Wasted_Row = 0 
Idle = 0 

BW Util Bottlenecks: 
RCDc_limit = 0 
RCDWRc_limit = 0 
WTRc_limit = 0 
RTWc_limit = 0 
CCDLc_limit = 0 
rwq = 0 
CCDLc_limit_alone = 0 
WTRc_limit_alone = 0 
RTWc_limit_alone = 0 

Commands details: 
total_CMD = 0 
n_nop = 0 
Read = 0 
Write = 0 
L2_Alloc = 0 
L2_WB = 0 
n_act = 0 
n_pre = 0 
n_ref = 0 
n_req = 0 
total_req = 0 

Dual Bus Interface Util: 
issued_total_row = 0 
issued_total_col = 0 
Row_Bus_Util =  -nan 
CoL_Bus_Util = -nan 
Either_Row_CoL_Bus_Util = -nan 
Issued_on_Two_Bus_Simul_Util = -nan 
issued_two_Eff = -nan 
queue_avg = -nan 


dram_util_bins: 0 0 0 0 0 0 0 0 0 0
dram_eff_bins: 0 0 0 0 0 0 0 0 0 0
mrqq: max=0 avg=-nan
Memory Partition 17: 
Cache L2_bank_034:
MSHR contents

Cache L2_bank_035:
MSHR contents

In Dram Latency Queue (total = 0): 
DRAM[17]: 16 bks, busW=8 BL=4 CL=19, tRRD=6 tCCD=1, tRCD=19 tRAS=45 tRP=19 tRC=50
n_cmd=0 n_nop=0 n_act=0 n_pre=0 n_ref_event=0 n_req=0 n_rd=0 n_rd_L2_A=0 n_write=0 n_wr_bk=0 bw_util=-nan
n_activity=0 dram_eff=-nan
bk0: 0a 0i bk1: 0a 0i bk2: 0a 0i bk3: 0a 0i bk4: 0a 0i bk5: 0a 0i bk6: 0a 0i bk7: 0a 0i bk8: 0a 0i bk9: 0a 0i bk10: 0a 0i bk11: 0a 0i bk12: 0a 0i bk13: 0a 0i bk14: 0a 0i bk15: 0a 0i 

------------------------------------------------------------------------

Row_Buffer_Locality = -nan
Row_Buffer_Locality_read = -nan
Row_Buffer_Locality_write = -nan
Bank_Level_Parallism = -nan
Bank_Level_Parallism_Col = -nan
Bank_Level_Parallism_Ready = -nan
write_to_read_ratio_blp_rw_average = -nan
GrpLevelPara = -nan 

BW Util details:
bwutil = -nan 
total_CMD = 0 
util_bw = 0 
Wasted_Col = 0 
Wasted_Row = 0 
Idle = 0 

BW Util Bottlenecks: 
RCDc_limit = 0 
RCDWRc_limit = 0 
WTRc_limit = 0 
RTWc_limit = 0 
CCDLc_limit = 0 
rwq = 0 
CCDLc_limit_alone = 0 
WTRc_limit_alone = 0 
RTWc_limit_alone = 0 

Commands details: 
total_CMD = 0 
n_nop = 0 
Read = 0 
Write = 0 
L2_Alloc = 0 
L2_WB = 0 
n_act = 0 
n_pre = 0 
n_ref = 0 
n_req = 0 
total_req = 0 

Dual Bus Interface Util: 
issued_total_row = 0 
issued_total_col = 0 
Row_Bus_Util =  -nan 
CoL_Bus_Util = -nan 
Either_Row_CoL_Bus_Util = -nan 
Issued_on_Two_Bus_Simul_Util = -nan 
issued_two_Eff = -nan 
queue_avg = -nan 


dram_util_bins: 0 0 0 0 0 0 0 0 0 0
dram_eff_bins: 0 0 0 0 0 0 0 0 0 0
mrqq: max=0 avg=-nan
Memory Partition 18: 
Cache L2_bank_036:
MSHR contents

Cache L2_bank_037:
MSHR contents

In Dram Latency Queue (total = 0): 
DRAM[18]: 16 bks, busW=8 BL=4 CL=19, tRRD=6 tCCD=1, tRCD=19 tRAS=45 tRP=19 tRC=50
n_cmd=0 n_nop=0 n_act=0 n_pre=0 n_ref_event=0 n_req=0 n_rd=0 n_rd_L2_A=0 n_write=0 n_wr_bk=0 bw_util=-nan
n_activity=0 dram_eff=-nan
bk0: 0a 0i bk1: 0a 0i bk2: 0a 0i bk3: 0a 0i bk4: 0a 0i bk5: 0a 0i bk6: 0a 0i bk7: 0a 0i bk8: 0a 0i bk9: 0a 0i bk10: 0a 0i bk11: 0a 0i bk12: 0a 0i bk13: 0a 0i bk14: 0a 0i bk15: 0a 0i 

------------------------------------------------------------------------

Row_Buffer_Locality = -nan
Row_Buffer_Locality_read = -nan
Row_Buffer_Locality_write = -nan
Bank_Level_Parallism = -nan
Bank_Level_Parallism_Col = -nan
Bank_Level_Parallism_Ready = -nan
write_to_read_ratio_blp_rw_average = -nan
GrpLevelPara = -nan 

BW Util details:
bwutil = -nan 
total_CMD = 0 
util_bw = 0 
Wasted_Col = 0 
Wasted_Row = 0 
Idle = 0 

BW Util Bottlenecks: 
RCDc_limit = 0 
RCDWRc_limit = 0 
WTRc_limit = 0 
RTWc_limit = 0 
CCDLc_limit = 0 
rwq = 0 
CCDLc_limit_alone = 0 
WTRc_limit_alone = 0 
RTWc_limit_alone = 0 

Commands details: 
total_CMD = 0 
n_nop = 0 
Read = 0 
Write = 0 
L2_Alloc = 0 
L2_WB = 0 
n_act = 0 
n_pre = 0 
n_ref = 0 
n_req = 0 
total_req = 0 

Dual Bus Interface Util: 
issued_total_row = 0 
issued_total_col = 0 
Row_Bus_Util =  -nan 
CoL_Bus_Util = -nan 
Either_Row_CoL_Bus_Util = -nan 
Issued_on_Two_Bus_Simul_Util = -nan 
issued_two_Eff = -nan 
queue_avg = -nan 


dram_util_bins: 0 0 0 0 0 0 0 0 0 0
dram_eff_bins: 0 0 0 0 0 0 0 0 0 0
mrqq: max=0 avg=-nan
Memory Partition 19: 
Cache L2_bank_038:
MSHR contents

Cache L2_bank_039:
MSHR contents

In Dram Latency Queue (total = 0): 
DRAM[19]: 16 bks, busW=8 BL=4 CL=19, tRRD=6 tCCD=1, tRCD=19 tRAS=45 tRP=19 tRC=50
n_cmd=0 n_nop=0 n_act=0 n_pre=0 n_ref_event=0 n_req=0 n_rd=0 n_rd_L2_A=0 n_write=0 n_wr_bk=0 bw_util=-nan
n_activity=0 dram_eff=-nan
bk0: 0a 0i bk1: 0a 0i bk2: 0a 0i bk3: 0a 0i bk4: 0a 0i bk5: 0a 0i bk6: 0a 0i bk7: 0a 0i bk8: 0a 0i bk9: 0a 0i bk10: 0a 0i bk11: 0a 0i bk12: 0a 0i bk13: 0a 0i bk14: 0a 0i bk15: 0a 0i 

------------------------------------------------------------------------

Row_Buffer_Locality = -nan
Row_Buffer_Locality_read = -nan
Row_Buffer_Locality_write = -nan
Bank_Level_Parallism = -nan
Bank_Level_Parallism_Col = -nan
Bank_Level_Parallism_Ready = -nan
write_to_read_ratio_blp_rw_average = -nan
GrpLevelPara = -nan 

BW Util details:
bwutil = -nan 
total_CMD = 0 
util_bw = 0 
Wasted_Col = 0 
Wasted_Row = 0 
Idle = 0 

BW Util Bottlenecks: 
RCDc_limit = 0 
RCDWRc_limit = 0 
WTRc_limit = 0 
RTWc_limit = 0 
CCDLc_limit = 0 
rwq = 0 
CCDLc_limit_alone = 0 
WTRc_limit_alone = 0 
RTWc_limit_alone = 0 

Commands details: 
total_CMD = 0 
n_nop = 0 
Read = 0 
Write = 0 
L2_Alloc = 0 
L2_WB = 0 
n_act = 0 
n_pre = 0 
n_ref = 0 
n_req = 0 
total_req = 0 

Dual Bus Interface Util: 
issued_total_row = 0 
issued_total_col = 0 
Row_Bus_Util =  -nan 
CoL_Bus_Util = -nan 
Either_Row_CoL_Bus_Util = -nan 
Issued_on_Two_Bus_Simul_Util = -nan 
issued_two_Eff = -nan 
queue_avg = -nan 


dram_util_bins: 0 0 0 0 0 0 0 0 0 0
dram_eff_bins: 0 0 0 0 0 0 0 0 0 0
mrqq: max=0 avg=-nan
Memory Partition 20: 
Cache L2_bank_040:
MSHR contents

Cache L2_bank_041:
MSHR contents

In Dram Latency Queue (total = 0): 
DRAM[20]: 16 bks, busW=8 BL=4 CL=19, tRRD=6 tCCD=1, tRCD=19 tRAS=45 tRP=19 tRC=50
n_cmd=0 n_nop=0 n_act=0 n_pre=0 n_ref_event=0 n_req=0 n_rd=0 n_rd_L2_A=0 n_write=0 n_wr_bk=0 bw_util=-nan
n_activity=0 dram_eff=-nan
bk0: 0a 0i bk1: 0a 0i bk2: 0a 0i bk3: 0a 0i bk4: 0a 0i bk5: 0a 0i bk6: 0a 0i bk7: 0a 0i bk8: 0a 0i bk9: 0a 0i bk10: 0a 0i bk11: 0a 0i bk12: 0a 0i bk13: 0a 0i bk14: 0a 0i bk15: 0a 0i 

------------------------------------------------------------------------

Row_Buffer_Locality = -nan
Row_Buffer_Locality_read = -nan
Row_Buffer_Locality_write = -nan
Bank_Level_Parallism = -nan
Bank_Level_Parallism_Col = -nan
Bank_Level_Parallism_Ready = -nan
write_to_read_ratio_blp_rw_average = -nan
GrpLevelPara = -nan 

BW Util details:
bwutil = -nan 
total_CMD = 0 
util_bw = 0 
Wasted_Col = 0 
Wasted_Row = 0 
Idle = 0 

BW Util Bottlenecks: 
RCDc_limit = 0 
RCDWRc_limit = 0 
WTRc_limit = 0 
RTWc_limit = 0 
CCDLc_limit = 0 
rwq = 0 
CCDLc_limit_alone = 0 
WTRc_limit_alone = 0 
RTWc_limit_alone = 0 

Commands details: 
total_CMD = 0 
n_nop = 0 
Read = 0 
Write = 0 
L2_Alloc = 0 
L2_WB = 0 
n_act = 0 
n_pre = 0 
n_ref = 0 
n_req = 0 
total_req = 0 

Dual Bus Interface Util: 
issued_total_row = 0 
issued_total_col = 0 
Row_Bus_Util =  -nan 
CoL_Bus_Util = -nan 
Either_Row_CoL_Bus_Util = -nan 
Issued_on_Two_Bus_Simul_Util = -nan 
issued_two_Eff = -nan 
queue_avg = -nan 


dram_util_bins: 0 0 0 0 0 0 0 0 0 0
dram_eff_bins: 0 0 0 0 0 0 0 0 0 0
mrqq: max=0 avg=-nan
Memory Partition 21: 
Cache L2_bank_042:
MSHR contents

Cache L2_bank_043:
MSHR contents

In Dram Latency Queue (total = 0): 
DRAM[21]: 16 bks, busW=8 BL=4 CL=19, tRRD=6 tCCD=1, tRCD=19 tRAS=45 tRP=19 tRC=50
n_cmd=0 n_nop=0 n_act=0 n_pre=0 n_ref_event=0 n_req=0 n_rd=0 n_rd_L2_A=0 n_write=0 n_wr_bk=0 bw_util=-nan
n_activity=0 dram_eff=-nan
bk0: 0a 0i bk1: 0a 0i bk2: 0a 0i bk3: 0a 0i bk4: 0a 0i bk5: 0a 0i bk6: 0a 0i bk7: 0a 0i bk8: 0a 0i bk9: 0a 0i bk10: 0a 0i bk11: 0a 0i bk12: 0a 0i bk13: 0a 0i bk14: 0a 0i bk15: 0a 0i 

------------------------------------------------------------------------

Row_Buffer_Locality = -nan
Row_Buffer_Locality_read = -nan
Row_Buffer_Locality_write = -nan
Bank_Level_Parallism = -nan
Bank_Level_Parallism_Col = -nan
Bank_Level_Parallism_Ready = -nan
write_to_read_ratio_blp_rw_average = -nan
GrpLevelPara = -nan 

BW Util details:
bwutil = -nan 
total_CMD = 0 
util_bw = 0 
Wasted_Col = 0 
Wasted_Row = 0 
Idle = 0 

BW Util Bottlenecks: 
RCDc_limit = 0 
RCDWRc_limit = 0 
WTRc_limit = 0 
RTWc_limit = 0 
CCDLc_limit = 0 
rwq = 0 
CCDLc_limit_alone = 0 
WTRc_limit_alone = 0 
RTWc_limit_alone = 0 

Commands details: 
total_CMD = 0 
n_nop = 0 
Read = 0 
Write = 0 
L2_Alloc = 0 
L2_WB = 0 
n_act = 0 
n_pre = 0 
n_ref = 0 
n_req = 0 
total_req = 0 

Dual Bus Interface Util: 
issued_total_row = 0 
issued_total_col = 0 
Row_Bus_Util =  -nan 
CoL_Bus_Util = -nan 
Either_Row_CoL_Bus_Util = -nan 
Issued_on_Two_Bus_Simul_Util = -nan 
issued_two_Eff = -nan 
queue_avg = -nan 


dram_util_bins: 0 0 0 0 0 0 0 0 0 0
dram_eff_bins: 0 0 0 0 0 0 0 0 0 0
mrqq: max=0 avg=-nan
Memory Partition 22: 
Cache L2_bank_044:
MSHR contents

Cache L2_bank_045:
MSHR contents

In Dram Latency Queue (total = 0): 
DRAM[22]: 16 bks, busW=8 BL=4 CL=19, tRRD=6 tCCD=1, tRCD=19 tRAS=45 tRP=19 tRC=50
n_cmd=0 n_nop=0 n_act=0 n_pre=0 n_ref_event=0 n_req=0 n_rd=0 n_rd_L2_A=0 n_write=0 n_wr_bk=0 bw_util=-nan
n_activity=0 dram_eff=-nan
bk0: 0a 0i bk1: 0a 0i bk2: 0a 0i bk3: 0a 0i bk4: 0a 0i bk5: 0a 0i bk6: 0a 0i bk7: 0a 0i bk8: 0a 0i bk9: 0a 0i bk10: 0a 0i bk11: 0a 0i bk12: 0a 0i bk13: 0a 0i bk14: 0a 0i bk15: 0a 0i 

------------------------------------------------------------------------

Row_Buffer_Locality = -nan
Row_Buffer_Locality_read = -nan
Row_Buffer_Locality_write = -nan
Bank_Level_Parallism = -nan
Bank_Level_Parallism_Col = -nan
Bank_Level_Parallism_Ready = -nan
write_to_read_ratio_blp_rw_average = -nan
GrpLevelPara = -nan 

BW Util details:
bwutil = -nan 
total_CMD = 0 
util_bw = 0 
Wasted_Col = 0 
Wasted_Row = 0 
Idle = 0 

BW Util Bottlenecks: 
RCDc_limit = 0 
RCDWRc_limit = 0 
WTRc_limit = 0 
RTWc_limit = 0 
CCDLc_limit = 0 
rwq = 0 
CCDLc_limit_alone = 0 
WTRc_limit_alone = 0 
RTWc_limit_alone = 0 

Commands details: 
total_CMD = 0 
n_nop = 0 
Read = 0 
Write = 0 
L2_Alloc = 0 
L2_WB = 0 
n_act = 0 
n_pre = 0 
n_ref = 0 
n_req = 0 
total_req = 0 

Dual Bus Interface Util: 
issued_total_row = 0 
issued_total_col = 0 
Row_Bus_Util =  -nan 
CoL_Bus_Util = -nan 
Either_Row_CoL_Bus_Util = -nan 
Issued_on_Two_Bus_Simul_Util = -nan 
issued_two_Eff = -nan 
queue_avg = -nan 


dram_util_bins: 0 0 0 0 0 0 0 0 0 0
dram_eff_bins: 0 0 0 0 0 0 0 0 0 0
mrqq: max=0 avg=-nan
Memory Partition 23: 
Cache L2_bank_046:
MSHR contents

Cache L2_bank_047:
MSHR contents

In Dram Latency Queue (total = 0): 
DRAM[23]: 16 bks, busW=8 BL=4 CL=19, tRRD=6 tCCD=1, tRCD=19 tRAS=45 tRP=19 tRC=50
n_cmd=0 n_nop=0 n_act=0 n_pre=0 n_ref_event=0 n_req=0 n_rd=0 n_rd_L2_A=0 n_write=0 n_wr_bk=0 bw_util=-nan
n_activity=0 dram_eff=-nan
bk0: 0a 0i bk1: 0a 0i bk2: 0a 0i bk3: 0a 0i bk4: 0a 0i bk5: 0a 0i bk6: 0a 0i bk7: 0a 0i bk8: 0a 0i bk9: 0a 0i bk10: 0a 0i bk11: 0a 0i bk12: 0a 0i bk13: 0a 0i bk14: 0a 0i bk15: 0a 0i 

------------------------------------------------------------------------

Row_Buffer_Locality = -nan
Row_Buffer_Locality_read = -nan
Row_Buffer_Locality_write = -nan
Bank_Level_Parallism = -nan
Bank_Level_Parallism_Col = -nan
Bank_Level_Parallism_Ready = -nan
write_to_read_ratio_blp_rw_average = -nan
GrpLevelPara = -nan 

BW Util details:
bwutil = -nan 
total_CMD = 0 
util_bw = 0 
Wasted_Col = 0 
Wasted_Row = 0 
Idle = 0 

BW Util Bottlenecks: 
RCDc_limit = 0 
RCDWRc_limit = 0 
WTRc_limit = 0 
RTWc_limit = 0 
CCDLc_limit = 0 
rwq = 0 
CCDLc_limit_alone = 0 
WTRc_limit_alone = 0 
RTWc_limit_alone = 0 

Commands details: 
total_CMD = 0 
n_nop = 0 
Read = 0 
Write = 0 
L2_Alloc = 0 
L2_WB = 0 
n_act = 0 
n_pre = 0 
n_ref = 0 
n_req = 0 
total_req = 0 

Dual Bus Interface Util: 
issued_total_row = 0 
issued_total_col = 0 
Row_Bus_Util =  -nan 
CoL_Bus_Util = -nan 
Either_Row_CoL_Bus_Util = -nan 
Issued_on_Two_Bus_Simul_Util = -nan 
issued_two_Eff = -nan 
queue_avg = -nan 


dram_util_bins: 0 0 0 0 0 0 0 0 0 0
dram_eff_bins: 0 0 0 0 0 0 0 0 0 0
mrqq: max=0 avg=-nan
Memory Partition 24: 
Cache L2_bank_048:
MSHR contents

Cache L2_bank_049:
MSHR contents

In Dram Latency Queue (total = 0): 
DRAM[24]: 16 bks, busW=8 BL=4 CL=19, tRRD=6 tCCD=1, tRCD=19 tRAS=45 tRP=19 tRC=50
n_cmd=0 n_nop=0 n_act=0 n_pre=0 n_ref_event=0 n_req=0 n_rd=0 n_rd_L2_A=0 n_write=0 n_wr_bk=0 bw_util=-nan
n_activity=0 dram_eff=-nan
bk0: 0a 0i bk1: 0a 0i bk2: 0a 0i bk3: 0a 0i bk4: 0a 0i bk5: 0a 0i bk6: 0a 0i bk7: 0a 0i bk8: 0a 0i bk9: 0a 0i bk10: 0a 0i bk11: 0a 0i bk12: 0a 0i bk13: 0a 0i bk14: 0a 0i bk15: 0a 0i 

------------------------------------------------------------------------

Row_Buffer_Locality = -nan
Row_Buffer_Locality_read = -nan
Row_Buffer_Locality_write = -nan
Bank_Level_Parallism = -nan
Bank_Level_Parallism_Col = -nan
Bank_Level_Parallism_Ready = -nan
write_to_read_ratio_blp_rw_average = -nan
GrpLevelPara = -nan 

BW Util details:
bwutil = -nan 
total_CMD = 0 
util_bw = 0 
Wasted_Col = 0 
Wasted_Row = 0 
Idle = 0 

BW Util Bottlenecks: 
RCDc_limit = 0 
RCDWRc_limit = 0 
WTRc_limit = 0 
RTWc_limit = 0 
CCDLc_limit = 0 
rwq = 0 
CCDLc_limit_alone = 0 
WTRc_limit_alone = 0 
RTWc_limit_alone = 0 

Commands details: 
total_CMD = 0 
n_nop = 0 
Read = 0 
Write = 0 
L2_Alloc = 0 
L2_WB = 0 
n_act = 0 
n_pre = 0 
n_ref = 0 
n_req = 0 
total_req = 0 

Dual Bus Interface Util: 
issued_total_row = 0 
issued_total_col = 0 
Row_Bus_Util =  -nan 
CoL_Bus_Util = -nan 
Either_Row_CoL_Bus_Util = -nan 
Issued_on_Two_Bus_Simul_Util = -nan 
issued_two_Eff = -nan 
queue_avg = -nan 


dram_util_bins: 0 0 0 0 0 0 0 0 0 0
dram_eff_bins: 0 0 0 0 0 0 0 0 0 0
mrqq: max=0 avg=-nan
Memory Partition 25: 
Cache L2_bank_050:
MSHR contents

Cache L2_bank_051:
MSHR contents

In Dram Latency Queue (total = 0): 
DRAM[25]: 16 bks, busW=8 BL=4 CL=19, tRRD=6 tCCD=1, tRCD=19 tRAS=45 tRP=19 tRC=50
n_cmd=0 n_nop=0 n_act=0 n_pre=0 n_ref_event=0 n_req=0 n_rd=0 n_rd_L2_A=0 n_write=0 n_wr_bk=0 bw_util=-nan
n_activity=0 dram_eff=-nan
bk0: 0a 0i bk1: 0a 0i bk2: 0a 0i bk3: 0a 0i bk4: 0a 0i bk5: 0a 0i bk6: 0a 0i bk7: 0a 0i bk8: 0a 0i bk9: 0a 0i bk10: 0a 0i bk11: 0a 0i bk12: 0a 0i bk13: 0a 0i bk14: 0a 0i bk15: 0a 0i 

------------------------------------------------------------------------

Row_Buffer_Locality = -nan
Row_Buffer_Locality_read = -nan
Row_Buffer_Locality_write = -nan
Bank_Level_Parallism = -nan
Bank_Level_Parallism_Col = -nan
Bank_Level_Parallism_Ready = -nan
write_to_read_ratio_blp_rw_average = -nan
GrpLevelPara = -nan 

BW Util details:
bwutil = -nan 
total_CMD = 0 
util_bw = 0 
Wasted_Col = 0 
Wasted_Row = 0 
Idle = 0 

BW Util Bottlenecks: 
RCDc_limit = 0 
RCDWRc_limit = 0 
WTRc_limit = 0 
RTWc_limit = 0 
CCDLc_limit = 0 
rwq = 0 
CCDLc_limit_alone = 0 
WTRc_limit_alone = 0 
RTWc_limit_alone = 0 

Commands details: 
total_CMD = 0 
n_nop = 0 
Read = 0 
Write = 0 
L2_Alloc = 0 
L2_WB = 0 
n_act = 0 
n_pre = 0 
n_ref = 0 
n_req = 0 
total_req = 0 

Dual Bus Interface Util: 
issued_total_row = 0 
issued_total_col = 0 
Row_Bus_Util =  -nan 
CoL_Bus_Util = -nan 
Either_Row_CoL_Bus_Util = -nan 
Issued_on_Two_Bus_Simul_Util = -nan 
issued_two_Eff = -nan 
queue_avg = -nan 


dram_util_bins: 0 0 0 0 0 0 0 0 0 0
dram_eff_bins: 0 0 0 0 0 0 0 0 0 0
mrqq: max=0 avg=-nan
Memory Partition 26: 
Cache L2_bank_052:
MSHR contents

Cache L2_bank_053:
MSHR contents

In Dram Latency Queue (total = 0): 
DRAM[26]: 16 bks, busW=8 BL=4 CL=19, tRRD=6 tCCD=1, tRCD=19 tRAS=45 tRP=19 tRC=50
n_cmd=0 n_nop=0 n_act=0 n_pre=0 n_ref_event=0 n_req=0 n_rd=0 n_rd_L2_A=0 n_write=0 n_wr_bk=0 bw_util=-nan
n_activity=0 dram_eff=-nan
bk0: 0a 0i bk1: 0a 0i bk2: 0a 0i bk3: 0a 0i bk4: 0a 0i bk5: 0a 0i bk6: 0a 0i bk7: 0a 0i bk8: 0a 0i bk9: 0a 0i bk10: 0a 0i bk11: 0a 0i bk12: 0a 0i bk13: 0a 0i bk14: 0a 0i bk15: 0a 0i 

------------------------------------------------------------------------

Row_Buffer_Locality = -nan
Row_Buffer_Locality_read = -nan
Row_Buffer_Locality_write = -nan
Bank_Level_Parallism = -nan
Bank_Level_Parallism_Col = -nan
Bank_Level_Parallism_Ready = -nan
write_to_read_ratio_blp_rw_average = -nan
GrpLevelPara = -nan 

BW Util details:
bwutil = -nan 
total_CMD = 0 
util_bw = 0 
Wasted_Col = 0 
Wasted_Row = 0 
Idle = 0 

BW Util Bottlenecks: 
RCDc_limit = 0 
RCDWRc_limit = 0 
WTRc_limit = 0 
RTWc_limit = 0 
CCDLc_limit = 0 
rwq = 0 
CCDLc_limit_alone = 0 
WTRc_limit_alone = 0 
RTWc_limit_alone = 0 

Commands details: 
total_CMD = 0 
n_nop = 0 
Read = 0 
Write = 0 
L2_Alloc = 0 
L2_WB = 0 
n_act = 0 
n_pre = 0 
n_ref = 0 
n_req = 0 
total_req = 0 

Dual Bus Interface Util: 
issued_total_row = 0 
issued_total_col = 0 
Row_Bus_Util =  -nan 
CoL_Bus_Util = -nan 
Either_Row_CoL_Bus_Util = -nan 
Issued_on_Two_Bus_Simul_Util = -nan 
issued_two_Eff = -nan 
queue_avg = -nan 


dram_util_bins: 0 0 0 0 0 0 0 0 0 0
dram_eff_bins: 0 0 0 0 0 0 0 0 0 0
mrqq: max=0 avg=-nan
Memory Partition 27: 
Cache L2_bank_054:
MSHR contents

Cache L2_bank_055:
MSHR contents

In Dram Latency Queue (total = 0): 
DRAM[27]: 16 bks, busW=8 BL=4 CL=19, tRRD=6 tCCD=1, tRCD=19 tRAS=45 tRP=19 tRC=50
n_cmd=0 n_nop=0 n_act=0 n_pre=0 n_ref_event=0 n_req=0 n_rd=0 n_rd_L2_A=0 n_write=0 n_wr_bk=0 bw_util=-nan
n_activity=0 dram_eff=-nan
bk0: 0a 0i bk1: 0a 0i bk2: 0a 0i bk3: 0a 0i bk4: 0a 0i bk5: 0a 0i bk6: 0a 0i bk7: 0a 0i bk8: 0a 0i bk9: 0a 0i bk10: 0a 0i bk11: 0a 0i bk12: 0a 0i bk13: 0a 0i bk14: 0a 0i bk15: 0a 0i 

------------------------------------------------------------------------

Row_Buffer_Locality = -nan
Row_Buffer_Locality_read = -nan
Row_Buffer_Locality_write = -nan
Bank_Level_Parallism = -nan
Bank_Level_Parallism_Col = -nan
Bank_Level_Parallism_Ready = -nan
write_to_read_ratio_blp_rw_average = -nan
GrpLevelPara = -nan 

BW Util details:
bwutil = -nan 
total_CMD = 0 
util_bw = 0 
Wasted_Col = 0 
Wasted_Row = 0 
Idle = 0 

BW Util Bottlenecks: 
RCDc_limit = 0 
RCDWRc_limit = 0 
WTRc_limit = 0 
RTWc_limit = 0 
CCDLc_limit = 0 
rwq = 0 
CCDLc_limit_alone = 0 
WTRc_limit_alone = 0 
RTWc_limit_alone = 0 

Commands details: 
total_CMD = 0 
n_nop = 0 
Read = 0 
Write = 0 
L2_Alloc = 0 
L2_WB = 0 
n_act = 0 
n_pre = 0 
n_ref = 0 
n_req = 0 
total_req = 0 

Dual Bus Interface Util: 
issued_total_row = 0 
issued_total_col = 0 
Row_Bus_Util =  -nan 
CoL_Bus_Util = -nan 
Either_Row_CoL_Bus_Util = -nan 
Issued_on_Two_Bus_Simul_Util = -nan 
issued_two_Eff = -nan 
queue_avg = -nan 


dram_util_bins: 0 0 0 0 0 0 0 0 0 0
dram_eff_bins: 0 0 0 0 0 0 0 0 0 0
mrqq: max=0 avg=-nan
Memory Partition 28: 
Cache L2_bank_056:
MSHR contents

Cache L2_bank_057:
MSHR contents

In Dram Latency Queue (total = 0): 
DRAM[28]: 16 bks, busW=8 BL=4 CL=19, tRRD=6 tCCD=1, tRCD=19 tRAS=45 tRP=19 tRC=50
n_cmd=0 n_nop=0 n_act=0 n_pre=0 n_ref_event=0 n_req=0 n_rd=0 n_rd_L2_A=0 n_write=0 n_wr_bk=0 bw_util=-nan
n_activity=0 dram_eff=-nan
bk0: 0a 0i bk1: 0a 0i bk2: 0a 0i bk3: 0a 0i bk4: 0a 0i bk5: 0a 0i bk6: 0a 0i bk7: 0a 0i bk8: 0a 0i bk9: 0a 0i bk10: 0a 0i bk11: 0a 0i bk12: 0a 0i bk13: 0a 0i bk14: 0a 0i bk15: 0a 0i 

------------------------------------------------------------------------

Row_Buffer_Locality = -nan
Row_Buffer_Locality_read = -nan
Row_Buffer_Locality_write = -nan
Bank_Level_Parallism = -nan
Bank_Level_Parallism_Col = -nan
Bank_Level_Parallism_Ready = -nan
write_to_read_ratio_blp_rw_average = -nan
GrpLevelPara = -nan 

BW Util details:
bwutil = -nan 
total_CMD = 0 
util_bw = 0 
Wasted_Col = 0 
Wasted_Row = 0 
Idle = 0 

BW Util Bottlenecks: 
RCDc_limit = 0 
RCDWRc_limit = 0 
WTRc_limit = 0 
RTWc_limit = 0 
CCDLc_limit = 0 
rwq = 0 
CCDLc_limit_alone = 0 
WTRc_limit_alone = 0 
RTWc_limit_alone = 0 

Commands details: 
total_CMD = 0 
n_nop = 0 
Read = 0 
Write = 0 
L2_Alloc = 0 
L2_WB = 0 
n_act = 0 
n_pre = 0 
n_ref = 0 
n_req = 0 
total_req = 0 

Dual Bus Interface Util: 
issued_total_row = 0 
issued_total_col = 0 
Row_Bus_Util =  -nan 
CoL_Bus_Util = -nan 
Either_Row_CoL_Bus_Util = -nan 
Issued_on_Two_Bus_Simul_Util = -nan 
issued_two_Eff = -nan 
queue_avg = -nan 


dram_util_bins: 0 0 0 0 0 0 0 0 0 0
dram_eff_bins: 0 0 0 0 0 0 0 0 0 0
mrqq: max=0 avg=-nan
Memory Partition 29: 
Cache L2_bank_058:
MSHR contents

Cache L2_bank_059:
MSHR contents

In Dram Latency Queue (total = 0): 
DRAM[29]: 16 bks, busW=8 BL=4 CL=19, tRRD=6 tCCD=1, tRCD=19 tRAS=45 tRP=19 tRC=50
n_cmd=0 n_nop=0 n_act=0 n_pre=0 n_ref_event=0 n_req=0 n_rd=0 n_rd_L2_A=0 n_write=0 n_wr_bk=0 bw_util=-nan
n_activity=0 dram_eff=-nan
bk0: 0a 0i bk1: 0a 0i bk2: 0a 0i bk3: 0a 0i bk4: 0a 0i bk5: 0a 0i bk6: 0a 0i bk7: 0a 0i bk8: 0a 0i bk9: 0a 0i bk10: 0a 0i bk11: 0a 0i bk12: 0a 0i bk13: 0a 0i bk14: 0a 0i bk15: 0a 0i 

------------------------------------------------------------------------

Row_Buffer_Locality = -nan
Row_Buffer_Locality_read = -nan
Row_Buffer_Locality_write = -nan
Bank_Level_Parallism = -nan
Bank_Level_Parallism_Col = -nan
Bank_Level_Parallism_Ready = -nan
write_to_read_ratio_blp_rw_average = -nan
GrpLevelPara = -nan 

BW Util details:
bwutil = -nan 
total_CMD = 0 
util_bw = 0 
Wasted_Col = 0 
Wasted_Row = 0 
Idle = 0 

BW Util Bottlenecks: 
RCDc_limit = 0 
RCDWRc_limit = 0 
WTRc_limit = 0 
RTWc_limit = 0 
CCDLc_limit = 0 
rwq = 0 
CCDLc_limit_alone = 0 
WTRc_limit_alone = 0 
RTWc_limit_alone = 0 

Commands details: 
total_CMD = 0 
n_nop = 0 
Read = 0 
Write = 0 
L2_Alloc = 0 
L2_WB = 0 
n_act = 0 
n_pre = 0 
n_ref = 0 
n_req = 0 
total_req = 0 

Dual Bus Interface Util: 
issued_total_row = 0 
issued_total_col = 0 
Row_Bus_Util =  -nan 
CoL_Bus_Util = -nan 
Either_Row_CoL_Bus_Util = -nan 
Issued_on_Two_Bus_Simul_Util = -nan 
issued_two_Eff = -nan 
queue_avg = -nan 


dram_util_bins: 0 0 0 0 0 0 0 0 0 0
dram_eff_bins: 0 0 0 0 0 0 0 0 0 0
mrqq: max=0 avg=-nan
Memory Partition 30: 
Cache L2_bank_060:
MSHR contents

Cache L2_bank_061:
MSHR contents

In Dram Latency Queue (total = 0): 
DRAM[30]: 16 bks, busW=8 BL=4 CL=19, tRRD=6 tCCD=1, tRCD=19 tRAS=45 tRP=19 tRC=50
n_cmd=0 n_nop=0 n_act=0 n_pre=0 n_ref_event=0 n_req=0 n_rd=0 n_rd_L2_A=0 n_write=0 n_wr_bk=0 bw_util=-nan
n_activity=0 dram_eff=-nan
bk0: 0a 0i bk1: 0a 0i bk2: 0a 0i bk3: 0a 0i bk4: 0a 0i bk5: 0a 0i bk6: 0a 0i bk7: 0a 0i bk8: 0a 0i bk9: 0a 0i bk10: 0a 0i bk11: 0a 0i bk12: 0a 0i bk13: 0a 0i bk14: 0a 0i bk15: 0a 0i 

------------------------------------------------------------------------

Row_Buffer_Locality = -nan
Row_Buffer_Locality_read = -nan
Row_Buffer_Locality_write = -nan
Bank_Level_Parallism = -nan
Bank_Level_Parallism_Col = -nan
Bank_Level_Parallism_Ready = -nan
write_to_read_ratio_blp_rw_average = -nan
GrpLevelPara = -nan 

BW Util details:
bwutil = -nan 
total_CMD = 0 
util_bw = 0 
Wasted_Col = 0 
Wasted_Row = 0 
Idle = 0 

BW Util Bottlenecks: 
RCDc_limit = 0 
RCDWRc_limit = 0 
WTRc_limit = 0 
RTWc_limit = 0 
CCDLc_limit = 0 
rwq = 0 
CCDLc_limit_alone = 0 
WTRc_limit_alone = 0 
RTWc_limit_alone = 0 

Commands details: 
total_CMD = 0 
n_nop = 0 
Read = 0 
Write = 0 
L2_Alloc = 0 
L2_WB = 0 
n_act = 0 
n_pre = 0 
n_ref = 0 
n_req = 0 
total_req = 0 

Dual Bus Interface Util: 
issued_total_row = 0 
issued_total_col = 0 
Row_Bus_Util =  -nan 
CoL_Bus_Util = -nan 
Either_Row_CoL_Bus_Util = -nan 
Issued_on_Two_Bus_Simul_Util = -nan 
issued_two_Eff = -nan 
queue_avg = -nan 


dram_util_bins: 0 0 0 0 0 0 0 0 0 0
dram_eff_bins: 0 0 0 0 0 0 0 0 0 0
mrqq: max=0 avg=-nan
Memory Partition 31: 
Cache L2_bank_062:
MSHR contents

Cache L2_bank_063:
MSHR contents

In Dram Latency Queue (total = 0): 
DRAM[31]: 16 bks, busW=8 BL=4 CL=19, tRRD=6 tCCD=1, tRCD=19 tRAS=45 tRP=19 tRC=50
n_cmd=0 n_nop=0 n_act=0 n_pre=0 n_ref_event=0 n_req=0 n_rd=0 n_rd_L2_A=0 n_write=0 n_wr_bk=0 bw_util=-nan
n_activity=0 dram_eff=-nan
bk0: 0a 0i bk1: 0a 0i bk2: 0a 0i bk3: 0a 0i bk4: 0a 0i bk5: 0a 0i bk6: 0a 0i bk7: 0a 0i bk8: 0a 0i bk9: 0a 0i bk10: 0a 0i bk11: 0a 0i bk12: 0a 0i bk13: 0a 0i bk14: 0a 0i bk15: 0a 0i 

------------------------------------------------------------------------

Row_Buffer_Locality = -nan
Row_Buffer_Locality_read = -nan
Row_Buffer_Locality_write = -nan
Bank_Level_Parallism = -nan
Bank_Level_Parallism_Col = -nan
Bank_Level_Parallism_Ready = -nan
write_to_read_ratio_blp_rw_average = -nan
GrpLevelPara = -nan 

BW Util details:
bwutil = -nan 
total_CMD = 0 
util_bw = 0 
Wasted_Col = 0 
Wasted_Row = 0 
Idle = 0 

BW Util Bottlenecks: 
RCDc_limit = 0 
RCDWRc_limit = 0 
WTRc_limit = 0 
RTWc_limit = 0 
CCDLc_limit = 0 
rwq = 0 
CCDLc_limit_alone = 0 
WTRc_limit_alone = 0 
RTWc_limit_alone = 0 

Commands details: 
total_CMD = 0 
n_nop = 0 
Read = 0 
Write = 0 
L2_Alloc = 0 
L2_WB = 0 
n_act = 0 
n_pre = 0 
n_ref = 0 
n_req = 0 
total_req = 0 

Dual Bus Interface Util: 
issued_total_row = 0 
issued_total_col = 0 
Row_Bus_Util =  -nan 
CoL_Bus_Util = -nan 
Either_Row_CoL_Bus_Util = -nan 
Issued_on_Two_Bus_Simul_Util = -nan 
issued_two_Eff = -nan 
queue_avg = -nan 


dram_util_bins: 0 0 0 0 0 0 0 0 0 0
dram_eff_bins: 0 0 0 0 0 0 0 0 0 0
mrqq: max=0 avg=-nan
Memory Partition 32: 
Cache L2_bank_064:
MSHR contents

Cache L2_bank_065:
MSHR contents

In Dram Latency Queue (total = 0): 
DRAM[32]: 16 bks, busW=8 BL=4 CL=19, tRRD=6 tCCD=1, tRCD=19 tRAS=45 tRP=19 tRC=50
n_cmd=0 n_nop=0 n_act=0 n_pre=0 n_ref_event=0 n_req=0 n_rd=0 n_rd_L2_A=0 n_write=0 n_wr_bk=0 bw_util=-nan
n_activity=0 dram_eff=-nan
bk0: 0a 0i bk1: 0a 0i bk2: 0a 0i bk3: 0a 0i bk4: 0a 0i bk5: 0a 0i bk6: 0a 0i bk7: 0a 0i bk8: 0a 0i bk9: 0a 0i bk10: 0a 0i bk11: 0a 0i bk12: 0a 0i bk13: 0a 0i bk14: 0a 0i bk15: 0a 0i 

------------------------------------------------------------------------

Row_Buffer_Locality = -nan
Row_Buffer_Locality_read = -nan
Row_Buffer_Locality_write = -nan
Bank_Level_Parallism = -nan
Bank_Level_Parallism_Col = -nan
Bank_Level_Parallism_Ready = -nan
write_to_read_ratio_blp_rw_average = -nan
GrpLevelPara = -nan 

BW Util details:
bwutil = -nan 
total_CMD = 0 
util_bw = 0 
Wasted_Col = 0 
Wasted_Row = 0 
Idle = 0 

BW Util Bottlenecks: 
RCDc_limit = 0 
RCDWRc_limit = 0 
WTRc_limit = 0 
RTWc_limit = 0 
CCDLc_limit = 0 
rwq = 0 
CCDLc_limit_alone = 0 
WTRc_limit_alone = 0 
RTWc_limit_alone = 0 

Commands details: 
total_CMD = 0 
n_nop = 0 
Read = 0 
Write = 0 
L2_Alloc = 0 
L2_WB = 0 
n_act = 0 
n_pre = 0 
n_ref = 0 
n_req = 0 
total_req = 0 

Dual Bus Interface Util: 
issued_total_row = 0 
issued_total_col = 0 
Row_Bus_Util =  -nan 
CoL_Bus_Util = -nan 
Either_Row_CoL_Bus_Util = -nan 
Issued_on_Two_Bus_Simul_Util = -nan 
issued_two_Eff = -nan 
queue_avg = -nan 


dram_util_bins: 0 0 0 0 0 0 0 0 0 0
dram_eff_bins: 0 0 0 0 0 0 0 0 0 0
mrqq: max=0 avg=-nan
Memory Partition 33: 
Cache L2_bank_066:
MSHR contents

Cache L2_bank_067:
MSHR contents

In Dram Latency Queue (total = 0): 
DRAM[33]: 16 bks, busW=8 BL=4 CL=19, tRRD=6 tCCD=1, tRCD=19 tRAS=45 tRP=19 tRC=50
n_cmd=0 n_nop=0 n_act=0 n_pre=0 n_ref_event=0 n_req=0 n_rd=0 n_rd_L2_A=0 n_write=0 n_wr_bk=0 bw_util=-nan
n_activity=0 dram_eff=-nan
bk0: 0a 0i bk1: 0a 0i bk2: 0a 0i bk3: 0a 0i bk4: 0a 0i bk5: 0a 0i bk6: 0a 0i bk7: 0a 0i bk8: 0a 0i bk9: 0a 0i bk10: 0a 0i bk11: 0a 0i bk12: 0a 0i bk13: 0a 0i bk14: 0a 0i bk15: 0a 0i 

------------------------------------------------------------------------

Row_Buffer_Locality = -nan
Row_Buffer_Locality_read = -nan
Row_Buffer_Locality_write = -nan
Bank_Level_Parallism = -nan
Bank_Level_Parallism_Col = -nan
Bank_Level_Parallism_Ready = -nan
write_to_read_ratio_blp_rw_average = -nan
GrpLevelPara = -nan 

BW Util details:
bwutil = -nan 
total_CMD = 0 
util_bw = 0 
Wasted_Col = 0 
Wasted_Row = 0 
Idle = 0 

BW Util Bottlenecks: 
RCDc_limit = 0 
RCDWRc_limit = 0 
WTRc_limit = 0 
RTWc_limit = 0 
CCDLc_limit = 0 
rwq = 0 
CCDLc_limit_alone = 0 
WTRc_limit_alone = 0 
RTWc_limit_alone = 0 

Commands details: 
total_CMD = 0 
n_nop = 0 
Read = 0 
Write = 0 
L2_Alloc = 0 
L2_WB = 0 
n_act = 0 
n_pre = 0 
n_ref = 0 
n_req = 0 
total_req = 0 

Dual Bus Interface Util: 
issued_total_row = 0 
issued_total_col = 0 
Row_Bus_Util =  -nan 
CoL_Bus_Util = -nan 
Either_Row_CoL_Bus_Util = -nan 
Issued_on_Two_Bus_Simul_Util = -nan 
issued_two_Eff = -nan 
queue_avg = -nan 


dram_util_bins: 0 0 0 0 0 0 0 0 0 0
dram_eff_bins: 0 0 0 0 0 0 0 0 0 0
mrqq: max=0 avg=-nan
Memory Partition 34: 
Cache L2_bank_068:
MSHR contents

Cache L2_bank_069:
MSHR contents

In Dram Latency Queue (total = 0): 
DRAM[34]: 16 bks, busW=8 BL=4 CL=19, tRRD=6 tCCD=1, tRCD=19 tRAS=45 tRP=19 tRC=50
n_cmd=0 n_nop=0 n_act=0 n_pre=0 n_ref_event=0 n_req=0 n_rd=0 n_rd_L2_A=0 n_write=0 n_wr_bk=0 bw_util=-nan
n_activity=0 dram_eff=-nan
bk0: 0a 0i bk1: 0a 0i bk2: 0a 0i bk3: 0a 0i bk4: 0a 0i bk5: 0a 0i bk6: 0a 0i bk7: 0a 0i bk8: 0a 0i bk9: 0a 0i bk10: 0a 0i bk11: 0a 0i bk12: 0a 0i bk13: 0a 0i bk14: 0a 0i bk15: 0a 0i 

------------------------------------------------------------------------

Row_Buffer_Locality = -nan
Row_Buffer_Locality_read = -nan
Row_Buffer_Locality_write = -nan
Bank_Level_Parallism = -nan
Bank_Level_Parallism_Col = -nan
Bank_Level_Parallism_Ready = -nan
write_to_read_ratio_blp_rw_average = -nan
GrpLevelPara = -nan 

BW Util details:
bwutil = -nan 
total_CMD = 0 
util_bw = 0 
Wasted_Col = 0 
Wasted_Row = 0 
Idle = 0 

BW Util Bottlenecks: 
RCDc_limit = 0 
RCDWRc_limit = 0 
WTRc_limit = 0 
RTWc_limit = 0 
CCDLc_limit = 0 
rwq = 0 
CCDLc_limit_alone = 0 
WTRc_limit_alone = 0 
RTWc_limit_alone = 0 

Commands details: 
total_CMD = 0 
n_nop = 0 
Read = 0 
Write = 0 
L2_Alloc = 0 
L2_WB = 0 
n_act = 0 
n_pre = 0 
n_ref = 0 
n_req = 0 
total_req = 0 

Dual Bus Interface Util: 
issued_total_row = 0 
issued_total_col = 0 
Row_Bus_Util =  -nan 
CoL_Bus_Util = -nan 
Either_Row_CoL_Bus_Util = -nan 
Issued_on_Two_Bus_Simul_Util = -nan 
issued_two_Eff = -nan 
queue_avg = -nan 


dram_util_bins: 0 0 0 0 0 0 0 0 0 0
dram_eff_bins: 0 0 0 0 0 0 0 0 0 0
mrqq: max=0 avg=-nan
Memory Partition 35: 
Cache L2_bank_070:
MSHR contents

Cache L2_bank_071:
MSHR contents

In Dram Latency Queue (total = 0): 
DRAM[35]: 16 bks, busW=8 BL=4 CL=19, tRRD=6 tCCD=1, tRCD=19 tRAS=45 tRP=19 tRC=50
n_cmd=0 n_nop=0 n_act=0 n_pre=0 n_ref_event=0 n_req=0 n_rd=0 n_rd_L2_A=0 n_write=0 n_wr_bk=0 bw_util=-nan
n_activity=0 dram_eff=-nan
bk0: 0a 0i bk1: 0a 0i bk2: 0a 0i bk3: 0a 0i bk4: 0a 0i bk5: 0a 0i bk6: 0a 0i bk7: 0a 0i bk8: 0a 0i bk9: 0a 0i bk10: 0a 0i bk11: 0a 0i bk12: 0a 0i bk13: 0a 0i bk14: 0a 0i bk15: 0a 0i 

------------------------------------------------------------------------

Row_Buffer_Locality = -nan
Row_Buffer_Locality_read = -nan
Row_Buffer_Locality_write = -nan
Bank_Level_Parallism = -nan
Bank_Level_Parallism_Col = -nan
Bank_Level_Parallism_Ready = -nan
write_to_read_ratio_blp_rw_average = -nan
GrpLevelPara = -nan 

BW Util details:
bwutil = -nan 
total_CMD = 0 
util_bw = 0 
Wasted_Col = 0 
Wasted_Row = 0 
Idle = 0 

BW Util Bottlenecks: 
RCDc_limit = 0 
RCDWRc_limit = 0 
WTRc_limit = 0 
RTWc_limit = 0 
CCDLc_limit = 0 
rwq = 0 
CCDLc_limit_alone = 0 
WTRc_limit_alone = 0 
RTWc_limit_alone = 0 

Commands details: 
total_CMD = 0 
n_nop = 0 
Read = 0 
Write = 0 
L2_Alloc = 0 
L2_WB = 0 
n_act = 0 
n_pre = 0 
n_ref = 0 
n_req = 0 
total_req = 0 

Dual Bus Interface Util: 
issued_total_row = 0 
issued_total_col = 0 
Row_Bus_Util =  -nan 
CoL_Bus_Util = -nan 
Either_Row_CoL_Bus_Util = -nan 
Issued_on_Two_Bus_Simul_Util = -nan 
issued_two_Eff = -nan 
queue_avg = -nan 


dram_util_bins: 0 0 0 0 0 0 0 0 0 0
dram_eff_bins: 0 0 0 0 0 0 0 0 0 0
mrqq: max=0 avg=-nan
Memory Partition 36: 
Cache L2_bank_072:
MSHR contents

Cache L2_bank_073:
MSHR contents

In Dram Latency Queue (total = 0): 
DRAM[36]: 16 bks, busW=8 BL=4 CL=19, tRRD=6 tCCD=1, tRCD=19 tRAS=45 tRP=19 tRC=50
n_cmd=0 n_nop=0 n_act=0 n_pre=0 n_ref_event=0 n_req=0 n_rd=0 n_rd_L2_A=0 n_write=0 n_wr_bk=0 bw_util=-nan
n_activity=0 dram_eff=-nan
bk0: 0a 0i bk1: 0a 0i bk2: 0a 0i bk3: 0a 0i bk4: 0a 0i bk5: 0a 0i bk6: 0a 0i bk7: 0a 0i bk8: 0a 0i bk9: 0a 0i bk10: 0a 0i bk11: 0a 0i bk12: 0a 0i bk13: 0a 0i bk14: 0a 0i bk15: 0a 0i 

------------------------------------------------------------------------

Row_Buffer_Locality = -nan
Row_Buffer_Locality_read = -nan
Row_Buffer_Locality_write = -nan
Bank_Level_Parallism = -nan
Bank_Level_Parallism_Col = -nan
Bank_Level_Parallism_Ready = -nan
write_to_read_ratio_blp_rw_average = -nan
GrpLevelPara = -nan 

BW Util details:
bwutil = -nan 
total_CMD = 0 
util_bw = 0 
Wasted_Col = 0 
Wasted_Row = 0 
Idle = 0 

BW Util Bottlenecks: 
RCDc_limit = 0 
RCDWRc_limit = 0 
WTRc_limit = 0 
RTWc_limit = 0 
CCDLc_limit = 0 
rwq = 0 
CCDLc_limit_alone = 0 
WTRc_limit_alone = 0 
RTWc_limit_alone = 0 

Commands details: 
total_CMD = 0 
n_nop = 0 
Read = 0 
Write = 0 
L2_Alloc = 0 
L2_WB = 0 
n_act = 0 
n_pre = 0 
n_ref = 0 
n_req = 0 
total_req = 0 

Dual Bus Interface Util: 
issued_total_row = 0 
issued_total_col = 0 
Row_Bus_Util =  -nan 
CoL_Bus_Util = -nan 
Either_Row_CoL_Bus_Util = -nan 
Issued_on_Two_Bus_Simul_Util = -nan 
issued_two_Eff = -nan 
queue_avg = -nan 


dram_util_bins: 0 0 0 0 0 0 0 0 0 0
dram_eff_bins: 0 0 0 0 0 0 0 0 0 0
mrqq: max=0 avg=-nan
Memory Partition 37: 
Cache L2_bank_074:
MSHR contents

Cache L2_bank_075:
MSHR contents

In Dram Latency Queue (total = 0): 
DRAM[37]: 16 bks, busW=8 BL=4 CL=19, tRRD=6 tCCD=1, tRCD=19 tRAS=45 tRP=19 tRC=50
n_cmd=0 n_nop=0 n_act=0 n_pre=0 n_ref_event=0 n_req=0 n_rd=0 n_rd_L2_A=0 n_write=0 n_wr_bk=0 bw_util=-nan
n_activity=0 dram_eff=-nan
bk0: 0a 0i bk1: 0a 0i bk2: 0a 0i bk3: 0a 0i bk4: 0a 0i bk5: 0a 0i bk6: 0a 0i bk7: 0a 0i bk8: 0a 0i bk9: 0a 0i bk10: 0a 0i bk11: 0a 0i bk12: 0a 0i bk13: 0a 0i bk14: 0a 0i bk15: 0a 0i 

------------------------------------------------------------------------

Row_Buffer_Locality = -nan
Row_Buffer_Locality_read = -nan
Row_Buffer_Locality_write = -nan
Bank_Level_Parallism = -nan
Bank_Level_Parallism_Col = -nan
Bank_Level_Parallism_Ready = -nan
write_to_read_ratio_blp_rw_average = -nan
GrpLevelPara = -nan 

BW Util details:
bwutil = -nan 
total_CMD = 0 
util_bw = 0 
Wasted_Col = 0 
Wasted_Row = 0 
Idle = 0 

BW Util Bottlenecks: 
RCDc_limit = 0 
RCDWRc_limit = 0 
WTRc_limit = 0 
RTWc_limit = 0 
CCDLc_limit = 0 
rwq = 0 
CCDLc_limit_alone = 0 
WTRc_limit_alone = 0 
RTWc_limit_alone = 0 

Commands details: 
total_CMD = 0 
n_nop = 0 
Read = 0 
Write = 0 
L2_Alloc = 0 
L2_WB = 0 
n_act = 0 
n_pre = 0 
n_ref = 0 
n_req = 0 
total_req = 0 

Dual Bus Interface Util: 
issued_total_row = 0 
issued_total_col = 0 
Row_Bus_Util =  -nan 
CoL_Bus_Util = -nan 
Either_Row_CoL_Bus_Util = -nan 
Issued_on_Two_Bus_Simul_Util = -nan 
issued_two_Eff = -nan 
queue_avg = -nan 


dram_util_bins: 0 0 0 0 0 0 0 0 0 0
dram_eff_bins: 0 0 0 0 0 0 0 0 0 0
mrqq: max=0 avg=-nan
Memory Partition 38: 
Cache L2_bank_076:
MSHR contents

Cache L2_bank_077:
MSHR contents

In Dram Latency Queue (total = 0): 
DRAM[38]: 16 bks, busW=8 BL=4 CL=19, tRRD=6 tCCD=1, tRCD=19 tRAS=45 tRP=19 tRC=50
n_cmd=0 n_nop=0 n_act=0 n_pre=0 n_ref_event=0 n_req=0 n_rd=0 n_rd_L2_A=0 n_write=0 n_wr_bk=0 bw_util=-nan
n_activity=0 dram_eff=-nan
bk0: 0a 0i bk1: 0a 0i bk2: 0a 0i bk3: 0a 0i bk4: 0a 0i bk5: 0a 0i bk6: 0a 0i bk7: 0a 0i bk8: 0a 0i bk9: 0a 0i bk10: 0a 0i bk11: 0a 0i bk12: 0a 0i bk13: 0a 0i bk14: 0a 0i bk15: 0a 0i 

------------------------------------------------------------------------

Row_Buffer_Locality = -nan
Row_Buffer_Locality_read = -nan
Row_Buffer_Locality_write = -nan
Bank_Level_Parallism = -nan
Bank_Level_Parallism_Col = -nan
Bank_Level_Parallism_Ready = -nan
write_to_read_ratio_blp_rw_average = -nan
GrpLevelPara = -nan 

BW Util details:
bwutil = -nan 
total_CMD = 0 
util_bw = 0 
Wasted_Col = 0 
Wasted_Row = 0 
Idle = 0 

BW Util Bottlenecks: 
RCDc_limit = 0 
RCDWRc_limit = 0 
WTRc_limit = 0 
RTWc_limit = 0 
CCDLc_limit = 0 
rwq = 0 
CCDLc_limit_alone = 0 
WTRc_limit_alone = 0 
RTWc_limit_alone = 0 

Commands details: 
total_CMD = 0 
n_nop = 0 
Read = 0 
Write = 0 
L2_Alloc = 0 
L2_WB = 0 
n_act = 0 
n_pre = 0 
n_ref = 0 
n_req = 0 
total_req = 0 

Dual Bus Interface Util: 
issued_total_row = 0 
issued_total_col = 0 
Row_Bus_Util =  -nan 
CoL_Bus_Util = -nan 
Either_Row_CoL_Bus_Util = -nan 
Issued_on_Two_Bus_Simul_Util = -nan 
issued_two_Eff = -nan 
queue_avg = -nan 


dram_util_bins: 0 0 0 0 0 0 0 0 0 0
dram_eff_bins: 0 0 0 0 0 0 0 0 0 0
mrqq: max=0 avg=-nan
Memory Partition 39: 
Cache L2_bank_078:
MSHR contents

Cache L2_bank_079:
MSHR contents

In Dram Latency Queue (total = 0): 
DRAM[39]: 16 bks, busW=8 BL=4 CL=19, tRRD=6 tCCD=1, tRCD=19 tRAS=45 tRP=19 tRC=50
n_cmd=0 n_nop=0 n_act=0 n_pre=0 n_ref_event=0 n_req=0 n_rd=0 n_rd_L2_A=0 n_write=0 n_wr_bk=0 bw_util=-nan
n_activity=0 dram_eff=-nan
bk0: 0a 0i bk1: 0a 0i bk2: 0a 0i bk3: 0a 0i bk4: 0a 0i bk5: 0a 0i bk6: 0a 0i bk7: 0a 0i bk8: 0a 0i bk9: 0a 0i bk10: 0a 0i bk11: 0a 0i bk12: 0a 0i bk13: 0a 0i bk14: 0a 0i bk15: 0a 0i 

------------------------------------------------------------------------

Row_Buffer_Locality = -nan
Row_Buffer_Locality_read = -nan
Row_Buffer_Locality_write = -nan
Bank_Level_Parallism = -nan
Bank_Level_Parallism_Col = -nan
Bank_Level_Parallism_Ready = -nan
write_to_read_ratio_blp_rw_average = -nan
GrpLevelPara = -nan 

BW Util details:
bwutil = -nan 
total_CMD = 0 
util_bw = 0 
Wasted_Col = 0 
Wasted_Row = 0 
Idle = 0 

BW Util Bottlenecks: 
RCDc_limit = 0 
RCDWRc_limit = 0 
WTRc_limit = 0 
RTWc_limit = 0 
CCDLc_limit = 0 
rwq = 0 
CCDLc_limit_alone = 0 
WTRc_limit_alone = 0 
RTWc_limit_alone = 0 

Commands details: 
total_CMD = 0 
n_nop = 0 
Read = 0 
Write = 0 
L2_Alloc = 0 
L2_WB = 0 
n_act = 0 
n_pre = 0 
n_ref = 0 
n_req = 0 
total_req = 0 

Dual Bus Interface Util: 
issued_total_row = 0 
issued_total_col = 0 
Row_Bus_Util =  -nan 
CoL_Bus_Util = -nan 
Either_Row_CoL_Bus_Util = -nan 
Issued_on_Two_Bus_Simul_Util = -nan 
issued_two_Eff = -nan 
queue_avg = -nan 


dram_util_bins: 0 0 0 0 0 0 0 0 0 0
dram_eff_bins: 0 0 0 0 0 0 0 0 0 0
mrqq: max=0 avg=-nan

========= L2 cache stats =========
L2_cache_bank[0]: Access = 2504, Miss = 2504, Miss_rate = 1.000, Pending_hits = 0, Reservation_fails = 0
L2_cache_bank[1]: Access = 2504, Miss = 2504, Miss_rate = 1.000, Pending_hits = 0, Reservation_fails = 0
L2_cache_bank[2]: Access = 2504, Miss = 2504, Miss_rate = 1.000, Pending_hits = 0, Reservation_fails = 0
L2_cache_bank[3]: Access = 2504, Miss = 2504, Miss_rate = 1.000, Pending_hits = 0, Reservation_fails = 0
L2_cache_bank[4]: Access = 2500, Miss = 2500, Miss_rate = 1.000, Pending_hits = 0, Reservation_fails = 0
L2_cache_bank[5]: Access = 2500, Miss = 2500, Miss_rate = 1.000, Pending_hits = 0, Reservation_fails = 0
L2_cache_bank[6]: Access = 2532, Miss = 2504, Miss_rate = 0.989, Pending_hits = 0, Reservation_fails = 0
L2_cache_bank[7]: Access = 2532, Miss = 2504, Miss_rate = 0.989, Pending_hits = 0, Reservation_fails = 0
L2_cache_bank[8]: Access = 2532, Miss = 2504, Miss_rate = 0.989, Pending_hits = 0, Reservation_fails = 0
L2_cache_bank[9]: Access = 2501, Miss = 2501, Miss_rate = 1.000, Pending_hits = 0, Reservation_fails = 0
L2_cache_bank[10]: Access = 2504, Miss = 2504, Miss_rate = 1.000, Pending_hits = 0, Reservation_fails = 0
L2_cache_bank[11]: Access = 2504, Miss = 2504, Miss_rate = 1.000, Pending_hits = 0, Reservation_fails = 0
L2_cache_bank[12]: Access = 2504, Miss = 2504, Miss_rate = 1.000, Pending_hits = 0, Reservation_fails = 0
L2_cache_bank[13]: Access = 2504, Miss = 2504, Miss_rate = 1.000, Pending_hits = 0, Reservation_fails = 0
L2_cache_bank[14]: Access = 2504, Miss = 2504, Miss_rate = 1.000, Pending_hits = 0, Reservation_fails = 0
L2_cache_bank[15]: Access = 2504, Miss = 2504, Miss_rate = 1.000, Pending_hits = 0, Reservation_fails = 0
L2_cache_bank[16]: Access = 2504, Miss = 2504, Miss_rate = 1.000, Pending_hits = 0, Reservation_fails = 0
L2_cache_bank[17]: Access = 2504, Miss = 2504, Miss_rate = 1.000, Pending_hits = 0, Reservation_fails = 0
L2_cache_bank[18]: Access = 2504, Miss = 2504, Miss_rate = 1.000, Pending_hits = 0, Reservation_fails = 0
L2_cache_bank[19]: Access = 2504, Miss = 2504, Miss_rate = 1.000, Pending_hits = 0, Reservation_fails = 0
L2_cache_bank[20]: Access = 2500, Miss = 2500, Miss_rate = 1.000, Pending_hits = 0, Reservation_fails = 0
L2_cache_bank[21]: Access = 2500, Miss = 2500, Miss_rate = 1.000, Pending_hits = 0, Reservation_fails = 0
L2_cache_bank[22]: Access = 2504, Miss = 2504, Miss_rate = 1.000, Pending_hits = 0, Reservation_fails = 0
L2_cache_bank[23]: Access = 2500, Miss = 2500, Miss_rate = 1.000, Pending_hits = 0, Reservation_fails = 0
L2_cache_bank[24]: Access = 2500, Miss = 2500, Miss_rate = 1.000, Pending_hits = 0, Reservation_fails = 0
L2_cache_bank[25]: Access = 2504, Miss = 2504, Miss_rate = 1.000, Pending_hits = 0, Reservation_fails = 0
L2_cache_bank[26]: Access = 2500, Miss = 2500, Miss_rate = 1.000, Pending_hits = 0, Reservation_fails = 0
L2_cache_bank[27]: Access = 2500, Miss = 2500, Miss_rate = 1.000, Pending_hits = 0, Reservation_fails = 0
L2_cache_bank[28]: Access = 2500, Miss = 2500, Miss_rate = 1.000, Pending_hits = 0, Reservation_fails = 0
L2_cache_bank[29]: Access = 2500, Miss = 2500, Miss_rate = 1.000, Pending_hits = 0, Reservation_fails = 0
L2_cache_bank[30]: Access = 2528, Miss = 2508, Miss_rate = 0.992, Pending_hits = 0, Reservation_fails = 0
L2_cache_bank[31]: Access = 2528, Miss = 2508, Miss_rate = 0.992, Pending_hits = 0, Reservation_fails = 0
L2_cache_bank[32]: Access = 2528, Miss = 2508, Miss_rate = 0.992, Pending_hits = 0, Reservation_fails = 0
L2_cache_bank[33]: Access = 2528, Miss = 2508, Miss_rate = 0.992, Pending_hits = 0, Reservation_fails = 0
L2_cache_bank[34]: Access = 2504, Miss = 2504, Miss_rate = 1.000, Pending_hits = 0, Reservation_fails = 0
L2_cache_bank[35]: Access = 2504, Miss = 2504, Miss_rate = 1.000, Pending_hits = 0, Reservation_fails = 0
L2_cache_bank[36]: Access = 2504, Miss = 2504, Miss_rate = 1.000, Pending_hits = 0, Reservation_fails = 0
L2_cache_bank[37]: Access = 2504, Miss = 2504, Miss_rate = 1.000, Pending_hits = 0, Reservation_fails = 0
L2_cache_bank[38]: Access = 2504, Miss = 2504, Miss_rate = 1.000, Pending_hits = 0, Reservation_fails = 0
L2_cache_bank[39]: Access = 2504, Miss = 2504, Miss_rate = 1.000, Pending_hits = 0, Reservation_fails = 0
L2_cache_bank[40]: Access = 612, Miss = 612, Miss_rate = 1.000, Pending_hits = 0, Reservation_fails = 0
L2_cache_bank[41]: Access = 612, Miss = 612, Miss_rate = 1.000, Pending_hits = 0, Reservation_fails = 0
L2_cache_bank[42]: Access = 620, Miss = 620, Miss_rate = 1.000, Pending_hits = 0, Reservation_fails = 0
L2_cache_bank[43]: Access = 620, Miss = 620, Miss_rate = 1.000, Pending_hits = 0, Reservation_fails = 0
L2_cache_bank[44]: Access = 612, Miss = 612, Miss_rate = 1.000, Pending_hits = 0, Reservation_fails = 0
L2_cache_bank[45]: Access = 612, Miss = 612, Miss_rate = 1.000, Pending_hits = 0, Reservation_fails = 0
L2_cache_bank[46]: Access = 616, Miss = 616, Miss_rate = 1.000, Pending_hits = 0, Reservation_fails = 0
L2_cache_bank[47]: Access = 620, Miss = 620, Miss_rate = 1.000, Pending_hits = 0, Reservation_fails = 0
L2_cache_bank[48]: Access = 616, Miss = 616, Miss_rate = 1.000, Pending_hits = 0, Reservation_fails = 0
L2_cache_bank[49]: Access = 612, Miss = 612, Miss_rate = 1.000, Pending_hits = 0, Reservation_fails = 0
L2_cache_bank[50]: Access = 616, Miss = 616, Miss_rate = 1.000, Pending_hits = 0, Reservation_fails = 0
L2_cache_bank[51]: Access = 608, Miss = 608, Miss_rate = 1.000, Pending_hits = 0, Reservation_fails = 0
L2_cache_bank[52]: Access = 608, Miss = 608, Miss_rate = 1.000, Pending_hits = 0, Reservation_fails = 0
L2_cache_bank[53]: Access = 616, Miss = 616, Miss_rate = 1.000, Pending_hits = 0, Reservation_fails = 0
L2_cache_bank[54]: Access = 616, Miss = 616, Miss_rate = 1.000, Pending_hits = 0, Reservation_fails = 0
L2_cache_bank[55]: Access = 612, Miss = 612, Miss_rate = 1.000, Pending_hits = 0, Reservation_fails = 0
L2_cache_bank[56]: Access = 616, Miss = 616, Miss_rate = 1.000, Pending_hits = 0, Reservation_fails = 0
L2_cache_bank[57]: Access = 612, Miss = 612, Miss_rate = 1.000, Pending_hits = 0, Reservation_fails = 0
L2_cache_bank[58]: Access = 612, Miss = 612, Miss_rate = 1.000, Pending_hits = 0, Reservation_fails = 0
L2_cache_bank[59]: Access = 620, Miss = 620, Miss_rate = 1.000, Pending_hits = 0, Reservation_fails = 0
L2_cache_bank[60]: Access = 628, Miss = 628, Miss_rate = 1.000, Pending_hits = 0, Reservation_fails = 0
L2_cache_bank[61]: Access = 628, Miss = 628, Miss_rate = 1.000, Pending_hits = 0, Reservation_fails = 0
L2_cache_bank[62]: Access = 620, Miss = 620, Miss_rate = 1.000, Pending_hits = 0, Reservation_fails = 0
L2_cache_bank[63]: Access = 620, Miss = 620, Miss_rate = 1.000, Pending_hits = 0, Reservation_fails = 0
L2_cache_bank[64]: Access = 628, Miss = 628, Miss_rate = 1.000, Pending_hits = 0, Reservation_fails = 0
L2_cache_bank[65]: Access = 628, Miss = 628, Miss_rate = 1.000, Pending_hits = 0, Reservation_fails = 0
L2_cache_bank[66]: Access = 628, Miss = 628, Miss_rate = 1.000, Pending_hits = 0, Reservation_fails = 0
L2_cache_bank[67]: Access = 624, Miss = 624, Miss_rate = 1.000, Pending_hits = 0, Reservation_fails = 0
L2_cache_bank[68]: Access = 632, Miss = 632, Miss_rate = 1.000, Pending_hits = 0, Reservation_fails = 0
L2_cache_bank[69]: Access = 636, Miss = 636, Miss_rate = 1.000, Pending_hits = 0, Reservation_fails = 0
L2_cache_bank[70]: Access = 620, Miss = 620, Miss_rate = 1.000, Pending_hits = 0, Reservation_fails = 0
L2_cache_bank[71]: Access = 628, Miss = 628, Miss_rate = 1.000, Pending_hits = 0, Reservation_fails = 0
L2_cache_bank[72]: Access = 628, Miss = 628, Miss_rate = 1.000, Pending_hits = 0, Reservation_fails = 0
L2_cache_bank[73]: Access = 620, Miss = 620, Miss_rate = 1.000, Pending_hits = 0, Reservation_fails = 0
L2_cache_bank[74]: Access = 632, Miss = 632, Miss_rate = 1.000, Pending_hits = 0, Reservation_fails = 0
L2_cache_bank[75]: Access = 628, Miss = 628, Miss_rate = 1.000, Pending_hits = 0, Reservation_fails = 0
L2_cache_bank[76]: Access = 628, Miss = 628, Miss_rate = 1.000, Pending_hits = 0, Reservation_fails = 0
L2_cache_bank[77]: Access = 636, Miss = 636, Miss_rate = 1.000, Pending_hits = 0, Reservation_fails = 0
L2_cache_bank[78]: Access = 628, Miss = 628, Miss_rate = 1.000, Pending_hits = 0, Reservation_fails = 0
L2_cache_bank[79]: Access = 624, Miss = 624, Miss_rate = 1.000, Pending_hits = 0, Reservation_fails = 0
L2_total_cache_accesses = 125129
L2_total_cache_misses = 124965
L2_total_cache_miss_rate = 0.9987
L2_total_cache_pending_hits = 0
L2_total_cache_reservation_fails = 0
L2_total_cache_breakdown:
	L2_cache_stats_breakdown[GLOBAL_ACC_R][HIT] = 116
	L2_cache_stats_breakdown[GLOBAL_ACC_R][HIT_RESERVED] = 0
	L2_cache_stats_breakdown[GLOBAL_ACC_R][MISS] = 12424
	L2_cache_stats_breakdown[GLOBAL_ACC_R][RESERVATION_FAIL] = 0
	L2_cache_stats_breakdown[GLOBAL_ACC_R][SECTOR_MISS] = 37269
	L2_cache_stats_breakdown[GLOBAL_ACC_R][MSHR_HIT] = 0
	L2_cache_stats_breakdown[GLOBAL_ACC_R][WRITE_ALLOCATED] = 0
	L2_cache_stats_breakdown[CHIPLET_ACC_R][HIT] = 0
	L2_cache_stats_breakdown[CHIPLET_ACC_R][HIT_RESERVED] = 0
	L2_cache_stats_breakdown[CHIPLET_ACC_R][MISS] = 6208
	L2_cache_stats_breakdown[CHIPLET_ACC_R][RESERVATION_FAIL] = 0
	L2_cache_stats_breakdown[CHIPLET_ACC_R][SECTOR_MISS] = 18624
	L2_cache_stats_breakdown[CHIPLET_ACC_R][MSHR_HIT] = 0
	L2_cache_stats_breakdown[CHIPLET_ACC_R][WRITE_ALLOCATED] = 0
	L2_cache_stats_breakdown[LOCAL_ACC_R][HIT] = 0
	L2_cache_stats_breakdown[LOCAL_ACC_R][HIT_RESERVED] = 0
	L2_cache_stats_breakdown[LOCAL_ACC_R][MISS] = 0
	L2_cache_stats_breakdown[LOCAL_ACC_R][RESERVATION_FAIL] = 0
	L2_cache_stats_breakdown[LOCAL_ACC_R][SECTOR_MISS] = 0
	L2_cache_stats_breakdown[LOCAL_ACC_R][MSHR_HIT] = 0
	L2_cache_stats_breakdown[LOCAL_ACC_R][WRITE_ALLOCATED] = 0
	L2_cache_stats_breakdown[CONST_ACC_R][HIT] = 0
	L2_cache_stats_breakdown[CONST_ACC_R][HIT_RESERVED] = 0
	L2_cache_stats_breakdown[CONST_ACC_R][MISS] = 0
	L2_cache_stats_breakdown[CONST_ACC_R][RESERVATION_FAIL] = 0
	L2_cache_stats_breakdown[CONST_ACC_R][SECTOR_MISS] = 0
	L2_cache_stats_breakdown[CONST_ACC_R][MSHR_HIT] = 0
	L2_cache_stats_breakdown[CONST_ACC_R][WRITE_ALLOCATED] = 0
	L2_cache_stats_breakdown[TEXTURE_ACC_R][HIT] = 0
	L2_cache_stats_breakdown[TEXTURE_ACC_R][HIT_RESERVED] = 0
	L2_cache_stats_breakdown[TEXTURE_ACC_R][MISS] = 0
	L2_cache_stats_breakdown[TEXTURE_ACC_R][RESERVATION_FAIL] = 0
	L2_cache_stats_breakdown[TEXTURE_ACC_R][SECTOR_MISS] = 0
	L2_cache_stats_breakdown[TEXTURE_ACC_R][MSHR_HIT] = 0
	L2_cache_stats_breakdown[TEXTURE_ACC_R][WRITE_ALLOCATED] = 0
	L2_cache_stats_breakdown[GLOBAL_ACC_W][HIT] = 48
	L2_cache_stats_breakdown[GLOBAL_ACC_W][HIT_RESERVED] = 0
	L2_cache_stats_breakdown[GLOBAL_ACC_W][MISS] = 12610
	L2_cache_stats_breakdown[GLOBAL_ACC_W][RESERVATION_FAIL] = 0
	L2_cache_stats_breakdown[GLOBAL_ACC_W][SECTOR_MISS] = 37830
	L2_cache_stats_breakdown[GLOBAL_ACC_W][MSHR_HIT] = 0
	L2_cache_stats_breakdown[GLOBAL_ACC_W][WRITE_ALLOCATED] = 50440
	L2_cache_stats_breakdown[CHIPLET_ACC_W][HIT] = 0
	L2_cache_stats_breakdown[CHIPLET_ACC_W][HIT_RESERVED] = 0
	L2_cache_stats_breakdown[CHIPLET_ACC_W][MISS] = 0
	L2_cache_stats_breakdown[CHIPLET_ACC_W][RESERVATION_FAIL] = 0
	L2_cache_stats_breakdown[CHIPLET_ACC_W][SECTOR_MISS] = 0
	L2_cache_stats_breakdown[CHIPLET_ACC_W][MSHR_HIT] = 0
	L2_cache_stats_breakdown[CHIPLET_ACC_W][WRITE_ALLOCATED] = 0
	L2_cache_stats_breakdown[LOCAL_ACC_W][HIT] = 0
	L2_cache_stats_breakdown[LOCAL_ACC_W][HIT_RESERVED] = 0
	L2_cache_stats_breakdown[LOCAL_ACC_W][MISS] = 0
	L2_cache_stats_breakdown[LOCAL_ACC_W][RESERVATION_FAIL] = 0
	L2_cache_stats_breakdown[LOCAL_ACC_W][SECTOR_MISS] = 0
	L2_cache_stats_breakdown[LOCAL_ACC_W][MSHR_HIT] = 0
	L2_cache_stats_breakdown[LOCAL_ACC_W][WRITE_ALLOCATED] = 0
	L2_cache_stats_breakdown[L1_WRBK_ACC][HIT] = 0
	L2_cache_stats_breakdown[L1_WRBK_ACC][HIT_RESERVED] = 0
	L2_cache_stats_breakdown[L1_WRBK_ACC][MISS] = 0
	L2_cache_stats_breakdown[L1_WRBK_ACC][RESERVATION_FAIL] = 0
	L2_cache_stats_breakdown[L1_WRBK_ACC][SECTOR_MISS] = 0
	L2_cache_stats_breakdown[L1_WRBK_ACC][MSHR_HIT] = 0
	L2_cache_stats_breakdown[L1_WRBK_ACC][WRITE_ALLOCATED] = 0
	L2_cache_stats_breakdown[L2_WRBK_ACC][HIT] = 0
	L2_cache_stats_breakdown[L2_WRBK_ACC][HIT_RESERVED] = 0
	L2_cache_stats_breakdown[L2_WRBK_ACC][MISS] = 0
	L2_cache_stats_breakdown[L2_WRBK_ACC][RESERVATION_FAIL] = 0
	L2_cache_stats_breakdown[L2_WRBK_ACC][SECTOR_MISS] = 0
	L2_cache_stats_breakdown[L2_WRBK_ACC][MSHR_HIT] = 0
	L2_cache_stats_breakdown[L2_WRBK_ACC][WRITE_ALLOCATED] = 0
	L2_cache_stats_breakdown[INST_ACC_R][HIT] = 0
	L2_cache_stats_breakdown[INST_ACC_R][HIT_RESERVED] = 0
	L2_cache_stats_breakdown[INST_ACC_R][MISS] = 0
	L2_cache_stats_breakdown[INST_ACC_R][RESERVATION_FAIL] = 0
	L2_cache_stats_breakdown[INST_ACC_R][SECTOR_MISS] = 0
	L2_cache_stats_breakdown[INST_ACC_R][MSHR_HIT] = 0
	L2_cache_stats_breakdown[INST_ACC_R][WRITE_ALLOCATED] = 0
	L2_cache_stats_breakdown[L1_WR_ALLOC_R][HIT] = 0
	L2_cache_stats_breakdown[L1_WR_ALLOC_R][HIT_RESERVED] = 0
	L2_cache_stats_breakdown[L1_WR_ALLOC_R][MISS] = 0
	L2_cache_stats_breakdown[L1_WR_ALLOC_R][RESERVATION_FAIL] = 0
	L2_cache_stats_breakdown[L1_WR_ALLOC_R][SECTOR_MISS] = 0
	L2_cache_stats_breakdown[L1_WR_ALLOC_R][MSHR_HIT] = 0
	L2_cache_stats_breakdown[L1_WR_ALLOC_R][WRITE_ALLOCATED] = 0
	L2_cache_stats_breakdown[L2_WR_ALLOC_R][HIT] = 0
	L2_cache_stats_breakdown[L2_WR_ALLOC_R][HIT_RESERVED] = 0
	L2_cache_stats_breakdown[L2_WR_ALLOC_R][MISS] = 0
	L2_cache_stats_breakdown[L2_WR_ALLOC_R][RESERVATION_FAIL] = 0
	L2_cache_stats_breakdown[L2_WR_ALLOC_R][SECTOR_MISS] = 0
	L2_cache_stats_breakdown[L2_WR_ALLOC_R][MSHR_HIT] = 0
	L2_cache_stats_breakdown[L2_WR_ALLOC_R][WRITE_ALLOCATED] = 0
	L2_cache_stats_breakdown[GLOBAL_ACC_R][TOTAL_ACCESS] = 49809
	L2_cache_stats_breakdown[CHIPLET_ACC_R][TOTAL_ACCESS] = 24832
	L2_cache_stats_breakdown[GLOBAL_ACC_W][TOTAL_ACCESS] = 50488
L2_total_cache_reservation_fail_breakdown:
L2_cache_data_port_util = 0.000
L2_cache_fill_port_util = 0.001

icnt_total_pkts_mem_to_simt=150688
icnt_total_pkts_simt_to_mem=151464
LD_mem_lat_dist  0 0 0 0 0 0 0 0 0 0 0 0 0 0 0 0 0 0 0 0 0 0 0 0 0 0 0
ST_mem_lat_dist  0 0 0 0 0 0 0 0 0 0 0 0 0 0 0 0 0 0 0 0 0 0 0 0 0 0 0
----------------------------Interconnect-DETAILS--------------------------------
Class 0:
Packet latency average = 99.9754
	minimum = 4
	maximum = 259
Network latency average = 4.44986
	minimum = 4
	maximum = 11
Slowest packet = 0
Flit latency average = 4.44986
	minimum = 4
	maximum = 11
Slowest flit = 12442
Fragmentation average = 0
	minimum = 0
	maximum = 0
Injected packet rate average = 0.00112133
	minimum = 0 (at node 3)
	maximum = 0.0717311 (at node 2)
Accepted packet rate average = 0.00112133
	minimum = 0 (at node 3)
	maximum = 0.0717311 (at node 2)
Injected flit rate average = 0.00112133
	minimum = 0 (at node 3)
	maximum = 0.0717311 (at node 2)
Accepted flit rate average= 0.00112133
	minimum = 0 (at node 3)
	maximum = 0.0717311 (at node 2)
Injected packet length average = 1
Accepted packet length average = 1
Total in-flight flits = 0 (0 measured)
====== Overall Traffic Statistics ======
====== Traffic class 0 ======
Packet latency average = 98.9974 (3 samples)
	minimum = 4 (3 samples)
	maximum = 259 (3 samples)
Network latency average = 4.42551 (3 samples)
	minimum = 4 (3 samples)
	maximum = 10.3333 (3 samples)
Flit latency average = 4.42551 (3 samples)
	minimum = 4 (3 samples)
	maximum = 10.3333 (3 samples)
Fragmentation average = 0 (3 samples)
	minimum = 0 (3 samples)
	maximum = 0 (3 samples)
Injected packet rate average = 0.0009447 (3 samples)
	minimum = 0 (3 samples)
	maximum = 0.0781865 (3 samples)
Accepted packet rate average = 0.0009447 (3 samples)
	minimum = 0 (3 samples)
	maximum = 0.0781865 (3 samples)
Injected flit rate average = 0.0009447 (3 samples)
	minimum = 0 (3 samples)
	maximum = 0.0781865 (3 samples)
Accepted flit rate average = 0.0009447 (3 samples)
	minimum = 0 (3 samples)
	maximum = 0.0781865 (3 samples)
Injected packet size average = 1 (3 samples)
Accepted packet size average = 1 (3 samples)
Hops average = 1 (3 samples)
----------------------------END-of-Interconnect-DETAILS-------------------------


gpgpu_simulation_time = 0 days, 0 hrs, 1 min, 3 sec (63 sec)
gpgpu_simulation_rate = 159458 (inst/sec)
gpgpu_simulation_rate = 7339 (cycle/sec)
gpgpu_silicon_slowdown = 239133x
GPGPU-Sim: *** simulation thread exiting ***
GPGPU-Sim: *** exit detected ***
