Accel-Sim [build accelsim-commit-d930ad6_modified_0.0_26-09-23-20-58-46]

        *** GPGPU-Sim Simulator Version 4.2.0  [build gpgpu-sim_git-commit-fa2f6f39_modified_1.0.] ***


GPGPU-Sim: Configuration options:

-save_embedded_ptx                      0 # saves ptx files embedded in binary as <n>.ptx
-keep                                   0 # keep intermediate files created by GPGPU-Sim when interfacing with external programs
-gpgpu_ptx_save_converted_ptxplus                    0 # Saved converted ptxplus to a file
-gpgpu_occupancy_sm_number                   90 # The SM number to pass to ptxas when getting register usage for computing GPU occupancy. This parameter is required in the config.
-ptx_opcode_latency_int           4,4,4,4,21 # Opcode latencies for integers <ADD,MAX,MUL,MAD,DIV,SHFL>Default 1,1,19,25,145,32
-ptx_opcode_latency_fp           4,4,4,4,39 # Opcode latencies for single precision floating points <ADD,MAX,MUL,MAD,DIV>Default 1,1,1,1,30
-ptx_opcode_latency_dp          8,8,8,8,330 # Opcode latencies for double precision floating points <ADD,MAX,MUL,MAD,DIV>Default 8,8,8,8,335
-ptx_opcode_latency_sfu                   23 # Opcode latencies for SFU instructionsDefault 8
-ptx_opcode_latency_tesnor                   24 # Opcode latencies for Tensor instructionsDefault 64
-ptx_opcode_initiation_int            2,2,2,2,2 # Opcode initiation intervals for integers <ADD,MAX,MUL,MAD,DIV,SHFL>Default 1,1,4,4,32,4
-ptx_opcode_initiation_fp            2,2,2,2,4 # Opcode initiation intervals for single precision floating points <ADD,MAX,MUL,MAD,DIV>Default 1,1,1,1,5
-ptx_opcode_initiation_dp          2,2,2,2,130 # Opcode initiation intervals for double precision floating points <ADD,MAX,MUL,MAD,DIV>Default 8,8,8,8,130
-ptx_opcode_initiation_sfu                    8 # Opcode initiation intervals for sfu instructionsDefault 8
-ptx_opcode_initiation_tensor                    8 # Opcode initiation intervals for tensor instructionsDefault 64
-cdp_latency         7200,8000,100,12000,1600 # CDP API latency <cudaStreamCreateWithFlags, cudaGetParameterBufferV2_init_perWarp, cudaGetParameterBufferV2_perKernel, cudaLaunchDeviceV2_init_perWarp, cudaLaunchDevicV2_perKernel>Default 7200,8000,100,12000,1600
-network_mode                           1 # Interconnection network mode
-inter_config_file   config_hopper_islip.icnt # Interconnection network config file
-icnt_in_buffer_limit                   64 # in_buffer_limit
-icnt_out_buffer_limit                   64 # out_buffer_limit
-icnt_subnets                           2 # subnets
-icnt_arbiter_algo                      1 # arbiter_algo
-icnt_verbose                           0 # inct_verbose
-icnt_grant_cycles                      1 # grant_cycles
-gpgpu_ptx_use_cuobjdump                    1 # Use cuobjdump to extract ptx and sass from binaries
-gpgpu_experimental_lib_support                    0 # Try to extract code from cuda libraries [Broken because of unknown cudaGetExportTable]
-checkpoint_option                      0 #  checkpointing flag (0 = no checkpoint)
-checkpoint_kernel                      1 #  checkpointing during execution of which kernel (1- 1st kernel)
-checkpoint_CTA                         0 #  checkpointing after # of CTA (< less than total CTA)
-resume_option                          0 #  resume flag (0 = no resume)
-resume_kernel                          0 #  Resume from which kernel (1= 1st kernel)
-resume_CTA                             0 #  resume from which CTA 
-checkpoint_CTA_t                       0 #  resume from which CTA 
-checkpoint_insn_Y                      0 #  resume from which CTA 
-gpgpu_ptx_convert_to_ptxplus                    0 # Convert SASS (native ISA) to ptxplus and run ptxplus
-gpgpu_ptx_force_max_capability                   90 # Force maximum compute capability
-gpgpu_ptx_inst_debug_to_file                    0 # Dump executed instructions' debug information to file
-gpgpu_ptx_inst_debug_file       inst_debug.txt # Executed instructions' debug output file
-gpgpu_ptx_inst_debug_thread_uid                    1 # Thread UID for executed instructions' debug output
-gpgpu_simd_model                       1 # 1 = post-dominator
-gpgpu_shader_core_pipeline              2048:32 # shader core pipeline config, i.e., {<nthread>:<warpsize>}
-gpgpu_tex_cache:l1  N:4:128:256,L:R:m:N:L,T:512:8,128:2 # per-shader L1 texture cache  (READ-ONLY) config  {<nsets>:<bsize>:<assoc>,<rep>:<wr>:<alloc>:<wr_alloc>,<mshr>:<N>:<merge>,<mq>:<rf>}
-gpgpu_const_cache:l1 N:128:64:8,L:R:f:N:L,S:2:64,4 # per-shader L1 constant memory cache  (READ-ONLY) config  {<nsets>:<bsize>:<assoc>,<rep>:<wr>:<alloc>:<wr_alloc>,<mshr>:<N>:<merge>,<mq>} 
-gpgpu_cache:il1     N:64:128:16,L:R:f:N:L,S:2:48,4 # shader L1 instruction cache config  {<sector?>:<nsets>:<bsize>:<assoc>,<rep>:<wr>:<alloc>:<wr_alloc>:<set_index_fn>,<mshr>:<N>:<merge>,<mq>} 
-gpgpu_cache:dl1     S:4:128:64,L:T:m:L:L,A:512:64,16:0,32 # per-shader L1 data cache config  {<sector?>:<nsets>:<bsize>:<assoc>,<rep>:<wr>:<alloc>:<wr_alloc>:<set_index_fn>,<mshr>:<N>:<merge>,<mq>:<fifo_entry>,<data_port_width> | none}
-gpgpu_l1_cache_write_ratio                   25 # L1D write ratio
-gpgpu_l1_banks                         4 # The number of L1 cache banks
-gpgpu_l1_banks_byte_interleaving                   32 # l1 banks byte interleaving granularity
-gpgpu_l1_banks_hashing_function                    0 # l1 banks hashing function
-gpgpu_l1_latency                      41 # L1 Hit Latency
-gpgpu_smem_latency                    29 # smem Latency
-gpgpu_cache:dl1PrefL1                 none # per-shader L1 data cache config  {<sector?>:<nsets>:<bsize>:<assoc>,<rep>:<wr>:<alloc>:<wr_alloc>:<set_index_fn>,<mshr>:<N>:<merge>,<mq>:<fifo_entry>,<data_port_width> | none}
-gpgpu_cache:dl1PrefShared                 none # per-shader L1 data cache config  {<sector?>:<nsets>:<bsize>:<assoc>,<rep>:<wr>:<alloc>:<wr_alloc>:<set_index_fn>,<mshr>:<N>:<merge>,<mq>:<fifo_entry>,<data_port_width> | none}
-gpgpu_gmem_skip_L1D                    0 # global memory access skip L1D cache (implements -Xptxas -dlcm=cg, default=no skip)
-gpgpu_perfect_mem                      0 # enable perfect memory mode (no cache miss)
-n_regfile_gating_group                    4 # group of lanes that should be read/written together)
-gpgpu_clock_gated_reg_file                    0 # enable clock gated reg file for power calculations
-gpgpu_clock_gated_lanes                    1 # enable clock gated lanes for power calculations
-gpgpu_shader_registers                65536 # Number of registers per shader core. Limits number of concurrent CTAs. (default 8192)
-gpgpu_registers_per_block                65536 # Maximum number of registers per CTA. (default 8192)
-gpgpu_ignore_resources_limitation                    0 # gpgpu_ignore_resources_limitation (default 0)
-gpgpu_shader_cta                      32 # Maximum number of concurrent CTAs in shader (default 32)
-gpgpu_num_cta_barriers                   16 # Maximum number of named barriers per CTA (default 16)
-gpgpu_n_clusters                     114 # number of processing clusters
-gpgpu_n_cores_per_cluster                    1 # number of simd cores per cluster
-gpgpu_n_cluster_ejection_buffer_size                   32 # number of packets in ejection buffer
-gpgpu_n_ldst_response_buffer_size                   32 # number of response packets in ld/st unit ejection buffer
-gpgpu_shmem_per_block                49152 # Size of shared memory per thread block or CTA (default 48kB)
-gpgpu_shmem_size                  233472 # Size of shared memory per shader core (default 16kB)
-gpgpu_shmem_option      0,8,16,32,64,228 # Option list of shared memory sizes
-gpgpu_unified_l1d_size                  256 # Size of unified data cache(L1D + shared memory) in KB
-gpgpu_adaptive_cache_config                    1 # adaptive_cache_config
-gpgpu_shmem_sizeDefault               233472 # Size of shared memory per shader core (default 16kB)
-gpgpu_shmem_size_PrefL1                16384 # Size of shared memory per shader core (default 16kB)
-gpgpu_shmem_size_PrefShared                16384 # Size of shared memory per shader core (default 16kB)
-gpgpu_shmem_num_banks                   32 # Number of banks in the shared memory in each shader core (default 16)
-gpgpu_shmem_limited_broadcast                    0 # Limit shared memory to do one broadcast per cycle (default on)
-gpgpu_shmem_warp_parts                    1 # Number of portions a warp is divided into for shared memory bank conflict check 
-gpgpu_mem_unit_ports                    1 # The number of memory transactions allowed per core cycle
-gpgpu_shmem_warp_parts                    1 # Number of portions a warp is divided into for shared memory bank conflict check 
-gpgpu_warpdistro_shader                   -1 # Specify which shader core to collect the warp size distribution from
-gpgpu_warp_issue_shader                    0 # Specify which shader core to collect the warp issue distribution from
-gpgpu_local_mem_map                    1 # Mapping from local memory space address to simulated GPU physical address space (default = enabled)
-gpgpu_num_reg_banks                   64 # Number of register banks (default = 8)
-gpgpu_reg_bank_use_warp_id                    0 # Use warp ID in mapping registers to banks (default = off)
-gpgpu_sub_core_model                    1 # Sub Core Volta/Pascal model (default = off)
-gpgpu_enable_specialized_operand_collector                    0 # enable_specialized_operand_collector
-gpgpu_operand_collector_num_units_sp                    4 # number of collector units (default = 4)
-gpgpu_operand_collector_num_units_dp                    0 # number of collector units (default = 0)
-gpgpu_operand_collector_num_units_sfu                    4 # number of collector units (default = 4)
-gpgpu_operand_collector_num_units_int                    0 # number of collector units (default = 0)
-gpgpu_operand_collector_num_units_tensor_core                    4 # number of collector units (default = 4)
-gpgpu_operand_collector_num_units_mem                    2 # number of collector units (default = 2)
-gpgpu_operand_collector_num_units_gen                    8 # number of collector units (default = 0)
-gpgpu_operand_collector_num_in_ports_sp                    1 # number of collector unit in ports (default = 1)
-gpgpu_operand_collector_num_in_ports_dp                    0 # number of collector unit in ports (default = 0)
-gpgpu_operand_collector_num_in_ports_sfu                    1 # number of collector unit in ports (default = 1)
-gpgpu_operand_collector_num_in_ports_int                    0 # number of collector unit in ports (default = 0)
-gpgpu_operand_collector_num_in_ports_tensor_core                    1 # number of collector unit in ports (default = 1)
-gpgpu_operand_collector_num_in_ports_mem                    1 # number of collector unit in ports (default = 1)
-gpgpu_operand_collector_num_in_ports_gen                    8 # number of collector unit in ports (default = 0)
-gpgpu_operand_collector_num_out_ports_sp                    1 # number of collector unit in ports (default = 1)
-gpgpu_operand_collector_num_out_ports_dp                    0 # number of collector unit in ports (default = 0)
-gpgpu_operand_collector_num_out_ports_sfu                    1 # number of collector unit in ports (default = 1)
-gpgpu_operand_collector_num_out_ports_int                    0 # number of collector unit in ports (default = 0)
-gpgpu_operand_collector_num_out_ports_tensor_core                    1 # number of collector unit in ports (default = 1)
-gpgpu_operand_collector_num_out_ports_mem                    1 # number of collector unit in ports (default = 1)
-gpgpu_operand_collector_num_out_ports_gen                    8 # number of collector unit in ports (default = 0)
-gpgpu_coalesce_arch                   90 # Coalescing arch (GT200 = 13, Fermi = 20)
-gpgpu_num_sched_per_core                    4 # Number of warp schedulers per core
-gpgpu_max_insn_issue_per_warp                    1 # Max number of instructions that can be issued per warp in one cycle by scheduler (either 1 or 2)
-gpgpu_dual_issue_diff_exec_units                    1 # should dual issue use two different execution unit resources (Default = 1)
-gpgpu_simt_core_sim_order                    1 # Select the simulation order of cores in a cluster (0=Fix, 1=Round-Robin)
-gpgpu_pipeline_widths 4,4,4,4,4,4,4,4,4,4,8,4,4 # Pipeline widths ID_OC_SP,ID_OC_DP,ID_OC_INT,ID_OC_SFU,ID_OC_MEM,OC_EX_SP,OC_EX_DP,OC_EX_INT,OC_EX_SFU,OC_EX_MEM,EX_WB,ID_OC_TENSOR_CORE,OC_EX_TENSOR_CORE
-gpgpu_tensor_core_avail                    1 # Tensor Core Available (default=0)
-gpgpu_num_sp_units                     4 # Number of SP units (default=1)
-gpgpu_num_dp_units                     4 # Number of DP units (default=0)
-gpgpu_num_int_units                    4 # Number of INT units (default=0)
-gpgpu_num_sfu_units                    4 # Number of SF units (default=1)
-gpgpu_num_tensor_core_units                    4 # Number of tensor_core units (default=1)
-gpgpu_num_mem_units                    1 # Number if ldst units (default=1) WARNING: not hooked up to anything
-gpgpu_scheduler                      lrr # Scheduler configuration: < lrr | gto | two_level_active > If two_level_active:<num_active_warps>:<inner_prioritization>:<outer_prioritization>For complete list of prioritization values see shader.h enum scheduler_prioritization_typeDefault: gto
-gpgpu_concurrent_kernel_sm                    0 # Support concurrent kernels on a SM (default = disabled)
-gpgpu_perfect_inst_const_cache                    1 # perfect inst and const cache mode, so all inst and const hits in the cache(default = disabled)
-gpgpu_inst_fetch_throughput                    4 # the number of fetched intruction per warp each cycle
-gpgpu_reg_file_port_throughput                    2 # the number ports of the register file
-specialized_unit_1         1,4,4,4,4,BRA # specialized unit config {<enabled>,<num_units>:<latency>:<initiation>,<ID_OC_SPEC>:<OC_EX_SPEC>,<NAME>}
-specialized_unit_2       1,4,200,4,4,TEX # specialized unit config {<enabled>,<num_units>:<latency>:<initiation>,<ID_OC_SPEC>:<OC_EX_SPEC>,<NAME>}
-specialized_unit_3     1,4,12,4,4,TENSOR # specialized unit config {<enabled>,<num_units>:<latency>:<initiation>,<ID_OC_SPEC>:<OC_EX_SPEC>,<NAME>}
-specialized_unit_4         1,4,4,4,4,UDP # specialized unit config {<enabled>,<num_units>:<latency>:<initiation>,<ID_OC_SPEC>:<OC_EX_SPEC>,<NAME>}
-specialized_unit_5      1,4,128,4,4,GMMA # specialized unit config {<enabled>,<num_units>:<latency>:<initiation>,<ID_OC_SPEC>:<OC_EX_SPEC>,<NAME>}
-specialized_unit_6         0,4,4,4,4,BRA # specialized unit config {<enabled>,<num_units>:<latency>:<initiation>,<ID_OC_SPEC>:<OC_EX_SPEC>,<NAME>}
-specialized_unit_7         0,4,4,4,4,BRA # specialized unit config {<enabled>,<num_units>:<latency>:<initiation>,<ID_OC_SPEC>:<OC_EX_SPEC>,<NAME>}
-specialized_unit_8         0,4,4,4,4,BRA # specialized unit config {<enabled>,<num_units>:<latency>:<initiation>,<ID_OC_SPEC>:<OC_EX_SPEC>,<NAME>}
-gpgpu_opndcoll_model                    1 # Detailed operand collector model (0=DETAILED, 1=SIMPLE)
-gpgpu_trywait_max_retries                    5 # Max TRYWAIT retry attempts before giving up (default: 5)
-gpgpu_trywait_retry_cycles                  200 # Stall cycles between TRYWAIT retries (default: 200)
-gpgpu_n_chiplet_partition                    2 # Number of chiplet partitions. Default: 2
-gpgpu_chiplet_interleave                    0 # Chiplet TPC mapping: 0 = contiguous (first/second half), 1 = interleaved (even/odd TPC). Default: 0
-chiplet_mem_stride                  8192 # Memory stride for chiplet partitioning. Default: 8192
-gpgpu_perf_sim_memcpy                    0 # Fill the L2 cache on memcpy
-gpgpu_simple_dram_model                    1 # simple_dram_model with fixed latency and BW
-gpgpu_simple_dram_clock_multiplier                    1 # clock multiplier for simple dram model (default = 1)
-gpgpu_dram_scheduler                    1 # 0 = fifo, 1 = FR-FCFS (defaul)
-gpgpu_dram_partition_queues          64:64:64:64 # i2$:$2d:d2$:$2i
-l2_ideal                               0 # Use a ideal L2 cache that always hit
-gpgpu_cache:dl2     S:256:128:20,L:B:m:L:X,A:384:4,32:0,32 # unified banked L2 data cache config  {<sector?>:<nsets>:<bsize>:<assoc>,<rep>:<wr>:<alloc>:<wr_alloc>:<set_index_fn>,<mshr>:<N>:<merge>,<mq>:<fifo_entry>,<data_port_width>
-gpgpu_cache:dl2_texture_only                    0 # L2 cache used for texture only
-gpgpu_n_mem                           40 # number of memory modules (e.g. memory controllers) in gpu
-gpgpu_n_sub_partition_per_mchannel                    2 # number of memory subpartition in each memory module
-chiplet_partition_stride                 8192 # stride for chiplet partition indexing
-inter_chiplet_queue_size                  256 # max entries in inter-chiplet request/reply queues
-inter_chiplet_queue_latency                  100 # latency (in cycles) for inter-chiplet queue
-gpgpu_n_mem_per_ctrlr                    1 # number of memory chips per memory controller
-gpgpu_memlatency_stat                   14 # track and display latency statistics 0x2 enables MC, 0x4 enables queue logs
-gpgpu_frfcfs_dram_sched_queue_size                  128 # 0 = unlimited (default); # entries per chip
-gpgpu_dram_return_queue_size                  384 # 0 = unlimited (default); # entries per chip
-gpgpu_dram_buswidth                    8 # default = 4 bytes (8 bytes per cycle at DDR)
-gpgpu_dram_burst_length                    4 # Burst length of each DRAM request (default = 4 data bus cycle)
-dram_data_command_freq_ratio                    2 # Frequency ratio between DRAM data bus and command bus (default = 2 times, i.e. DDR)
-gpgpu_dram_timing_opt nbk=16:CCD=1:RRD=6:RCD=19:RAS=45:RP=19:RC=50:CL=19:WL=6:CDLR=8:WR=21:nbkgrp=4:CCDL=6:RTPL=8 # DRAM timing parameters = {nbk:tCCD:tRRD:tRCD:tRAS:tRP:tRC:CL:WL:tCDLR:tWR:nbkgrp:tCCDL:tRTPL}
-gpgpu_l2_rop_latency                  237 # ROP queue latency (default 85)
-dram_latency                         283 # DRAM latency (default 30)
-dram_dual_bus_interface                    1 # dual_bus_interface (default = 0) 
-dram_bnk_indexing_policy                    0 # dram_bnk_indexing_policy (0 = normal indexing, 1 = Xoring with the higher bits) (Default = 0)
-dram_bnkgrp_indexing_policy                    1 # dram_bnkgrp_indexing_policy (0 = take higher bits, 1 = take lower bits) (Default = 0)
-dram_seperate_write_queue_enable                    0 # Seperate_Write_Queue_Enable
-dram_write_queue_size             32:28:16 # Write_Queue_Size
-dram_elimnate_rw_turnaround                    0 # elimnate_rw_turnaround i.e set tWTR and tRTW = 0
-icnt_flit_size                        32 # icnt_flit_size
-SST_mode                               0 # SST mode
-gpgpu_lrc_enabled                      1 # Enable load request coalescer
-gpgpu_lrc_max_entries                 1024 # Maximum number of entries in the LRC queue
-gpgpu_lrc_max_merged                    4 # Maximum number of requests that can be merged in a single entry
-gpgpu_mem_addr_mapping dramid@8;00000000.00000000.00000000.00000000.0000RRRR.RRRRRRRR.RBBBCCCC.BCCSSSSS # mapping memory address to dram model {dramid@<start bit>;<memory address map>}
-gpgpu_mem_addr_test                    0 # run sweep test to check address mapping for aliased address
-gpgpu_mem_address_mask                    1 # 0 = old addressing mask, 1 = new addressing mask, 2 = new add. mask + flipped bank sel and chip sel bits
-gpgpu_memory_partition_indexing                    6 # 0 = no indexing, 1 = bitwise xoring, 2 = IPoly, 4 = Random, 5 = custom indexing, 6 = IPoly-Modulo
-accelwattch_xml_file accelwattch_sass_sim.xml # AccelWattch XML file
-power_simulation_enabled                    0 # Turn on power simulator (1=On, 0=Off)
-power_per_cycle_dump                    0 # Dump detailed power output each cycle
-hw_perf_file_name            hw_perf.csv # Hardware Performance Statistics file
-hw_perf_bench_name                       # Kernel Name in Hardware Performance Statistics file
-power_simulation_mode                    0 # Switch performance counter input for power simulation (0=Sim, 1=HW, 2=HW-Sim Hybrid)
-dvfs_enabled                           0 # Turn on DVFS for power model
-aggregate_power_stats                    0 # Accumulate power across all kernels
-accelwattch_hybrid_perfsim_L1_RH                    0 # Get L1 Read Hits for Accelwattch-Hybrid from Accel-Sim
-accelwattch_hybrid_perfsim_L1_RM                    0 # Get L1 Read Misses for Accelwattch-Hybrid from Accel-Sim
-accelwattch_hybrid_perfsim_L1_WH                    0 # Get L1 Write Hits for Accelwattch-Hybrid from Accel-Sim
-accelwattch_hybrid_perfsim_L1_WM                    0 # Get L1 Write Misses for Accelwattch-Hybrid from Accel-Sim
-accelwattch_hybrid_perfsim_L2_RH                    0 # Get L2 Read Hits for Accelwattch-Hybrid from Accel-Sim
-accelwattch_hybrid_perfsim_L2_RM                    0 # Get L2 Read Misses for Accelwattch-Hybrid from Accel-Sim
-accelwattch_hybrid_perfsim_L2_WH                    0 # Get L2 Write Hits for Accelwattch-Hybrid from Accel-Sim
-accelwattch_hybrid_perfsim_L2_WM                    0 # Get L2 Write Misses for Accelwattch-Hybrid from Accel-Sim
-accelwattch_hybrid_perfsim_CC_ACC                    0 # Get Constant Cache Acesses for Accelwattch-Hybrid from Accel-Sim
-accelwattch_hybrid_perfsim_SHARED_ACC                    0 # Get Shared Memory Acesses for Accelwattch-Hybrid from Accel-Sim
-accelwattch_hybrid_perfsim_DRAM_RD                    0 # Get DRAM Reads for Accelwattch-Hybrid from Accel-Sim
-accelwattch_hybrid_perfsim_DRAM_WR                    0 # Get DRAM Writes for Accelwattch-Hybrid from Accel-Sim
-accelwattch_hybrid_perfsim_NOC                    0 # Get Interconnect Acesses for Accelwattch-Hybrid from Accel-Sim
-accelwattch_hybrid_perfsim_PIPE_DUTY                    0 # Get Pipeline Duty Cycle Acesses for Accelwattch-Hybrid from Accel-Sim
-accelwattch_hybrid_perfsim_NUM_SM_IDLE                    0 # Get Number of Idle SMs for Accelwattch-Hybrid from Accel-Sim
-accelwattch_hybrid_perfsim_CYCLES                    0 # Get Executed Cycles for Accelwattch-Hybrid from Accel-Sim
-accelwattch_hybrid_perfsim_VOLTAGE                    0 # Get Chip Voltage for Accelwattch-Hybrid from Accel-Sim
-power_trace_enabled                    0 # produce a file for the power trace (1=On, 0=Off)
-power_trace_zlevel                     6 # Compression level of the power trace output log (0=no comp, 9=highest)
-steady_power_levels_enabled                    0 # produce a file for the steady power levels (1=On, 0=Off)
-steady_state_definition                  8:4 # allowed deviation:number of samples
-gpgpu_max_cycle                        0 # terminates gpu simulation early (0 = no limit)
-gpgpu_max_insn                         0 # terminates gpu simulation early (0 = no limit)
-gpgpu_max_cta                          0 # terminates gpu simulation early (0 = no limit)
-gpgpu_max_completed_cta                    0 # terminates gpu simulation early (0 = no limit)
-gpgpu_runtime_stat                   500 # display runtime statistics such as dram utilization {<freq>:<flag>}
-liveness_message_freq                    1 # Minimum number of seconds between simulation liveness messages (0 = always print)
-gpgpu_compute_capability_major                    9 # Major compute capability version number
-gpgpu_compute_capability_minor                    0 # Minor compute capability version number
-gpgpu_flush_l1_cache                    1 # Flush L1 cache at the end of each kernel call
-gpgpu_flush_l2_cache                    0 # Flush L2 cache at the end of each kernel call
-gpgpu_deadlock_detect                    1 # Stop the simulation at deadlock (1=on (default), 0=off)
-gpgpu_ptx_instruction_classification                    0 # if enabled will classify ptx instruction types per kernel (Max 255 kernels now)
-gpgpu_ptx_sim_mode                     0 # Select between Performance (default) or Functional simulation (1)
-gpgpu_clock_domains  1755:3510:3510:1593 # Clock Domain Frequencies in MhZ {<Core Clock>:<ICNT Clock>:<L2 Clock>:<DRAM Clock>}
-gpgpu_max_concurrent_kernel                  128 # maximum kernels that can run concurrently on GPU, set this value according to max resident grids for your compute capability
-gpgpu_cflog_interval                    0 # Interval between each snapshot in control flow logger
-visualizer_enabled                     0 # Turn on visualizer output (1=On, 0=Off)
-visualizer_outputfile                 NULL # Specifies the output log file for visualizer
-visualizer_zlevel                      6 # Compression level of the visualizer output log (0=no comp, 9=highest)
-gpgpu_stack_size_limit                 1024 # GPU thread stack size
-gpgpu_heap_size_limit              8388608 # GPU malloc heap size 
-gpgpu_runtime_sync_depth_limit                    2 # GPU device runtime synchronize depth
-gpgpu_runtime_pending_launch_count_limit                 2048 # GPU device runtime pending launch count
-trace_enabled                          0 # Turn on traces
-trace_components                    none # comma seperated list of traces to enable. Complete list found in trace_streams.tup. Default none
-trace_sampling_core                    0 # The core which is printed using CORE_DPRINTF. Default 0
-trace_sampling_memory_partition                   -1 # The memory partition which is printed using MEMPART_DPRINTF. Default -1 (i.e. all)
-enable_ptx_file_line_stats                    1 # Turn on PTX source line statistic profiling. (1 = On)
-ptx_line_stats_filename gpgpu_inst_stats.txt # Output file for PTX source line statistics.
-gpgpu_kernel_launch_latency                 3000 # Kernel launch latency in cycles. Default: 0
-gpgpu_cdp_enabled                      0 # Turn on CDP
-gpgpu_TB_launch_latency                    0 # thread block launch latency in cycles. Default: 0
-trace               /localhome/tsousape/cam_with_gpu/traces/sched_E_1_468_2/traces/kernelslist.g # traces kernel filetraces kernel file directory
-trace_opcode_latency_initiation_int                  4,2 # Opcode latencies and initiation for integers in trace driven mode <latency,initiation>
-trace_opcode_latency_initiation_sp                  2,1 # Opcode latencies and initiation for sp in trace driven mode <latency,initiation>
-trace_opcode_latency_initiation_dp                  8,2 # Opcode latencies and initiation for dp in trace driven mode <latency,initiation>
-trace_opcode_latency_initiation_sfu                 23,8 # Opcode latencies and initiation for sfu in trace driven mode <latency,initiation>
-trace_opcode_latency_initiation_tensor                 12,4 # Opcode latencies and initiation for tensor in trace driven mode <latency,initiation>
-trace_opcode_latency_initiation_spec_op_1                  4,4 # specialized unit config <latency,initiation>
-trace_opcode_latency_initiation_spec_op_2                200,4 # specialized unit config <latency,initiation>
-trace_opcode_latency_initiation_spec_op_3                 12,4 # specialized unit config <latency,initiation>
-trace_opcode_latency_initiation_spec_op_4                  4,1 # specialized unit config <latency,initiation>
-trace_opcode_latency_initiation_spec_op_5               128,32 # specialized unit config <latency,initiation>
-trace_opcode_latency_initiation_spec_op_6                  4,4 # specialized unit config <latency,initiation>
-trace_opcode_latency_initiation_spec_op_7                  4,4 # specialized unit config <latency,initiation>
-trace_opcode_latency_initiation_spec_op_8                  4,4 # specialized unit config <latency,initiation>
DRAM Timing Options:
nbk                                    16 # number of banks
CCD                                     1 # column to column delay
RRD                                     6 # minimal delay between activation of rows in different banks
RCD                                    19 # row to column delay
RAS                                    45 # time needed to activate row
RP                                     19 # time needed to precharge (deactivate) row
RC                                     50 # row cycle time
CDLR                                    8 # switching from write to read (changes tWTR)
WR                                     21 # last data-in to row precharge
CL                                     19 # CAS latency
WL                                      6 # Write latency
nbkgrp                                  4 # number of bank groups
CCDL                                    6 # column to column delay between accesses to different bank groups
RTPL                                    8 # read to precharge delay between accesses to different bank groups
Total number of memory sub partition = 80
addr_dec_mask[CHIP]  = 0000000000000000 	high:64 low:0
addr_dec_mask[BK]    = 0000000000007080 	high:15 low:7
addr_dec_mask[ROW]   = 000000000fff8000 	high:28 low:15
addr_dec_mask[COL]   = 0000000000000f7f 	high:12 low:0
addr_dec_mask[BURST] = 000000000000001f 	high:5 low:0
sub_partition_id_mask = 0000000000000080
GPGPU-Sim uArch: clock freqs: 1755000000.000000:3510000000.000000:3510000000.000000:1593000000.000000
GPGPU-Sim uArch: clock periods: 0.00000000056980056980:0.00000000028490028490:0.00000000028490028490:0.00000000062774639046
*** Initializing Memory Statistics ***
GPGPU-Sim uArch: interconnect node map (shaderID+MemID to icntID)
GPGPU-Sim uArch: Memory nodes ID start from index: 114
GPGPU-Sim uArch:    0   1   2   3   4   5   6   7   8   9  10  11  12
GPGPU-Sim uArch:   13  14  15  16  17  18  19  20  21  22  23  24  25
GPGPU-Sim uArch:   26  27  28  29  30  31  32  33  34  35  36  37  38
GPGPU-Sim uArch:   39  40  41  42  43  44  45  46  47  48  49  50  51
GPGPU-Sim uArch:   52  53  54  55  56  57  58  59  60  61  62  63  64
GPGPU-Sim uArch:   65  66  67  68  69  70  71  72  73  74  75  76  77
GPGPU-Sim uArch:   78  79  80  81  82  83  84  85  86  87  88  89  90
GPGPU-Sim uArch:   91  92  93  94  95  96  97  98  99 100 101 102 103
GPGPU-Sim uArch:  104 105 106 107 108 109 110 111 112 113 114 115 116
GPGPU-Sim uArch:  117 118 119 120 121 122 123 124 125 126 127 128 129
GPGPU-Sim uArch:  130 131 132 133 134 135 136 137 138 139 140 141 142
GPGPU-Sim uArch:  143 144 145 146 147 148 149 150 151 152 153 154 155
GPGPU-Sim uArch:  156 157 158 159 160 161 162 163 164 165 166 167 168
GPGPU-Sim uArch:  169 170 171 172 173 174 175 176 177 178 179 180 181
GPGPU-Sim uArch:  182 183 184 185 186 187 188 189 190 191 192 193
GPGPU-Sim uArch: interconnect node reverse map (icntID to shaderID+MemID)
GPGPU-Sim uArch: Memory nodes start from ID: 114
GPGPU-Sim uArch:    0   1   2   3   4   5   6   7   8   9  10  11  12
GPGPU-Sim uArch:   13  14  15  16  17  18  19  20  21  22  23  24  25
GPGPU-Sim uArch:   26  27  28  29  30  31  32  33  34  35  36  37  38
GPGPU-Sim uArch:   39  40  41  42  43  44  45  46  47  48  49  50  51
GPGPU-Sim uArch:   52  53  54  55  56  57  58  59  60  61  62  63  64
GPGPU-Sim uArch:   65  66  67  68  69  70  71  72  73  74  75  76  77
GPGPU-Sim uArch:   78  79  80  81  82  83  84  85  86  87  88  89  90
GPGPU-Sim uArch:   91  92  93  94  95  96  97  98  99 100 101 102 103
GPGPU-Sim uArch:  104 105 106 107 108 109 110 111 112 113 114 115 116
GPGPU-Sim uArch:  117 118 119 120 121 122 123 124 125 126 127 128 129
GPGPU-Sim uArch:  130 131 132 133 134 135 136 137 138 139 140 141 142
GPGPU-Sim uArch:  143 144 145 146 147 148 149 150 151 152 153 154 155
GPGPU-Sim uArch:  156 157 158 159 160 161 162 163 164 165 166 167 168
GPGPU-Sim uArch:  169 170 171 172 173 174 175 176 177 178 179 180 181
GPGPU-Sim uArch:  182 183 184 185 186 187 188 189 190 191 192 193
GPGPU-Sim uArch: performance model initialization complete.
launching memcpy command : MemcpyHtoD,0x00007f1561e00000,1589248
Processing kernel /localhome/tsousape/cam_with_gpu/traces/sched_E_1_468_2/traces/kernel-1-ctx_0x56131343e480.tracez
-kernel name = _Z7sched_ePjPKjS_Pfiiii
-kernel id = 1
-grid dim = (1,1,1)
-block dim = (256,1,1)
-shmem = 132160
-nregs = 31
-binary version = 90
-cuda stream id = 0
-shmem base_addr = 0x00007f1600000000
-local mem base_addr = 0x00007f158d000000
-nvbit version = 1.8
-accelsim tracer version = 6
-enable lineinfo = 0
Header info loaded for kernel command : /localhome/tsousape/cam_with_gpu/traces/sched_E_1_468_2/traces/kernel-1-ctx_0x56131343e480.tracez
launching kernel name: _Z7sched_ePjPKjS_Pfiiii uid: 1 cuda_stream_id: 0
GPGPU-Sim uArch: Shader 0 bind to kernel 1 '_Z7sched_ePjPKjS_Pfiiii'
GPGPU-Sim uArch: CTA/core = 1, limited by: shmem
GPGPU-Sim: Reconfigure L1 cache to 28KB
thread block = 0,0,0
Destroy streams for kernel 1: size 0
kernel_name = _Z7sched_ePjPKjS_Pfiiii 
kernel_launch_uid = 1 
kernel_stream_id = 0
gpu_sim_cycle = 10876
gpu_sim_insn = 204350
gpu_ipc =      18.7891
gpu_tot_sim_cycle = 10876
gpu_tot_sim_insn = 204350
gpu_tot_ipc =      18.7891
gpu_tot_issued_cta = 1
gpu_occupancy = 7.4609% 
gpu_tot_occupancy = 7.4609% 
max_total_param_size = 0
gpu_stall_dramfull = 0
gpu_stall_icnt2sh    = 0
partiton_level_parallism =       0.0982
partiton_level_parallism_total  =       0.0982
partiton_level_parallism_util =       1.0000
partiton_level_parallism_util_total  =       1.0000
L2_BW  =       5.5148 GB/Sec
L2_BW_total  =       5.5148 GB/Sec
gpu_total_sim_rate=204350

========= Core cache stats =========
L1I_cache:
	L1I_total_cache_accesses = 0
	L1I_total_cache_misses = 0
	L1I_total_cache_pending_hits = 0
	L1I_total_cache_reservation_fails = 0
L1D_cache:
	L1D_cache_core[0]: Access = 32, Miss = 16, Miss_rate = 0.500, Pending_hits = 0, Reservation_fails = 0
	L1D_cache_core[1]: Access = 0, Miss = 0, Miss_rate = -nan, Pending_hits = 0, Reservation_fails = 0
	L1D_cache_core[2]: Access = 0, Miss = 0, Miss_rate = -nan, Pending_hits = 0, Reservation_fails = 0
	L1D_cache_core[3]: Access = 0, Miss = 0, Miss_rate = -nan, Pending_hits = 0, Reservation_fails = 0
	L1D_cache_core[4]: Access = 0, Miss = 0, Miss_rate = -nan, Pending_hits = 0, Reservation_fails = 0
	L1D_cache_core[5]: Access = 0, Miss = 0, Miss_rate = -nan, Pending_hits = 0, Reservation_fails = 0
	L1D_cache_core[6]: Access = 0, Miss = 0, Miss_rate = -nan, Pending_hits = 0, Reservation_fails = 0
	L1D_cache_core[7]: Access = 0, Miss = 0, Miss_rate = -nan, Pending_hits = 0, Reservation_fails = 0
	L1D_cache_core[8]: Access = 0, Miss = 0, Miss_rate = -nan, Pending_hits = 0, Reservation_fails = 0
	L1D_cache_core[9]: Access = 0, Miss = 0, Miss_rate = -nan, Pending_hits = 0, Reservation_fails = 0
	L1D_cache_core[10]: Access = 0, Miss = 0, Miss_rate = -nan, Pending_hits = 0, Reservation_fails = 0
	L1D_cache_core[11]: Access = 0, Miss = 0, Miss_rate = -nan, Pending_hits = 0, Reservation_fails = 0
	L1D_cache_core[12]: Access = 0, Miss = 0, Miss_rate = -nan, Pending_hits = 0, Reservation_fails = 0
	L1D_cache_core[13]: Access = 0, Miss = 0, Miss_rate = -nan, Pending_hits = 0, Reservation_fails = 0
	L1D_cache_core[14]: Access = 0, Miss = 0, Miss_rate = -nan, Pending_hits = 0, Reservation_fails = 0
	L1D_cache_core[15]: Access = 0, Miss = 0, Miss_rate = -nan, Pending_hits = 0, Reservation_fails = 0
	L1D_cache_core[16]: Access = 0, Miss = 0, Miss_rate = -nan, Pending_hits = 0, Reservation_fails = 0
	L1D_cache_core[17]: Access = 0, Miss = 0, Miss_rate = -nan, Pending_hits = 0, Reservation_fails = 0
	L1D_cache_core[18]: Access = 0, Miss = 0, Miss_rate = -nan, Pending_hits = 0, Reservation_fails = 0
	L1D_cache_core[19]: Access = 0, Miss = 0, Miss_rate = -nan, Pending_hits = 0, Reservation_fails = 0
	L1D_cache_core[20]: Access = 0, Miss = 0, Miss_rate = -nan, Pending_hits = 0, Reservation_fails = 0
	L1D_cache_core[21]: Access = 0, Miss = 0, Miss_rate = -nan, Pending_hits = 0, Reservation_fails = 0
	L1D_cache_core[22]: Access = 0, Miss = 0, Miss_rate = -nan, Pending_hits = 0, Reservation_fails = 0
	L1D_cache_core[23]: Access = 0, Miss = 0, Miss_rate = -nan, Pending_hits = 0, Reservation_fails = 0
	L1D_cache_core[24]: Access = 0, Miss = 0, Miss_rate = -nan, Pending_hits = 0, Reservation_fails = 0
	L1D_cache_core[25]: Access = 0, Miss = 0, Miss_rate = -nan, Pending_hits = 0, Reservation_fails = 0
	L1D_cache_core[26]: Access = 0, Miss = 0, Miss_rate = -nan, Pending_hits = 0, Reservation_fails = 0
	L1D_cache_core[27]: Access = 0, Miss = 0, Miss_rate = -nan, Pending_hits = 0, Reservation_fails = 0
	L1D_cache_core[28]: Access = 0, Miss = 0, Miss_rate = -nan, Pending_hits = 0, Reservation_fails = 0
	L1D_cache_core[29]: Access = 0, Miss = 0, Miss_rate = -nan, Pending_hits = 0, Reservation_fails = 0
	L1D_cache_core[30]: Access = 0, Miss = 0, Miss_rate = -nan, Pending_hits = 0, Reservation_fails = 0
	L1D_cache_core[31]: Access = 0, Miss = 0, Miss_rate = -nan, Pending_hits = 0, Reservation_fails = 0
	L1D_cache_core[32]: Access = 0, Miss = 0, Miss_rate = -nan, Pending_hits = 0, Reservation_fails = 0
	L1D_cache_core[33]: Access = 0, Miss = 0, Miss_rate = -nan, Pending_hits = 0, Reservation_fails = 0
	L1D_cache_core[34]: Access = 0, Miss = 0, Miss_rate = -nan, Pending_hits = 0, Reservation_fails = 0
	L1D_cache_core[35]: Access = 0, Miss = 0, Miss_rate = -nan, Pending_hits = 0, Reservation_fails = 0
	L1D_cache_core[36]: Access = 0, Miss = 0, Miss_rate = -nan, Pending_hits = 0, Reservation_fails = 0
	L1D_cache_core[37]: Access = 0, Miss = 0, Miss_rate = -nan, Pending_hits = 0, Reservation_fails = 0
	L1D_cache_core[38]: Access = 0, Miss = 0, Miss_rate = -nan, Pending_hits = 0, Reservation_fails = 0
	L1D_cache_core[39]: Access = 0, Miss = 0, Miss_rate = -nan, Pending_hits = 0, Reservation_fails = 0
	L1D_cache_core[40]: Access = 0, Miss = 0, Miss_rate = -nan, Pending_hits = 0, Reservation_fails = 0
	L1D_cache_core[41]: Access = 0, Miss = 0, Miss_rate = -nan, Pending_hits = 0, Reservation_fails = 0
	L1D_cache_core[42]: Access = 0, Miss = 0, Miss_rate = -nan, Pending_hits = 0, Reservation_fails = 0
	L1D_cache_core[43]: Access = 0, Miss = 0, Miss_rate = -nan, Pending_hits = 0, Reservation_fails = 0
	L1D_cache_core[44]: Access = 0, Miss = 0, Miss_rate = -nan, Pending_hits = 0, Reservation_fails = 0
	L1D_cache_core[45]: Access = 0, Miss = 0, Miss_rate = -nan, Pending_hits = 0, Reservation_fails = 0
	L1D_cache_core[46]: Access = 0, Miss = 0, Miss_rate = -nan, Pending_hits = 0, Reservation_fails = 0
	L1D_cache_core[47]: Access = 0, Miss = 0, Miss_rate = -nan, Pending_hits = 0, Reservation_fails = 0
	L1D_cache_core[48]: Access = 0, Miss = 0, Miss_rate = -nan, Pending_hits = 0, Reservation_fails = 0
	L1D_cache_core[49]: Access = 0, Miss = 0, Miss_rate = -nan, Pending_hits = 0, Reservation_fails = 0
	L1D_cache_core[50]: Access = 0, Miss = 0, Miss_rate = -nan, Pending_hits = 0, Reservation_fails = 0
	L1D_cache_core[51]: Access = 0, Miss = 0, Miss_rate = -nan, Pending_hits = 0, Reservation_fails = 0
	L1D_cache_core[52]: Access = 0, Miss = 0, Miss_rate = -nan, Pending_hits = 0, Reservation_fails = 0
	L1D_cache_core[53]: Access = 0, Miss = 0, Miss_rate = -nan, Pending_hits = 0, Reservation_fails = 0
	L1D_cache_core[54]: Access = 0, Miss = 0, Miss_rate = -nan, Pending_hits = 0, Reservation_fails = 0
	L1D_cache_core[55]: Access = 0, Miss = 0, Miss_rate = -nan, Pending_hits = 0, Reservation_fails = 0
	L1D_cache_core[56]: Access = 0, Miss = 0, Miss_rate = -nan, Pending_hits = 0, Reservation_fails = 0
	L1D_cache_core[57]: Access = 0, Miss = 0, Miss_rate = -nan, Pending_hits = 0, Reservation_fails = 0
	L1D_cache_core[58]: Access = 0, Miss = 0, Miss_rate = -nan, Pending_hits = 0, Reservation_fails = 0
	L1D_cache_core[59]: Access = 0, Miss = 0, Miss_rate = -nan, Pending_hits = 0, Reservation_fails = 0
	L1D_cache_core[60]: Access = 0, Miss = 0, Miss_rate = -nan, Pending_hits = 0, Reservation_fails = 0
	L1D_cache_core[61]: Access = 0, Miss = 0, Miss_rate = -nan, Pending_hits = 0, Reservation_fails = 0
	L1D_cache_core[62]: Access = 0, Miss = 0, Miss_rate = -nan, Pending_hits = 0, Reservation_fails = 0
	L1D_cache_core[63]: Access = 0, Miss = 0, Miss_rate = -nan, Pending_hits = 0, Reservation_fails = 0
	L1D_cache_core[64]: Access = 0, Miss = 0, Miss_rate = -nan, Pending_hits = 0, Reservation_fails = 0
	L1D_cache_core[65]: Access = 0, Miss = 0, Miss_rate = -nan, Pending_hits = 0, Reservation_fails = 0
	L1D_cache_core[66]: Access = 0, Miss = 0, Miss_rate = -nan, Pending_hits = 0, Reservation_fails = 0
	L1D_cache_core[67]: Access = 0, Miss = 0, Miss_rate = -nan, Pending_hits = 0, Reservation_fails = 0
	L1D_cache_core[68]: Access = 0, Miss = 0, Miss_rate = -nan, Pending_hits = 0, Reservation_fails = 0
	L1D_cache_core[69]: Access = 0, Miss = 0, Miss_rate = -nan, Pending_hits = 0, Reservation_fails = 0
	L1D_cache_core[70]: Access = 0, Miss = 0, Miss_rate = -nan, Pending_hits = 0, Reservation_fails = 0
	L1D_cache_core[71]: Access = 0, Miss = 0, Miss_rate = -nan, Pending_hits = 0, Reservation_fails = 0
	L1D_cache_core[72]: Access = 0, Miss = 0, Miss_rate = -nan, Pending_hits = 0, Reservation_fails = 0
	L1D_cache_core[73]: Access = 0, Miss = 0, Miss_rate = -nan, Pending_hits = 0, Reservation_fails = 0
	L1D_cache_core[74]: Access = 0, Miss = 0, Miss_rate = -nan, Pending_hits = 0, Reservation_fails = 0
	L1D_cache_core[75]: Access = 0, Miss = 0, Miss_rate = -nan, Pending_hits = 0, Reservation_fails = 0
	L1D_cache_core[76]: Access = 0, Miss = 0, Miss_rate = -nan, Pending_hits = 0, Reservation_fails = 0
	L1D_cache_core[77]: Access = 0, Miss = 0, Miss_rate = -nan, Pending_hits = 0, Reservation_fails = 0
	L1D_cache_core[78]: Access = 0, Miss = 0, Miss_rate = -nan, Pending_hits = 0, Reservation_fails = 0
	L1D_cache_core[79]: Access = 0, Miss = 0, Miss_rate = -nan, Pending_hits = 0, Reservation_fails = 0
	L1D_cache_core[80]: Access = 0, Miss = 0, Miss_rate = -nan, Pending_hits = 0, Reservation_fails = 0
	L1D_cache_core[81]: Access = 0, Miss = 0, Miss_rate = -nan, Pending_hits = 0, Reservation_fails = 0
	L1D_cache_core[82]: Access = 0, Miss = 0, Miss_rate = -nan, Pending_hits = 0, Reservation_fails = 0
	L1D_cache_core[83]: Access = 0, Miss = 0, Miss_rate = -nan, Pending_hits = 0, Reservation_fails = 0
	L1D_cache_core[84]: Access = 0, Miss = 0, Miss_rate = -nan, Pending_hits = 0, Reservation_fails = 0
	L1D_cache_core[85]: Access = 0, Miss = 0, Miss_rate = -nan, Pending_hits = 0, Reservation_fails = 0
	L1D_cache_core[86]: Access = 0, Miss = 0, Miss_rate = -nan, Pending_hits = 0, Reservation_fails = 0
	L1D_cache_core[87]: Access = 0, Miss = 0, Miss_rate = -nan, Pending_hits = 0, Reservation_fails = 0
	L1D_cache_core[88]: Access = 0, Miss = 0, Miss_rate = -nan, Pending_hits = 0, Reservation_fails = 0
	L1D_cache_core[89]: Access = 0, Miss = 0, Miss_rate = -nan, Pending_hits = 0, Reservation_fails = 0
	L1D_cache_core[90]: Access = 0, Miss = 0, Miss_rate = -nan, Pending_hits = 0, Reservation_fails = 0
	L1D_cache_core[91]: Access = 0, Miss = 0, Miss_rate = -nan, Pending_hits = 0, Reservation_fails = 0
	L1D_cache_core[92]: Access = 0, Miss = 0, Miss_rate = -nan, Pending_hits = 0, Reservation_fails = 0
	L1D_cache_core[93]: Access = 0, Miss = 0, Miss_rate = -nan, Pending_hits = 0, Reservation_fails = 0
	L1D_cache_core[94]: Access = 0, Miss = 0, Miss_rate = -nan, Pending_hits = 0, Reservation_fails = 0
	L1D_cache_core[95]: Access = 0, Miss = 0, Miss_rate = -nan, Pending_hits = 0, Reservation_fails = 0
	L1D_cache_core[96]: Access = 0, Miss = 0, Miss_rate = -nan, Pending_hits = 0, Reservation_fails = 0
	L1D_cache_core[97]: Access = 0, Miss = 0, Miss_rate = -nan, Pending_hits = 0, Reservation_fails = 0
	L1D_cache_core[98]: Access = 0, Miss = 0, Miss_rate = -nan, Pending_hits = 0, Reservation_fails = 0
	L1D_cache_core[99]: Access = 0, Miss = 0, Miss_rate = -nan, Pending_hits = 0, Reservation_fails = 0
	L1D_cache_core[100]: Access = 0, Miss = 0, Miss_rate = -nan, Pending_hits = 0, Reservation_fails = 0
	L1D_cache_core[101]: Access = 0, Miss = 0, Miss_rate = -nan, Pending_hits = 0, Reservation_fails = 0
	L1D_cache_core[102]: Access = 0, Miss = 0, Miss_rate = -nan, Pending_hits = 0, Reservation_fails = 0
	L1D_cache_core[103]: Access = 0, Miss = 0, Miss_rate = -nan, Pending_hits = 0, Reservation_fails = 0
	L1D_cache_core[104]: Access = 0, Miss = 0, Miss_rate = -nan, Pending_hits = 0, Reservation_fails = 0
	L1D_cache_core[105]: Access = 0, Miss = 0, Miss_rate = -nan, Pending_hits = 0, Reservation_fails = 0
	L1D_cache_core[106]: Access = 0, Miss = 0, Miss_rate = -nan, Pending_hits = 0, Reservation_fails = 0
	L1D_cache_core[107]: Access = 0, Miss = 0, Miss_rate = -nan, Pending_hits = 0, Reservation_fails = 0
	L1D_cache_core[108]: Access = 0, Miss = 0, Miss_rate = -nan, Pending_hits = 0, Reservation_fails = 0
	L1D_cache_core[109]: Access = 0, Miss = 0, Miss_rate = -nan, Pending_hits = 0, Reservation_fails = 0
	L1D_cache_core[110]: Access = 0, Miss = 0, Miss_rate = -nan, Pending_hits = 0, Reservation_fails = 0
	L1D_cache_core[111]: Access = 0, Miss = 0, Miss_rate = -nan, Pending_hits = 0, Reservation_fails = 0
	L1D_cache_core[112]: Access = 0, Miss = 0, Miss_rate = -nan, Pending_hits = 0, Reservation_fails = 0
	L1D_cache_core[113]: Access = 0, Miss = 0, Miss_rate = -nan, Pending_hits = 0, Reservation_fails = 0
	L1D_total_cache_accesses = 32
	L1D_total_cache_misses = 16
	L1D_total_cache_miss_rate = 0.5000
	L1D_total_cache_pending_hits = 0
	L1D_total_cache_reservation_fails = 0
	L1D_cache_data_port_util = 0.002
	L1D_cache_fill_port_util = 0.002
L1C_cache:
	L1C_total_cache_accesses = 0
	L1C_total_cache_misses = 0
	L1C_total_cache_pending_hits = 0
	L1C_total_cache_reservation_fails = 0
L1T_cache:
	L1T_total_cache_accesses = 0
	L1T_total_cache_misses = 0
	L1T_total_cache_pending_hits = 0
	L1T_total_cache_reservation_fails = 0

Total_core_cache_stats:
	Total_core_cache_stats_breakdown[GLOBAL_ACC_R][HIT] = 0
	Total_core_cache_stats_breakdown[GLOBAL_ACC_R][HIT_RESERVED] = 0
	Total_core_cache_stats_breakdown[GLOBAL_ACC_R][MISS] = 4
	Total_core_cache_stats_breakdown[GLOBAL_ACC_R][RESERVATION_FAIL] = 0
	Total_core_cache_stats_breakdown[GLOBAL_ACC_R][SECTOR_MISS] = 12
	Total_core_cache_stats_breakdown[GLOBAL_ACC_R][MSHR_HIT] = 0
	Total_core_cache_stats_breakdown[GLOBAL_ACC_R][WRITE_ALLOCATED] = 0
	Total_core_cache_stats_breakdown[CHIPLET_ACC_R][HIT] = 0
	Total_core_cache_stats_breakdown[CHIPLET_ACC_R][HIT_RESERVED] = 0
	Total_core_cache_stats_breakdown[CHIPLET_ACC_R][MISS] = 0
	Total_core_cache_stats_breakdown[CHIPLET_ACC_R][RESERVATION_FAIL] = 0
	Total_core_cache_stats_breakdown[CHIPLET_ACC_R][SECTOR_MISS] = 0
	Total_core_cache_stats_breakdown[CHIPLET_ACC_R][MSHR_HIT] = 0
	Total_core_cache_stats_breakdown[CHIPLET_ACC_R][WRITE_ALLOCATED] = 0
	Total_core_cache_stats_breakdown[LOCAL_ACC_R][HIT] = 0
	Total_core_cache_stats_breakdown[LOCAL_ACC_R][HIT_RESERVED] = 0
	Total_core_cache_stats_breakdown[LOCAL_ACC_R][MISS] = 0
	Total_core_cache_stats_breakdown[LOCAL_ACC_R][RESERVATION_FAIL] = 0
	Total_core_cache_stats_breakdown[LOCAL_ACC_R][SECTOR_MISS] = 0
	Total_core_cache_stats_breakdown[LOCAL_ACC_R][MSHR_HIT] = 0
	Total_core_cache_stats_breakdown[LOCAL_ACC_R][WRITE_ALLOCATED] = 0
	Total_core_cache_stats_breakdown[CONST_ACC_R][HIT] = 0
	Total_core_cache_stats_breakdown[CONST_ACC_R][HIT_RESERVED] = 0
	Total_core_cache_stats_breakdown[CONST_ACC_R][MISS] = 0
	Total_core_cache_stats_breakdown[CONST_ACC_R][RESERVATION_FAIL] = 0
	Total_core_cache_stats_breakdown[CONST_ACC_R][SECTOR_MISS] = 0
	Total_core_cache_stats_breakdown[CONST_ACC_R][MSHR_HIT] = 0
	Total_core_cache_stats_breakdown[CONST_ACC_R][WRITE_ALLOCATED] = 0
	Total_core_cache_stats_breakdown[TEXTURE_ACC_R][HIT] = 0
	Total_core_cache_stats_breakdown[TEXTURE_ACC_R][HIT_RESERVED] = 0
	Total_core_cache_stats_breakdown[TEXTURE_ACC_R][MISS] = 0
	Total_core_cache_stats_breakdown[TEXTURE_ACC_R][RESERVATION_FAIL] = 0
	Total_core_cache_stats_breakdown[TEXTURE_ACC_R][SECTOR_MISS] = 0
	Total_core_cache_stats_breakdown[TEXTURE_ACC_R][MSHR_HIT] = 0
	Total_core_cache_stats_breakdown[TEXTURE_ACC_R][WRITE_ALLOCATED] = 0
	Total_core_cache_stats_breakdown[GLOBAL_ACC_W][HIT] = 16
	Total_core_cache_stats_breakdown[GLOBAL_ACC_W][HIT_RESERVED] = 0
	Total_core_cache_stats_breakdown[GLOBAL_ACC_W][MISS] = 0
	Total_core_cache_stats_breakdown[GLOBAL_ACC_W][RESERVATION_FAIL] = 0
	Total_core_cache_stats_breakdown[GLOBAL_ACC_W][SECTOR_MISS] = 0
	Total_core_cache_stats_breakdown[GLOBAL_ACC_W][MSHR_HIT] = 0
	Total_core_cache_stats_breakdown[GLOBAL_ACC_W][WRITE_ALLOCATED] = 0
	Total_core_cache_stats_breakdown[CHIPLET_ACC_W][HIT] = 0
	Total_core_cache_stats_breakdown[CHIPLET_ACC_W][HIT_RESERVED] = 0
	Total_core_cache_stats_breakdown[CHIPLET_ACC_W][MISS] = 0
	Total_core_cache_stats_breakdown[CHIPLET_ACC_W][RESERVATION_FAIL] = 0
	Total_core_cache_stats_breakdown[CHIPLET_ACC_W][SECTOR_MISS] = 0
	Total_core_cache_stats_breakdown[CHIPLET_ACC_W][MSHR_HIT] = 0
	Total_core_cache_stats_breakdown[CHIPLET_ACC_W][WRITE_ALLOCATED] = 0
	Total_core_cache_stats_breakdown[LOCAL_ACC_W][HIT] = 0
	Total_core_cache_stats_breakdown[LOCAL_ACC_W][HIT_RESERVED] = 0
	Total_core_cache_stats_breakdown[LOCAL_ACC_W][MISS] = 0
	Total_core_cache_stats_breakdown[LOCAL_ACC_W][RESERVATION_FAIL] = 0
	Total_core_cache_stats_breakdown[LOCAL_ACC_W][SECTOR_MISS] = 0
	Total_core_cache_stats_breakdown[LOCAL_ACC_W][MSHR_HIT] = 0
	Total_core_cache_stats_breakdown[LOCAL_ACC_W][WRITE_ALLOCATED] = 0
	Total_core_cache_stats_breakdown[L1_WRBK_ACC][HIT] = 0
	Total_core_cache_stats_breakdown[L1_WRBK_ACC][HIT_RESERVED] = 0
	Total_core_cache_stats_breakdown[L1_WRBK_ACC][MISS] = 0
	Total_core_cache_stats_breakdown[L1_WRBK_ACC][RESERVATION_FAIL] = 0
	Total_core_cache_stats_breakdown[L1_WRBK_ACC][SECTOR_MISS] = 0
	Total_core_cache_stats_breakdown[L1_WRBK_ACC][MSHR_HIT] = 0
	Total_core_cache_stats_breakdown[L1_WRBK_ACC][WRITE_ALLOCATED] = 0
	Total_core_cache_stats_breakdown[L2_WRBK_ACC][HIT] = 0
	Total_core_cache_stats_breakdown[L2_WRBK_ACC][HIT_RESERVED] = 0
	Total_core_cache_stats_breakdown[L2_WRBK_ACC][MISS] = 0
	Total_core_cache_stats_breakdown[L2_WRBK_ACC][RESERVATION_FAIL] = 0
	Total_core_cache_stats_breakdown[L2_WRBK_ACC][SECTOR_MISS] = 0
	Total_core_cache_stats_breakdown[L2_WRBK_ACC][MSHR_HIT] = 0
	Total_core_cache_stats_breakdown[L2_WRBK_ACC][WRITE_ALLOCATED] = 0
	Total_core_cache_stats_breakdown[INST_ACC_R][HIT] = 0
	Total_core_cache_stats_breakdown[INST_ACC_R][HIT_RESERVED] = 0
	Total_core_cache_stats_breakdown[INST_ACC_R][MISS] = 0
	Total_core_cache_stats_breakdown[INST_ACC_R][RESERVATION_FAIL] = 0
	Total_core_cache_stats_breakdown[INST_ACC_R][SECTOR_MISS] = 0
	Total_core_cache_stats_breakdown[INST_ACC_R][MSHR_HIT] = 0
	Total_core_cache_stats_breakdown[INST_ACC_R][WRITE_ALLOCATED] = 0
	Total_core_cache_stats_breakdown[L1_WR_ALLOC_R][HIT] = 0
	Total_core_cache_stats_breakdown[L1_WR_ALLOC_R][HIT_RESERVED] = 0
	Total_core_cache_stats_breakdown[L1_WR_ALLOC_R][MISS] = 0
	Total_core_cache_stats_breakdown[L1_WR_ALLOC_R][RESERVATION_FAIL] = 0
	Total_core_cache_stats_breakdown[L1_WR_ALLOC_R][SECTOR_MISS] = 0
	Total_core_cache_stats_breakdown[L1_WR_ALLOC_R][MSHR_HIT] = 0
	Total_core_cache_stats_breakdown[L1_WR_ALLOC_R][WRITE_ALLOCATED] = 0
	Total_core_cache_stats_breakdown[L2_WR_ALLOC_R][HIT] = 0
	Total_core_cache_stats_breakdown[L2_WR_ALLOC_R][HIT_RESERVED] = 0
	Total_core_cache_stats_breakdown[L2_WR_ALLOC_R][MISS] = 0
	Total_core_cache_stats_breakdown[L2_WR_ALLOC_R][RESERVATION_FAIL] = 0
	Total_core_cache_stats_breakdown[L2_WR_ALLOC_R][SECTOR_MISS] = 0
	Total_core_cache_stats_breakdown[L2_WR_ALLOC_R][MSHR_HIT] = 0
	Total_core_cache_stats_breakdown[L2_WR_ALLOC_R][WRITE_ALLOCATED] = 0
	Total_core_cache_stats_breakdown[GLOBAL_ACC_R][TOTAL_ACCESS] = 16
	Total_core_cache_stats_breakdown[GLOBAL_ACC_W][TOTAL_ACCESS] = 16

Total_core_cache_fail_stats:
ctas_completed 1, Shader 0 warp_id issue ditsribution:
warp_id:
0, 1, 2, 3, 4, 5, 6, 7, 
distro:
547, 451, 437, 437, 1185, 1182, 1191, 1191, 
MBARRIER_TRYWAIT,0,4,3402,3602,3802,4002,4202,4402,4602,4802,5002,5202,5402
MBARRIER_TRYWAIT,0,5,3400,3600,3800,4000,4200,4400,4600,4800,5000,5200,5400
MBARRIER_TRYWAIT,0,6,3407,3607,3807,4007,4207,4407,4607,4807,5007,5207,5407
MBARRIER_TRYWAIT,0,7,3407,3607,3807,4007,4207,4407,4607,4807,5007,5207,5407
gpgpu_n_tot_thrd_icount = 204350
gpgpu_n_tot_w_icount = 6621
gpgpu_n_stall_shd_mem = 340
gpgpu_n_mem_read_local = 0
gpgpu_n_mem_write_local = 0
gpgpu_n_mem_read_global = 532
gpgpu_n_mem_write_global = 536
gpgpu_n_mem_texture = 0
gpgpu_n_mem_const = 0
gpgpu_n_load_insn  = 133
gpgpu_n_store_insn = 129
gpgpu_n_shmem_insn = 25642
gpgpu_n_sstarr_insn = 0
gpgpu_n_tex_insn = 0
gpgpu_n_const_mem_insn = 0
gpgpu_n_param_mem_insn = 0
gpgpu_n_shmem_bkconflict = 0
gpgpu_n_l1cache_bkconflict = 0
gpgpu_n_intrawarp_mshr_merge = 0
gpgpu_n_cmem_portconflict = 0
gpgpu_stall_shd_mem[c_mem][resource_stall] = 0
gpgpu_stall_shd_mem[s_mem][bk_conf] = 0
gpgpu_stall_shd_mem[gl_mem][resource_stall] = 0
gpgpu_stall_shd_mem[gl_mem][coal_stall] = 174
gpgpu_stall_shd_mem[gl_mem][data_port_stall] = 0
gpu_reg_bank_conflict_stalls = 0
Warp Occupancy Distribution:
Stall:3505	W0_Idle:8976	W0_Scoreboard:12526	W1:110	W2:0	W3:0	W4:0	W5:0	W6:0	W7:0	W8:0	W9:0	W10:0	W11:0	W12:0	W13:0	W14:0	W15:0	W16:0	W17:0	W18:0	W19:0	W20:0	W21:0	W22:0	W23:0	W24:0	W25:0	W26:0	W27:0	W28:0	W29:0	W30:0	W31:16	W32:6367
single_issue_nums: WS0:1732	WS1:1633	WS2:1628	WS3:1628	
dual_issue_nums: WS0:0	WS1:0	WS2:0	WS3:0	
traffic_breakdown_coretomem[GLOBAL_ACC_R] = 4224 {8:528,}
traffic_breakdown_coretomem[GLOBAL_ACC_W] = 21440 {40:536,}
traffic_breakdown_coretomem[GLOBAL_ATOMIC] = 160 {40:4,}
traffic_breakdown_memtocore[CHIPLET_ACC_R] = 10240 {40:256,}
traffic_breakdown_memtocore[GLOBAL_ACC_R] = 10880 {40:272,}
traffic_breakdown_memtocore[GLOBAL_ACC_W] = 4288 {8:536,}
traffic_breakdown_memtocore[GLOBAL_ATOMIC] = 160 {40:4,}
maxmflatency = 864 
max_icnt2mem_latency = 131 
maxmrqlatency = 0 
max_icnt2sh_latency = 5 
averagemflatency = 528 
avg_icnt2mem_latency = 96 
avg_icnt2sh_latency = 3 
mrq_lat_table:0 	0 	0 	0 	0 	0 	0 	0 	0 	0 	0 	0 	0 	0 	0 	0 	0 	0 	0 	0 	0 	0 	0 	0 	0 	0 	0 	0 	0 	0 	0 	0 	
dq_lat_table:0 	0 	0 	0 	0 	0 	0 	0 	0 	0 	0 	0 	0 	0 	0 	0 	0 	0 	0 	0 	0 	0 	0 	0 	0 	0 	0 	0 	0 	0 	0 	0 	
mf_lat_table:0 	0 	0 	0 	0 	0 	0 	44 	494 	530 	0 	0 	0 	0 	0 	0 	0 	0 	0 	0 	0 	0 	0 	0 	0 	0 	0 	0 	0 	0 	0 	0 	
icnt2mem_lat_table:0 	5 	15 	32 	64 	160 	432 	360 	0 	0 	0 	0 	0 	0 	0 	0 	0 	0 	0 	0 	0 	0 	0 	0 	
icnt2sh_lat_table:0 	787 	281 	0 	0 	0 	0 	0 	0 	0 	0 	0 	0 	0 	0 	0 	0 	0 	0 	0 	0 	0 	0 	0 	
mf_lat_pw_table:0 	0 	0 	0 	0 	0 	0 	0 	1 	3 	0 	0 	0 	0 	0 	0 	0 	0 	0 	0 	0 	0 	0 	0 	0 	0 	0 	0 	0 	0 	0 	0 	
maximum concurrent accesses to same row:
dram[0]:         0         0         0         0         0         0         0         0         0         0         0         0         0         0         0         0 
dram[1]:         0         0         0         0         0         0         0         0         0         0         0         0         0         0         0         0 
dram[2]:         0         0         0         0         0         0         0         0         0         0         0         0         0         0         0         0 
dram[3]:         0         0         0         0         0         0         0         0         0         0         0         0         0         0         0         0 
dram[4]:         0         0         0         0         0         0         0         0         0         0         0         0         0         0         0         0 
dram[5]:         0         0         0         0         0         0         0         0         0         0         0         0         0         0         0         0 
dram[6]:         0         0         0         0         0         0         0         0         0         0         0         0         0         0         0         0 
dram[7]:         0         0         0         0         0         0         0         0         0         0         0         0         0         0         0         0 
dram[8]:         0         0         0         0         0         0         0         0         0         0         0         0         0         0         0         0 
dram[9]:         0         0         0         0         0         0         0         0         0         0         0         0         0         0         0         0 
dram[10]:         0         0         0         0         0         0         0         0         0         0         0         0         0         0         0         0 
dram[11]:         0         0         0         0         0         0         0         0         0         0         0         0         0         0         0         0 
dram[12]:         0         0         0         0         0         0         0         0         0         0         0         0         0         0         0         0 
dram[13]:         0         0         0         0         0         0         0         0         0         0         0         0         0         0         0         0 
dram[14]:         0         0         0         0         0         0         0         0         0         0         0         0         0         0         0         0 
dram[15]:         0         0         0         0         0         0         0         0         0         0         0         0         0         0         0         0 
dram[16]:         0         0         0         0         0         0         0         0         0         0         0         0         0         0         0         0 
dram[17]:         0         0         0         0         0         0         0         0         0         0         0         0         0         0         0         0 
dram[18]:         0         0         0         0         0         0         0         0         0         0         0         0         0         0         0         0 
dram[19]:         0         0         0         0         0         0         0         0         0         0         0         0         0         0         0         0 
dram[20]:         0         0         0         0         0         0         0         0         0         0         0         0         0         0         0         0 
dram[21]:         0         0         0         0         0         0         0         0         0         0         0         0         0         0         0         0 
dram[22]:         0         0         0         0         0         0         0         0         0         0         0         0         0         0         0         0 
dram[23]:         0         0         0         0         0         0         0         0         0         0         0         0         0         0         0         0 
dram[24]:         0         0         0         0         0         0         0         0         0         0         0         0         0         0         0         0 
dram[25]:         0         0         0         0         0         0         0         0         0         0         0         0         0         0         0         0 
dram[26]:         0         0         0         0         0         0         0         0         0         0         0         0         0         0         0         0 
dram[27]:         0         0         0         0         0         0         0         0         0         0         0         0         0         0         0         0 
dram[28]:         0         0         0         0         0         0         0         0         0         0         0         0         0         0         0         0 
dram[29]:         0         0         0         0         0         0         0         0         0         0         0         0         0         0         0         0 
dram[30]:         0         0         0         0         0         0         0         0         0         0         0         0         0         0         0         0 
dram[31]:         0         0         0         0         0         0         0         0         0         0         0         0         0         0         0         0 
dram[32]:         0         0         0         0         0         0         0         0         0         0         0         0         0         0         0         0 
dram[33]:         0         0         0         0         0         0         0         0         0         0         0         0         0         0         0         0 
dram[34]:         0         0         0         0         0         0         0         0         0         0         0         0         0         0         0         0 
dram[35]:         0         0         0         0         0         0         0         0         0         0         0         0         0         0         0         0 
dram[36]:         0         0         0         0         0         0         0         0         0         0         0         0         0         0         0         0 
dram[37]:         0         0         0         0         0         0         0         0         0         0         0         0         0         0         0         0 
dram[38]:         0         0         0         0         0         0         0         0         0         0         0         0         0         0         0         0 
dram[39]:         0         0         0         0         0         0         0         0         0         0         0         0         0         0         0         0 
maximum service time to same row:
dram[0]:         0         0         0         0         0         0         0         0         0         0         0         0         0         0         0         0 
dram[1]:         0         0         0         0         0         0         0         0         0         0         0         0         0         0         0         0 
dram[2]:         0         0         0         0         0         0         0         0         0         0         0         0         0         0         0         0 
dram[3]:         0         0         0         0         0         0         0         0         0         0         0         0         0         0         0         0 
dram[4]:         0         0         0         0         0         0         0         0         0         0         0         0         0         0         0         0 
dram[5]:         0         0         0         0         0         0         0         0         0         0         0         0         0         0         0         0 
dram[6]:         0         0         0         0         0         0         0         0         0         0         0         0         0         0         0         0 
dram[7]:         0         0         0         0         0         0         0         0         0         0         0         0         0         0         0         0 
dram[8]:         0         0         0         0         0         0         0         0         0         0         0         0         0         0         0         0 
dram[9]:         0         0         0         0         0         0         0         0         0         0         0         0         0         0         0         0 
dram[10]:         0         0         0         0         0         0         0         0         0         0         0         0         0         0         0         0 
dram[11]:         0         0         0         0         0         0         0         0         0         0         0         0         0         0         0         0 
dram[12]:         0         0         0         0         0         0         0         0         0         0         0         0         0         0         0         0 
dram[13]:         0         0         0         0         0         0         0         0         0         0         0         0         0         0         0         0 
dram[14]:         0         0         0         0         0         0         0         0         0         0         0         0         0         0         0         0 
dram[15]:         0         0         0         0         0         0         0         0         0         0         0         0         0         0         0         0 
dram[16]:         0         0         0         0         0         0         0         0         0         0         0         0         0         0         0         0 
dram[17]:         0         0         0         0         0         0         0         0         0         0         0         0         0         0         0         0 
dram[18]:         0         0         0         0         0         0         0         0         0         0         0         0         0         0         0         0 
dram[19]:         0         0         0         0         0         0         0         0         0         0         0         0         0         0         0         0 
dram[20]:         0         0         0         0         0         0         0         0         0         0         0         0         0         0         0         0 
dram[21]:         0         0         0         0         0         0         0         0         0         0         0         0         0         0         0         0 
dram[22]:         0         0         0         0         0         0         0         0         0         0         0         0         0         0         0         0 
dram[23]:         0         0         0         0         0         0         0         0         0         0         0         0         0         0         0         0 
dram[24]:         0         0         0         0         0         0         0         0         0         0         0         0         0         0         0         0 
dram[25]:         0         0         0         0         0         0         0         0         0         0         0         0         0         0         0         0 
dram[26]:         0         0         0         0         0         0         0         0         0         0         0         0         0         0         0         0 
dram[27]:         0         0         0         0         0         0         0         0         0         0         0         0         0         0         0         0 
dram[28]:         0         0         0         0         0         0         0         0         0         0         0         0         0         0         0         0 
dram[29]:         0         0         0         0         0         0         0         0         0         0         0         0         0         0         0         0 
dram[30]:         0         0         0         0         0         0         0         0         0         0         0         0         0         0         0         0 
dram[31]:         0         0         0         0         0         0         0         0         0         0         0         0         0         0         0         0 
dram[32]:         0         0         0         0         0         0         0         0         0         0         0         0         0         0         0         0 
dram[33]:         0         0         0         0         0         0         0         0         0         0         0         0         0         0         0         0 
dram[34]:         0         0         0         0         0         0         0         0         0         0         0         0         0         0         0         0 
dram[35]:         0         0         0         0         0         0         0         0         0         0         0         0         0         0         0         0 
dram[36]:         0         0         0         0         0         0         0         0         0         0         0         0         0         0         0         0 
dram[37]:         0         0         0         0         0         0         0         0         0         0         0         0         0         0         0         0 
dram[38]:         0         0         0         0         0         0         0         0         0         0         0         0         0         0         0         0 
dram[39]:         0         0         0         0         0         0         0         0         0         0         0         0         0         0         0         0 
average row accesses per activate:
dram[0]:      -nan      -nan      -nan      -nan      -nan      -nan      -nan      -nan      -nan      -nan      -nan      -nan      -nan      -nan      -nan      -nan 
dram[1]:      -nan      -nan      -nan      -nan      -nan      -nan      -nan      -nan      -nan      -nan      -nan      -nan      -nan      -nan      -nan      -nan 
dram[2]:      -nan      -nan      -nan      -nan      -nan      -nan      -nan      -nan      -nan      -nan      -nan      -nan      -nan      -nan      -nan      -nan 
dram[3]:      -nan      -nan      -nan      -nan      -nan      -nan      -nan      -nan      -nan      -nan      -nan      -nan      -nan      -nan      -nan      -nan 
dram[4]:      -nan      -nan      -nan      -nan      -nan      -nan      -nan      -nan      -nan      -nan      -nan      -nan      -nan      -nan      -nan      -nan 
dram[5]:      -nan      -nan      -nan      -nan      -nan      -nan      -nan      -nan      -nan      -nan      -nan      -nan      -nan      -nan      -nan      -nan 
dram[6]:      -nan      -nan      -nan      -nan      -nan      -nan      -nan      -nan      -nan      -nan      -nan      -nan      -nan      -nan      -nan      -nan 
dram[7]:      -nan      -nan      -nan      -nan      -nan      -nan      -nan      -nan      -nan      -nan      -nan      -nan      -nan      -nan      -nan      -nan 
dram[8]:      -nan      -nan      -nan      -nan      -nan      -nan      -nan      -nan      -nan      -nan      -nan      -nan      -nan      -nan      -nan      -nan 
dram[9]:      -nan      -nan      -nan      -nan      -nan      -nan      -nan      -nan      -nan      -nan      -nan      -nan      -nan      -nan      -nan      -nan 
dram[10]:      -nan      -nan      -nan      -nan      -nan      -nan      -nan      -nan      -nan      -nan      -nan      -nan      -nan      -nan      -nan      -nan 
dram[11]:      -nan      -nan      -nan      -nan      -nan      -nan      -nan      -nan      -nan      -nan      -nan      -nan      -nan      -nan      -nan      -nan 
dram[12]:      -nan      -nan      -nan      -nan      -nan      -nan      -nan      -nan      -nan      -nan      -nan      -nan      -nan      -nan      -nan      -nan 
dram[13]:      -nan      -nan      -nan      -nan      -nan      -nan      -nan      -nan      -nan      -nan      -nan      -nan      -nan      -nan      -nan      -nan 
dram[14]:      -nan      -nan      -nan      -nan      -nan      -nan      -nan      -nan      -nan      -nan      -nan      -nan      -nan      -nan      -nan      -nan 
dram[15]:      -nan      -nan      -nan      -nan      -nan      -nan      -nan      -nan      -nan      -nan      -nan      -nan      -nan      -nan      -nan      -nan 
dram[16]:      -nan      -nan      -nan      -nan      -nan      -nan      -nan      -nan      -nan      -nan      -nan      -nan      -nan      -nan      -nan      -nan 
dram[17]:      -nan      -nan      -nan      -nan      -nan      -nan      -nan      -nan      -nan      -nan      -nan      -nan      -nan      -nan      -nan      -nan 
dram[18]:      -nan      -nan      -nan      -nan      -nan      -nan      -nan      -nan      -nan      -nan      -nan      -nan      -nan      -nan      -nan      -nan 
dram[19]:      -nan      -nan      -nan      -nan      -nan      -nan      -nan      -nan      -nan      -nan      -nan      -nan      -nan      -nan      -nan      -nan 
dram[20]:      -nan      -nan      -nan      -nan      -nan      -nan      -nan      -nan      -nan      -nan      -nan      -nan      -nan      -nan      -nan      -nan 
dram[21]:      -nan      -nan      -nan      -nan      -nan      -nan      -nan      -nan      -nan      -nan      -nan      -nan      -nan      -nan      -nan      -nan 
dram[22]:      -nan      -nan      -nan      -nan      -nan      -nan      -nan      -nan      -nan      -nan      -nan      -nan      -nan      -nan      -nan      -nan 
dram[23]:      -nan      -nan      -nan      -nan      -nan      -nan      -nan      -nan      -nan      -nan      -nan      -nan      -nan      -nan      -nan      -nan 
dram[24]:      -nan      -nan      -nan      -nan      -nan      -nan      -nan      -nan      -nan      -nan      -nan      -nan      -nan      -nan      -nan      -nan 
dram[25]:      -nan      -nan      -nan      -nan      -nan      -nan      -nan      -nan      -nan      -nan      -nan      -nan      -nan      -nan      -nan      -nan 
dram[26]:      -nan      -nan      -nan      -nan      -nan      -nan      -nan      -nan      -nan      -nan      -nan      -nan      -nan      -nan      -nan      -nan 
dram[27]:      -nan      -nan      -nan      -nan      -nan      -nan      -nan      -nan      -nan      -nan      -nan      -nan      -nan      -nan      -nan      -nan 
dram[28]:      -nan      -nan      -nan      -nan      -nan      -nan      -nan      -nan      -nan      -nan      -nan      -nan      -nan      -nan      -nan      -nan 
dram[29]:      -nan      -nan      -nan      -nan      -nan      -nan      -nan      -nan      -nan      -nan      -nan      -nan      -nan      -nan      -nan      -nan 
dram[30]:      -nan      -nan      -nan      -nan      -nan      -nan      -nan      -nan      -nan      -nan      -nan      -nan      -nan      -nan      -nan      -nan 
dram[31]:      -nan      -nan      -nan      -nan      -nan      -nan      -nan      -nan      -nan      -nan      -nan      -nan      -nan      -nan      -nan      -nan 
dram[32]:      -nan      -nan      -nan      -nan      -nan      -nan      -nan      -nan      -nan      -nan      -nan      -nan      -nan      -nan      -nan      -nan 
dram[33]:      -nan      -nan      -nan      -nan      -nan      -nan      -nan      -nan      -nan      -nan      -nan      -nan      -nan      -nan      -nan      -nan 
dram[34]:      -nan      -nan      -nan      -nan      -nan      -nan      -nan      -nan      -nan      -nan      -nan      -nan      -nan      -nan      -nan      -nan 
dram[35]:      -nan      -nan      -nan      -nan      -nan      -nan      -nan      -nan      -nan      -nan      -nan      -nan      -nan      -nan      -nan      -nan 
dram[36]:      -nan      -nan      -nan      -nan      -nan      -nan      -nan      -nan      -nan      -nan      -nan      -nan      -nan      -nan      -nan      -nan 
dram[37]:      -nan      -nan      -nan      -nan      -nan      -nan      -nan      -nan      -nan      -nan      -nan      -nan      -nan      -nan      -nan      -nan 
dram[38]:      -nan      -nan      -nan      -nan      -nan      -nan      -nan      -nan      -nan      -nan      -nan      -nan      -nan      -nan      -nan      -nan 
dram[39]:      -nan      -nan      -nan      -nan      -nan      -nan      -nan      -nan      -nan      -nan      -nan      -nan      -nan      -nan      -nan      -nan 
average row locality = 0/0 = -nan
number of total memory accesses made:
dram[0]:         0         0         0         0         0         0         0         0         0         0         0         0         0         0         0         0 
dram[1]:         0         0         0         0         0         0         0         0         0         0         0         0         0         0         0         0 
dram[2]:         0         0         0         0         0         0         0         0         0         0         0         0         0         0         0         0 
dram[3]:         0         0         0         0         0         0         0         0         0         0         0         0         0         0         0         0 
dram[4]:         0         0         0         0         0         0         0         0         0         0         0         0         0         0         0         0 
dram[5]:         0         0         0         0         0         0         0         0         0         0         0         0         0         0         0         0 
dram[6]:         0         0         0         0         0         0         0         0         0         0         0         0         0         0         0         0 
dram[7]:         0         0         0         0         0         0         0         0         0         0         0         0         0         0         0         0 
dram[8]:         0         0         0         0         0         0         0         0         0         0         0         0         0         0         0         0 
dram[9]:         0         0         0         0         0         0         0         0         0         0         0         0         0         0         0         0 
dram[10]:         0         0         0         0         0         0         0         0         0         0         0         0         0         0         0         0 
dram[11]:         0         0         0         0         0         0         0         0         0         0         0         0         0         0         0         0 
dram[12]:         0         0         0         0         0         0         0         0         0         0         0         0         0         0         0         0 
dram[13]:         0         0         0         0         0         0         0         0         0         0         0         0         0         0         0         0 
dram[14]:         0         0         0         0         0         0         0         0         0         0         0         0         0         0         0         0 
dram[15]:         0         0         0         0         0         0         0         0         0         0         0         0         0         0         0         0 
dram[16]:         0         0         0         0         0         0         0         0         0         0         0         0         0         0         0         0 
dram[17]:         0         0         0         0         0         0         0         0         0         0         0         0         0         0         0         0 
dram[18]:         0         0         0         0         0         0         0         0         0         0         0         0         0         0         0         0 
dram[19]:         0         0         0         0         0         0         0         0         0         0         0         0         0         0         0         0 
dram[20]:         0         0         0         0         0         0         0         0         0         0         0         0         0         0         0         0 
dram[21]:         0         0         0         0         0         0         0         0         0         0         0         0         0         0         0         0 
dram[22]:         0         0         0         0         0         0         0         0         0         0         0         0         0         0         0         0 
dram[23]:         0         0         0         0         0         0         0         0         0         0         0         0         0         0         0         0 
dram[24]:         0         0         0         0         0         0         0         0         0         0         0         0         0         0         0         0 
dram[25]:         0         0         0         0         0         0         0         0         0         0         0         0         0         0         0         0 
dram[26]:         0         0         0         0         0         0         0         0         0         0         0         0         0         0         0         0 
dram[27]:         0         0         0         0         0         0         0         0         0         0         0         0         0         0         0         0 
dram[28]:         0         0         0         0         0         0         0         0         0         0         0         0         0         0         0         0 
dram[29]:         0         0         0         0         0         0         0         0         0         0         0         0         0         0         0         0 
dram[30]:         0         0         0         0         0         0         0         0         0         0         0         0         0         0         0         0 
dram[31]:         0         0         0         0         0         0         0         0         0         0         0         0         0         0         0         0 
dram[32]:         0         0         0         0         0         0         0         0         0         0         0         0         0         0         0         0 
dram[33]:         0         0         0         0         0         0         0         0         0         0         0         0         0         0         0         0 
dram[34]:         0         0         0         0         0         0         0         0         0         0         0         0         0         0         0         0 
dram[35]:         0         0         0         0         0         0         0         0         0         0         0         0         0         0         0         0 
dram[36]:         0         0         0         0         0         0         0         0         0         0         0         0         0         0         0         0 
dram[37]:         0         0         0         0         0         0         0         0         0         0         0         0         0         0         0         0 
dram[38]:         0         0         0         0         0         0         0         0         0         0         0         0         0         0         0         0 
dram[39]:         0         0         0         0         0         0         0         0         0         0         0         0         0         0         0         0 
total accesses: 0
min_bank_accesses = 0!
min_chip_accesses = 0!
number of total read accesses:
dram[0]:         0         0         4         8         0         0         0         0         0         0         0         0         0         0         0         0 
dram[1]:         0         0         4         4         0         0         0         0         0         0         0         0         0         0         0         0 
dram[2]:         0         0         8         4         0         0         0         0         0         0         0         0         0         0         0         0 
dram[3]:         0         0         8         8         0         0         0         0         0         0         0         0         1         0         0         0 
dram[4]:         0         0         8         8         0         0         0         0         0         0         0         0         0         0         0         0 
dram[5]:         0         0         8         8         0         0         0         0         0         0         0         0         0         0         0         0 
dram[6]:         0         0         8         8         0         0         0         0         0         0         0         0         0         0         0         0 
dram[7]:         0         0         8         8         0         0         0         0         0         0         0         0         0         0         0         0 
dram[8]:         0         0         8         8         0         0         0         0         0         0         0         0         0         0         0         0 
dram[9]:         0         0         8         8         0         0         0         0         0         0         0         0         0         0         0         0 
dram[10]:         0         0         4         4         0         0         0         0         0         0         0         0         0         0         0         0 
dram[11]:         0         0         4         4         0         0         0         0         0         0         0         0         0         0         0         0 
dram[12]:         0         0         4         4         0         0         0         0         0         0         0         0         0         0         0         0 
dram[13]:         0         0         4         4         0         0         0         0         0         0         0         0         0         0         0         0 
dram[14]:         0         0         4         4         0         0         0         0         0         0         0         0         0         0         0         0 
dram[15]:         0         0         4         4         0         0         0         0         0         0         0         0         4         4         0         0 
dram[16]:         0         0         8         8         0         0         0         0         0         0         0         0         4         4         0         0 
dram[17]:         0         0         8         8         0         0         0         0         0         0         0         0         0         0         0         0 
dram[18]:         0         0         8         8         0         0         0         0         0         0         0         0         0         0         0         0 
dram[19]:         0         0         8         8         0         0         0         0         0         0         0         0         0         0         0         0 
dram[20]:         0         0         8         8         0         0         0         0         0         0         0         0         0         0         0         0 
dram[21]:         0         0         8         8         0         0         0         0         0         0         0         0         0         0         0         0 
dram[22]:         0         0         8         8         0         0         0         0         0         0         0         0         0         0         0         0 
dram[23]:         0         0         8         8         0         0         0         0         0         0         0         0         0         0         0         0 
dram[24]:         0         0         8         8         0         0         0         0         0         0         0         0         0         0         0         0 
dram[25]:         0         0         8         8         0         0         0         0         0         0         0         0         0         0         0         0 
dram[26]:         0         0         8         8         0         0         0         0         0         0         0         0         0         0         0         0 
dram[27]:         0         0         8         8         0         0         0         0         0         0         0         0         0         0         0         0 
dram[28]:         0         0         8         8         0         0         0         0         0         0         0         0         0         0         0         0 
dram[29]:         0         0         8         8         0         0         0         0         0         0         0         0         0         0         0         0 
dram[30]:         0         0         4         4         0         0         0         0         0         0         0         0         0         0         0         0 
dram[31]:         0         0         8         4         0         0         0         0         0         0         0         0         0         0         0         0 
dram[32]:         0         0         4         8         0         0         0         0         0         0         0         0         0         0         0         0 
dram[33]:         0         0         4         4         0         0         0         0         0         0         0         0         0         0         0         0 
dram[34]:         0         0         4         4         0         0         0         0         0         0         0         0         0         0         0         0 
dram[35]:         0         0         8         8         0         0         0         0         0         0         0         0         0         0         0         0 
dram[36]:         0         0         4         4         0         0         0         0         0         0         0         0         0         0         0         0 
dram[37]:         0         0         4         4         0         0         0         0         0         0         0         0         0         0         0         0 
dram[38]:         0         0         4         4         0         0         0         0         0         0         0         0         0         0         0         0 
dram[39]:         0         0         4         4         0         0         0         0         0         0         0         0         0         0         0         0 
total dram reads = 529
min_bank_accesses = 0!
chip skew: 24/8 = 3.00
number of total write accesses:
dram[0]:         0         0         0         0         0         0         0         0         0         0         0         0         0         0         0         0 
dram[1]:         0         0         0         0         0         0         0         0         0         0         0         0         0         0         0         0 
dram[2]:         0         0         0         0         0         0         0         0         0         0         0         0         0         0         0         0 
dram[3]:         0         0         0         0         0         0         0         0         0         0         0         0         0         0         0         0 
dram[4]:         0         0         0         0         0         0         0         0         0         0         0         0         0         0         0         0 
dram[5]:         0         0         0         0         0         0         0         0         0         0         0         0         0         0         0         0 
dram[6]:         0         0         0         0         0         0         0         0         0         0         0         0         0         0         0         0 
dram[7]:         0         0         0         0         0         0         0         0         0         0         0         0         0         0         0         0 
dram[8]:         0         0         0         0         0         0         0         0         0         0         0         0         0         0         0         0 
dram[9]:         0         0         0         0         0         0         0         0         0         0         0         0         0         0         0         0 
dram[10]:         0         0         0         0         0         0         0         0         0         0         0         0         0         0         0         0 
dram[11]:         0         0         0         0         0         0         0         0         0         0         0         0         0         0         0         0 
dram[12]:         0         0         0         0         0         0         0         0         0         0         0         0         0         0         0         0 
dram[13]:         0         0         0         0         0         0         0         0         0         0         0         0         0         0         0         0 
dram[14]:         0         0         0         0         0         0         0         0         0         0         0         0         0         0         0         0 
dram[15]:         0         0         0         0         0         0         0         0         0         0         0         0         0         0         0         0 
dram[16]:         0         0         0         0         0         0         0         0         0         0         0         0         0         0         0         0 
dram[17]:         0         0         0         0         0         0         0         0         0         0         0         0         0         0         0         0 
dram[18]:         0         0         0         0         0         0         0         0         0         0         0         0         0         0         0         0 
dram[19]:         0         0         0         0         0         0         0         0         0         0         0         0         0         0         0         0 
dram[20]:         0         0         0         0         0         0         0         0         0         0         0         0         0         0         0         0 
dram[21]:         0         0         0         0         0         0         0         0         0         0         0         0         0         0         0         0 
dram[22]:         0         0         0         0         0         0         0         0         0         0         0         0         0         0         0         0 
dram[23]:         0         0         0         0         0         0         0         0         0         0         0         0         0         0         0         0 
dram[24]:         0         0         0         0         0         0         0         0         0         0         0         0         0         0         0         0 
dram[25]:         0         0         0         0         0         0         0         0         0         0         0         0         0         0         0         0 
dram[26]:         0         0         0         0         0         0         0         0         0         0         0         0         0         0         0         0 
dram[27]:         0         0         0         0         0         0         0         0         0         0         0         0         0         0         0         0 
dram[28]:         0         0         0         0         0         0         0         0         0         0         0         0         0         0         0         0 
dram[29]:         0         0         0         0         0         0         0         0         0         0         0         0         0         0         0         0 
dram[30]:         0         0         0         0         0         0         0         0         0         0         0         0         0         0         0         0 
dram[31]:         0         0         0         0         0         0         0         0         0         0         0         0         0         0         0         0 
dram[32]:         0         0         0         0         0         0         0         0         0         0         0         0         0         0         0         0 
dram[33]:         0         0         0         0         0         0         0         0         0         0         0         0         0         0         0         0 
dram[34]:         0         0         0         0         0         0         0         0         0         0         0         0         0         0         0         0 
dram[35]:         0         0         0         0         0         0         0         0         0         0         0         0         0         0         0         0 
dram[36]:         0         0         0         0         0         0         0         0         0         0         0         0         0         0         0         0 
dram[37]:         0         0         0         0         0         0         0         0         0         0         0         0         0         0         0         0 
dram[38]:         0         0         0         0         0         0         0         0         0         0         0         0         0         0         0         0 
dram[39]:         0         0         0         0         0         0         0         0         0         0         0         0         0         0         0         0 
total dram writes = 0
min_bank_accesses = 0!
min_chip_accesses = 0!
average mf latency per bank:
dram[0]:     none      none         659       635    none      none      none      none      none      none      none      none      none      none      none      none  
dram[1]:     none      none         659       658    none      none      none      none      none      none      none      none      none      none      none      none  
dram[2]:     none      none         637       658    none      none      none      none      none      none      none      none      none      none      none      none  
dram[3]:     none      none         637       637    none      none      none      none      none      none      none      none        2057    none      none      none  
dram[4]:     none      none         635       635    none      none      none      none      none      none      none      none      none      none      none      none  
dram[5]:     none      none         639       639    none      none      none      none      none      none      none      none      none      none      none      none  
dram[6]:     none      none         637       637    none      none      none      none      none      none      none      none      none      none      none      none  
dram[7]:     none      none         639       634    none      none      none      none      none      none      none      none      none      none      none      none  
dram[8]:     none      none         637       638    none      none      none      none      none      none      none      none      none      none      none      none  
dram[9]:     none      none         636       635    none      none      none      none      none      none      none      none      none      none      none      none  
dram[10]:     none      none         647       645    none      none      none      none      none      none      none      none      none      none      none      none  
dram[11]:     none      none         646       643    none      none      none      none      none      none      none      none      none      none      none      none  
dram[12]:     none      none         643       641    none      none      none      none      none      none      none      none      none      none      none      none  
dram[13]:     none      none         641       639    none      none      none      none      none      none      none      none      none      none      none      none  
dram[14]:     none      none         640       637    none      none      none      none      none      none      none      none      none      none      none      none  
dram[15]:     none      none         637       635    none      none      none      none      none      none      none      none         867       860    none      none  
dram[16]:     none      none         646       646    none      none      none      none      none      none      none      none         863       870    none      none  
dram[17]:     none      none         646       645    none      none      none      none      none      none      none      none      none      none      none      none  
dram[18]:     none      none         645       644    none      none      none      none      none      none      none      none      none      none      none      none  
dram[19]:     none      none         644       643    none      none      none      none      none      none      none      none      none      none      none      none  
dram[20]:     none      none         860       860    none      none      none      none      none      none      none      none      none      none      none      none  
dram[21]:     none      none         860       860    none      none      none      none      none      none      none      none      none      none      none      none  
dram[22]:     none      none         859       859    none      none      none      none      none      none      none      none      none      none      none      none  
dram[23]:     none      none         859       860    none      none      none      none      none      none      none      none      none      none      none      none  
dram[24]:     none      none         859       859    none      none      none      none      none      none      none      none      none      none      none      none  
dram[25]:     none      none         860       859    none      none      none      none      none      none      none      none      none      none      none      none  
dram[26]:     none      none         860       860    none      none      none      none      none      none      none      none      none      none      none      none  
dram[27]:     none      none         859       859    none      none      none      none      none      none      none      none      none      none      none      none  
dram[28]:     none      none         860       860    none      none      none      none      none      none      none      none      none      none      none      none  
dram[29]:     none      none         860       859    none      none      none      none      none      none      none      none      none      none      none      none  
dram[30]:     none      none         860       859    none      none      none      none      none      none      none      none      none      none      none      none  
dram[31]:     none      none         859       860    none      none      none      none      none      none      none      none      none      none      none      none  
dram[32]:     none      none         860       859    none      none      none      none      none      none      none      none      none      none      none      none  
dram[33]:     none      none         860       859    none      none      none      none      none      none      none      none      none      none      none      none  
dram[34]:     none      none         860       859    none      none      none      none      none      none      none      none      none      none      none      none  
dram[35]:     none      none         859       859    none      none      none      none      none      none      none      none      none      none      none      none  
dram[36]:     none      none         860       860    none      none      none      none      none      none      none      none      none      none      none      none  
dram[37]:     none      none         859       859    none      none      none      none      none      none      none      none      none      none      none      none  
dram[38]:     none      none         859       860    none      none      none      none      none      none      none      none      none      none      none      none  
dram[39]:     none      none         860       859    none      none      none      none      none      none      none      none      none      none      none      none  
maximum mf latency per bank:
dram[0]:          0         0       662       661         0         0         0         0       363       364         0         0         0         0         0         0
dram[1]:          0         0       661       661         0         0         0         0       361       362         0         0         0         0         0         0
dram[2]:          0         0       661       661         0         0         0         0       369       360         0         0         0         0         0         0
dram[3]:          0         0       662       661         0         0         0         0       367       368         0         0       528         0         0         0
dram[4]:          0         0       661       661         0         0         0         0       365       366         0         0         0         0         0         0
dram[5]:          0         0       660       660         0         0         0         0       372       372         0         0         0         0         0         0
dram[6]:          0         0       659       656         0         0         0         0       371       372         0         0         0         0         0         0
dram[7]:          0         0       656       654         0         0         0         0       325       370         0         0         0         0         0         0
dram[8]:          0         0       654       654         0         0         0         0       323       322         0         0         0         0         0         0
dram[9]:          0         0       652       650         0         0         0         0       372       320         0         0         0         0         0         0
dram[10]:          0         0       650       649         0         0         0         0       359       358         0         0         0         0         0         0
dram[11]:          0         0       649       647         0         0         0         0       357       356         0         0         0         0         0         0
dram[12]:          0         0       646       644         0         0         0         0       355       354         0         0         0         0         0         0
dram[13]:          0         0       644       643         0         0         0         0       353       352         0         0         0         0         0         0
dram[14]:          0         0       643       641         0         0         0         0       351       350         0         0         0         0         0         0
dram[15]:          0         0       640       638         0         0         0         0       349       348         0         0       580       575         0         0
dram[16]:          0         0       660       660         0         0         0         0       347       346         0         0       576       583         0         0
dram[17]:          0         0       661       662         0         0         0         0       345       344         0         0         0         0         0         0
dram[18]:          0         0       662       661         0         0         0         0       343       342         0         0         0         0         0         0
dram[19]:          0         0       661       661         0         0         0         0       341       340         0         0         0         0         0         0
dram[20]:          0         0       863       864         0         0         0         0         0         0         0         0         0         0         0         0
dram[21]:          0         0       863       863         0         0         0         0         0         0         0         0         0         0         0         0
dram[22]:          0         0       862       862         0         0         0         0         0         0         0         0         0         0         0         0
dram[23]:          0         0       863       863         0         0         0         0         0         0         0         0         0         0         0         0
dram[24]:          0         0       863       862         0         0         0         0         0         0         0         0         0         0         0         0
dram[25]:          0         0       864       862         0         0         0         0         0         0         0         0         0         0         0         0
dram[26]:          0         0       863       862         0         0         0         0         0         0         0         0         0         0         0         0
dram[27]:          0         0       862       862         0         0         0         0         0         0         0         0         0         0         0         0
dram[28]:          0         0       862       863         0         0         0         0         0         0         0         0         0         0         0         0
dram[29]:          0         0       863       862         0         0         0         0         0         0         0         0         0         0         0         0
dram[30]:          0         0       862       862         0         0         0         0         0         0         0         0         0         0         0         0
dram[31]:          0         0       862       863         0         0         0         0         0         0         0         0         0         0         0         0
dram[32]:          0         0       863       862         0         0         0         0         0         0         0         0         0         0         0         0
dram[33]:          0         0       862       862         0         0         0         0         0         0         0         0         0         0         0         0
dram[34]:          0         0       863       862         0         0         0         0         0         0         0         0         0         0         0         0
dram[35]:          0         0       862       862         0         0         0         0         0         0         0         0         0         0         0         0
dram[36]:          0         0       862       862         0         0         0         0         0         0         0         0         0         0         0         0
dram[37]:          0         0       862       861         0         0         0         0         0         0         0         0         0         0         0         0
dram[38]:          0         0       862       862         0         0         0         0         0         0         0         0         0         0         0         0
dram[39]:          0         0       864       862         0         0         0         0         0         0         0         0         0         0         0         0
LRC stats:
LRC_subpartition_num_lrc_to_l2_sectors.sum = 529
LRC_subpartition_num_icnt_to_lrc_sectors.sum = 532
Number of LRC to L2 sectors: 529
Number of ICNT to LRC sectors: 532
Number of LRC to L2 bytes: 16928
Number of ICNT to LRC bytes: 17024
LRC compression ratio: 1.005671
LRC_subpartition_l2_stall_due_to_lrc_full.sum = 0
Inter-chiplet stats:
interchip_read_requests = 256
interchip_write_requests = 520
Total inter-chiplet requests: 776
Memory Partition 0: 
Cache L2_bank_000:
MSHR contents

Cache L2_bank_001:
MSHR contents

In Dram Latency Queue (total = 0): 
DRAM[0]: 16 bks, busW=8 BL=4 CL=19, tRRD=6 tCCD=1, tRCD=19 tRAS=45 tRP=19 tRC=50
n_cmd=0 n_nop=0 n_act=0 n_pre=0 n_ref_event=0 n_req=0 n_rd=0 n_rd_L2_A=0 n_write=0 n_wr_bk=0 bw_util=-nan
n_activity=0 dram_eff=-nan
bk0: 0a 0i bk1: 0a 0i bk2: 0a 0i bk3: 0a 0i bk4: 0a 0i bk5: 0a 0i bk6: 0a 0i bk7: 0a 0i bk8: 0a 0i bk9: 0a 0i bk10: 0a 0i bk11: 0a 0i bk12: 0a 0i bk13: 0a 0i bk14: 0a 0i bk15: 0a 0i 

------------------------------------------------------------------------

Row_Buffer_Locality = -nan
Row_Buffer_Locality_read = -nan
Row_Buffer_Locality_write = -nan
Bank_Level_Parallism = -nan
Bank_Level_Parallism_Col = -nan
Bank_Level_Parallism_Ready = -nan
write_to_read_ratio_blp_rw_average = -nan
GrpLevelPara = -nan 

BW Util details:
bwutil = -nan 
total_CMD = 0 
util_bw = 0 
Wasted_Col = 0 
Wasted_Row = 0 
Idle = 0 

BW Util Bottlenecks: 
RCDc_limit = 0 
RCDWRc_limit = 0 
WTRc_limit = 0 
RTWc_limit = 0 
CCDLc_limit = 0 
rwq = 0 
CCDLc_limit_alone = 0 
WTRc_limit_alone = 0 
RTWc_limit_alone = 0 

Commands details: 
total_CMD = 0 
n_nop = 0 
Read = 0 
Write = 0 
L2_Alloc = 0 
L2_WB = 0 
n_act = 0 
n_pre = 0 
n_ref = 0 
n_req = 0 
total_req = 0 

Dual Bus Interface Util: 
issued_total_row = 0 
issued_total_col = 0 
Row_Bus_Util =  -nan 
CoL_Bus_Util = -nan 
Either_Row_CoL_Bus_Util = -nan 
Issued_on_Two_Bus_Simul_Util = -nan 
issued_two_Eff = -nan 
queue_avg = -nan 


dram_util_bins: 0 0 0 0 0 0 0 0 0 0
dram_eff_bins: 0 0 0 0 0 0 0 0 0 0
mrqq: max=0 avg=-nan
Memory Partition 1: 
Cache L2_bank_002:
MSHR contents

Cache L2_bank_003:
MSHR contents

In Dram Latency Queue (total = 0): 
DRAM[1]: 16 bks, busW=8 BL=4 CL=19, tRRD=6 tCCD=1, tRCD=19 tRAS=45 tRP=19 tRC=50
n_cmd=0 n_nop=0 n_act=0 n_pre=0 n_ref_event=0 n_req=0 n_rd=0 n_rd_L2_A=0 n_write=0 n_wr_bk=0 bw_util=-nan
n_activity=0 dram_eff=-nan
bk0: 0a 0i bk1: 0a 0i bk2: 0a 0i bk3: 0a 0i bk4: 0a 0i bk5: 0a 0i bk6: 0a 0i bk7: 0a 0i bk8: 0a 0i bk9: 0a 0i bk10: 0a 0i bk11: 0a 0i bk12: 0a 0i bk13: 0a 0i bk14: 0a 0i bk15: 0a 0i 

------------------------------------------------------------------------

Row_Buffer_Locality = -nan
Row_Buffer_Locality_read = -nan
Row_Buffer_Locality_write = -nan
Bank_Level_Parallism = -nan
Bank_Level_Parallism_Col = -nan
Bank_Level_Parallism_Ready = -nan
write_to_read_ratio_blp_rw_average = -nan
GrpLevelPara = -nan 

BW Util details:
bwutil = -nan 
total_CMD = 0 
util_bw = 0 
Wasted_Col = 0 
Wasted_Row = 0 
Idle = 0 

BW Util Bottlenecks: 
RCDc_limit = 0 
RCDWRc_limit = 0 
WTRc_limit = 0 
RTWc_limit = 0 
CCDLc_limit = 0 
rwq = 0 
CCDLc_limit_alone = 0 
WTRc_limit_alone = 0 
RTWc_limit_alone = 0 

Commands details: 
total_CMD = 0 
n_nop = 0 
Read = 0 
Write = 0 
L2_Alloc = 0 
L2_WB = 0 
n_act = 0 
n_pre = 0 
n_ref = 0 
n_req = 0 
total_req = 0 

Dual Bus Interface Util: 
issued_total_row = 0 
issued_total_col = 0 
Row_Bus_Util =  -nan 
CoL_Bus_Util = -nan 
Either_Row_CoL_Bus_Util = -nan 
Issued_on_Two_Bus_Simul_Util = -nan 
issued_two_Eff = -nan 
queue_avg = -nan 


dram_util_bins: 0 0 0 0 0 0 0 0 0 0
dram_eff_bins: 0 0 0 0 0 0 0 0 0 0
mrqq: max=0 avg=-nan
Memory Partition 2: 
Cache L2_bank_004:
MSHR contents

Cache L2_bank_005:
MSHR contents

In Dram Latency Queue (total = 0): 
DRAM[2]: 16 bks, busW=8 BL=4 CL=19, tRRD=6 tCCD=1, tRCD=19 tRAS=45 tRP=19 tRC=50
n_cmd=0 n_nop=0 n_act=0 n_pre=0 n_ref_event=0 n_req=0 n_rd=0 n_rd_L2_A=0 n_write=0 n_wr_bk=0 bw_util=-nan
n_activity=0 dram_eff=-nan
bk0: 0a 0i bk1: 0a 0i bk2: 0a 0i bk3: 0a 0i bk4: 0a 0i bk5: 0a 0i bk6: 0a 0i bk7: 0a 0i bk8: 0a 0i bk9: 0a 0i bk10: 0a 0i bk11: 0a 0i bk12: 0a 0i bk13: 0a 0i bk14: 0a 0i bk15: 0a 0i 

------------------------------------------------------------------------

Row_Buffer_Locality = -nan
Row_Buffer_Locality_read = -nan
Row_Buffer_Locality_write = -nan
Bank_Level_Parallism = -nan
Bank_Level_Parallism_Col = -nan
Bank_Level_Parallism_Ready = -nan
write_to_read_ratio_blp_rw_average = -nan
GrpLevelPara = -nan 

BW Util details:
bwutil = -nan 
total_CMD = 0 
util_bw = 0 
Wasted_Col = 0 
Wasted_Row = 0 
Idle = 0 

BW Util Bottlenecks: 
RCDc_limit = 0 
RCDWRc_limit = 0 
WTRc_limit = 0 
RTWc_limit = 0 
CCDLc_limit = 0 
rwq = 0 
CCDLc_limit_alone = 0 
WTRc_limit_alone = 0 
RTWc_limit_alone = 0 

Commands details: 
total_CMD = 0 
n_nop = 0 
Read = 0 
Write = 0 
L2_Alloc = 0 
L2_WB = 0 
n_act = 0 
n_pre = 0 
n_ref = 0 
n_req = 0 
total_req = 0 

Dual Bus Interface Util: 
issued_total_row = 0 
issued_total_col = 0 
Row_Bus_Util =  -nan 
CoL_Bus_Util = -nan 
Either_Row_CoL_Bus_Util = -nan 
Issued_on_Two_Bus_Simul_Util = -nan 
issued_two_Eff = -nan 
queue_avg = -nan 


dram_util_bins: 0 0 0 0 0 0 0 0 0 0
dram_eff_bins: 0 0 0 0 0 0 0 0 0 0
mrqq: max=0 avg=-nan
Memory Partition 3: 
Cache L2_bank_006:
MSHR contents

Cache L2_bank_007:
MSHR contents

In Dram Latency Queue (total = 0): 
DRAM[3]: 16 bks, busW=8 BL=4 CL=19, tRRD=6 tCCD=1, tRCD=19 tRAS=45 tRP=19 tRC=50
n_cmd=0 n_nop=0 n_act=0 n_pre=0 n_ref_event=94788103052688 n_req=0 n_rd=0 n_rd_L2_A=0 n_write=0 n_wr_bk=0 bw_util=-nan
n_activity=0 dram_eff=-nan
bk0: 0a 0i bk1: 0a 0i bk2: 0a 0i bk3: 0a 0i bk4: 0a 0i bk5: 0a 0i bk6: 0a 0i bk7: 0a 0i bk8: 0a 0i bk9: 0a 0i bk10: 0a 0i bk11: 0a 0i bk12: 0a 0i bk13: 0a 0i bk14: 0a 0i bk15: 0a 0i 

------------------------------------------------------------------------

Row_Buffer_Locality = -nan
Row_Buffer_Locality_read = -nan
Row_Buffer_Locality_write = -nan
Bank_Level_Parallism = -nan
Bank_Level_Parallism_Col = inf
Bank_Level_Parallism_Ready = -nan
write_to_read_ratio_blp_rw_average = -nan
GrpLevelPara = -nan 

BW Util details:
bwutil = -nan 
total_CMD = 0 
util_bw = 0 
Wasted_Col = 0 
Wasted_Row = 0 
Idle = 0 

BW Util Bottlenecks: 
RCDc_limit = 0 
RCDWRc_limit = 0 
WTRc_limit = 0 
RTWc_limit = 0 
CCDLc_limit = 0 
rwq = 0 
CCDLc_limit_alone = 0 
WTRc_limit_alone = 0 
RTWc_limit_alone = 0 

Commands details: 
total_CMD = 0 
n_nop = 0 
Read = 0 
Write = 0 
L2_Alloc = 0 
L2_WB = 0 
n_act = 0 
n_pre = 0 
n_ref = 94788103052688 
n_req = 0 
total_req = 0 

Dual Bus Interface Util: 
issued_total_row = 0 
issued_total_col = 0 
Row_Bus_Util =  -nan 
CoL_Bus_Util = -nan 
Either_Row_CoL_Bus_Util = -nan 
Issued_on_Two_Bus_Simul_Util = -nan 
issued_two_Eff = -nan 
queue_avg = -nan 


dram_util_bins: 0 0 0 0 0 0 0 0 0 0
dram_eff_bins: 0 0 0 0 0 0 0 0 0 0
mrqq: max=0 avg=-nan
Memory Partition 4: 
Cache L2_bank_008:
MSHR contents

Cache L2_bank_009:
MSHR contents

In Dram Latency Queue (total = 0): 
DRAM[4]: 16 bks, busW=8 BL=4 CL=19, tRRD=6 tCCD=1, tRCD=19 tRAS=45 tRP=19 tRC=50
n_cmd=0 n_nop=0 n_act=0 n_pre=0 n_ref_event=0 n_req=0 n_rd=0 n_rd_L2_A=0 n_write=0 n_wr_bk=0 bw_util=-nan
n_activity=0 dram_eff=-nan
bk0: 0a 0i bk1: 0a 0i bk2: 0a 0i bk3: 0a 0i bk4: 0a 0i bk5: 0a 0i bk6: 0a 0i bk7: 0a 0i bk8: 0a 0i bk9: 0a 0i bk10: 0a 0i bk11: 0a 0i bk12: 0a 0i bk13: 0a 0i bk14: 0a 0i bk15: 0a 0i 

------------------------------------------------------------------------

Row_Buffer_Locality = -nan
Row_Buffer_Locality_read = -nan
Row_Buffer_Locality_write = -nan
Bank_Level_Parallism = -nan
Bank_Level_Parallism_Col = -nan
Bank_Level_Parallism_Ready = -nan
write_to_read_ratio_blp_rw_average = -nan
GrpLevelPara = -nan 

BW Util details:
bwutil = -nan 
total_CMD = 0 
util_bw = 0 
Wasted_Col = 0 
Wasted_Row = 0 
Idle = 0 

BW Util Bottlenecks: 
RCDc_limit = 0 
RCDWRc_limit = 0 
WTRc_limit = 0 
RTWc_limit = 0 
CCDLc_limit = 0 
rwq = 0 
CCDLc_limit_alone = 0 
WTRc_limit_alone = 0 
RTWc_limit_alone = 0 

Commands details: 
total_CMD = 0 
n_nop = 0 
Read = 0 
Write = 0 
L2_Alloc = 0 
L2_WB = 0 
n_act = 0 
n_pre = 0 
n_ref = 0 
n_req = 0 
total_req = 0 

Dual Bus Interface Util: 
issued_total_row = 0 
issued_total_col = 0 
Row_Bus_Util =  -nan 
CoL_Bus_Util = -nan 
Either_Row_CoL_Bus_Util = -nan 
Issued_on_Two_Bus_Simul_Util = -nan 
issued_two_Eff = -nan 
queue_avg = -nan 


dram_util_bins: 0 0 0 0 0 0 0 0 0 0
dram_eff_bins: 0 0 0 0 0 0 0 0 0 0
mrqq: max=0 avg=-nan
Memory Partition 5: 
Cache L2_bank_010:
MSHR contents

Cache L2_bank_011:
MSHR contents

In Dram Latency Queue (total = 0): 
DRAM[5]: 16 bks, busW=8 BL=4 CL=19, tRRD=6 tCCD=1, tRCD=19 tRAS=45 tRP=19 tRC=50
n_cmd=0 n_nop=0 n_act=0 n_pre=0 n_ref_event=0 n_req=0 n_rd=0 n_rd_L2_A=0 n_write=0 n_wr_bk=0 bw_util=-nan
n_activity=0 dram_eff=-nan
bk0: 0a 0i bk1: 0a 0i bk2: 0a 0i bk3: 0a 0i bk4: 0a 0i bk5: 0a 0i bk6: 0a 0i bk7: 0a 0i bk8: 0a 0i bk9: 0a 0i bk10: 0a 0i bk11: 0a 0i bk12: 0a 0i bk13: 0a 0i bk14: 0a 0i bk15: 0a 0i 

------------------------------------------------------------------------

Row_Buffer_Locality = -nan
Row_Buffer_Locality_read = -nan
Row_Buffer_Locality_write = -nan
Bank_Level_Parallism = -nan
Bank_Level_Parallism_Col = -nan
Bank_Level_Parallism_Ready = -nan
write_to_read_ratio_blp_rw_average = -nan
GrpLevelPara = -nan 

BW Util details:
bwutil = -nan 
total_CMD = 0 
util_bw = 0 
Wasted_Col = 0 
Wasted_Row = 0 
Idle = 0 

BW Util Bottlenecks: 
RCDc_limit = 0 
RCDWRc_limit = 0 
WTRc_limit = 0 
RTWc_limit = 0 
CCDLc_limit = 0 
rwq = 0 
CCDLc_limit_alone = 0 
WTRc_limit_alone = 0 
RTWc_limit_alone = 0 

Commands details: 
total_CMD = 0 
n_nop = 0 
Read = 0 
Write = 0 
L2_Alloc = 0 
L2_WB = 0 
n_act = 0 
n_pre = 0 
n_ref = 0 
n_req = 0 
total_req = 0 

Dual Bus Interface Util: 
issued_total_row = 0 
issued_total_col = 0 
Row_Bus_Util =  -nan 
CoL_Bus_Util = -nan 
Either_Row_CoL_Bus_Util = -nan 
Issued_on_Two_Bus_Simul_Util = -nan 
issued_two_Eff = -nan 
queue_avg = -nan 


dram_util_bins: 0 0 0 0 0 0 0 0 0 0
dram_eff_bins: 0 0 0 0 0 0 0 0 0 0
mrqq: max=0 avg=-nan
Memory Partition 6: 
Cache L2_bank_012:
MSHR contents

Cache L2_bank_013:
MSHR contents

In Dram Latency Queue (total = 0): 
DRAM[6]: 16 bks, busW=8 BL=4 CL=19, tRRD=6 tCCD=1, tRCD=19 tRAS=45 tRP=19 tRC=50
n_cmd=0 n_nop=0 n_act=0 n_pre=0 n_ref_event=0 n_req=0 n_rd=0 n_rd_L2_A=0 n_write=0 n_wr_bk=0 bw_util=-nan
n_activity=0 dram_eff=-nan
bk0: 0a 0i bk1: 0a 0i bk2: 0a 0i bk3: 0a 0i bk4: 0a 0i bk5: 0a 0i bk6: 0a 0i bk7: 0a 0i bk8: 0a 0i bk9: 0a 0i bk10: 0a 0i bk11: 0a 0i bk12: 0a 0i bk13: 0a 0i bk14: 0a 0i bk15: 0a 0i 

------------------------------------------------------------------------

Row_Buffer_Locality = -nan
Row_Buffer_Locality_read = -nan
Row_Buffer_Locality_write = -nan
Bank_Level_Parallism = -nan
Bank_Level_Parallism_Col = -nan
Bank_Level_Parallism_Ready = -nan
write_to_read_ratio_blp_rw_average = -nan
GrpLevelPara = -nan 

BW Util details:
bwutil = -nan 
total_CMD = 0 
util_bw = 0 
Wasted_Col = 0 
Wasted_Row = 0 
Idle = 0 

BW Util Bottlenecks: 
RCDc_limit = 0 
RCDWRc_limit = 0 
WTRc_limit = 0 
RTWc_limit = 0 
CCDLc_limit = 0 
rwq = 0 
CCDLc_limit_alone = 0 
WTRc_limit_alone = 0 
RTWc_limit_alone = 0 

Commands details: 
total_CMD = 0 
n_nop = 0 
Read = 0 
Write = 0 
L2_Alloc = 0 
L2_WB = 0 
n_act = 0 
n_pre = 0 
n_ref = 0 
n_req = 0 
total_req = 0 

Dual Bus Interface Util: 
issued_total_row = 0 
issued_total_col = 0 
Row_Bus_Util =  -nan 
CoL_Bus_Util = -nan 
Either_Row_CoL_Bus_Util = -nan 
Issued_on_Two_Bus_Simul_Util = -nan 
issued_two_Eff = -nan 
queue_avg = -nan 


dram_util_bins: 0 0 0 0 0 0 0 0 0 0
dram_eff_bins: 0 0 0 0 0 0 0 0 0 0
mrqq: max=0 avg=-nan
Memory Partition 7: 
Cache L2_bank_014:
MSHR contents

Cache L2_bank_015:
MSHR contents

In Dram Latency Queue (total = 0): 
DRAM[7]: 16 bks, busW=8 BL=4 CL=19, tRRD=6 tCCD=1, tRCD=19 tRAS=45 tRP=19 tRC=50
n_cmd=0 n_nop=0 n_act=0 n_pre=0 n_ref_event=0 n_req=0 n_rd=0 n_rd_L2_A=0 n_write=0 n_wr_bk=0 bw_util=-nan
n_activity=0 dram_eff=-nan
bk0: 0a 0i bk1: 0a 0i bk2: 0a 0i bk3: 0a 0i bk4: 0a 0i bk5: 0a 0i bk6: 0a 0i bk7: 0a 0i bk8: 0a 0i bk9: 0a 0i bk10: 0a 0i bk11: 0a 0i bk12: 0a 0i bk13: 0a 0i bk14: 0a 0i bk15: 0a 0i 

------------------------------------------------------------------------

Row_Buffer_Locality = -nan
Row_Buffer_Locality_read = -nan
Row_Buffer_Locality_write = -nan
Bank_Level_Parallism = -nan
Bank_Level_Parallism_Col = -nan
Bank_Level_Parallism_Ready = -nan
write_to_read_ratio_blp_rw_average = -nan
GrpLevelPara = -nan 

BW Util details:
bwutil = -nan 
total_CMD = 0 
util_bw = 0 
Wasted_Col = 0 
Wasted_Row = 0 
Idle = 0 

BW Util Bottlenecks: 
RCDc_limit = 0 
RCDWRc_limit = 0 
WTRc_limit = 0 
RTWc_limit = 0 
CCDLc_limit = 0 
rwq = 0 
CCDLc_limit_alone = 0 
WTRc_limit_alone = 0 
RTWc_limit_alone = 0 

Commands details: 
total_CMD = 0 
n_nop = 0 
Read = 0 
Write = 0 
L2_Alloc = 0 
L2_WB = 0 
n_act = 0 
n_pre = 0 
n_ref = 0 
n_req = 0 
total_req = 0 

Dual Bus Interface Util: 
issued_total_row = 0 
issued_total_col = 0 
Row_Bus_Util =  -nan 
CoL_Bus_Util = -nan 
Either_Row_CoL_Bus_Util = -nan 
Issued_on_Two_Bus_Simul_Util = -nan 
issued_two_Eff = -nan 
queue_avg = -nan 


dram_util_bins: 0 0 0 0 0 0 0 0 0 0
dram_eff_bins: 0 0 0 0 0 0 0 0 0 0
mrqq: max=0 avg=-nan
Memory Partition 8: 
Cache L2_bank_016:
MSHR contents

Cache L2_bank_017:
MSHR contents

In Dram Latency Queue (total = 0): 
DRAM[8]: 16 bks, busW=8 BL=4 CL=19, tRRD=6 tCCD=1, tRCD=19 tRAS=45 tRP=19 tRC=50
n_cmd=0 n_nop=0 n_act=0 n_pre=0 n_ref_event=0 n_req=0 n_rd=0 n_rd_L2_A=0 n_write=0 n_wr_bk=0 bw_util=-nan
n_activity=0 dram_eff=-nan
bk0: 0a 0i bk1: 0a 0i bk2: 0a 0i bk3: 0a 0i bk4: 0a 0i bk5: 0a 0i bk6: 0a 0i bk7: 0a 0i bk8: 0a 0i bk9: 0a 0i bk10: 0a 0i bk11: 0a 0i bk12: 0a 0i bk13: 0a 0i bk14: 0a 0i bk15: 0a 0i 

------------------------------------------------------------------------

Row_Buffer_Locality = -nan
Row_Buffer_Locality_read = -nan
Row_Buffer_Locality_write = -nan
Bank_Level_Parallism = -nan
Bank_Level_Parallism_Col = -nan
Bank_Level_Parallism_Ready = -nan
write_to_read_ratio_blp_rw_average = -nan
GrpLevelPara = -nan 

BW Util details:
bwutil = -nan 
total_CMD = 0 
util_bw = 0 
Wasted_Col = 0 
Wasted_Row = 0 
Idle = 0 

BW Util Bottlenecks: 
RCDc_limit = 0 
RCDWRc_limit = 0 
WTRc_limit = 0 
RTWc_limit = 0 
CCDLc_limit = 0 
rwq = 0 
CCDLc_limit_alone = 0 
WTRc_limit_alone = 0 
RTWc_limit_alone = 0 

Commands details: 
total_CMD = 0 
n_nop = 0 
Read = 0 
Write = 0 
L2_Alloc = 0 
L2_WB = 0 
n_act = 0 
n_pre = 0 
n_ref = 0 
n_req = 0 
total_req = 0 

Dual Bus Interface Util: 
issued_total_row = 0 
issued_total_col = 0 
Row_Bus_Util =  -nan 
CoL_Bus_Util = -nan 
Either_Row_CoL_Bus_Util = -nan 
Issued_on_Two_Bus_Simul_Util = -nan 
issued_two_Eff = -nan 
queue_avg = -nan 


dram_util_bins: 0 0 0 0 0 0 0 0 0 0
dram_eff_bins: 0 0 0 0 0 0 0 0 0 0
mrqq: max=0 avg=-nan
Memory Partition 9: 
Cache L2_bank_018:
MSHR contents

Cache L2_bank_019:
MSHR contents

In Dram Latency Queue (total = 0): 
DRAM[9]: 16 bks, busW=8 BL=4 CL=19, tRRD=6 tCCD=1, tRCD=19 tRAS=45 tRP=19 tRC=50
n_cmd=0 n_nop=0 n_act=0 n_pre=0 n_ref_event=0 n_req=0 n_rd=0 n_rd_L2_A=0 n_write=0 n_wr_bk=0 bw_util=-nan
n_activity=0 dram_eff=-nan
bk0: 0a 0i bk1: 0a 0i bk2: 0a 0i bk3: 0a 0i bk4: 0a 0i bk5: 0a 0i bk6: 0a 0i bk7: 0a 0i bk8: 0a 0i bk9: 0a 0i bk10: 0a 0i bk11: 0a 0i bk12: 0a 0i bk13: 0a 0i bk14: 0a 0i bk15: 0a 0i 

------------------------------------------------------------------------

Row_Buffer_Locality = -nan
Row_Buffer_Locality_read = -nan
Row_Buffer_Locality_write = -nan
Bank_Level_Parallism = -nan
Bank_Level_Parallism_Col = -nan
Bank_Level_Parallism_Ready = -nan
write_to_read_ratio_blp_rw_average = -nan
GrpLevelPara = -nan 

BW Util details:
bwutil = -nan 
total_CMD = 0 
util_bw = 0 
Wasted_Col = 0 
Wasted_Row = 0 
Idle = 0 

BW Util Bottlenecks: 
RCDc_limit = 0 
RCDWRc_limit = 0 
WTRc_limit = 0 
RTWc_limit = 0 
CCDLc_limit = 0 
rwq = 0 
CCDLc_limit_alone = 0 
WTRc_limit_alone = 0 
RTWc_limit_alone = 0 

Commands details: 
total_CMD = 0 
n_nop = 0 
Read = 0 
Write = 0 
L2_Alloc = 0 
L2_WB = 0 
n_act = 0 
n_pre = 0 
n_ref = 0 
n_req = 0 
total_req = 0 

Dual Bus Interface Util: 
issued_total_row = 0 
issued_total_col = 0 
Row_Bus_Util =  -nan 
CoL_Bus_Util = -nan 
Either_Row_CoL_Bus_Util = -nan 
Issued_on_Two_Bus_Simul_Util = -nan 
issued_two_Eff = -nan 
queue_avg = -nan 


dram_util_bins: 0 0 0 0 0 0 0 0 0 0
dram_eff_bins: 0 0 0 0 0 0 0 0 0 0
mrqq: max=0 avg=-nan
Memory Partition 10: 
Cache L2_bank_020:
MSHR contents

Cache L2_bank_021:
MSHR contents

In Dram Latency Queue (total = 0): 
DRAM[10]: 16 bks, busW=8 BL=4 CL=19, tRRD=6 tCCD=1, tRCD=19 tRAS=45 tRP=19 tRC=50
n_cmd=0 n_nop=0 n_act=0 n_pre=0 n_ref_event=0 n_req=0 n_rd=0 n_rd_L2_A=0 n_write=0 n_wr_bk=0 bw_util=-nan
n_activity=0 dram_eff=-nan
bk0: 0a 0i bk1: 0a 0i bk2: 0a 0i bk3: 0a 0i bk4: 0a 0i bk5: 0a 0i bk6: 0a 0i bk7: 0a 0i bk8: 0a 0i bk9: 0a 0i bk10: 0a 0i bk11: 0a 0i bk12: 0a 0i bk13: 0a 0i bk14: 0a 0i bk15: 0a 0i 

------------------------------------------------------------------------

Row_Buffer_Locality = -nan
Row_Buffer_Locality_read = -nan
Row_Buffer_Locality_write = -nan
Bank_Level_Parallism = -nan
Bank_Level_Parallism_Col = -nan
Bank_Level_Parallism_Ready = -nan
write_to_read_ratio_blp_rw_average = -nan
GrpLevelPara = -nan 

BW Util details:
bwutil = -nan 
total_CMD = 0 
util_bw = 0 
Wasted_Col = 0 
Wasted_Row = 0 
Idle = 0 

BW Util Bottlenecks: 
RCDc_limit = 0 
RCDWRc_limit = 0 
WTRc_limit = 0 
RTWc_limit = 0 
CCDLc_limit = 0 
rwq = 0 
CCDLc_limit_alone = 0 
WTRc_limit_alone = 0 
RTWc_limit_alone = 0 

Commands details: 
total_CMD = 0 
n_nop = 0 
Read = 0 
Write = 0 
L2_Alloc = 0 
L2_WB = 0 
n_act = 0 
n_pre = 0 
n_ref = 0 
n_req = 0 
total_req = 0 

Dual Bus Interface Util: 
issued_total_row = 0 
issued_total_col = 0 
Row_Bus_Util =  -nan 
CoL_Bus_Util = -nan 
Either_Row_CoL_Bus_Util = -nan 
Issued_on_Two_Bus_Simul_Util = -nan 
issued_two_Eff = -nan 
queue_avg = -nan 


dram_util_bins: 0 0 0 0 0 0 0 0 0 0
dram_eff_bins: 0 0 0 0 0 0 0 0 0 0
mrqq: max=0 avg=-nan
Memory Partition 11: 
Cache L2_bank_022:
MSHR contents

Cache L2_bank_023:
MSHR contents

In Dram Latency Queue (total = 0): 
DRAM[11]: 16 bks, busW=8 BL=4 CL=19, tRRD=6 tCCD=1, tRCD=19 tRAS=45 tRP=19 tRC=50
n_cmd=0 n_nop=0 n_act=0 n_pre=0 n_ref_event=0 n_req=0 n_rd=0 n_rd_L2_A=0 n_write=0 n_wr_bk=0 bw_util=-nan
n_activity=0 dram_eff=-nan
bk0: 0a 0i bk1: 0a 0i bk2: 0a 0i bk3: 0a 0i bk4: 0a 0i bk5: 0a 0i bk6: 0a 0i bk7: 0a 0i bk8: 0a 0i bk9: 0a 0i bk10: 0a 0i bk11: 0a 0i bk12: 0a 0i bk13: 0a 0i bk14: 0a 0i bk15: 0a 0i 

------------------------------------------------------------------------

Row_Buffer_Locality = -nan
Row_Buffer_Locality_read = -nan
Row_Buffer_Locality_write = -nan
Bank_Level_Parallism = -nan
Bank_Level_Parallism_Col = -nan
Bank_Level_Parallism_Ready = -nan
write_to_read_ratio_blp_rw_average = -nan
GrpLevelPara = -nan 

BW Util details:
bwutil = -nan 
total_CMD = 0 
util_bw = 0 
Wasted_Col = 0 
Wasted_Row = 0 
Idle = 0 

BW Util Bottlenecks: 
RCDc_limit = 0 
RCDWRc_limit = 0 
WTRc_limit = 0 
RTWc_limit = 0 
CCDLc_limit = 0 
rwq = 0 
CCDLc_limit_alone = 0 
WTRc_limit_alone = 0 
RTWc_limit_alone = 0 

Commands details: 
total_CMD = 0 
n_nop = 0 
Read = 0 
Write = 0 
L2_Alloc = 0 
L2_WB = 0 
n_act = 0 
n_pre = 0 
n_ref = 0 
n_req = 0 
total_req = 0 

Dual Bus Interface Util: 
issued_total_row = 0 
issued_total_col = 0 
Row_Bus_Util =  -nan 
CoL_Bus_Util = -nan 
Either_Row_CoL_Bus_Util = -nan 
Issued_on_Two_Bus_Simul_Util = -nan 
issued_two_Eff = -nan 
queue_avg = -nan 


dram_util_bins: 0 0 0 0 0 0 0 0 0 0
dram_eff_bins: 0 0 0 0 0 0 0 0 0 0
mrqq: max=0 avg=-nan
Memory Partition 12: 
Cache L2_bank_024:
MSHR contents

Cache L2_bank_025:
MSHR contents

In Dram Latency Queue (total = 0): 
DRAM[12]: 16 bks, busW=8 BL=4 CL=19, tRRD=6 tCCD=1, tRCD=19 tRAS=45 tRP=19 tRC=50
n_cmd=0 n_nop=0 n_act=0 n_pre=0 n_ref_event=0 n_req=0 n_rd=0 n_rd_L2_A=0 n_write=0 n_wr_bk=0 bw_util=-nan
n_activity=0 dram_eff=-nan
bk0: 0a 0i bk1: 0a 0i bk2: 0a 0i bk3: 0a 0i bk4: 0a 0i bk5: 0a 0i bk6: 0a 0i bk7: 0a 0i bk8: 0a 0i bk9: 0a 0i bk10: 0a 0i bk11: 0a 0i bk12: 0a 0i bk13: 0a 0i bk14: 0a 0i bk15: 0a 0i 

------------------------------------------------------------------------

Row_Buffer_Locality = -nan
Row_Buffer_Locality_read = -nan
Row_Buffer_Locality_write = -nan
Bank_Level_Parallism = -nan
Bank_Level_Parallism_Col = -nan
Bank_Level_Parallism_Ready = -nan
write_to_read_ratio_blp_rw_average = -nan
GrpLevelPara = -nan 

BW Util details:
bwutil = -nan 
total_CMD = 0 
util_bw = 0 
Wasted_Col = 0 
Wasted_Row = 0 
Idle = 0 

BW Util Bottlenecks: 
RCDc_limit = 0 
RCDWRc_limit = 0 
WTRc_limit = 0 
RTWc_limit = 0 
CCDLc_limit = 0 
rwq = 0 
CCDLc_limit_alone = 0 
WTRc_limit_alone = 0 
RTWc_limit_alone = 0 

Commands details: 
total_CMD = 0 
n_nop = 0 
Read = 0 
Write = 0 
L2_Alloc = 0 
L2_WB = 0 
n_act = 0 
n_pre = 0 
n_ref = 0 
n_req = 0 
total_req = 0 

Dual Bus Interface Util: 
issued_total_row = 0 
issued_total_col = 0 
Row_Bus_Util =  -nan 
CoL_Bus_Util = -nan 
Either_Row_CoL_Bus_Util = -nan 
Issued_on_Two_Bus_Simul_Util = -nan 
issued_two_Eff = -nan 
queue_avg = -nan 


dram_util_bins: 0 0 0 0 0 0 0 0 0 0
dram_eff_bins: 0 0 0 0 0 0 0 0 0 0
mrqq: max=0 avg=-nan
Memory Partition 13: 
Cache L2_bank_026:
MSHR contents

Cache L2_bank_027:
MSHR contents

In Dram Latency Queue (total = 0): 
DRAM[13]: 16 bks, busW=8 BL=4 CL=19, tRRD=6 tCCD=1, tRCD=19 tRAS=45 tRP=19 tRC=50
n_cmd=0 n_nop=0 n_act=0 n_pre=0 n_ref_event=0 n_req=0 n_rd=0 n_rd_L2_A=0 n_write=0 n_wr_bk=0 bw_util=-nan
n_activity=0 dram_eff=-nan
bk0: 0a 0i bk1: 0a 0i bk2: 0a 0i bk3: 0a 0i bk4: 0a 0i bk5: 0a 0i bk6: 0a 0i bk7: 0a 0i bk8: 0a 0i bk9: 0a 0i bk10: 0a 0i bk11: 0a 0i bk12: 0a 0i bk13: 0a 0i bk14: 0a 0i bk15: 0a 0i 

------------------------------------------------------------------------

Row_Buffer_Locality = -nan
Row_Buffer_Locality_read = -nan
Row_Buffer_Locality_write = -nan
Bank_Level_Parallism = -nan
Bank_Level_Parallism_Col = -nan
Bank_Level_Parallism_Ready = -nan
write_to_read_ratio_blp_rw_average = -nan
GrpLevelPara = -nan 

BW Util details:
bwutil = -nan 
total_CMD = 0 
util_bw = 0 
Wasted_Col = 0 
Wasted_Row = 0 
Idle = 0 

BW Util Bottlenecks: 
RCDc_limit = 0 
RCDWRc_limit = 0 
WTRc_limit = 0 
RTWc_limit = 0 
CCDLc_limit = 0 
rwq = 0 
CCDLc_limit_alone = 0 
WTRc_limit_alone = 0 
RTWc_limit_alone = 0 

Commands details: 
total_CMD = 0 
n_nop = 0 
Read = 0 
Write = 0 
L2_Alloc = 0 
L2_WB = 0 
n_act = 0 
n_pre = 0 
n_ref = 0 
n_req = 0 
total_req = 0 

Dual Bus Interface Util: 
issued_total_row = 0 
issued_total_col = 0 
Row_Bus_Util =  -nan 
CoL_Bus_Util = -nan 
Either_Row_CoL_Bus_Util = -nan 
Issued_on_Two_Bus_Simul_Util = -nan 
issued_two_Eff = -nan 
queue_avg = -nan 


dram_util_bins: 0 0 0 0 0 0 0 0 0 0
dram_eff_bins: 0 0 0 0 0 0 0 0 0 0
mrqq: max=0 avg=-nan
Memory Partition 14: 
Cache L2_bank_028:
MSHR contents

Cache L2_bank_029:
MSHR contents

In Dram Latency Queue (total = 0): 
DRAM[14]: 16 bks, busW=8 BL=4 CL=19, tRRD=6 tCCD=1, tRCD=19 tRAS=45 tRP=19 tRC=50
n_cmd=0 n_nop=0 n_act=0 n_pre=0 n_ref_event=0 n_req=0 n_rd=0 n_rd_L2_A=0 n_write=0 n_wr_bk=0 bw_util=-nan
n_activity=0 dram_eff=-nan
bk0: 0a 0i bk1: 0a 0i bk2: 0a 0i bk3: 0a 0i bk4: 0a 0i bk5: 0a 0i bk6: 0a 0i bk7: 0a 0i bk8: 0a 0i bk9: 0a 0i bk10: 0a 0i bk11: 0a 0i bk12: 0a 0i bk13: 0a 0i bk14: 0a 0i bk15: 0a 0i 

------------------------------------------------------------------------

Row_Buffer_Locality = -nan
Row_Buffer_Locality_read = -nan
Row_Buffer_Locality_write = -nan
Bank_Level_Parallism = -nan
Bank_Level_Parallism_Col = -nan
Bank_Level_Parallism_Ready = -nan
write_to_read_ratio_blp_rw_average = -nan
GrpLevelPara = -nan 

BW Util details:
bwutil = -nan 
total_CMD = 0 
util_bw = 0 
Wasted_Col = 0 
Wasted_Row = 0 
Idle = 0 

BW Util Bottlenecks: 
RCDc_limit = 0 
RCDWRc_limit = 0 
WTRc_limit = 0 
RTWc_limit = 0 
CCDLc_limit = 0 
rwq = 0 
CCDLc_limit_alone = 0 
WTRc_limit_alone = 0 
RTWc_limit_alone = 0 

Commands details: 
total_CMD = 0 
n_nop = 0 
Read = 0 
Write = 0 
L2_Alloc = 0 
L2_WB = 0 
n_act = 0 
n_pre = 0 
n_ref = 0 
n_req = 0 
total_req = 0 

Dual Bus Interface Util: 
issued_total_row = 0 
issued_total_col = 0 
Row_Bus_Util =  -nan 
CoL_Bus_Util = -nan 
Either_Row_CoL_Bus_Util = -nan 
Issued_on_Two_Bus_Simul_Util = -nan 
issued_two_Eff = -nan 
queue_avg = -nan 


dram_util_bins: 0 0 0 0 0 0 0 0 0 0
dram_eff_bins: 0 0 0 0 0 0 0 0 0 0
mrqq: max=0 avg=-nan
Memory Partition 15: 
Cache L2_bank_030:
MSHR contents

Cache L2_bank_031:
MSHR contents

In Dram Latency Queue (total = 0): 
DRAM[15]: 16 bks, busW=8 BL=4 CL=19, tRRD=6 tCCD=1, tRCD=19 tRAS=45 tRP=19 tRC=50
n_cmd=0 n_nop=0 n_act=0 n_pre=0 n_ref_event=0 n_req=0 n_rd=0 n_rd_L2_A=0 n_write=0 n_wr_bk=0 bw_util=-nan
n_activity=0 dram_eff=-nan
bk0: 0a 0i bk1: 0a 0i bk2: 0a 0i bk3: 0a 0i bk4: 0a 0i bk5: 0a 0i bk6: 0a 0i bk7: 0a 0i bk8: 0a 0i bk9: 0a 0i bk10: 0a 0i bk11: 0a 0i bk12: 0a 0i bk13: 0a 0i bk14: 0a 0i bk15: 0a 0i 

------------------------------------------------------------------------

Row_Buffer_Locality = -nan
Row_Buffer_Locality_read = -nan
Row_Buffer_Locality_write = -nan
Bank_Level_Parallism = -nan
Bank_Level_Parallism_Col = -nan
Bank_Level_Parallism_Ready = -nan
write_to_read_ratio_blp_rw_average = -nan
GrpLevelPara = -nan 

BW Util details:
bwutil = -nan 
total_CMD = 0 
util_bw = 0 
Wasted_Col = 0 
Wasted_Row = 0 
Idle = 0 

BW Util Bottlenecks: 
RCDc_limit = 0 
RCDWRc_limit = 0 
WTRc_limit = 0 
RTWc_limit = 0 
CCDLc_limit = 0 
rwq = 0 
CCDLc_limit_alone = 0 
WTRc_limit_alone = 0 
RTWc_limit_alone = 0 

Commands details: 
total_CMD = 0 
n_nop = 0 
Read = 0 
Write = 0 
L2_Alloc = 0 
L2_WB = 0 
n_act = 0 
n_pre = 0 
n_ref = 0 
n_req = 0 
total_req = 0 

Dual Bus Interface Util: 
issued_total_row = 0 
issued_total_col = 0 
Row_Bus_Util =  -nan 
CoL_Bus_Util = -nan 
Either_Row_CoL_Bus_Util = -nan 
Issued_on_Two_Bus_Simul_Util = -nan 
issued_two_Eff = -nan 
queue_avg = -nan 


dram_util_bins: 0 0 0 0 0 0 0 0 0 0
dram_eff_bins: 0 0 0 0 0 0 0 0 0 0
mrqq: max=0 avg=-nan
Memory Partition 16: 
Cache L2_bank_032:
MSHR contents

Cache L2_bank_033:
MSHR contents

In Dram Latency Queue (total = 0): 
DRAM[16]: 16 bks, busW=8 BL=4 CL=19, tRRD=6 tCCD=1, tRCD=19 tRAS=45 tRP=19 tRC=50
n_cmd=0 n_nop=0 n_act=0 n_pre=0 n_ref_event=0 n_req=0 n_rd=0 n_rd_L2_A=0 n_write=0 n_wr_bk=0 bw_util=-nan
n_activity=0 dram_eff=-nan
bk0: 0a 0i bk1: 0a 0i bk2: 0a 0i bk3: 0a 0i bk4: 0a 0i bk5: 0a 0i bk6: 0a 0i bk7: 0a 0i bk8: 0a 0i bk9: 0a 0i bk10: 0a 0i bk11: 0a 0i bk12: 0a 0i bk13: 0a 0i bk14: 0a 0i bk15: 0a 0i 

------------------------------------------------------------------------

Row_Buffer_Locality = -nan
Row_Buffer_Locality_read = -nan
Row_Buffer_Locality_write = -nan
Bank_Level_Parallism = -nan
Bank_Level_Parallism_Col = -nan
Bank_Level_Parallism_Ready = -nan
write_to_read_ratio_blp_rw_average = -nan
GrpLevelPara = -nan 

BW Util details:
bwutil = -nan 
total_CMD = 0 
util_bw = 0 
Wasted_Col = 0 
Wasted_Row = 0 
Idle = 0 

BW Util Bottlenecks: 
RCDc_limit = 0 
RCDWRc_limit = 0 
WTRc_limit = 0 
RTWc_limit = 0 
CCDLc_limit = 0 
rwq = 0 
CCDLc_limit_alone = 0 
WTRc_limit_alone = 0 
RTWc_limit_alone = 0 

Commands details: 
total_CMD = 0 
n_nop = 0 
Read = 0 
Write = 0 
L2_Alloc = 0 
L2_WB = 0 
n_act = 0 
n_pre = 0 
n_ref = 0 
n_req = 0 
total_req = 0 

Dual Bus Interface Util: 
issued_total_row = 0 
issued_total_col = 0 
Row_Bus_Util =  -nan 
CoL_Bus_Util = -nan 
Either_Row_CoL_Bus_Util = -nan 
Issued_on_Two_Bus_Simul_Util = -nan 
issued_two_Eff = -nan 
queue_avg = -nan 


dram_util_bins: 0 0 0 0 0 0 0 0 0 0
dram_eff_bins: 0 0 0 0 0 0 0 0 0 0
mrqq: max=0 avg=-nan
Memory Partition 17: 
Cache L2_bank_034:
MSHR contents

Cache L2_bank_035:
MSHR contents

In Dram Latency Queue (total = 0): 
DRAM[17]: 16 bks, busW=8 BL=4 CL=19, tRRD=6 tCCD=1, tRCD=19 tRAS=45 tRP=19 tRC=50
n_cmd=0 n_nop=0 n_act=0 n_pre=0 n_ref_event=0 n_req=0 n_rd=0 n_rd_L2_A=0 n_write=0 n_wr_bk=0 bw_util=-nan
n_activity=0 dram_eff=-nan
bk0: 0a 0i bk1: 0a 0i bk2: 0a 0i bk3: 0a 0i bk4: 0a 0i bk5: 0a 0i bk6: 0a 0i bk7: 0a 0i bk8: 0a 0i bk9: 0a 0i bk10: 0a 0i bk11: 0a 0i bk12: 0a 0i bk13: 0a 0i bk14: 0a 0i bk15: 0a 0i 

------------------------------------------------------------------------

Row_Buffer_Locality = -nan
Row_Buffer_Locality_read = -nan
Row_Buffer_Locality_write = -nan
Bank_Level_Parallism = -nan
Bank_Level_Parallism_Col = -nan
Bank_Level_Parallism_Ready = -nan
write_to_read_ratio_blp_rw_average = -nan
GrpLevelPara = -nan 

BW Util details:
bwutil = -nan 
total_CMD = 0 
util_bw = 0 
Wasted_Col = 0 
Wasted_Row = 0 
Idle = 0 

BW Util Bottlenecks: 
RCDc_limit = 0 
RCDWRc_limit = 0 
WTRc_limit = 0 
RTWc_limit = 0 
CCDLc_limit = 0 
rwq = 0 
CCDLc_limit_alone = 0 
WTRc_limit_alone = 0 
RTWc_limit_alone = 0 

Commands details: 
total_CMD = 0 
n_nop = 0 
Read = 0 
Write = 0 
L2_Alloc = 0 
L2_WB = 0 
n_act = 0 
n_pre = 0 
n_ref = 0 
n_req = 0 
total_req = 0 

Dual Bus Interface Util: 
issued_total_row = 0 
issued_total_col = 0 
Row_Bus_Util =  -nan 
CoL_Bus_Util = -nan 
Either_Row_CoL_Bus_Util = -nan 
Issued_on_Two_Bus_Simul_Util = -nan 
issued_two_Eff = -nan 
queue_avg = -nan 


dram_util_bins: 0 0 0 0 0 0 0 0 0 0
dram_eff_bins: 0 0 0 0 0 0 0 0 0 0
mrqq: max=0 avg=-nan
Memory Partition 18: 
Cache L2_bank_036:
MSHR contents

Cache L2_bank_037:
MSHR contents

In Dram Latency Queue (total = 0): 
DRAM[18]: 16 bks, busW=8 BL=4 CL=19, tRRD=6 tCCD=1, tRCD=19 tRAS=45 tRP=19 tRC=50
n_cmd=0 n_nop=0 n_act=0 n_pre=0 n_ref_event=0 n_req=0 n_rd=0 n_rd_L2_A=0 n_write=0 n_wr_bk=0 bw_util=-nan
n_activity=0 dram_eff=-nan
bk0: 0a 0i bk1: 0a 0i bk2: 0a 0i bk3: 0a 0i bk4: 0a 0i bk5: 0a 0i bk6: 0a 0i bk7: 0a 0i bk8: 0a 0i bk9: 0a 0i bk10: 0a 0i bk11: 0a 0i bk12: 0a 0i bk13: 0a 0i bk14: 0a 0i bk15: 0a 0i 

------------------------------------------------------------------------

Row_Buffer_Locality = -nan
Row_Buffer_Locality_read = -nan
Row_Buffer_Locality_write = -nan
Bank_Level_Parallism = -nan
Bank_Level_Parallism_Col = -nan
Bank_Level_Parallism_Ready = -nan
write_to_read_ratio_blp_rw_average = -nan
GrpLevelPara = -nan 

BW Util details:
bwutil = -nan 
total_CMD = 0 
util_bw = 0 
Wasted_Col = 0 
Wasted_Row = 0 
Idle = 0 

BW Util Bottlenecks: 
RCDc_limit = 0 
RCDWRc_limit = 0 
WTRc_limit = 0 
RTWc_limit = 0 
CCDLc_limit = 0 
rwq = 0 
CCDLc_limit_alone = 0 
WTRc_limit_alone = 0 
RTWc_limit_alone = 0 

Commands details: 
total_CMD = 0 
n_nop = 0 
Read = 0 
Write = 0 
L2_Alloc = 0 
L2_WB = 0 
n_act = 0 
n_pre = 0 
n_ref = 0 
n_req = 0 
total_req = 0 

Dual Bus Interface Util: 
issued_total_row = 0 
issued_total_col = 0 
Row_Bus_Util =  -nan 
CoL_Bus_Util = -nan 
Either_Row_CoL_Bus_Util = -nan 
Issued_on_Two_Bus_Simul_Util = -nan 
issued_two_Eff = -nan 
queue_avg = -nan 


dram_util_bins: 0 0 0 0 0 0 0 0 0 0
dram_eff_bins: 0 0 0 0 0 0 0 0 0 0
mrqq: max=0 avg=-nan
Memory Partition 19: 
Cache L2_bank_038:
MSHR contents

Cache L2_bank_039:
MSHR contents

In Dram Latency Queue (total = 0): 
DRAM[19]: 16 bks, busW=8 BL=4 CL=19, tRRD=6 tCCD=1, tRCD=19 tRAS=45 tRP=19 tRC=50
n_cmd=0 n_nop=0 n_act=0 n_pre=0 n_ref_event=0 n_req=0 n_rd=0 n_rd_L2_A=0 n_write=0 n_wr_bk=0 bw_util=-nan
n_activity=0 dram_eff=-nan
bk0: 0a 0i bk1: 0a 0i bk2: 0a 0i bk3: 0a 0i bk4: 0a 0i bk5: 0a 0i bk6: 0a 0i bk7: 0a 0i bk8: 0a 0i bk9: 0a 0i bk10: 0a 0i bk11: 0a 0i bk12: 0a 0i bk13: 0a 0i bk14: 0a 0i bk15: 0a 0i 

------------------------------------------------------------------------

Row_Buffer_Locality = -nan
Row_Buffer_Locality_read = -nan
Row_Buffer_Locality_write = -nan
Bank_Level_Parallism = -nan
Bank_Level_Parallism_Col = -nan
Bank_Level_Parallism_Ready = -nan
write_to_read_ratio_blp_rw_average = -nan
GrpLevelPara = -nan 

BW Util details:
bwutil = -nan 
total_CMD = 0 
util_bw = 0 
Wasted_Col = 0 
Wasted_Row = 0 
Idle = 0 

BW Util Bottlenecks: 
RCDc_limit = 0 
RCDWRc_limit = 0 
WTRc_limit = 0 
RTWc_limit = 0 
CCDLc_limit = 0 
rwq = 0 
CCDLc_limit_alone = 0 
WTRc_limit_alone = 0 
RTWc_limit_alone = 0 

Commands details: 
total_CMD = 0 
n_nop = 0 
Read = 0 
Write = 0 
L2_Alloc = 0 
L2_WB = 0 
n_act = 0 
n_pre = 0 
n_ref = 0 
n_req = 0 
total_req = 0 

Dual Bus Interface Util: 
issued_total_row = 0 
issued_total_col = 0 
Row_Bus_Util =  -nan 
CoL_Bus_Util = -nan 
Either_Row_CoL_Bus_Util = -nan 
Issued_on_Two_Bus_Simul_Util = -nan 
issued_two_Eff = -nan 
queue_avg = -nan 


dram_util_bins: 0 0 0 0 0 0 0 0 0 0
dram_eff_bins: 0 0 0 0 0 0 0 0 0 0
mrqq: max=0 avg=-nan
Memory Partition 20: 
Cache L2_bank_040:
MSHR contents

Cache L2_bank_041:
MSHR contents

In Dram Latency Queue (total = 0): 
DRAM[20]: 16 bks, busW=8 BL=4 CL=19, tRRD=6 tCCD=1, tRCD=19 tRAS=45 tRP=19 tRC=50
n_cmd=0 n_nop=0 n_act=0 n_pre=0 n_ref_event=0 n_req=0 n_rd=0 n_rd_L2_A=0 n_write=0 n_wr_bk=0 bw_util=-nan
n_activity=0 dram_eff=-nan
bk0: 0a 0i bk1: 0a 0i bk2: 0a 0i bk3: 0a 0i bk4: 0a 0i bk5: 0a 0i bk6: 0a 0i bk7: 0a 0i bk8: 0a 0i bk9: 0a 0i bk10: 0a 0i bk11: 0a 0i bk12: 0a 0i bk13: 0a 0i bk14: 0a 0i bk15: 0a 0i 

------------------------------------------------------------------------

Row_Buffer_Locality = -nan
Row_Buffer_Locality_read = -nan
Row_Buffer_Locality_write = -nan
Bank_Level_Parallism = -nan
Bank_Level_Parallism_Col = -nan
Bank_Level_Parallism_Ready = -nan
write_to_read_ratio_blp_rw_average = -nan
GrpLevelPara = -nan 

BW Util details:
bwutil = -nan 
total_CMD = 0 
util_bw = 0 
Wasted_Col = 0 
Wasted_Row = 0 
Idle = 0 

BW Util Bottlenecks: 
RCDc_limit = 0 
RCDWRc_limit = 0 
WTRc_limit = 0 
RTWc_limit = 0 
CCDLc_limit = 0 
rwq = 0 
CCDLc_limit_alone = 0 
WTRc_limit_alone = 0 
RTWc_limit_alone = 0 

Commands details: 
total_CMD = 0 
n_nop = 0 
Read = 0 
Write = 0 
L2_Alloc = 0 
L2_WB = 0 
n_act = 0 
n_pre = 0 
n_ref = 0 
n_req = 0 
total_req = 0 

Dual Bus Interface Util: 
issued_total_row = 0 
issued_total_col = 0 
Row_Bus_Util =  -nan 
CoL_Bus_Util = -nan 
Either_Row_CoL_Bus_Util = -nan 
Issued_on_Two_Bus_Simul_Util = -nan 
issued_two_Eff = -nan 
queue_avg = -nan 


dram_util_bins: 0 0 0 0 0 0 0 0 0 0
dram_eff_bins: 0 0 0 0 0 0 0 0 0 0
mrqq: max=0 avg=-nan
Memory Partition 21: 
Cache L2_bank_042:
MSHR contents

Cache L2_bank_043:
MSHR contents

In Dram Latency Queue (total = 0): 
DRAM[21]: 16 bks, busW=8 BL=4 CL=19, tRRD=6 tCCD=1, tRCD=19 tRAS=45 tRP=19 tRC=50
n_cmd=0 n_nop=0 n_act=0 n_pre=0 n_ref_event=0 n_req=0 n_rd=0 n_rd_L2_A=0 n_write=0 n_wr_bk=0 bw_util=-nan
n_activity=0 dram_eff=-nan
bk0: 0a 0i bk1: 0a 0i bk2: 0a 0i bk3: 0a 0i bk4: 0a 0i bk5: 0a 0i bk6: 0a 0i bk7: 0a 0i bk8: 0a 0i bk9: 0a 0i bk10: 0a 0i bk11: 0a 0i bk12: 0a 0i bk13: 0a 0i bk14: 0a 0i bk15: 0a 0i 

------------------------------------------------------------------------

Row_Buffer_Locality = -nan
Row_Buffer_Locality_read = -nan
Row_Buffer_Locality_write = -nan
Bank_Level_Parallism = -nan
Bank_Level_Parallism_Col = -nan
Bank_Level_Parallism_Ready = -nan
write_to_read_ratio_blp_rw_average = -nan
GrpLevelPara = -nan 

BW Util details:
bwutil = -nan 
total_CMD = 0 
util_bw = 0 
Wasted_Col = 0 
Wasted_Row = 0 
Idle = 0 

BW Util Bottlenecks: 
RCDc_limit = 0 
RCDWRc_limit = 0 
WTRc_limit = 0 
RTWc_limit = 0 
CCDLc_limit = 0 
rwq = 0 
CCDLc_limit_alone = 0 
WTRc_limit_alone = 0 
RTWc_limit_alone = 0 

Commands details: 
total_CMD = 0 
n_nop = 0 
Read = 0 
Write = 0 
L2_Alloc = 0 
L2_WB = 0 
n_act = 0 
n_pre = 0 
n_ref = 0 
n_req = 0 
total_req = 0 

Dual Bus Interface Util: 
issued_total_row = 0 
issued_total_col = 0 
Row_Bus_Util =  -nan 
CoL_Bus_Util = -nan 
Either_Row_CoL_Bus_Util = -nan 
Issued_on_Two_Bus_Simul_Util = -nan 
issued_two_Eff = -nan 
queue_avg = -nan 


dram_util_bins: 0 0 0 0 0 0 0 0 0 0
dram_eff_bins: 0 0 0 0 0 0 0 0 0 0
mrqq: max=0 avg=-nan
Memory Partition 22: 
Cache L2_bank_044:
MSHR contents

Cache L2_bank_045:
MSHR contents

In Dram Latency Queue (total = 0): 
DRAM[22]: 16 bks, busW=8 BL=4 CL=19, tRRD=6 tCCD=1, tRCD=19 tRAS=45 tRP=19 tRC=50
n_cmd=0 n_nop=0 n_act=0 n_pre=0 n_ref_event=0 n_req=0 n_rd=0 n_rd_L2_A=0 n_write=0 n_wr_bk=0 bw_util=-nan
n_activity=0 dram_eff=-nan
bk0: 0a 0i bk1: 0a 0i bk2: 0a 0i bk3: 0a 0i bk4: 0a 0i bk5: 0a 0i bk6: 0a 0i bk7: 0a 0i bk8: 0a 0i bk9: 0a 0i bk10: 0a 0i bk11: 0a 0i bk12: 0a 0i bk13: 0a 0i bk14: 0a 0i bk15: 0a 0i 

------------------------------------------------------------------------

Row_Buffer_Locality = -nan
Row_Buffer_Locality_read = -nan
Row_Buffer_Locality_write = -nan
Bank_Level_Parallism = -nan
Bank_Level_Parallism_Col = -nan
Bank_Level_Parallism_Ready = -nan
write_to_read_ratio_blp_rw_average = -nan
GrpLevelPara = -nan 

BW Util details:
bwutil = -nan 
total_CMD = 0 
util_bw = 0 
Wasted_Col = 0 
Wasted_Row = 0 
Idle = 0 

BW Util Bottlenecks: 
RCDc_limit = 0 
RCDWRc_limit = 0 
WTRc_limit = 0 
RTWc_limit = 0 
CCDLc_limit = 0 
rwq = 0 
CCDLc_limit_alone = 0 
WTRc_limit_alone = 0 
RTWc_limit_alone = 0 

Commands details: 
total_CMD = 0 
n_nop = 0 
Read = 0 
Write = 0 
L2_Alloc = 0 
L2_WB = 0 
n_act = 0 
n_pre = 0 
n_ref = 0 
n_req = 0 
total_req = 0 

Dual Bus Interface Util: 
issued_total_row = 0 
issued_total_col = 0 
Row_Bus_Util =  -nan 
CoL_Bus_Util = -nan 
Either_Row_CoL_Bus_Util = -nan 
Issued_on_Two_Bus_Simul_Util = -nan 
issued_two_Eff = -nan 
queue_avg = -nan 


dram_util_bins: 0 0 0 0 0 0 0 0 0 0
dram_eff_bins: 0 0 0 0 0 0 0 0 0 0
mrqq: max=0 avg=-nan
Memory Partition 23: 
Cache L2_bank_046:
MSHR contents

Cache L2_bank_047:
MSHR contents

In Dram Latency Queue (total = 0): 
DRAM[23]: 16 bks, busW=8 BL=4 CL=19, tRRD=6 tCCD=1, tRCD=19 tRAS=45 tRP=19 tRC=50
n_cmd=0 n_nop=0 n_act=0 n_pre=0 n_ref_event=0 n_req=0 n_rd=0 n_rd_L2_A=0 n_write=0 n_wr_bk=0 bw_util=-nan
n_activity=0 dram_eff=-nan
bk0: 0a 0i bk1: 0a 0i bk2: 0a 0i bk3: 0a 0i bk4: 0a 0i bk5: 0a 0i bk6: 0a 0i bk7: 0a 0i bk8: 0a 0i bk9: 0a 0i bk10: 0a 0i bk11: 0a 0i bk12: 0a 0i bk13: 0a 0i bk14: 0a 0i bk15: 0a 0i 

------------------------------------------------------------------------

Row_Buffer_Locality = -nan
Row_Buffer_Locality_read = -nan
Row_Buffer_Locality_write = -nan
Bank_Level_Parallism = -nan
Bank_Level_Parallism_Col = -nan
Bank_Level_Parallism_Ready = -nan
write_to_read_ratio_blp_rw_average = -nan
GrpLevelPara = -nan 

BW Util details:
bwutil = -nan 
total_CMD = 0 
util_bw = 0 
Wasted_Col = 0 
Wasted_Row = 0 
Idle = 0 

BW Util Bottlenecks: 
RCDc_limit = 0 
RCDWRc_limit = 0 
WTRc_limit = 0 
RTWc_limit = 0 
CCDLc_limit = 0 
rwq = 0 
CCDLc_limit_alone = 0 
WTRc_limit_alone = 0 
RTWc_limit_alone = 0 

Commands details: 
total_CMD = 0 
n_nop = 0 
Read = 0 
Write = 0 
L2_Alloc = 0 
L2_WB = 0 
n_act = 0 
n_pre = 0 
n_ref = 0 
n_req = 0 
total_req = 0 

Dual Bus Interface Util: 
issued_total_row = 0 
issued_total_col = 0 
Row_Bus_Util =  -nan 
CoL_Bus_Util = -nan 
Either_Row_CoL_Bus_Util = -nan 
Issued_on_Two_Bus_Simul_Util = -nan 
issued_two_Eff = -nan 
queue_avg = -nan 


dram_util_bins: 0 0 0 0 0 0 0 0 0 0
dram_eff_bins: 0 0 0 0 0 0 0 0 0 0
mrqq: max=0 avg=-nan
Memory Partition 24: 
Cache L2_bank_048:
MSHR contents

Cache L2_bank_049:
MSHR contents

In Dram Latency Queue (total = 0): 
DRAM[24]: 16 bks, busW=8 BL=4 CL=19, tRRD=6 tCCD=1, tRCD=19 tRAS=45 tRP=19 tRC=50
n_cmd=0 n_nop=0 n_act=0 n_pre=0 n_ref_event=0 n_req=0 n_rd=0 n_rd_L2_A=0 n_write=0 n_wr_bk=0 bw_util=-nan
n_activity=0 dram_eff=-nan
bk0: 0a 0i bk1: 0a 0i bk2: 0a 0i bk3: 0a 0i bk4: 0a 0i bk5: 0a 0i bk6: 0a 0i bk7: 0a 0i bk8: 0a 0i bk9: 0a 0i bk10: 0a 0i bk11: 0a 0i bk12: 0a 0i bk13: 0a 0i bk14: 0a 0i bk15: 0a 0i 

------------------------------------------------------------------------

Row_Buffer_Locality = -nan
Row_Buffer_Locality_read = -nan
Row_Buffer_Locality_write = -nan
Bank_Level_Parallism = -nan
Bank_Level_Parallism_Col = -nan
Bank_Level_Parallism_Ready = -nan
write_to_read_ratio_blp_rw_average = -nan
GrpLevelPara = -nan 

BW Util details:
bwutil = -nan 
total_CMD = 0 
util_bw = 0 
Wasted_Col = 0 
Wasted_Row = 0 
Idle = 0 

BW Util Bottlenecks: 
RCDc_limit = 0 
RCDWRc_limit = 0 
WTRc_limit = 0 
RTWc_limit = 0 
CCDLc_limit = 0 
rwq = 0 
CCDLc_limit_alone = 0 
WTRc_limit_alone = 0 
RTWc_limit_alone = 0 

Commands details: 
total_CMD = 0 
n_nop = 0 
Read = 0 
Write = 0 
L2_Alloc = 0 
L2_WB = 0 
n_act = 0 
n_pre = 0 
n_ref = 0 
n_req = 0 
total_req = 0 

Dual Bus Interface Util: 
issued_total_row = 0 
issued_total_col = 0 
Row_Bus_Util =  -nan 
CoL_Bus_Util = -nan 
Either_Row_CoL_Bus_Util = -nan 
Issued_on_Two_Bus_Simul_Util = -nan 
issued_two_Eff = -nan 
queue_avg = -nan 


dram_util_bins: 0 0 0 0 0 0 0 0 0 0
dram_eff_bins: 0 0 0 0 0 0 0 0 0 0
mrqq: max=0 avg=-nan
Memory Partition 25: 
Cache L2_bank_050:
MSHR contents

Cache L2_bank_051:
MSHR contents

In Dram Latency Queue (total = 0): 
DRAM[25]: 16 bks, busW=8 BL=4 CL=19, tRRD=6 tCCD=1, tRCD=19 tRAS=45 tRP=19 tRC=50
n_cmd=0 n_nop=0 n_act=0 n_pre=0 n_ref_event=0 n_req=0 n_rd=0 n_rd_L2_A=0 n_write=0 n_wr_bk=0 bw_util=-nan
n_activity=0 dram_eff=-nan
bk0: 0a 0i bk1: 0a 0i bk2: 0a 0i bk3: 0a 0i bk4: 0a 0i bk5: 0a 0i bk6: 0a 0i bk7: 0a 0i bk8: 0a 0i bk9: 0a 0i bk10: 0a 0i bk11: 0a 0i bk12: 0a 0i bk13: 0a 0i bk14: 0a 0i bk15: 0a 0i 

------------------------------------------------------------------------

Row_Buffer_Locality = -nan
Row_Buffer_Locality_read = -nan
Row_Buffer_Locality_write = -nan
Bank_Level_Parallism = -nan
Bank_Level_Parallism_Col = -nan
Bank_Level_Parallism_Ready = -nan
write_to_read_ratio_blp_rw_average = -nan
GrpLevelPara = -nan 

BW Util details:
bwutil = -nan 
total_CMD = 0 
util_bw = 0 
Wasted_Col = 0 
Wasted_Row = 0 
Idle = 0 

BW Util Bottlenecks: 
RCDc_limit = 0 
RCDWRc_limit = 0 
WTRc_limit = 0 
RTWc_limit = 0 
CCDLc_limit = 0 
rwq = 0 
CCDLc_limit_alone = 0 
WTRc_limit_alone = 0 
RTWc_limit_alone = 0 

Commands details: 
total_CMD = 0 
n_nop = 0 
Read = 0 
Write = 0 
L2_Alloc = 0 
L2_WB = 0 
n_act = 0 
n_pre = 0 
n_ref = 0 
n_req = 0 
total_req = 0 

Dual Bus Interface Util: 
issued_total_row = 0 
issued_total_col = 0 
Row_Bus_Util =  -nan 
CoL_Bus_Util = -nan 
Either_Row_CoL_Bus_Util = -nan 
Issued_on_Two_Bus_Simul_Util = -nan 
issued_two_Eff = -nan 
queue_avg = -nan 


dram_util_bins: 0 0 0 0 0 0 0 0 0 0
dram_eff_bins: 0 0 0 0 0 0 0 0 0 0
mrqq: max=0 avg=-nan
Memory Partition 26: 
Cache L2_bank_052:
MSHR contents

Cache L2_bank_053:
MSHR contents

In Dram Latency Queue (total = 0): 
DRAM[26]: 16 bks, busW=8 BL=4 CL=19, tRRD=6 tCCD=1, tRCD=19 tRAS=45 tRP=19 tRC=50
n_cmd=0 n_nop=0 n_act=0 n_pre=0 n_ref_event=0 n_req=0 n_rd=0 n_rd_L2_A=0 n_write=0 n_wr_bk=0 bw_util=-nan
n_activity=0 dram_eff=-nan
bk0: 0a 0i bk1: 0a 0i bk2: 0a 0i bk3: 0a 0i bk4: 0a 0i bk5: 0a 0i bk6: 0a 0i bk7: 0a 0i bk8: 0a 0i bk9: 0a 0i bk10: 0a 0i bk11: 0a 0i bk12: 0a 0i bk13: 0a 0i bk14: 0a 0i bk15: 0a 0i 

------------------------------------------------------------------------

Row_Buffer_Locality = -nan
Row_Buffer_Locality_read = -nan
Row_Buffer_Locality_write = -nan
Bank_Level_Parallism = -nan
Bank_Level_Parallism_Col = -nan
Bank_Level_Parallism_Ready = -nan
write_to_read_ratio_blp_rw_average = -nan
GrpLevelPara = -nan 

BW Util details:
bwutil = -nan 
total_CMD = 0 
util_bw = 0 
Wasted_Col = 0 
Wasted_Row = 0 
Idle = 0 

BW Util Bottlenecks: 
RCDc_limit = 0 
RCDWRc_limit = 0 
WTRc_limit = 0 
RTWc_limit = 0 
CCDLc_limit = 0 
rwq = 0 
CCDLc_limit_alone = 0 
WTRc_limit_alone = 0 
RTWc_limit_alone = 0 

Commands details: 
total_CMD = 0 
n_nop = 0 
Read = 0 
Write = 0 
L2_Alloc = 0 
L2_WB = 0 
n_act = 0 
n_pre = 0 
n_ref = 0 
n_req = 0 
total_req = 0 

Dual Bus Interface Util: 
issued_total_row = 0 
issued_total_col = 0 
Row_Bus_Util =  -nan 
CoL_Bus_Util = -nan 
Either_Row_CoL_Bus_Util = -nan 
Issued_on_Two_Bus_Simul_Util = -nan 
issued_two_Eff = -nan 
queue_avg = -nan 


dram_util_bins: 0 0 0 0 0 0 0 0 0 0
dram_eff_bins: 0 0 0 0 0 0 0 0 0 0
mrqq: max=0 avg=-nan
Memory Partition 27: 
Cache L2_bank_054:
MSHR contents

Cache L2_bank_055:
MSHR contents

In Dram Latency Queue (total = 0): 
DRAM[27]: 16 bks, busW=8 BL=4 CL=19, tRRD=6 tCCD=1, tRCD=19 tRAS=45 tRP=19 tRC=50
n_cmd=0 n_nop=0 n_act=0 n_pre=0 n_ref_event=0 n_req=0 n_rd=0 n_rd_L2_A=0 n_write=0 n_wr_bk=0 bw_util=-nan
n_activity=0 dram_eff=-nan
bk0: 0a 0i bk1: 0a 0i bk2: 0a 0i bk3: 0a 0i bk4: 0a 0i bk5: 0a 0i bk6: 0a 0i bk7: 0a 0i bk8: 0a 0i bk9: 0a 0i bk10: 0a 0i bk11: 0a 0i bk12: 0a 0i bk13: 0a 0i bk14: 0a 0i bk15: 0a 0i 

------------------------------------------------------------------------

Row_Buffer_Locality = -nan
Row_Buffer_Locality_read = -nan
Row_Buffer_Locality_write = -nan
Bank_Level_Parallism = -nan
Bank_Level_Parallism_Col = -nan
Bank_Level_Parallism_Ready = -nan
write_to_read_ratio_blp_rw_average = -nan
GrpLevelPara = -nan 

BW Util details:
bwutil = -nan 
total_CMD = 0 
util_bw = 0 
Wasted_Col = 0 
Wasted_Row = 0 
Idle = 0 

BW Util Bottlenecks: 
RCDc_limit = 0 
RCDWRc_limit = 0 
WTRc_limit = 0 
RTWc_limit = 0 
CCDLc_limit = 0 
rwq = 0 
CCDLc_limit_alone = 0 
WTRc_limit_alone = 0 
RTWc_limit_alone = 0 

Commands details: 
total_CMD = 0 
n_nop = 0 
Read = 0 
Write = 0 
L2_Alloc = 0 
L2_WB = 0 
n_act = 0 
n_pre = 0 
n_ref = 0 
n_req = 0 
total_req = 0 

Dual Bus Interface Util: 
issued_total_row = 0 
issued_total_col = 0 
Row_Bus_Util =  -nan 
CoL_Bus_Util = -nan 
Either_Row_CoL_Bus_Util = -nan 
Issued_on_Two_Bus_Simul_Util = -nan 
issued_two_Eff = -nan 
queue_avg = -nan 


dram_util_bins: 0 0 0 0 0 0 0 0 0 0
dram_eff_bins: 0 0 0 0 0 0 0 0 0 0
mrqq: max=0 avg=-nan
Memory Partition 28: 
Cache L2_bank_056:
MSHR contents

Cache L2_bank_057:
MSHR contents

In Dram Latency Queue (total = 0): 
DRAM[28]: 16 bks, busW=8 BL=4 CL=19, tRRD=6 tCCD=1, tRCD=19 tRAS=45 tRP=19 tRC=50
n_cmd=0 n_nop=0 n_act=0 n_pre=0 n_ref_event=0 n_req=0 n_rd=0 n_rd_L2_A=0 n_write=0 n_wr_bk=0 bw_util=-nan
n_activity=0 dram_eff=-nan
bk0: 0a 0i bk1: 0a 0i bk2: 0a 0i bk3: 0a 0i bk4: 0a 0i bk5: 0a 0i bk6: 0a 0i bk7: 0a 0i bk8: 0a 0i bk9: 0a 0i bk10: 0a 0i bk11: 0a 0i bk12: 0a 0i bk13: 0a 0i bk14: 0a 0i bk15: 0a 0i 

------------------------------------------------------------------------

Row_Buffer_Locality = -nan
Row_Buffer_Locality_read = -nan
Row_Buffer_Locality_write = -nan
Bank_Level_Parallism = -nan
Bank_Level_Parallism_Col = -nan
Bank_Level_Parallism_Ready = -nan
write_to_read_ratio_blp_rw_average = -nan
GrpLevelPara = -nan 

BW Util details:
bwutil = -nan 
total_CMD = 0 
util_bw = 0 
Wasted_Col = 0 
Wasted_Row = 0 
Idle = 0 

BW Util Bottlenecks: 
RCDc_limit = 0 
RCDWRc_limit = 0 
WTRc_limit = 0 
RTWc_limit = 0 
CCDLc_limit = 0 
rwq = 0 
CCDLc_limit_alone = 0 
WTRc_limit_alone = 0 
RTWc_limit_alone = 0 

Commands details: 
total_CMD = 0 
n_nop = 0 
Read = 0 
Write = 0 
L2_Alloc = 0 
L2_WB = 0 
n_act = 0 
n_pre = 0 
n_ref = 0 
n_req = 0 
total_req = 0 

Dual Bus Interface Util: 
issued_total_row = 0 
issued_total_col = 0 
Row_Bus_Util =  -nan 
CoL_Bus_Util = -nan 
Either_Row_CoL_Bus_Util = -nan 
Issued_on_Two_Bus_Simul_Util = -nan 
issued_two_Eff = -nan 
queue_avg = -nan 


dram_util_bins: 0 0 0 0 0 0 0 0 0 0
dram_eff_bins: 0 0 0 0 0 0 0 0 0 0
mrqq: max=0 avg=-nan
Memory Partition 29: 
Cache L2_bank_058:
MSHR contents

Cache L2_bank_059:
MSHR contents

In Dram Latency Queue (total = 0): 
DRAM[29]: 16 bks, busW=8 BL=4 CL=19, tRRD=6 tCCD=1, tRCD=19 tRAS=45 tRP=19 tRC=50
n_cmd=0 n_nop=0 n_act=0 n_pre=0 n_ref_event=0 n_req=0 n_rd=0 n_rd_L2_A=0 n_write=0 n_wr_bk=0 bw_util=-nan
n_activity=0 dram_eff=-nan
bk0: 0a 0i bk1: 0a 0i bk2: 0a 0i bk3: 0a 0i bk4: 0a 0i bk5: 0a 0i bk6: 0a 0i bk7: 0a 0i bk8: 0a 0i bk9: 0a 0i bk10: 0a 0i bk11: 0a 0i bk12: 0a 0i bk13: 0a 0i bk14: 0a 0i bk15: 0a 0i 

------------------------------------------------------------------------

Row_Buffer_Locality = -nan
Row_Buffer_Locality_read = -nan
Row_Buffer_Locality_write = -nan
Bank_Level_Parallism = -nan
Bank_Level_Parallism_Col = -nan
Bank_Level_Parallism_Ready = -nan
write_to_read_ratio_blp_rw_average = -nan
GrpLevelPara = -nan 

BW Util details:
bwutil = -nan 
total_CMD = 0 
util_bw = 0 
Wasted_Col = 0 
Wasted_Row = 0 
Idle = 0 

BW Util Bottlenecks: 
RCDc_limit = 0 
RCDWRc_limit = 0 
WTRc_limit = 0 
RTWc_limit = 0 
CCDLc_limit = 0 
rwq = 0 
CCDLc_limit_alone = 0 
WTRc_limit_alone = 0 
RTWc_limit_alone = 0 

Commands details: 
total_CMD = 0 
n_nop = 0 
Read = 0 
Write = 0 
L2_Alloc = 0 
L2_WB = 0 
n_act = 0 
n_pre = 0 
n_ref = 0 
n_req = 0 
total_req = 0 

Dual Bus Interface Util: 
issued_total_row = 0 
issued_total_col = 0 
Row_Bus_Util =  -nan 
CoL_Bus_Util = -nan 
Either_Row_CoL_Bus_Util = -nan 
Issued_on_Two_Bus_Simul_Util = -nan 
issued_two_Eff = -nan 
queue_avg = -nan 


dram_util_bins: 0 0 0 0 0 0 0 0 0 0
dram_eff_bins: 0 0 0 0 0 0 0 0 0 0
mrqq: max=0 avg=-nan
Memory Partition 30: 
Cache L2_bank_060:
MSHR contents

Cache L2_bank_061:
MSHR contents

In Dram Latency Queue (total = 0): 
DRAM[30]: 16 bks, busW=8 BL=4 CL=19, tRRD=6 tCCD=1, tRCD=19 tRAS=45 tRP=19 tRC=50
n_cmd=0 n_nop=0 n_act=0 n_pre=0 n_ref_event=0 n_req=0 n_rd=0 n_rd_L2_A=0 n_write=0 n_wr_bk=0 bw_util=-nan
n_activity=0 dram_eff=-nan
bk0: 0a 0i bk1: 0a 0i bk2: 0a 0i bk3: 0a 0i bk4: 0a 0i bk5: 0a 0i bk6: 0a 0i bk7: 0a 0i bk8: 0a 0i bk9: 0a 0i bk10: 0a 0i bk11: 0a 0i bk12: 0a 0i bk13: 0a 0i bk14: 0a 0i bk15: 0a 0i 

------------------------------------------------------------------------

Row_Buffer_Locality = -nan
Row_Buffer_Locality_read = -nan
Row_Buffer_Locality_write = -nan
Bank_Level_Parallism = -nan
Bank_Level_Parallism_Col = -nan
Bank_Level_Parallism_Ready = -nan
write_to_read_ratio_blp_rw_average = -nan
GrpLevelPara = -nan 

BW Util details:
bwutil = -nan 
total_CMD = 0 
util_bw = 0 
Wasted_Col = 0 
Wasted_Row = 0 
Idle = 0 

BW Util Bottlenecks: 
RCDc_limit = 0 
RCDWRc_limit = 0 
WTRc_limit = 0 
RTWc_limit = 0 
CCDLc_limit = 0 
rwq = 0 
CCDLc_limit_alone = 0 
WTRc_limit_alone = 0 
RTWc_limit_alone = 0 

Commands details: 
total_CMD = 0 
n_nop = 0 
Read = 0 
Write = 0 
L2_Alloc = 0 
L2_WB = 0 
n_act = 0 
n_pre = 0 
n_ref = 0 
n_req = 0 
total_req = 0 

Dual Bus Interface Util: 
issued_total_row = 0 
issued_total_col = 0 
Row_Bus_Util =  -nan 
CoL_Bus_Util = -nan 
Either_Row_CoL_Bus_Util = -nan 
Issued_on_Two_Bus_Simul_Util = -nan 
issued_two_Eff = -nan 
queue_avg = -nan 


dram_util_bins: 0 0 0 0 0 0 0 0 0 0
dram_eff_bins: 0 0 0 0 0 0 0 0 0 0
mrqq: max=0 avg=-nan
Memory Partition 31: 
Cache L2_bank_062:
MSHR contents

Cache L2_bank_063:
MSHR contents

In Dram Latency Queue (total = 0): 
DRAM[31]: 16 bks, busW=8 BL=4 CL=19, tRRD=6 tCCD=1, tRCD=19 tRAS=45 tRP=19 tRC=50
n_cmd=0 n_nop=0 n_act=0 n_pre=0 n_ref_event=0 n_req=0 n_rd=0 n_rd_L2_A=0 n_write=0 n_wr_bk=0 bw_util=-nan
n_activity=0 dram_eff=-nan
bk0: 0a 0i bk1: 0a 0i bk2: 0a 0i bk3: 0a 0i bk4: 0a 0i bk5: 0a 0i bk6: 0a 0i bk7: 0a 0i bk8: 0a 0i bk9: 0a 0i bk10: 0a 0i bk11: 0a 0i bk12: 0a 0i bk13: 0a 0i bk14: 0a 0i bk15: 0a 0i 

------------------------------------------------------------------------

Row_Buffer_Locality = -nan
Row_Buffer_Locality_read = -nan
Row_Buffer_Locality_write = -nan
Bank_Level_Parallism = -nan
Bank_Level_Parallism_Col = -nan
Bank_Level_Parallism_Ready = -nan
write_to_read_ratio_blp_rw_average = -nan
GrpLevelPara = -nan 

BW Util details:
bwutil = -nan 
total_CMD = 0 
util_bw = 0 
Wasted_Col = 0 
Wasted_Row = 0 
Idle = 0 

BW Util Bottlenecks: 
RCDc_limit = 0 
RCDWRc_limit = 0 
WTRc_limit = 0 
RTWc_limit = 0 
CCDLc_limit = 0 
rwq = 0 
CCDLc_limit_alone = 0 
WTRc_limit_alone = 0 
RTWc_limit_alone = 0 

Commands details: 
total_CMD = 0 
n_nop = 0 
Read = 0 
Write = 0 
L2_Alloc = 0 
L2_WB = 0 
n_act = 0 
n_pre = 0 
n_ref = 0 
n_req = 0 
total_req = 0 

Dual Bus Interface Util: 
issued_total_row = 0 
issued_total_col = 0 
Row_Bus_Util =  -nan 
CoL_Bus_Util = -nan 
Either_Row_CoL_Bus_Util = -nan 
Issued_on_Two_Bus_Simul_Util = -nan 
issued_two_Eff = -nan 
queue_avg = -nan 


dram_util_bins: 0 0 0 0 0 0 0 0 0 0
dram_eff_bins: 0 0 0 0 0 0 0 0 0 0
mrqq: max=0 avg=-nan
Memory Partition 32: 
Cache L2_bank_064:
MSHR contents

Cache L2_bank_065:
MSHR contents

In Dram Latency Queue (total = 0): 
DRAM[32]: 16 bks, busW=8 BL=4 CL=19, tRRD=6 tCCD=1, tRCD=19 tRAS=45 tRP=19 tRC=50
n_cmd=0 n_nop=0 n_act=0 n_pre=0 n_ref_event=0 n_req=0 n_rd=0 n_rd_L2_A=0 n_write=0 n_wr_bk=0 bw_util=-nan
n_activity=0 dram_eff=-nan
bk0: 0a 0i bk1: 0a 0i bk2: 0a 0i bk3: 0a 0i bk4: 0a 0i bk5: 0a 0i bk6: 0a 0i bk7: 0a 0i bk8: 0a 0i bk9: 0a 0i bk10: 0a 0i bk11: 0a 0i bk12: 0a 0i bk13: 0a 0i bk14: 0a 0i bk15: 0a 0i 

------------------------------------------------------------------------

Row_Buffer_Locality = -nan
Row_Buffer_Locality_read = -nan
Row_Buffer_Locality_write = -nan
Bank_Level_Parallism = -nan
Bank_Level_Parallism_Col = -nan
Bank_Level_Parallism_Ready = -nan
write_to_read_ratio_blp_rw_average = -nan
GrpLevelPara = -nan 

BW Util details:
bwutil = -nan 
total_CMD = 0 
util_bw = 0 
Wasted_Col = 0 
Wasted_Row = 0 
Idle = 0 

BW Util Bottlenecks: 
RCDc_limit = 0 
RCDWRc_limit = 0 
WTRc_limit = 0 
RTWc_limit = 0 
CCDLc_limit = 0 
rwq = 0 
CCDLc_limit_alone = 0 
WTRc_limit_alone = 0 
RTWc_limit_alone = 0 

Commands details: 
total_CMD = 0 
n_nop = 0 
Read = 0 
Write = 0 
L2_Alloc = 0 
L2_WB = 0 
n_act = 0 
n_pre = 0 
n_ref = 0 
n_req = 0 
total_req = 0 

Dual Bus Interface Util: 
issued_total_row = 0 
issued_total_col = 0 
Row_Bus_Util =  -nan 
CoL_Bus_Util = -nan 
Either_Row_CoL_Bus_Util = -nan 
Issued_on_Two_Bus_Simul_Util = -nan 
issued_two_Eff = -nan 
queue_avg = -nan 


dram_util_bins: 0 0 0 0 0 0 0 0 0 0
dram_eff_bins: 0 0 0 0 0 0 0 0 0 0
mrqq: max=0 avg=-nan
Memory Partition 33: 
Cache L2_bank_066:
MSHR contents

Cache L2_bank_067:
MSHR contents

In Dram Latency Queue (total = 0): 
DRAM[33]: 16 bks, busW=8 BL=4 CL=19, tRRD=6 tCCD=1, tRCD=19 tRAS=45 tRP=19 tRC=50
n_cmd=0 n_nop=0 n_act=0 n_pre=0 n_ref_event=0 n_req=0 n_rd=0 n_rd_L2_A=0 n_write=0 n_wr_bk=0 bw_util=-nan
n_activity=0 dram_eff=-nan
bk0: 0a 0i bk1: 0a 0i bk2: 0a 0i bk3: 0a 0i bk4: 0a 0i bk5: 0a 0i bk6: 0a 0i bk7: 0a 0i bk8: 0a 0i bk9: 0a 0i bk10: 0a 0i bk11: 0a 0i bk12: 0a 0i bk13: 0a 0i bk14: 0a 0i bk15: 0a 0i 

------------------------------------------------------------------------

Row_Buffer_Locality = -nan
Row_Buffer_Locality_read = -nan
Row_Buffer_Locality_write = -nan
Bank_Level_Parallism = -nan
Bank_Level_Parallism_Col = -nan
Bank_Level_Parallism_Ready = -nan
write_to_read_ratio_blp_rw_average = -nan
GrpLevelPara = -nan 

BW Util details:
bwutil = -nan 
total_CMD = 0 
util_bw = 0 
Wasted_Col = 0 
Wasted_Row = 0 
Idle = 0 

BW Util Bottlenecks: 
RCDc_limit = 0 
RCDWRc_limit = 0 
WTRc_limit = 0 
RTWc_limit = 0 
CCDLc_limit = 0 
rwq = 0 
CCDLc_limit_alone = 0 
WTRc_limit_alone = 0 
RTWc_limit_alone = 0 

Commands details: 
total_CMD = 0 
n_nop = 0 
Read = 0 
Write = 0 
L2_Alloc = 0 
L2_WB = 0 
n_act = 0 
n_pre = 0 
n_ref = 0 
n_req = 0 
total_req = 0 

Dual Bus Interface Util: 
issued_total_row = 0 
issued_total_col = 0 
Row_Bus_Util =  -nan 
CoL_Bus_Util = -nan 
Either_Row_CoL_Bus_Util = -nan 
Issued_on_Two_Bus_Simul_Util = -nan 
issued_two_Eff = -nan 
queue_avg = -nan 


dram_util_bins: 0 0 0 0 0 0 0 0 0 0
dram_eff_bins: 0 0 0 0 0 0 0 0 0 0
mrqq: max=0 avg=-nan
Memory Partition 34: 
Cache L2_bank_068:
MSHR contents

Cache L2_bank_069:
MSHR contents

In Dram Latency Queue (total = 0): 
DRAM[34]: 16 bks, busW=8 BL=4 CL=19, tRRD=6 tCCD=1, tRCD=19 tRAS=45 tRP=19 tRC=50
n_cmd=0 n_nop=0 n_act=0 n_pre=0 n_ref_event=0 n_req=0 n_rd=0 n_rd_L2_A=0 n_write=0 n_wr_bk=0 bw_util=-nan
n_activity=0 dram_eff=-nan
bk0: 0a 0i bk1: 0a 0i bk2: 0a 0i bk3: 0a 0i bk4: 0a 0i bk5: 0a 0i bk6: 0a 0i bk7: 0a 0i bk8: 0a 0i bk9: 0a 0i bk10: 0a 0i bk11: 0a 0i bk12: 0a 0i bk13: 0a 0i bk14: 0a 0i bk15: 0a 0i 

------------------------------------------------------------------------

Row_Buffer_Locality = -nan
Row_Buffer_Locality_read = -nan
Row_Buffer_Locality_write = -nan
Bank_Level_Parallism = -nan
Bank_Level_Parallism_Col = -nan
Bank_Level_Parallism_Ready = -nan
write_to_read_ratio_blp_rw_average = -nan
GrpLevelPara = -nan 

BW Util details:
bwutil = -nan 
total_CMD = 0 
util_bw = 0 
Wasted_Col = 0 
Wasted_Row = 0 
Idle = 0 

BW Util Bottlenecks: 
RCDc_limit = 0 
RCDWRc_limit = 0 
WTRc_limit = 0 
RTWc_limit = 0 
CCDLc_limit = 0 
rwq = 0 
CCDLc_limit_alone = 0 
WTRc_limit_alone = 0 
RTWc_limit_alone = 0 

Commands details: 
total_CMD = 0 
n_nop = 0 
Read = 0 
Write = 0 
L2_Alloc = 0 
L2_WB = 0 
n_act = 0 
n_pre = 0 
n_ref = 0 
n_req = 0 
total_req = 0 

Dual Bus Interface Util: 
issued_total_row = 0 
issued_total_col = 0 
Row_Bus_Util =  -nan 
CoL_Bus_Util = -nan 
Either_Row_CoL_Bus_Util = -nan 
Issued_on_Two_Bus_Simul_Util = -nan 
issued_two_Eff = -nan 
queue_avg = -nan 


dram_util_bins: 0 0 0 0 0 0 0 0 0 0
dram_eff_bins: 0 0 0 0 0 0 0 0 0 0
mrqq: max=0 avg=-nan
Memory Partition 35: 
Cache L2_bank_070:
MSHR contents

Cache L2_bank_071:
MSHR contents

In Dram Latency Queue (total = 0): 
DRAM[35]: 16 bks, busW=8 BL=4 CL=19, tRRD=6 tCCD=1, tRCD=19 tRAS=45 tRP=19 tRC=50
n_cmd=0 n_nop=0 n_act=0 n_pre=0 n_ref_event=0 n_req=0 n_rd=0 n_rd_L2_A=0 n_write=0 n_wr_bk=0 bw_util=-nan
n_activity=0 dram_eff=-nan
bk0: 0a 0i bk1: 0a 0i bk2: 0a 0i bk3: 0a 0i bk4: 0a 0i bk5: 0a 0i bk6: 0a 0i bk7: 0a 0i bk8: 0a 0i bk9: 0a 0i bk10: 0a 0i bk11: 0a 0i bk12: 0a 0i bk13: 0a 0i bk14: 0a 0i bk15: 0a 0i 

------------------------------------------------------------------------

Row_Buffer_Locality = -nan
Row_Buffer_Locality_read = -nan
Row_Buffer_Locality_write = -nan
Bank_Level_Parallism = -nan
Bank_Level_Parallism_Col = -nan
Bank_Level_Parallism_Ready = -nan
write_to_read_ratio_blp_rw_average = -nan
GrpLevelPara = -nan 

BW Util details:
bwutil = -nan 
total_CMD = 0 
util_bw = 0 
Wasted_Col = 0 
Wasted_Row = 0 
Idle = 0 

BW Util Bottlenecks: 
RCDc_limit = 0 
RCDWRc_limit = 0 
WTRc_limit = 0 
RTWc_limit = 0 
CCDLc_limit = 0 
rwq = 0 
CCDLc_limit_alone = 0 
WTRc_limit_alone = 0 
RTWc_limit_alone = 0 

Commands details: 
total_CMD = 0 
n_nop = 0 
Read = 0 
Write = 0 
L2_Alloc = 0 
L2_WB = 0 
n_act = 0 
n_pre = 0 
n_ref = 0 
n_req = 0 
total_req = 0 

Dual Bus Interface Util: 
issued_total_row = 0 
issued_total_col = 0 
Row_Bus_Util =  -nan 
CoL_Bus_Util = -nan 
Either_Row_CoL_Bus_Util = -nan 
Issued_on_Two_Bus_Simul_Util = -nan 
issued_two_Eff = -nan 
queue_avg = -nan 


dram_util_bins: 0 0 0 0 0 0 0 0 0 0
dram_eff_bins: 0 0 0 0 0 0 0 0 0 0
mrqq: max=0 avg=-nan
Memory Partition 36: 
Cache L2_bank_072:
MSHR contents

Cache L2_bank_073:
MSHR contents

In Dram Latency Queue (total = 0): 
DRAM[36]: 16 bks, busW=8 BL=4 CL=19, tRRD=6 tCCD=1, tRCD=19 tRAS=45 tRP=19 tRC=50
n_cmd=0 n_nop=0 n_act=0 n_pre=0 n_ref_event=0 n_req=0 n_rd=0 n_rd_L2_A=0 n_write=0 n_wr_bk=0 bw_util=-nan
n_activity=0 dram_eff=-nan
bk0: 0a 0i bk1: 0a 0i bk2: 0a 0i bk3: 0a 0i bk4: 0a 0i bk5: 0a 0i bk6: 0a 0i bk7: 0a 0i bk8: 0a 0i bk9: 0a 0i bk10: 0a 0i bk11: 0a 0i bk12: 0a 0i bk13: 0a 0i bk14: 0a 0i bk15: 0a 0i 

------------------------------------------------------------------------

Row_Buffer_Locality = -nan
Row_Buffer_Locality_read = -nan
Row_Buffer_Locality_write = -nan
Bank_Level_Parallism = -nan
Bank_Level_Parallism_Col = -nan
Bank_Level_Parallism_Ready = -nan
write_to_read_ratio_blp_rw_average = -nan
GrpLevelPara = -nan 

BW Util details:
bwutil = -nan 
total_CMD = 0 
util_bw = 0 
Wasted_Col = 0 
Wasted_Row = 0 
Idle = 0 

BW Util Bottlenecks: 
RCDc_limit = 0 
RCDWRc_limit = 0 
WTRc_limit = 0 
RTWc_limit = 0 
CCDLc_limit = 0 
rwq = 0 
CCDLc_limit_alone = 0 
WTRc_limit_alone = 0 
RTWc_limit_alone = 0 

Commands details: 
total_CMD = 0 
n_nop = 0 
Read = 0 
Write = 0 
L2_Alloc = 0 
L2_WB = 0 
n_act = 0 
n_pre = 0 
n_ref = 0 
n_req = 0 
total_req = 0 

Dual Bus Interface Util: 
issued_total_row = 0 
issued_total_col = 0 
Row_Bus_Util =  -nan 
CoL_Bus_Util = -nan 
Either_Row_CoL_Bus_Util = -nan 
Issued_on_Two_Bus_Simul_Util = -nan 
issued_two_Eff = -nan 
queue_avg = -nan 


dram_util_bins: 0 0 0 0 0 0 0 0 0 0
dram_eff_bins: 0 0 0 0 0 0 0 0 0 0
mrqq: max=0 avg=-nan
Memory Partition 37: 
Cache L2_bank_074:
MSHR contents

Cache L2_bank_075:
MSHR contents

In Dram Latency Queue (total = 0): 
DRAM[37]: 16 bks, busW=8 BL=4 CL=19, tRRD=6 tCCD=1, tRCD=19 tRAS=45 tRP=19 tRC=50
n_cmd=0 n_nop=0 n_act=0 n_pre=0 n_ref_event=0 n_req=0 n_rd=0 n_rd_L2_A=0 n_write=0 n_wr_bk=0 bw_util=-nan
n_activity=0 dram_eff=-nan
bk0: 0a 0i bk1: 0a 0i bk2: 0a 0i bk3: 0a 0i bk4: 0a 0i bk5: 0a 0i bk6: 0a 0i bk7: 0a 0i bk8: 0a 0i bk9: 0a 0i bk10: 0a 0i bk11: 0a 0i bk12: 0a 0i bk13: 0a 0i bk14: 0a 0i bk15: 0a 0i 

------------------------------------------------------------------------

Row_Buffer_Locality = -nan
Row_Buffer_Locality_read = -nan
Row_Buffer_Locality_write = -nan
Bank_Level_Parallism = -nan
Bank_Level_Parallism_Col = -nan
Bank_Level_Parallism_Ready = -nan
write_to_read_ratio_blp_rw_average = -nan
GrpLevelPara = -nan 

BW Util details:
bwutil = -nan 
total_CMD = 0 
util_bw = 0 
Wasted_Col = 0 
Wasted_Row = 0 
Idle = 0 

BW Util Bottlenecks: 
RCDc_limit = 0 
RCDWRc_limit = 0 
WTRc_limit = 0 
RTWc_limit = 0 
CCDLc_limit = 0 
rwq = 0 
CCDLc_limit_alone = 0 
WTRc_limit_alone = 0 
RTWc_limit_alone = 0 

Commands details: 
total_CMD = 0 
n_nop = 0 
Read = 0 
Write = 0 
L2_Alloc = 0 
L2_WB = 0 
n_act = 0 
n_pre = 0 
n_ref = 0 
n_req = 0 
total_req = 0 

Dual Bus Interface Util: 
issued_total_row = 0 
issued_total_col = 0 
Row_Bus_Util =  -nan 
CoL_Bus_Util = -nan 
Either_Row_CoL_Bus_Util = -nan 
Issued_on_Two_Bus_Simul_Util = -nan 
issued_two_Eff = -nan 
queue_avg = -nan 


dram_util_bins: 0 0 0 0 0 0 0 0 0 0
dram_eff_bins: 0 0 0 0 0 0 0 0 0 0
mrqq: max=0 avg=-nan
Memory Partition 38: 
Cache L2_bank_076:
MSHR contents

Cache L2_bank_077:
MSHR contents

In Dram Latency Queue (total = 0): 
DRAM[38]: 16 bks, busW=8 BL=4 CL=19, tRRD=6 tCCD=1, tRCD=19 tRAS=45 tRP=19 tRC=50
n_cmd=0 n_nop=0 n_act=0 n_pre=0 n_ref_event=0 n_req=0 n_rd=0 n_rd_L2_A=0 n_write=0 n_wr_bk=0 bw_util=-nan
n_activity=0 dram_eff=-nan
bk0: 0a 0i bk1: 0a 0i bk2: 0a 0i bk3: 0a 0i bk4: 0a 0i bk5: 0a 0i bk6: 0a 0i bk7: 0a 0i bk8: 0a 0i bk9: 0a 0i bk10: 0a 0i bk11: 0a 0i bk12: 0a 0i bk13: 0a 0i bk14: 0a 0i bk15: 0a 0i 

------------------------------------------------------------------------

Row_Buffer_Locality = -nan
Row_Buffer_Locality_read = -nan
Row_Buffer_Locality_write = -nan
Bank_Level_Parallism = -nan
Bank_Level_Parallism_Col = -nan
Bank_Level_Parallism_Ready = -nan
write_to_read_ratio_blp_rw_average = -nan
GrpLevelPara = -nan 

BW Util details:
bwutil = -nan 
total_CMD = 0 
util_bw = 0 
Wasted_Col = 0 
Wasted_Row = 0 
Idle = 0 

BW Util Bottlenecks: 
RCDc_limit = 0 
RCDWRc_limit = 0 
WTRc_limit = 0 
RTWc_limit = 0 
CCDLc_limit = 0 
rwq = 0 
CCDLc_limit_alone = 0 
WTRc_limit_alone = 0 
RTWc_limit_alone = 0 

Commands details: 
total_CMD = 0 
n_nop = 0 
Read = 0 
Write = 0 
L2_Alloc = 0 
L2_WB = 0 
n_act = 0 
n_pre = 0 
n_ref = 0 
n_req = 0 
total_req = 0 

Dual Bus Interface Util: 
issued_total_row = 0 
issued_total_col = 0 
Row_Bus_Util =  -nan 
CoL_Bus_Util = -nan 
Either_Row_CoL_Bus_Util = -nan 
Issued_on_Two_Bus_Simul_Util = -nan 
issued_two_Eff = -nan 
queue_avg = -nan 


dram_util_bins: 0 0 0 0 0 0 0 0 0 0
dram_eff_bins: 0 0 0 0 0 0 0 0 0 0
mrqq: max=0 avg=-nan
Memory Partition 39: 
Cache L2_bank_078:
MSHR contents

Cache L2_bank_079:
MSHR contents

In Dram Latency Queue (total = 0): 
DRAM[39]: 16 bks, busW=8 BL=4 CL=19, tRRD=6 tCCD=1, tRCD=19 tRAS=45 tRP=19 tRC=50
n_cmd=0 n_nop=0 n_act=0 n_pre=0 n_ref_event=0 n_req=0 n_rd=0 n_rd_L2_A=0 n_write=0 n_wr_bk=0 bw_util=-nan
n_activity=0 dram_eff=-nan
bk0: 0a 0i bk1: 0a 0i bk2: 0a 0i bk3: 0a 0i bk4: 0a 0i bk5: 0a 0i bk6: 0a 0i bk7: 0a 0i bk8: 0a 0i bk9: 0a 0i bk10: 0a 0i bk11: 0a 0i bk12: 0a 0i bk13: 0a 0i bk14: 0a 0i bk15: 0a 0i 

------------------------------------------------------------------------

Row_Buffer_Locality = -nan
Row_Buffer_Locality_read = -nan
Row_Buffer_Locality_write = -nan
Bank_Level_Parallism = -nan
Bank_Level_Parallism_Col = -nan
Bank_Level_Parallism_Ready = -nan
write_to_read_ratio_blp_rw_average = -nan
GrpLevelPara = -nan 

BW Util details:
bwutil = -nan 
total_CMD = 0 
util_bw = 0 
Wasted_Col = 0 
Wasted_Row = 0 
Idle = 0 

BW Util Bottlenecks: 
RCDc_limit = 0 
RCDWRc_limit = 0 
WTRc_limit = 0 
RTWc_limit = 0 
CCDLc_limit = 0 
rwq = 0 
CCDLc_limit_alone = 0 
WTRc_limit_alone = 0 
RTWc_limit_alone = 0 

Commands details: 
total_CMD = 0 
n_nop = 0 
Read = 0 
Write = 0 
L2_Alloc = 0 
L2_WB = 0 
n_act = 0 
n_pre = 0 
n_ref = 0 
n_req = 0 
total_req = 0 

Dual Bus Interface Util: 
issued_total_row = 0 
issued_total_col = 0 
Row_Bus_Util =  -nan 
CoL_Bus_Util = -nan 
Either_Row_CoL_Bus_Util = -nan 
Issued_on_Two_Bus_Simul_Util = -nan 
issued_two_Eff = -nan 
queue_avg = -nan 


dram_util_bins: 0 0 0 0 0 0 0 0 0 0
dram_eff_bins: 0 0 0 0 0 0 0 0 0 0
mrqq: max=0 avg=-nan

========= L2 cache stats =========
L2_cache_bank[0]: Access = 28, Miss = 28, Miss_rate = 1.000, Pending_hits = 0, Reservation_fails = 0
L2_cache_bank[1]: Access = 32, Miss = 32, Miss_rate = 1.000, Pending_hits = 0, Reservation_fails = 0
L2_cache_bank[2]: Access = 28, Miss = 28, Miss_rate = 1.000, Pending_hits = 0, Reservation_fails = 0
L2_cache_bank[3]: Access = 28, Miss = 28, Miss_rate = 1.000, Pending_hits = 0, Reservation_fails = 0
L2_cache_bank[4]: Access = 32, Miss = 32, Miss_rate = 1.000, Pending_hits = 0, Reservation_fails = 0
L2_cache_bank[5]: Access = 28, Miss = 28, Miss_rate = 1.000, Pending_hits = 0, Reservation_fails = 0
L2_cache_bank[6]: Access = 33, Miss = 33, Miss_rate = 1.000, Pending_hits = 0, Reservation_fails = 0
L2_cache_bank[7]: Access = 32, Miss = 32, Miss_rate = 1.000, Pending_hits = 0, Reservation_fails = 0
L2_cache_bank[8]: Access = 32, Miss = 32, Miss_rate = 1.000, Pending_hits = 0, Reservation_fails = 0
L2_cache_bank[9]: Access = 32, Miss = 32, Miss_rate = 1.000, Pending_hits = 0, Reservation_fails = 0
L2_cache_bank[10]: Access = 32, Miss = 32, Miss_rate = 1.000, Pending_hits = 0, Reservation_fails = 0
L2_cache_bank[11]: Access = 32, Miss = 32, Miss_rate = 1.000, Pending_hits = 0, Reservation_fails = 0
L2_cache_bank[12]: Access = 32, Miss = 32, Miss_rate = 1.000, Pending_hits = 0, Reservation_fails = 0
L2_cache_bank[13]: Access = 32, Miss = 32, Miss_rate = 1.000, Pending_hits = 0, Reservation_fails = 0
L2_cache_bank[14]: Access = 28, Miss = 28, Miss_rate = 1.000, Pending_hits = 0, Reservation_fails = 0
L2_cache_bank[15]: Access = 32, Miss = 32, Miss_rate = 1.000, Pending_hits = 0, Reservation_fails = 0
L2_cache_bank[16]: Access = 28, Miss = 28, Miss_rate = 1.000, Pending_hits = 0, Reservation_fails = 0
L2_cache_bank[17]: Access = 28, Miss = 28, Miss_rate = 1.000, Pending_hits = 0, Reservation_fails = 0
L2_cache_bank[18]: Access = 32, Miss = 32, Miss_rate = 1.000, Pending_hits = 0, Reservation_fails = 0
L2_cache_bank[19]: Access = 28, Miss = 28, Miss_rate = 1.000, Pending_hits = 0, Reservation_fails = 0
L2_cache_bank[20]: Access = 20, Miss = 20, Miss_rate = 1.000, Pending_hits = 0, Reservation_fails = 0
L2_cache_bank[21]: Access = 20, Miss = 20, Miss_rate = 1.000, Pending_hits = 0, Reservation_fails = 0
L2_cache_bank[22]: Access = 24, Miss = 24, Miss_rate = 1.000, Pending_hits = 0, Reservation_fails = 0
L2_cache_bank[23]: Access = 20, Miss = 20, Miss_rate = 1.000, Pending_hits = 0, Reservation_fails = 0
L2_cache_bank[24]: Access = 20, Miss = 20, Miss_rate = 1.000, Pending_hits = 0, Reservation_fails = 0
L2_cache_bank[25]: Access = 24, Miss = 24, Miss_rate = 1.000, Pending_hits = 0, Reservation_fails = 0
L2_cache_bank[26]: Access = 20, Miss = 20, Miss_rate = 1.000, Pending_hits = 0, Reservation_fails = 0
L2_cache_bank[27]: Access = 20, Miss = 20, Miss_rate = 1.000, Pending_hits = 0, Reservation_fails = 0
L2_cache_bank[28]: Access = 20, Miss = 20, Miss_rate = 1.000, Pending_hits = 0, Reservation_fails = 0
L2_cache_bank[29]: Access = 20, Miss = 20, Miss_rate = 1.000, Pending_hits = 0, Reservation_fails = 0
L2_cache_bank[30]: Access = 28, Miss = 24, Miss_rate = 0.857, Pending_hits = 0, Reservation_fails = 0
L2_cache_bank[31]: Access = 28, Miss = 24, Miss_rate = 0.857, Pending_hits = 0, Reservation_fails = 0
L2_cache_bank[32]: Access = 28, Miss = 24, Miss_rate = 0.857, Pending_hits = 0, Reservation_fails = 0
L2_cache_bank[33]: Access = 28, Miss = 24, Miss_rate = 0.857, Pending_hits = 0, Reservation_fails = 0
L2_cache_bank[34]: Access = 24, Miss = 24, Miss_rate = 1.000, Pending_hits = 0, Reservation_fails = 0
L2_cache_bank[35]: Access = 20, Miss = 20, Miss_rate = 1.000, Pending_hits = 0, Reservation_fails = 0
L2_cache_bank[36]: Access = 24, Miss = 24, Miss_rate = 1.000, Pending_hits = 0, Reservation_fails = 0
L2_cache_bank[37]: Access = 24, Miss = 24, Miss_rate = 1.000, Pending_hits = 0, Reservation_fails = 0
L2_cache_bank[38]: Access = 20, Miss = 20, Miss_rate = 1.000, Pending_hits = 0, Reservation_fails = 0
L2_cache_bank[39]: Access = 24, Miss = 24, Miss_rate = 1.000, Pending_hits = 0, Reservation_fails = 0
L2_cache_bank[40]: Access = 8, Miss = 8, Miss_rate = 1.000, Pending_hits = 0, Reservation_fails = 0
L2_cache_bank[41]: Access = 8, Miss = 8, Miss_rate = 1.000, Pending_hits = 0, Reservation_fails = 0
L2_cache_bank[42]: Access = 8, Miss = 8, Miss_rate = 1.000, Pending_hits = 0, Reservation_fails = 0
L2_cache_bank[43]: Access = 8, Miss = 8, Miss_rate = 1.000, Pending_hits = 0, Reservation_fails = 0
L2_cache_bank[44]: Access = 8, Miss = 8, Miss_rate = 1.000, Pending_hits = 0, Reservation_fails = 0
L2_cache_bank[45]: Access = 8, Miss = 8, Miss_rate = 1.000, Pending_hits = 0, Reservation_fails = 0
L2_cache_bank[46]: Access = 8, Miss = 8, Miss_rate = 1.000, Pending_hits = 0, Reservation_fails = 0
L2_cache_bank[47]: Access = 8, Miss = 8, Miss_rate = 1.000, Pending_hits = 0, Reservation_fails = 0
L2_cache_bank[48]: Access = 8, Miss = 8, Miss_rate = 1.000, Pending_hits = 0, Reservation_fails = 0
L2_cache_bank[49]: Access = 8, Miss = 8, Miss_rate = 1.000, Pending_hits = 0, Reservation_fails = 0
L2_cache_bank[50]: Access = 8, Miss = 8, Miss_rate = 1.000, Pending_hits = 0, Reservation_fails = 0
L2_cache_bank[51]: Access = 8, Miss = 8, Miss_rate = 1.000, Pending_hits = 0, Reservation_fails = 0
L2_cache_bank[52]: Access = 8, Miss = 8, Miss_rate = 1.000, Pending_hits = 0, Reservation_fails = 0
L2_cache_bank[53]: Access = 8, Miss = 8, Miss_rate = 1.000, Pending_hits = 0, Reservation_fails = 0
L2_cache_bank[54]: Access = 8, Miss = 8, Miss_rate = 1.000, Pending_hits = 0, Reservation_fails = 0
L2_cache_bank[55]: Access = 8, Miss = 8, Miss_rate = 1.000, Pending_hits = 0, Reservation_fails = 0
L2_cache_bank[56]: Access = 8, Miss = 8, Miss_rate = 1.000, Pending_hits = 0, Reservation_fails = 0
L2_cache_bank[57]: Access = 8, Miss = 8, Miss_rate = 1.000, Pending_hits = 0, Reservation_fails = 0
L2_cache_bank[58]: Access = 8, Miss = 8, Miss_rate = 1.000, Pending_hits = 0, Reservation_fails = 0
L2_cache_bank[59]: Access = 8, Miss = 8, Miss_rate = 1.000, Pending_hits = 0, Reservation_fails = 0
L2_cache_bank[60]: Access = 4, Miss = 4, Miss_rate = 1.000, Pending_hits = 0, Reservation_fails = 0
L2_cache_bank[61]: Access = 4, Miss = 4, Miss_rate = 1.000, Pending_hits = 0, Reservation_fails = 0
L2_cache_bank[62]: Access = 8, Miss = 8, Miss_rate = 1.000, Pending_hits = 0, Reservation_fails = 0
L2_cache_bank[63]: Access = 4, Miss = 4, Miss_rate = 1.000, Pending_hits = 0, Reservation_fails = 0
L2_cache_bank[64]: Access = 4, Miss = 4, Miss_rate = 1.000, Pending_hits = 0, Reservation_fails = 0
L2_cache_bank[65]: Access = 8, Miss = 8, Miss_rate = 1.000, Pending_hits = 0, Reservation_fails = 0
L2_cache_bank[66]: Access = 4, Miss = 4, Miss_rate = 1.000, Pending_hits = 0, Reservation_fails = 0
L2_cache_bank[67]: Access = 4, Miss = 4, Miss_rate = 1.000, Pending_hits = 0, Reservation_fails = 0
L2_cache_bank[68]: Access = 4, Miss = 4, Miss_rate = 1.000, Pending_hits = 0, Reservation_fails = 0
L2_cache_bank[69]: Access = 4, Miss = 4, Miss_rate = 1.000, Pending_hits = 0, Reservation_fails = 0
L2_cache_bank[70]: Access = 8, Miss = 8, Miss_rate = 1.000, Pending_hits = 0, Reservation_fails = 0
L2_cache_bank[71]: Access = 8, Miss = 8, Miss_rate = 1.000, Pending_hits = 0, Reservation_fails = 0
L2_cache_bank[72]: Access = 4, Miss = 4, Miss_rate = 1.000, Pending_hits = 0, Reservation_fails = 0
L2_cache_bank[73]: Access = 4, Miss = 4, Miss_rate = 1.000, Pending_hits = 0, Reservation_fails = 0
L2_cache_bank[74]: Access = 4, Miss = 4, Miss_rate = 1.000, Pending_hits = 0, Reservation_fails = 0
L2_cache_bank[75]: Access = 4, Miss = 4, Miss_rate = 1.000, Pending_hits = 0, Reservation_fails = 0
L2_cache_bank[76]: Access = 4, Miss = 4, Miss_rate = 1.000, Pending_hits = 0, Reservation_fails = 0
L2_cache_bank[77]: Access = 4, Miss = 4, Miss_rate = 1.000, Pending_hits = 0, Reservation_fails = 0
L2_cache_bank[78]: Access = 4, Miss = 4, Miss_rate = 1.000, Pending_hits = 0, Reservation_fails = 0
L2_cache_bank[79]: Access = 4, Miss = 4, Miss_rate = 1.000, Pending_hits = 0, Reservation_fails = 0
L2_total_cache_accesses = 1321
L2_total_cache_misses = 1305
L2_total_cache_miss_rate = 0.9879
L2_total_cache_pending_hits = 0
L2_total_cache_reservation_fails = 0
L2_total_cache_breakdown:
	L2_cache_stats_breakdown[GLOBAL_ACC_R][HIT] = 0
	L2_cache_stats_breakdown[GLOBAL_ACC_R][HIT_RESERVED] = 0
	L2_cache_stats_breakdown[GLOBAL_ACC_R][MISS] = 133
	L2_cache_stats_breakdown[GLOBAL_ACC_R][RESERVATION_FAIL] = 0
	L2_cache_stats_breakdown[GLOBAL_ACC_R][SECTOR_MISS] = 396
	L2_cache_stats_breakdown[GLOBAL_ACC_R][MSHR_HIT] = 0
	L2_cache_stats_breakdown[GLOBAL_ACC_R][WRITE_ALLOCATED] = 0
	L2_cache_stats_breakdown[CHIPLET_ACC_R][HIT] = 0
	L2_cache_stats_breakdown[CHIPLET_ACC_R][HIT_RESERVED] = 0
	L2_cache_stats_breakdown[CHIPLET_ACC_R][MISS] = 64
	L2_cache_stats_breakdown[CHIPLET_ACC_R][RESERVATION_FAIL] = 0
	L2_cache_stats_breakdown[CHIPLET_ACC_R][SECTOR_MISS] = 192
	L2_cache_stats_breakdown[CHIPLET_ACC_R][MSHR_HIT] = 0
	L2_cache_stats_breakdown[CHIPLET_ACC_R][WRITE_ALLOCATED] = 0
	L2_cache_stats_breakdown[LOCAL_ACC_R][HIT] = 0
	L2_cache_stats_breakdown[LOCAL_ACC_R][HIT_RESERVED] = 0
	L2_cache_stats_breakdown[LOCAL_ACC_R][MISS] = 0
	L2_cache_stats_breakdown[LOCAL_ACC_R][RESERVATION_FAIL] = 0
	L2_cache_stats_breakdown[LOCAL_ACC_R][SECTOR_MISS] = 0
	L2_cache_stats_breakdown[LOCAL_ACC_R][MSHR_HIT] = 0
	L2_cache_stats_breakdown[LOCAL_ACC_R][WRITE_ALLOCATED] = 0
	L2_cache_stats_breakdown[CONST_ACC_R][HIT] = 0
	L2_cache_stats_breakdown[CONST_ACC_R][HIT_RESERVED] = 0
	L2_cache_stats_breakdown[CONST_ACC_R][MISS] = 0
	L2_cache_stats_breakdown[CONST_ACC_R][RESERVATION_FAIL] = 0
	L2_cache_stats_breakdown[CONST_ACC_R][SECTOR_MISS] = 0
	L2_cache_stats_breakdown[CONST_ACC_R][MSHR_HIT] = 0
	L2_cache_stats_breakdown[CONST_ACC_R][WRITE_ALLOCATED] = 0
	L2_cache_stats_breakdown[TEXTURE_ACC_R][HIT] = 0
	L2_cache_stats_breakdown[TEXTURE_ACC_R][HIT_RESERVED] = 0
	L2_cache_stats_breakdown[TEXTURE_ACC_R][MISS] = 0
	L2_cache_stats_breakdown[TEXTURE_ACC_R][RESERVATION_FAIL] = 0
	L2_cache_stats_breakdown[TEXTURE_ACC_R][SECTOR_MISS] = 0
	L2_cache_stats_breakdown[TEXTURE_ACC_R][MSHR_HIT] = 0
	L2_cache_stats_breakdown[TEXTURE_ACC_R][WRITE_ALLOCATED] = 0
	L2_cache_stats_breakdown[GLOBAL_ACC_W][HIT] = 16
	L2_cache_stats_breakdown[GLOBAL_ACC_W][HIT_RESERVED] = 0
	L2_cache_stats_breakdown[GLOBAL_ACC_W][MISS] = 130
	L2_cache_stats_breakdown[GLOBAL_ACC_W][RESERVATION_FAIL] = 0
	L2_cache_stats_breakdown[GLOBAL_ACC_W][SECTOR_MISS] = 390
	L2_cache_stats_breakdown[GLOBAL_ACC_W][MSHR_HIT] = 0
	L2_cache_stats_breakdown[GLOBAL_ACC_W][WRITE_ALLOCATED] = 520
	L2_cache_stats_breakdown[CHIPLET_ACC_W][HIT] = 0
	L2_cache_stats_breakdown[CHIPLET_ACC_W][HIT_RESERVED] = 0
	L2_cache_stats_breakdown[CHIPLET_ACC_W][MISS] = 0
	L2_cache_stats_breakdown[CHIPLET_ACC_W][RESERVATION_FAIL] = 0
	L2_cache_stats_breakdown[CHIPLET_ACC_W][SECTOR_MISS] = 0
	L2_cache_stats_breakdown[CHIPLET_ACC_W][MSHR_HIT] = 0
	L2_cache_stats_breakdown[CHIPLET_ACC_W][WRITE_ALLOCATED] = 0
	L2_cache_stats_breakdown[LOCAL_ACC_W][HIT] = 0
	L2_cache_stats_breakdown[LOCAL_ACC_W][HIT_RESERVED] = 0
	L2_cache_stats_breakdown[LOCAL_ACC_W][MISS] = 0
	L2_cache_stats_breakdown[LOCAL_ACC_W][RESERVATION_FAIL] = 0
	L2_cache_stats_breakdown[LOCAL_ACC_W][SECTOR_MISS] = 0
	L2_cache_stats_breakdown[LOCAL_ACC_W][MSHR_HIT] = 0
	L2_cache_stats_breakdown[LOCAL_ACC_W][WRITE_ALLOCATED] = 0
	L2_cache_stats_breakdown[L1_WRBK_ACC][HIT] = 0
	L2_cache_stats_breakdown[L1_WRBK_ACC][HIT_RESERVED] = 0
	L2_cache_stats_breakdown[L1_WRBK_ACC][MISS] = 0
	L2_cache_stats_breakdown[L1_WRBK_ACC][RESERVATION_FAIL] = 0
	L2_cache_stats_breakdown[L1_WRBK_ACC][SECTOR_MISS] = 0
	L2_cache_stats_breakdown[L1_WRBK_ACC][MSHR_HIT] = 0
	L2_cache_stats_breakdown[L1_WRBK_ACC][WRITE_ALLOCATED] = 0
	L2_cache_stats_breakdown[L2_WRBK_ACC][HIT] = 0
	L2_cache_stats_breakdown[L2_WRBK_ACC][HIT_RESERVED] = 0
	L2_cache_stats_breakdown[L2_WRBK_ACC][MISS] = 0
	L2_cache_stats_breakdown[L2_WRBK_ACC][RESERVATION_FAIL] = 0
	L2_cache_stats_breakdown[L2_WRBK_ACC][SECTOR_MISS] = 0
	L2_cache_stats_breakdown[L2_WRBK_ACC][MSHR_HIT] = 0
	L2_cache_stats_breakdown[L2_WRBK_ACC][WRITE_ALLOCATED] = 0
	L2_cache_stats_breakdown[INST_ACC_R][HIT] = 0
	L2_cache_stats_breakdown[INST_ACC_R][HIT_RESERVED] = 0
	L2_cache_stats_breakdown[INST_ACC_R][MISS] = 0
	L2_cache_stats_breakdown[INST_ACC_R][RESERVATION_FAIL] = 0
	L2_cache_stats_breakdown[INST_ACC_R][SECTOR_MISS] = 0
	L2_cache_stats_breakdown[INST_ACC_R][MSHR_HIT] = 0
	L2_cache_stats_breakdown[INST_ACC_R][WRITE_ALLOCATED] = 0
	L2_cache_stats_breakdown[L1_WR_ALLOC_R][HIT] = 0
	L2_cache_stats_breakdown[L1_WR_ALLOC_R][HIT_RESERVED] = 0
	L2_cache_stats_breakdown[L1_WR_ALLOC_R][MISS] = 0
	L2_cache_stats_breakdown[L1_WR_ALLOC_R][RESERVATION_FAIL] = 0
	L2_cache_stats_breakdown[L1_WR_ALLOC_R][SECTOR_MISS] = 0
	L2_cache_stats_breakdown[L1_WR_ALLOC_R][MSHR_HIT] = 0
	L2_cache_stats_breakdown[L1_WR_ALLOC_R][WRITE_ALLOCATED] = 0
	L2_cache_stats_breakdown[L2_WR_ALLOC_R][HIT] = 0
	L2_cache_stats_breakdown[L2_WR_ALLOC_R][HIT_RESERVED] = 0
	L2_cache_stats_breakdown[L2_WR_ALLOC_R][MISS] = 0
	L2_cache_stats_breakdown[L2_WR_ALLOC_R][RESERVATION_FAIL] = 0
	L2_cache_stats_breakdown[L2_WR_ALLOC_R][SECTOR_MISS] = 0
	L2_cache_stats_breakdown[L2_WR_ALLOC_R][MSHR_HIT] = 0
	L2_cache_stats_breakdown[L2_WR_ALLOC_R][WRITE_ALLOCATED] = 0
	L2_cache_stats_breakdown[GLOBAL_ACC_R][TOTAL_ACCESS] = 529
	L2_cache_stats_breakdown[CHIPLET_ACC_R][TOTAL_ACCESS] = 256
	L2_cache_stats_breakdown[GLOBAL_ACC_W][TOTAL_ACCESS] = 536
L2_total_cache_reservation_fail_breakdown:
L2_cache_data_port_util = 0.000
L2_cache_fill_port_util = 0.000

icnt_total_pkts_mem_to_simt=1600
icnt_total_pkts_simt_to_mem=1608
LD_mem_lat_dist  0 0 0 0 0 0 0 0 0 0 0 0 0 0 0 0 0 0 0 0 0 0 0 0 0 0 0
ST_mem_lat_dist  0 0 0 0 0 0 0 0 0 0 0 0 0 0 0 0 0 0 0 0 0 0 0 0 0 0 0
----------------------------Interconnect-DETAILS--------------------------------
Class 0:
Packet latency average = 93.03
	minimum = 4
	maximum = 259
Network latency average = 4.4073
	minimum = 4
	maximum = 9
Slowest packet = 0
Flit latency average = 4.4073
	minimum = 4
	maximum = 9
Slowest flit = 1978
Fragmentation average = 0
	minimum = 0
	maximum = 0
Injected packet rate average = 0.000506198
	minimum = 0 (at node 1)
	maximum = 0.0491012 (at node 0)
Accepted packet rate average = 0.000506198
	minimum = 0 (at node 1)
	maximum = 0.0491012 (at node 0)
Injected flit rate average = 0.000506198
	minimum = 0 (at node 1)
	maximum = 0.0491012 (at node 0)
Accepted flit rate average= 0.000506198
	minimum = 0 (at node 1)
	maximum = 0.0491012 (at node 0)
Injected packet length average = 1
Accepted packet length average = 1
Total in-flight flits = 0 (0 measured)
====== Overall Traffic Statistics ======
====== Traffic class 0 ======
Packet latency average = 93.03 (1 samples)
	minimum = 4 (1 samples)
	maximum = 259 (1 samples)
Network latency average = 4.4073 (1 samples)
	minimum = 4 (1 samples)
	maximum = 9 (1 samples)
Flit latency average = 4.4073 (1 samples)
	minimum = 4 (1 samples)
	maximum = 9 (1 samples)
Fragmentation average = 0 (1 samples)
	minimum = 0 (1 samples)
	maximum = 0 (1 samples)
Injected packet rate average = 0.000506198 (1 samples)
	minimum = 0 (1 samples)
	maximum = 0.0491012 (1 samples)
Accepted packet rate average = 0.000506198 (1 samples)
	minimum = 0 (1 samples)
	maximum = 0.0491012 (1 samples)
Injected flit rate average = 0.000506198 (1 samples)
	minimum = 0 (1 samples)
	maximum = 0.0491012 (1 samples)
Accepted flit rate average = 0.000506198 (1 samples)
	minimum = 0 (1 samples)
	maximum = 0.0491012 (1 samples)
Injected packet size average = 1 (1 samples)
Accepted packet size average = 1 (1 samples)
Hops average = 1 (1 samples)
----------------------------END-of-Interconnect-DETAILS-------------------------


gpgpu_simulation_time = 0 days, 0 hrs, 0 min, 1 sec (1 sec)
gpgpu_simulation_rate = 204350 (inst/sec)
gpgpu_simulation_rate = 10876 (cycle/sec)
gpgpu_silicon_slowdown = 161364x
Processing kernel /localhome/tsousape/cam_with_gpu/traces/sched_E_1_468_2/traces/kernel-2-ctx_0x56131343e480.tracez
-kernel name = _Z7sched_ePjPKjS_Pfiiii
-kernel id = 2
-grid dim = (1,1,1)
-block dim = (256,1,1)
-shmem = 132160
-nregs = 31
-binary version = 90
-cuda stream id = 0
-shmem base_addr = 0x00007f1600000000
-local mem base_addr = 0x00007f158d000000
-nvbit version = 1.8
-accelsim tracer version = 6
-enable lineinfo = 0
Header info loaded for kernel command : /localhome/tsousape/cam_with_gpu/traces/sched_E_1_468_2/traces/kernel-2-ctx_0x56131343e480.tracez
launching kernel name: _Z7sched_ePjPKjS_Pfiiii uid: 2 cuda_stream_id: 0
GPGPU-Sim uArch: Shader 1 bind to kernel 2 '_Z7sched_ePjPKjS_Pfiiii'
GPGPU-Sim: Reconfigure L1 cache to 28KB
thread block = 0,0,0
Destroy streams for kernel 2: size 0
kernel_name = _Z7sched_ePjPKjS_Pfiiii 
kernel_launch_uid = 2 
kernel_stream_id = 0
gpu_sim_cycle = 111167
gpu_sim_insn = 4666348
gpu_ipc =      41.9760
gpu_tot_sim_cycle = 122043
gpu_tot_sim_insn = 4870698
gpu_tot_ipc =      39.9097
gpu_tot_issued_cta = 2
gpu_occupancy = 12.0167% 
gpu_tot_occupancy = 11.7076% 
max_total_param_size = 0
gpu_stall_dramfull = 0
gpu_stall_icnt2sh    = 0
partiton_level_parallism =       0.2985
partiton_level_parallism_total  =       0.2807
partiton_level_parallism_util =       1.0000
partiton_level_parallism_util_total  =       1.0000
L2_BW  =      16.7641 GB/Sec
L2_BW_total  =      15.7616 GB/Sec
gpu_total_sim_rate=304418

========= Core cache stats =========
L1I_cache:
	L1I_total_cache_accesses = 0
	L1I_total_cache_misses = 0
	L1I_total_cache_pending_hits = 0
	L1I_total_cache_reservation_fails = 0
L1D_cache:
	L1D_cache_core[0]: Access = 32, Miss = 16, Miss_rate = 0.500, Pending_hits = 0, Reservation_fails = 0
	L1D_cache_core[1]: Access = 32, Miss = 16, Miss_rate = 0.500, Pending_hits = 0, Reservation_fails = 0
	L1D_cache_core[2]: Access = 0, Miss = 0, Miss_rate = -nan, Pending_hits = 0, Reservation_fails = 0
	L1D_cache_core[3]: Access = 0, Miss = 0, Miss_rate = -nan, Pending_hits = 0, Reservation_fails = 0
	L1D_cache_core[4]: Access = 0, Miss = 0, Miss_rate = -nan, Pending_hits = 0, Reservation_fails = 0
	L1D_cache_core[5]: Access = 0, Miss = 0, Miss_rate = -nan, Pending_hits = 0, Reservation_fails = 0
	L1D_cache_core[6]: Access = 0, Miss = 0, Miss_rate = -nan, Pending_hits = 0, Reservation_fails = 0
	L1D_cache_core[7]: Access = 0, Miss = 0, Miss_rate = -nan, Pending_hits = 0, Reservation_fails = 0
	L1D_cache_core[8]: Access = 0, Miss = 0, Miss_rate = -nan, Pending_hits = 0, Reservation_fails = 0
	L1D_cache_core[9]: Access = 0, Miss = 0, Miss_rate = -nan, Pending_hits = 0, Reservation_fails = 0
	L1D_cache_core[10]: Access = 0, Miss = 0, Miss_rate = -nan, Pending_hits = 0, Reservation_fails = 0
	L1D_cache_core[11]: Access = 0, Miss = 0, Miss_rate = -nan, Pending_hits = 0, Reservation_fails = 0
	L1D_cache_core[12]: Access = 0, Miss = 0, Miss_rate = -nan, Pending_hits = 0, Reservation_fails = 0
	L1D_cache_core[13]: Access = 0, Miss = 0, Miss_rate = -nan, Pending_hits = 0, Reservation_fails = 0
	L1D_cache_core[14]: Access = 0, Miss = 0, Miss_rate = -nan, Pending_hits = 0, Reservation_fails = 0
	L1D_cache_core[15]: Access = 0, Miss = 0, Miss_rate = -nan, Pending_hits = 0, Reservation_fails = 0
	L1D_cache_core[16]: Access = 0, Miss = 0, Miss_rate = -nan, Pending_hits = 0, Reservation_fails = 0
	L1D_cache_core[17]: Access = 0, Miss = 0, Miss_rate = -nan, Pending_hits = 0, Reservation_fails = 0
	L1D_cache_core[18]: Access = 0, Miss = 0, Miss_rate = -nan, Pending_hits = 0, Reservation_fails = 0
	L1D_cache_core[19]: Access = 0, Miss = 0, Miss_rate = -nan, Pending_hits = 0, Reservation_fails = 0
	L1D_cache_core[20]: Access = 0, Miss = 0, Miss_rate = -nan, Pending_hits = 0, Reservation_fails = 0
	L1D_cache_core[21]: Access = 0, Miss = 0, Miss_rate = -nan, Pending_hits = 0, Reservation_fails = 0
	L1D_cache_core[22]: Access = 0, Miss = 0, Miss_rate = -nan, Pending_hits = 0, Reservation_fails = 0
	L1D_cache_core[23]: Access = 0, Miss = 0, Miss_rate = -nan, Pending_hits = 0, Reservation_fails = 0
	L1D_cache_core[24]: Access = 0, Miss = 0, Miss_rate = -nan, Pending_hits = 0, Reservation_fails = 0
	L1D_cache_core[25]: Access = 0, Miss = 0, Miss_rate = -nan, Pending_hits = 0, Reservation_fails = 0
	L1D_cache_core[26]: Access = 0, Miss = 0, Miss_rate = -nan, Pending_hits = 0, Reservation_fails = 0
	L1D_cache_core[27]: Access = 0, Miss = 0, Miss_rate = -nan, Pending_hits = 0, Reservation_fails = 0
	L1D_cache_core[28]: Access = 0, Miss = 0, Miss_rate = -nan, Pending_hits = 0, Reservation_fails = 0
	L1D_cache_core[29]: Access = 0, Miss = 0, Miss_rate = -nan, Pending_hits = 0, Reservation_fails = 0
	L1D_cache_core[30]: Access = 0, Miss = 0, Miss_rate = -nan, Pending_hits = 0, Reservation_fails = 0
	L1D_cache_core[31]: Access = 0, Miss = 0, Miss_rate = -nan, Pending_hits = 0, Reservation_fails = 0
	L1D_cache_core[32]: Access = 0, Miss = 0, Miss_rate = -nan, Pending_hits = 0, Reservation_fails = 0
	L1D_cache_core[33]: Access = 0, Miss = 0, Miss_rate = -nan, Pending_hits = 0, Reservation_fails = 0
	L1D_cache_core[34]: Access = 0, Miss = 0, Miss_rate = -nan, Pending_hits = 0, Reservation_fails = 0
	L1D_cache_core[35]: Access = 0, Miss = 0, Miss_rate = -nan, Pending_hits = 0, Reservation_fails = 0
	L1D_cache_core[36]: Access = 0, Miss = 0, Miss_rate = -nan, Pending_hits = 0, Reservation_fails = 0
	L1D_cache_core[37]: Access = 0, Miss = 0, Miss_rate = -nan, Pending_hits = 0, Reservation_fails = 0
	L1D_cache_core[38]: Access = 0, Miss = 0, Miss_rate = -nan, Pending_hits = 0, Reservation_fails = 0
	L1D_cache_core[39]: Access = 0, Miss = 0, Miss_rate = -nan, Pending_hits = 0, Reservation_fails = 0
	L1D_cache_core[40]: Access = 0, Miss = 0, Miss_rate = -nan, Pending_hits = 0, Reservation_fails = 0
	L1D_cache_core[41]: Access = 0, Miss = 0, Miss_rate = -nan, Pending_hits = 0, Reservation_fails = 0
	L1D_cache_core[42]: Access = 0, Miss = 0, Miss_rate = -nan, Pending_hits = 0, Reservation_fails = 0
	L1D_cache_core[43]: Access = 0, Miss = 0, Miss_rate = -nan, Pending_hits = 0, Reservation_fails = 0
	L1D_cache_core[44]: Access = 0, Miss = 0, Miss_rate = -nan, Pending_hits = 0, Reservation_fails = 0
	L1D_cache_core[45]: Access = 0, Miss = 0, Miss_rate = -nan, Pending_hits = 0, Reservation_fails = 0
	L1D_cache_core[46]: Access = 0, Miss = 0, Miss_rate = -nan, Pending_hits = 0, Reservation_fails = 0
	L1D_cache_core[47]: Access = 0, Miss = 0, Miss_rate = -nan, Pending_hits = 0, Reservation_fails = 0
	L1D_cache_core[48]: Access = 0, Miss = 0, Miss_rate = -nan, Pending_hits = 0, Reservation_fails = 0
	L1D_cache_core[49]: Access = 0, Miss = 0, Miss_rate = -nan, Pending_hits = 0, Reservation_fails = 0
	L1D_cache_core[50]: Access = 0, Miss = 0, Miss_rate = -nan, Pending_hits = 0, Reservation_fails = 0
	L1D_cache_core[51]: Access = 0, Miss = 0, Miss_rate = -nan, Pending_hits = 0, Reservation_fails = 0
	L1D_cache_core[52]: Access = 0, Miss = 0, Miss_rate = -nan, Pending_hits = 0, Reservation_fails = 0
	L1D_cache_core[53]: Access = 0, Miss = 0, Miss_rate = -nan, Pending_hits = 0, Reservation_fails = 0
	L1D_cache_core[54]: Access = 0, Miss = 0, Miss_rate = -nan, Pending_hits = 0, Reservation_fails = 0
	L1D_cache_core[55]: Access = 0, Miss = 0, Miss_rate = -nan, Pending_hits = 0, Reservation_fails = 0
	L1D_cache_core[56]: Access = 0, Miss = 0, Miss_rate = -nan, Pending_hits = 0, Reservation_fails = 0
	L1D_cache_core[57]: Access = 0, Miss = 0, Miss_rate = -nan, Pending_hits = 0, Reservation_fails = 0
	L1D_cache_core[58]: Access = 0, Miss = 0, Miss_rate = -nan, Pending_hits = 0, Reservation_fails = 0
	L1D_cache_core[59]: Access = 0, Miss = 0, Miss_rate = -nan, Pending_hits = 0, Reservation_fails = 0
	L1D_cache_core[60]: Access = 0, Miss = 0, Miss_rate = -nan, Pending_hits = 0, Reservation_fails = 0
	L1D_cache_core[61]: Access = 0, Miss = 0, Miss_rate = -nan, Pending_hits = 0, Reservation_fails = 0
	L1D_cache_core[62]: Access = 0, Miss = 0, Miss_rate = -nan, Pending_hits = 0, Reservation_fails = 0
	L1D_cache_core[63]: Access = 0, Miss = 0, Miss_rate = -nan, Pending_hits = 0, Reservation_fails = 0
	L1D_cache_core[64]: Access = 0, Miss = 0, Miss_rate = -nan, Pending_hits = 0, Reservation_fails = 0
	L1D_cache_core[65]: Access = 0, Miss = 0, Miss_rate = -nan, Pending_hits = 0, Reservation_fails = 0
	L1D_cache_core[66]: Access = 0, Miss = 0, Miss_rate = -nan, Pending_hits = 0, Reservation_fails = 0
	L1D_cache_core[67]: Access = 0, Miss = 0, Miss_rate = -nan, Pending_hits = 0, Reservation_fails = 0
	L1D_cache_core[68]: Access = 0, Miss = 0, Miss_rate = -nan, Pending_hits = 0, Reservation_fails = 0
	L1D_cache_core[69]: Access = 0, Miss = 0, Miss_rate = -nan, Pending_hits = 0, Reservation_fails = 0
	L1D_cache_core[70]: Access = 0, Miss = 0, Miss_rate = -nan, Pending_hits = 0, Reservation_fails = 0
	L1D_cache_core[71]: Access = 0, Miss = 0, Miss_rate = -nan, Pending_hits = 0, Reservation_fails = 0
	L1D_cache_core[72]: Access = 0, Miss = 0, Miss_rate = -nan, Pending_hits = 0, Reservation_fails = 0
	L1D_cache_core[73]: Access = 0, Miss = 0, Miss_rate = -nan, Pending_hits = 0, Reservation_fails = 0
	L1D_cache_core[74]: Access = 0, Miss = 0, Miss_rate = -nan, Pending_hits = 0, Reservation_fails = 0
	L1D_cache_core[75]: Access = 0, Miss = 0, Miss_rate = -nan, Pending_hits = 0, Reservation_fails = 0
	L1D_cache_core[76]: Access = 0, Miss = 0, Miss_rate = -nan, Pending_hits = 0, Reservation_fails = 0
	L1D_cache_core[77]: Access = 0, Miss = 0, Miss_rate = -nan, Pending_hits = 0, Reservation_fails = 0
	L1D_cache_core[78]: Access = 0, Miss = 0, Miss_rate = -nan, Pending_hits = 0, Reservation_fails = 0
	L1D_cache_core[79]: Access = 0, Miss = 0, Miss_rate = -nan, Pending_hits = 0, Reservation_fails = 0
	L1D_cache_core[80]: Access = 0, Miss = 0, Miss_rate = -nan, Pending_hits = 0, Reservation_fails = 0
	L1D_cache_core[81]: Access = 0, Miss = 0, Miss_rate = -nan, Pending_hits = 0, Reservation_fails = 0
	L1D_cache_core[82]: Access = 0, Miss = 0, Miss_rate = -nan, Pending_hits = 0, Reservation_fails = 0
	L1D_cache_core[83]: Access = 0, Miss = 0, Miss_rate = -nan, Pending_hits = 0, Reservation_fails = 0
	L1D_cache_core[84]: Access = 0, Miss = 0, Miss_rate = -nan, Pending_hits = 0, Reservation_fails = 0
	L1D_cache_core[85]: Access = 0, Miss = 0, Miss_rate = -nan, Pending_hits = 0, Reservation_fails = 0
	L1D_cache_core[86]: Access = 0, Miss = 0, Miss_rate = -nan, Pending_hits = 0, Reservation_fails = 0
	L1D_cache_core[87]: Access = 0, Miss = 0, Miss_rate = -nan, Pending_hits = 0, Reservation_fails = 0
	L1D_cache_core[88]: Access = 0, Miss = 0, Miss_rate = -nan, Pending_hits = 0, Reservation_fails = 0
	L1D_cache_core[89]: Access = 0, Miss = 0, Miss_rate = -nan, Pending_hits = 0, Reservation_fails = 0
	L1D_cache_core[90]: Access = 0, Miss = 0, Miss_rate = -nan, Pending_hits = 0, Reservation_fails = 0
	L1D_cache_core[91]: Access = 0, Miss = 0, Miss_rate = -nan, Pending_hits = 0, Reservation_fails = 0
	L1D_cache_core[92]: Access = 0, Miss = 0, Miss_rate = -nan, Pending_hits = 0, Reservation_fails = 0
	L1D_cache_core[93]: Access = 0, Miss = 0, Miss_rate = -nan, Pending_hits = 0, Reservation_fails = 0
	L1D_cache_core[94]: Access = 0, Miss = 0, Miss_rate = -nan, Pending_hits = 0, Reservation_fails = 0
	L1D_cache_core[95]: Access = 0, Miss = 0, Miss_rate = -nan, Pending_hits = 0, Reservation_fails = 0
	L1D_cache_core[96]: Access = 0, Miss = 0, Miss_rate = -nan, Pending_hits = 0, Reservation_fails = 0
	L1D_cache_core[97]: Access = 0, Miss = 0, Miss_rate = -nan, Pending_hits = 0, Reservation_fails = 0
	L1D_cache_core[98]: Access = 0, Miss = 0, Miss_rate = -nan, Pending_hits = 0, Reservation_fails = 0
	L1D_cache_core[99]: Access = 0, Miss = 0, Miss_rate = -nan, Pending_hits = 0, Reservation_fails = 0
	L1D_cache_core[100]: Access = 0, Miss = 0, Miss_rate = -nan, Pending_hits = 0, Reservation_fails = 0
	L1D_cache_core[101]: Access = 0, Miss = 0, Miss_rate = -nan, Pending_hits = 0, Reservation_fails = 0
	L1D_cache_core[102]: Access = 0, Miss = 0, Miss_rate = -nan, Pending_hits = 0, Reservation_fails = 0
	L1D_cache_core[103]: Access = 0, Miss = 0, Miss_rate = -nan, Pending_hits = 0, Reservation_fails = 0
	L1D_cache_core[104]: Access = 0, Miss = 0, Miss_rate = -nan, Pending_hits = 0, Reservation_fails = 0
	L1D_cache_core[105]: Access = 0, Miss = 0, Miss_rate = -nan, Pending_hits = 0, Reservation_fails = 0
	L1D_cache_core[106]: Access = 0, Miss = 0, Miss_rate = -nan, Pending_hits = 0, Reservation_fails = 0
	L1D_cache_core[107]: Access = 0, Miss = 0, Miss_rate = -nan, Pending_hits = 0, Reservation_fails = 0
	L1D_cache_core[108]: Access = 0, Miss = 0, Miss_rate = -nan, Pending_hits = 0, Reservation_fails = 0
	L1D_cache_core[109]: Access = 0, Miss = 0, Miss_rate = -nan, Pending_hits = 0, Reservation_fails = 0
	L1D_cache_core[110]: Access = 0, Miss = 0, Miss_rate = -nan, Pending_hits = 0, Reservation_fails = 0
	L1D_cache_core[111]: Access = 0, Miss = 0, Miss_rate = -nan, Pending_hits = 0, Reservation_fails = 0
	L1D_cache_core[112]: Access = 0, Miss = 0, Miss_rate = -nan, Pending_hits = 0, Reservation_fails = 0
	L1D_cache_core[113]: Access = 0, Miss = 0, Miss_rate = -nan, Pending_hits = 0, Reservation_fails = 0
	L1D_total_cache_accesses = 64
	L1D_total_cache_misses = 32
	L1D_total_cache_miss_rate = 0.5000
	L1D_total_cache_pending_hits = 0
	L1D_total_cache_reservation_fails = 0
	L1D_cache_data_port_util = 0.000
	L1D_cache_fill_port_util = 0.000
L1C_cache:
	L1C_total_cache_accesses = 0
	L1C_total_cache_misses = 0
	L1C_total_cache_pending_hits = 0
	L1C_total_cache_reservation_fails = 0
L1T_cache:
	L1T_total_cache_accesses = 0
	L1T_total_cache_misses = 0
	L1T_total_cache_pending_hits = 0
	L1T_total_cache_reservation_fails = 0

Total_core_cache_stats:
	Total_core_cache_stats_breakdown[GLOBAL_ACC_R][HIT] = 0
	Total_core_cache_stats_breakdown[GLOBAL_ACC_R][HIT_RESERVED] = 0
	Total_core_cache_stats_breakdown[GLOBAL_ACC_R][MISS] = 8
	Total_core_cache_stats_breakdown[GLOBAL_ACC_R][RESERVATION_FAIL] = 0
	Total_core_cache_stats_breakdown[GLOBAL_ACC_R][SECTOR_MISS] = 24
	Total_core_cache_stats_breakdown[GLOBAL_ACC_R][MSHR_HIT] = 0
	Total_core_cache_stats_breakdown[GLOBAL_ACC_R][WRITE_ALLOCATED] = 0
	Total_core_cache_stats_breakdown[CHIPLET_ACC_R][HIT] = 0
	Total_core_cache_stats_breakdown[CHIPLET_ACC_R][HIT_RESERVED] = 0
	Total_core_cache_stats_breakdown[CHIPLET_ACC_R][MISS] = 0
	Total_core_cache_stats_breakdown[CHIPLET_ACC_R][RESERVATION_FAIL] = 0
	Total_core_cache_stats_breakdown[CHIPLET_ACC_R][SECTOR_MISS] = 0
	Total_core_cache_stats_breakdown[CHIPLET_ACC_R][MSHR_HIT] = 0
	Total_core_cache_stats_breakdown[CHIPLET_ACC_R][WRITE_ALLOCATED] = 0
	Total_core_cache_stats_breakdown[LOCAL_ACC_R][HIT] = 0
	Total_core_cache_stats_breakdown[LOCAL_ACC_R][HIT_RESERVED] = 0
	Total_core_cache_stats_breakdown[LOCAL_ACC_R][MISS] = 0
	Total_core_cache_stats_breakdown[LOCAL_ACC_R][RESERVATION_FAIL] = 0
	Total_core_cache_stats_breakdown[LOCAL_ACC_R][SECTOR_MISS] = 0
	Total_core_cache_stats_breakdown[LOCAL_ACC_R][MSHR_HIT] = 0
	Total_core_cache_stats_breakdown[LOCAL_ACC_R][WRITE_ALLOCATED] = 0
	Total_core_cache_stats_breakdown[CONST_ACC_R][HIT] = 0
	Total_core_cache_stats_breakdown[CONST_ACC_R][HIT_RESERVED] = 0
	Total_core_cache_stats_breakdown[CONST_ACC_R][MISS] = 0
	Total_core_cache_stats_breakdown[CONST_ACC_R][RESERVATION_FAIL] = 0
	Total_core_cache_stats_breakdown[CONST_ACC_R][SECTOR_MISS] = 0
	Total_core_cache_stats_breakdown[CONST_ACC_R][MSHR_HIT] = 0
	Total_core_cache_stats_breakdown[CONST_ACC_R][WRITE_ALLOCATED] = 0
	Total_core_cache_stats_breakdown[TEXTURE_ACC_R][HIT] = 0
	Total_core_cache_stats_breakdown[TEXTURE_ACC_R][HIT_RESERVED] = 0
	Total_core_cache_stats_breakdown[TEXTURE_ACC_R][MISS] = 0
	Total_core_cache_stats_breakdown[TEXTURE_ACC_R][RESERVATION_FAIL] = 0
	Total_core_cache_stats_breakdown[TEXTURE_ACC_R][SECTOR_MISS] = 0
	Total_core_cache_stats_breakdown[TEXTURE_ACC_R][MSHR_HIT] = 0
	Total_core_cache_stats_breakdown[TEXTURE_ACC_R][WRITE_ALLOCATED] = 0
	Total_core_cache_stats_breakdown[GLOBAL_ACC_W][HIT] = 32
	Total_core_cache_stats_breakdown[GLOBAL_ACC_W][HIT_RESERVED] = 0
	Total_core_cache_stats_breakdown[GLOBAL_ACC_W][MISS] = 0
	Total_core_cache_stats_breakdown[GLOBAL_ACC_W][RESERVATION_FAIL] = 0
	Total_core_cache_stats_breakdown[GLOBAL_ACC_W][SECTOR_MISS] = 0
	Total_core_cache_stats_breakdown[GLOBAL_ACC_W][MSHR_HIT] = 0
	Total_core_cache_stats_breakdown[GLOBAL_ACC_W][WRITE_ALLOCATED] = 0
	Total_core_cache_stats_breakdown[CHIPLET_ACC_W][HIT] = 0
	Total_core_cache_stats_breakdown[CHIPLET_ACC_W][HIT_RESERVED] = 0
	Total_core_cache_stats_breakdown[CHIPLET_ACC_W][MISS] = 0
	Total_core_cache_stats_breakdown[CHIPLET_ACC_W][RESERVATION_FAIL] = 0
	Total_core_cache_stats_breakdown[CHIPLET_ACC_W][SECTOR_MISS] = 0
	Total_core_cache_stats_breakdown[CHIPLET_ACC_W][MSHR_HIT] = 0
	Total_core_cache_stats_breakdown[CHIPLET_ACC_W][WRITE_ALLOCATED] = 0
	Total_core_cache_stats_breakdown[LOCAL_ACC_W][HIT] = 0
	Total_core_cache_stats_breakdown[LOCAL_ACC_W][HIT_RESERVED] = 0
	Total_core_cache_stats_breakdown[LOCAL_ACC_W][MISS] = 0
	Total_core_cache_stats_breakdown[LOCAL_ACC_W][RESERVATION_FAIL] = 0
	Total_core_cache_stats_breakdown[LOCAL_ACC_W][SECTOR_MISS] = 0
	Total_core_cache_stats_breakdown[LOCAL_ACC_W][MSHR_HIT] = 0
	Total_core_cache_stats_breakdown[LOCAL_ACC_W][WRITE_ALLOCATED] = 0
	Total_core_cache_stats_breakdown[L1_WRBK_ACC][HIT] = 0
	Total_core_cache_stats_breakdown[L1_WRBK_ACC][HIT_RESERVED] = 0
	Total_core_cache_stats_breakdown[L1_WRBK_ACC][MISS] = 0
	Total_core_cache_stats_breakdown[L1_WRBK_ACC][RESERVATION_FAIL] = 0
	Total_core_cache_stats_breakdown[L1_WRBK_ACC][SECTOR_MISS] = 0
	Total_core_cache_stats_breakdown[L1_WRBK_ACC][MSHR_HIT] = 0
	Total_core_cache_stats_breakdown[L1_WRBK_ACC][WRITE_ALLOCATED] = 0
	Total_core_cache_stats_breakdown[L2_WRBK_ACC][HIT] = 0
	Total_core_cache_stats_breakdown[L2_WRBK_ACC][HIT_RESERVED] = 0
	Total_core_cache_stats_breakdown[L2_WRBK_ACC][MISS] = 0
	Total_core_cache_stats_breakdown[L2_WRBK_ACC][RESERVATION_FAIL] = 0
	Total_core_cache_stats_breakdown[L2_WRBK_ACC][SECTOR_MISS] = 0
	Total_core_cache_stats_breakdown[L2_WRBK_ACC][MSHR_HIT] = 0
	Total_core_cache_stats_breakdown[L2_WRBK_ACC][WRITE_ALLOCATED] = 0
	Total_core_cache_stats_breakdown[INST_ACC_R][HIT] = 0
	Total_core_cache_stats_breakdown[INST_ACC_R][HIT_RESERVED] = 0
	Total_core_cache_stats_breakdown[INST_ACC_R][MISS] = 0
	Total_core_cache_stats_breakdown[INST_ACC_R][RESERVATION_FAIL] = 0
	Total_core_cache_stats_breakdown[INST_ACC_R][SECTOR_MISS] = 0
	Total_core_cache_stats_breakdown[INST_ACC_R][MSHR_HIT] = 0
	Total_core_cache_stats_breakdown[INST_ACC_R][WRITE_ALLOCATED] = 0
	Total_core_cache_stats_breakdown[L1_WR_ALLOC_R][HIT] = 0
	Total_core_cache_stats_breakdown[L1_WR_ALLOC_R][HIT_RESERVED] = 0
	Total_core_cache_stats_breakdown[L1_WR_ALLOC_R][MISS] = 0
	Total_core_cache_stats_breakdown[L1_WR_ALLOC_R][RESERVATION_FAIL] = 0
	Total_core_cache_stats_breakdown[L1_WR_ALLOC_R][SECTOR_MISS] = 0
	Total_core_cache_stats_breakdown[L1_WR_ALLOC_R][MSHR_HIT] = 0
	Total_core_cache_stats_breakdown[L1_WR_ALLOC_R][WRITE_ALLOCATED] = 0
	Total_core_cache_stats_breakdown[L2_WR_ALLOC_R][HIT] = 0
	Total_core_cache_stats_breakdown[L2_WR_ALLOC_R][HIT_RESERVED] = 0
	Total_core_cache_stats_breakdown[L2_WR_ALLOC_R][MISS] = 0
	Total_core_cache_stats_breakdown[L2_WR_ALLOC_R][RESERVATION_FAIL] = 0
	Total_core_cache_stats_breakdown[L2_WR_ALLOC_R][SECTOR_MISS] = 0
	Total_core_cache_stats_breakdown[L2_WR_ALLOC_R][MSHR_HIT] = 0
	Total_core_cache_stats_breakdown[L2_WR_ALLOC_R][WRITE_ALLOCATED] = 0
	Total_core_cache_stats_breakdown[GLOBAL_ACC_R][TOTAL_ACCESS] = 32
	Total_core_cache_stats_breakdown[GLOBAL_ACC_W][TOTAL_ACCESS] = 32

Total_core_cache_fail_stats:
ctas_completed 2, Shader 0 warp_id issue ditsribution:
warp_id:
0, 1, 2, 3, 4, 5, 6, 7, 
distro:
547, 451, 437, 437, 1185, 1182, 1191, 1191, 
MBARRIER_TRYWAIT,1,0,17916,18116,18316,18516,18716,18916,19116,19316,19516,19716,19916,20116,20316,20516,20716,20916,22315,22515,22715,22915,23115,23315,23515,23715,23915,24115,25549,25749,25949,26149,26349,26549,26749,26949,27149,27349,28768,28968,29168,29368,29568,29768,29968,30168,30368,30568,31989,32189,32389,32589,32789,32989,33189,33389,33589,35033,35233,35433,35633,35833,36033,36233,36433,36633,36833,38268,38468,38668,38868,39068,39268,39468,39668,39868,40068,41506,41706,41906,42106,42306,42506,42706,42906,43106,43306,43506,44944,45144,45344,45544,45744,45944,46144,46344,46544,46744,48175,48375,48575,48775,48975,49175,49375,49575,49775,49975,51418,51618,51818,52018,52218,52418,52618,52818,53018,53218,54648,54848,55048,55248,55448,55648,55848,56048,56248,56448,57874,58074,58274,58474,58674,58874,59074,59274,59474,59674,61109,61309,61509,61709,61909,62109,62309,62510,62710,62910,64330,64530,64730,64930,65130,65330,65531,65731,65931,66131,67554,67754,67954,68154,68354,68554,68754,68954,69154,69354,69554,70978,71178,71378,71578,71778,71978,72178,72378,72578,72778,74213,74413,74613,74813,75013,75213,75413,75614,75814,76014,77434,77634,77834,78034,78234,78434,78635,78835,79035,79235,80658,80858,81058,81258,81458,81658,81858,82058,82258,83701,83901,84101,84301,84501,84701,84901,85101,85301,85501,86933,87133,87333,87533,87733,87933,88133,88333,88533,88733,90175,90375,90575,90775,90975,91175,91375,91575,91775,91975,93402,93602,93802,94002,94202,94402,94602,94802,95002,95202,95402,96831,97031,97231,97431,97631,97831,98031,98231,98431,98631,100057,100257,100457,100657,100857,101057,101257,101457,101657,101857,103284,103484,103684,103884,104084,104284,104484,104684,104884,105084,106512,106712,106912,107112,107312,107512,107712,107912,108112,108312,109738,109938,110138,110338,110538,110738,110938,111138,111338,111538,112973,113173,113373,113573,113773,113973,114173,114374,114574,114774
MBARRIER_TRYWAIT,1,4,14278,14478,14678,14878,15078,15278,15478,15678,15878,16078,16278
MBARRIER_TRYWAIT,1,5,14276,14476,14676,14876,15076,15276,15476,15676,15876,16076,16276
MBARRIER_TRYWAIT,1,6,14283,14483,14683,14883,15083,15283,15483,15683,15883,16083,16283
MBARRIER_TRYWAIT,1,7,14283,14483,14683,14883,15083,15283,15483,15683,15883,16083,16283
gpgpu_n_tot_thrd_icount = 4870698
gpgpu_n_tot_w_icount = 158205
gpgpu_n_stall_shd_mem = 8807
gpgpu_n_mem_read_local = 0
gpgpu_n_mem_write_local = 0
gpgpu_n_mem_read_global = 17060
gpgpu_n_mem_write_global = 17192
gpgpu_n_mem_texture = 0
gpgpu_n_mem_const = 0
gpgpu_n_load_insn  = 421
gpgpu_n_store_insn = 289
gpgpu_n_shmem_insn = 311435
gpgpu_n_sstarr_insn = 0
gpgpu_n_tex_insn = 0
gpgpu_n_const_mem_insn = 0
gpgpu_n_param_mem_insn = 0
gpgpu_n_shmem_bkconflict = 0
gpgpu_n_l1cache_bkconflict = 0
gpgpu_n_intrawarp_mshr_merge = 0
gpgpu_n_cmem_portconflict = 0
gpgpu_stall_shd_mem[c_mem][resource_stall] = 0
gpgpu_stall_shd_mem[s_mem][bk_conf] = 0
gpgpu_stall_shd_mem[gl_mem][resource_stall] = 0
gpgpu_stall_shd_mem[gl_mem][coal_stall] = 8155
gpgpu_stall_shd_mem[gl_mem][data_port_stall] = 0
gpu_reg_bank_conflict_stalls = 0
Warp Occupancy Distribution:
Stall:20633	W0_Idle:46968	W0_Scoreboard:241508	W1:2916	W2:0	W3:0	W4:0	W5:0	W6:0	W7:0	W8:0	W9:0	W10:0	W11:0	W12:0	W13:0	W14:0	W15:0	W16:0	W17:0	W18:0	W19:0	W20:0	W21:0	W22:0	W23:0	W24:0	W25:0	W26:0	W27:0	W28:0	W29:0	W30:0	W31:666	W32:151473
single_issue_nums: WS0:41511	WS1:39204	WS2:38745	WS3:38745	
dual_issue_nums: WS0:0	WS1:0	WS2:0	WS3:0	
traffic_breakdown_coretomem[GLOBAL_ACC_R] = 135424 {8:16928,}
traffic_breakdown_coretomem[GLOBAL_ACC_W] = 687680 {40:17192,}
traffic_breakdown_coretomem[GLOBAL_ATOMIC] = 5280 {40:132,}
traffic_breakdown_memtocore[CHIPLET_ACC_R] = 337920 {40:8448,}
traffic_breakdown_memtocore[GLOBAL_ACC_R] = 339200 {40:8480,}
traffic_breakdown_memtocore[GLOBAL_ACC_W] = 137536 {8:17192,}
traffic_breakdown_memtocore[GLOBAL_ATOMIC] = 5280 {40:132,}
maxmflatency = 864 
max_icnt2mem_latency = 131 
maxmrqlatency = 0 
max_icnt2sh_latency = 6 
averagemflatency = 502 
avg_icnt2mem_latency = 70 
avg_icnt2sh_latency = 3 
mrq_lat_table:0 	0 	0 	0 	0 	0 	0 	0 	0 	0 	0 	0 	0 	0 	0 	0 	0 	0 	0 	0 	0 	0 	0 	0 	0 	0 	0 	0 	0 	0 	0 	0 	
dq_lat_table:0 	0 	0 	0 	0 	0 	0 	0 	0 	0 	0 	0 	0 	0 	0 	0 	0 	0 	0 	0 	0 	0 	0 	0 	0 	0 	0 	0 	0 	0 	0 	0 	
mf_lat_table:0 	0 	0 	0 	0 	0 	0 	1564 	15760 	16928 	0 	0 	0 	0 	0 	0 	0 	0 	0 	0 	0 	0 	0 	0 	0 	0 	0 	0 	0 	0 	0 	0 	
icnt2mem_lat_table:0 	195 	945 	2016 	4032 	8128 	16710 	2226 	0 	0 	0 	0 	0 	0 	0 	0 	0 	0 	0 	0 	0 	0 	0 	0 	
icnt2sh_lat_table:0 	24077 	10175 	0 	0 	0 	0 	0 	0 	0 	0 	0 	0 	0 	0 	0 	0 	0 	0 	0 	0 	0 	0 	0 	
mf_lat_pw_table:0 	0 	0 	0 	0 	0 	0 	28 	49 	62 	0 	0 	0 	0 	0 	0 	0 	0 	0 	0 	0 	0 	0 	0 	0 	0 	0 	0 	0 	0 	0 	0 	
maximum concurrent accesses to same row:
dram[0]:         0         0         0         0         0         0         0         0         0         0         0         0         0         0         0         0 
dram[1]:         0         0         0         0         0         0         0         0         0         0         0         0         0         0         0         0 
dram[2]:         0         0         0         0         0         0         0         0         0         0         0         0         0         0         0         0 
dram[3]:         0         0         0         0         0         0         0         0         0         0         0         0         0         0         0         0 
dram[4]:         0         0         0         0         0         0         0         0         0         0         0         0         0         0         0         0 
dram[5]:         0         0         0         0         0         0         0         0         0         0         0         0         0         0         0         0 
dram[6]:         0         0         0         0         0         0         0         0         0         0         0         0         0         0         0         0 
dram[7]:         0         0         0         0         0         0         0         0         0         0         0         0         0         0         0         0 
dram[8]:         0         0         0         0         0         0         0         0         0         0         0         0         0         0         0         0 
dram[9]:         0         0         0         0         0         0         0         0         0         0         0         0         0         0         0         0 
dram[10]:         0         0         0         0         0         0         0         0         0         0         0         0         0         0         0         0 
dram[11]:         0         0         0         0         0         0         0         0         0         0         0         0         0         0         0         0 
dram[12]:         0         0         0         0         0         0         0         0         0         0         0         0         0         0         0         0 
dram[13]:         0         0         0         0         0         0         0         0         0         0         0         0         0         0         0         0 
dram[14]:         0         0         0         0         0         0         0         0         0         0         0         0         0         0         0         0 
dram[15]:         0         0         0         0         0         0         0         0         0         0         0         0         0         0         0         0 
dram[16]:         0         0         0         0         0         0         0         0         0         0         0         0         0         0         0         0 
dram[17]:         0         0         0         0         0         0         0         0         0         0         0         0         0         0         0         0 
dram[18]:         0         0         0         0         0         0         0         0         0         0         0         0         0         0         0         0 
dram[19]:         0         0         0         0         0         0         0         0         0         0         0         0         0         0         0         0 
dram[20]:         0         0         0         0         0         0         0         0         0         0         0         0         0         0         0         0 
dram[21]:         0         0         0         0         0         0         0         0         0         0         0         0         0         0         0         0 
dram[22]:         0         0         0         0         0         0         0         0         0         0         0         0         0         0         0         0 
dram[23]:         0         0         0         0         0         0         0         0         0         0         0         0         0         0         0         0 
dram[24]:         0         0         0         0         0         0         0         0         0         0         0         0         0         0         0         0 
dram[25]:         0         0         0         0         0         0         0         0         0         0         0         0         0         0         0         0 
dram[26]:         0         0         0         0         0         0         0         0         0         0         0         0         0         0         0         0 
dram[27]:         0         0         0         0         0         0         0         0         0         0         0         0         0         0         0         0 
dram[28]:         0         0         0         0         0         0         0         0         0         0         0         0         0         0         0         0 
dram[29]:         0         0         0         0         0         0         0         0         0         0         0         0         0         0         0         0 
dram[30]:         0         0         0         0         0         0         0         0         0         0         0         0         0         0         0         0 
dram[31]:         0         0         0         0         0         0         0         0         0         0         0         0         0         0         0         0 
dram[32]:         0         0         0         0         0         0         0         0         0         0         0         0         0         0         0         0 
dram[33]:         0         0         0         0         0         0         0         0         0         0         0         0         0         0         0         0 
dram[34]:         0         0         0         0         0         0         0         0         0         0         0         0         0         0         0         0 
dram[35]:         0         0         0         0         0         0         0         0         0         0         0         0         0         0         0         0 
dram[36]:         0         0         0         0         0         0         0         0         0         0         0         0         0         0         0         0 
dram[37]:         0         0         0         0         0         0         0         0         0         0         0         0         0         0         0         0 
dram[38]:         0         0         0         0         0         0         0         0         0         0         0         0         0         0         0         0 
dram[39]:         0         0         0         0         0         0         0         0         0         0         0         0         0         0         0         0 
maximum service time to same row:
dram[0]:         0         0         0         0         0         0         0         0         0         0         0         0         0         0         0         0 
dram[1]:         0         0         0         0         0         0         0         0         0         0         0         0         0         0         0         0 
dram[2]:         0         0         0         0         0         0         0         0         0         0         0         0         0         0         0         0 
dram[3]:         0         0         0         0         0         0         0         0         0         0         0         0         0         0         0         0 
dram[4]:         0         0         0         0         0         0         0         0         0         0         0         0         0         0         0         0 
dram[5]:         0         0         0         0         0         0         0         0         0         0         0         0         0         0         0         0 
dram[6]:         0         0         0         0         0         0         0         0         0         0         0         0         0         0         0         0 
dram[7]:         0         0         0         0         0         0         0         0         0         0         0         0         0         0         0         0 
dram[8]:         0         0         0         0         0         0         0         0         0         0         0         0         0         0         0         0 
dram[9]:         0         0         0         0         0         0         0         0         0         0         0         0         0         0         0         0 
dram[10]:         0         0         0         0         0         0         0         0         0         0         0         0         0         0         0         0 
dram[11]:         0         0         0         0         0         0         0         0         0         0         0         0         0         0         0         0 
dram[12]:         0         0         0         0         0         0         0         0         0         0         0         0         0         0         0         0 
dram[13]:         0         0         0         0         0         0         0         0         0         0         0         0         0         0         0         0 
dram[14]:         0         0         0         0         0         0         0         0         0         0         0         0         0         0         0         0 
dram[15]:         0         0         0         0         0         0         0         0         0         0         0         0         0         0         0         0 
dram[16]:         0         0         0         0         0         0         0         0         0         0         0         0         0         0         0         0 
dram[17]:         0         0         0         0         0         0         0         0         0         0         0         0         0         0         0         0 
dram[18]:         0         0         0         0         0         0         0         0         0         0         0         0         0         0         0         0 
dram[19]:         0         0         0         0         0         0         0         0         0         0         0         0         0         0         0         0 
dram[20]:         0         0         0         0         0         0         0         0         0         0         0         0         0         0         0         0 
dram[21]:         0         0         0         0         0         0         0         0         0         0         0         0         0         0         0         0 
dram[22]:         0         0         0         0         0         0         0         0         0         0         0         0         0         0         0         0 
dram[23]:         0         0         0         0         0         0         0         0         0         0         0         0         0         0         0         0 
dram[24]:         0         0         0         0         0         0         0         0         0         0         0         0         0         0         0         0 
dram[25]:         0         0         0         0         0         0         0         0         0         0         0         0         0         0         0         0 
dram[26]:         0         0         0         0         0         0         0         0         0         0         0         0         0         0         0         0 
dram[27]:         0         0         0         0         0         0         0         0         0         0         0         0         0         0         0         0 
dram[28]:         0         0         0         0         0         0         0         0         0         0         0         0         0         0         0         0 
dram[29]:         0         0         0         0         0         0         0         0         0         0         0         0         0         0         0         0 
dram[30]:         0         0         0         0         0         0         0         0         0         0         0         0         0         0         0         0 
dram[31]:         0         0         0         0         0         0         0         0         0         0         0         0         0         0         0         0 
dram[32]:         0         0         0         0         0         0         0         0         0         0         0         0         0         0         0         0 
dram[33]:         0         0         0         0         0         0         0         0         0         0         0         0         0         0         0         0 
dram[34]:         0         0         0         0         0         0         0         0         0         0         0         0         0         0         0         0 
dram[35]:         0         0         0         0         0         0         0         0         0         0         0         0         0         0         0         0 
dram[36]:         0         0         0         0         0         0         0         0         0         0         0         0         0         0         0         0 
dram[37]:         0         0         0         0         0         0         0         0         0         0         0         0         0         0         0         0 
dram[38]:         0         0         0         0         0         0         0         0         0         0         0         0         0         0         0         0 
dram[39]:         0         0         0         0         0         0         0         0         0         0         0         0         0         0         0         0 
average row accesses per activate:
dram[0]:      -nan      -nan      -nan      -nan      -nan      -nan      -nan      -nan      -nan      -nan      -nan      -nan      -nan      -nan      -nan      -nan 
dram[1]:      -nan      -nan      -nan      -nan      -nan      -nan      -nan      -nan      -nan      -nan      -nan      -nan      -nan      -nan      -nan      -nan 
dram[2]:      -nan      -nan      -nan      -nan      -nan      -nan      -nan      -nan      -nan      -nan      -nan      -nan      -nan      -nan      -nan      -nan 
dram[3]:      -nan      -nan      -nan      -nan      -nan      -nan      -nan      -nan      -nan      -nan      -nan      -nan      -nan      -nan      -nan      -nan 
dram[4]:      -nan      -nan      -nan      -nan      -nan      -nan      -nan      -nan      -nan      -nan      -nan      -nan      -nan      -nan      -nan      -nan 
dram[5]:      -nan      -nan      -nan      -nan      -nan      -nan      -nan      -nan      -nan      -nan      -nan      -nan      -nan      -nan      -nan      -nan 
dram[6]:      -nan      -nan      -nan      -nan      -nan      -nan      -nan      -nan      -nan      -nan      -nan      -nan      -nan      -nan      -nan      -nan 
dram[7]:      -nan      -nan      -nan      -nan      -nan      -nan      -nan      -nan      -nan      -nan      -nan      -nan      -nan      -nan      -nan      -nan 
dram[8]:      -nan      -nan      -nan      -nan      -nan      -nan      -nan      -nan      -nan      -nan      -nan      -nan      -nan      -nan      -nan      -nan 
dram[9]:      -nan      -nan      -nan      -nan      -nan      -nan      -nan      -nan      -nan      -nan      -nan      -nan      -nan      -nan      -nan      -nan 
dram[10]:      -nan      -nan      -nan      -nan      -nan      -nan      -nan      -nan      -nan      -nan      -nan      -nan      -nan      -nan      -nan      -nan 
dram[11]:      -nan      -nan      -nan      -nan      -nan      -nan      -nan      -nan      -nan      -nan      -nan      -nan      -nan      -nan      -nan      -nan 
dram[12]:      -nan      -nan      -nan      -nan      -nan      -nan      -nan      -nan      -nan      -nan      -nan      -nan      -nan      -nan      -nan      -nan 
dram[13]:      -nan      -nan      -nan      -nan      -nan      -nan      -nan      -nan      -nan      -nan      -nan      -nan      -nan      -nan      -nan      -nan 
dram[14]:      -nan      -nan      -nan      -nan      -nan      -nan      -nan      -nan      -nan      -nan      -nan      -nan      -nan      -nan      -nan      -nan 
dram[15]:      -nan      -nan      -nan      -nan      -nan      -nan      -nan      -nan      -nan      -nan      -nan      -nan      -nan      -nan      -nan      -nan 
dram[16]:      -nan      -nan      -nan      -nan      -nan      -nan      -nan      -nan      -nan      -nan      -nan      -nan      -nan      -nan      -nan      -nan 
dram[17]:      -nan      -nan      -nan      -nan      -nan      -nan      -nan      -nan      -nan      -nan      -nan      -nan      -nan      -nan      -nan      -nan 
dram[18]:      -nan      -nan      -nan      -nan      -nan      -nan      -nan      -nan      -nan      -nan      -nan      -nan      -nan      -nan      -nan      -nan 
dram[19]:      -nan      -nan      -nan      -nan      -nan      -nan      -nan      -nan      -nan      -nan      -nan      -nan      -nan      -nan      -nan      -nan 
dram[20]:      -nan      -nan      -nan      -nan      -nan      -nan      -nan      -nan      -nan      -nan      -nan      -nan      -nan      -nan      -nan      -nan 
dram[21]:      -nan      -nan      -nan      -nan      -nan      -nan      -nan      -nan      -nan      -nan      -nan      -nan      -nan      -nan      -nan      -nan 
dram[22]:      -nan      -nan      -nan      -nan      -nan      -nan      -nan      -nan      -nan      -nan      -nan      -nan      -nan      -nan      -nan      -nan 
dram[23]:      -nan      -nan      -nan      -nan      -nan      -nan      -nan      -nan      -nan      -nan      -nan      -nan      -nan      -nan      -nan      -nan 
dram[24]:      -nan      -nan      -nan      -nan      -nan      -nan      -nan      -nan      -nan      -nan      -nan      -nan      -nan      -nan      -nan      -nan 
dram[25]:      -nan      -nan      -nan      -nan      -nan      -nan      -nan      -nan      -nan      -nan      -nan      -nan      -nan      -nan      -nan      -nan 
dram[26]:      -nan      -nan      -nan      -nan      -nan      -nan      -nan      -nan      -nan      -nan      -nan      -nan      -nan      -nan      -nan      -nan 
dram[27]:      -nan      -nan      -nan      -nan      -nan      -nan      -nan      -nan      -nan      -nan      -nan      -nan      -nan      -nan      -nan      -nan 
dram[28]:      -nan      -nan      -nan      -nan      -nan      -nan      -nan      -nan      -nan      -nan      -nan      -nan      -nan      -nan      -nan      -nan 
dram[29]:      -nan      -nan      -nan      -nan      -nan      -nan      -nan      -nan      -nan      -nan      -nan      -nan      -nan      -nan      -nan      -nan 
dram[30]:      -nan      -nan      -nan      -nan      -nan      -nan      -nan      -nan      -nan      -nan      -nan      -nan      -nan      -nan      -nan      -nan 
dram[31]:      -nan      -nan      -nan      -nan      -nan      -nan      -nan      -nan      -nan      -nan      -nan      -nan      -nan      -nan      -nan      -nan 
dram[32]:      -nan      -nan      -nan      -nan      -nan      -nan      -nan      -nan      -nan      -nan      -nan      -nan      -nan      -nan      -nan      -nan 
dram[33]:      -nan      -nan      -nan      -nan      -nan      -nan      -nan      -nan      -nan      -nan      -nan      -nan      -nan      -nan      -nan      -nan 
dram[34]:      -nan      -nan      -nan      -nan      -nan      -nan      -nan      -nan      -nan      -nan      -nan      -nan      -nan      -nan      -nan      -nan 
dram[35]:      -nan      -nan      -nan      -nan      -nan      -nan      -nan      -nan      -nan      -nan      -nan      -nan      -nan      -nan      -nan      -nan 
dram[36]:      -nan      -nan      -nan      -nan      -nan      -nan      -nan      -nan      -nan      -nan      -nan      -nan      -nan      -nan      -nan      -nan 
dram[37]:      -nan      -nan      -nan      -nan      -nan      -nan      -nan      -nan      -nan      -nan      -nan      -nan      -nan      -nan      -nan      -nan 
dram[38]:      -nan      -nan      -nan      -nan      -nan      -nan      -nan      -nan      -nan      -nan      -nan      -nan      -nan      -nan      -nan      -nan 
dram[39]:      -nan      -nan      -nan      -nan      -nan      -nan      -nan      -nan      -nan      -nan      -nan      -nan      -nan      -nan      -nan      -nan 
average row locality = 0/0 = -nan
number of total memory accesses made:
dram[0]:         0         0         0         0         0         0         0         0         0         0         0         0         0         0         0         0 
dram[1]:         0         0         0         0         0         0         0         0         0         0         0         0         0         0         0         0 
dram[2]:         0         0         0         0         0         0         0         0         0         0         0         0         0         0         0         0 
dram[3]:         0         0         0         0         0         0         0         0         0         0         0         0         0         0         0         0 
dram[4]:         0         0         0         0         0         0         0         0         0         0         0         0         0         0         0         0 
dram[5]:         0         0         0         0         0         0         0         0         0         0         0         0         0         0         0         0 
dram[6]:         0         0         0         0         0         0         0         0         0         0         0         0         0         0         0         0 
dram[7]:         0         0         0         0         0         0         0         0         0         0         0         0         0         0         0         0 
dram[8]:         0         0         0         0         0         0         0         0         0         0         0         0         0         0         0         0 
dram[9]:         0         0         0         0         0         0         0         0         0         0         0         0         0         0         0         0 
dram[10]:         0         0         0         0         0         0         0         0         0         0         0         0         0         0         0         0 
dram[11]:         0         0         0         0         0         0         0         0         0         0         0         0         0         0         0         0 
dram[12]:         0         0         0         0         0         0         0         0         0         0         0         0         0         0         0         0 
dram[13]:         0         0         0         0         0         0         0         0         0         0         0         0         0         0         0         0 
dram[14]:         0         0         0         0         0         0         0         0         0         0         0         0         0         0         0         0 
dram[15]:         0         0         0         0         0         0         0         0         0         0         0         0         0         0         0         0 
dram[16]:         0         0         0         0         0         0         0         0         0         0         0         0         0         0         0         0 
dram[17]:         0         0         0         0         0         0         0         0         0         0         0         0         0         0         0         0 
dram[18]:         0         0         0         0         0         0         0         0         0         0         0         0         0         0         0         0 
dram[19]:         0         0         0         0         0         0         0         0         0         0         0         0         0         0         0         0 
dram[20]:         0         0         0         0         0         0         0         0         0         0         0         0         0         0         0         0 
dram[21]:         0         0         0         0         0         0         0         0         0         0         0         0         0         0         0         0 
dram[22]:         0         0         0         0         0         0         0         0         0         0         0         0         0         0         0         0 
dram[23]:         0         0         0         0         0         0         0         0         0         0         0         0         0         0         0         0 
dram[24]:         0         0         0         0         0         0         0         0         0         0         0         0         0         0         0         0 
dram[25]:         0         0         0         0         0         0         0         0         0         0         0         0         0         0         0         0 
dram[26]:         0         0         0         0         0         0         0         0         0         0         0         0         0         0         0         0 
dram[27]:         0         0         0         0         0         0         0         0         0         0         0         0         0         0         0         0 
dram[28]:         0         0         0         0         0         0         0         0         0         0         0         0         0         0         0         0 
dram[29]:         0         0         0         0         0         0         0         0         0         0         0         0         0         0         0         0 
dram[30]:         0         0         0         0         0         0         0         0         0         0         0         0         0         0         0         0 
dram[31]:         0         0         0         0         0         0         0         0         0         0         0         0         0         0         0         0 
dram[32]:         0         0         0         0         0         0         0         0         0         0         0         0         0         0         0         0 
dram[33]:         0         0         0         0         0         0         0         0         0         0         0         0         0         0         0         0 
dram[34]:         0         0         0         0         0         0         0         0         0         0         0         0         0         0         0         0 
dram[35]:         0         0         0         0         0         0         0         0         0         0         0         0         0         0         0         0 
dram[36]:         0         0         0         0         0         0         0         0         0         0         0         0         0         0         0         0 
dram[37]:         0         0         0         0         0         0         0         0         0         0         0         0         0         0         0         0 
dram[38]:         0         0         0         0         0         0         0         0         0         0         0         0         0         0         0         0 
dram[39]:         0         0         0         0         0         0         0         0         0         0         0         0         0         0         0         0 
total accesses: 0
min_bank_accesses = 0!
min_chip_accesses = 0!
number of total read accesses:
dram[0]:         0         0        24        28        60        56        72        72        64        64         0         0         0         0         0         0 
dram[1]:         0         0        28        24        56        60        68        68        60        60         0         0         0         0         0         0 
dram[2]:         0         0        28        28        56        56        72        72        64        64         0         0         0         0         0         0 
dram[3]:         0         0        28        28        60        56        68        68        60        60         0         0         4         1         0         0 
dram[4]:         0         0        28        28        56        60        72        72        64        64         0         0         0         0         0         0 
dram[5]:         0         0        32        32        56        56        68        72        60        64         0         0         0         0         0         0 
dram[6]:         0         0        28        28        60        60        72        68        64        60         0         0         0         0         0         0 
dram[7]:         0         0        28        28        56        56        72        72        64        64         0         0         0         0         0         0 
dram[8]:         0         0        28        28        60        60        68        72        60        64         0         0         0         0         0         0 
dram[9]:         0         0        28        28        56        56        72        68        64        60         0         0         0         0         0         0 
dram[10]:         0         0        24        20        68        72        56        56        52        52         0         0         0         0         0         0 
dram[11]:         0         0        24        24        72        68        60        60        56        56         0         0         0         0         0         0 
dram[12]:         0         0        20        24        72        72        56        56        52        52         0         0         0         0         0         0 
dram[13]:         0         0        20        20        68        72        60        60        56        56         0         0         0         0         0         0 
dram[14]:         0         0        20        20        72        68        56        56        52        52         0         0         0         0         0         0 
dram[15]:         0         0        24        24        72        72        60        56        52        52         0         0         4         4         0         0 
dram[16]:         0         0        28        28        68        68        56        60        48        52         0         0         4         4         0         0 
dram[17]:         0         0        24        24        72        72        56        56        52        48         0         0         0         0         0         0 
dram[18]:         0         0        24        24        68        68        60        56        56        52         0         0         0         0         0         0 
dram[19]:         0         0        24        24        72        72        56        60        52        56         0         0         0         0         0         0 
dram[20]:         0         0        28        24        68        72        56        56        52        52         0         0         0         0         0         0 
dram[21]:         0         0        24        28        72        68        60        60        52        52         0         0         0         0         0         0 
dram[22]:         0         0        24        24        72        72        56        56        48        48         0         0         0         0         0         0 
dram[23]:         0         0        24        24        68        72        60        60        52        52         0         0         0         0         0         0 
dram[24]:         0         0        24        24        72        68        56        56        48        48         0         0         0         0         0         0 
dram[25]:         0         0        20        20        72        72        60        56        56        52         0         0         0         0         0         0 
dram[26]:         0         0        24        24        68        68        56        60        52        56         0         0         0         0         0         0 
dram[27]:         0         0        24        24        72        72        56        56        52        52         0         0         0         0         0         0 
dram[28]:         0         0        24        24        68        68        60        56        56        52         0         0         0         0         0         0 
dram[29]:         0         0        24        24        72        72        56        60        52        56         0         0         0         0         0         0 
dram[30]:         0         0        24        28        60        56        72        72        64        64         0         0         0         0         0         0 
dram[31]:         0         0        28        24        56        60        68        68        60        60         0         0         0         0         0         0 
dram[32]:         0         0        28        28        56        56        72        72        64        64         0         0         0         0         0         0 
dram[33]:         0         0        28        28        60        56        68        68        60        60         0         0         0         0         0         0 
dram[34]:         0         0        28        28        56        60        72        72        64        64         0         0         0         0         0         0 
dram[35]:         0         0        28        28        56        56        68        72        64        64         0         0         0         0         0         0 
dram[36]:         0         0        24        24        60        60        72        68        68        64         0         0         0         0         0         0 
dram[37]:         0         0        28        28        56        56        72        72        64        68         0         0         0         0         0         0 
dram[38]:         0         0        28        28        60        60        68        72        60        64         0         0         0         0         0         0 
dram[39]:         0         0        28        28        56        56        72        68        64        60         0         0         0         0         0         0 
total dram reads = 16917
min_bank_accesses = 0!
chip skew: 444/396 = 1.12
number of total write accesses:
dram[0]:         0         0         0         0         0         0         0         0         0         0         0         0         0         0         0         0 
dram[1]:         0         0         0         0         0         0         0         0         0         0         0         0         0         0         0         0 
dram[2]:         0         0         0         0         0         0         0         0         0         0         0         0         0         0         0         0 
dram[3]:         0         0         0         0         0         0         0         0         0         0         0         0         0         0         0         0 
dram[4]:         0         0         0         0         0         0         0         0         0         0         0         0         0         0         0         0 
dram[5]:         0         0         0         0         0         0         0         0         0         0         0         0         0         0         0         0 
dram[6]:         0         0         0         0         0         0         0         0         0         0         0         0         0         0         0         0 
dram[7]:         0         0         0         0         0         0         0         0         0         0         0         0         0         0         0         0 
dram[8]:         0         0         0         0         0         0         0         0         0         0         0         0         0         0         0         0 
dram[9]:         0         0         0         0         0         0         0         0         0         0         0         0         0         0         0         0 
dram[10]:         0         0         0         0         0         0         0         0         0         0         0         0         0         0         0         0 
dram[11]:         0         0         0         0         0         0         0         0         0         0         0         0         0         0         0         0 
dram[12]:         0         0         0         0         0         0         0         0         0         0         0         0         0         0         0         0 
dram[13]:         0         0         0         0         0         0         0         0         0         0         0         0         0         0         0         0 
dram[14]:         0         0         0         0         0         0         0         0         0         0         0         0         0         0         0         0 
dram[15]:         0         0         0         0         0         0         0         0         0         0         0         0         0         0         0         0 
dram[16]:         0         0         0         0         0         0         0         0         0         0         0         0         0         0         0         0 
dram[17]:         0         0         0         0         0         0         0         0         0         0         0         0         0         0         0         0 
dram[18]:         0         0         0         0         0         0         0         0         0         0         0         0         0         0         0         0 
dram[19]:         0         0         0         0         0         0         0         0         0         0         0         0         0         0         0         0 
dram[20]:         0         0         0         0         0         0         0         0         0         0         0         0         0         0         0         0 
dram[21]:         0         0         0         0         0         0         0         0         0         0         0         0         0         0         0         0 
dram[22]:         0         0         0         0         0         0         0         0         0         0         0         0         0         0         0         0 
dram[23]:         0         0         0         0         0         0         0         0         0         0         0         0         0         0         0         0 
dram[24]:         0         0         0         0         0         0         0         0         0         0         0         0         0         0         0         0 
dram[25]:         0         0         0         0         0         0         0         0         0         0         0         0         0         0         0         0 
dram[26]:         0         0         0         0         0         0         0         0         0         0         0         0         0         0         0         0 
dram[27]:         0         0         0         0         0         0         0         0         0         0         0         0         0         0         0         0 
dram[28]:         0         0         0         0         0         0         0         0         0         0         0         0         0         0         0         0 
dram[29]:         0         0         0         0         0         0         0         0         0         0         0         0         0         0         0         0 
dram[30]:         0         0         0         0         0         0         0         0         0         0         0         0         0         0         0         0 
dram[31]:         0         0         0         0         0         0         0         0         0         0         0         0         0         0         0         0 
dram[32]:         0         0         0         0         0         0         0         0         0         0         0         0         0         0         0         0 
dram[33]:         0         0         0         0         0         0         0         0         0         0         0         0         0         0         0         0 
dram[34]:         0         0         0         0         0         0         0         0         0         0         0         0         0         0         0         0 
dram[35]:         0         0         0         0         0         0         0         0         0         0         0         0         0         0         0         0 
dram[36]:         0         0         0         0         0         0         0         0         0         0         0         0         0         0         0         0 
dram[37]:         0         0         0         0         0         0         0         0         0         0         0         0         0         0         0         0 
dram[38]:         0         0         0         0         0         0         0         0         0         0         0         0         0         0         0         0 
dram[39]:         0         0         0         0         0         0         0         0         0         0         0         0         0         0         0         0 
total dram writes = 0
min_bank_accesses = 0!
min_chip_accesses = 0!
average mf latency per bank:
dram[0]:     none      none         611       610       567       564       561       561       700       699    none      none      none      none      none      none  
dram[1]:     none      none         616       609       567       565       561       561       708       708    none      none      none      none      none      none  
dram[2]:     none      none         612       614       561       564       566       560       705       697    none      none      none      none      none      none  
dram[3]:     none      none         611       610       562       560       566       566       713       713    none      none       18624     41964    none      none  
dram[4]:     none      none         609       608       562       560       566       566       703       703    none      none      none      none      none      none  
dram[5]:     none      none         619       619       561       560       567       565       717       704    none      none      none      none      none      none  
dram[6]:     none      none         621       621       561       561       567       565       707       713    none      none      none      none      none      none  
dram[7]:     none      none         624       619       565       561       562       564       677       703    none      none      none      none      none      none  
dram[8]:     none      none         623       623       566       565       562       560       684       674    none      none      none      none      none      none  
dram[9]:     none      none         621       621       566       566       562       559       699       680    none      none      none      none      none      none  
dram[10]:     none      none         620       623       567       565       561       561       701       700    none      none      none      none      none      none  
dram[11]:     none      none         618       617       567       565       562       561       691       690    none      none      none      none      none      none  
dram[12]:     none      none         624       615       562       564       566       561       705       699    none      none      none      none      none      none  
dram[13]:     none      none         622       622       562       560       566       565       695       694    none      none      none      none      none      none  
dram[14]:     none      none         620       620       562       559       566       566       705       704    none      none      none      none      none      none  
dram[15]:     none      none         621       620       561       561       566       565       714       714    none      none       11575     11566    none      none  
dram[16]:     none      none         625       624       561       561       567       565       726       711    none      none       11504     11514    none      none  
dram[17]:     none      none         628       624       566       560       562       565       700       723    none      none      none      none      none      none  
dram[18]:     none      none         627       626       566       566       562       560       690       697    none      none      none      none      none      none  
dram[19]:     none      none         625       625       566       566       562       560       709       687    none      none      none      none      none      none  
dram[20]:     none      none         855       855       833       830       826       826       826       826    none      none      none      none      none      none  
dram[21]:     none      none         855       855       832       830       826       826       825       824    none      none      none      none      none      none  
dram[22]:     none      none         854       854       827       830       831       826       829       824    none      none      none      none      none      none  
dram[23]:     none      none         854       854       827       825       831       831       830       830    none      none      none      none      none      none  
dram[24]:     none      none         854       853       827       825       831       831       831       831    none      none      none      none      none      none  
dram[25]:     none      none         853       852       826       826       832       830       831       830    none      none      none      none      none      none  
dram[26]:     none      none         853       853       826       826       832       830       833       830    none      none      none      none      none      none  
dram[27]:     none      none         852       852       831       825       827       830       827       830    none      none      none      none      none      none  
dram[28]:     none      none         852       852       831       831       827       825       827       825    none      none      none      none      none      none  
dram[29]:     none      none         851       851       831       831       827       825       828       825    none      none      none      none      none      none  
dram[30]:     none      none         858       849       831       830       826       826       826       826    none      none      none      none      none      none  
dram[31]:     none      none         858       858       832       830       826       826       826       826    none      none      none      none      none      none  
dram[32]:     none      none         850       857       827       830       831       825       832       826    none      none      none      none      none      none  
dram[33]:     none      none         849       849       827       825       831       831       832       833    none      none      none      none      none      none  
dram[34]:     none      none         849       849       827       825       831       831       832       832    none      none      none      none      none      none  
dram[35]:     none      none         849       849       826       826       832       830       831       831    none      none      none      none      none      none  
dram[36]:     none      none         848       847       826       826       832       830       831       829    none      none      none      none      none      none  
dram[37]:     none      none         850       848       831       826       827       829       827       828    none      none      none      none      none      none  
dram[38]:     none      none         849       849       831       830       827       825       827       825    none      none      none      none      none      none  
dram[39]:     none      none         849       849       831       831       827       825       828       825    none      none      none      none      none      none  
maximum mf latency per bank:
dram[0]:        369       368       662       663       596       595       598       596       598       598       372       372       369       368       369       368
dram[1]:        367       366       662       661       596       597       596       595       596       595       371       372       367       366       367       366
dram[2]:        365       364       662       661       586       594       597       596       597       596       365       370       369       364       369       364
dram[3]:        363       362       662       663       596       586       597       595       596       596       363       362       529       529       367       368
dram[4]:        361       360       661       661       596       597       597       596       597       596       372       360       365       366       365       366
dram[5]:        323       324       661       661       586       586       597       597       597       597       369       368       359       358       372       372
dram[6]:        321       322       662       661       597       596       596       596       596       596       367       366       357       356       371       372
dram[7]:        372       372       662       662       597       595       596       596       596       596       369       364       372       372       359       370
dram[8]:        372       372       663       662       597       596       595       596       597       597       367       368       372       372       357       358
dram[9]:        371       370       662       661       596       595       596       595       596       595       365       366       371       370       372       356
dram[10]:        353       354       650       649       597       597       586       586       586       586       372       372       372       372       369       368
dram[11]:        351       352       649       647       596       595       597       596       597       596       371       372       371       372       367       366
dram[12]:        359       350       652       644       596       597       596       595       596       596       372       372       372       372       369       364
dram[13]:        357       358       651       653       596       597       597       596       598       597       372       372       372       372       367       368
dram[14]:        355       356       649       650       596       595       596       595       596       595       372       370       372       370       365       366
dram[15]:        343       344       659       658       597       596       596       595       594       595       372       372       580       575       372       372
dram[16]:        341       342       660       660       596       596       597       597       592       593       371       372       576       583       371       372
dram[17]:        349       340       661       662       597       596       586       594       585       590       372       372       372       372       372       372
dram[18]:        347       348       662       661       596       595       596       585       596       585       372       372       372       372       372       372
dram[19]:        345       346       661       661       597       596       597       597       597       597       372       370       372       370       372       370
dram[20]:          0         0       863       864       862       862       851       850       852       850         0         0         0         0         0         0
dram[21]:          0         0       863       863       860       860       862       862       849       848         0         0         0         0         0         0
dram[22]:          0         0       862       862       860       861       861       860       847       847         0         0         0         0         0         0
dram[23]:          0         0       863       863       861       862       862       863       862       862         0         0         0         0         0         0
dram[24]:          0         0       864       863       860       861       861       860       861       860         0         0         0         0         0         0
dram[25]:          0         0       864       863       862       861       860       860       861       860         0         0         0         0         0         0
dram[26]:          0         0       863       863       862       860       861       862       861       862         0         0         0         0         0         0
dram[27]:          0         0       862       862       862       862       851       860       851       859         0         0         0         0         0         0
dram[28]:          0         0       863       863       861       860       860       851       860       850         0         0         0         0         0         0
dram[29]:          0         0       864       863       861       861       861       862       861       862         0         0         0         0         0         0
dram[30]:          0         0       863       862       860       860       862       862       862       863         0         0         0         0         0         0
dram[31]:          0         0       864       863       861       862       861       860       861       860         0         0         0         0         0         0
dram[32]:          0         0       863       862       851       859       862       862       862       861         0         0         0         0         0         0
dram[33]:          0         0       864       863       860       850       861       861       861       861         0         0         0         0         0         0
dram[34]:          0         0       864       863       862       862       862       862       862       862         0         0         0         0         0         0
dram[35]:          0         0       863       863       851       851       861       862       861       862         0         0         0         0         0         0
dram[36]:          0         0       864       863       862       861       860       860       860       860         0         0         0         0         0         0
dram[37]:          0         0       862       862       861       861       860       862       860       861         0         0         0         0         0         0
dram[38]:          0         0       864       864       862       862       861       862       861       862         0         0         0         0         0         0
dram[39]:          0         0       864       863       861       860       860       860       860       860         0         0         0         0         0         0
LRC stats:
LRC_subpartition_num_lrc_to_l2_sectors.sum = 16961
LRC_subpartition_num_icnt_to_lrc_sectors.sum = 17063
Number of LRC to L2 sectors: 16961
Number of ICNT to LRC sectors: 17063
Number of LRC to L2 bytes: 542752
Number of ICNT to LRC bytes: 546016
LRC compression ratio: 1.006014
LRC_subpartition_l2_stall_due_to_lrc_full.sum = 0
Inter-chiplet stats:
interchip_read_requests = 8448
interchip_write_requests = 17160
Total inter-chiplet requests: 25608
Memory Partition 0: 
Cache L2_bank_000:
MSHR contents

Cache L2_bank_001:
MSHR contents

In Dram Latency Queue (total = 0): 
DRAM[0]: 16 bks, busW=8 BL=4 CL=19, tRRD=6 tCCD=1, tRCD=19 tRAS=45 tRP=19 tRC=50
n_cmd=0 n_nop=0 n_act=0 n_pre=0 n_ref_event=0 n_req=0 n_rd=0 n_rd_L2_A=0 n_write=0 n_wr_bk=0 bw_util=-nan
n_activity=0 dram_eff=-nan
bk0: 0a 0i bk1: 0a 0i bk2: 0a 0i bk3: 0a 0i bk4: 0a 0i bk5: 0a 0i bk6: 0a 0i bk7: 0a 0i bk8: 0a 0i bk9: 0a 0i bk10: 0a 0i bk11: 0a 0i bk12: 0a 0i bk13: 0a 0i bk14: 0a 0i bk15: 0a 0i 

------------------------------------------------------------------------

Row_Buffer_Locality = -nan
Row_Buffer_Locality_read = -nan
Row_Buffer_Locality_write = -nan
Bank_Level_Parallism = -nan
Bank_Level_Parallism_Col = -nan
Bank_Level_Parallism_Ready = -nan
write_to_read_ratio_blp_rw_average = -nan
GrpLevelPara = -nan 

BW Util details:
bwutil = -nan 
total_CMD = 0 
util_bw = 0 
Wasted_Col = 0 
Wasted_Row = 0 
Idle = 0 

BW Util Bottlenecks: 
RCDc_limit = 0 
RCDWRc_limit = 0 
WTRc_limit = 0 
RTWc_limit = 0 
CCDLc_limit = 0 
rwq = 0 
CCDLc_limit_alone = 0 
WTRc_limit_alone = 0 
RTWc_limit_alone = 0 

Commands details: 
total_CMD = 0 
n_nop = 0 
Read = 0 
Write = 0 
L2_Alloc = 0 
L2_WB = 0 
n_act = 0 
n_pre = 0 
n_ref = 0 
n_req = 0 
total_req = 0 

Dual Bus Interface Util: 
issued_total_row = 0 
issued_total_col = 0 
Row_Bus_Util =  -nan 
CoL_Bus_Util = -nan 
Either_Row_CoL_Bus_Util = -nan 
Issued_on_Two_Bus_Simul_Util = -nan 
issued_two_Eff = -nan 
queue_avg = -nan 


dram_util_bins: 0 0 0 0 0 0 0 0 0 0
dram_eff_bins: 0 0 0 0 0 0 0 0 0 0
mrqq: max=0 avg=-nan
Memory Partition 1: 
Cache L2_bank_002:
MSHR contents

Cache L2_bank_003:
MSHR contents

In Dram Latency Queue (total = 0): 
DRAM[1]: 16 bks, busW=8 BL=4 CL=19, tRRD=6 tCCD=1, tRCD=19 tRAS=45 tRP=19 tRC=50
n_cmd=0 n_nop=0 n_act=0 n_pre=0 n_ref_event=0 n_req=0 n_rd=0 n_rd_L2_A=0 n_write=0 n_wr_bk=0 bw_util=-nan
n_activity=0 dram_eff=-nan
bk0: 0a 0i bk1: 0a 0i bk2: 0a 0i bk3: 0a 0i bk4: 0a 0i bk5: 0a 0i bk6: 0a 0i bk7: 0a 0i bk8: 0a 0i bk9: 0a 0i bk10: 0a 0i bk11: 0a 0i bk12: 0a 0i bk13: 0a 0i bk14: 0a 0i bk15: 0a 0i 

------------------------------------------------------------------------

Row_Buffer_Locality = -nan
Row_Buffer_Locality_read = -nan
Row_Buffer_Locality_write = -nan
Bank_Level_Parallism = -nan
Bank_Level_Parallism_Col = -nan
Bank_Level_Parallism_Ready = -nan
write_to_read_ratio_blp_rw_average = -nan
GrpLevelPara = -nan 

BW Util details:
bwutil = -nan 
total_CMD = 0 
util_bw = 0 
Wasted_Col = 0 
Wasted_Row = 0 
Idle = 0 

BW Util Bottlenecks: 
RCDc_limit = 0 
RCDWRc_limit = 0 
WTRc_limit = 0 
RTWc_limit = 0 
CCDLc_limit = 0 
rwq = 0 
CCDLc_limit_alone = 0 
WTRc_limit_alone = 0 
RTWc_limit_alone = 0 

Commands details: 
total_CMD = 0 
n_nop = 0 
Read = 0 
Write = 0 
L2_Alloc = 0 
L2_WB = 0 
n_act = 0 
n_pre = 0 
n_ref = 0 
n_req = 0 
total_req = 0 

Dual Bus Interface Util: 
issued_total_row = 0 
issued_total_col = 0 
Row_Bus_Util =  -nan 
CoL_Bus_Util = -nan 
Either_Row_CoL_Bus_Util = -nan 
Issued_on_Two_Bus_Simul_Util = -nan 
issued_two_Eff = -nan 
queue_avg = -nan 


dram_util_bins: 0 0 0 0 0 0 0 0 0 0
dram_eff_bins: 0 0 0 0 0 0 0 0 0 0
mrqq: max=0 avg=-nan
Memory Partition 2: 
Cache L2_bank_004:
MSHR contents

Cache L2_bank_005:
MSHR contents

In Dram Latency Queue (total = 0): 
DRAM[2]: 16 bks, busW=8 BL=4 CL=19, tRRD=6 tCCD=1, tRCD=19 tRAS=45 tRP=19 tRC=50
n_cmd=0 n_nop=0 n_act=0 n_pre=0 n_ref_event=0 n_req=0 n_rd=0 n_rd_L2_A=0 n_write=0 n_wr_bk=0 bw_util=-nan
n_activity=0 dram_eff=-nan
bk0: 0a 0i bk1: 0a 0i bk2: 0a 0i bk3: 0a 0i bk4: 0a 0i bk5: 0a 0i bk6: 0a 0i bk7: 0a 0i bk8: 0a 0i bk9: 0a 0i bk10: 0a 0i bk11: 0a 0i bk12: 0a 0i bk13: 0a 0i bk14: 0a 0i bk15: 0a 0i 

------------------------------------------------------------------------

Row_Buffer_Locality = -nan
Row_Buffer_Locality_read = -nan
Row_Buffer_Locality_write = -nan
Bank_Level_Parallism = -nan
Bank_Level_Parallism_Col = -nan
Bank_Level_Parallism_Ready = -nan
write_to_read_ratio_blp_rw_average = -nan
GrpLevelPara = -nan 

BW Util details:
bwutil = -nan 
total_CMD = 0 
util_bw = 0 
Wasted_Col = 0 
Wasted_Row = 0 
Idle = 0 

BW Util Bottlenecks: 
RCDc_limit = 0 
RCDWRc_limit = 0 
WTRc_limit = 0 
RTWc_limit = 0 
CCDLc_limit = 0 
rwq = 0 
CCDLc_limit_alone = 0 
WTRc_limit_alone = 0 
RTWc_limit_alone = 0 

Commands details: 
total_CMD = 0 
n_nop = 0 
Read = 0 
Write = 0 
L2_Alloc = 0 
L2_WB = 0 
n_act = 0 
n_pre = 0 
n_ref = 0 
n_req = 0 
total_req = 0 

Dual Bus Interface Util: 
issued_total_row = 0 
issued_total_col = 0 
Row_Bus_Util =  -nan 
CoL_Bus_Util = -nan 
Either_Row_CoL_Bus_Util = -nan 
Issued_on_Two_Bus_Simul_Util = -nan 
issued_two_Eff = -nan 
queue_avg = -nan 


dram_util_bins: 0 0 0 0 0 0 0 0 0 0
dram_eff_bins: 0 0 0 0 0 0 0 0 0 0
mrqq: max=0 avg=-nan
Memory Partition 3: 
Cache L2_bank_006:
MSHR contents

Cache L2_bank_007:
MSHR contents

In Dram Latency Queue (total = 0): 
DRAM[3]: 16 bks, busW=8 BL=4 CL=19, tRRD=6 tCCD=1, tRCD=19 tRAS=45 tRP=19 tRC=50
n_cmd=0 n_nop=0 n_act=0 n_pre=0 n_ref_event=94788103052688 n_req=0 n_rd=0 n_rd_L2_A=0 n_write=0 n_wr_bk=0 bw_util=-nan
n_activity=0 dram_eff=-nan
bk0: 0a 0i bk1: 0a 0i bk2: 0a 0i bk3: 0a 0i bk4: 0a 0i bk5: 0a 0i bk6: 0a 0i bk7: 0a 0i bk8: 0a 0i bk9: 0a 0i bk10: 0a 0i bk11: 0a 0i bk12: 0a 0i bk13: 0a 0i bk14: 0a 0i bk15: 0a 0i 

------------------------------------------------------------------------

Row_Buffer_Locality = -nan
Row_Buffer_Locality_read = -nan
Row_Buffer_Locality_write = -nan
Bank_Level_Parallism = -nan
Bank_Level_Parallism_Col = inf
Bank_Level_Parallism_Ready = -nan
write_to_read_ratio_blp_rw_average = -nan
GrpLevelPara = -nan 

BW Util details:
bwutil = -nan 
total_CMD = 0 
util_bw = 0 
Wasted_Col = 0 
Wasted_Row = 0 
Idle = 0 

BW Util Bottlenecks: 
RCDc_limit = 0 
RCDWRc_limit = 0 
WTRc_limit = 0 
RTWc_limit = 0 
CCDLc_limit = 0 
rwq = 0 
CCDLc_limit_alone = 0 
WTRc_limit_alone = 0 
RTWc_limit_alone = 0 

Commands details: 
total_CMD = 0 
n_nop = 0 
Read = 0 
Write = 0 
L2_Alloc = 0 
L2_WB = 0 
n_act = 0 
n_pre = 0 
n_ref = 94788103052688 
n_req = 0 
total_req = 0 

Dual Bus Interface Util: 
issued_total_row = 0 
issued_total_col = 0 
Row_Bus_Util =  -nan 
CoL_Bus_Util = -nan 
Either_Row_CoL_Bus_Util = -nan 
Issued_on_Two_Bus_Simul_Util = -nan 
issued_two_Eff = -nan 
queue_avg = -nan 


dram_util_bins: 0 0 0 0 0 0 0 0 0 0
dram_eff_bins: 0 0 0 0 0 0 0 0 0 0
mrqq: max=0 avg=-nan
Memory Partition 4: 
Cache L2_bank_008:
MSHR contents

Cache L2_bank_009:
MSHR contents

In Dram Latency Queue (total = 0): 
DRAM[4]: 16 bks, busW=8 BL=4 CL=19, tRRD=6 tCCD=1, tRCD=19 tRAS=45 tRP=19 tRC=50
n_cmd=0 n_nop=0 n_act=0 n_pre=0 n_ref_event=0 n_req=0 n_rd=0 n_rd_L2_A=0 n_write=0 n_wr_bk=0 bw_util=-nan
n_activity=0 dram_eff=-nan
bk0: 0a 0i bk1: 0a 0i bk2: 0a 0i bk3: 0a 0i bk4: 0a 0i bk5: 0a 0i bk6: 0a 0i bk7: 0a 0i bk8: 0a 0i bk9: 0a 0i bk10: 0a 0i bk11: 0a 0i bk12: 0a 0i bk13: 0a 0i bk14: 0a 0i bk15: 0a 0i 

------------------------------------------------------------------------

Row_Buffer_Locality = -nan
Row_Buffer_Locality_read = -nan
Row_Buffer_Locality_write = -nan
Bank_Level_Parallism = -nan
Bank_Level_Parallism_Col = -nan
Bank_Level_Parallism_Ready = -nan
write_to_read_ratio_blp_rw_average = -nan
GrpLevelPara = -nan 

BW Util details:
bwutil = -nan 
total_CMD = 0 
util_bw = 0 
Wasted_Col = 0 
Wasted_Row = 0 
Idle = 0 

BW Util Bottlenecks: 
RCDc_limit = 0 
RCDWRc_limit = 0 
WTRc_limit = 0 
RTWc_limit = 0 
CCDLc_limit = 0 
rwq = 0 
CCDLc_limit_alone = 0 
WTRc_limit_alone = 0 
RTWc_limit_alone = 0 

Commands details: 
total_CMD = 0 
n_nop = 0 
Read = 0 
Write = 0 
L2_Alloc = 0 
L2_WB = 0 
n_act = 0 
n_pre = 0 
n_ref = 0 
n_req = 0 
total_req = 0 

Dual Bus Interface Util: 
issued_total_row = 0 
issued_total_col = 0 
Row_Bus_Util =  -nan 
CoL_Bus_Util = -nan 
Either_Row_CoL_Bus_Util = -nan 
Issued_on_Two_Bus_Simul_Util = -nan 
issued_two_Eff = -nan 
queue_avg = -nan 


dram_util_bins: 0 0 0 0 0 0 0 0 0 0
dram_eff_bins: 0 0 0 0 0 0 0 0 0 0
mrqq: max=0 avg=-nan
Memory Partition 5: 
Cache L2_bank_010:
MSHR contents

Cache L2_bank_011:
MSHR contents

In Dram Latency Queue (total = 0): 
DRAM[5]: 16 bks, busW=8 BL=4 CL=19, tRRD=6 tCCD=1, tRCD=19 tRAS=45 tRP=19 tRC=50
n_cmd=0 n_nop=0 n_act=0 n_pre=0 n_ref_event=0 n_req=0 n_rd=0 n_rd_L2_A=0 n_write=0 n_wr_bk=0 bw_util=-nan
n_activity=0 dram_eff=-nan
bk0: 0a 0i bk1: 0a 0i bk2: 0a 0i bk3: 0a 0i bk4: 0a 0i bk5: 0a 0i bk6: 0a 0i bk7: 0a 0i bk8: 0a 0i bk9: 0a 0i bk10: 0a 0i bk11: 0a 0i bk12: 0a 0i bk13: 0a 0i bk14: 0a 0i bk15: 0a 0i 

------------------------------------------------------------------------

Row_Buffer_Locality = -nan
Row_Buffer_Locality_read = -nan
Row_Buffer_Locality_write = -nan
Bank_Level_Parallism = -nan
Bank_Level_Parallism_Col = -nan
Bank_Level_Parallism_Ready = -nan
write_to_read_ratio_blp_rw_average = -nan
GrpLevelPara = -nan 

BW Util details:
bwutil = -nan 
total_CMD = 0 
util_bw = 0 
Wasted_Col = 0 
Wasted_Row = 0 
Idle = 0 

BW Util Bottlenecks: 
RCDc_limit = 0 
RCDWRc_limit = 0 
WTRc_limit = 0 
RTWc_limit = 0 
CCDLc_limit = 0 
rwq = 0 
CCDLc_limit_alone = 0 
WTRc_limit_alone = 0 
RTWc_limit_alone = 0 

Commands details: 
total_CMD = 0 
n_nop = 0 
Read = 0 
Write = 0 
L2_Alloc = 0 
L2_WB = 0 
n_act = 0 
n_pre = 0 
n_ref = 0 
n_req = 0 
total_req = 0 

Dual Bus Interface Util: 
issued_total_row = 0 
issued_total_col = 0 
Row_Bus_Util =  -nan 
CoL_Bus_Util = -nan 
Either_Row_CoL_Bus_Util = -nan 
Issued_on_Two_Bus_Simul_Util = -nan 
issued_two_Eff = -nan 
queue_avg = -nan 


dram_util_bins: 0 0 0 0 0 0 0 0 0 0
dram_eff_bins: 0 0 0 0 0 0 0 0 0 0
mrqq: max=0 avg=-nan
Memory Partition 6: 
Cache L2_bank_012:
MSHR contents

Cache L2_bank_013:
MSHR contents

In Dram Latency Queue (total = 0): 
DRAM[6]: 16 bks, busW=8 BL=4 CL=19, tRRD=6 tCCD=1, tRCD=19 tRAS=45 tRP=19 tRC=50
n_cmd=0 n_nop=0 n_act=0 n_pre=0 n_ref_event=0 n_req=0 n_rd=0 n_rd_L2_A=0 n_write=0 n_wr_bk=0 bw_util=-nan
n_activity=0 dram_eff=-nan
bk0: 0a 0i bk1: 0a 0i bk2: 0a 0i bk3: 0a 0i bk4: 0a 0i bk5: 0a 0i bk6: 0a 0i bk7: 0a 0i bk8: 0a 0i bk9: 0a 0i bk10: 0a 0i bk11: 0a 0i bk12: 0a 0i bk13: 0a 0i bk14: 0a 0i bk15: 0a 0i 

------------------------------------------------------------------------

Row_Buffer_Locality = -nan
Row_Buffer_Locality_read = -nan
Row_Buffer_Locality_write = -nan
Bank_Level_Parallism = -nan
Bank_Level_Parallism_Col = -nan
Bank_Level_Parallism_Ready = -nan
write_to_read_ratio_blp_rw_average = -nan
GrpLevelPara = -nan 

BW Util details:
bwutil = -nan 
total_CMD = 0 
util_bw = 0 
Wasted_Col = 0 
Wasted_Row = 0 
Idle = 0 

BW Util Bottlenecks: 
RCDc_limit = 0 
RCDWRc_limit = 0 
WTRc_limit = 0 
RTWc_limit = 0 
CCDLc_limit = 0 
rwq = 0 
CCDLc_limit_alone = 0 
WTRc_limit_alone = 0 
RTWc_limit_alone = 0 

Commands details: 
total_CMD = 0 
n_nop = 0 
Read = 0 
Write = 0 
L2_Alloc = 0 
L2_WB = 0 
n_act = 0 
n_pre = 0 
n_ref = 0 
n_req = 0 
total_req = 0 

Dual Bus Interface Util: 
issued_total_row = 0 
issued_total_col = 0 
Row_Bus_Util =  -nan 
CoL_Bus_Util = -nan 
Either_Row_CoL_Bus_Util = -nan 
Issued_on_Two_Bus_Simul_Util = -nan 
issued_two_Eff = -nan 
queue_avg = -nan 


dram_util_bins: 0 0 0 0 0 0 0 0 0 0
dram_eff_bins: 0 0 0 0 0 0 0 0 0 0
mrqq: max=0 avg=-nan
Memory Partition 7: 
Cache L2_bank_014:
MSHR contents

Cache L2_bank_015:
MSHR contents

In Dram Latency Queue (total = 0): 
DRAM[7]: 16 bks, busW=8 BL=4 CL=19, tRRD=6 tCCD=1, tRCD=19 tRAS=45 tRP=19 tRC=50
n_cmd=0 n_nop=0 n_act=0 n_pre=0 n_ref_event=0 n_req=0 n_rd=0 n_rd_L2_A=0 n_write=0 n_wr_bk=0 bw_util=-nan
n_activity=0 dram_eff=-nan
bk0: 0a 0i bk1: 0a 0i bk2: 0a 0i bk3: 0a 0i bk4: 0a 0i bk5: 0a 0i bk6: 0a 0i bk7: 0a 0i bk8: 0a 0i bk9: 0a 0i bk10: 0a 0i bk11: 0a 0i bk12: 0a 0i bk13: 0a 0i bk14: 0a 0i bk15: 0a 0i 

------------------------------------------------------------------------

Row_Buffer_Locality = -nan
Row_Buffer_Locality_read = -nan
Row_Buffer_Locality_write = -nan
Bank_Level_Parallism = -nan
Bank_Level_Parallism_Col = -nan
Bank_Level_Parallism_Ready = -nan
write_to_read_ratio_blp_rw_average = -nan
GrpLevelPara = -nan 

BW Util details:
bwutil = -nan 
total_CMD = 0 
util_bw = 0 
Wasted_Col = 0 
Wasted_Row = 0 
Idle = 0 

BW Util Bottlenecks: 
RCDc_limit = 0 
RCDWRc_limit = 0 
WTRc_limit = 0 
RTWc_limit = 0 
CCDLc_limit = 0 
rwq = 0 
CCDLc_limit_alone = 0 
WTRc_limit_alone = 0 
RTWc_limit_alone = 0 

Commands details: 
total_CMD = 0 
n_nop = 0 
Read = 0 
Write = 0 
L2_Alloc = 0 
L2_WB = 0 
n_act = 0 
n_pre = 0 
n_ref = 0 
n_req = 0 
total_req = 0 

Dual Bus Interface Util: 
issued_total_row = 0 
issued_total_col = 0 
Row_Bus_Util =  -nan 
CoL_Bus_Util = -nan 
Either_Row_CoL_Bus_Util = -nan 
Issued_on_Two_Bus_Simul_Util = -nan 
issued_two_Eff = -nan 
queue_avg = -nan 


dram_util_bins: 0 0 0 0 0 0 0 0 0 0
dram_eff_bins: 0 0 0 0 0 0 0 0 0 0
mrqq: max=0 avg=-nan
Memory Partition 8: 
Cache L2_bank_016:
MSHR contents

Cache L2_bank_017:
MSHR contents

In Dram Latency Queue (total = 0): 
DRAM[8]: 16 bks, busW=8 BL=4 CL=19, tRRD=6 tCCD=1, tRCD=19 tRAS=45 tRP=19 tRC=50
n_cmd=0 n_nop=0 n_act=0 n_pre=0 n_ref_event=0 n_req=0 n_rd=0 n_rd_L2_A=0 n_write=0 n_wr_bk=0 bw_util=-nan
n_activity=0 dram_eff=-nan
bk0: 0a 0i bk1: 0a 0i bk2: 0a 0i bk3: 0a 0i bk4: 0a 0i bk5: 0a 0i bk6: 0a 0i bk7: 0a 0i bk8: 0a 0i bk9: 0a 0i bk10: 0a 0i bk11: 0a 0i bk12: 0a 0i bk13: 0a 0i bk14: 0a 0i bk15: 0a 0i 

------------------------------------------------------------------------

Row_Buffer_Locality = -nan
Row_Buffer_Locality_read = -nan
Row_Buffer_Locality_write = -nan
Bank_Level_Parallism = -nan
Bank_Level_Parallism_Col = -nan
Bank_Level_Parallism_Ready = -nan
write_to_read_ratio_blp_rw_average = -nan
GrpLevelPara = -nan 

BW Util details:
bwutil = -nan 
total_CMD = 0 
util_bw = 0 
Wasted_Col = 0 
Wasted_Row = 0 
Idle = 0 

BW Util Bottlenecks: 
RCDc_limit = 0 
RCDWRc_limit = 0 
WTRc_limit = 0 
RTWc_limit = 0 
CCDLc_limit = 0 
rwq = 0 
CCDLc_limit_alone = 0 
WTRc_limit_alone = 0 
RTWc_limit_alone = 0 

Commands details: 
total_CMD = 0 
n_nop = 0 
Read = 0 
Write = 0 
L2_Alloc = 0 
L2_WB = 0 
n_act = 0 
n_pre = 0 
n_ref = 0 
n_req = 0 
total_req = 0 

Dual Bus Interface Util: 
issued_total_row = 0 
issued_total_col = 0 
Row_Bus_Util =  -nan 
CoL_Bus_Util = -nan 
Either_Row_CoL_Bus_Util = -nan 
Issued_on_Two_Bus_Simul_Util = -nan 
issued_two_Eff = -nan 
queue_avg = -nan 


dram_util_bins: 0 0 0 0 0 0 0 0 0 0
dram_eff_bins: 0 0 0 0 0 0 0 0 0 0
mrqq: max=0 avg=-nan
Memory Partition 9: 
Cache L2_bank_018:
MSHR contents

Cache L2_bank_019:
MSHR contents

In Dram Latency Queue (total = 0): 
DRAM[9]: 16 bks, busW=8 BL=4 CL=19, tRRD=6 tCCD=1, tRCD=19 tRAS=45 tRP=19 tRC=50
n_cmd=0 n_nop=0 n_act=0 n_pre=0 n_ref_event=0 n_req=0 n_rd=0 n_rd_L2_A=0 n_write=0 n_wr_bk=0 bw_util=-nan
n_activity=0 dram_eff=-nan
bk0: 0a 0i bk1: 0a 0i bk2: 0a 0i bk3: 0a 0i bk4: 0a 0i bk5: 0a 0i bk6: 0a 0i bk7: 0a 0i bk8: 0a 0i bk9: 0a 0i bk10: 0a 0i bk11: 0a 0i bk12: 0a 0i bk13: 0a 0i bk14: 0a 0i bk15: 0a 0i 

------------------------------------------------------------------------

Row_Buffer_Locality = -nan
Row_Buffer_Locality_read = -nan
Row_Buffer_Locality_write = -nan
Bank_Level_Parallism = -nan
Bank_Level_Parallism_Col = -nan
Bank_Level_Parallism_Ready = -nan
write_to_read_ratio_blp_rw_average = -nan
GrpLevelPara = -nan 

BW Util details:
bwutil = -nan 
total_CMD = 0 
util_bw = 0 
Wasted_Col = 0 
Wasted_Row = 0 
Idle = 0 

BW Util Bottlenecks: 
RCDc_limit = 0 
RCDWRc_limit = 0 
WTRc_limit = 0 
RTWc_limit = 0 
CCDLc_limit = 0 
rwq = 0 
CCDLc_limit_alone = 0 
WTRc_limit_alone = 0 
RTWc_limit_alone = 0 

Commands details: 
total_CMD = 0 
n_nop = 0 
Read = 0 
Write = 0 
L2_Alloc = 0 
L2_WB = 0 
n_act = 0 
n_pre = 0 
n_ref = 0 
n_req = 0 
total_req = 0 

Dual Bus Interface Util: 
issued_total_row = 0 
issued_total_col = 0 
Row_Bus_Util =  -nan 
CoL_Bus_Util = -nan 
Either_Row_CoL_Bus_Util = -nan 
Issued_on_Two_Bus_Simul_Util = -nan 
issued_two_Eff = -nan 
queue_avg = -nan 


dram_util_bins: 0 0 0 0 0 0 0 0 0 0
dram_eff_bins: 0 0 0 0 0 0 0 0 0 0
mrqq: max=0 avg=-nan
Memory Partition 10: 
Cache L2_bank_020:
MSHR contents

Cache L2_bank_021:
MSHR contents

In Dram Latency Queue (total = 0): 
DRAM[10]: 16 bks, busW=8 BL=4 CL=19, tRRD=6 tCCD=1, tRCD=19 tRAS=45 tRP=19 tRC=50
n_cmd=0 n_nop=0 n_act=0 n_pre=0 n_ref_event=0 n_req=0 n_rd=0 n_rd_L2_A=0 n_write=0 n_wr_bk=0 bw_util=-nan
n_activity=0 dram_eff=-nan
bk0: 0a 0i bk1: 0a 0i bk2: 0a 0i bk3: 0a 0i bk4: 0a 0i bk5: 0a 0i bk6: 0a 0i bk7: 0a 0i bk8: 0a 0i bk9: 0a 0i bk10: 0a 0i bk11: 0a 0i bk12: 0a 0i bk13: 0a 0i bk14: 0a 0i bk15: 0a 0i 

------------------------------------------------------------------------

Row_Buffer_Locality = -nan
Row_Buffer_Locality_read = -nan
Row_Buffer_Locality_write = -nan
Bank_Level_Parallism = -nan
Bank_Level_Parallism_Col = -nan
Bank_Level_Parallism_Ready = -nan
write_to_read_ratio_blp_rw_average = -nan
GrpLevelPara = -nan 

BW Util details:
bwutil = -nan 
total_CMD = 0 
util_bw = 0 
Wasted_Col = 0 
Wasted_Row = 0 
Idle = 0 

BW Util Bottlenecks: 
RCDc_limit = 0 
RCDWRc_limit = 0 
WTRc_limit = 0 
RTWc_limit = 0 
CCDLc_limit = 0 
rwq = 0 
CCDLc_limit_alone = 0 
WTRc_limit_alone = 0 
RTWc_limit_alone = 0 

Commands details: 
total_CMD = 0 
n_nop = 0 
Read = 0 
Write = 0 
L2_Alloc = 0 
L2_WB = 0 
n_act = 0 
n_pre = 0 
n_ref = 0 
n_req = 0 
total_req = 0 

Dual Bus Interface Util: 
issued_total_row = 0 
issued_total_col = 0 
Row_Bus_Util =  -nan 
CoL_Bus_Util = -nan 
Either_Row_CoL_Bus_Util = -nan 
Issued_on_Two_Bus_Simul_Util = -nan 
issued_two_Eff = -nan 
queue_avg = -nan 


dram_util_bins: 0 0 0 0 0 0 0 0 0 0
dram_eff_bins: 0 0 0 0 0 0 0 0 0 0
mrqq: max=0 avg=-nan
Memory Partition 11: 
Cache L2_bank_022:
MSHR contents

Cache L2_bank_023:
MSHR contents

In Dram Latency Queue (total = 0): 
DRAM[11]: 16 bks, busW=8 BL=4 CL=19, tRRD=6 tCCD=1, tRCD=19 tRAS=45 tRP=19 tRC=50
n_cmd=0 n_nop=0 n_act=0 n_pre=0 n_ref_event=0 n_req=0 n_rd=0 n_rd_L2_A=0 n_write=0 n_wr_bk=0 bw_util=-nan
n_activity=0 dram_eff=-nan
bk0: 0a 0i bk1: 0a 0i bk2: 0a 0i bk3: 0a 0i bk4: 0a 0i bk5: 0a 0i bk6: 0a 0i bk7: 0a 0i bk8: 0a 0i bk9: 0a 0i bk10: 0a 0i bk11: 0a 0i bk12: 0a 0i bk13: 0a 0i bk14: 0a 0i bk15: 0a 0i 

------------------------------------------------------------------------

Row_Buffer_Locality = -nan
Row_Buffer_Locality_read = -nan
Row_Buffer_Locality_write = -nan
Bank_Level_Parallism = -nan
Bank_Level_Parallism_Col = -nan
Bank_Level_Parallism_Ready = -nan
write_to_read_ratio_blp_rw_average = -nan
GrpLevelPara = -nan 

BW Util details:
bwutil = -nan 
total_CMD = 0 
util_bw = 0 
Wasted_Col = 0 
Wasted_Row = 0 
Idle = 0 

BW Util Bottlenecks: 
RCDc_limit = 0 
RCDWRc_limit = 0 
WTRc_limit = 0 
RTWc_limit = 0 
CCDLc_limit = 0 
rwq = 0 
CCDLc_limit_alone = 0 
WTRc_limit_alone = 0 
RTWc_limit_alone = 0 

Commands details: 
total_CMD = 0 
n_nop = 0 
Read = 0 
Write = 0 
L2_Alloc = 0 
L2_WB = 0 
n_act = 0 
n_pre = 0 
n_ref = 0 
n_req = 0 
total_req = 0 

Dual Bus Interface Util: 
issued_total_row = 0 
issued_total_col = 0 
Row_Bus_Util =  -nan 
CoL_Bus_Util = -nan 
Either_Row_CoL_Bus_Util = -nan 
Issued_on_Two_Bus_Simul_Util = -nan 
issued_two_Eff = -nan 
queue_avg = -nan 


dram_util_bins: 0 0 0 0 0 0 0 0 0 0
dram_eff_bins: 0 0 0 0 0 0 0 0 0 0
mrqq: max=0 avg=-nan
Memory Partition 12: 
Cache L2_bank_024:
MSHR contents

Cache L2_bank_025:
MSHR contents

In Dram Latency Queue (total = 0): 
DRAM[12]: 16 bks, busW=8 BL=4 CL=19, tRRD=6 tCCD=1, tRCD=19 tRAS=45 tRP=19 tRC=50
n_cmd=0 n_nop=0 n_act=0 n_pre=0 n_ref_event=0 n_req=0 n_rd=0 n_rd_L2_A=0 n_write=0 n_wr_bk=0 bw_util=-nan
n_activity=0 dram_eff=-nan
bk0: 0a 0i bk1: 0a 0i bk2: 0a 0i bk3: 0a 0i bk4: 0a 0i bk5: 0a 0i bk6: 0a 0i bk7: 0a 0i bk8: 0a 0i bk9: 0a 0i bk10: 0a 0i bk11: 0a 0i bk12: 0a 0i bk13: 0a 0i bk14: 0a 0i bk15: 0a 0i 

------------------------------------------------------------------------

Row_Buffer_Locality = -nan
Row_Buffer_Locality_read = -nan
Row_Buffer_Locality_write = -nan
Bank_Level_Parallism = -nan
Bank_Level_Parallism_Col = -nan
Bank_Level_Parallism_Ready = -nan
write_to_read_ratio_blp_rw_average = -nan
GrpLevelPara = -nan 

BW Util details:
bwutil = -nan 
total_CMD = 0 
util_bw = 0 
Wasted_Col = 0 
Wasted_Row = 0 
Idle = 0 

BW Util Bottlenecks: 
RCDc_limit = 0 
RCDWRc_limit = 0 
WTRc_limit = 0 
RTWc_limit = 0 
CCDLc_limit = 0 
rwq = 0 
CCDLc_limit_alone = 0 
WTRc_limit_alone = 0 
RTWc_limit_alone = 0 

Commands details: 
total_CMD = 0 
n_nop = 0 
Read = 0 
Write = 0 
L2_Alloc = 0 
L2_WB = 0 
n_act = 0 
n_pre = 0 
n_ref = 0 
n_req = 0 
total_req = 0 

Dual Bus Interface Util: 
issued_total_row = 0 
issued_total_col = 0 
Row_Bus_Util =  -nan 
CoL_Bus_Util = -nan 
Either_Row_CoL_Bus_Util = -nan 
Issued_on_Two_Bus_Simul_Util = -nan 
issued_two_Eff = -nan 
queue_avg = -nan 


dram_util_bins: 0 0 0 0 0 0 0 0 0 0
dram_eff_bins: 0 0 0 0 0 0 0 0 0 0
mrqq: max=0 avg=-nan
Memory Partition 13: 
Cache L2_bank_026:
MSHR contents

Cache L2_bank_027:
MSHR contents

In Dram Latency Queue (total = 0): 
DRAM[13]: 16 bks, busW=8 BL=4 CL=19, tRRD=6 tCCD=1, tRCD=19 tRAS=45 tRP=19 tRC=50
n_cmd=0 n_nop=0 n_act=0 n_pre=0 n_ref_event=0 n_req=0 n_rd=0 n_rd_L2_A=0 n_write=0 n_wr_bk=0 bw_util=-nan
n_activity=0 dram_eff=-nan
bk0: 0a 0i bk1: 0a 0i bk2: 0a 0i bk3: 0a 0i bk4: 0a 0i bk5: 0a 0i bk6: 0a 0i bk7: 0a 0i bk8: 0a 0i bk9: 0a 0i bk10: 0a 0i bk11: 0a 0i bk12: 0a 0i bk13: 0a 0i bk14: 0a 0i bk15: 0a 0i 

------------------------------------------------------------------------

Row_Buffer_Locality = -nan
Row_Buffer_Locality_read = -nan
Row_Buffer_Locality_write = -nan
Bank_Level_Parallism = -nan
Bank_Level_Parallism_Col = -nan
Bank_Level_Parallism_Ready = -nan
write_to_read_ratio_blp_rw_average = -nan
GrpLevelPara = -nan 

BW Util details:
bwutil = -nan 
total_CMD = 0 
util_bw = 0 
Wasted_Col = 0 
Wasted_Row = 0 
Idle = 0 

BW Util Bottlenecks: 
RCDc_limit = 0 
RCDWRc_limit = 0 
WTRc_limit = 0 
RTWc_limit = 0 
CCDLc_limit = 0 
rwq = 0 
CCDLc_limit_alone = 0 
WTRc_limit_alone = 0 
RTWc_limit_alone = 0 

Commands details: 
total_CMD = 0 
n_nop = 0 
Read = 0 
Write = 0 
L2_Alloc = 0 
L2_WB = 0 
n_act = 0 
n_pre = 0 
n_ref = 0 
n_req = 0 
total_req = 0 

Dual Bus Interface Util: 
issued_total_row = 0 
issued_total_col = 0 
Row_Bus_Util =  -nan 
CoL_Bus_Util = -nan 
Either_Row_CoL_Bus_Util = -nan 
Issued_on_Two_Bus_Simul_Util = -nan 
issued_two_Eff = -nan 
queue_avg = -nan 


dram_util_bins: 0 0 0 0 0 0 0 0 0 0
dram_eff_bins: 0 0 0 0 0 0 0 0 0 0
mrqq: max=0 avg=-nan
Memory Partition 14: 
Cache L2_bank_028:
MSHR contents

Cache L2_bank_029:
MSHR contents

In Dram Latency Queue (total = 0): 
DRAM[14]: 16 bks, busW=8 BL=4 CL=19, tRRD=6 tCCD=1, tRCD=19 tRAS=45 tRP=19 tRC=50
n_cmd=0 n_nop=0 n_act=0 n_pre=0 n_ref_event=0 n_req=0 n_rd=0 n_rd_L2_A=0 n_write=0 n_wr_bk=0 bw_util=-nan
n_activity=0 dram_eff=-nan
bk0: 0a 0i bk1: 0a 0i bk2: 0a 0i bk3: 0a 0i bk4: 0a 0i bk5: 0a 0i bk6: 0a 0i bk7: 0a 0i bk8: 0a 0i bk9: 0a 0i bk10: 0a 0i bk11: 0a 0i bk12: 0a 0i bk13: 0a 0i bk14: 0a 0i bk15: 0a 0i 

------------------------------------------------------------------------

Row_Buffer_Locality = -nan
Row_Buffer_Locality_read = -nan
Row_Buffer_Locality_write = -nan
Bank_Level_Parallism = -nan
Bank_Level_Parallism_Col = -nan
Bank_Level_Parallism_Ready = -nan
write_to_read_ratio_blp_rw_average = -nan
GrpLevelPara = -nan 

BW Util details:
bwutil = -nan 
total_CMD = 0 
util_bw = 0 
Wasted_Col = 0 
Wasted_Row = 0 
Idle = 0 

BW Util Bottlenecks: 
RCDc_limit = 0 
RCDWRc_limit = 0 
WTRc_limit = 0 
RTWc_limit = 0 
CCDLc_limit = 0 
rwq = 0 
CCDLc_limit_alone = 0 
WTRc_limit_alone = 0 
RTWc_limit_alone = 0 

Commands details: 
total_CMD = 0 
n_nop = 0 
Read = 0 
Write = 0 
L2_Alloc = 0 
L2_WB = 0 
n_act = 0 
n_pre = 0 
n_ref = 0 
n_req = 0 
total_req = 0 

Dual Bus Interface Util: 
issued_total_row = 0 
issued_total_col = 0 
Row_Bus_Util =  -nan 
CoL_Bus_Util = -nan 
Either_Row_CoL_Bus_Util = -nan 
Issued_on_Two_Bus_Simul_Util = -nan 
issued_two_Eff = -nan 
queue_avg = -nan 


dram_util_bins: 0 0 0 0 0 0 0 0 0 0
dram_eff_bins: 0 0 0 0 0 0 0 0 0 0
mrqq: max=0 avg=-nan
Memory Partition 15: 
Cache L2_bank_030:
MSHR contents

Cache L2_bank_031:
MSHR contents

In Dram Latency Queue (total = 0): 
DRAM[15]: 16 bks, busW=8 BL=4 CL=19, tRRD=6 tCCD=1, tRCD=19 tRAS=45 tRP=19 tRC=50
n_cmd=0 n_nop=0 n_act=0 n_pre=0 n_ref_event=0 n_req=0 n_rd=0 n_rd_L2_A=0 n_write=0 n_wr_bk=0 bw_util=-nan
n_activity=0 dram_eff=-nan
bk0: 0a 0i bk1: 0a 0i bk2: 0a 0i bk3: 0a 0i bk4: 0a 0i bk5: 0a 0i bk6: 0a 0i bk7: 0a 0i bk8: 0a 0i bk9: 0a 0i bk10: 0a 0i bk11: 0a 0i bk12: 0a 0i bk13: 0a 0i bk14: 0a 0i bk15: 0a 0i 

------------------------------------------------------------------------

Row_Buffer_Locality = -nan
Row_Buffer_Locality_read = -nan
Row_Buffer_Locality_write = -nan
Bank_Level_Parallism = -nan
Bank_Level_Parallism_Col = -nan
Bank_Level_Parallism_Ready = -nan
write_to_read_ratio_blp_rw_average = -nan
GrpLevelPara = -nan 

BW Util details:
bwutil = -nan 
total_CMD = 0 
util_bw = 0 
Wasted_Col = 0 
Wasted_Row = 0 
Idle = 0 

BW Util Bottlenecks: 
RCDc_limit = 0 
RCDWRc_limit = 0 
WTRc_limit = 0 
RTWc_limit = 0 
CCDLc_limit = 0 
rwq = 0 
CCDLc_limit_alone = 0 
WTRc_limit_alone = 0 
RTWc_limit_alone = 0 

Commands details: 
total_CMD = 0 
n_nop = 0 
Read = 0 
Write = 0 
L2_Alloc = 0 
L2_WB = 0 
n_act = 0 
n_pre = 0 
n_ref = 0 
n_req = 0 
total_req = 0 

Dual Bus Interface Util: 
issued_total_row = 0 
issued_total_col = 0 
Row_Bus_Util =  -nan 
CoL_Bus_Util = -nan 
Either_Row_CoL_Bus_Util = -nan 
Issued_on_Two_Bus_Simul_Util = -nan 
issued_two_Eff = -nan 
queue_avg = -nan 


dram_util_bins: 0 0 0 0 0 0 0 0 0 0
dram_eff_bins: 0 0 0 0 0 0 0 0 0 0
mrqq: max=0 avg=-nan
Memory Partition 16: 
Cache L2_bank_032:
MSHR contents

Cache L2_bank_033:
MSHR contents

In Dram Latency Queue (total = 0): 
DRAM[16]: 16 bks, busW=8 BL=4 CL=19, tRRD=6 tCCD=1, tRCD=19 tRAS=45 tRP=19 tRC=50
n_cmd=0 n_nop=0 n_act=0 n_pre=0 n_ref_event=0 n_req=0 n_rd=0 n_rd_L2_A=0 n_write=0 n_wr_bk=0 bw_util=-nan
n_activity=0 dram_eff=-nan
bk0: 0a 0i bk1: 0a 0i bk2: 0a 0i bk3: 0a 0i bk4: 0a 0i bk5: 0a 0i bk6: 0a 0i bk7: 0a 0i bk8: 0a 0i bk9: 0a 0i bk10: 0a 0i bk11: 0a 0i bk12: 0a 0i bk13: 0a 0i bk14: 0a 0i bk15: 0a 0i 

------------------------------------------------------------------------

Row_Buffer_Locality = -nan
Row_Buffer_Locality_read = -nan
Row_Buffer_Locality_write = -nan
Bank_Level_Parallism = -nan
Bank_Level_Parallism_Col = -nan
Bank_Level_Parallism_Ready = -nan
write_to_read_ratio_blp_rw_average = -nan
GrpLevelPara = -nan 

BW Util details:
bwutil = -nan 
total_CMD = 0 
util_bw = 0 
Wasted_Col = 0 
Wasted_Row = 0 
Idle = 0 

BW Util Bottlenecks: 
RCDc_limit = 0 
RCDWRc_limit = 0 
WTRc_limit = 0 
RTWc_limit = 0 
CCDLc_limit = 0 
rwq = 0 
CCDLc_limit_alone = 0 
WTRc_limit_alone = 0 
RTWc_limit_alone = 0 

Commands details: 
total_CMD = 0 
n_nop = 0 
Read = 0 
Write = 0 
L2_Alloc = 0 
L2_WB = 0 
n_act = 0 
n_pre = 0 
n_ref = 0 
n_req = 0 
total_req = 0 

Dual Bus Interface Util: 
issued_total_row = 0 
issued_total_col = 0 
Row_Bus_Util =  -nan 
CoL_Bus_Util = -nan 
Either_Row_CoL_Bus_Util = -nan 
Issued_on_Two_Bus_Simul_Util = -nan 
issued_two_Eff = -nan 
queue_avg = -nan 


dram_util_bins: 0 0 0 0 0 0 0 0 0 0
dram_eff_bins: 0 0 0 0 0 0 0 0 0 0
mrqq: max=0 avg=-nan
Memory Partition 17: 
Cache L2_bank_034:
MSHR contents

Cache L2_bank_035:
MSHR contents

In Dram Latency Queue (total = 0): 
DRAM[17]: 16 bks, busW=8 BL=4 CL=19, tRRD=6 tCCD=1, tRCD=19 tRAS=45 tRP=19 tRC=50
n_cmd=0 n_nop=0 n_act=0 n_pre=0 n_ref_event=0 n_req=0 n_rd=0 n_rd_L2_A=0 n_write=0 n_wr_bk=0 bw_util=-nan
n_activity=0 dram_eff=-nan
bk0: 0a 0i bk1: 0a 0i bk2: 0a 0i bk3: 0a 0i bk4: 0a 0i bk5: 0a 0i bk6: 0a 0i bk7: 0a 0i bk8: 0a 0i bk9: 0a 0i bk10: 0a 0i bk11: 0a 0i bk12: 0a 0i bk13: 0a 0i bk14: 0a 0i bk15: 0a 0i 

------------------------------------------------------------------------

Row_Buffer_Locality = -nan
Row_Buffer_Locality_read = -nan
Row_Buffer_Locality_write = -nan
Bank_Level_Parallism = -nan
Bank_Level_Parallism_Col = -nan
Bank_Level_Parallism_Ready = -nan
write_to_read_ratio_blp_rw_average = -nan
GrpLevelPara = -nan 

BW Util details:
bwutil = -nan 
total_CMD = 0 
util_bw = 0 
Wasted_Col = 0 
Wasted_Row = 0 
Idle = 0 

BW Util Bottlenecks: 
RCDc_limit = 0 
RCDWRc_limit = 0 
WTRc_limit = 0 
RTWc_limit = 0 
CCDLc_limit = 0 
rwq = 0 
CCDLc_limit_alone = 0 
WTRc_limit_alone = 0 
RTWc_limit_alone = 0 

Commands details: 
total_CMD = 0 
n_nop = 0 
Read = 0 
Write = 0 
L2_Alloc = 0 
L2_WB = 0 
n_act = 0 
n_pre = 0 
n_ref = 0 
n_req = 0 
total_req = 0 

Dual Bus Interface Util: 
issued_total_row = 0 
issued_total_col = 0 
Row_Bus_Util =  -nan 
CoL_Bus_Util = -nan 
Either_Row_CoL_Bus_Util = -nan 
Issued_on_Two_Bus_Simul_Util = -nan 
issued_two_Eff = -nan 
queue_avg = -nan 


dram_util_bins: 0 0 0 0 0 0 0 0 0 0
dram_eff_bins: 0 0 0 0 0 0 0 0 0 0
mrqq: max=0 avg=-nan
Memory Partition 18: 
Cache L2_bank_036:
MSHR contents

Cache L2_bank_037:
MSHR contents

In Dram Latency Queue (total = 0): 
DRAM[18]: 16 bks, busW=8 BL=4 CL=19, tRRD=6 tCCD=1, tRCD=19 tRAS=45 tRP=19 tRC=50
n_cmd=0 n_nop=0 n_act=0 n_pre=0 n_ref_event=0 n_req=0 n_rd=0 n_rd_L2_A=0 n_write=0 n_wr_bk=0 bw_util=-nan
n_activity=0 dram_eff=-nan
bk0: 0a 0i bk1: 0a 0i bk2: 0a 0i bk3: 0a 0i bk4: 0a 0i bk5: 0a 0i bk6: 0a 0i bk7: 0a 0i bk8: 0a 0i bk9: 0a 0i bk10: 0a 0i bk11: 0a 0i bk12: 0a 0i bk13: 0a 0i bk14: 0a 0i bk15: 0a 0i 

------------------------------------------------------------------------

Row_Buffer_Locality = -nan
Row_Buffer_Locality_read = -nan
Row_Buffer_Locality_write = -nan
Bank_Level_Parallism = -nan
Bank_Level_Parallism_Col = -nan
Bank_Level_Parallism_Ready = -nan
write_to_read_ratio_blp_rw_average = -nan
GrpLevelPara = -nan 

BW Util details:
bwutil = -nan 
total_CMD = 0 
util_bw = 0 
Wasted_Col = 0 
Wasted_Row = 0 
Idle = 0 

BW Util Bottlenecks: 
RCDc_limit = 0 
RCDWRc_limit = 0 
WTRc_limit = 0 
RTWc_limit = 0 
CCDLc_limit = 0 
rwq = 0 
CCDLc_limit_alone = 0 
WTRc_limit_alone = 0 
RTWc_limit_alone = 0 

Commands details: 
total_CMD = 0 
n_nop = 0 
Read = 0 
Write = 0 
L2_Alloc = 0 
L2_WB = 0 
n_act = 0 
n_pre = 0 
n_ref = 0 
n_req = 0 
total_req = 0 

Dual Bus Interface Util: 
issued_total_row = 0 
issued_total_col = 0 
Row_Bus_Util =  -nan 
CoL_Bus_Util = -nan 
Either_Row_CoL_Bus_Util = -nan 
Issued_on_Two_Bus_Simul_Util = -nan 
issued_two_Eff = -nan 
queue_avg = -nan 


dram_util_bins: 0 0 0 0 0 0 0 0 0 0
dram_eff_bins: 0 0 0 0 0 0 0 0 0 0
mrqq: max=0 avg=-nan
Memory Partition 19: 
Cache L2_bank_038:
MSHR contents

Cache L2_bank_039:
MSHR contents

In Dram Latency Queue (total = 0): 
DRAM[19]: 16 bks, busW=8 BL=4 CL=19, tRRD=6 tCCD=1, tRCD=19 tRAS=45 tRP=19 tRC=50
n_cmd=0 n_nop=0 n_act=0 n_pre=0 n_ref_event=0 n_req=0 n_rd=0 n_rd_L2_A=0 n_write=0 n_wr_bk=0 bw_util=-nan
n_activity=0 dram_eff=-nan
bk0: 0a 0i bk1: 0a 0i bk2: 0a 0i bk3: 0a 0i bk4: 0a 0i bk5: 0a 0i bk6: 0a 0i bk7: 0a 0i bk8: 0a 0i bk9: 0a 0i bk10: 0a 0i bk11: 0a 0i bk12: 0a 0i bk13: 0a 0i bk14: 0a 0i bk15: 0a 0i 

------------------------------------------------------------------------

Row_Buffer_Locality = -nan
Row_Buffer_Locality_read = -nan
Row_Buffer_Locality_write = -nan
Bank_Level_Parallism = -nan
Bank_Level_Parallism_Col = -nan
Bank_Level_Parallism_Ready = -nan
write_to_read_ratio_blp_rw_average = -nan
GrpLevelPara = -nan 

BW Util details:
bwutil = -nan 
total_CMD = 0 
util_bw = 0 
Wasted_Col = 0 
Wasted_Row = 0 
Idle = 0 

BW Util Bottlenecks: 
RCDc_limit = 0 
RCDWRc_limit = 0 
WTRc_limit = 0 
RTWc_limit = 0 
CCDLc_limit = 0 
rwq = 0 
CCDLc_limit_alone = 0 
WTRc_limit_alone = 0 
RTWc_limit_alone = 0 

Commands details: 
total_CMD = 0 
n_nop = 0 
Read = 0 
Write = 0 
L2_Alloc = 0 
L2_WB = 0 
n_act = 0 
n_pre = 0 
n_ref = 0 
n_req = 0 
total_req = 0 

Dual Bus Interface Util: 
issued_total_row = 0 
issued_total_col = 0 
Row_Bus_Util =  -nan 
CoL_Bus_Util = -nan 
Either_Row_CoL_Bus_Util = -nan 
Issued_on_Two_Bus_Simul_Util = -nan 
issued_two_Eff = -nan 
queue_avg = -nan 


dram_util_bins: 0 0 0 0 0 0 0 0 0 0
dram_eff_bins: 0 0 0 0 0 0 0 0 0 0
mrqq: max=0 avg=-nan
Memory Partition 20: 
Cache L2_bank_040:
MSHR contents

Cache L2_bank_041:
MSHR contents

In Dram Latency Queue (total = 0): 
DRAM[20]: 16 bks, busW=8 BL=4 CL=19, tRRD=6 tCCD=1, tRCD=19 tRAS=45 tRP=19 tRC=50
n_cmd=0 n_nop=0 n_act=0 n_pre=0 n_ref_event=0 n_req=0 n_rd=0 n_rd_L2_A=0 n_write=0 n_wr_bk=0 bw_util=-nan
n_activity=0 dram_eff=-nan
bk0: 0a 0i bk1: 0a 0i bk2: 0a 0i bk3: 0a 0i bk4: 0a 0i bk5: 0a 0i bk6: 0a 0i bk7: 0a 0i bk8: 0a 0i bk9: 0a 0i bk10: 0a 0i bk11: 0a 0i bk12: 0a 0i bk13: 0a 0i bk14: 0a 0i bk15: 0a 0i 

------------------------------------------------------------------------

Row_Buffer_Locality = -nan
Row_Buffer_Locality_read = -nan
Row_Buffer_Locality_write = -nan
Bank_Level_Parallism = -nan
Bank_Level_Parallism_Col = -nan
Bank_Level_Parallism_Ready = -nan
write_to_read_ratio_blp_rw_average = -nan
GrpLevelPara = -nan 

BW Util details:
bwutil = -nan 
total_CMD = 0 
util_bw = 0 
Wasted_Col = 0 
Wasted_Row = 0 
Idle = 0 

BW Util Bottlenecks: 
RCDc_limit = 0 
RCDWRc_limit = 0 
WTRc_limit = 0 
RTWc_limit = 0 
CCDLc_limit = 0 
rwq = 0 
CCDLc_limit_alone = 0 
WTRc_limit_alone = 0 
RTWc_limit_alone = 0 

Commands details: 
total_CMD = 0 
n_nop = 0 
Read = 0 
Write = 0 
L2_Alloc = 0 
L2_WB = 0 
n_act = 0 
n_pre = 0 
n_ref = 0 
n_req = 0 
total_req = 0 

Dual Bus Interface Util: 
issued_total_row = 0 
issued_total_col = 0 
Row_Bus_Util =  -nan 
CoL_Bus_Util = -nan 
Either_Row_CoL_Bus_Util = -nan 
Issued_on_Two_Bus_Simul_Util = -nan 
issued_two_Eff = -nan 
queue_avg = -nan 


dram_util_bins: 0 0 0 0 0 0 0 0 0 0
dram_eff_bins: 0 0 0 0 0 0 0 0 0 0
mrqq: max=0 avg=-nan
Memory Partition 21: 
Cache L2_bank_042:
MSHR contents

Cache L2_bank_043:
MSHR contents

In Dram Latency Queue (total = 0): 
DRAM[21]: 16 bks, busW=8 BL=4 CL=19, tRRD=6 tCCD=1, tRCD=19 tRAS=45 tRP=19 tRC=50
n_cmd=0 n_nop=0 n_act=0 n_pre=0 n_ref_event=0 n_req=0 n_rd=0 n_rd_L2_A=0 n_write=0 n_wr_bk=0 bw_util=-nan
n_activity=0 dram_eff=-nan
bk0: 0a 0i bk1: 0a 0i bk2: 0a 0i bk3: 0a 0i bk4: 0a 0i bk5: 0a 0i bk6: 0a 0i bk7: 0a 0i bk8: 0a 0i bk9: 0a 0i bk10: 0a 0i bk11: 0a 0i bk12: 0a 0i bk13: 0a 0i bk14: 0a 0i bk15: 0a 0i 

------------------------------------------------------------------------

Row_Buffer_Locality = -nan
Row_Buffer_Locality_read = -nan
Row_Buffer_Locality_write = -nan
Bank_Level_Parallism = -nan
Bank_Level_Parallism_Col = -nan
Bank_Level_Parallism_Ready = -nan
write_to_read_ratio_blp_rw_average = -nan
GrpLevelPara = -nan 

BW Util details:
bwutil = -nan 
total_CMD = 0 
util_bw = 0 
Wasted_Col = 0 
Wasted_Row = 0 
Idle = 0 

BW Util Bottlenecks: 
RCDc_limit = 0 
RCDWRc_limit = 0 
WTRc_limit = 0 
RTWc_limit = 0 
CCDLc_limit = 0 
rwq = 0 
CCDLc_limit_alone = 0 
WTRc_limit_alone = 0 
RTWc_limit_alone = 0 

Commands details: 
total_CMD = 0 
n_nop = 0 
Read = 0 
Write = 0 
L2_Alloc = 0 
L2_WB = 0 
n_act = 0 
n_pre = 0 
n_ref = 0 
n_req = 0 
total_req = 0 

Dual Bus Interface Util: 
issued_total_row = 0 
issued_total_col = 0 
Row_Bus_Util =  -nan 
CoL_Bus_Util = -nan 
Either_Row_CoL_Bus_Util = -nan 
Issued_on_Two_Bus_Simul_Util = -nan 
issued_two_Eff = -nan 
queue_avg = -nan 


dram_util_bins: 0 0 0 0 0 0 0 0 0 0
dram_eff_bins: 0 0 0 0 0 0 0 0 0 0
mrqq: max=0 avg=-nan
Memory Partition 22: 
Cache L2_bank_044:
MSHR contents

Cache L2_bank_045:
MSHR contents

In Dram Latency Queue (total = 0): 
DRAM[22]: 16 bks, busW=8 BL=4 CL=19, tRRD=6 tCCD=1, tRCD=19 tRAS=45 tRP=19 tRC=50
n_cmd=0 n_nop=0 n_act=0 n_pre=0 n_ref_event=0 n_req=0 n_rd=0 n_rd_L2_A=0 n_write=0 n_wr_bk=0 bw_util=-nan
n_activity=0 dram_eff=-nan
bk0: 0a 0i bk1: 0a 0i bk2: 0a 0i bk3: 0a 0i bk4: 0a 0i bk5: 0a 0i bk6: 0a 0i bk7: 0a 0i bk8: 0a 0i bk9: 0a 0i bk10: 0a 0i bk11: 0a 0i bk12: 0a 0i bk13: 0a 0i bk14: 0a 0i bk15: 0a 0i 

------------------------------------------------------------------------

Row_Buffer_Locality = -nan
Row_Buffer_Locality_read = -nan
Row_Buffer_Locality_write = -nan
Bank_Level_Parallism = -nan
Bank_Level_Parallism_Col = -nan
Bank_Level_Parallism_Ready = -nan
write_to_read_ratio_blp_rw_average = -nan
GrpLevelPara = -nan 

BW Util details:
bwutil = -nan 
total_CMD = 0 
util_bw = 0 
Wasted_Col = 0 
Wasted_Row = 0 
Idle = 0 

BW Util Bottlenecks: 
RCDc_limit = 0 
RCDWRc_limit = 0 
WTRc_limit = 0 
RTWc_limit = 0 
CCDLc_limit = 0 
rwq = 0 
CCDLc_limit_alone = 0 
WTRc_limit_alone = 0 
RTWc_limit_alone = 0 

Commands details: 
total_CMD = 0 
n_nop = 0 
Read = 0 
Write = 0 
L2_Alloc = 0 
L2_WB = 0 
n_act = 0 
n_pre = 0 
n_ref = 0 
n_req = 0 
total_req = 0 

Dual Bus Interface Util: 
issued_total_row = 0 
issued_total_col = 0 
Row_Bus_Util =  -nan 
CoL_Bus_Util = -nan 
Either_Row_CoL_Bus_Util = -nan 
Issued_on_Two_Bus_Simul_Util = -nan 
issued_two_Eff = -nan 
queue_avg = -nan 


dram_util_bins: 0 0 0 0 0 0 0 0 0 0
dram_eff_bins: 0 0 0 0 0 0 0 0 0 0
mrqq: max=0 avg=-nan
Memory Partition 23: 
Cache L2_bank_046:
MSHR contents

Cache L2_bank_047:
MSHR contents

In Dram Latency Queue (total = 0): 
DRAM[23]: 16 bks, busW=8 BL=4 CL=19, tRRD=6 tCCD=1, tRCD=19 tRAS=45 tRP=19 tRC=50
n_cmd=0 n_nop=0 n_act=0 n_pre=0 n_ref_event=0 n_req=0 n_rd=0 n_rd_L2_A=0 n_write=0 n_wr_bk=0 bw_util=-nan
n_activity=0 dram_eff=-nan
bk0: 0a 0i bk1: 0a 0i bk2: 0a 0i bk3: 0a 0i bk4: 0a 0i bk5: 0a 0i bk6: 0a 0i bk7: 0a 0i bk8: 0a 0i bk9: 0a 0i bk10: 0a 0i bk11: 0a 0i bk12: 0a 0i bk13: 0a 0i bk14: 0a 0i bk15: 0a 0i 

------------------------------------------------------------------------

Row_Buffer_Locality = -nan
Row_Buffer_Locality_read = -nan
Row_Buffer_Locality_write = -nan
Bank_Level_Parallism = -nan
Bank_Level_Parallism_Col = -nan
Bank_Level_Parallism_Ready = -nan
write_to_read_ratio_blp_rw_average = -nan
GrpLevelPara = -nan 

BW Util details:
bwutil = -nan 
total_CMD = 0 
util_bw = 0 
Wasted_Col = 0 
Wasted_Row = 0 
Idle = 0 

BW Util Bottlenecks: 
RCDc_limit = 0 
RCDWRc_limit = 0 
WTRc_limit = 0 
RTWc_limit = 0 
CCDLc_limit = 0 
rwq = 0 
CCDLc_limit_alone = 0 
WTRc_limit_alone = 0 
RTWc_limit_alone = 0 

Commands details: 
total_CMD = 0 
n_nop = 0 
Read = 0 
Write = 0 
L2_Alloc = 0 
L2_WB = 0 
n_act = 0 
n_pre = 0 
n_ref = 0 
n_req = 0 
total_req = 0 

Dual Bus Interface Util: 
issued_total_row = 0 
issued_total_col = 0 
Row_Bus_Util =  -nan 
CoL_Bus_Util = -nan 
Either_Row_CoL_Bus_Util = -nan 
Issued_on_Two_Bus_Simul_Util = -nan 
issued_two_Eff = -nan 
queue_avg = -nan 


dram_util_bins: 0 0 0 0 0 0 0 0 0 0
dram_eff_bins: 0 0 0 0 0 0 0 0 0 0
mrqq: max=0 avg=-nan
Memory Partition 24: 
Cache L2_bank_048:
MSHR contents

Cache L2_bank_049:
MSHR contents

In Dram Latency Queue (total = 0): 
DRAM[24]: 16 bks, busW=8 BL=4 CL=19, tRRD=6 tCCD=1, tRCD=19 tRAS=45 tRP=19 tRC=50
n_cmd=0 n_nop=0 n_act=0 n_pre=0 n_ref_event=0 n_req=0 n_rd=0 n_rd_L2_A=0 n_write=0 n_wr_bk=0 bw_util=-nan
n_activity=0 dram_eff=-nan
bk0: 0a 0i bk1: 0a 0i bk2: 0a 0i bk3: 0a 0i bk4: 0a 0i bk5: 0a 0i bk6: 0a 0i bk7: 0a 0i bk8: 0a 0i bk9: 0a 0i bk10: 0a 0i bk11: 0a 0i bk12: 0a 0i bk13: 0a 0i bk14: 0a 0i bk15: 0a 0i 

------------------------------------------------------------------------

Row_Buffer_Locality = -nan
Row_Buffer_Locality_read = -nan
Row_Buffer_Locality_write = -nan
Bank_Level_Parallism = -nan
Bank_Level_Parallism_Col = -nan
Bank_Level_Parallism_Ready = -nan
write_to_read_ratio_blp_rw_average = -nan
GrpLevelPara = -nan 

BW Util details:
bwutil = -nan 
total_CMD = 0 
util_bw = 0 
Wasted_Col = 0 
Wasted_Row = 0 
Idle = 0 

BW Util Bottlenecks: 
RCDc_limit = 0 
RCDWRc_limit = 0 
WTRc_limit = 0 
RTWc_limit = 0 
CCDLc_limit = 0 
rwq = 0 
CCDLc_limit_alone = 0 
WTRc_limit_alone = 0 
RTWc_limit_alone = 0 

Commands details: 
total_CMD = 0 
n_nop = 0 
Read = 0 
Write = 0 
L2_Alloc = 0 
L2_WB = 0 
n_act = 0 
n_pre = 0 
n_ref = 0 
n_req = 0 
total_req = 0 

Dual Bus Interface Util: 
issued_total_row = 0 
issued_total_col = 0 
Row_Bus_Util =  -nan 
CoL_Bus_Util = -nan 
Either_Row_CoL_Bus_Util = -nan 
Issued_on_Two_Bus_Simul_Util = -nan 
issued_two_Eff = -nan 
queue_avg = -nan 


dram_util_bins: 0 0 0 0 0 0 0 0 0 0
dram_eff_bins: 0 0 0 0 0 0 0 0 0 0
mrqq: max=0 avg=-nan
Memory Partition 25: 
Cache L2_bank_050:
MSHR contents

Cache L2_bank_051:
MSHR contents

In Dram Latency Queue (total = 0): 
DRAM[25]: 16 bks, busW=8 BL=4 CL=19, tRRD=6 tCCD=1, tRCD=19 tRAS=45 tRP=19 tRC=50
n_cmd=0 n_nop=0 n_act=0 n_pre=0 n_ref_event=0 n_req=0 n_rd=0 n_rd_L2_A=0 n_write=0 n_wr_bk=0 bw_util=-nan
n_activity=0 dram_eff=-nan
bk0: 0a 0i bk1: 0a 0i bk2: 0a 0i bk3: 0a 0i bk4: 0a 0i bk5: 0a 0i bk6: 0a 0i bk7: 0a 0i bk8: 0a 0i bk9: 0a 0i bk10: 0a 0i bk11: 0a 0i bk12: 0a 0i bk13: 0a 0i bk14: 0a 0i bk15: 0a 0i 

------------------------------------------------------------------------

Row_Buffer_Locality = -nan
Row_Buffer_Locality_read = -nan
Row_Buffer_Locality_write = -nan
Bank_Level_Parallism = -nan
Bank_Level_Parallism_Col = -nan
Bank_Level_Parallism_Ready = -nan
write_to_read_ratio_blp_rw_average = -nan
GrpLevelPara = -nan 

BW Util details:
bwutil = -nan 
total_CMD = 0 
util_bw = 0 
Wasted_Col = 0 
Wasted_Row = 0 
Idle = 0 

BW Util Bottlenecks: 
RCDc_limit = 0 
RCDWRc_limit = 0 
WTRc_limit = 0 
RTWc_limit = 0 
CCDLc_limit = 0 
rwq = 0 
CCDLc_limit_alone = 0 
WTRc_limit_alone = 0 
RTWc_limit_alone = 0 

Commands details: 
total_CMD = 0 
n_nop = 0 
Read = 0 
Write = 0 
L2_Alloc = 0 
L2_WB = 0 
n_act = 0 
n_pre = 0 
n_ref = 0 
n_req = 0 
total_req = 0 

Dual Bus Interface Util: 
issued_total_row = 0 
issued_total_col = 0 
Row_Bus_Util =  -nan 
CoL_Bus_Util = -nan 
Either_Row_CoL_Bus_Util = -nan 
Issued_on_Two_Bus_Simul_Util = -nan 
issued_two_Eff = -nan 
queue_avg = -nan 


dram_util_bins: 0 0 0 0 0 0 0 0 0 0
dram_eff_bins: 0 0 0 0 0 0 0 0 0 0
mrqq: max=0 avg=-nan
Memory Partition 26: 
Cache L2_bank_052:
MSHR contents

Cache L2_bank_053:
MSHR contents

In Dram Latency Queue (total = 0): 
DRAM[26]: 16 bks, busW=8 BL=4 CL=19, tRRD=6 tCCD=1, tRCD=19 tRAS=45 tRP=19 tRC=50
n_cmd=0 n_nop=0 n_act=0 n_pre=0 n_ref_event=0 n_req=0 n_rd=0 n_rd_L2_A=0 n_write=0 n_wr_bk=0 bw_util=-nan
n_activity=0 dram_eff=-nan
bk0: 0a 0i bk1: 0a 0i bk2: 0a 0i bk3: 0a 0i bk4: 0a 0i bk5: 0a 0i bk6: 0a 0i bk7: 0a 0i bk8: 0a 0i bk9: 0a 0i bk10: 0a 0i bk11: 0a 0i bk12: 0a 0i bk13: 0a 0i bk14: 0a 0i bk15: 0a 0i 

------------------------------------------------------------------------

Row_Buffer_Locality = -nan
Row_Buffer_Locality_read = -nan
Row_Buffer_Locality_write = -nan
Bank_Level_Parallism = -nan
Bank_Level_Parallism_Col = -nan
Bank_Level_Parallism_Ready = -nan
write_to_read_ratio_blp_rw_average = -nan
GrpLevelPara = -nan 

BW Util details:
bwutil = -nan 
total_CMD = 0 
util_bw = 0 
Wasted_Col = 0 
Wasted_Row = 0 
Idle = 0 

BW Util Bottlenecks: 
RCDc_limit = 0 
RCDWRc_limit = 0 
WTRc_limit = 0 
RTWc_limit = 0 
CCDLc_limit = 0 
rwq = 0 
CCDLc_limit_alone = 0 
WTRc_limit_alone = 0 
RTWc_limit_alone = 0 

Commands details: 
total_CMD = 0 
n_nop = 0 
Read = 0 
Write = 0 
L2_Alloc = 0 
L2_WB = 0 
n_act = 0 
n_pre = 0 
n_ref = 0 
n_req = 0 
total_req = 0 

Dual Bus Interface Util: 
issued_total_row = 0 
issued_total_col = 0 
Row_Bus_Util =  -nan 
CoL_Bus_Util = -nan 
Either_Row_CoL_Bus_Util = -nan 
Issued_on_Two_Bus_Simul_Util = -nan 
issued_two_Eff = -nan 
queue_avg = -nan 


dram_util_bins: 0 0 0 0 0 0 0 0 0 0
dram_eff_bins: 0 0 0 0 0 0 0 0 0 0
mrqq: max=0 avg=-nan
Memory Partition 27: 
Cache L2_bank_054:
MSHR contents

Cache L2_bank_055:
MSHR contents

In Dram Latency Queue (total = 0): 
DRAM[27]: 16 bks, busW=8 BL=4 CL=19, tRRD=6 tCCD=1, tRCD=19 tRAS=45 tRP=19 tRC=50
n_cmd=0 n_nop=0 n_act=0 n_pre=0 n_ref_event=0 n_req=0 n_rd=0 n_rd_L2_A=0 n_write=0 n_wr_bk=0 bw_util=-nan
n_activity=0 dram_eff=-nan
bk0: 0a 0i bk1: 0a 0i bk2: 0a 0i bk3: 0a 0i bk4: 0a 0i bk5: 0a 0i bk6: 0a 0i bk7: 0a 0i bk8: 0a 0i bk9: 0a 0i bk10: 0a 0i bk11: 0a 0i bk12: 0a 0i bk13: 0a 0i bk14: 0a 0i bk15: 0a 0i 

------------------------------------------------------------------------

Row_Buffer_Locality = -nan
Row_Buffer_Locality_read = -nan
Row_Buffer_Locality_write = -nan
Bank_Level_Parallism = -nan
Bank_Level_Parallism_Col = -nan
Bank_Level_Parallism_Ready = -nan
write_to_read_ratio_blp_rw_average = -nan
GrpLevelPara = -nan 

BW Util details:
bwutil = -nan 
total_CMD = 0 
util_bw = 0 
Wasted_Col = 0 
Wasted_Row = 0 
Idle = 0 

BW Util Bottlenecks: 
RCDc_limit = 0 
RCDWRc_limit = 0 
WTRc_limit = 0 
RTWc_limit = 0 
CCDLc_limit = 0 
rwq = 0 
CCDLc_limit_alone = 0 
WTRc_limit_alone = 0 
RTWc_limit_alone = 0 

Commands details: 
total_CMD = 0 
n_nop = 0 
Read = 0 
Write = 0 
L2_Alloc = 0 
L2_WB = 0 
n_act = 0 
n_pre = 0 
n_ref = 0 
n_req = 0 
total_req = 0 

Dual Bus Interface Util: 
issued_total_row = 0 
issued_total_col = 0 
Row_Bus_Util =  -nan 
CoL_Bus_Util = -nan 
Either_Row_CoL_Bus_Util = -nan 
Issued_on_Two_Bus_Simul_Util = -nan 
issued_two_Eff = -nan 
queue_avg = -nan 


dram_util_bins: 0 0 0 0 0 0 0 0 0 0
dram_eff_bins: 0 0 0 0 0 0 0 0 0 0
mrqq: max=0 avg=-nan
Memory Partition 28: 
Cache L2_bank_056:
MSHR contents

Cache L2_bank_057:
MSHR contents

In Dram Latency Queue (total = 0): 
DRAM[28]: 16 bks, busW=8 BL=4 CL=19, tRRD=6 tCCD=1, tRCD=19 tRAS=45 tRP=19 tRC=50
n_cmd=0 n_nop=0 n_act=0 n_pre=0 n_ref_event=0 n_req=0 n_rd=0 n_rd_L2_A=0 n_write=0 n_wr_bk=0 bw_util=-nan
n_activity=0 dram_eff=-nan
bk0: 0a 0i bk1: 0a 0i bk2: 0a 0i bk3: 0a 0i bk4: 0a 0i bk5: 0a 0i bk6: 0a 0i bk7: 0a 0i bk8: 0a 0i bk9: 0a 0i bk10: 0a 0i bk11: 0a 0i bk12: 0a 0i bk13: 0a 0i bk14: 0a 0i bk15: 0a 0i 

------------------------------------------------------------------------

Row_Buffer_Locality = -nan
Row_Buffer_Locality_read = -nan
Row_Buffer_Locality_write = -nan
Bank_Level_Parallism = -nan
Bank_Level_Parallism_Col = -nan
Bank_Level_Parallism_Ready = -nan
write_to_read_ratio_blp_rw_average = -nan
GrpLevelPara = -nan 

BW Util details:
bwutil = -nan 
total_CMD = 0 
util_bw = 0 
Wasted_Col = 0 
Wasted_Row = 0 
Idle = 0 

BW Util Bottlenecks: 
RCDc_limit = 0 
RCDWRc_limit = 0 
WTRc_limit = 0 
RTWc_limit = 0 
CCDLc_limit = 0 
rwq = 0 
CCDLc_limit_alone = 0 
WTRc_limit_alone = 0 
RTWc_limit_alone = 0 

Commands details: 
total_CMD = 0 
n_nop = 0 
Read = 0 
Write = 0 
L2_Alloc = 0 
L2_WB = 0 
n_act = 0 
n_pre = 0 
n_ref = 0 
n_req = 0 
total_req = 0 

Dual Bus Interface Util: 
issued_total_row = 0 
issued_total_col = 0 
Row_Bus_Util =  -nan 
CoL_Bus_Util = -nan 
Either_Row_CoL_Bus_Util = -nan 
Issued_on_Two_Bus_Simul_Util = -nan 
issued_two_Eff = -nan 
queue_avg = -nan 


dram_util_bins: 0 0 0 0 0 0 0 0 0 0
dram_eff_bins: 0 0 0 0 0 0 0 0 0 0
mrqq: max=0 avg=-nan
Memory Partition 29: 
Cache L2_bank_058:
MSHR contents

Cache L2_bank_059:
MSHR contents

In Dram Latency Queue (total = 0): 
DRAM[29]: 16 bks, busW=8 BL=4 CL=19, tRRD=6 tCCD=1, tRCD=19 tRAS=45 tRP=19 tRC=50
n_cmd=0 n_nop=0 n_act=0 n_pre=0 n_ref_event=0 n_req=0 n_rd=0 n_rd_L2_A=0 n_write=0 n_wr_bk=0 bw_util=-nan
n_activity=0 dram_eff=-nan
bk0: 0a 0i bk1: 0a 0i bk2: 0a 0i bk3: 0a 0i bk4: 0a 0i bk5: 0a 0i bk6: 0a 0i bk7: 0a 0i bk8: 0a 0i bk9: 0a 0i bk10: 0a 0i bk11: 0a 0i bk12: 0a 0i bk13: 0a 0i bk14: 0a 0i bk15: 0a 0i 

------------------------------------------------------------------------

Row_Buffer_Locality = -nan
Row_Buffer_Locality_read = -nan
Row_Buffer_Locality_write = -nan
Bank_Level_Parallism = -nan
Bank_Level_Parallism_Col = -nan
Bank_Level_Parallism_Ready = -nan
write_to_read_ratio_blp_rw_average = -nan
GrpLevelPara = -nan 

BW Util details:
bwutil = -nan 
total_CMD = 0 
util_bw = 0 
Wasted_Col = 0 
Wasted_Row = 0 
Idle = 0 

BW Util Bottlenecks: 
RCDc_limit = 0 
RCDWRc_limit = 0 
WTRc_limit = 0 
RTWc_limit = 0 
CCDLc_limit = 0 
rwq = 0 
CCDLc_limit_alone = 0 
WTRc_limit_alone = 0 
RTWc_limit_alone = 0 

Commands details: 
total_CMD = 0 
n_nop = 0 
Read = 0 
Write = 0 
L2_Alloc = 0 
L2_WB = 0 
n_act = 0 
n_pre = 0 
n_ref = 0 
n_req = 0 
total_req = 0 

Dual Bus Interface Util: 
issued_total_row = 0 
issued_total_col = 0 
Row_Bus_Util =  -nan 
CoL_Bus_Util = -nan 
Either_Row_CoL_Bus_Util = -nan 
Issued_on_Two_Bus_Simul_Util = -nan 
issued_two_Eff = -nan 
queue_avg = -nan 


dram_util_bins: 0 0 0 0 0 0 0 0 0 0
dram_eff_bins: 0 0 0 0 0 0 0 0 0 0
mrqq: max=0 avg=-nan
Memory Partition 30: 
Cache L2_bank_060:
MSHR contents

Cache L2_bank_061:
MSHR contents

In Dram Latency Queue (total = 0): 
DRAM[30]: 16 bks, busW=8 BL=4 CL=19, tRRD=6 tCCD=1, tRCD=19 tRAS=45 tRP=19 tRC=50
n_cmd=0 n_nop=0 n_act=0 n_pre=0 n_ref_event=0 n_req=0 n_rd=0 n_rd_L2_A=0 n_write=0 n_wr_bk=0 bw_util=-nan
n_activity=0 dram_eff=-nan
bk0: 0a 0i bk1: 0a 0i bk2: 0a 0i bk3: 0a 0i bk4: 0a 0i bk5: 0a 0i bk6: 0a 0i bk7: 0a 0i bk8: 0a 0i bk9: 0a 0i bk10: 0a 0i bk11: 0a 0i bk12: 0a 0i bk13: 0a 0i bk14: 0a 0i bk15: 0a 0i 

------------------------------------------------------------------------

Row_Buffer_Locality = -nan
Row_Buffer_Locality_read = -nan
Row_Buffer_Locality_write = -nan
Bank_Level_Parallism = -nan
Bank_Level_Parallism_Col = -nan
Bank_Level_Parallism_Ready = -nan
write_to_read_ratio_blp_rw_average = -nan
GrpLevelPara = -nan 

BW Util details:
bwutil = -nan 
total_CMD = 0 
util_bw = 0 
Wasted_Col = 0 
Wasted_Row = 0 
Idle = 0 

BW Util Bottlenecks: 
RCDc_limit = 0 
RCDWRc_limit = 0 
WTRc_limit = 0 
RTWc_limit = 0 
CCDLc_limit = 0 
rwq = 0 
CCDLc_limit_alone = 0 
WTRc_limit_alone = 0 
RTWc_limit_alone = 0 

Commands details: 
total_CMD = 0 
n_nop = 0 
Read = 0 
Write = 0 
L2_Alloc = 0 
L2_WB = 0 
n_act = 0 
n_pre = 0 
n_ref = 0 
n_req = 0 
total_req = 0 

Dual Bus Interface Util: 
issued_total_row = 0 
issued_total_col = 0 
Row_Bus_Util =  -nan 
CoL_Bus_Util = -nan 
Either_Row_CoL_Bus_Util = -nan 
Issued_on_Two_Bus_Simul_Util = -nan 
issued_two_Eff = -nan 
queue_avg = -nan 


dram_util_bins: 0 0 0 0 0 0 0 0 0 0
dram_eff_bins: 0 0 0 0 0 0 0 0 0 0
mrqq: max=0 avg=-nan
Memory Partition 31: 
Cache L2_bank_062:
MSHR contents

Cache L2_bank_063:
MSHR contents

In Dram Latency Queue (total = 0): 
DRAM[31]: 16 bks, busW=8 BL=4 CL=19, tRRD=6 tCCD=1, tRCD=19 tRAS=45 tRP=19 tRC=50
n_cmd=0 n_nop=0 n_act=0 n_pre=0 n_ref_event=0 n_req=0 n_rd=0 n_rd_L2_A=0 n_write=0 n_wr_bk=0 bw_util=-nan
n_activity=0 dram_eff=-nan
bk0: 0a 0i bk1: 0a 0i bk2: 0a 0i bk3: 0a 0i bk4: 0a 0i bk5: 0a 0i bk6: 0a 0i bk7: 0a 0i bk8: 0a 0i bk9: 0a 0i bk10: 0a 0i bk11: 0a 0i bk12: 0a 0i bk13: 0a 0i bk14: 0a 0i bk15: 0a 0i 

------------------------------------------------------------------------

Row_Buffer_Locality = -nan
Row_Buffer_Locality_read = -nan
Row_Buffer_Locality_write = -nan
Bank_Level_Parallism = -nan
Bank_Level_Parallism_Col = -nan
Bank_Level_Parallism_Ready = -nan
write_to_read_ratio_blp_rw_average = -nan
GrpLevelPara = -nan 

BW Util details:
bwutil = -nan 
total_CMD = 0 
util_bw = 0 
Wasted_Col = 0 
Wasted_Row = 0 
Idle = 0 

BW Util Bottlenecks: 
RCDc_limit = 0 
RCDWRc_limit = 0 
WTRc_limit = 0 
RTWc_limit = 0 
CCDLc_limit = 0 
rwq = 0 
CCDLc_limit_alone = 0 
WTRc_limit_alone = 0 
RTWc_limit_alone = 0 

Commands details: 
total_CMD = 0 
n_nop = 0 
Read = 0 
Write = 0 
L2_Alloc = 0 
L2_WB = 0 
n_act = 0 
n_pre = 0 
n_ref = 0 
n_req = 0 
total_req = 0 

Dual Bus Interface Util: 
issued_total_row = 0 
issued_total_col = 0 
Row_Bus_Util =  -nan 
CoL_Bus_Util = -nan 
Either_Row_CoL_Bus_Util = -nan 
Issued_on_Two_Bus_Simul_Util = -nan 
issued_two_Eff = -nan 
queue_avg = -nan 


dram_util_bins: 0 0 0 0 0 0 0 0 0 0
dram_eff_bins: 0 0 0 0 0 0 0 0 0 0
mrqq: max=0 avg=-nan
Memory Partition 32: 
Cache L2_bank_064:
MSHR contents

Cache L2_bank_065:
MSHR contents

In Dram Latency Queue (total = 0): 
DRAM[32]: 16 bks, busW=8 BL=4 CL=19, tRRD=6 tCCD=1, tRCD=19 tRAS=45 tRP=19 tRC=50
n_cmd=0 n_nop=0 n_act=0 n_pre=0 n_ref_event=0 n_req=0 n_rd=0 n_rd_L2_A=0 n_write=0 n_wr_bk=0 bw_util=-nan
n_activity=0 dram_eff=-nan
bk0: 0a 0i bk1: 0a 0i bk2: 0a 0i bk3: 0a 0i bk4: 0a 0i bk5: 0a 0i bk6: 0a 0i bk7: 0a 0i bk8: 0a 0i bk9: 0a 0i bk10: 0a 0i bk11: 0a 0i bk12: 0a 0i bk13: 0a 0i bk14: 0a 0i bk15: 0a 0i 

------------------------------------------------------------------------

Row_Buffer_Locality = -nan
Row_Buffer_Locality_read = -nan
Row_Buffer_Locality_write = -nan
Bank_Level_Parallism = -nan
Bank_Level_Parallism_Col = -nan
Bank_Level_Parallism_Ready = -nan
write_to_read_ratio_blp_rw_average = -nan
GrpLevelPara = -nan 

BW Util details:
bwutil = -nan 
total_CMD = 0 
util_bw = 0 
Wasted_Col = 0 
Wasted_Row = 0 
Idle = 0 

BW Util Bottlenecks: 
RCDc_limit = 0 
RCDWRc_limit = 0 
WTRc_limit = 0 
RTWc_limit = 0 
CCDLc_limit = 0 
rwq = 0 
CCDLc_limit_alone = 0 
WTRc_limit_alone = 0 
RTWc_limit_alone = 0 

Commands details: 
total_CMD = 0 
n_nop = 0 
Read = 0 
Write = 0 
L2_Alloc = 0 
L2_WB = 0 
n_act = 0 
n_pre = 0 
n_ref = 0 
n_req = 0 
total_req = 0 

Dual Bus Interface Util: 
issued_total_row = 0 
issued_total_col = 0 
Row_Bus_Util =  -nan 
CoL_Bus_Util = -nan 
Either_Row_CoL_Bus_Util = -nan 
Issued_on_Two_Bus_Simul_Util = -nan 
issued_two_Eff = -nan 
queue_avg = -nan 


dram_util_bins: 0 0 0 0 0 0 0 0 0 0
dram_eff_bins: 0 0 0 0 0 0 0 0 0 0
mrqq: max=0 avg=-nan
Memory Partition 33: 
Cache L2_bank_066:
MSHR contents

Cache L2_bank_067:
MSHR contents

In Dram Latency Queue (total = 0): 
DRAM[33]: 16 bks, busW=8 BL=4 CL=19, tRRD=6 tCCD=1, tRCD=19 tRAS=45 tRP=19 tRC=50
n_cmd=0 n_nop=0 n_act=0 n_pre=0 n_ref_event=0 n_req=0 n_rd=0 n_rd_L2_A=0 n_write=0 n_wr_bk=0 bw_util=-nan
n_activity=0 dram_eff=-nan
bk0: 0a 0i bk1: 0a 0i bk2: 0a 0i bk3: 0a 0i bk4: 0a 0i bk5: 0a 0i bk6: 0a 0i bk7: 0a 0i bk8: 0a 0i bk9: 0a 0i bk10: 0a 0i bk11: 0a 0i bk12: 0a 0i bk13: 0a 0i bk14: 0a 0i bk15: 0a 0i 

------------------------------------------------------------------------

Row_Buffer_Locality = -nan
Row_Buffer_Locality_read = -nan
Row_Buffer_Locality_write = -nan
Bank_Level_Parallism = -nan
Bank_Level_Parallism_Col = -nan
Bank_Level_Parallism_Ready = -nan
write_to_read_ratio_blp_rw_average = -nan
GrpLevelPara = -nan 

BW Util details:
bwutil = -nan 
total_CMD = 0 
util_bw = 0 
Wasted_Col = 0 
Wasted_Row = 0 
Idle = 0 

BW Util Bottlenecks: 
RCDc_limit = 0 
RCDWRc_limit = 0 
WTRc_limit = 0 
RTWc_limit = 0 
CCDLc_limit = 0 
rwq = 0 
CCDLc_limit_alone = 0 
WTRc_limit_alone = 0 
RTWc_limit_alone = 0 

Commands details: 
total_CMD = 0 
n_nop = 0 
Read = 0 
Write = 0 
L2_Alloc = 0 
L2_WB = 0 
n_act = 0 
n_pre = 0 
n_ref = 0 
n_req = 0 
total_req = 0 

Dual Bus Interface Util: 
issued_total_row = 0 
issued_total_col = 0 
Row_Bus_Util =  -nan 
CoL_Bus_Util = -nan 
Either_Row_CoL_Bus_Util = -nan 
Issued_on_Two_Bus_Simul_Util = -nan 
issued_two_Eff = -nan 
queue_avg = -nan 


dram_util_bins: 0 0 0 0 0 0 0 0 0 0
dram_eff_bins: 0 0 0 0 0 0 0 0 0 0
mrqq: max=0 avg=-nan
Memory Partition 34: 
Cache L2_bank_068:
MSHR contents

Cache L2_bank_069:
MSHR contents

In Dram Latency Queue (total = 0): 
DRAM[34]: 16 bks, busW=8 BL=4 CL=19, tRRD=6 tCCD=1, tRCD=19 tRAS=45 tRP=19 tRC=50
n_cmd=0 n_nop=0 n_act=0 n_pre=0 n_ref_event=0 n_req=0 n_rd=0 n_rd_L2_A=0 n_write=0 n_wr_bk=0 bw_util=-nan
n_activity=0 dram_eff=-nan
bk0: 0a 0i bk1: 0a 0i bk2: 0a 0i bk3: 0a 0i bk4: 0a 0i bk5: 0a 0i bk6: 0a 0i bk7: 0a 0i bk8: 0a 0i bk9: 0a 0i bk10: 0a 0i bk11: 0a 0i bk12: 0a 0i bk13: 0a 0i bk14: 0a 0i bk15: 0a 0i 

------------------------------------------------------------------------

Row_Buffer_Locality = -nan
Row_Buffer_Locality_read = -nan
Row_Buffer_Locality_write = -nan
Bank_Level_Parallism = -nan
Bank_Level_Parallism_Col = -nan
Bank_Level_Parallism_Ready = -nan
write_to_read_ratio_blp_rw_average = -nan
GrpLevelPara = -nan 

BW Util details:
bwutil = -nan 
total_CMD = 0 
util_bw = 0 
Wasted_Col = 0 
Wasted_Row = 0 
Idle = 0 

BW Util Bottlenecks: 
RCDc_limit = 0 
RCDWRc_limit = 0 
WTRc_limit = 0 
RTWc_limit = 0 
CCDLc_limit = 0 
rwq = 0 
CCDLc_limit_alone = 0 
WTRc_limit_alone = 0 
RTWc_limit_alone = 0 

Commands details: 
total_CMD = 0 
n_nop = 0 
Read = 0 
Write = 0 
L2_Alloc = 0 
L2_WB = 0 
n_act = 0 
n_pre = 0 
n_ref = 0 
n_req = 0 
total_req = 0 

Dual Bus Interface Util: 
issued_total_row = 0 
issued_total_col = 0 
Row_Bus_Util =  -nan 
CoL_Bus_Util = -nan 
Either_Row_CoL_Bus_Util = -nan 
Issued_on_Two_Bus_Simul_Util = -nan 
issued_two_Eff = -nan 
queue_avg = -nan 


dram_util_bins: 0 0 0 0 0 0 0 0 0 0
dram_eff_bins: 0 0 0 0 0 0 0 0 0 0
mrqq: max=0 avg=-nan
Memory Partition 35: 
Cache L2_bank_070:
MSHR contents

Cache L2_bank_071:
MSHR contents

In Dram Latency Queue (total = 0): 
DRAM[35]: 16 bks, busW=8 BL=4 CL=19, tRRD=6 tCCD=1, tRCD=19 tRAS=45 tRP=19 tRC=50
n_cmd=0 n_nop=0 n_act=0 n_pre=0 n_ref_event=0 n_req=0 n_rd=0 n_rd_L2_A=0 n_write=0 n_wr_bk=0 bw_util=-nan
n_activity=0 dram_eff=-nan
bk0: 0a 0i bk1: 0a 0i bk2: 0a 0i bk3: 0a 0i bk4: 0a 0i bk5: 0a 0i bk6: 0a 0i bk7: 0a 0i bk8: 0a 0i bk9: 0a 0i bk10: 0a 0i bk11: 0a 0i bk12: 0a 0i bk13: 0a 0i bk14: 0a 0i bk15: 0a 0i 

------------------------------------------------------------------------

Row_Buffer_Locality = -nan
Row_Buffer_Locality_read = -nan
Row_Buffer_Locality_write = -nan
Bank_Level_Parallism = -nan
Bank_Level_Parallism_Col = -nan
Bank_Level_Parallism_Ready = -nan
write_to_read_ratio_blp_rw_average = -nan
GrpLevelPara = -nan 

BW Util details:
bwutil = -nan 
total_CMD = 0 
util_bw = 0 
Wasted_Col = 0 
Wasted_Row = 0 
Idle = 0 

BW Util Bottlenecks: 
RCDc_limit = 0 
RCDWRc_limit = 0 
WTRc_limit = 0 
RTWc_limit = 0 
CCDLc_limit = 0 
rwq = 0 
CCDLc_limit_alone = 0 
WTRc_limit_alone = 0 
RTWc_limit_alone = 0 

Commands details: 
total_CMD = 0 
n_nop = 0 
Read = 0 
Write = 0 
L2_Alloc = 0 
L2_WB = 0 
n_act = 0 
n_pre = 0 
n_ref = 0 
n_req = 0 
total_req = 0 

Dual Bus Interface Util: 
issued_total_row = 0 
issued_total_col = 0 
Row_Bus_Util =  -nan 
CoL_Bus_Util = -nan 
Either_Row_CoL_Bus_Util = -nan 
Issued_on_Two_Bus_Simul_Util = -nan 
issued_two_Eff = -nan 
queue_avg = -nan 


dram_util_bins: 0 0 0 0 0 0 0 0 0 0
dram_eff_bins: 0 0 0 0 0 0 0 0 0 0
mrqq: max=0 avg=-nan
Memory Partition 36: 
Cache L2_bank_072:
MSHR contents

Cache L2_bank_073:
MSHR contents

In Dram Latency Queue (total = 0): 
DRAM[36]: 16 bks, busW=8 BL=4 CL=19, tRRD=6 tCCD=1, tRCD=19 tRAS=45 tRP=19 tRC=50
n_cmd=0 n_nop=0 n_act=0 n_pre=0 n_ref_event=0 n_req=0 n_rd=0 n_rd_L2_A=0 n_write=0 n_wr_bk=0 bw_util=-nan
n_activity=0 dram_eff=-nan
bk0: 0a 0i bk1: 0a 0i bk2: 0a 0i bk3: 0a 0i bk4: 0a 0i bk5: 0a 0i bk6: 0a 0i bk7: 0a 0i bk8: 0a 0i bk9: 0a 0i bk10: 0a 0i bk11: 0a 0i bk12: 0a 0i bk13: 0a 0i bk14: 0a 0i bk15: 0a 0i 

------------------------------------------------------------------------

Row_Buffer_Locality = -nan
Row_Buffer_Locality_read = -nan
Row_Buffer_Locality_write = -nan
Bank_Level_Parallism = -nan
Bank_Level_Parallism_Col = -nan
Bank_Level_Parallism_Ready = -nan
write_to_read_ratio_blp_rw_average = -nan
GrpLevelPara = -nan 

BW Util details:
bwutil = -nan 
total_CMD = 0 
util_bw = 0 
Wasted_Col = 0 
Wasted_Row = 0 
Idle = 0 

BW Util Bottlenecks: 
RCDc_limit = 0 
RCDWRc_limit = 0 
WTRc_limit = 0 
RTWc_limit = 0 
CCDLc_limit = 0 
rwq = 0 
CCDLc_limit_alone = 0 
WTRc_limit_alone = 0 
RTWc_limit_alone = 0 

Commands details: 
total_CMD = 0 
n_nop = 0 
Read = 0 
Write = 0 
L2_Alloc = 0 
L2_WB = 0 
n_act = 0 
n_pre = 0 
n_ref = 0 
n_req = 0 
total_req = 0 

Dual Bus Interface Util: 
issued_total_row = 0 
issued_total_col = 0 
Row_Bus_Util =  -nan 
CoL_Bus_Util = -nan 
Either_Row_CoL_Bus_Util = -nan 
Issued_on_Two_Bus_Simul_Util = -nan 
issued_two_Eff = -nan 
queue_avg = -nan 


dram_util_bins: 0 0 0 0 0 0 0 0 0 0
dram_eff_bins: 0 0 0 0 0 0 0 0 0 0
mrqq: max=0 avg=-nan
Memory Partition 37: 
Cache L2_bank_074:
MSHR contents

Cache L2_bank_075:
MSHR contents

In Dram Latency Queue (total = 0): 
DRAM[37]: 16 bks, busW=8 BL=4 CL=19, tRRD=6 tCCD=1, tRCD=19 tRAS=45 tRP=19 tRC=50
n_cmd=0 n_nop=0 n_act=0 n_pre=0 n_ref_event=0 n_req=0 n_rd=0 n_rd_L2_A=0 n_write=0 n_wr_bk=0 bw_util=-nan
n_activity=0 dram_eff=-nan
bk0: 0a 0i bk1: 0a 0i bk2: 0a 0i bk3: 0a 0i bk4: 0a 0i bk5: 0a 0i bk6: 0a 0i bk7: 0a 0i bk8: 0a 0i bk9: 0a 0i bk10: 0a 0i bk11: 0a 0i bk12: 0a 0i bk13: 0a 0i bk14: 0a 0i bk15: 0a 0i 

------------------------------------------------------------------------

Row_Buffer_Locality = -nan
Row_Buffer_Locality_read = -nan
Row_Buffer_Locality_write = -nan
Bank_Level_Parallism = -nan
Bank_Level_Parallism_Col = -nan
Bank_Level_Parallism_Ready = -nan
write_to_read_ratio_blp_rw_average = -nan
GrpLevelPara = -nan 

BW Util details:
bwutil = -nan 
total_CMD = 0 
util_bw = 0 
Wasted_Col = 0 
Wasted_Row = 0 
Idle = 0 

BW Util Bottlenecks: 
RCDc_limit = 0 
RCDWRc_limit = 0 
WTRc_limit = 0 
RTWc_limit = 0 
CCDLc_limit = 0 
rwq = 0 
CCDLc_limit_alone = 0 
WTRc_limit_alone = 0 
RTWc_limit_alone = 0 

Commands details: 
total_CMD = 0 
n_nop = 0 
Read = 0 
Write = 0 
L2_Alloc = 0 
L2_WB = 0 
n_act = 0 
n_pre = 0 
n_ref = 0 
n_req = 0 
total_req = 0 

Dual Bus Interface Util: 
issued_total_row = 0 
issued_total_col = 0 
Row_Bus_Util =  -nan 
CoL_Bus_Util = -nan 
Either_Row_CoL_Bus_Util = -nan 
Issued_on_Two_Bus_Simul_Util = -nan 
issued_two_Eff = -nan 
queue_avg = -nan 


dram_util_bins: 0 0 0 0 0 0 0 0 0 0
dram_eff_bins: 0 0 0 0 0 0 0 0 0 0
mrqq: max=0 avg=-nan
Memory Partition 38: 
Cache L2_bank_076:
MSHR contents

Cache L2_bank_077:
MSHR contents

In Dram Latency Queue (total = 0): 
DRAM[38]: 16 bks, busW=8 BL=4 CL=19, tRRD=6 tCCD=1, tRCD=19 tRAS=45 tRP=19 tRC=50
n_cmd=0 n_nop=0 n_act=0 n_pre=0 n_ref_event=0 n_req=0 n_rd=0 n_rd_L2_A=0 n_write=0 n_wr_bk=0 bw_util=-nan
n_activity=0 dram_eff=-nan
bk0: 0a 0i bk1: 0a 0i bk2: 0a 0i bk3: 0a 0i bk4: 0a 0i bk5: 0a 0i bk6: 0a 0i bk7: 0a 0i bk8: 0a 0i bk9: 0a 0i bk10: 0a 0i bk11: 0a 0i bk12: 0a 0i bk13: 0a 0i bk14: 0a 0i bk15: 0a 0i 

------------------------------------------------------------------------

Row_Buffer_Locality = -nan
Row_Buffer_Locality_read = -nan
Row_Buffer_Locality_write = -nan
Bank_Level_Parallism = -nan
Bank_Level_Parallism_Col = -nan
Bank_Level_Parallism_Ready = -nan
write_to_read_ratio_blp_rw_average = -nan
GrpLevelPara = -nan 

BW Util details:
bwutil = -nan 
total_CMD = 0 
util_bw = 0 
Wasted_Col = 0 
Wasted_Row = 0 
Idle = 0 

BW Util Bottlenecks: 
RCDc_limit = 0 
RCDWRc_limit = 0 
WTRc_limit = 0 
RTWc_limit = 0 
CCDLc_limit = 0 
rwq = 0 
CCDLc_limit_alone = 0 
WTRc_limit_alone = 0 
RTWc_limit_alone = 0 

Commands details: 
total_CMD = 0 
n_nop = 0 
Read = 0 
Write = 0 
L2_Alloc = 0 
L2_WB = 0 
n_act = 0 
n_pre = 0 
n_ref = 0 
n_req = 0 
total_req = 0 

Dual Bus Interface Util: 
issued_total_row = 0 
issued_total_col = 0 
Row_Bus_Util =  -nan 
CoL_Bus_Util = -nan 
Either_Row_CoL_Bus_Util = -nan 
Issued_on_Two_Bus_Simul_Util = -nan 
issued_two_Eff = -nan 
queue_avg = -nan 


dram_util_bins: 0 0 0 0 0 0 0 0 0 0
dram_eff_bins: 0 0 0 0 0 0 0 0 0 0
mrqq: max=0 avg=-nan
Memory Partition 39: 
Cache L2_bank_078:
MSHR contents

Cache L2_bank_079:
MSHR contents

In Dram Latency Queue (total = 0): 
DRAM[39]: 16 bks, busW=8 BL=4 CL=19, tRRD=6 tCCD=1, tRCD=19 tRAS=45 tRP=19 tRC=50
n_cmd=0 n_nop=0 n_act=0 n_pre=0 n_ref_event=0 n_req=0 n_rd=0 n_rd_L2_A=0 n_write=0 n_wr_bk=0 bw_util=-nan
n_activity=0 dram_eff=-nan
bk0: 0a 0i bk1: 0a 0i bk2: 0a 0i bk3: 0a 0i bk4: 0a 0i bk5: 0a 0i bk6: 0a 0i bk7: 0a 0i bk8: 0a 0i bk9: 0a 0i bk10: 0a 0i bk11: 0a 0i bk12: 0a 0i bk13: 0a 0i bk14: 0a 0i bk15: 0a 0i 

------------------------------------------------------------------------

Row_Buffer_Locality = -nan
Row_Buffer_Locality_read = -nan
Row_Buffer_Locality_write = -nan
Bank_Level_Parallism = -nan
Bank_Level_Parallism_Col = -nan
Bank_Level_Parallism_Ready = -nan
write_to_read_ratio_blp_rw_average = -nan
GrpLevelPara = -nan 

BW Util details:
bwutil = -nan 
total_CMD = 0 
util_bw = 0 
Wasted_Col = 0 
Wasted_Row = 0 
Idle = 0 

BW Util Bottlenecks: 
RCDc_limit = 0 
RCDWRc_limit = 0 
WTRc_limit = 0 
RTWc_limit = 0 
CCDLc_limit = 0 
rwq = 0 
CCDLc_limit_alone = 0 
WTRc_limit_alone = 0 
RTWc_limit_alone = 0 

Commands details: 
total_CMD = 0 
n_nop = 0 
Read = 0 
Write = 0 
L2_Alloc = 0 
L2_WB = 0 
n_act = 0 
n_pre = 0 
n_ref = 0 
n_req = 0 
total_req = 0 

Dual Bus Interface Util: 
issued_total_row = 0 
issued_total_col = 0 
Row_Bus_Util =  -nan 
CoL_Bus_Util = -nan 
Either_Row_CoL_Bus_Util = -nan 
Issued_on_Two_Bus_Simul_Util = -nan 
issued_two_Eff = -nan 
queue_avg = -nan 


dram_util_bins: 0 0 0 0 0 0 0 0 0 0
dram_eff_bins: 0 0 0 0 0 0 0 0 0 0
mrqq: max=0 avg=-nan

========= L2 cache stats =========
L2_cache_bank[0]: Access = 856, Miss = 856, Miss_rate = 1.000, Pending_hits = 0, Reservation_fails = 0
L2_cache_bank[1]: Access = 856, Miss = 856, Miss_rate = 1.000, Pending_hits = 0, Reservation_fails = 0
L2_cache_bank[2]: Access = 852, Miss = 852, Miss_rate = 1.000, Pending_hits = 0, Reservation_fails = 0
L2_cache_bank[3]: Access = 852, Miss = 852, Miss_rate = 1.000, Pending_hits = 0, Reservation_fails = 0
L2_cache_bank[4]: Access = 852, Miss = 852, Miss_rate = 1.000, Pending_hits = 0, Reservation_fails = 0
L2_cache_bank[5]: Access = 852, Miss = 852, Miss_rate = 1.000, Pending_hits = 0, Reservation_fails = 0
L2_cache_bank[6]: Access = 884, Miss = 856, Miss_rate = 0.968, Pending_hits = 0, Reservation_fails = 0
L2_cache_bank[7]: Access = 853, Miss = 853, Miss_rate = 1.000, Pending_hits = 0, Reservation_fails = 0
L2_cache_bank[8]: Access = 852, Miss = 852, Miss_rate = 1.000, Pending_hits = 0, Reservation_fails = 0
L2_cache_bank[9]: Access = 852, Miss = 852, Miss_rate = 1.000, Pending_hits = 0, Reservation_fails = 0
L2_cache_bank[10]: Access = 856, Miss = 856, Miss_rate = 1.000, Pending_hits = 0, Reservation_fails = 0
L2_cache_bank[11]: Access = 856, Miss = 856, Miss_rate = 1.000, Pending_hits = 0, Reservation_fails = 0
L2_cache_bank[12]: Access = 856, Miss = 856, Miss_rate = 1.000, Pending_hits = 0, Reservation_fails = 0
L2_cache_bank[13]: Access = 856, Miss = 856, Miss_rate = 1.000, Pending_hits = 0, Reservation_fails = 0
L2_cache_bank[14]: Access = 852, Miss = 852, Miss_rate = 1.000, Pending_hits = 0, Reservation_fails = 0
L2_cache_bank[15]: Access = 856, Miss = 856, Miss_rate = 1.000, Pending_hits = 0, Reservation_fails = 0
L2_cache_bank[16]: Access = 852, Miss = 852, Miss_rate = 1.000, Pending_hits = 0, Reservation_fails = 0
L2_cache_bank[17]: Access = 852, Miss = 852, Miss_rate = 1.000, Pending_hits = 0, Reservation_fails = 0
L2_cache_bank[18]: Access = 856, Miss = 856, Miss_rate = 1.000, Pending_hits = 0, Reservation_fails = 0
L2_cache_bank[19]: Access = 852, Miss = 852, Miss_rate = 1.000, Pending_hits = 0, Reservation_fails = 0
L2_cache_bank[20]: Access = 848, Miss = 848, Miss_rate = 1.000, Pending_hits = 0, Reservation_fails = 0
L2_cache_bank[21]: Access = 848, Miss = 848, Miss_rate = 1.000, Pending_hits = 0, Reservation_fails = 0
L2_cache_bank[22]: Access = 852, Miss = 852, Miss_rate = 1.000, Pending_hits = 0, Reservation_fails = 0
L2_cache_bank[23]: Access = 848, Miss = 848, Miss_rate = 1.000, Pending_hits = 0, Reservation_fails = 0
L2_cache_bank[24]: Access = 848, Miss = 848, Miss_rate = 1.000, Pending_hits = 0, Reservation_fails = 0
L2_cache_bank[25]: Access = 852, Miss = 852, Miss_rate = 1.000, Pending_hits = 0, Reservation_fails = 0
L2_cache_bank[26]: Access = 848, Miss = 848, Miss_rate = 1.000, Pending_hits = 0, Reservation_fails = 0
L2_cache_bank[27]: Access = 848, Miss = 848, Miss_rate = 1.000, Pending_hits = 0, Reservation_fails = 0
L2_cache_bank[28]: Access = 848, Miss = 848, Miss_rate = 1.000, Pending_hits = 0, Reservation_fails = 0
L2_cache_bank[29]: Access = 848, Miss = 848, Miss_rate = 1.000, Pending_hits = 0, Reservation_fails = 0
L2_cache_bank[30]: Access = 868, Miss = 856, Miss_rate = 0.986, Pending_hits = 0, Reservation_fails = 0
L2_cache_bank[31]: Access = 868, Miss = 856, Miss_rate = 0.986, Pending_hits = 0, Reservation_fails = 0
L2_cache_bank[32]: Access = 868, Miss = 856, Miss_rate = 0.986, Pending_hits = 0, Reservation_fails = 0
L2_cache_bank[33]: Access = 868, Miss = 856, Miss_rate = 0.986, Pending_hits = 0, Reservation_fails = 0
L2_cache_bank[34]: Access = 848, Miss = 848, Miss_rate = 1.000, Pending_hits = 0, Reservation_fails = 0
L2_cache_bank[35]: Access = 848, Miss = 848, Miss_rate = 1.000, Pending_hits = 0, Reservation_fails = 0
L2_cache_bank[36]: Access = 848, Miss = 848, Miss_rate = 1.000, Pending_hits = 0, Reservation_fails = 0
L2_cache_bank[37]: Access = 848, Miss = 848, Miss_rate = 1.000, Pending_hits = 0, Reservation_fails = 0
L2_cache_bank[38]: Access = 848, Miss = 848, Miss_rate = 1.000, Pending_hits = 0, Reservation_fails = 0
L2_cache_bank[39]: Access = 848, Miss = 848, Miss_rate = 1.000, Pending_hits = 0, Reservation_fails = 0
L2_cache_bank[40]: Access = 204, Miss = 204, Miss_rate = 1.000, Pending_hits = 0, Reservation_fails = 0
L2_cache_bank[41]: Access = 204, Miss = 204, Miss_rate = 1.000, Pending_hits = 0, Reservation_fails = 0
L2_cache_bank[42]: Access = 208, Miss = 208, Miss_rate = 1.000, Pending_hits = 0, Reservation_fails = 0
L2_cache_bank[43]: Access = 208, Miss = 208, Miss_rate = 1.000, Pending_hits = 0, Reservation_fails = 0
L2_cache_bank[44]: Access = 200, Miss = 200, Miss_rate = 1.000, Pending_hits = 0, Reservation_fails = 0
L2_cache_bank[45]: Access = 200, Miss = 200, Miss_rate = 1.000, Pending_hits = 0, Reservation_fails = 0
L2_cache_bank[46]: Access = 204, Miss = 204, Miss_rate = 1.000, Pending_hits = 0, Reservation_fails = 0
L2_cache_bank[47]: Access = 208, Miss = 208, Miss_rate = 1.000, Pending_hits = 0, Reservation_fails = 0
L2_cache_bank[48]: Access = 200, Miss = 200, Miss_rate = 1.000, Pending_hits = 0, Reservation_fails = 0
L2_cache_bank[49]: Access = 196, Miss = 196, Miss_rate = 1.000, Pending_hits = 0, Reservation_fails = 0
L2_cache_bank[50]: Access = 208, Miss = 208, Miss_rate = 1.000, Pending_hits = 0, Reservation_fails = 0
L2_cache_bank[51]: Access = 200, Miss = 200, Miss_rate = 1.000, Pending_hits = 0, Reservation_fails = 0
L2_cache_bank[52]: Access = 200, Miss = 200, Miss_rate = 1.000, Pending_hits = 0, Reservation_fails = 0
L2_cache_bank[53]: Access = 208, Miss = 208, Miss_rate = 1.000, Pending_hits = 0, Reservation_fails = 0
L2_cache_bank[54]: Access = 204, Miss = 204, Miss_rate = 1.000, Pending_hits = 0, Reservation_fails = 0
L2_cache_bank[55]: Access = 204, Miss = 204, Miss_rate = 1.000, Pending_hits = 0, Reservation_fails = 0
L2_cache_bank[56]: Access = 208, Miss = 208, Miss_rate = 1.000, Pending_hits = 0, Reservation_fails = 0
L2_cache_bank[57]: Access = 200, Miss = 200, Miss_rate = 1.000, Pending_hits = 0, Reservation_fails = 0
L2_cache_bank[58]: Access = 204, Miss = 204, Miss_rate = 1.000, Pending_hits = 0, Reservation_fails = 0
L2_cache_bank[59]: Access = 212, Miss = 212, Miss_rate = 1.000, Pending_hits = 0, Reservation_fails = 0
L2_cache_bank[60]: Access = 220, Miss = 220, Miss_rate = 1.000, Pending_hits = 0, Reservation_fails = 0
L2_cache_bank[61]: Access = 220, Miss = 220, Miss_rate = 1.000, Pending_hits = 0, Reservation_fails = 0
L2_cache_bank[62]: Access = 212, Miss = 212, Miss_rate = 1.000, Pending_hits = 0, Reservation_fails = 0
L2_cache_bank[63]: Access = 212, Miss = 212, Miss_rate = 1.000, Pending_hits = 0, Reservation_fails = 0
L2_cache_bank[64]: Access = 220, Miss = 220, Miss_rate = 1.000, Pending_hits = 0, Reservation_fails = 0
L2_cache_bank[65]: Access = 220, Miss = 220, Miss_rate = 1.000, Pending_hits = 0, Reservation_fails = 0
L2_cache_bank[66]: Access = 216, Miss = 216, Miss_rate = 1.000, Pending_hits = 0, Reservation_fails = 0
L2_cache_bank[67]: Access = 212, Miss = 212, Miss_rate = 1.000, Pending_hits = 0, Reservation_fails = 0
L2_cache_bank[68]: Access = 220, Miss = 220, Miss_rate = 1.000, Pending_hits = 0, Reservation_fails = 0
L2_cache_bank[69]: Access = 224, Miss = 224, Miss_rate = 1.000, Pending_hits = 0, Reservation_fails = 0
L2_cache_bank[70]: Access = 216, Miss = 216, Miss_rate = 1.000, Pending_hits = 0, Reservation_fails = 0
L2_cache_bank[71]: Access = 220, Miss = 220, Miss_rate = 1.000, Pending_hits = 0, Reservation_fails = 0
L2_cache_bank[72]: Access = 224, Miss = 224, Miss_rate = 1.000, Pending_hits = 0, Reservation_fails = 0
L2_cache_bank[73]: Access = 216, Miss = 216, Miss_rate = 1.000, Pending_hits = 0, Reservation_fails = 0
L2_cache_bank[74]: Access = 220, Miss = 220, Miss_rate = 1.000, Pending_hits = 0, Reservation_fails = 0
L2_cache_bank[75]: Access = 224, Miss = 224, Miss_rate = 1.000, Pending_hits = 0, Reservation_fails = 0
L2_cache_bank[76]: Access = 216, Miss = 216, Miss_rate = 1.000, Pending_hits = 0, Reservation_fails = 0
L2_cache_bank[77]: Access = 224, Miss = 224, Miss_rate = 1.000, Pending_hits = 0, Reservation_fails = 0
L2_cache_bank[78]: Access = 220, Miss = 220, Miss_rate = 1.000, Pending_hits = 0, Reservation_fails = 0
L2_cache_bank[79]: Access = 212, Miss = 212, Miss_rate = 1.000, Pending_hits = 0, Reservation_fails = 0
L2_total_cache_accesses = 42601
L2_total_cache_misses = 42525
L2_total_cache_miss_rate = 0.9982
L2_total_cache_pending_hits = 0
L2_total_cache_reservation_fails = 0
L2_total_cache_breakdown:
	L2_cache_stats_breakdown[GLOBAL_ACC_R][HIT] = 44
	L2_cache_stats_breakdown[GLOBAL_ACC_R][HIT_RESERVED] = 0
	L2_cache_stats_breakdown[GLOBAL_ACC_R][MISS] = 4230
	L2_cache_stats_breakdown[GLOBAL_ACC_R][RESERVATION_FAIL] = 0
	L2_cache_stats_breakdown[GLOBAL_ACC_R][SECTOR_MISS] = 12687
	L2_cache_stats_breakdown[GLOBAL_ACC_R][MSHR_HIT] = 0
	L2_cache_stats_breakdown[GLOBAL_ACC_R][WRITE_ALLOCATED] = 0
	L2_cache_stats_breakdown[CHIPLET_ACC_R][HIT] = 0
	L2_cache_stats_breakdown[CHIPLET_ACC_R][HIT_RESERVED] = 0
	L2_cache_stats_breakdown[CHIPLET_ACC_R][MISS] = 2112
	L2_cache_stats_breakdown[CHIPLET_ACC_R][RESERVATION_FAIL] = 0
	L2_cache_stats_breakdown[CHIPLET_ACC_R][SECTOR_MISS] = 6336
	L2_cache_stats_breakdown[CHIPLET_ACC_R][MSHR_HIT] = 0
	L2_cache_stats_breakdown[CHIPLET_ACC_R][WRITE_ALLOCATED] = 0
	L2_cache_stats_breakdown[LOCAL_ACC_R][HIT] = 0
	L2_cache_stats_breakdown[LOCAL_ACC_R][HIT_RESERVED] = 0
	L2_cache_stats_breakdown[LOCAL_ACC_R][MISS] = 0
	L2_cache_stats_breakdown[LOCAL_ACC_R][RESERVATION_FAIL] = 0
	L2_cache_stats_breakdown[LOCAL_ACC_R][SECTOR_MISS] = 0
	L2_cache_stats_breakdown[LOCAL_ACC_R][MSHR_HIT] = 0
	L2_cache_stats_breakdown[LOCAL_ACC_R][WRITE_ALLOCATED] = 0
	L2_cache_stats_breakdown[CONST_ACC_R][HIT] = 0
	L2_cache_stats_breakdown[CONST_ACC_R][HIT_RESERVED] = 0
	L2_cache_stats_breakdown[CONST_ACC_R][MISS] = 0
	L2_cache_stats_breakdown[CONST_ACC_R][RESERVATION_FAIL] = 0
	L2_cache_stats_breakdown[CONST_ACC_R][SECTOR_MISS] = 0
	L2_cache_stats_breakdown[CONST_ACC_R][MSHR_HIT] = 0
	L2_cache_stats_breakdown[CONST_ACC_R][WRITE_ALLOCATED] = 0
	L2_cache_stats_breakdown[TEXTURE_ACC_R][HIT] = 0
	L2_cache_stats_breakdown[TEXTURE_ACC_R][HIT_RESERVED] = 0
	L2_cache_stats_breakdown[TEXTURE_ACC_R][MISS] = 0
	L2_cache_stats_breakdown[TEXTURE_ACC_R][RESERVATION_FAIL] = 0
	L2_cache_stats_breakdown[TEXTURE_ACC_R][SECTOR_MISS] = 0
	L2_cache_stats_breakdown[TEXTURE_ACC_R][MSHR_HIT] = 0
	L2_cache_stats_breakdown[TEXTURE_ACC_R][WRITE_ALLOCATED] = 0
	L2_cache_stats_breakdown[GLOBAL_ACC_W][HIT] = 32
	L2_cache_stats_breakdown[GLOBAL_ACC_W][HIT_RESERVED] = 0
	L2_cache_stats_breakdown[GLOBAL_ACC_W][MISS] = 4290
	L2_cache_stats_breakdown[GLOBAL_ACC_W][RESERVATION_FAIL] = 0
	L2_cache_stats_breakdown[GLOBAL_ACC_W][SECTOR_MISS] = 12870
	L2_cache_stats_breakdown[GLOBAL_ACC_W][MSHR_HIT] = 0
	L2_cache_stats_breakdown[GLOBAL_ACC_W][WRITE_ALLOCATED] = 17160
	L2_cache_stats_breakdown[CHIPLET_ACC_W][HIT] = 0
	L2_cache_stats_breakdown[CHIPLET_ACC_W][HIT_RESERVED] = 0
	L2_cache_stats_breakdown[CHIPLET_ACC_W][MISS] = 0
	L2_cache_stats_breakdown[CHIPLET_ACC_W][RESERVATION_FAIL] = 0
	L2_cache_stats_breakdown[CHIPLET_ACC_W][SECTOR_MISS] = 0
	L2_cache_stats_breakdown[CHIPLET_ACC_W][MSHR_HIT] = 0
	L2_cache_stats_breakdown[CHIPLET_ACC_W][WRITE_ALLOCATED] = 0
	L2_cache_stats_breakdown[LOCAL_ACC_W][HIT] = 0
	L2_cache_stats_breakdown[LOCAL_ACC_W][HIT_RESERVED] = 0
	L2_cache_stats_breakdown[LOCAL_ACC_W][MISS] = 0
	L2_cache_stats_breakdown[LOCAL_ACC_W][RESERVATION_FAIL] = 0
	L2_cache_stats_breakdown[LOCAL_ACC_W][SECTOR_MISS] = 0
	L2_cache_stats_breakdown[LOCAL_ACC_W][MSHR_HIT] = 0
	L2_cache_stats_breakdown[LOCAL_ACC_W][WRITE_ALLOCATED] = 0
	L2_cache_stats_breakdown[L1_WRBK_ACC][HIT] = 0
	L2_cache_stats_breakdown[L1_WRBK_ACC][HIT_RESERVED] = 0
	L2_cache_stats_breakdown[L1_WRBK_ACC][MISS] = 0
	L2_cache_stats_breakdown[L1_WRBK_ACC][RESERVATION_FAIL] = 0
	L2_cache_stats_breakdown[L1_WRBK_ACC][SECTOR_MISS] = 0
	L2_cache_stats_breakdown[L1_WRBK_ACC][MSHR_HIT] = 0
	L2_cache_stats_breakdown[L1_WRBK_ACC][WRITE_ALLOCATED] = 0
	L2_cache_stats_breakdown[L2_WRBK_ACC][HIT] = 0
	L2_cache_stats_breakdown[L2_WRBK_ACC][HIT_RESERVED] = 0
	L2_cache_stats_breakdown[L2_WRBK_ACC][MISS] = 0
	L2_cache_stats_breakdown[L2_WRBK_ACC][RESERVATION_FAIL] = 0
	L2_cache_stats_breakdown[L2_WRBK_ACC][SECTOR_MISS] = 0
	L2_cache_stats_breakdown[L2_WRBK_ACC][MSHR_HIT] = 0
	L2_cache_stats_breakdown[L2_WRBK_ACC][WRITE_ALLOCATED] = 0
	L2_cache_stats_breakdown[INST_ACC_R][HIT] = 0
	L2_cache_stats_breakdown[INST_ACC_R][HIT_RESERVED] = 0
	L2_cache_stats_breakdown[INST_ACC_R][MISS] = 0
	L2_cache_stats_breakdown[INST_ACC_R][RESERVATION_FAIL] = 0
	L2_cache_stats_breakdown[INST_ACC_R][SECTOR_MISS] = 0
	L2_cache_stats_breakdown[INST_ACC_R][MSHR_HIT] = 0
	L2_cache_stats_breakdown[INST_ACC_R][WRITE_ALLOCATED] = 0
	L2_cache_stats_breakdown[L1_WR_ALLOC_R][HIT] = 0
	L2_cache_stats_breakdown[L1_WR_ALLOC_R][HIT_RESERVED] = 0
	L2_cache_stats_breakdown[L1_WR_ALLOC_R][MISS] = 0
	L2_cache_stats_breakdown[L1_WR_ALLOC_R][RESERVATION_FAIL] = 0
	L2_cache_stats_breakdown[L1_WR_ALLOC_R][SECTOR_MISS] = 0
	L2_cache_stats_breakdown[L1_WR_ALLOC_R][MSHR_HIT] = 0
	L2_cache_stats_breakdown[L1_WR_ALLOC_R][WRITE_ALLOCATED] = 0
	L2_cache_stats_breakdown[L2_WR_ALLOC_R][HIT] = 0
	L2_cache_stats_breakdown[L2_WR_ALLOC_R][HIT_RESERVED] = 0
	L2_cache_stats_breakdown[L2_WR_ALLOC_R][MISS] = 0
	L2_cache_stats_breakdown[L2_WR_ALLOC_R][RESERVATION_FAIL] = 0
	L2_cache_stats_breakdown[L2_WR_ALLOC_R][SECTOR_MISS] = 0
	L2_cache_stats_breakdown[L2_WR_ALLOC_R][MSHR_HIT] = 0
	L2_cache_stats_breakdown[L2_WR_ALLOC_R][WRITE_ALLOCATED] = 0
	L2_cache_stats_breakdown[GLOBAL_ACC_R][TOTAL_ACCESS] = 16961
	L2_cache_stats_breakdown[CHIPLET_ACC_R][TOTAL_ACCESS] = 8448
	L2_cache_stats_breakdown[GLOBAL_ACC_W][TOTAL_ACCESS] = 17192
L2_total_cache_reservation_fail_breakdown:
L2_cache_data_port_util = 0.000
L2_cache_fill_port_util = 0.001

icnt_total_pkts_mem_to_simt=51312
icnt_total_pkts_simt_to_mem=51576
LD_mem_lat_dist  0 0 0 0 0 0 0 0 0 0 0 0 0 0 0 0 0 0 0 0 0 0 0 0 0 0 0
ST_mem_lat_dist  0 0 0 0 0 0 0 0 0 0 0 0 0 0 0 0 0 0 0 0 0 0 0 0 0 0 0
----------------------------Interconnect-DETAILS--------------------------------
Class 0:
Packet latency average = 71.1855
	minimum = 4
	maximum = 259
Network latency average = 4.4614
	minimum = 4
	maximum = 10
Slowest packet = 0
Flit latency average = 4.4614
	minimum = 4
	maximum = 10
Slowest flit = 4143
Fragmentation average = 0
	minimum = 0
	maximum = 0
Injected packet rate average = 0.00144669
	minimum = 0 (at node 2)
	maximum = 0.135953 (at node 1)
Accepted packet rate average = 0.00144669
	minimum = 0 (at node 2)
	maximum = 0.135953 (at node 1)
Injected flit rate average = 0.00144669
	minimum = 0 (at node 2)
	maximum = 0.135953 (at node 1)
Accepted flit rate average= 0.00144669
	minimum = 0 (at node 2)
	maximum = 0.135953 (at node 1)
Injected packet length average = 1
Accepted packet length average = 1
Total in-flight flits = 0 (0 measured)
====== Overall Traffic Statistics ======
====== Traffic class 0 ======
Packet latency average = 82.1077 (2 samples)
	minimum = 4 (2 samples)
	maximum = 259 (2 samples)
Network latency average = 4.43435 (2 samples)
	minimum = 4 (2 samples)
	maximum = 9.5 (2 samples)
Flit latency average = 4.43435 (2 samples)
	minimum = 4 (2 samples)
	maximum = 9.5 (2 samples)
Fragmentation average = 0 (2 samples)
	minimum = 0 (2 samples)
	maximum = 0 (2 samples)
Injected packet rate average = 0.000976443 (2 samples)
	minimum = 0 (2 samples)
	maximum = 0.0925272 (2 samples)
Accepted packet rate average = 0.000976443 (2 samples)
	minimum = 0 (2 samples)
	maximum = 0.0925272 (2 samples)
Injected flit rate average = 0.000976443 (2 samples)
	minimum = 0 (2 samples)
	maximum = 0.0925272 (2 samples)
Accepted flit rate average = 0.000976443 (2 samples)
	minimum = 0 (2 samples)
	maximum = 0.0925272 (2 samples)
Injected packet size average = 1 (2 samples)
Accepted packet size average = 1 (2 samples)
Hops average = 1 (2 samples)
----------------------------END-of-Interconnect-DETAILS-------------------------


gpgpu_simulation_time = 0 days, 0 hrs, 0 min, 16 sec (16 sec)
gpgpu_simulation_rate = 304418 (inst/sec)
gpgpu_simulation_rate = 7627 (cycle/sec)
gpgpu_silicon_slowdown = 230103x
Processing kernel /localhome/tsousape/cam_with_gpu/traces/sched_E_1_468_2/traces/kernel-3-ctx_0x56131343e480.tracez
-kernel name = _Z7sched_ePjPKjS_Pfiiii
-kernel id = 3
-grid dim = (1,1,1)
-block dim = (256,1,1)
-shmem = 132160
-nregs = 31
-binary version = 90
-cuda stream id = 0
-shmem base_addr = 0x00007f1600000000
-local mem base_addr = 0x00007f158d000000
-nvbit version = 1.8
-accelsim tracer version = 6
-enable lineinfo = 0
Header info loaded for kernel command : /localhome/tsousape/cam_with_gpu/traces/sched_E_1_468_2/traces/kernel-3-ctx_0x56131343e480.tracez
launching kernel name: _Z7sched_ePjPKjS_Pfiiii uid: 3 cuda_stream_id: 0
GPGPU-Sim uArch: Shader 2 bind to kernel 3 '_Z7sched_ePjPKjS_Pfiiii'
GPGPU-Sim: Reconfigure L1 cache to 28KB
thread block = 0,0,0
Destroy streams for kernel 3: size 0
kernel_name = _Z7sched_ePjPKjS_Pfiiii 
kernel_launch_uid = 3 
kernel_stream_id = 0
gpu_sim_cycle = 215034
gpu_sim_insn = 9296524
gpu_ipc =      43.2328
gpu_tot_sim_cycle = 337077
gpu_tot_sim_insn = 14167222
gpu_tot_ipc =      42.0296
gpu_tot_issued_cta = 3
gpu_occupancy = 12.2520% 
gpu_tot_occupancy = 12.0594% 
max_total_param_size = 0
gpu_stall_dramfull = 0
gpu_stall_icnt2sh    = 0
partiton_level_parallism =       0.3085
partiton_level_parallism_total  =       0.2984
partiton_level_parallism_util =       1.0000
partiton_level_parallism_util_total  =       1.0000
L2_BW  =      17.3248 GB/Sec
L2_BW_total  =      16.7588 GB/Sec
gpu_total_sim_rate=321982

========= Core cache stats =========
L1I_cache:
	L1I_total_cache_accesses = 0
	L1I_total_cache_misses = 0
	L1I_total_cache_pending_hits = 0
	L1I_total_cache_reservation_fails = 0
L1D_cache:
	L1D_cache_core[0]: Access = 32, Miss = 16, Miss_rate = 0.500, Pending_hits = 0, Reservation_fails = 0
	L1D_cache_core[1]: Access = 32, Miss = 16, Miss_rate = 0.500, Pending_hits = 0, Reservation_fails = 0
	L1D_cache_core[2]: Access = 32, Miss = 16, Miss_rate = 0.500, Pending_hits = 0, Reservation_fails = 0
	L1D_cache_core[3]: Access = 0, Miss = 0, Miss_rate = -nan, Pending_hits = 0, Reservation_fails = 0
	L1D_cache_core[4]: Access = 0, Miss = 0, Miss_rate = -nan, Pending_hits = 0, Reservation_fails = 0
	L1D_cache_core[5]: Access = 0, Miss = 0, Miss_rate = -nan, Pending_hits = 0, Reservation_fails = 0
	L1D_cache_core[6]: Access = 0, Miss = 0, Miss_rate = -nan, Pending_hits = 0, Reservation_fails = 0
	L1D_cache_core[7]: Access = 0, Miss = 0, Miss_rate = -nan, Pending_hits = 0, Reservation_fails = 0
	L1D_cache_core[8]: Access = 0, Miss = 0, Miss_rate = -nan, Pending_hits = 0, Reservation_fails = 0
	L1D_cache_core[9]: Access = 0, Miss = 0, Miss_rate = -nan, Pending_hits = 0, Reservation_fails = 0
	L1D_cache_core[10]: Access = 0, Miss = 0, Miss_rate = -nan, Pending_hits = 0, Reservation_fails = 0
	L1D_cache_core[11]: Access = 0, Miss = 0, Miss_rate = -nan, Pending_hits = 0, Reservation_fails = 0
	L1D_cache_core[12]: Access = 0, Miss = 0, Miss_rate = -nan, Pending_hits = 0, Reservation_fails = 0
	L1D_cache_core[13]: Access = 0, Miss = 0, Miss_rate = -nan, Pending_hits = 0, Reservation_fails = 0
	L1D_cache_core[14]: Access = 0, Miss = 0, Miss_rate = -nan, Pending_hits = 0, Reservation_fails = 0
	L1D_cache_core[15]: Access = 0, Miss = 0, Miss_rate = -nan, Pending_hits = 0, Reservation_fails = 0
	L1D_cache_core[16]: Access = 0, Miss = 0, Miss_rate = -nan, Pending_hits = 0, Reservation_fails = 0
	L1D_cache_core[17]: Access = 0, Miss = 0, Miss_rate = -nan, Pending_hits = 0, Reservation_fails = 0
	L1D_cache_core[18]: Access = 0, Miss = 0, Miss_rate = -nan, Pending_hits = 0, Reservation_fails = 0
	L1D_cache_core[19]: Access = 0, Miss = 0, Miss_rate = -nan, Pending_hits = 0, Reservation_fails = 0
	L1D_cache_core[20]: Access = 0, Miss = 0, Miss_rate = -nan, Pending_hits = 0, Reservation_fails = 0
	L1D_cache_core[21]: Access = 0, Miss = 0, Miss_rate = -nan, Pending_hits = 0, Reservation_fails = 0
	L1D_cache_core[22]: Access = 0, Miss = 0, Miss_rate = -nan, Pending_hits = 0, Reservation_fails = 0
	L1D_cache_core[23]: Access = 0, Miss = 0, Miss_rate = -nan, Pending_hits = 0, Reservation_fails = 0
	L1D_cache_core[24]: Access = 0, Miss = 0, Miss_rate = -nan, Pending_hits = 0, Reservation_fails = 0
	L1D_cache_core[25]: Access = 0, Miss = 0, Miss_rate = -nan, Pending_hits = 0, Reservation_fails = 0
	L1D_cache_core[26]: Access = 0, Miss = 0, Miss_rate = -nan, Pending_hits = 0, Reservation_fails = 0
	L1D_cache_core[27]: Access = 0, Miss = 0, Miss_rate = -nan, Pending_hits = 0, Reservation_fails = 0
	L1D_cache_core[28]: Access = 0, Miss = 0, Miss_rate = -nan, Pending_hits = 0, Reservation_fails = 0
	L1D_cache_core[29]: Access = 0, Miss = 0, Miss_rate = -nan, Pending_hits = 0, Reservation_fails = 0
	L1D_cache_core[30]: Access = 0, Miss = 0, Miss_rate = -nan, Pending_hits = 0, Reservation_fails = 0
	L1D_cache_core[31]: Access = 0, Miss = 0, Miss_rate = -nan, Pending_hits = 0, Reservation_fails = 0
	L1D_cache_core[32]: Access = 0, Miss = 0, Miss_rate = -nan, Pending_hits = 0, Reservation_fails = 0
	L1D_cache_core[33]: Access = 0, Miss = 0, Miss_rate = -nan, Pending_hits = 0, Reservation_fails = 0
	L1D_cache_core[34]: Access = 0, Miss = 0, Miss_rate = -nan, Pending_hits = 0, Reservation_fails = 0
	L1D_cache_core[35]: Access = 0, Miss = 0, Miss_rate = -nan, Pending_hits = 0, Reservation_fails = 0
	L1D_cache_core[36]: Access = 0, Miss = 0, Miss_rate = -nan, Pending_hits = 0, Reservation_fails = 0
	L1D_cache_core[37]: Access = 0, Miss = 0, Miss_rate = -nan, Pending_hits = 0, Reservation_fails = 0
	L1D_cache_core[38]: Access = 0, Miss = 0, Miss_rate = -nan, Pending_hits = 0, Reservation_fails = 0
	L1D_cache_core[39]: Access = 0, Miss = 0, Miss_rate = -nan, Pending_hits = 0, Reservation_fails = 0
	L1D_cache_core[40]: Access = 0, Miss = 0, Miss_rate = -nan, Pending_hits = 0, Reservation_fails = 0
	L1D_cache_core[41]: Access = 0, Miss = 0, Miss_rate = -nan, Pending_hits = 0, Reservation_fails = 0
	L1D_cache_core[42]: Access = 0, Miss = 0, Miss_rate = -nan, Pending_hits = 0, Reservation_fails = 0
	L1D_cache_core[43]: Access = 0, Miss = 0, Miss_rate = -nan, Pending_hits = 0, Reservation_fails = 0
	L1D_cache_core[44]: Access = 0, Miss = 0, Miss_rate = -nan, Pending_hits = 0, Reservation_fails = 0
	L1D_cache_core[45]: Access = 0, Miss = 0, Miss_rate = -nan, Pending_hits = 0, Reservation_fails = 0
	L1D_cache_core[46]: Access = 0, Miss = 0, Miss_rate = -nan, Pending_hits = 0, Reservation_fails = 0
	L1D_cache_core[47]: Access = 0, Miss = 0, Miss_rate = -nan, Pending_hits = 0, Reservation_fails = 0
	L1D_cache_core[48]: Access = 0, Miss = 0, Miss_rate = -nan, Pending_hits = 0, Reservation_fails = 0
	L1D_cache_core[49]: Access = 0, Miss = 0, Miss_rate = -nan, Pending_hits = 0, Reservation_fails = 0
	L1D_cache_core[50]: Access = 0, Miss = 0, Miss_rate = -nan, Pending_hits = 0, Reservation_fails = 0
	L1D_cache_core[51]: Access = 0, Miss = 0, Miss_rate = -nan, Pending_hits = 0, Reservation_fails = 0
	L1D_cache_core[52]: Access = 0, Miss = 0, Miss_rate = -nan, Pending_hits = 0, Reservation_fails = 0
	L1D_cache_core[53]: Access = 0, Miss = 0, Miss_rate = -nan, Pending_hits = 0, Reservation_fails = 0
	L1D_cache_core[54]: Access = 0, Miss = 0, Miss_rate = -nan, Pending_hits = 0, Reservation_fails = 0
	L1D_cache_core[55]: Access = 0, Miss = 0, Miss_rate = -nan, Pending_hits = 0, Reservation_fails = 0
	L1D_cache_core[56]: Access = 0, Miss = 0, Miss_rate = -nan, Pending_hits = 0, Reservation_fails = 0
	L1D_cache_core[57]: Access = 0, Miss = 0, Miss_rate = -nan, Pending_hits = 0, Reservation_fails = 0
	L1D_cache_core[58]: Access = 0, Miss = 0, Miss_rate = -nan, Pending_hits = 0, Reservation_fails = 0
	L1D_cache_core[59]: Access = 0, Miss = 0, Miss_rate = -nan, Pending_hits = 0, Reservation_fails = 0
	L1D_cache_core[60]: Access = 0, Miss = 0, Miss_rate = -nan, Pending_hits = 0, Reservation_fails = 0
	L1D_cache_core[61]: Access = 0, Miss = 0, Miss_rate = -nan, Pending_hits = 0, Reservation_fails = 0
	L1D_cache_core[62]: Access = 0, Miss = 0, Miss_rate = -nan, Pending_hits = 0, Reservation_fails = 0
	L1D_cache_core[63]: Access = 0, Miss = 0, Miss_rate = -nan, Pending_hits = 0, Reservation_fails = 0
	L1D_cache_core[64]: Access = 0, Miss = 0, Miss_rate = -nan, Pending_hits = 0, Reservation_fails = 0
	L1D_cache_core[65]: Access = 0, Miss = 0, Miss_rate = -nan, Pending_hits = 0, Reservation_fails = 0
	L1D_cache_core[66]: Access = 0, Miss = 0, Miss_rate = -nan, Pending_hits = 0, Reservation_fails = 0
	L1D_cache_core[67]: Access = 0, Miss = 0, Miss_rate = -nan, Pending_hits = 0, Reservation_fails = 0
	L1D_cache_core[68]: Access = 0, Miss = 0, Miss_rate = -nan, Pending_hits = 0, Reservation_fails = 0
	L1D_cache_core[69]: Access = 0, Miss = 0, Miss_rate = -nan, Pending_hits = 0, Reservation_fails = 0
	L1D_cache_core[70]: Access = 0, Miss = 0, Miss_rate = -nan, Pending_hits = 0, Reservation_fails = 0
	L1D_cache_core[71]: Access = 0, Miss = 0, Miss_rate = -nan, Pending_hits = 0, Reservation_fails = 0
	L1D_cache_core[72]: Access = 0, Miss = 0, Miss_rate = -nan, Pending_hits = 0, Reservation_fails = 0
	L1D_cache_core[73]: Access = 0, Miss = 0, Miss_rate = -nan, Pending_hits = 0, Reservation_fails = 0
	L1D_cache_core[74]: Access = 0, Miss = 0, Miss_rate = -nan, Pending_hits = 0, Reservation_fails = 0
	L1D_cache_core[75]: Access = 0, Miss = 0, Miss_rate = -nan, Pending_hits = 0, Reservation_fails = 0
	L1D_cache_core[76]: Access = 0, Miss = 0, Miss_rate = -nan, Pending_hits = 0, Reservation_fails = 0
	L1D_cache_core[77]: Access = 0, Miss = 0, Miss_rate = -nan, Pending_hits = 0, Reservation_fails = 0
	L1D_cache_core[78]: Access = 0, Miss = 0, Miss_rate = -nan, Pending_hits = 0, Reservation_fails = 0
	L1D_cache_core[79]: Access = 0, Miss = 0, Miss_rate = -nan, Pending_hits = 0, Reservation_fails = 0
	L1D_cache_core[80]: Access = 0, Miss = 0, Miss_rate = -nan, Pending_hits = 0, Reservation_fails = 0
	L1D_cache_core[81]: Access = 0, Miss = 0, Miss_rate = -nan, Pending_hits = 0, Reservation_fails = 0
	L1D_cache_core[82]: Access = 0, Miss = 0, Miss_rate = -nan, Pending_hits = 0, Reservation_fails = 0
	L1D_cache_core[83]: Access = 0, Miss = 0, Miss_rate = -nan, Pending_hits = 0, Reservation_fails = 0
	L1D_cache_core[84]: Access = 0, Miss = 0, Miss_rate = -nan, Pending_hits = 0, Reservation_fails = 0
	L1D_cache_core[85]: Access = 0, Miss = 0, Miss_rate = -nan, Pending_hits = 0, Reservation_fails = 0
	L1D_cache_core[86]: Access = 0, Miss = 0, Miss_rate = -nan, Pending_hits = 0, Reservation_fails = 0
	L1D_cache_core[87]: Access = 0, Miss = 0, Miss_rate = -nan, Pending_hits = 0, Reservation_fails = 0
	L1D_cache_core[88]: Access = 0, Miss = 0, Miss_rate = -nan, Pending_hits = 0, Reservation_fails = 0
	L1D_cache_core[89]: Access = 0, Miss = 0, Miss_rate = -nan, Pending_hits = 0, Reservation_fails = 0
	L1D_cache_core[90]: Access = 0, Miss = 0, Miss_rate = -nan, Pending_hits = 0, Reservation_fails = 0
	L1D_cache_core[91]: Access = 0, Miss = 0, Miss_rate = -nan, Pending_hits = 0, Reservation_fails = 0
	L1D_cache_core[92]: Access = 0, Miss = 0, Miss_rate = -nan, Pending_hits = 0, Reservation_fails = 0
	L1D_cache_core[93]: Access = 0, Miss = 0, Miss_rate = -nan, Pending_hits = 0, Reservation_fails = 0
	L1D_cache_core[94]: Access = 0, Miss = 0, Miss_rate = -nan, Pending_hits = 0, Reservation_fails = 0
	L1D_cache_core[95]: Access = 0, Miss = 0, Miss_rate = -nan, Pending_hits = 0, Reservation_fails = 0
	L1D_cache_core[96]: Access = 0, Miss = 0, Miss_rate = -nan, Pending_hits = 0, Reservation_fails = 0
	L1D_cache_core[97]: Access = 0, Miss = 0, Miss_rate = -nan, Pending_hits = 0, Reservation_fails = 0
	L1D_cache_core[98]: Access = 0, Miss = 0, Miss_rate = -nan, Pending_hits = 0, Reservation_fails = 0
	L1D_cache_core[99]: Access = 0, Miss = 0, Miss_rate = -nan, Pending_hits = 0, Reservation_fails = 0
	L1D_cache_core[100]: Access = 0, Miss = 0, Miss_rate = -nan, Pending_hits = 0, Reservation_fails = 0
	L1D_cache_core[101]: Access = 0, Miss = 0, Miss_rate = -nan, Pending_hits = 0, Reservation_fails = 0
	L1D_cache_core[102]: Access = 0, Miss = 0, Miss_rate = -nan, Pending_hits = 0, Reservation_fails = 0
	L1D_cache_core[103]: Access = 0, Miss = 0, Miss_rate = -nan, Pending_hits = 0, Reservation_fails = 0
	L1D_cache_core[104]: Access = 0, Miss = 0, Miss_rate = -nan, Pending_hits = 0, Reservation_fails = 0
	L1D_cache_core[105]: Access = 0, Miss = 0, Miss_rate = -nan, Pending_hits = 0, Reservation_fails = 0
	L1D_cache_core[106]: Access = 0, Miss = 0, Miss_rate = -nan, Pending_hits = 0, Reservation_fails = 0
	L1D_cache_core[107]: Access = 0, Miss = 0, Miss_rate = -nan, Pending_hits = 0, Reservation_fails = 0
	L1D_cache_core[108]: Access = 0, Miss = 0, Miss_rate = -nan, Pending_hits = 0, Reservation_fails = 0
	L1D_cache_core[109]: Access = 0, Miss = 0, Miss_rate = -nan, Pending_hits = 0, Reservation_fails = 0
	L1D_cache_core[110]: Access = 0, Miss = 0, Miss_rate = -nan, Pending_hits = 0, Reservation_fails = 0
	L1D_cache_core[111]: Access = 0, Miss = 0, Miss_rate = -nan, Pending_hits = 0, Reservation_fails = 0
	L1D_cache_core[112]: Access = 0, Miss = 0, Miss_rate = -nan, Pending_hits = 0, Reservation_fails = 0
	L1D_cache_core[113]: Access = 0, Miss = 0, Miss_rate = -nan, Pending_hits = 0, Reservation_fails = 0
	L1D_total_cache_accesses = 96
	L1D_total_cache_misses = 48
	L1D_total_cache_miss_rate = 0.5000
	L1D_total_cache_pending_hits = 0
	L1D_total_cache_reservation_fails = 0
	L1D_cache_data_port_util = 0.000
	L1D_cache_fill_port_util = 0.000
L1C_cache:
	L1C_total_cache_accesses = 0
	L1C_total_cache_misses = 0
	L1C_total_cache_pending_hits = 0
	L1C_total_cache_reservation_fails = 0
L1T_cache:
	L1T_total_cache_accesses = 0
	L1T_total_cache_misses = 0
	L1T_total_cache_pending_hits = 0
	L1T_total_cache_reservation_fails = 0

Total_core_cache_stats:
	Total_core_cache_stats_breakdown[GLOBAL_ACC_R][HIT] = 0
	Total_core_cache_stats_breakdown[GLOBAL_ACC_R][HIT_RESERVED] = 0
	Total_core_cache_stats_breakdown[GLOBAL_ACC_R][MISS] = 12
	Total_core_cache_stats_breakdown[GLOBAL_ACC_R][RESERVATION_FAIL] = 0
	Total_core_cache_stats_breakdown[GLOBAL_ACC_R][SECTOR_MISS] = 36
	Total_core_cache_stats_breakdown[GLOBAL_ACC_R][MSHR_HIT] = 0
	Total_core_cache_stats_breakdown[GLOBAL_ACC_R][WRITE_ALLOCATED] = 0
	Total_core_cache_stats_breakdown[CHIPLET_ACC_R][HIT] = 0
	Total_core_cache_stats_breakdown[CHIPLET_ACC_R][HIT_RESERVED] = 0
	Total_core_cache_stats_breakdown[CHIPLET_ACC_R][MISS] = 0
	Total_core_cache_stats_breakdown[CHIPLET_ACC_R][RESERVATION_FAIL] = 0
	Total_core_cache_stats_breakdown[CHIPLET_ACC_R][SECTOR_MISS] = 0
	Total_core_cache_stats_breakdown[CHIPLET_ACC_R][MSHR_HIT] = 0
	Total_core_cache_stats_breakdown[CHIPLET_ACC_R][WRITE_ALLOCATED] = 0
	Total_core_cache_stats_breakdown[LOCAL_ACC_R][HIT] = 0
	Total_core_cache_stats_breakdown[LOCAL_ACC_R][HIT_RESERVED] = 0
	Total_core_cache_stats_breakdown[LOCAL_ACC_R][MISS] = 0
	Total_core_cache_stats_breakdown[LOCAL_ACC_R][RESERVATION_FAIL] = 0
	Total_core_cache_stats_breakdown[LOCAL_ACC_R][SECTOR_MISS] = 0
	Total_core_cache_stats_breakdown[LOCAL_ACC_R][MSHR_HIT] = 0
	Total_core_cache_stats_breakdown[LOCAL_ACC_R][WRITE_ALLOCATED] = 0
	Total_core_cache_stats_breakdown[CONST_ACC_R][HIT] = 0
	Total_core_cache_stats_breakdown[CONST_ACC_R][HIT_RESERVED] = 0
	Total_core_cache_stats_breakdown[CONST_ACC_R][MISS] = 0
	Total_core_cache_stats_breakdown[CONST_ACC_R][RESERVATION_FAIL] = 0
	Total_core_cache_stats_breakdown[CONST_ACC_R][SECTOR_MISS] = 0
	Total_core_cache_stats_breakdown[CONST_ACC_R][MSHR_HIT] = 0
	Total_core_cache_stats_breakdown[CONST_ACC_R][WRITE_ALLOCATED] = 0
	Total_core_cache_stats_breakdown[TEXTURE_ACC_R][HIT] = 0
	Total_core_cache_stats_breakdown[TEXTURE_ACC_R][HIT_RESERVED] = 0
	Total_core_cache_stats_breakdown[TEXTURE_ACC_R][MISS] = 0
	Total_core_cache_stats_breakdown[TEXTURE_ACC_R][RESERVATION_FAIL] = 0
	Total_core_cache_stats_breakdown[TEXTURE_ACC_R][SECTOR_MISS] = 0
	Total_core_cache_stats_breakdown[TEXTURE_ACC_R][MSHR_HIT] = 0
	Total_core_cache_stats_breakdown[TEXTURE_ACC_R][WRITE_ALLOCATED] = 0
	Total_core_cache_stats_breakdown[GLOBAL_ACC_W][HIT] = 48
	Total_core_cache_stats_breakdown[GLOBAL_ACC_W][HIT_RESERVED] = 0
	Total_core_cache_stats_breakdown[GLOBAL_ACC_W][MISS] = 0
	Total_core_cache_stats_breakdown[GLOBAL_ACC_W][RESERVATION_FAIL] = 0
	Total_core_cache_stats_breakdown[GLOBAL_ACC_W][SECTOR_MISS] = 0
	Total_core_cache_stats_breakdown[GLOBAL_ACC_W][MSHR_HIT] = 0
	Total_core_cache_stats_breakdown[GLOBAL_ACC_W][WRITE_ALLOCATED] = 0
	Total_core_cache_stats_breakdown[CHIPLET_ACC_W][HIT] = 0
	Total_core_cache_stats_breakdown[CHIPLET_ACC_W][HIT_RESERVED] = 0
	Total_core_cache_stats_breakdown[CHIPLET_ACC_W][MISS] = 0
	Total_core_cache_stats_breakdown[CHIPLET_ACC_W][RESERVATION_FAIL] = 0
	Total_core_cache_stats_breakdown[CHIPLET_ACC_W][SECTOR_MISS] = 0
	Total_core_cache_stats_breakdown[CHIPLET_ACC_W][MSHR_HIT] = 0
	Total_core_cache_stats_breakdown[CHIPLET_ACC_W][WRITE_ALLOCATED] = 0
	Total_core_cache_stats_breakdown[LOCAL_ACC_W][HIT] = 0
	Total_core_cache_stats_breakdown[LOCAL_ACC_W][HIT_RESERVED] = 0
	Total_core_cache_stats_breakdown[LOCAL_ACC_W][MISS] = 0
	Total_core_cache_stats_breakdown[LOCAL_ACC_W][RESERVATION_FAIL] = 0
	Total_core_cache_stats_breakdown[LOCAL_ACC_W][SECTOR_MISS] = 0
	Total_core_cache_stats_breakdown[LOCAL_ACC_W][MSHR_HIT] = 0
	Total_core_cache_stats_breakdown[LOCAL_ACC_W][WRITE_ALLOCATED] = 0
	Total_core_cache_stats_breakdown[L1_WRBK_ACC][HIT] = 0
	Total_core_cache_stats_breakdown[L1_WRBK_ACC][HIT_RESERVED] = 0
	Total_core_cache_stats_breakdown[L1_WRBK_ACC][MISS] = 0
	Total_core_cache_stats_breakdown[L1_WRBK_ACC][RESERVATION_FAIL] = 0
	Total_core_cache_stats_breakdown[L1_WRBK_ACC][SECTOR_MISS] = 0
	Total_core_cache_stats_breakdown[L1_WRBK_ACC][MSHR_HIT] = 0
	Total_core_cache_stats_breakdown[L1_WRBK_ACC][WRITE_ALLOCATED] = 0
	Total_core_cache_stats_breakdown[L2_WRBK_ACC][HIT] = 0
	Total_core_cache_stats_breakdown[L2_WRBK_ACC][HIT_RESERVED] = 0
	Total_core_cache_stats_breakdown[L2_WRBK_ACC][MISS] = 0
	Total_core_cache_stats_breakdown[L2_WRBK_ACC][RESERVATION_FAIL] = 0
	Total_core_cache_stats_breakdown[L2_WRBK_ACC][SECTOR_MISS] = 0
	Total_core_cache_stats_breakdown[L2_WRBK_ACC][MSHR_HIT] = 0
	Total_core_cache_stats_breakdown[L2_WRBK_ACC][WRITE_ALLOCATED] = 0
	Total_core_cache_stats_breakdown[INST_ACC_R][HIT] = 0
	Total_core_cache_stats_breakdown[INST_ACC_R][HIT_RESERVED] = 0
	Total_core_cache_stats_breakdown[INST_ACC_R][MISS] = 0
	Total_core_cache_stats_breakdown[INST_ACC_R][RESERVATION_FAIL] = 0
	Total_core_cache_stats_breakdown[INST_ACC_R][SECTOR_MISS] = 0
	Total_core_cache_stats_breakdown[INST_ACC_R][MSHR_HIT] = 0
	Total_core_cache_stats_breakdown[INST_ACC_R][WRITE_ALLOCATED] = 0
	Total_core_cache_stats_breakdown[L1_WR_ALLOC_R][HIT] = 0
	Total_core_cache_stats_breakdown[L1_WR_ALLOC_R][HIT_RESERVED] = 0
	Total_core_cache_stats_breakdown[L1_WR_ALLOC_R][MISS] = 0
	Total_core_cache_stats_breakdown[L1_WR_ALLOC_R][RESERVATION_FAIL] = 0
	Total_core_cache_stats_breakdown[L1_WR_ALLOC_R][SECTOR_MISS] = 0
	Total_core_cache_stats_breakdown[L1_WR_ALLOC_R][MSHR_HIT] = 0
	Total_core_cache_stats_breakdown[L1_WR_ALLOC_R][WRITE_ALLOCATED] = 0
	Total_core_cache_stats_breakdown[L2_WR_ALLOC_R][HIT] = 0
	Total_core_cache_stats_breakdown[L2_WR_ALLOC_R][HIT_RESERVED] = 0
	Total_core_cache_stats_breakdown[L2_WR_ALLOC_R][MISS] = 0
	Total_core_cache_stats_breakdown[L2_WR_ALLOC_R][RESERVATION_FAIL] = 0
	Total_core_cache_stats_breakdown[L2_WR_ALLOC_R][SECTOR_MISS] = 0
	Total_core_cache_stats_breakdown[L2_WR_ALLOC_R][MSHR_HIT] = 0
	Total_core_cache_stats_breakdown[L2_WR_ALLOC_R][WRITE_ALLOCATED] = 0
	Total_core_cache_stats_breakdown[GLOBAL_ACC_R][TOTAL_ACCESS] = 48
	Total_core_cache_stats_breakdown[GLOBAL_ACC_W][TOTAL_ACCESS] = 48

Total_core_cache_fail_stats:
ctas_completed 3, Shader 0 warp_id issue ditsribution:
warp_id:
0, 1, 2, 3, 4, 5, 6, 7, 
distro:
547, 451, 437, 437, 1185, 1182, 1191, 1191, 
MBARRIER_TRYWAIT,2,0,129083,129283,129483,129683,129883,130083,130283,130483,130683,130883,131083,131283,131483,131683,131883,132083,133474,133674,133874,134074,134274,134474,134674,134874,135074,135274,136700,136900,137100,137300,137500,137700,137900,138100,138300,138500,139941,140141,140341,140541,140741,140941,141141,141341,141541,141741,143167,143367,143567,143767,143967,144167,144367,144567,144767,146215,146415,146615,146815,147015,147215,147415,147615,147815,148015,149448,149648,149848,150048,150248,150448,150648,150848,151048,151248,152689,152889,153089,153289,153489,153689,153889,154089,154289,154489,154689,156124,156324,156524,156724,156924,157124,157324,157524,157724,157924,159356,159556,159756,159956,160156,160356,160556,160756,160956,161156,162598,162798,162998,163198,163398,163598,163798,163998,164198,164398,165825,166025,166225,166425,166625,166825,167025,167225,167425,167625,169058,169258,169458,169658,169858,170058,170258,170458,170658,170858,172290,172490,172690,172890,173090,173290,173490,173690,173890,174090,175509,175709,175909,176109,176309,176509,176713,176913,177113,178557,178757,178957,179157,179357,179557,179757,179957,180157,180357,180557,180757,182189,182389,182589,182789,182989,183189,183389,183589,183789,183989,185414,185614,185814,186014,186214,186414,186615,186815,187015,187215,188634,188834,189034,189234,189434,189634,189834,190034,190234,191677,191877,192077,192277,192477,192677,192877,193077,193277,193477,194910,195110,195310,195510,195710,195910,196110,196310,196510,196710,198151,198351,198551,198751,198951,199151,199351,199551,199751,199951,201381,201581,201781,201981,202181,202381,202581,202783,202983,203183,204608,204808,205008,205208,205408,205608,205808,206008,206208,206408,206608,208036,208236,208436,208636,208836,209036,209236,209436,209636,209836,211259,211459,211659,211859,212059,212259,212459,212659,212859,213059,214489,214689,214889,215089,215289,215489,215689,215889,216089,216289,217714,217914,218114,218314,218514,218714,218914,219114,219314,219514,220945,221145,221345,221545,221745,221945,222145,222345,222545,222745,224173,224373,224573,224773,224973,225173,225373,225573,225773,225973,227393,227593,227793,227993,228193,228393,228593,228793,228993,230437,230637,230837,231037,231237,231437,231637,231837,232037,232237,232437,232637,234078,234278,234478,234678,234878,235078,235278,235478,235678,235878,237298,237498,237698,237898,238098,238298,238498,238698,238898,240342,240542,240742,240942,241142,241342,241542,241742,241942,242142,243574,243774,243974,244174,244374,244574,244774,244974,245174,245374,246799,246999,247199,247399,247599,247799,247999,248199,248399,248599,250023,250223,250423,250623,250823,251023,251223,251423,251623,251823,253253,253453,253653,253853,254053,254253,254453,254653,254853,255053,256478,256678,256878,257078,257278,257478,257678,257878,258078,258278,258478,259910,260110,260310,260510,260710,260910,261110,261310,261510,261710,263135,263335,263535,263735,263935,264135,264335,264535,264735,264935,266365,266565,266765,266965,267165,267365,267565,267765,267965,268165,269590,269790,269990,270190,270390,270590,270790,270990,271190,271390,272826,273026,273226,273426,273626,273826,274026,274226,274426,274626,276052,276252,276452,276652,276852,277052,277253,277453,277653,277853,279283,279483,279683,279883,280083,280283,280483,280683,280883,282328,282528,282728,282928,283128,283328,283528,283728,283928,284128,284328,284528,285963,286163,286363,286563,286763,286963,287163,287363,287563,287763,289191,289391,289591,289791,289991,290191,290391,290591,290791,292228,292428,292628,292828,293028,293228,293428,293628,293828,294028,295465,295665,295865,296065,296265,296465,296665,296865,297065,297265,298697,298897,299097,299297,299497,299697,299897,300097,300297,300497,301924,302124,302324,302524,302724,302924,303124,303324,303524,303724,305150,305350,305550,305750,305950,306150,306350,306550,306750,306950,308374,308574,308774,308974,309174,309374,309574,309774,309974,310174,310374,311809,312009,312209,312409,312609,312809,313009,313209,313409,313609,315041,315241,315441,315641,315841,316041,316241,316441,316641,316841,318265,318465,318665,318865,319065,319265,319465,319665,319865,320065,321504,321704,321904,322104,322304,322504,322704,322904,323104,323304,324734,324934,325134,325334,325534,325734,325934,326134,326334,326534,327959,328159,328359,328559,328759,328959,329159,329359,329559,329759
MBARRIER_TRYWAIT,2,4,125445,125645,125845,126045,126245,126445,126645,126845,127045,127245,127445
MBARRIER_TRYWAIT,2,5,125443,125643,125843,126043,126243,126443,126643,126843,127043,127243,127443
MBARRIER_TRYWAIT,2,6,125450,125650,125850,126050,126250,126450,126650,126850,127050,127250,127450
MBARRIER_TRYWAIT,2,7,125450,125650,125850,126050,126250,126450,126650,126850,127050,127250,127450
gpgpu_n_tot_thrd_icount = 14167222
gpgpu_n_tot_w_icount = 460207
gpgpu_n_stall_shd_mem = 25594
gpgpu_n_mem_read_local = 0
gpgpu_n_mem_write_local = 0
gpgpu_n_mem_read_global = 50100
gpgpu_n_mem_write_global = 50488
gpgpu_n_mem_texture = 0
gpgpu_n_mem_const = 0
gpgpu_n_load_insn  = 869
gpgpu_n_store_insn = 481
gpgpu_n_shmem_insn = 873324
gpgpu_n_sstarr_insn = 0
gpgpu_n_tex_insn = 0
gpgpu_n_const_mem_insn = 0
gpgpu_n_param_mem_insn = 0
gpgpu_n_shmem_bkconflict = 0
gpgpu_n_l1cache_bkconflict = 0
gpgpu_n_intrawarp_mshr_merge = 0
gpgpu_n_cmem_portconflict = 0
gpgpu_stall_shd_mem[c_mem][resource_stall] = 0
gpgpu_stall_shd_mem[s_mem][bk_conf] = 0
gpgpu_stall_shd_mem[gl_mem][resource_stall] = 0
gpgpu_stall_shd_mem[gl_mem][coal_stall] = 24264
gpgpu_stall_shd_mem[gl_mem][data_port_stall] = 0
gpu_reg_bank_conflict_stalls = 0
Warp Occupancy Distribution:
Stall:53561	W0_Idle:116951	W0_Scoreboard:690725	W1:8538	W2:0	W3:0	W4:0	W5:0	W6:0	W7:0	W8:0	W9:0	W10:0	W11:0	W12:0	W13:0	W14:0	W15:0	W16:0	W17:0	W18:0	W19:0	W20:0	W21:0	W22:0	W23:0	W24:0	W25:0	W26:0	W27:0	W28:0	W29:0	W30:0	W31:1988	W32:440533
single_issue_nums: WS0:120580	WS1:113857	WS2:112939	WS3:112831	
dual_issue_nums: WS0:0	WS1:0	WS2:0	WS3:0	
traffic_breakdown_coretomem[GLOBAL_ACC_R] = 397696 {8:49712,}
traffic_breakdown_coretomem[GLOBAL_ACC_W] = 2019520 {40:50488,}
traffic_breakdown_coretomem[GLOBAL_ATOMIC] = 15520 {40:388,}
traffic_breakdown_memtocore[CHIPLET_ACC_R] = 993280 {40:24832,}
traffic_breakdown_memtocore[GLOBAL_ACC_R] = 995200 {40:24880,}
traffic_breakdown_memtocore[GLOBAL_ACC_W] = 403904 {8:50488,}
traffic_breakdown_memtocore[GLOBAL_ATOMIC] = 15520 {40:388,}
maxmflatency = 864 
max_icnt2mem_latency = 131 
maxmrqlatency = 0 
max_icnt2sh_latency = 6 
averagemflatency = 501 
avg_icnt2mem_latency = 69 
avg_icnt2sh_latency = 3 
mrq_lat_table:0 	0 	0 	0 	0 	0 	0 	0 	0 	0 	0 	0 	0 	0 	0 	0 	0 	0 	0 	0 	0 	0 	0 	0 	0 	0 	0 	0 	0 	0 	0 	0 	
dq_lat_table:0 	0 	0 	0 	0 	0 	0 	0 	0 	0 	0 	0 	0 	0 	0 	0 	0 	0 	0 	0 	0 	0 	0 	0 	0 	0 	0 	0 	0 	0 	0 	0 	
mf_lat_table:0 	0 	0 	0 	0 	0 	13 	4591 	46268 	49716 	0 	0 	0 	0 	0 	0 	0 	0 	0 	0 	0 	0 	0 	0 	0 	0 	0 	0 	0 	0 	0 	0 	
icnt2mem_lat_table:0 	577 	2835 	6048 	12096 	24288 	49370 	5374 	0 	0 	0 	0 	0 	0 	0 	0 	0 	0 	0 	0 	0 	0 	0 	0 	
icnt2sh_lat_table:0 	71119 	29469 	0 	0 	0 	0 	0 	0 	0 	0 	0 	0 	0 	0 	0 	0 	0 	0 	0 	0 	0 	0 	0 	
mf_lat_pw_table:0 	0 	0 	0 	0 	0 	0 	84 	142 	181 	0 	0 	0 	0 	0 	0 	0 	0 	0 	0 	0 	0 	0 	0 	0 	0 	0 	0 	0 	0 	0 	0 	
maximum concurrent accesses to same row:
dram[0]:         0         0         0         0         0         0         0         0         0         0         0         0         0         0         0         0 
dram[1]:         0         0         0         0         0         0         0         0         0         0         0         0         0         0         0         0 
dram[2]:         0         0         0         0         0         0         0         0         0         0         0         0         0         0         0         0 
dram[3]:         0         0         0         0         0         0         0         0         0         0         0         0         0         0         0         0 
dram[4]:         0         0         0         0         0         0         0         0         0         0         0         0         0         0         0         0 
dram[5]:         0         0         0         0         0         0         0         0         0         0         0         0         0         0         0         0 
dram[6]:         0         0         0         0         0         0         0         0         0         0         0         0         0         0         0         0 
dram[7]:         0         0         0         0         0         0         0         0         0         0         0         0         0         0         0         0 
dram[8]:         0         0         0         0         0         0         0         0         0         0         0         0         0         0         0         0 
dram[9]:         0         0         0         0         0         0         0         0         0         0         0         0         0         0         0         0 
dram[10]:         0         0         0         0         0         0         0         0         0         0         0         0         0         0         0         0 
dram[11]:         0         0         0         0         0         0         0         0         0         0         0         0         0         0         0         0 
dram[12]:         0         0         0         0         0         0         0         0         0         0         0         0         0         0         0         0 
dram[13]:         0         0         0         0         0         0         0         0         0         0         0         0         0         0         0         0 
dram[14]:         0         0         0         0         0         0         0         0         0         0         0         0         0         0         0         0 
dram[15]:         0         0         0         0         0         0         0         0         0         0         0         0         0         0         0         0 
dram[16]:         0         0         0         0         0         0         0         0         0         0         0         0         0         0         0         0 
dram[17]:         0         0         0         0         0         0         0         0         0         0         0         0         0         0         0         0 
dram[18]:         0         0         0         0         0         0         0         0         0         0         0         0         0         0         0         0 
dram[19]:         0         0         0         0         0         0         0         0         0         0         0         0         0         0         0         0 
dram[20]:         0         0         0         0         0         0         0         0         0         0         0         0         0         0         0         0 
dram[21]:         0         0         0         0         0         0         0         0         0         0         0         0         0         0         0         0 
dram[22]:         0         0         0         0         0         0         0         0         0         0         0         0         0         0         0         0 
dram[23]:         0         0         0         0         0         0         0         0         0         0         0         0         0         0         0         0 
dram[24]:         0         0         0         0         0         0         0         0         0         0         0         0         0         0         0         0 
dram[25]:         0         0         0         0         0         0         0         0         0         0         0         0         0         0         0         0 
dram[26]:         0         0         0         0         0         0         0         0         0         0         0         0         0         0         0         0 
dram[27]:         0         0         0         0         0         0         0         0         0         0         0         0         0         0         0         0 
dram[28]:         0         0         0         0         0         0         0         0         0         0         0         0         0         0         0         0 
dram[29]:         0         0         0         0         0         0         0         0         0         0         0         0         0         0         0         0 
dram[30]:         0         0         0         0         0         0         0         0         0         0         0         0         0         0         0         0 
dram[31]:         0         0         0         0         0         0         0         0         0         0         0         0         0         0         0         0 
dram[32]:         0         0         0         0         0         0         0         0         0         0         0         0         0         0         0         0 
dram[33]:         0         0         0         0         0         0         0         0         0         0         0         0         0         0         0         0 
dram[34]:         0         0         0         0         0         0         0         0         0         0         0         0         0         0         0         0 
dram[35]:         0         0         0         0         0         0         0         0         0         0         0         0         0         0         0         0 
dram[36]:         0         0         0         0         0         0         0         0         0         0         0         0         0         0         0         0 
dram[37]:         0         0         0         0         0         0         0         0         0         0         0         0         0         0         0         0 
dram[38]:         0         0         0         0         0         0         0         0         0         0         0         0         0         0         0         0 
dram[39]:         0         0         0         0         0         0         0         0         0         0         0         0         0         0         0         0 
maximum service time to same row:
dram[0]:         0         0         0         0         0         0         0         0         0         0         0         0         0         0         0         0 
dram[1]:         0         0         0         0         0         0         0         0         0         0         0         0         0         0         0         0 
dram[2]:         0         0         0         0         0         0         0         0         0         0         0         0         0         0         0         0 
dram[3]:         0         0         0         0         0         0         0         0         0         0         0         0         0         0         0         0 
dram[4]:         0         0         0         0         0         0         0         0         0         0         0         0         0         0         0         0 
dram[5]:         0         0         0         0         0         0         0         0         0         0         0         0         0         0         0         0 
dram[6]:         0         0         0         0         0         0         0         0         0         0         0         0         0         0         0         0 
dram[7]:         0         0         0         0         0         0         0         0         0         0         0         0         0         0         0         0 
dram[8]:         0         0         0         0         0         0         0         0         0         0         0         0         0         0         0         0 
dram[9]:         0         0         0         0         0         0         0         0         0         0         0         0         0         0         0         0 
dram[10]:         0         0         0         0         0         0         0         0         0         0         0         0         0         0         0         0 
dram[11]:         0         0         0         0         0         0         0         0         0         0         0         0         0         0         0         0 
dram[12]:         0         0         0         0         0         0         0         0         0         0         0         0         0         0         0         0 
dram[13]:         0         0         0         0         0         0         0         0         0         0         0         0         0         0         0         0 
dram[14]:         0         0         0         0         0         0         0         0         0         0         0         0         0         0         0         0 
dram[15]:         0         0         0         0         0         0         0         0         0         0         0         0         0         0         0         0 
dram[16]:         0         0         0         0         0         0         0         0         0         0         0         0         0         0         0         0 
dram[17]:         0         0         0         0         0         0         0         0         0         0         0         0         0         0         0         0 
dram[18]:         0         0         0         0         0         0         0         0         0         0         0         0         0         0         0         0 
dram[19]:         0         0         0         0         0         0         0         0         0         0         0         0         0         0         0         0 
dram[20]:         0         0         0         0         0         0         0         0         0         0         0         0         0         0         0         0 
dram[21]:         0         0         0         0         0         0         0         0         0         0         0         0         0         0         0         0 
dram[22]:         0         0         0         0         0         0         0         0         0         0         0         0         0         0         0         0 
dram[23]:         0         0         0         0         0         0         0         0         0         0         0         0         0         0         0         0 
dram[24]:         0         0         0         0         0         0         0         0         0         0         0         0         0         0         0         0 
dram[25]:         0         0         0         0         0         0         0         0         0         0         0         0         0         0         0         0 
dram[26]:         0         0         0         0         0         0         0         0         0         0         0         0         0         0         0         0 
dram[27]:         0         0         0         0         0         0         0         0         0         0         0         0         0         0         0         0 
dram[28]:         0         0         0         0         0         0         0         0         0         0         0         0         0         0         0         0 
dram[29]:         0         0         0         0         0         0         0         0         0         0         0         0         0         0         0         0 
dram[30]:         0         0         0         0         0         0         0         0         0         0         0         0         0         0         0         0 
dram[31]:         0         0         0         0         0         0         0         0         0         0         0         0         0         0         0         0 
dram[32]:         0         0         0         0         0         0         0         0         0         0         0         0         0         0         0         0 
dram[33]:         0         0         0         0         0         0         0         0         0         0         0         0         0         0         0         0 
dram[34]:         0         0         0         0         0         0         0         0         0         0         0         0         0         0         0         0 
dram[35]:         0         0         0         0         0         0         0         0         0         0         0         0         0         0         0         0 
dram[36]:         0         0         0         0         0         0         0         0         0         0         0         0         0         0         0         0 
dram[37]:         0         0         0         0         0         0         0         0         0         0         0         0         0         0         0         0 
dram[38]:         0         0         0         0         0         0         0         0         0         0         0         0         0         0         0         0 
dram[39]:         0         0         0         0         0         0         0         0         0         0         0         0         0         0         0         0 
average row accesses per activate:
dram[0]:      -nan      -nan      -nan      -nan      -nan      -nan      -nan      -nan      -nan      -nan      -nan      -nan      -nan      -nan      -nan      -nan 
dram[1]:      -nan      -nan      -nan      -nan      -nan      -nan      -nan      -nan      -nan      -nan      -nan      -nan      -nan      -nan      -nan      -nan 
dram[2]:      -nan      -nan      -nan      -nan      -nan      -nan      -nan      -nan      -nan      -nan      -nan      -nan      -nan      -nan      -nan      -nan 
dram[3]:      -nan      -nan      -nan      -nan      -nan      -nan      -nan      -nan      -nan      -nan      -nan      -nan      -nan      -nan      -nan      -nan 
dram[4]:      -nan      -nan      -nan      -nan      -nan      -nan      -nan      -nan      -nan      -nan      -nan      -nan      -nan      -nan      -nan      -nan 
dram[5]:      -nan      -nan      -nan      -nan      -nan      -nan      -nan      -nan      -nan      -nan      -nan      -nan      -nan      -nan      -nan      -nan 
dram[6]:      -nan      -nan      -nan      -nan      -nan      -nan      -nan      -nan      -nan      -nan      -nan      -nan      -nan      -nan      -nan      -nan 
dram[7]:      -nan      -nan      -nan      -nan      -nan      -nan      -nan      -nan      -nan      -nan      -nan      -nan      -nan      -nan      -nan      -nan 
dram[8]:      -nan      -nan      -nan      -nan      -nan      -nan      -nan      -nan      -nan      -nan      -nan      -nan      -nan      -nan      -nan      -nan 
dram[9]:      -nan      -nan      -nan      -nan      -nan      -nan      -nan      -nan      -nan      -nan      -nan      -nan      -nan      -nan      -nan      -nan 
dram[10]:      -nan      -nan      -nan      -nan      -nan      -nan      -nan      -nan      -nan      -nan      -nan      -nan      -nan      -nan      -nan      -nan 
dram[11]:      -nan      -nan      -nan      -nan      -nan      -nan      -nan      -nan      -nan      -nan      -nan      -nan      -nan      -nan      -nan      -nan 
dram[12]:      -nan      -nan      -nan      -nan      -nan      -nan      -nan      -nan      -nan      -nan      -nan      -nan      -nan      -nan      -nan      -nan 
dram[13]:      -nan      -nan      -nan      -nan      -nan      -nan      -nan      -nan      -nan      -nan      -nan      -nan      -nan      -nan      -nan      -nan 
dram[14]:      -nan      -nan      -nan      -nan      -nan      -nan      -nan      -nan      -nan      -nan      -nan      -nan      -nan      -nan      -nan      -nan 
dram[15]:      -nan      -nan      -nan      -nan      -nan      -nan      -nan      -nan      -nan      -nan      -nan      -nan      -nan      -nan      -nan      -nan 
dram[16]:      -nan      -nan      -nan      -nan      -nan      -nan      -nan      -nan      -nan      -nan      -nan      -nan      -nan      -nan      -nan      -nan 
dram[17]:      -nan      -nan      -nan      -nan      -nan      -nan      -nan      -nan      -nan      -nan      -nan      -nan      -nan      -nan      -nan      -nan 
dram[18]:      -nan      -nan      -nan      -nan      -nan      -nan      -nan      -nan      -nan      -nan      -nan      -nan      -nan      -nan      -nan      -nan 
dram[19]:      -nan      -nan      -nan      -nan      -nan      -nan      -nan      -nan      -nan      -nan      -nan      -nan      -nan      -nan      -nan      -nan 
dram[20]:      -nan      -nan      -nan      -nan      -nan      -nan      -nan      -nan      -nan      -nan      -nan      -nan      -nan      -nan      -nan      -nan 
dram[21]:      -nan      -nan      -nan      -nan      -nan      -nan      -nan      -nan      -nan      -nan      -nan      -nan      -nan      -nan      -nan      -nan 
dram[22]:      -nan      -nan      -nan      -nan      -nan      -nan      -nan      -nan      -nan      -nan      -nan      -nan      -nan      -nan      -nan      -nan 
dram[23]:      -nan      -nan      -nan      -nan      -nan      -nan      -nan      -nan      -nan      -nan      -nan      -nan      -nan      -nan      -nan      -nan 
dram[24]:      -nan      -nan      -nan      -nan      -nan      -nan      -nan      -nan      -nan      -nan      -nan      -nan      -nan      -nan      -nan      -nan 
dram[25]:      -nan      -nan      -nan      -nan      -nan      -nan      -nan      -nan      -nan      -nan      -nan      -nan      -nan      -nan      -nan      -nan 
dram[26]:      -nan      -nan      -nan      -nan      -nan      -nan      -nan      -nan      -nan      -nan      -nan      -nan      -nan      -nan      -nan      -nan 
dram[27]:      -nan      -nan      -nan      -nan      -nan      -nan      -nan      -nan      -nan      -nan      -nan      -nan      -nan      -nan      -nan      -nan 
dram[28]:      -nan      -nan      -nan      -nan      -nan      -nan      -nan      -nan      -nan      -nan      -nan      -nan      -nan      -nan      -nan      -nan 
dram[29]:      -nan      -nan      -nan      -nan      -nan      -nan      -nan      -nan      -nan      -nan      -nan      -nan      -nan      -nan      -nan      -nan 
dram[30]:      -nan      -nan      -nan      -nan      -nan      -nan      -nan      -nan      -nan      -nan      -nan      -nan      -nan      -nan      -nan      -nan 
dram[31]:      -nan      -nan      -nan      -nan      -nan      -nan      -nan      -nan      -nan      -nan      -nan      -nan      -nan      -nan      -nan      -nan 
dram[32]:      -nan      -nan      -nan      -nan      -nan      -nan      -nan      -nan      -nan      -nan      -nan      -nan      -nan      -nan      -nan      -nan 
dram[33]:      -nan      -nan      -nan      -nan      -nan      -nan      -nan      -nan      -nan      -nan      -nan      -nan      -nan      -nan      -nan      -nan 
dram[34]:      -nan      -nan      -nan      -nan      -nan      -nan      -nan      -nan      -nan      -nan      -nan      -nan      -nan      -nan      -nan      -nan 
dram[35]:      -nan      -nan      -nan      -nan      -nan      -nan      -nan      -nan      -nan      -nan      -nan      -nan      -nan      -nan      -nan      -nan 
dram[36]:      -nan      -nan      -nan      -nan      -nan      -nan      -nan      -nan      -nan      -nan      -nan      -nan      -nan      -nan      -nan      -nan 
dram[37]:      -nan      -nan      -nan      -nan      -nan      -nan      -nan      -nan      -nan      -nan      -nan      -nan      -nan      -nan      -nan      -nan 
dram[38]:      -nan      -nan      -nan      -nan      -nan      -nan      -nan      -nan      -nan      -nan      -nan      -nan      -nan      -nan      -nan      -nan 
dram[39]:      -nan      -nan      -nan      -nan      -nan      -nan      -nan      -nan      -nan      -nan      -nan      -nan      -nan      -nan      -nan      -nan 
average row locality = 0/0 = -nan
number of total memory accesses made:
dram[0]:         0         0         0         0         0         0         0         0         0         0         0         0         0         0         0         0 
dram[1]:         0         0         0         0         0         0         0         0         0         0         0         0         0         0         0         0 
dram[2]:         0         0         0         0         0         0         0         0         0         0         0         0         0         0         0         0 
dram[3]:         0         0         0         0         0         0         0         0         0         0         0         0         0         0         0         0 
dram[4]:         0         0         0         0         0         0         0         0         0         0         0         0         0         0         0         0 
dram[5]:         0         0         0         0         0         0         0         0         0         0         0         0         0         0         0         0 
dram[6]:         0         0         0         0         0         0         0         0         0         0         0         0         0         0         0         0 
dram[7]:         0         0         0         0         0         0         0         0         0         0         0         0         0         0         0         0 
dram[8]:         0         0         0         0         0         0         0         0         0         0         0         0         0         0         0         0 
dram[9]:         0         0         0         0         0         0         0         0         0         0         0         0         0         0         0         0 
dram[10]:         0         0         0         0         0         0         0         0         0         0         0         0         0         0         0         0 
dram[11]:         0         0         0         0         0         0         0         0         0         0         0         0         0         0         0         0 
dram[12]:         0         0         0         0         0         0         0         0         0         0         0         0         0         0         0         0 
dram[13]:         0         0         0         0         0         0         0         0         0         0         0         0         0         0         0         0 
dram[14]:         0         0         0         0         0         0         0         0         0         0         0         0         0         0         0         0 
dram[15]:         0         0         0         0         0         0         0         0         0         0         0         0         0         0         0         0 
dram[16]:         0         0         0         0         0         0         0         0         0         0         0         0         0         0         0         0 
dram[17]:         0         0         0         0         0         0         0         0         0         0         0         0         0         0         0         0 
dram[18]:         0         0         0         0         0         0         0         0         0         0         0         0         0         0         0         0 
dram[19]:         0         0         0         0         0         0         0         0         0         0         0         0         0         0         0         0 
dram[20]:         0         0         0         0         0         0         0         0         0         0         0         0         0         0         0         0 
dram[21]:         0         0         0         0         0         0         0         0         0         0         0         0         0         0         0         0 
dram[22]:         0         0         0         0         0         0         0         0         0         0         0         0         0         0         0         0 
dram[23]:         0         0         0         0         0         0         0         0         0         0         0         0         0         0         0         0 
dram[24]:         0         0         0         0         0         0         0         0         0         0         0         0         0         0         0         0 
dram[25]:         0         0         0         0         0         0         0         0         0         0         0         0         0         0         0         0 
dram[26]:         0         0         0         0         0         0         0         0         0         0         0         0         0         0         0         0 
dram[27]:         0         0         0         0         0         0         0         0         0         0         0         0         0         0         0         0 
dram[28]:         0         0         0         0         0         0         0         0         0         0         0         0         0         0         0         0 
dram[29]:         0         0         0         0         0         0         0         0         0         0         0         0         0         0         0         0 
dram[30]:         0         0         0         0         0         0         0         0         0         0         0         0         0         0         0         0 
dram[31]:         0         0         0         0         0         0         0         0         0         0         0         0         0         0         0         0 
dram[32]:         0         0         0         0         0         0         0         0         0         0         0         0         0         0         0         0 
dram[33]:         0         0         0         0         0         0         0         0         0         0         0         0         0         0         0         0 
dram[34]:         0         0         0         0         0         0         0         0         0         0         0         0         0         0         0         0 
dram[35]:         0         0         0         0         0         0         0         0         0         0         0         0         0         0         0         0 
dram[36]:         0         0         0         0         0         0         0         0         0         0         0         0         0         0         0         0 
dram[37]:         0         0         0         0         0         0         0         0         0         0         0         0         0         0         0         0 
dram[38]:         0         0         0         0         0         0         0         0         0         0         0         0         0         0         0         0 
dram[39]:         0         0         0         0         0         0         0         0         0         0         0         0         0         0         0         0 
total accesses: 0
min_bank_accesses = 0!
min_chip_accesses = 0!
number of total read accesses:
dram[0]:        72        72        84        84       128       128        88        88        72        72        60        56        68        72        56        56 
dram[1]:        68        68        84        84       128       128        84        84        68        68        56        60        72        68        60        60 
dram[2]:        72        72        84        84       128       128        88        88        72        72        56        56        72        72        56        56 
dram[3]:        68        68        88        84       128       128        84        84        68        68        60        56        72        76        60        60 
dram[4]:        72        72        84        88       128       128        84        84        72        72        56        60        76        69        56        56 
dram[5]:        68        72        88        88       128       128        84        88        68        72        56        56        72        72        60        56 
dram[6]:        72        68        88        88       128       128        88        84        72        68        60        60        68        68        56        60 
dram[7]:        72        72        84        84       128       128        88        88        72        72        56        56        72        72        56        56 
dram[8]:        68        72        88        88       128       128        88        88        68        72        60        60        68        68        60        56 
dram[9]:        72        68        84        84       128       128        88        88        72        68        56        56        72        72        56        60 
dram[10]:        56        56        92        92       128       128        80        80        56        56        68        72        60        56        72        72 
dram[11]:        60        60        96        92       128       128        84        84        60        60        72        68        56        60        68        68 
dram[12]:        56        56        92        96       128       128        80        80        56        56        72        72        56        56        72        72 
dram[13]:        60        60        88        92       128       128        80        80        60        60        68        72        60        56        68        68 
dram[14]:        56        56        92        88       128       128        76        76        56        56        72        68        56        60        72        72 
dram[15]:        60        56        96        96       128       128        84        80        60        56        72        72        60        60        68        72 
dram[16]:        56        60        96        96       128       128        80        84        56        60        68        68        64        64        72        68 
dram[17]:        56        56        96        96       128       128        76        80        56        56        72        72        56        56        72        72 
dram[18]:        60        56        92        92       128       128        80        76        60        56        68        68        60        60        68        72 
dram[19]:        56        60        96        96       128       128        80        80        56        60        72        72        56        56        72        68 
dram[20]:        56        56        96        96       128       128        76        76        56        56        68        72        60        56        72        72 
dram[21]:        60        60        96        96       128       128        80        80        60        60        72        68        56        60        68        68 
dram[22]:        56        56        96        96       128       128        76        76        56        56        72        72        56        56        72        72 
dram[23]:        60        60        92        96       128       128        80        80        60        60        68        72        60        56        68        68 
dram[24]:        56        56        96        92       128       128        80        80        56        56        72        68        56        60        72        72 
dram[25]:        60        56        92        92       128       128        80        76        60        56        72        72        56        56        68        72 
dram[26]:        56        60        92        92       128       128        76        80        56        60        68        68        60        60        72        68 
dram[27]:        56        56        96        96       128       128        80        76        56        56        72        72        56        56        72        72 
dram[28]:        60        56        92        92       128       128        80        80        60        56        68        68        60        60        68        72 
dram[29]:        56        60        96        96       128       128        76        80        56        60        72        72        56        56        72        68 
dram[30]:        72        72        84        84       128       128        88        88        72        72        60        56        68        72        56        56 
dram[31]:        68        68        84        84       128       128        84        84        68        68        56        60        72        68        60        60 
dram[32]:        72        72        84        84       128       128        88        88        72        72        56        56        72        72        56        56 
dram[33]:        68        68        88        84       128       128        88        88        68        68        60        56        68        72        60        60 
dram[34]:        72        72        84        88       128       128        92        92        72        72        56        60        72        68        56        56 
dram[35]:        68        72        84        84       128       128        84        88        68        72        56        56        72        72        60        56 
dram[36]:        72        68        84        84       128       128        88        84        72        68        60        60        68        68        56        60 
dram[37]:        72        72        84        84       128       128        92        88        72        72        56        56        72        72        56        56 
dram[38]:        68        72        88        88       128       128        88        92        68        72        60        60        68        68        60        56 
dram[39]:        72        68        84        84       128       128        88        88        72        68        56        56        72        72        56        60 
total dram reads = 49693
bank skew: 128/56 = 2.29
chip skew: 1268/1212 = 1.05
number of total write accesses:
dram[0]:         0         0         0         0         0         0         0         0         0         0         0         0         0         0         0         0 
dram[1]:         0         0         0         0         0         0         0         0         0         0         0         0         0         0         0         0 
dram[2]:         0         0         0         0         0         0         0         0         0         0         0         0         0         0         0         0 
dram[3]:         0         0         0         0         0         0         0         0         0         0         0         0         0         0         0         0 
dram[4]:         0         0         0         0         0         0         0         0         0         0         0         0         0         0         0         0 
dram[5]:         0         0         0         0         0         0         0         0         0         0         0         0         0         0         0         0 
dram[6]:         0         0         0         0         0         0         0         0         0         0         0         0         0         0         0         0 
dram[7]:         0         0         0         0         0         0         0         0         0         0         0         0         0         0         0         0 
dram[8]:         0         0         0         0         0         0         0         0         0         0         0         0         0         0         0         0 
dram[9]:         0         0         0         0         0         0         0         0         0         0         0         0         0         0         0         0 
dram[10]:         0         0         0         0         0         0         0         0         0         0         0         0         0         0         0         0 
dram[11]:         0         0         0         0         0         0         0         0         0         0         0         0         0         0         0         0 
dram[12]:         0         0         0         0         0         0         0         0         0         0         0         0         0         0         0         0 
dram[13]:         0         0         0         0         0         0         0         0         0         0         0         0         0         0         0         0 
dram[14]:         0         0         0         0         0         0         0         0         0         0         0         0         0         0         0         0 
dram[15]:         0         0         0         0         0         0         0         0         0         0         0         0         0         0         0         0 
dram[16]:         0         0         0         0         0         0         0         0         0         0         0         0         0         0         0         0 
dram[17]:         0         0         0         0         0         0         0         0         0         0         0         0         0         0         0         0 
dram[18]:         0         0         0         0         0         0         0         0         0         0         0         0         0         0         0         0 
dram[19]:         0         0         0         0         0         0         0         0         0         0         0         0         0         0         0         0 
dram[20]:         0         0         0         0         0         0         0         0         0         0         0         0         0         0         0         0 
dram[21]:         0         0         0         0         0         0         0         0         0         0         0         0         0         0         0         0 
dram[22]:         0         0         0         0         0         0         0         0         0         0         0         0         0         0         0         0 
dram[23]:         0         0         0         0         0         0         0         0         0         0         0         0         0         0         0         0 
dram[24]:         0         0         0         0         0         0         0         0         0         0         0         0         0         0         0         0 
dram[25]:         0         0         0         0         0         0         0         0         0         0         0         0         0         0         0         0 
dram[26]:         0         0         0         0         0         0         0         0         0         0         0         0         0         0         0         0 
dram[27]:         0         0         0         0         0         0         0         0         0         0         0         0         0         0         0         0 
dram[28]:         0         0         0         0         0         0         0         0         0         0         0         0         0         0         0         0 
dram[29]:         0         0         0         0         0         0         0         0         0         0         0         0         0         0         0         0 
dram[30]:         0         0         0         0         0         0         0         0         0         0         0         0         0         0         0         0 
dram[31]:         0         0         0         0         0         0         0         0         0         0         0         0         0         0         0         0 
dram[32]:         0         0         0         0         0         0         0         0         0         0         0         0         0         0         0         0 
dram[33]:         0         0         0         0         0         0         0         0         0         0         0         0         0         0         0         0 
dram[34]:         0         0         0         0         0         0         0         0         0         0         0         0         0         0         0         0 
dram[35]:         0         0         0         0         0         0         0         0         0         0         0         0         0         0         0         0 
dram[36]:         0         0         0         0         0         0         0         0         0         0         0         0         0         0         0         0 
dram[37]:         0         0         0         0         0         0         0         0         0         0         0         0         0         0         0         0 
dram[38]:         0         0         0         0         0         0         0         0         0         0         0         0         0         0         0         0 
dram[39]:         0         0         0         0         0         0         0         0         0         0         0         0         0         0         0         0 
total dram writes = 0
min_bank_accesses = 0!
min_chip_accesses = 0!
average mf latency per bank:
dram[0]:       1108      1108      1054      1054       882       880      1013      1013      1238      1238      1896      1989      1537      1480      1265      1265
dram[1]:       1136      1136      1055      1049       880       878      1031      1031      1273      1273      1977      1885      1477      1528      1214      1214
dram[2]:       1115      1100      1054      1056       874       884      1024      1017      1237      1229      1981      1975      1466      1469      1272      1256
dram[3]:       1143      1144      1029      1050       872       870      1043      1043      1273      1273      1878      1970      1910      1838      1221      1220
dram[4]:       1108      1107      1054      1024       882       868      1047      1041      1236      1229      1982      1868      1808      1513      1264      1263
dram[5]:       1154      1119      1024      1023       872       872      1041      1018      1284      1242      1990      1989      1462      1462      1232      1278
dram[6]:       1118      1148      1019      1018       870       870      1017      1036      1240      1277      1887      1886      1509      1509      1276      1226
dram[7]:       1103      1133      1067      1067       882       876      1014      1023      1219      1240      1999      1990      1477      1457      1259      1269
dram[8]:       1131      1098      1041      1041       880       880      1013      1010      1254      1213      1895      1895      1525      1525      1209      1252
dram[9]:       1131      1125      1073      1061       882       878      1023      1008      1239      1247      1999      1981      1466      1465      1268      1202
dram[10]:       1274      1273      1009      1005       870       868      1059      1059      1416      1416      1748      1680      1644      1719      1116      1116
dram[11]:       1222      1222       987      1004       868       866      1032      1032      1355      1354      1675      1738      1714      1635      1145      1145
dram[12]:       1280      1264      1004       981       874       872      1058      1051      1432      1414      1687      1687      1737      1731      1123      1108
dram[13]:       1229      1228      1021      1000       872       870      1056      1056      1370      1369      1746      1678      1652      1728      1152      1152
dram[14]:       1272      1271       998      1016       870       868      1085      1078      1422      1421      1688      1736      1732      1644      1115      1115
dram[15]:       1223      1268       991       991       864       864      1034      1056      1376      1427      1665      1665      1771      1770      1147      1112
dram[16]:       1266      1217       992       992       862       862      1054      1029      1430      1369      1722      1722      1689      1689      1111      1141
dram[17]:       1285      1277       993       986       870       859      1087      1055      1417      1449      1676      1682      1733      1756      1125      1141
dram[18]:       1234      1279      1008      1008       868       868      1058      1082      1356      1410      1735      1735      1648      1648      1155      1120
dram[19]:       1277      1227       992       987       866       866      1056      1052      1444      1349      1691      1663      1764      1718      1140      1149
dram[20]:        826       826       839       836       832       830       825       824       829       828       836       833       831       830       826       826
dram[21]:        826       826       838       838       832       830       824       824       829       829       836       834       832       830       826       826
dram[22]:        831       826       834       836       827       830       828       823       834       829       831       833       827       830       831       825
dram[23]:        831       830       834       832       827       825       828       828       834       834       831       829       827       825       831       831
dram[24]:        831       831       833       832       827       825       829       829       835       835       831       829       827       825       831       831
dram[25]:        831       830       832       832       826       826       834       832       833       832       828       828       826       826       832       830
dram[26]:        832       830       833       833       826       826       834       832       834       832       828       829       827       826       832       830
dram[27]:        827       830       836       832       831       826       828       831       829       832       834       828       831       826       827       829
dram[28]:        827       825       837       837       831       831       830       827       829       827       834       834       831       830       827       825
dram[29]:        827       825       836       836       831       831       829       828       830       828       834       834       831       831       827       824
dram[30]:        826       826       839       836       832       830       827       827       830       830       834       832       833       830       826       826
dram[31]:        826       826       841       838       832       830       826       827       830       830       834       832       832       830       827       826
dram[32]:        831       825       834       839       827       830       831       825       835       830       829       833       827       829       831       826
dram[33]:        831       831       834       833       827       825       832       832       835       836       829       828       827       825       831       830
dram[34]:        831       831       834       833       827       825       831       831       835       835       830       828       827       824       831       831
dram[35]:        832       830       834       834       826       826       832       830       833       834       832       831       826       826       831       830
dram[36]:        832       830       833       832       826       826       831       830       833       831       832       832       826       826       832       830
dram[37]:        827       830       837       833       831       826       826       829       831       830       832       828       831       825       827       830
dram[38]:        827       825       837       836       831       831       826       824       831       829       832       832       831       832       827       825
dram[39]:        827       825       837       837       831       831       827       824       831       829       833       833       831       831       827       825
maximum mf latency per bank:
dram[0]:        598       596       662       663       596       597       598       596       661       662       643       644       597       597       586       585
dram[1]:        596       595       662       661       596       597       596       595       662       662       640       642       596       596       598       598
dram[2]:        597       596       662       661       596       596       597       596       660       660       648       639       596       596       596       595
dram[3]:        596       596       662       663       596       596       597       595       663       662       647       648       596       597       597       596
dram[4]:        597       596       661       661       596       597       597       596       661       661       644       646       596       596       596       596
dram[5]:        597       597       661       661       597       596       597       597       658       659       634       634       597       596       596       594
dram[6]:        596       595       662       661       597       596       596       596       658       657       631       632       597       595       596       597
dram[7]:        596       596       662       662       597       596       596       596       660       654       637       629       597       596       585       594
dram[8]:        596       597       663       662       597       596       596       596       661       661       637       639       596       595       596       586
dram[9]:        596       595       662       661       597       596       596       597       661       662       635       635       597       596       595       597
dram[10]:        587       585       650       649       597       597       586       587       648       649       659       657       596       595       598       598
dram[11]:        597       596       649       647       596       597       597       596       646       647       657       656       596       597       596       595
dram[12]:        596       596       652       644       596       597       596       595       653       645       656       654       586       594       598       596
dram[13]:        597       596       651       653       596       597       597       596       652       653       653       651       596       585       596       597
dram[14]:        597       595       649       650       596       596       596       595       652       651       651       649       596       597       597       596
dram[15]:        596       595       659       658       597       596       596       597       659       639       613       613       586       586       596       597
dram[16]:        596       597       660       660       598       596       597       597       661       661       612       612       598       596       596       595
dram[17]:        585       594       661       662       597       596       596       594       644       660       661       660       596       595       596       596
dram[18]:        596       585       662       661       597       596       596       596       643       643       661       660       597       596       596       597
dram[19]:        597       597       661       661       597       596       597       597       642       641       661       661       597       595       596       595
dram[20]:        852       850       863       864       862       862       851       850       862       862       862       863       860       861       862       861
dram[21]:        862       861       863       863       862       862       862       862       862       862       863       862       861       862       861       861
dram[22]:        862       860       862       862       860       861       861       860       863       862       863       862       850       859       862       863
dram[23]:        862       862       863       863       861       862       862       863       863       862       862       863       860       851       861       861
dram[24]:        861       860       864       863       862       862       862       863       863       864       862       863       861       862       862       862
dram[25]:        860       860       864       863       862       861       861       860       862       862       862       863       851       850       862       862
dram[26]:        861       862       863       863       862       863       861       862       862       863       863       863       861       861       860       860
dram[27]:        851       860       862       862       862       862       860       860       863       862       863       862       862       860       860       861
dram[28]:        860       851       863       863       862       863       861       862       862       862       863       862       862       863       861       862
dram[29]:        861       862       864       863       861       861       861       862       863       862       863       862       861       860       860       861
dram[30]:        862       863       863       862       862       862       862       862       862       863       863       862       861       862       851       850
dram[31]:        861       860       864       863       861       862       861       860       863       862       862       862       860       860       862       862
dram[32]:        861       861       863       862       860       861       862       862       862       862       862       863       860       861       861       860
dram[33]:        862       860       864       863       862       862       861       861       862       863       863       862       861       862       862       862
dram[34]:        862       862       864       863       862       862       862       862       864       862       862       862       861       860       861       860
dram[35]:        861       862       863       863       862       863       861       862       862       863       863       862       861       861       860       860
dram[36]:        860       860       864       863       862       861       860       860       863       862       863       862       862       860       861       862
dram[37]:        860       862       862       862       862       861       860       862       862       862       863       862       862       862       850       859
dram[38]:        861       862       864       864       862       862       861       862       863       863       862       863       861       861       860       850
dram[39]:        860       861       864       863       862       863       860       860       862       862       862       862       862       862       861       862
LRC stats:
LRC_subpartition_num_lrc_to_l2_sectors.sum = 49809
LRC_subpartition_num_icnt_to_lrc_sectors.sum = 50141
Number of LRC to L2 sectors: 49809
Number of ICNT to LRC sectors: 50141
Number of LRC to L2 bytes: 1593888
Number of ICNT to LRC bytes: 1604512
LRC compression ratio: 1.006665
LRC_subpartition_l2_stall_due_to_lrc_full.sum = 0
Inter-chiplet stats:
interchip_read_requests = 24832
interchip_write_requests = 50440
Total inter-chiplet requests: 75272
Memory Partition 0: 
Cache L2_bank_000:
MSHR contents

Cache L2_bank_001:
MSHR contents

In Dram Latency Queue (total = 0): 
DRAM[0]: 16 bks, busW=8 BL=4 CL=19, tRRD=6 tCCD=1, tRCD=19 tRAS=45 tRP=19 tRC=50
n_cmd=0 n_nop=0 n_act=0 n_pre=0 n_ref_event=0 n_req=0 n_rd=0 n_rd_L2_A=0 n_write=0 n_wr_bk=0 bw_util=-nan
n_activity=0 dram_eff=-nan
bk0: 0a 0i bk1: 0a 0i bk2: 0a 0i bk3: 0a 0i bk4: 0a 0i bk5: 0a 0i bk6: 0a 0i bk7: 0a 0i bk8: 0a 0i bk9: 0a 0i bk10: 0a 0i bk11: 0a 0i bk12: 0a 0i bk13: 0a 0i bk14: 0a 0i bk15: 0a 0i 

------------------------------------------------------------------------

Row_Buffer_Locality = -nan
Row_Buffer_Locality_read = -nan
Row_Buffer_Locality_write = -nan
Bank_Level_Parallism = -nan
Bank_Level_Parallism_Col = -nan
Bank_Level_Parallism_Ready = -nan
write_to_read_ratio_blp_rw_average = -nan
GrpLevelPara = -nan 

BW Util details:
bwutil = -nan 
total_CMD = 0 
util_bw = 0 
Wasted_Col = 0 
Wasted_Row = 0 
Idle = 0 

BW Util Bottlenecks: 
RCDc_limit = 0 
RCDWRc_limit = 0 
WTRc_limit = 0 
RTWc_limit = 0 
CCDLc_limit = 0 
rwq = 0 
CCDLc_limit_alone = 0 
WTRc_limit_alone = 0 
RTWc_limit_alone = 0 

Commands details: 
total_CMD = 0 
n_nop = 0 
Read = 0 
Write = 0 
L2_Alloc = 0 
L2_WB = 0 
n_act = 0 
n_pre = 0 
n_ref = 0 
n_req = 0 
total_req = 0 

Dual Bus Interface Util: 
issued_total_row = 0 
issued_total_col = 0 
Row_Bus_Util =  -nan 
CoL_Bus_Util = -nan 
Either_Row_CoL_Bus_Util = -nan 
Issued_on_Two_Bus_Simul_Util = -nan 
issued_two_Eff = -nan 
queue_avg = -nan 


dram_util_bins: 0 0 0 0 0 0 0 0 0 0
dram_eff_bins: 0 0 0 0 0 0 0 0 0 0
mrqq: max=0 avg=-nan
Memory Partition 1: 
Cache L2_bank_002:
MSHR contents

Cache L2_bank_003:
MSHR contents

In Dram Latency Queue (total = 0): 
DRAM[1]: 16 bks, busW=8 BL=4 CL=19, tRRD=6 tCCD=1, tRCD=19 tRAS=45 tRP=19 tRC=50
n_cmd=0 n_nop=0 n_act=0 n_pre=0 n_ref_event=0 n_req=0 n_rd=0 n_rd_L2_A=0 n_write=0 n_wr_bk=0 bw_util=-nan
n_activity=0 dram_eff=-nan
bk0: 0a 0i bk1: 0a 0i bk2: 0a 0i bk3: 0a 0i bk4: 0a 0i bk5: 0a 0i bk6: 0a 0i bk7: 0a 0i bk8: 0a 0i bk9: 0a 0i bk10: 0a 0i bk11: 0a 0i bk12: 0a 0i bk13: 0a 0i bk14: 0a 0i bk15: 0a 0i 

------------------------------------------------------------------------

Row_Buffer_Locality = -nan
Row_Buffer_Locality_read = -nan
Row_Buffer_Locality_write = -nan
Bank_Level_Parallism = -nan
Bank_Level_Parallism_Col = -nan
Bank_Level_Parallism_Ready = -nan
write_to_read_ratio_blp_rw_average = -nan
GrpLevelPara = -nan 

BW Util details:
bwutil = -nan 
total_CMD = 0 
util_bw = 0 
Wasted_Col = 0 
Wasted_Row = 0 
Idle = 0 

BW Util Bottlenecks: 
RCDc_limit = 0 
RCDWRc_limit = 0 
WTRc_limit = 0 
RTWc_limit = 0 
CCDLc_limit = 0 
rwq = 0 
CCDLc_limit_alone = 0 
WTRc_limit_alone = 0 
RTWc_limit_alone = 0 

Commands details: 
total_CMD = 0 
n_nop = 0 
Read = 0 
Write = 0 
L2_Alloc = 0 
L2_WB = 0 
n_act = 0 
n_pre = 0 
n_ref = 0 
n_req = 0 
total_req = 0 

Dual Bus Interface Util: 
issued_total_row = 0 
issued_total_col = 0 
Row_Bus_Util =  -nan 
CoL_Bus_Util = -nan 
Either_Row_CoL_Bus_Util = -nan 
Issued_on_Two_Bus_Simul_Util = -nan 
issued_two_Eff = -nan 
queue_avg = -nan 


dram_util_bins: 0 0 0 0 0 0 0 0 0 0
dram_eff_bins: 0 0 0 0 0 0 0 0 0 0
mrqq: max=0 avg=-nan
Memory Partition 2: 
Cache L2_bank_004:
MSHR contents

Cache L2_bank_005:
MSHR contents

In Dram Latency Queue (total = 0): 
DRAM[2]: 16 bks, busW=8 BL=4 CL=19, tRRD=6 tCCD=1, tRCD=19 tRAS=45 tRP=19 tRC=50
n_cmd=0 n_nop=0 n_act=0 n_pre=0 n_ref_event=0 n_req=0 n_rd=0 n_rd_L2_A=0 n_write=0 n_wr_bk=0 bw_util=-nan
n_activity=0 dram_eff=-nan
bk0: 0a 0i bk1: 0a 0i bk2: 0a 0i bk3: 0a 0i bk4: 0a 0i bk5: 0a 0i bk6: 0a 0i bk7: 0a 0i bk8: 0a 0i bk9: 0a 0i bk10: 0a 0i bk11: 0a 0i bk12: 0a 0i bk13: 0a 0i bk14: 0a 0i bk15: 0a 0i 

------------------------------------------------------------------------

Row_Buffer_Locality = -nan
Row_Buffer_Locality_read = -nan
Row_Buffer_Locality_write = -nan
Bank_Level_Parallism = -nan
Bank_Level_Parallism_Col = -nan
Bank_Level_Parallism_Ready = -nan
write_to_read_ratio_blp_rw_average = -nan
GrpLevelPara = -nan 

BW Util details:
bwutil = -nan 
total_CMD = 0 
util_bw = 0 
Wasted_Col = 0 
Wasted_Row = 0 
Idle = 0 

BW Util Bottlenecks: 
RCDc_limit = 0 
RCDWRc_limit = 0 
WTRc_limit = 0 
RTWc_limit = 0 
CCDLc_limit = 0 
rwq = 0 
CCDLc_limit_alone = 0 
WTRc_limit_alone = 0 
RTWc_limit_alone = 0 

Commands details: 
total_CMD = 0 
n_nop = 0 
Read = 0 
Write = 0 
L2_Alloc = 0 
L2_WB = 0 
n_act = 0 
n_pre = 0 
n_ref = 0 
n_req = 0 
total_req = 0 

Dual Bus Interface Util: 
issued_total_row = 0 
issued_total_col = 0 
Row_Bus_Util =  -nan 
CoL_Bus_Util = -nan 
Either_Row_CoL_Bus_Util = -nan 
Issued_on_Two_Bus_Simul_Util = -nan 
issued_two_Eff = -nan 
queue_avg = -nan 


dram_util_bins: 0 0 0 0 0 0 0 0 0 0
dram_eff_bins: 0 0 0 0 0 0 0 0 0 0
mrqq: max=0 avg=-nan
Memory Partition 3: 
Cache L2_bank_006:
MSHR contents

Cache L2_bank_007:
MSHR contents

In Dram Latency Queue (total = 0): 
DRAM[3]: 16 bks, busW=8 BL=4 CL=19, tRRD=6 tCCD=1, tRCD=19 tRAS=45 tRP=19 tRC=50
n_cmd=0 n_nop=0 n_act=0 n_pre=0 n_ref_event=94788103052688 n_req=0 n_rd=0 n_rd_L2_A=0 n_write=0 n_wr_bk=0 bw_util=-nan
n_activity=0 dram_eff=-nan
bk0: 0a 0i bk1: 0a 0i bk2: 0a 0i bk3: 0a 0i bk4: 0a 0i bk5: 0a 0i bk6: 0a 0i bk7: 0a 0i bk8: 0a 0i bk9: 0a 0i bk10: 0a 0i bk11: 0a 0i bk12: 0a 0i bk13: 0a 0i bk14: 0a 0i bk15: 0a 0i 

------------------------------------------------------------------------

Row_Buffer_Locality = -nan
Row_Buffer_Locality_read = -nan
Row_Buffer_Locality_write = -nan
Bank_Level_Parallism = -nan
Bank_Level_Parallism_Col = inf
Bank_Level_Parallism_Ready = -nan
write_to_read_ratio_blp_rw_average = -nan
GrpLevelPara = -nan 

BW Util details:
bwutil = -nan 
total_CMD = 0 
util_bw = 0 
Wasted_Col = 0 
Wasted_Row = 0 
Idle = 0 

BW Util Bottlenecks: 
RCDc_limit = 0 
RCDWRc_limit = 0 
WTRc_limit = 0 
RTWc_limit = 0 
CCDLc_limit = 0 
rwq = 0 
CCDLc_limit_alone = 0 
WTRc_limit_alone = 0 
RTWc_limit_alone = 0 

Commands details: 
total_CMD = 0 
n_nop = 0 
Read = 0 
Write = 0 
L2_Alloc = 0 
L2_WB = 0 
n_act = 0 
n_pre = 0 
n_ref = 94788103052688 
n_req = 0 
total_req = 0 

Dual Bus Interface Util: 
issued_total_row = 0 
issued_total_col = 0 
Row_Bus_Util =  -nan 
CoL_Bus_Util = -nan 
Either_Row_CoL_Bus_Util = -nan 
Issued_on_Two_Bus_Simul_Util = -nan 
issued_two_Eff = -nan 
queue_avg = -nan 


dram_util_bins: 0 0 0 0 0 0 0 0 0 0
dram_eff_bins: 0 0 0 0 0 0 0 0 0 0
mrqq: max=0 avg=-nan
Memory Partition 4: 
Cache L2_bank_008:
MSHR contents

Cache L2_bank_009:
MSHR contents

In Dram Latency Queue (total = 0): 
DRAM[4]: 16 bks, busW=8 BL=4 CL=19, tRRD=6 tCCD=1, tRCD=19 tRAS=45 tRP=19 tRC=50
n_cmd=0 n_nop=0 n_act=0 n_pre=0 n_ref_event=0 n_req=0 n_rd=0 n_rd_L2_A=0 n_write=0 n_wr_bk=0 bw_util=-nan
n_activity=0 dram_eff=-nan
bk0: 0a 0i bk1: 0a 0i bk2: 0a 0i bk3: 0a 0i bk4: 0a 0i bk5: 0a 0i bk6: 0a 0i bk7: 0a 0i bk8: 0a 0i bk9: 0a 0i bk10: 0a 0i bk11: 0a 0i bk12: 0a 0i bk13: 0a 0i bk14: 0a 0i bk15: 0a 0i 

------------------------------------------------------------------------

Row_Buffer_Locality = -nan
Row_Buffer_Locality_read = -nan
Row_Buffer_Locality_write = -nan
Bank_Level_Parallism = -nan
Bank_Level_Parallism_Col = -nan
Bank_Level_Parallism_Ready = -nan
write_to_read_ratio_blp_rw_average = -nan
GrpLevelPara = -nan 

BW Util details:
bwutil = -nan 
total_CMD = 0 
util_bw = 0 
Wasted_Col = 0 
Wasted_Row = 0 
Idle = 0 

BW Util Bottlenecks: 
RCDc_limit = 0 
RCDWRc_limit = 0 
WTRc_limit = 0 
RTWc_limit = 0 
CCDLc_limit = 0 
rwq = 0 
CCDLc_limit_alone = 0 
WTRc_limit_alone = 0 
RTWc_limit_alone = 0 

Commands details: 
total_CMD = 0 
n_nop = 0 
Read = 0 
Write = 0 
L2_Alloc = 0 
L2_WB = 0 
n_act = 0 
n_pre = 0 
n_ref = 0 
n_req = 0 
total_req = 0 

Dual Bus Interface Util: 
issued_total_row = 0 
issued_total_col = 0 
Row_Bus_Util =  -nan 
CoL_Bus_Util = -nan 
Either_Row_CoL_Bus_Util = -nan 
Issued_on_Two_Bus_Simul_Util = -nan 
issued_two_Eff = -nan 
queue_avg = -nan 


dram_util_bins: 0 0 0 0 0 0 0 0 0 0
dram_eff_bins: 0 0 0 0 0 0 0 0 0 0
mrqq: max=0 avg=-nan
Memory Partition 5: 
Cache L2_bank_010:
MSHR contents

Cache L2_bank_011:
MSHR contents

In Dram Latency Queue (total = 0): 
DRAM[5]: 16 bks, busW=8 BL=4 CL=19, tRRD=6 tCCD=1, tRCD=19 tRAS=45 tRP=19 tRC=50
n_cmd=0 n_nop=0 n_act=0 n_pre=0 n_ref_event=0 n_req=0 n_rd=0 n_rd_L2_A=0 n_write=0 n_wr_bk=0 bw_util=-nan
n_activity=0 dram_eff=-nan
bk0: 0a 0i bk1: 0a 0i bk2: 0a 0i bk3: 0a 0i bk4: 0a 0i bk5: 0a 0i bk6: 0a 0i bk7: 0a 0i bk8: 0a 0i bk9: 0a 0i bk10: 0a 0i bk11: 0a 0i bk12: 0a 0i bk13: 0a 0i bk14: 0a 0i bk15: 0a 0i 

------------------------------------------------------------------------

Row_Buffer_Locality = -nan
Row_Buffer_Locality_read = -nan
Row_Buffer_Locality_write = -nan
Bank_Level_Parallism = -nan
Bank_Level_Parallism_Col = -nan
Bank_Level_Parallism_Ready = -nan
write_to_read_ratio_blp_rw_average = -nan
GrpLevelPara = -nan 

BW Util details:
bwutil = -nan 
total_CMD = 0 
util_bw = 0 
Wasted_Col = 0 
Wasted_Row = 0 
Idle = 0 

BW Util Bottlenecks: 
RCDc_limit = 0 
RCDWRc_limit = 0 
WTRc_limit = 0 
RTWc_limit = 0 
CCDLc_limit = 0 
rwq = 0 
CCDLc_limit_alone = 0 
WTRc_limit_alone = 0 
RTWc_limit_alone = 0 

Commands details: 
total_CMD = 0 
n_nop = 0 
Read = 0 
Write = 0 
L2_Alloc = 0 
L2_WB = 0 
n_act = 0 
n_pre = 0 
n_ref = 0 
n_req = 0 
total_req = 0 

Dual Bus Interface Util: 
issued_total_row = 0 
issued_total_col = 0 
Row_Bus_Util =  -nan 
CoL_Bus_Util = -nan 
Either_Row_CoL_Bus_Util = -nan 
Issued_on_Two_Bus_Simul_Util = -nan 
issued_two_Eff = -nan 
queue_avg = -nan 


dram_util_bins: 0 0 0 0 0 0 0 0 0 0
dram_eff_bins: 0 0 0 0 0 0 0 0 0 0
mrqq: max=0 avg=-nan
Memory Partition 6: 
Cache L2_bank_012:
MSHR contents

Cache L2_bank_013:
MSHR contents

In Dram Latency Queue (total = 0): 
DRAM[6]: 16 bks, busW=8 BL=4 CL=19, tRRD=6 tCCD=1, tRCD=19 tRAS=45 tRP=19 tRC=50
n_cmd=0 n_nop=0 n_act=0 n_pre=0 n_ref_event=0 n_req=0 n_rd=0 n_rd_L2_A=0 n_write=0 n_wr_bk=0 bw_util=-nan
n_activity=0 dram_eff=-nan
bk0: 0a 0i bk1: 0a 0i bk2: 0a 0i bk3: 0a 0i bk4: 0a 0i bk5: 0a 0i bk6: 0a 0i bk7: 0a 0i bk8: 0a 0i bk9: 0a 0i bk10: 0a 0i bk11: 0a 0i bk12: 0a 0i bk13: 0a 0i bk14: 0a 0i bk15: 0a 0i 

------------------------------------------------------------------------

Row_Buffer_Locality = -nan
Row_Buffer_Locality_read = -nan
Row_Buffer_Locality_write = -nan
Bank_Level_Parallism = -nan
Bank_Level_Parallism_Col = -nan
Bank_Level_Parallism_Ready = -nan
write_to_read_ratio_blp_rw_average = -nan
GrpLevelPara = -nan 

BW Util details:
bwutil = -nan 
total_CMD = 0 
util_bw = 0 
Wasted_Col = 0 
Wasted_Row = 0 
Idle = 0 

BW Util Bottlenecks: 
RCDc_limit = 0 
RCDWRc_limit = 0 
WTRc_limit = 0 
RTWc_limit = 0 
CCDLc_limit = 0 
rwq = 0 
CCDLc_limit_alone = 0 
WTRc_limit_alone = 0 
RTWc_limit_alone = 0 

Commands details: 
total_CMD = 0 
n_nop = 0 
Read = 0 
Write = 0 
L2_Alloc = 0 
L2_WB = 0 
n_act = 0 
n_pre = 0 
n_ref = 0 
n_req = 0 
total_req = 0 

Dual Bus Interface Util: 
issued_total_row = 0 
issued_total_col = 0 
Row_Bus_Util =  -nan 
CoL_Bus_Util = -nan 
Either_Row_CoL_Bus_Util = -nan 
Issued_on_Two_Bus_Simul_Util = -nan 
issued_two_Eff = -nan 
queue_avg = -nan 


dram_util_bins: 0 0 0 0 0 0 0 0 0 0
dram_eff_bins: 0 0 0 0 0 0 0 0 0 0
mrqq: max=0 avg=-nan
Memory Partition 7: 
Cache L2_bank_014:
MSHR contents

Cache L2_bank_015:
MSHR contents

In Dram Latency Queue (total = 0): 
DRAM[7]: 16 bks, busW=8 BL=4 CL=19, tRRD=6 tCCD=1, tRCD=19 tRAS=45 tRP=19 tRC=50
n_cmd=0 n_nop=0 n_act=0 n_pre=0 n_ref_event=0 n_req=0 n_rd=0 n_rd_L2_A=0 n_write=0 n_wr_bk=0 bw_util=-nan
n_activity=0 dram_eff=-nan
bk0: 0a 0i bk1: 0a 0i bk2: 0a 0i bk3: 0a 0i bk4: 0a 0i bk5: 0a 0i bk6: 0a 0i bk7: 0a 0i bk8: 0a 0i bk9: 0a 0i bk10: 0a 0i bk11: 0a 0i bk12: 0a 0i bk13: 0a 0i bk14: 0a 0i bk15: 0a 0i 

------------------------------------------------------------------------

Row_Buffer_Locality = -nan
Row_Buffer_Locality_read = -nan
Row_Buffer_Locality_write = -nan
Bank_Level_Parallism = -nan
Bank_Level_Parallism_Col = -nan
Bank_Level_Parallism_Ready = -nan
write_to_read_ratio_blp_rw_average = -nan
GrpLevelPara = -nan 

BW Util details:
bwutil = -nan 
total_CMD = 0 
util_bw = 0 
Wasted_Col = 0 
Wasted_Row = 0 
Idle = 0 

BW Util Bottlenecks: 
RCDc_limit = 0 
RCDWRc_limit = 0 
WTRc_limit = 0 
RTWc_limit = 0 
CCDLc_limit = 0 
rwq = 0 
CCDLc_limit_alone = 0 
WTRc_limit_alone = 0 
RTWc_limit_alone = 0 

Commands details: 
total_CMD = 0 
n_nop = 0 
Read = 0 
Write = 0 
L2_Alloc = 0 
L2_WB = 0 
n_act = 0 
n_pre = 0 
n_ref = 0 
n_req = 0 
total_req = 0 

Dual Bus Interface Util: 
issued_total_row = 0 
issued_total_col = 0 
Row_Bus_Util =  -nan 
CoL_Bus_Util = -nan 
Either_Row_CoL_Bus_Util = -nan 
Issued_on_Two_Bus_Simul_Util = -nan 
issued_two_Eff = -nan 
queue_avg = -nan 


dram_util_bins: 0 0 0 0 0 0 0 0 0 0
dram_eff_bins: 0 0 0 0 0 0 0 0 0 0
mrqq: max=0 avg=-nan
Memory Partition 8: 
Cache L2_bank_016:
MSHR contents

Cache L2_bank_017:
MSHR contents

In Dram Latency Queue (total = 0): 
DRAM[8]: 16 bks, busW=8 BL=4 CL=19, tRRD=6 tCCD=1, tRCD=19 tRAS=45 tRP=19 tRC=50
n_cmd=0 n_nop=0 n_act=0 n_pre=0 n_ref_event=0 n_req=0 n_rd=0 n_rd_L2_A=0 n_write=0 n_wr_bk=0 bw_util=-nan
n_activity=0 dram_eff=-nan
bk0: 0a 0i bk1: 0a 0i bk2: 0a 0i bk3: 0a 0i bk4: 0a 0i bk5: 0a 0i bk6: 0a 0i bk7: 0a 0i bk8: 0a 0i bk9: 0a 0i bk10: 0a 0i bk11: 0a 0i bk12: 0a 0i bk13: 0a 0i bk14: 0a 0i bk15: 0a 0i 

------------------------------------------------------------------------

Row_Buffer_Locality = -nan
Row_Buffer_Locality_read = -nan
Row_Buffer_Locality_write = -nan
Bank_Level_Parallism = -nan
Bank_Level_Parallism_Col = -nan
Bank_Level_Parallism_Ready = -nan
write_to_read_ratio_blp_rw_average = -nan
GrpLevelPara = -nan 

BW Util details:
bwutil = -nan 
total_CMD = 0 
util_bw = 0 
Wasted_Col = 0 
Wasted_Row = 0 
Idle = 0 

BW Util Bottlenecks: 
RCDc_limit = 0 
RCDWRc_limit = 0 
WTRc_limit = 0 
RTWc_limit = 0 
CCDLc_limit = 0 
rwq = 0 
CCDLc_limit_alone = 0 
WTRc_limit_alone = 0 
RTWc_limit_alone = 0 

Commands details: 
total_CMD = 0 
n_nop = 0 
Read = 0 
Write = 0 
L2_Alloc = 0 
L2_WB = 0 
n_act = 0 
n_pre = 0 
n_ref = 0 
n_req = 0 
total_req = 0 

Dual Bus Interface Util: 
issued_total_row = 0 
issued_total_col = 0 
Row_Bus_Util =  -nan 
CoL_Bus_Util = -nan 
Either_Row_CoL_Bus_Util = -nan 
Issued_on_Two_Bus_Simul_Util = -nan 
issued_two_Eff = -nan 
queue_avg = -nan 


dram_util_bins: 0 0 0 0 0 0 0 0 0 0
dram_eff_bins: 0 0 0 0 0 0 0 0 0 0
mrqq: max=0 avg=-nan
Memory Partition 9: 
Cache L2_bank_018:
MSHR contents

Cache L2_bank_019:
MSHR contents

In Dram Latency Queue (total = 0): 
DRAM[9]: 16 bks, busW=8 BL=4 CL=19, tRRD=6 tCCD=1, tRCD=19 tRAS=45 tRP=19 tRC=50
n_cmd=0 n_nop=0 n_act=0 n_pre=0 n_ref_event=0 n_req=0 n_rd=0 n_rd_L2_A=0 n_write=0 n_wr_bk=0 bw_util=-nan
n_activity=0 dram_eff=-nan
bk0: 0a 0i bk1: 0a 0i bk2: 0a 0i bk3: 0a 0i bk4: 0a 0i bk5: 0a 0i bk6: 0a 0i bk7: 0a 0i bk8: 0a 0i bk9: 0a 0i bk10: 0a 0i bk11: 0a 0i bk12: 0a 0i bk13: 0a 0i bk14: 0a 0i bk15: 0a 0i 

------------------------------------------------------------------------

Row_Buffer_Locality = -nan
Row_Buffer_Locality_read = -nan
Row_Buffer_Locality_write = -nan
Bank_Level_Parallism = -nan
Bank_Level_Parallism_Col = -nan
Bank_Level_Parallism_Ready = -nan
write_to_read_ratio_blp_rw_average = -nan
GrpLevelPara = -nan 

BW Util details:
bwutil = -nan 
total_CMD = 0 
util_bw = 0 
Wasted_Col = 0 
Wasted_Row = 0 
Idle = 0 

BW Util Bottlenecks: 
RCDc_limit = 0 
RCDWRc_limit = 0 
WTRc_limit = 0 
RTWc_limit = 0 
CCDLc_limit = 0 
rwq = 0 
CCDLc_limit_alone = 0 
WTRc_limit_alone = 0 
RTWc_limit_alone = 0 

Commands details: 
total_CMD = 0 
n_nop = 0 
Read = 0 
Write = 0 
L2_Alloc = 0 
L2_WB = 0 
n_act = 0 
n_pre = 0 
n_ref = 0 
n_req = 0 
total_req = 0 

Dual Bus Interface Util: 
issued_total_row = 0 
issued_total_col = 0 
Row_Bus_Util =  -nan 
CoL_Bus_Util = -nan 
Either_Row_CoL_Bus_Util = -nan 
Issued_on_Two_Bus_Simul_Util = -nan 
issued_two_Eff = -nan 
queue_avg = -nan 


dram_util_bins: 0 0 0 0 0 0 0 0 0 0
dram_eff_bins: 0 0 0 0 0 0 0 0 0 0
mrqq: max=0 avg=-nan
Memory Partition 10: 
Cache L2_bank_020:
MSHR contents

Cache L2_bank_021:
MSHR contents

In Dram Latency Queue (total = 0): 
DRAM[10]: 16 bks, busW=8 BL=4 CL=19, tRRD=6 tCCD=1, tRCD=19 tRAS=45 tRP=19 tRC=50
n_cmd=0 n_nop=0 n_act=0 n_pre=0 n_ref_event=0 n_req=0 n_rd=0 n_rd_L2_A=0 n_write=0 n_wr_bk=0 bw_util=-nan
n_activity=0 dram_eff=-nan
bk0: 0a 0i bk1: 0a 0i bk2: 0a 0i bk3: 0a 0i bk4: 0a 0i bk5: 0a 0i bk6: 0a 0i bk7: 0a 0i bk8: 0a 0i bk9: 0a 0i bk10: 0a 0i bk11: 0a 0i bk12: 0a 0i bk13: 0a 0i bk14: 0a 0i bk15: 0a 0i 

------------------------------------------------------------------------

Row_Buffer_Locality = -nan
Row_Buffer_Locality_read = -nan
Row_Buffer_Locality_write = -nan
Bank_Level_Parallism = -nan
Bank_Level_Parallism_Col = -nan
Bank_Level_Parallism_Ready = -nan
write_to_read_ratio_blp_rw_average = -nan
GrpLevelPara = -nan 

BW Util details:
bwutil = -nan 
total_CMD = 0 
util_bw = 0 
Wasted_Col = 0 
Wasted_Row = 0 
Idle = 0 

BW Util Bottlenecks: 
RCDc_limit = 0 
RCDWRc_limit = 0 
WTRc_limit = 0 
RTWc_limit = 0 
CCDLc_limit = 0 
rwq = 0 
CCDLc_limit_alone = 0 
WTRc_limit_alone = 0 
RTWc_limit_alone = 0 

Commands details: 
total_CMD = 0 
n_nop = 0 
Read = 0 
Write = 0 
L2_Alloc = 0 
L2_WB = 0 
n_act = 0 
n_pre = 0 
n_ref = 0 
n_req = 0 
total_req = 0 

Dual Bus Interface Util: 
issued_total_row = 0 
issued_total_col = 0 
Row_Bus_Util =  -nan 
CoL_Bus_Util = -nan 
Either_Row_CoL_Bus_Util = -nan 
Issued_on_Two_Bus_Simul_Util = -nan 
issued_two_Eff = -nan 
queue_avg = -nan 


dram_util_bins: 0 0 0 0 0 0 0 0 0 0
dram_eff_bins: 0 0 0 0 0 0 0 0 0 0
mrqq: max=0 avg=-nan
Memory Partition 11: 
Cache L2_bank_022:
MSHR contents

Cache L2_bank_023:
MSHR contents

In Dram Latency Queue (total = 0): 
DRAM[11]: 16 bks, busW=8 BL=4 CL=19, tRRD=6 tCCD=1, tRCD=19 tRAS=45 tRP=19 tRC=50
n_cmd=0 n_nop=0 n_act=0 n_pre=0 n_ref_event=0 n_req=0 n_rd=0 n_rd_L2_A=0 n_write=0 n_wr_bk=0 bw_util=-nan
n_activity=0 dram_eff=-nan
bk0: 0a 0i bk1: 0a 0i bk2: 0a 0i bk3: 0a 0i bk4: 0a 0i bk5: 0a 0i bk6: 0a 0i bk7: 0a 0i bk8: 0a 0i bk9: 0a 0i bk10: 0a 0i bk11: 0a 0i bk12: 0a 0i bk13: 0a 0i bk14: 0a 0i bk15: 0a 0i 

------------------------------------------------------------------------

Row_Buffer_Locality = -nan
Row_Buffer_Locality_read = -nan
Row_Buffer_Locality_write = -nan
Bank_Level_Parallism = -nan
Bank_Level_Parallism_Col = -nan
Bank_Level_Parallism_Ready = -nan
write_to_read_ratio_blp_rw_average = -nan
GrpLevelPara = -nan 

BW Util details:
bwutil = -nan 
total_CMD = 0 
util_bw = 0 
Wasted_Col = 0 
Wasted_Row = 0 
Idle = 0 

BW Util Bottlenecks: 
RCDc_limit = 0 
RCDWRc_limit = 0 
WTRc_limit = 0 
RTWc_limit = 0 
CCDLc_limit = 0 
rwq = 0 
CCDLc_limit_alone = 0 
WTRc_limit_alone = 0 
RTWc_limit_alone = 0 

Commands details: 
total_CMD = 0 
n_nop = 0 
Read = 0 
Write = 0 
L2_Alloc = 0 
L2_WB = 0 
n_act = 0 
n_pre = 0 
n_ref = 0 
n_req = 0 
total_req = 0 

Dual Bus Interface Util: 
issued_total_row = 0 
issued_total_col = 0 
Row_Bus_Util =  -nan 
CoL_Bus_Util = -nan 
Either_Row_CoL_Bus_Util = -nan 
Issued_on_Two_Bus_Simul_Util = -nan 
issued_two_Eff = -nan 
queue_avg = -nan 


dram_util_bins: 0 0 0 0 0 0 0 0 0 0
dram_eff_bins: 0 0 0 0 0 0 0 0 0 0
mrqq: max=0 avg=-nan
Memory Partition 12: 
Cache L2_bank_024:
MSHR contents

Cache L2_bank_025:
MSHR contents

In Dram Latency Queue (total = 0): 
DRAM[12]: 16 bks, busW=8 BL=4 CL=19, tRRD=6 tCCD=1, tRCD=19 tRAS=45 tRP=19 tRC=50
n_cmd=0 n_nop=0 n_act=0 n_pre=0 n_ref_event=0 n_req=0 n_rd=0 n_rd_L2_A=0 n_write=0 n_wr_bk=0 bw_util=-nan
n_activity=0 dram_eff=-nan
bk0: 0a 0i bk1: 0a 0i bk2: 0a 0i bk3: 0a 0i bk4: 0a 0i bk5: 0a 0i bk6: 0a 0i bk7: 0a 0i bk8: 0a 0i bk9: 0a 0i bk10: 0a 0i bk11: 0a 0i bk12: 0a 0i bk13: 0a 0i bk14: 0a 0i bk15: 0a 0i 

------------------------------------------------------------------------

Row_Buffer_Locality = -nan
Row_Buffer_Locality_read = -nan
Row_Buffer_Locality_write = -nan
Bank_Level_Parallism = -nan
Bank_Level_Parallism_Col = -nan
Bank_Level_Parallism_Ready = -nan
write_to_read_ratio_blp_rw_average = -nan
GrpLevelPara = -nan 

BW Util details:
bwutil = -nan 
total_CMD = 0 
util_bw = 0 
Wasted_Col = 0 
Wasted_Row = 0 
Idle = 0 

BW Util Bottlenecks: 
RCDc_limit = 0 
RCDWRc_limit = 0 
WTRc_limit = 0 
RTWc_limit = 0 
CCDLc_limit = 0 
rwq = 0 
CCDLc_limit_alone = 0 
WTRc_limit_alone = 0 
RTWc_limit_alone = 0 

Commands details: 
total_CMD = 0 
n_nop = 0 
Read = 0 
Write = 0 
L2_Alloc = 0 
L2_WB = 0 
n_act = 0 
n_pre = 0 
n_ref = 0 
n_req = 0 
total_req = 0 

Dual Bus Interface Util: 
issued_total_row = 0 
issued_total_col = 0 
Row_Bus_Util =  -nan 
CoL_Bus_Util = -nan 
Either_Row_CoL_Bus_Util = -nan 
Issued_on_Two_Bus_Simul_Util = -nan 
issued_two_Eff = -nan 
queue_avg = -nan 


dram_util_bins: 0 0 0 0 0 0 0 0 0 0
dram_eff_bins: 0 0 0 0 0 0 0 0 0 0
mrqq: max=0 avg=-nan
Memory Partition 13: 
Cache L2_bank_026:
MSHR contents

Cache L2_bank_027:
MSHR contents

In Dram Latency Queue (total = 0): 
DRAM[13]: 16 bks, busW=8 BL=4 CL=19, tRRD=6 tCCD=1, tRCD=19 tRAS=45 tRP=19 tRC=50
n_cmd=0 n_nop=0 n_act=0 n_pre=0 n_ref_event=0 n_req=0 n_rd=0 n_rd_L2_A=0 n_write=0 n_wr_bk=0 bw_util=-nan
n_activity=0 dram_eff=-nan
bk0: 0a 0i bk1: 0a 0i bk2: 0a 0i bk3: 0a 0i bk4: 0a 0i bk5: 0a 0i bk6: 0a 0i bk7: 0a 0i bk8: 0a 0i bk9: 0a 0i bk10: 0a 0i bk11: 0a 0i bk12: 0a 0i bk13: 0a 0i bk14: 0a 0i bk15: 0a 0i 

------------------------------------------------------------------------

Row_Buffer_Locality = -nan
Row_Buffer_Locality_read = -nan
Row_Buffer_Locality_write = -nan
Bank_Level_Parallism = -nan
Bank_Level_Parallism_Col = -nan
Bank_Level_Parallism_Ready = -nan
write_to_read_ratio_blp_rw_average = -nan
GrpLevelPara = -nan 

BW Util details:
bwutil = -nan 
total_CMD = 0 
util_bw = 0 
Wasted_Col = 0 
Wasted_Row = 0 
Idle = 0 

BW Util Bottlenecks: 
RCDc_limit = 0 
RCDWRc_limit = 0 
WTRc_limit = 0 
RTWc_limit = 0 
CCDLc_limit = 0 
rwq = 0 
CCDLc_limit_alone = 0 
WTRc_limit_alone = 0 
RTWc_limit_alone = 0 

Commands details: 
total_CMD = 0 
n_nop = 0 
Read = 0 
Write = 0 
L2_Alloc = 0 
L2_WB = 0 
n_act = 0 
n_pre = 0 
n_ref = 0 
n_req = 0 
total_req = 0 

Dual Bus Interface Util: 
issued_total_row = 0 
issued_total_col = 0 
Row_Bus_Util =  -nan 
CoL_Bus_Util = -nan 
Either_Row_CoL_Bus_Util = -nan 
Issued_on_Two_Bus_Simul_Util = -nan 
issued_two_Eff = -nan 
queue_avg = -nan 


dram_util_bins: 0 0 0 0 0 0 0 0 0 0
dram_eff_bins: 0 0 0 0 0 0 0 0 0 0
mrqq: max=0 avg=-nan
Memory Partition 14: 
Cache L2_bank_028:
MSHR contents

Cache L2_bank_029:
MSHR contents

In Dram Latency Queue (total = 0): 
DRAM[14]: 16 bks, busW=8 BL=4 CL=19, tRRD=6 tCCD=1, tRCD=19 tRAS=45 tRP=19 tRC=50
n_cmd=0 n_nop=0 n_act=0 n_pre=0 n_ref_event=0 n_req=0 n_rd=0 n_rd_L2_A=0 n_write=0 n_wr_bk=0 bw_util=-nan
n_activity=0 dram_eff=-nan
bk0: 0a 0i bk1: 0a 0i bk2: 0a 0i bk3: 0a 0i bk4: 0a 0i bk5: 0a 0i bk6: 0a 0i bk7: 0a 0i bk8: 0a 0i bk9: 0a 0i bk10: 0a 0i bk11: 0a 0i bk12: 0a 0i bk13: 0a 0i bk14: 0a 0i bk15: 0a 0i 

------------------------------------------------------------------------

Row_Buffer_Locality = -nan
Row_Buffer_Locality_read = -nan
Row_Buffer_Locality_write = -nan
Bank_Level_Parallism = -nan
Bank_Level_Parallism_Col = -nan
Bank_Level_Parallism_Ready = -nan
write_to_read_ratio_blp_rw_average = -nan
GrpLevelPara = -nan 

BW Util details:
bwutil = -nan 
total_CMD = 0 
util_bw = 0 
Wasted_Col = 0 
Wasted_Row = 0 
Idle = 0 

BW Util Bottlenecks: 
RCDc_limit = 0 
RCDWRc_limit = 0 
WTRc_limit = 0 
RTWc_limit = 0 
CCDLc_limit = 0 
rwq = 0 
CCDLc_limit_alone = 0 
WTRc_limit_alone = 0 
RTWc_limit_alone = 0 

Commands details: 
total_CMD = 0 
n_nop = 0 
Read = 0 
Write = 0 
L2_Alloc = 0 
L2_WB = 0 
n_act = 0 
n_pre = 0 
n_ref = 0 
n_req = 0 
total_req = 0 

Dual Bus Interface Util: 
issued_total_row = 0 
issued_total_col = 0 
Row_Bus_Util =  -nan 
CoL_Bus_Util = -nan 
Either_Row_CoL_Bus_Util = -nan 
Issued_on_Two_Bus_Simul_Util = -nan 
issued_two_Eff = -nan 
queue_avg = -nan 


dram_util_bins: 0 0 0 0 0 0 0 0 0 0
dram_eff_bins: 0 0 0 0 0 0 0 0 0 0
mrqq: max=0 avg=-nan
Memory Partition 15: 
Cache L2_bank_030:
MSHR contents

Cache L2_bank_031:
MSHR contents

In Dram Latency Queue (total = 0): 
DRAM[15]: 16 bks, busW=8 BL=4 CL=19, tRRD=6 tCCD=1, tRCD=19 tRAS=45 tRP=19 tRC=50
n_cmd=0 n_nop=0 n_act=0 n_pre=0 n_ref_event=0 n_req=0 n_rd=0 n_rd_L2_A=0 n_write=0 n_wr_bk=0 bw_util=-nan
n_activity=0 dram_eff=-nan
bk0: 0a 0i bk1: 0a 0i bk2: 0a 0i bk3: 0a 0i bk4: 0a 0i bk5: 0a 0i bk6: 0a 0i bk7: 0a 0i bk8: 0a 0i bk9: 0a 0i bk10: 0a 0i bk11: 0a 0i bk12: 0a 0i bk13: 0a 0i bk14: 0a 0i bk15: 0a 0i 

------------------------------------------------------------------------

Row_Buffer_Locality = -nan
Row_Buffer_Locality_read = -nan
Row_Buffer_Locality_write = -nan
Bank_Level_Parallism = -nan
Bank_Level_Parallism_Col = -nan
Bank_Level_Parallism_Ready = -nan
write_to_read_ratio_blp_rw_average = -nan
GrpLevelPara = -nan 

BW Util details:
bwutil = -nan 
total_CMD = 0 
util_bw = 0 
Wasted_Col = 0 
Wasted_Row = 0 
Idle = 0 

BW Util Bottlenecks: 
RCDc_limit = 0 
RCDWRc_limit = 0 
WTRc_limit = 0 
RTWc_limit = 0 
CCDLc_limit = 0 
rwq = 0 
CCDLc_limit_alone = 0 
WTRc_limit_alone = 0 
RTWc_limit_alone = 0 

Commands details: 
total_CMD = 0 
n_nop = 0 
Read = 0 
Write = 0 
L2_Alloc = 0 
L2_WB = 0 
n_act = 0 
n_pre = 0 
n_ref = 0 
n_req = 0 
total_req = 0 

Dual Bus Interface Util: 
issued_total_row = 0 
issued_total_col = 0 
Row_Bus_Util =  -nan 
CoL_Bus_Util = -nan 
Either_Row_CoL_Bus_Util = -nan 
Issued_on_Two_Bus_Simul_Util = -nan 
issued_two_Eff = -nan 
queue_avg = -nan 


dram_util_bins: 0 0 0 0 0 0 0 0 0 0
dram_eff_bins: 0 0 0 0 0 0 0 0 0 0
mrqq: max=0 avg=-nan
Memory Partition 16: 
Cache L2_bank_032:
MSHR contents

Cache L2_bank_033:
MSHR contents

In Dram Latency Queue (total = 0): 
DRAM[16]: 16 bks, busW=8 BL=4 CL=19, tRRD=6 tCCD=1, tRCD=19 tRAS=45 tRP=19 tRC=50
n_cmd=0 n_nop=0 n_act=0 n_pre=0 n_ref_event=0 n_req=0 n_rd=0 n_rd_L2_A=0 n_write=0 n_wr_bk=0 bw_util=-nan
n_activity=0 dram_eff=-nan
bk0: 0a 0i bk1: 0a 0i bk2: 0a 0i bk3: 0a 0i bk4: 0a 0i bk5: 0a 0i bk6: 0a 0i bk7: 0a 0i bk8: 0a 0i bk9: 0a 0i bk10: 0a 0i bk11: 0a 0i bk12: 0a 0i bk13: 0a 0i bk14: 0a 0i bk15: 0a 0i 

------------------------------------------------------------------------

Row_Buffer_Locality = -nan
Row_Buffer_Locality_read = -nan
Row_Buffer_Locality_write = -nan
Bank_Level_Parallism = -nan
Bank_Level_Parallism_Col = -nan
Bank_Level_Parallism_Ready = -nan
write_to_read_ratio_blp_rw_average = -nan
GrpLevelPara = -nan 

BW Util details:
bwutil = -nan 
total_CMD = 0 
util_bw = 0 
Wasted_Col = 0 
Wasted_Row = 0 
Idle = 0 

BW Util Bottlenecks: 
RCDc_limit = 0 
RCDWRc_limit = 0 
WTRc_limit = 0 
RTWc_limit = 0 
CCDLc_limit = 0 
rwq = 0 
CCDLc_limit_alone = 0 
WTRc_limit_alone = 0 
RTWc_limit_alone = 0 

Commands details: 
total_CMD = 0 
n_nop = 0 
Read = 0 
Write = 0 
L2_Alloc = 0 
L2_WB = 0 
n_act = 0 
n_pre = 0 
n_ref = 0 
n_req = 0 
total_req = 0 

Dual Bus Interface Util: 
issued_total_row = 0 
issued_total_col = 0 
Row_Bus_Util =  -nan 
CoL_Bus_Util = -nan 
Either_Row_CoL_Bus_Util = -nan 
Issued_on_Two_Bus_Simul_Util = -nan 
issued_two_Eff = -nan 
queue_avg = -nan 


dram_util_bins: 0 0 0 0 0 0 0 0 0 0
dram_eff_bins: 0 0 0 0 0 0 0 0 0 0
mrqq: max=0 avg=-nan
Memory Partition 17: 
Cache L2_bank_034:
MSHR contents

Cache L2_bank_035:
MSHR contents

In Dram Latency Queue (total = 0): 
DRAM[17]: 16 bks, busW=8 BL=4 CL=19, tRRD=6 tCCD=1, tRCD=19 tRAS=45 tRP=19 tRC=50
n_cmd=0 n_nop=0 n_act=0 n_pre=0 n_ref_event=0 n_req=0 n_rd=0 n_rd_L2_A=0 n_write=0 n_wr_bk=0 bw_util=-nan
n_activity=0 dram_eff=-nan
bk0: 0a 0i bk1: 0a 0i bk2: 0a 0i bk3: 0a 0i bk4: 0a 0i bk5: 0a 0i bk6: 0a 0i bk7: 0a 0i bk8: 0a 0i bk9: 0a 0i bk10: 0a 0i bk11: 0a 0i bk12: 0a 0i bk13: 0a 0i bk14: 0a 0i bk15: 0a 0i 

------------------------------------------------------------------------

Row_Buffer_Locality = -nan
Row_Buffer_Locality_read = -nan
Row_Buffer_Locality_write = -nan
Bank_Level_Parallism = -nan
Bank_Level_Parallism_Col = -nan
Bank_Level_Parallism_Ready = -nan
write_to_read_ratio_blp_rw_average = -nan
GrpLevelPara = -nan 

BW Util details:
bwutil = -nan 
total_CMD = 0 
util_bw = 0 
Wasted_Col = 0 
Wasted_Row = 0 
Idle = 0 

BW Util Bottlenecks: 
RCDc_limit = 0 
RCDWRc_limit = 0 
WTRc_limit = 0 
RTWc_limit = 0 
CCDLc_limit = 0 
rwq = 0 
CCDLc_limit_alone = 0 
WTRc_limit_alone = 0 
RTWc_limit_alone = 0 

Commands details: 
total_CMD = 0 
n_nop = 0 
Read = 0 
Write = 0 
L2_Alloc = 0 
L2_WB = 0 
n_act = 0 
n_pre = 0 
n_ref = 0 
n_req = 0 
total_req = 0 

Dual Bus Interface Util: 
issued_total_row = 0 
issued_total_col = 0 
Row_Bus_Util =  -nan 
CoL_Bus_Util = -nan 
Either_Row_CoL_Bus_Util = -nan 
Issued_on_Two_Bus_Simul_Util = -nan 
issued_two_Eff = -nan 
queue_avg = -nan 


dram_util_bins: 0 0 0 0 0 0 0 0 0 0
dram_eff_bins: 0 0 0 0 0 0 0 0 0 0
mrqq: max=0 avg=-nan
Memory Partition 18: 
Cache L2_bank_036:
MSHR contents

Cache L2_bank_037:
MSHR contents

In Dram Latency Queue (total = 0): 
DRAM[18]: 16 bks, busW=8 BL=4 CL=19, tRRD=6 tCCD=1, tRCD=19 tRAS=45 tRP=19 tRC=50
n_cmd=0 n_nop=0 n_act=0 n_pre=0 n_ref_event=0 n_req=0 n_rd=0 n_rd_L2_A=0 n_write=0 n_wr_bk=0 bw_util=-nan
n_activity=0 dram_eff=-nan
bk0: 0a 0i bk1: 0a 0i bk2: 0a 0i bk3: 0a 0i bk4: 0a 0i bk5: 0a 0i bk6: 0a 0i bk7: 0a 0i bk8: 0a 0i bk9: 0a 0i bk10: 0a 0i bk11: 0a 0i bk12: 0a 0i bk13: 0a 0i bk14: 0a 0i bk15: 0a 0i 

------------------------------------------------------------------------

Row_Buffer_Locality = -nan
Row_Buffer_Locality_read = -nan
Row_Buffer_Locality_write = -nan
Bank_Level_Parallism = -nan
Bank_Level_Parallism_Col = -nan
Bank_Level_Parallism_Ready = -nan
write_to_read_ratio_blp_rw_average = -nan
GrpLevelPara = -nan 

BW Util details:
bwutil = -nan 
total_CMD = 0 
util_bw = 0 
Wasted_Col = 0 
Wasted_Row = 0 
Idle = 0 

BW Util Bottlenecks: 
RCDc_limit = 0 
RCDWRc_limit = 0 
WTRc_limit = 0 
RTWc_limit = 0 
CCDLc_limit = 0 
rwq = 0 
CCDLc_limit_alone = 0 
WTRc_limit_alone = 0 
RTWc_limit_alone = 0 

Commands details: 
total_CMD = 0 
n_nop = 0 
Read = 0 
Write = 0 
L2_Alloc = 0 
L2_WB = 0 
n_act = 0 
n_pre = 0 
n_ref = 0 
n_req = 0 
total_req = 0 

Dual Bus Interface Util: 
issued_total_row = 0 
issued_total_col = 0 
Row_Bus_Util =  -nan 
CoL_Bus_Util = -nan 
Either_Row_CoL_Bus_Util = -nan 
Issued_on_Two_Bus_Simul_Util = -nan 
issued_two_Eff = -nan 
queue_avg = -nan 


dram_util_bins: 0 0 0 0 0 0 0 0 0 0
dram_eff_bins: 0 0 0 0 0 0 0 0 0 0
mrqq: max=0 avg=-nan
Memory Partition 19: 
Cache L2_bank_038:
MSHR contents

Cache L2_bank_039:
MSHR contents

In Dram Latency Queue (total = 0): 
DRAM[19]: 16 bks, busW=8 BL=4 CL=19, tRRD=6 tCCD=1, tRCD=19 tRAS=45 tRP=19 tRC=50
n_cmd=0 n_nop=0 n_act=0 n_pre=0 n_ref_event=0 n_req=0 n_rd=0 n_rd_L2_A=0 n_write=0 n_wr_bk=0 bw_util=-nan
n_activity=0 dram_eff=-nan
bk0: 0a 0i bk1: 0a 0i bk2: 0a 0i bk3: 0a 0i bk4: 0a 0i bk5: 0a 0i bk6: 0a 0i bk7: 0a 0i bk8: 0a 0i bk9: 0a 0i bk10: 0a 0i bk11: 0a 0i bk12: 0a 0i bk13: 0a 0i bk14: 0a 0i bk15: 0a 0i 

------------------------------------------------------------------------

Row_Buffer_Locality = -nan
Row_Buffer_Locality_read = -nan
Row_Buffer_Locality_write = -nan
Bank_Level_Parallism = -nan
Bank_Level_Parallism_Col = -nan
Bank_Level_Parallism_Ready = -nan
write_to_read_ratio_blp_rw_average = -nan
GrpLevelPara = -nan 

BW Util details:
bwutil = -nan 
total_CMD = 0 
util_bw = 0 
Wasted_Col = 0 
Wasted_Row = 0 
Idle = 0 

BW Util Bottlenecks: 
RCDc_limit = 0 
RCDWRc_limit = 0 
WTRc_limit = 0 
RTWc_limit = 0 
CCDLc_limit = 0 
rwq = 0 
CCDLc_limit_alone = 0 
WTRc_limit_alone = 0 
RTWc_limit_alone = 0 

Commands details: 
total_CMD = 0 
n_nop = 0 
Read = 0 
Write = 0 
L2_Alloc = 0 
L2_WB = 0 
n_act = 0 
n_pre = 0 
n_ref = 0 
n_req = 0 
total_req = 0 

Dual Bus Interface Util: 
issued_total_row = 0 
issued_total_col = 0 
Row_Bus_Util =  -nan 
CoL_Bus_Util = -nan 
Either_Row_CoL_Bus_Util = -nan 
Issued_on_Two_Bus_Simul_Util = -nan 
issued_two_Eff = -nan 
queue_avg = -nan 


dram_util_bins: 0 0 0 0 0 0 0 0 0 0
dram_eff_bins: 0 0 0 0 0 0 0 0 0 0
mrqq: max=0 avg=-nan
Memory Partition 20: 
Cache L2_bank_040:
MSHR contents

Cache L2_bank_041:
MSHR contents

In Dram Latency Queue (total = 0): 
DRAM[20]: 16 bks, busW=8 BL=4 CL=19, tRRD=6 tCCD=1, tRCD=19 tRAS=45 tRP=19 tRC=50
n_cmd=0 n_nop=0 n_act=0 n_pre=0 n_ref_event=0 n_req=0 n_rd=0 n_rd_L2_A=0 n_write=0 n_wr_bk=0 bw_util=-nan
n_activity=0 dram_eff=-nan
bk0: 0a 0i bk1: 0a 0i bk2: 0a 0i bk3: 0a 0i bk4: 0a 0i bk5: 0a 0i bk6: 0a 0i bk7: 0a 0i bk8: 0a 0i bk9: 0a 0i bk10: 0a 0i bk11: 0a 0i bk12: 0a 0i bk13: 0a 0i bk14: 0a 0i bk15: 0a 0i 

------------------------------------------------------------------------

Row_Buffer_Locality = -nan
Row_Buffer_Locality_read = -nan
Row_Buffer_Locality_write = -nan
Bank_Level_Parallism = -nan
Bank_Level_Parallism_Col = -nan
Bank_Level_Parallism_Ready = -nan
write_to_read_ratio_blp_rw_average = -nan
GrpLevelPara = -nan 

BW Util details:
bwutil = -nan 
total_CMD = 0 
util_bw = 0 
Wasted_Col = 0 
Wasted_Row = 0 
Idle = 0 

BW Util Bottlenecks: 
RCDc_limit = 0 
RCDWRc_limit = 0 
WTRc_limit = 0 
RTWc_limit = 0 
CCDLc_limit = 0 
rwq = 0 
CCDLc_limit_alone = 0 
WTRc_limit_alone = 0 
RTWc_limit_alone = 0 

Commands details: 
total_CMD = 0 
n_nop = 0 
Read = 0 
Write = 0 
L2_Alloc = 0 
L2_WB = 0 
n_act = 0 
n_pre = 0 
n_ref = 0 
n_req = 0 
total_req = 0 

Dual Bus Interface Util: 
issued_total_row = 0 
issued_total_col = 0 
Row_Bus_Util =  -nan 
CoL_Bus_Util = -nan 
Either_Row_CoL_Bus_Util = -nan 
Issued_on_Two_Bus_Simul_Util = -nan 
issued_two_Eff = -nan 
queue_avg = -nan 


dram_util_bins: 0 0 0 0 0 0 0 0 0 0
dram_eff_bins: 0 0 0 0 0 0 0 0 0 0
mrqq: max=0 avg=-nan
Memory Partition 21: 
Cache L2_bank_042:
MSHR contents

Cache L2_bank_043:
MSHR contents

In Dram Latency Queue (total = 0): 
DRAM[21]: 16 bks, busW=8 BL=4 CL=19, tRRD=6 tCCD=1, tRCD=19 tRAS=45 tRP=19 tRC=50
n_cmd=0 n_nop=0 n_act=0 n_pre=0 n_ref_event=0 n_req=0 n_rd=0 n_rd_L2_A=0 n_write=0 n_wr_bk=0 bw_util=-nan
n_activity=0 dram_eff=-nan
bk0: 0a 0i bk1: 0a 0i bk2: 0a 0i bk3: 0a 0i bk4: 0a 0i bk5: 0a 0i bk6: 0a 0i bk7: 0a 0i bk8: 0a 0i bk9: 0a 0i bk10: 0a 0i bk11: 0a 0i bk12: 0a 0i bk13: 0a 0i bk14: 0a 0i bk15: 0a 0i 

------------------------------------------------------------------------

Row_Buffer_Locality = -nan
Row_Buffer_Locality_read = -nan
Row_Buffer_Locality_write = -nan
Bank_Level_Parallism = -nan
Bank_Level_Parallism_Col = -nan
Bank_Level_Parallism_Ready = -nan
write_to_read_ratio_blp_rw_average = -nan
GrpLevelPara = -nan 

BW Util details:
bwutil = -nan 
total_CMD = 0 
util_bw = 0 
Wasted_Col = 0 
Wasted_Row = 0 
Idle = 0 

BW Util Bottlenecks: 
RCDc_limit = 0 
RCDWRc_limit = 0 
WTRc_limit = 0 
RTWc_limit = 0 
CCDLc_limit = 0 
rwq = 0 
CCDLc_limit_alone = 0 
WTRc_limit_alone = 0 
RTWc_limit_alone = 0 

Commands details: 
total_CMD = 0 
n_nop = 0 
Read = 0 
Write = 0 
L2_Alloc = 0 
L2_WB = 0 
n_act = 0 
n_pre = 0 
n_ref = 0 
n_req = 0 
total_req = 0 

Dual Bus Interface Util: 
issued_total_row = 0 
issued_total_col = 0 
Row_Bus_Util =  -nan 
CoL_Bus_Util = -nan 
Either_Row_CoL_Bus_Util = -nan 
Issued_on_Two_Bus_Simul_Util = -nan 
issued_two_Eff = -nan 
queue_avg = -nan 


dram_util_bins: 0 0 0 0 0 0 0 0 0 0
dram_eff_bins: 0 0 0 0 0 0 0 0 0 0
mrqq: max=0 avg=-nan
Memory Partition 22: 
Cache L2_bank_044:
MSHR contents

Cache L2_bank_045:
MSHR contents

In Dram Latency Queue (total = 0): 
DRAM[22]: 16 bks, busW=8 BL=4 CL=19, tRRD=6 tCCD=1, tRCD=19 tRAS=45 tRP=19 tRC=50
n_cmd=0 n_nop=0 n_act=0 n_pre=0 n_ref_event=0 n_req=0 n_rd=0 n_rd_L2_A=0 n_write=0 n_wr_bk=0 bw_util=-nan
n_activity=0 dram_eff=-nan
bk0: 0a 0i bk1: 0a 0i bk2: 0a 0i bk3: 0a 0i bk4: 0a 0i bk5: 0a 0i bk6: 0a 0i bk7: 0a 0i bk8: 0a 0i bk9: 0a 0i bk10: 0a 0i bk11: 0a 0i bk12: 0a 0i bk13: 0a 0i bk14: 0a 0i bk15: 0a 0i 

------------------------------------------------------------------------

Row_Buffer_Locality = -nan
Row_Buffer_Locality_read = -nan
Row_Buffer_Locality_write = -nan
Bank_Level_Parallism = -nan
Bank_Level_Parallism_Col = -nan
Bank_Level_Parallism_Ready = -nan
write_to_read_ratio_blp_rw_average = -nan
GrpLevelPara = -nan 

BW Util details:
bwutil = -nan 
total_CMD = 0 
util_bw = 0 
Wasted_Col = 0 
Wasted_Row = 0 
Idle = 0 

BW Util Bottlenecks: 
RCDc_limit = 0 
RCDWRc_limit = 0 
WTRc_limit = 0 
RTWc_limit = 0 
CCDLc_limit = 0 
rwq = 0 
CCDLc_limit_alone = 0 
WTRc_limit_alone = 0 
RTWc_limit_alone = 0 

Commands details: 
total_CMD = 0 
n_nop = 0 
Read = 0 
Write = 0 
L2_Alloc = 0 
L2_WB = 0 
n_act = 0 
n_pre = 0 
n_ref = 0 
n_req = 0 
total_req = 0 

Dual Bus Interface Util: 
issued_total_row = 0 
issued_total_col = 0 
Row_Bus_Util =  -nan 
CoL_Bus_Util = -nan 
Either_Row_CoL_Bus_Util = -nan 
Issued_on_Two_Bus_Simul_Util = -nan 
issued_two_Eff = -nan 
queue_avg = -nan 


dram_util_bins: 0 0 0 0 0 0 0 0 0 0
dram_eff_bins: 0 0 0 0 0 0 0 0 0 0
mrqq: max=0 avg=-nan
Memory Partition 23: 
Cache L2_bank_046:
MSHR contents

Cache L2_bank_047:
MSHR contents

In Dram Latency Queue (total = 0): 
DRAM[23]: 16 bks, busW=8 BL=4 CL=19, tRRD=6 tCCD=1, tRCD=19 tRAS=45 tRP=19 tRC=50
n_cmd=0 n_nop=0 n_act=0 n_pre=0 n_ref_event=0 n_req=0 n_rd=0 n_rd_L2_A=0 n_write=0 n_wr_bk=0 bw_util=-nan
n_activity=0 dram_eff=-nan
bk0: 0a 0i bk1: 0a 0i bk2: 0a 0i bk3: 0a 0i bk4: 0a 0i bk5: 0a 0i bk6: 0a 0i bk7: 0a 0i bk8: 0a 0i bk9: 0a 0i bk10: 0a 0i bk11: 0a 0i bk12: 0a 0i bk13: 0a 0i bk14: 0a 0i bk15: 0a 0i 

------------------------------------------------------------------------

Row_Buffer_Locality = -nan
Row_Buffer_Locality_read = -nan
Row_Buffer_Locality_write = -nan
Bank_Level_Parallism = -nan
Bank_Level_Parallism_Col = -nan
Bank_Level_Parallism_Ready = -nan
write_to_read_ratio_blp_rw_average = -nan
GrpLevelPara = -nan 

BW Util details:
bwutil = -nan 
total_CMD = 0 
util_bw = 0 
Wasted_Col = 0 
Wasted_Row = 0 
Idle = 0 

BW Util Bottlenecks: 
RCDc_limit = 0 
RCDWRc_limit = 0 
WTRc_limit = 0 
RTWc_limit = 0 
CCDLc_limit = 0 
rwq = 0 
CCDLc_limit_alone = 0 
WTRc_limit_alone = 0 
RTWc_limit_alone = 0 

Commands details: 
total_CMD = 0 
n_nop = 0 
Read = 0 
Write = 0 
L2_Alloc = 0 
L2_WB = 0 
n_act = 0 
n_pre = 0 
n_ref = 0 
n_req = 0 
total_req = 0 

Dual Bus Interface Util: 
issued_total_row = 0 
issued_total_col = 0 
Row_Bus_Util =  -nan 
CoL_Bus_Util = -nan 
Either_Row_CoL_Bus_Util = -nan 
Issued_on_Two_Bus_Simul_Util = -nan 
issued_two_Eff = -nan 
queue_avg = -nan 


dram_util_bins: 0 0 0 0 0 0 0 0 0 0
dram_eff_bins: 0 0 0 0 0 0 0 0 0 0
mrqq: max=0 avg=-nan
Memory Partition 24: 
Cache L2_bank_048:
MSHR contents

Cache L2_bank_049:
MSHR contents

In Dram Latency Queue (total = 0): 
DRAM[24]: 16 bks, busW=8 BL=4 CL=19, tRRD=6 tCCD=1, tRCD=19 tRAS=45 tRP=19 tRC=50
n_cmd=0 n_nop=0 n_act=0 n_pre=0 n_ref_event=0 n_req=0 n_rd=0 n_rd_L2_A=0 n_write=0 n_wr_bk=0 bw_util=-nan
n_activity=0 dram_eff=-nan
bk0: 0a 0i bk1: 0a 0i bk2: 0a 0i bk3: 0a 0i bk4: 0a 0i bk5: 0a 0i bk6: 0a 0i bk7: 0a 0i bk8: 0a 0i bk9: 0a 0i bk10: 0a 0i bk11: 0a 0i bk12: 0a 0i bk13: 0a 0i bk14: 0a 0i bk15: 0a 0i 

------------------------------------------------------------------------

Row_Buffer_Locality = -nan
Row_Buffer_Locality_read = -nan
Row_Buffer_Locality_write = -nan
Bank_Level_Parallism = -nan
Bank_Level_Parallism_Col = -nan
Bank_Level_Parallism_Ready = -nan
write_to_read_ratio_blp_rw_average = -nan
GrpLevelPara = -nan 

BW Util details:
bwutil = -nan 
total_CMD = 0 
util_bw = 0 
Wasted_Col = 0 
Wasted_Row = 0 
Idle = 0 

BW Util Bottlenecks: 
RCDc_limit = 0 
RCDWRc_limit = 0 
WTRc_limit = 0 
RTWc_limit = 0 
CCDLc_limit = 0 
rwq = 0 
CCDLc_limit_alone = 0 
WTRc_limit_alone = 0 
RTWc_limit_alone = 0 

Commands details: 
total_CMD = 0 
n_nop = 0 
Read = 0 
Write = 0 
L2_Alloc = 0 
L2_WB = 0 
n_act = 0 
n_pre = 0 
n_ref = 0 
n_req = 0 
total_req = 0 

Dual Bus Interface Util: 
issued_total_row = 0 
issued_total_col = 0 
Row_Bus_Util =  -nan 
CoL_Bus_Util = -nan 
Either_Row_CoL_Bus_Util = -nan 
Issued_on_Two_Bus_Simul_Util = -nan 
issued_two_Eff = -nan 
queue_avg = -nan 


dram_util_bins: 0 0 0 0 0 0 0 0 0 0
dram_eff_bins: 0 0 0 0 0 0 0 0 0 0
mrqq: max=0 avg=-nan
Memory Partition 25: 
Cache L2_bank_050:
MSHR contents

Cache L2_bank_051:
MSHR contents

In Dram Latency Queue (total = 0): 
DRAM[25]: 16 bks, busW=8 BL=4 CL=19, tRRD=6 tCCD=1, tRCD=19 tRAS=45 tRP=19 tRC=50
n_cmd=0 n_nop=0 n_act=0 n_pre=0 n_ref_event=0 n_req=0 n_rd=0 n_rd_L2_A=0 n_write=0 n_wr_bk=0 bw_util=-nan
n_activity=0 dram_eff=-nan
bk0: 0a 0i bk1: 0a 0i bk2: 0a 0i bk3: 0a 0i bk4: 0a 0i bk5: 0a 0i bk6: 0a 0i bk7: 0a 0i bk8: 0a 0i bk9: 0a 0i bk10: 0a 0i bk11: 0a 0i bk12: 0a 0i bk13: 0a 0i bk14: 0a 0i bk15: 0a 0i 

------------------------------------------------------------------------

Row_Buffer_Locality = -nan
Row_Buffer_Locality_read = -nan
Row_Buffer_Locality_write = -nan
Bank_Level_Parallism = -nan
Bank_Level_Parallism_Col = -nan
Bank_Level_Parallism_Ready = -nan
write_to_read_ratio_blp_rw_average = -nan
GrpLevelPara = -nan 

BW Util details:
bwutil = -nan 
total_CMD = 0 
util_bw = 0 
Wasted_Col = 0 
Wasted_Row = 0 
Idle = 0 

BW Util Bottlenecks: 
RCDc_limit = 0 
RCDWRc_limit = 0 
WTRc_limit = 0 
RTWc_limit = 0 
CCDLc_limit = 0 
rwq = 0 
CCDLc_limit_alone = 0 
WTRc_limit_alone = 0 
RTWc_limit_alone = 0 

Commands details: 
total_CMD = 0 
n_nop = 0 
Read = 0 
Write = 0 
L2_Alloc = 0 
L2_WB = 0 
n_act = 0 
n_pre = 0 
n_ref = 0 
n_req = 0 
total_req = 0 

Dual Bus Interface Util: 
issued_total_row = 0 
issued_total_col = 0 
Row_Bus_Util =  -nan 
CoL_Bus_Util = -nan 
Either_Row_CoL_Bus_Util = -nan 
Issued_on_Two_Bus_Simul_Util = -nan 
issued_two_Eff = -nan 
queue_avg = -nan 


dram_util_bins: 0 0 0 0 0 0 0 0 0 0
dram_eff_bins: 0 0 0 0 0 0 0 0 0 0
mrqq: max=0 avg=-nan
Memory Partition 26: 
Cache L2_bank_052:
MSHR contents

Cache L2_bank_053:
MSHR contents

In Dram Latency Queue (total = 0): 
DRAM[26]: 16 bks, busW=8 BL=4 CL=19, tRRD=6 tCCD=1, tRCD=19 tRAS=45 tRP=19 tRC=50
n_cmd=0 n_nop=0 n_act=0 n_pre=0 n_ref_event=0 n_req=0 n_rd=0 n_rd_L2_A=0 n_write=0 n_wr_bk=0 bw_util=-nan
n_activity=0 dram_eff=-nan
bk0: 0a 0i bk1: 0a 0i bk2: 0a 0i bk3: 0a 0i bk4: 0a 0i bk5: 0a 0i bk6: 0a 0i bk7: 0a 0i bk8: 0a 0i bk9: 0a 0i bk10: 0a 0i bk11: 0a 0i bk12: 0a 0i bk13: 0a 0i bk14: 0a 0i bk15: 0a 0i 

------------------------------------------------------------------------

Row_Buffer_Locality = -nan
Row_Buffer_Locality_read = -nan
Row_Buffer_Locality_write = -nan
Bank_Level_Parallism = -nan
Bank_Level_Parallism_Col = -nan
Bank_Level_Parallism_Ready = -nan
write_to_read_ratio_blp_rw_average = -nan
GrpLevelPara = -nan 

BW Util details:
bwutil = -nan 
total_CMD = 0 
util_bw = 0 
Wasted_Col = 0 
Wasted_Row = 0 
Idle = 0 

BW Util Bottlenecks: 
RCDc_limit = 0 
RCDWRc_limit = 0 
WTRc_limit = 0 
RTWc_limit = 0 
CCDLc_limit = 0 
rwq = 0 
CCDLc_limit_alone = 0 
WTRc_limit_alone = 0 
RTWc_limit_alone = 0 

Commands details: 
total_CMD = 0 
n_nop = 0 
Read = 0 
Write = 0 
L2_Alloc = 0 
L2_WB = 0 
n_act = 0 
n_pre = 0 
n_ref = 0 
n_req = 0 
total_req = 0 

Dual Bus Interface Util: 
issued_total_row = 0 
issued_total_col = 0 
Row_Bus_Util =  -nan 
CoL_Bus_Util = -nan 
Either_Row_CoL_Bus_Util = -nan 
Issued_on_Two_Bus_Simul_Util = -nan 
issued_two_Eff = -nan 
queue_avg = -nan 


dram_util_bins: 0 0 0 0 0 0 0 0 0 0
dram_eff_bins: 0 0 0 0 0 0 0 0 0 0
mrqq: max=0 avg=-nan
Memory Partition 27: 
Cache L2_bank_054:
MSHR contents

Cache L2_bank_055:
MSHR contents

In Dram Latency Queue (total = 0): 
DRAM[27]: 16 bks, busW=8 BL=4 CL=19, tRRD=6 tCCD=1, tRCD=19 tRAS=45 tRP=19 tRC=50
n_cmd=0 n_nop=0 n_act=0 n_pre=0 n_ref_event=0 n_req=0 n_rd=0 n_rd_L2_A=0 n_write=0 n_wr_bk=0 bw_util=-nan
n_activity=0 dram_eff=-nan
bk0: 0a 0i bk1: 0a 0i bk2: 0a 0i bk3: 0a 0i bk4: 0a 0i bk5: 0a 0i bk6: 0a 0i bk7: 0a 0i bk8: 0a 0i bk9: 0a 0i bk10: 0a 0i bk11: 0a 0i bk12: 0a 0i bk13: 0a 0i bk14: 0a 0i bk15: 0a 0i 

------------------------------------------------------------------------

Row_Buffer_Locality = -nan
Row_Buffer_Locality_read = -nan
Row_Buffer_Locality_write = -nan
Bank_Level_Parallism = -nan
Bank_Level_Parallism_Col = -nan
Bank_Level_Parallism_Ready = -nan
write_to_read_ratio_blp_rw_average = -nan
GrpLevelPara = -nan 

BW Util details:
bwutil = -nan 
total_CMD = 0 
util_bw = 0 
Wasted_Col = 0 
Wasted_Row = 0 
Idle = 0 

BW Util Bottlenecks: 
RCDc_limit = 0 
RCDWRc_limit = 0 
WTRc_limit = 0 
RTWc_limit = 0 
CCDLc_limit = 0 
rwq = 0 
CCDLc_limit_alone = 0 
WTRc_limit_alone = 0 
RTWc_limit_alone = 0 

Commands details: 
total_CMD = 0 
n_nop = 0 
Read = 0 
Write = 0 
L2_Alloc = 0 
L2_WB = 0 
n_act = 0 
n_pre = 0 
n_ref = 0 
n_req = 0 
total_req = 0 

Dual Bus Interface Util: 
issued_total_row = 0 
issued_total_col = 0 
Row_Bus_Util =  -nan 
CoL_Bus_Util = -nan 
Either_Row_CoL_Bus_Util = -nan 
Issued_on_Two_Bus_Simul_Util = -nan 
issued_two_Eff = -nan 
queue_avg = -nan 


dram_util_bins: 0 0 0 0 0 0 0 0 0 0
dram_eff_bins: 0 0 0 0 0 0 0 0 0 0
mrqq: max=0 avg=-nan
Memory Partition 28: 
Cache L2_bank_056:
MSHR contents

Cache L2_bank_057:
MSHR contents

In Dram Latency Queue (total = 0): 
DRAM[28]: 16 bks, busW=8 BL=4 CL=19, tRRD=6 tCCD=1, tRCD=19 tRAS=45 tRP=19 tRC=50
n_cmd=0 n_nop=0 n_act=0 n_pre=0 n_ref_event=0 n_req=0 n_rd=0 n_rd_L2_A=0 n_write=0 n_wr_bk=0 bw_util=-nan
n_activity=0 dram_eff=-nan
bk0: 0a 0i bk1: 0a 0i bk2: 0a 0i bk3: 0a 0i bk4: 0a 0i bk5: 0a 0i bk6: 0a 0i bk7: 0a 0i bk8: 0a 0i bk9: 0a 0i bk10: 0a 0i bk11: 0a 0i bk12: 0a 0i bk13: 0a 0i bk14: 0a 0i bk15: 0a 0i 

------------------------------------------------------------------------

Row_Buffer_Locality = -nan
Row_Buffer_Locality_read = -nan
Row_Buffer_Locality_write = -nan
Bank_Level_Parallism = -nan
Bank_Level_Parallism_Col = -nan
Bank_Level_Parallism_Ready = -nan
write_to_read_ratio_blp_rw_average = -nan
GrpLevelPara = -nan 

BW Util details:
bwutil = -nan 
total_CMD = 0 
util_bw = 0 
Wasted_Col = 0 
Wasted_Row = 0 
Idle = 0 

BW Util Bottlenecks: 
RCDc_limit = 0 
RCDWRc_limit = 0 
WTRc_limit = 0 
RTWc_limit = 0 
CCDLc_limit = 0 
rwq = 0 
CCDLc_limit_alone = 0 
WTRc_limit_alone = 0 
RTWc_limit_alone = 0 

Commands details: 
total_CMD = 0 
n_nop = 0 
Read = 0 
Write = 0 
L2_Alloc = 0 
L2_WB = 0 
n_act = 0 
n_pre = 0 
n_ref = 0 
n_req = 0 
total_req = 0 

Dual Bus Interface Util: 
issued_total_row = 0 
issued_total_col = 0 
Row_Bus_Util =  -nan 
CoL_Bus_Util = -nan 
Either_Row_CoL_Bus_Util = -nan 
Issued_on_Two_Bus_Simul_Util = -nan 
issued_two_Eff = -nan 
queue_avg = -nan 


dram_util_bins: 0 0 0 0 0 0 0 0 0 0
dram_eff_bins: 0 0 0 0 0 0 0 0 0 0
mrqq: max=0 avg=-nan
Memory Partition 29: 
Cache L2_bank_058:
MSHR contents

Cache L2_bank_059:
MSHR contents

In Dram Latency Queue (total = 0): 
DRAM[29]: 16 bks, busW=8 BL=4 CL=19, tRRD=6 tCCD=1, tRCD=19 tRAS=45 tRP=19 tRC=50
n_cmd=0 n_nop=0 n_act=0 n_pre=0 n_ref_event=0 n_req=0 n_rd=0 n_rd_L2_A=0 n_write=0 n_wr_bk=0 bw_util=-nan
n_activity=0 dram_eff=-nan
bk0: 0a 0i bk1: 0a 0i bk2: 0a 0i bk3: 0a 0i bk4: 0a 0i bk5: 0a 0i bk6: 0a 0i bk7: 0a 0i bk8: 0a 0i bk9: 0a 0i bk10: 0a 0i bk11: 0a 0i bk12: 0a 0i bk13: 0a 0i bk14: 0a 0i bk15: 0a 0i 

------------------------------------------------------------------------

Row_Buffer_Locality = -nan
Row_Buffer_Locality_read = -nan
Row_Buffer_Locality_write = -nan
Bank_Level_Parallism = -nan
Bank_Level_Parallism_Col = -nan
Bank_Level_Parallism_Ready = -nan
write_to_read_ratio_blp_rw_average = -nan
GrpLevelPara = -nan 

BW Util details:
bwutil = -nan 
total_CMD = 0 
util_bw = 0 
Wasted_Col = 0 
Wasted_Row = 0 
Idle = 0 

BW Util Bottlenecks: 
RCDc_limit = 0 
RCDWRc_limit = 0 
WTRc_limit = 0 
RTWc_limit = 0 
CCDLc_limit = 0 
rwq = 0 
CCDLc_limit_alone = 0 
WTRc_limit_alone = 0 
RTWc_limit_alone = 0 

Commands details: 
total_CMD = 0 
n_nop = 0 
Read = 0 
Write = 0 
L2_Alloc = 0 
L2_WB = 0 
n_act = 0 
n_pre = 0 
n_ref = 0 
n_req = 0 
total_req = 0 

Dual Bus Interface Util: 
issued_total_row = 0 
issued_total_col = 0 
Row_Bus_Util =  -nan 
CoL_Bus_Util = -nan 
Either_Row_CoL_Bus_Util = -nan 
Issued_on_Two_Bus_Simul_Util = -nan 
issued_two_Eff = -nan 
queue_avg = -nan 


dram_util_bins: 0 0 0 0 0 0 0 0 0 0
dram_eff_bins: 0 0 0 0 0 0 0 0 0 0
mrqq: max=0 avg=-nan
Memory Partition 30: 
Cache L2_bank_060:
MSHR contents

Cache L2_bank_061:
MSHR contents

In Dram Latency Queue (total = 0): 
DRAM[30]: 16 bks, busW=8 BL=4 CL=19, tRRD=6 tCCD=1, tRCD=19 tRAS=45 tRP=19 tRC=50
n_cmd=0 n_nop=0 n_act=0 n_pre=0 n_ref_event=0 n_req=0 n_rd=0 n_rd_L2_A=0 n_write=0 n_wr_bk=0 bw_util=-nan
n_activity=0 dram_eff=-nan
bk0: 0a 0i bk1: 0a 0i bk2: 0a 0i bk3: 0a 0i bk4: 0a 0i bk5: 0a 0i bk6: 0a 0i bk7: 0a 0i bk8: 0a 0i bk9: 0a 0i bk10: 0a 0i bk11: 0a 0i bk12: 0a 0i bk13: 0a 0i bk14: 0a 0i bk15: 0a 0i 

------------------------------------------------------------------------

Row_Buffer_Locality = -nan
Row_Buffer_Locality_read = -nan
Row_Buffer_Locality_write = -nan
Bank_Level_Parallism = -nan
Bank_Level_Parallism_Col = -nan
Bank_Level_Parallism_Ready = -nan
write_to_read_ratio_blp_rw_average = -nan
GrpLevelPara = -nan 

BW Util details:
bwutil = -nan 
total_CMD = 0 
util_bw = 0 
Wasted_Col = 0 
Wasted_Row = 0 
Idle = 0 

BW Util Bottlenecks: 
RCDc_limit = 0 
RCDWRc_limit = 0 
WTRc_limit = 0 
RTWc_limit = 0 
CCDLc_limit = 0 
rwq = 0 
CCDLc_limit_alone = 0 
WTRc_limit_alone = 0 
RTWc_limit_alone = 0 

Commands details: 
total_CMD = 0 
n_nop = 0 
Read = 0 
Write = 0 
L2_Alloc = 0 
L2_WB = 0 
n_act = 0 
n_pre = 0 
n_ref = 0 
n_req = 0 
total_req = 0 

Dual Bus Interface Util: 
issued_total_row = 0 
issued_total_col = 0 
Row_Bus_Util =  -nan 
CoL_Bus_Util = -nan 
Either_Row_CoL_Bus_Util = -nan 
Issued_on_Two_Bus_Simul_Util = -nan 
issued_two_Eff = -nan 
queue_avg = -nan 


dram_util_bins: 0 0 0 0 0 0 0 0 0 0
dram_eff_bins: 0 0 0 0 0 0 0 0 0 0
mrqq: max=0 avg=-nan
Memory Partition 31: 
Cache L2_bank_062:
MSHR contents

Cache L2_bank_063:
MSHR contents

In Dram Latency Queue (total = 0): 
DRAM[31]: 16 bks, busW=8 BL=4 CL=19, tRRD=6 tCCD=1, tRCD=19 tRAS=45 tRP=19 tRC=50
n_cmd=0 n_nop=0 n_act=0 n_pre=0 n_ref_event=0 n_req=0 n_rd=0 n_rd_L2_A=0 n_write=0 n_wr_bk=0 bw_util=-nan
n_activity=0 dram_eff=-nan
bk0: 0a 0i bk1: 0a 0i bk2: 0a 0i bk3: 0a 0i bk4: 0a 0i bk5: 0a 0i bk6: 0a 0i bk7: 0a 0i bk8: 0a 0i bk9: 0a 0i bk10: 0a 0i bk11: 0a 0i bk12: 0a 0i bk13: 0a 0i bk14: 0a 0i bk15: 0a 0i 

------------------------------------------------------------------------

Row_Buffer_Locality = -nan
Row_Buffer_Locality_read = -nan
Row_Buffer_Locality_write = -nan
Bank_Level_Parallism = -nan
Bank_Level_Parallism_Col = -nan
Bank_Level_Parallism_Ready = -nan
write_to_read_ratio_blp_rw_average = -nan
GrpLevelPara = -nan 

BW Util details:
bwutil = -nan 
total_CMD = 0 
util_bw = 0 
Wasted_Col = 0 
Wasted_Row = 0 
Idle = 0 

BW Util Bottlenecks: 
RCDc_limit = 0 
RCDWRc_limit = 0 
WTRc_limit = 0 
RTWc_limit = 0 
CCDLc_limit = 0 
rwq = 0 
CCDLc_limit_alone = 0 
WTRc_limit_alone = 0 
RTWc_limit_alone = 0 

Commands details: 
total_CMD = 0 
n_nop = 0 
Read = 0 
Write = 0 
L2_Alloc = 0 
L2_WB = 0 
n_act = 0 
n_pre = 0 
n_ref = 0 
n_req = 0 
total_req = 0 

Dual Bus Interface Util: 
issued_total_row = 0 
issued_total_col = 0 
Row_Bus_Util =  -nan 
CoL_Bus_Util = -nan 
Either_Row_CoL_Bus_Util = -nan 
Issued_on_Two_Bus_Simul_Util = -nan 
issued_two_Eff = -nan 
queue_avg = -nan 


dram_util_bins: 0 0 0 0 0 0 0 0 0 0
dram_eff_bins: 0 0 0 0 0 0 0 0 0 0
mrqq: max=0 avg=-nan
Memory Partition 32: 
Cache L2_bank_064:
MSHR contents

Cache L2_bank_065:
MSHR contents

In Dram Latency Queue (total = 0): 
DRAM[32]: 16 bks, busW=8 BL=4 CL=19, tRRD=6 tCCD=1, tRCD=19 tRAS=45 tRP=19 tRC=50
n_cmd=0 n_nop=0 n_act=0 n_pre=0 n_ref_event=0 n_req=0 n_rd=0 n_rd_L2_A=0 n_write=0 n_wr_bk=0 bw_util=-nan
n_activity=0 dram_eff=-nan
bk0: 0a 0i bk1: 0a 0i bk2: 0a 0i bk3: 0a 0i bk4: 0a 0i bk5: 0a 0i bk6: 0a 0i bk7: 0a 0i bk8: 0a 0i bk9: 0a 0i bk10: 0a 0i bk11: 0a 0i bk12: 0a 0i bk13: 0a 0i bk14: 0a 0i bk15: 0a 0i 

------------------------------------------------------------------------

Row_Buffer_Locality = -nan
Row_Buffer_Locality_read = -nan
Row_Buffer_Locality_write = -nan
Bank_Level_Parallism = -nan
Bank_Level_Parallism_Col = -nan
Bank_Level_Parallism_Ready = -nan
write_to_read_ratio_blp_rw_average = -nan
GrpLevelPara = -nan 

BW Util details:
bwutil = -nan 
total_CMD = 0 
util_bw = 0 
Wasted_Col = 0 
Wasted_Row = 0 
Idle = 0 

BW Util Bottlenecks: 
RCDc_limit = 0 
RCDWRc_limit = 0 
WTRc_limit = 0 
RTWc_limit = 0 
CCDLc_limit = 0 
rwq = 0 
CCDLc_limit_alone = 0 
WTRc_limit_alone = 0 
RTWc_limit_alone = 0 

Commands details: 
total_CMD = 0 
n_nop = 0 
Read = 0 
Write = 0 
L2_Alloc = 0 
L2_WB = 0 
n_act = 0 
n_pre = 0 
n_ref = 0 
n_req = 0 
total_req = 0 

Dual Bus Interface Util: 
issued_total_row = 0 
issued_total_col = 0 
Row_Bus_Util =  -nan 
CoL_Bus_Util = -nan 
Either_Row_CoL_Bus_Util = -nan 
Issued_on_Two_Bus_Simul_Util = -nan 
issued_two_Eff = -nan 
queue_avg = -nan 


dram_util_bins: 0 0 0 0 0 0 0 0 0 0
dram_eff_bins: 0 0 0 0 0 0 0 0 0 0
mrqq: max=0 avg=-nan
Memory Partition 33: 
Cache L2_bank_066:
MSHR contents

Cache L2_bank_067:
MSHR contents

In Dram Latency Queue (total = 0): 
DRAM[33]: 16 bks, busW=8 BL=4 CL=19, tRRD=6 tCCD=1, tRCD=19 tRAS=45 tRP=19 tRC=50
n_cmd=0 n_nop=0 n_act=0 n_pre=0 n_ref_event=0 n_req=0 n_rd=0 n_rd_L2_A=0 n_write=0 n_wr_bk=0 bw_util=-nan
n_activity=0 dram_eff=-nan
bk0: 0a 0i bk1: 0a 0i bk2: 0a 0i bk3: 0a 0i bk4: 0a 0i bk5: 0a 0i bk6: 0a 0i bk7: 0a 0i bk8: 0a 0i bk9: 0a 0i bk10: 0a 0i bk11: 0a 0i bk12: 0a 0i bk13: 0a 0i bk14: 0a 0i bk15: 0a 0i 

------------------------------------------------------------------------

Row_Buffer_Locality = -nan
Row_Buffer_Locality_read = -nan
Row_Buffer_Locality_write = -nan
Bank_Level_Parallism = -nan
Bank_Level_Parallism_Col = -nan
Bank_Level_Parallism_Ready = -nan
write_to_read_ratio_blp_rw_average = -nan
GrpLevelPara = -nan 

BW Util details:
bwutil = -nan 
total_CMD = 0 
util_bw = 0 
Wasted_Col = 0 
Wasted_Row = 0 
Idle = 0 

BW Util Bottlenecks: 
RCDc_limit = 0 
RCDWRc_limit = 0 
WTRc_limit = 0 
RTWc_limit = 0 
CCDLc_limit = 0 
rwq = 0 
CCDLc_limit_alone = 0 
WTRc_limit_alone = 0 
RTWc_limit_alone = 0 

Commands details: 
total_CMD = 0 
n_nop = 0 
Read = 0 
Write = 0 
L2_Alloc = 0 
L2_WB = 0 
n_act = 0 
n_pre = 0 
n_ref = 0 
n_req = 0 
total_req = 0 

Dual Bus Interface Util: 
issued_total_row = 0 
issued_total_col = 0 
Row_Bus_Util =  -nan 
CoL_Bus_Util = -nan 
Either_Row_CoL_Bus_Util = -nan 
Issued_on_Two_Bus_Simul_Util = -nan 
issued_two_Eff = -nan 
queue_avg = -nan 


dram_util_bins: 0 0 0 0 0 0 0 0 0 0
dram_eff_bins: 0 0 0 0 0 0 0 0 0 0
mrqq: max=0 avg=-nan
Memory Partition 34: 
Cache L2_bank_068:
MSHR contents

Cache L2_bank_069:
MSHR contents

In Dram Latency Queue (total = 0): 
DRAM[34]: 16 bks, busW=8 BL=4 CL=19, tRRD=6 tCCD=1, tRCD=19 tRAS=45 tRP=19 tRC=50
n_cmd=0 n_nop=0 n_act=0 n_pre=0 n_ref_event=0 n_req=0 n_rd=0 n_rd_L2_A=0 n_write=0 n_wr_bk=0 bw_util=-nan
n_activity=0 dram_eff=-nan
bk0: 0a 0i bk1: 0a 0i bk2: 0a 0i bk3: 0a 0i bk4: 0a 0i bk5: 0a 0i bk6: 0a 0i bk7: 0a 0i bk8: 0a 0i bk9: 0a 0i bk10: 0a 0i bk11: 0a 0i bk12: 0a 0i bk13: 0a 0i bk14: 0a 0i bk15: 0a 0i 

------------------------------------------------------------------------

Row_Buffer_Locality = -nan
Row_Buffer_Locality_read = -nan
Row_Buffer_Locality_write = -nan
Bank_Level_Parallism = -nan
Bank_Level_Parallism_Col = -nan
Bank_Level_Parallism_Ready = -nan
write_to_read_ratio_blp_rw_average = -nan
GrpLevelPara = -nan 

BW Util details:
bwutil = -nan 
total_CMD = 0 
util_bw = 0 
Wasted_Col = 0 
Wasted_Row = 0 
Idle = 0 

BW Util Bottlenecks: 
RCDc_limit = 0 
RCDWRc_limit = 0 
WTRc_limit = 0 
RTWc_limit = 0 
CCDLc_limit = 0 
rwq = 0 
CCDLc_limit_alone = 0 
WTRc_limit_alone = 0 
RTWc_limit_alone = 0 

Commands details: 
total_CMD = 0 
n_nop = 0 
Read = 0 
Write = 0 
L2_Alloc = 0 
L2_WB = 0 
n_act = 0 
n_pre = 0 
n_ref = 0 
n_req = 0 
total_req = 0 

Dual Bus Interface Util: 
issued_total_row = 0 
issued_total_col = 0 
Row_Bus_Util =  -nan 
CoL_Bus_Util = -nan 
Either_Row_CoL_Bus_Util = -nan 
Issued_on_Two_Bus_Simul_Util = -nan 
issued_two_Eff = -nan 
queue_avg = -nan 


dram_util_bins: 0 0 0 0 0 0 0 0 0 0
dram_eff_bins: 0 0 0 0 0 0 0 0 0 0
mrqq: max=0 avg=-nan
Memory Partition 35: 
Cache L2_bank_070:
MSHR contents

Cache L2_bank_071:
MSHR contents

In Dram Latency Queue (total = 0): 
DRAM[35]: 16 bks, busW=8 BL=4 CL=19, tRRD=6 tCCD=1, tRCD=19 tRAS=45 tRP=19 tRC=50
n_cmd=0 n_nop=0 n_act=0 n_pre=0 n_ref_event=0 n_req=0 n_rd=0 n_rd_L2_A=0 n_write=0 n_wr_bk=0 bw_util=-nan
n_activity=0 dram_eff=-nan
bk0: 0a 0i bk1: 0a 0i bk2: 0a 0i bk3: 0a 0i bk4: 0a 0i bk5: 0a 0i bk6: 0a 0i bk7: 0a 0i bk8: 0a 0i bk9: 0a 0i bk10: 0a 0i bk11: 0a 0i bk12: 0a 0i bk13: 0a 0i bk14: 0a 0i bk15: 0a 0i 

------------------------------------------------------------------------

Row_Buffer_Locality = -nan
Row_Buffer_Locality_read = -nan
Row_Buffer_Locality_write = -nan
Bank_Level_Parallism = -nan
Bank_Level_Parallism_Col = -nan
Bank_Level_Parallism_Ready = -nan
write_to_read_ratio_blp_rw_average = -nan
GrpLevelPara = -nan 

BW Util details:
bwutil = -nan 
total_CMD = 0 
util_bw = 0 
Wasted_Col = 0 
Wasted_Row = 0 
Idle = 0 

BW Util Bottlenecks: 
RCDc_limit = 0 
RCDWRc_limit = 0 
WTRc_limit = 0 
RTWc_limit = 0 
CCDLc_limit = 0 
rwq = 0 
CCDLc_limit_alone = 0 
WTRc_limit_alone = 0 
RTWc_limit_alone = 0 

Commands details: 
total_CMD = 0 
n_nop = 0 
Read = 0 
Write = 0 
L2_Alloc = 0 
L2_WB = 0 
n_act = 0 
n_pre = 0 
n_ref = 0 
n_req = 0 
total_req = 0 

Dual Bus Interface Util: 
issued_total_row = 0 
issued_total_col = 0 
Row_Bus_Util =  -nan 
CoL_Bus_Util = -nan 
Either_Row_CoL_Bus_Util = -nan 
Issued_on_Two_Bus_Simul_Util = -nan 
issued_two_Eff = -nan 
queue_avg = -nan 


dram_util_bins: 0 0 0 0 0 0 0 0 0 0
dram_eff_bins: 0 0 0 0 0 0 0 0 0 0
mrqq: max=0 avg=-nan
Memory Partition 36: 
Cache L2_bank_072:
MSHR contents

Cache L2_bank_073:
MSHR contents

In Dram Latency Queue (total = 0): 
DRAM[36]: 16 bks, busW=8 BL=4 CL=19, tRRD=6 tCCD=1, tRCD=19 tRAS=45 tRP=19 tRC=50
n_cmd=0 n_nop=0 n_act=0 n_pre=0 n_ref_event=0 n_req=0 n_rd=0 n_rd_L2_A=0 n_write=0 n_wr_bk=0 bw_util=-nan
n_activity=0 dram_eff=-nan
bk0: 0a 0i bk1: 0a 0i bk2: 0a 0i bk3: 0a 0i bk4: 0a 0i bk5: 0a 0i bk6: 0a 0i bk7: 0a 0i bk8: 0a 0i bk9: 0a 0i bk10: 0a 0i bk11: 0a 0i bk12: 0a 0i bk13: 0a 0i bk14: 0a 0i bk15: 0a 0i 

------------------------------------------------------------------------

Row_Buffer_Locality = -nan
Row_Buffer_Locality_read = -nan
Row_Buffer_Locality_write = -nan
Bank_Level_Parallism = -nan
Bank_Level_Parallism_Col = -nan
Bank_Level_Parallism_Ready = -nan
write_to_read_ratio_blp_rw_average = -nan
GrpLevelPara = -nan 

BW Util details:
bwutil = -nan 
total_CMD = 0 
util_bw = 0 
Wasted_Col = 0 
Wasted_Row = 0 
Idle = 0 

BW Util Bottlenecks: 
RCDc_limit = 0 
RCDWRc_limit = 0 
WTRc_limit = 0 
RTWc_limit = 0 
CCDLc_limit = 0 
rwq = 0 
CCDLc_limit_alone = 0 
WTRc_limit_alone = 0 
RTWc_limit_alone = 0 

Commands details: 
total_CMD = 0 
n_nop = 0 
Read = 0 
Write = 0 
L2_Alloc = 0 
L2_WB = 0 
n_act = 0 
n_pre = 0 
n_ref = 0 
n_req = 0 
total_req = 0 

Dual Bus Interface Util: 
issued_total_row = 0 
issued_total_col = 0 
Row_Bus_Util =  -nan 
CoL_Bus_Util = -nan 
Either_Row_CoL_Bus_Util = -nan 
Issued_on_Two_Bus_Simul_Util = -nan 
issued_two_Eff = -nan 
queue_avg = -nan 


dram_util_bins: 0 0 0 0 0 0 0 0 0 0
dram_eff_bins: 0 0 0 0 0 0 0 0 0 0
mrqq: max=0 avg=-nan
Memory Partition 37: 
Cache L2_bank_074:
MSHR contents

Cache L2_bank_075:
MSHR contents

In Dram Latency Queue (total = 0): 
DRAM[37]: 16 bks, busW=8 BL=4 CL=19, tRRD=6 tCCD=1, tRCD=19 tRAS=45 tRP=19 tRC=50
n_cmd=0 n_nop=0 n_act=0 n_pre=0 n_ref_event=0 n_req=0 n_rd=0 n_rd_L2_A=0 n_write=0 n_wr_bk=0 bw_util=-nan
n_activity=0 dram_eff=-nan
bk0: 0a 0i bk1: 0a 0i bk2: 0a 0i bk3: 0a 0i bk4: 0a 0i bk5: 0a 0i bk6: 0a 0i bk7: 0a 0i bk8: 0a 0i bk9: 0a 0i bk10: 0a 0i bk11: 0a 0i bk12: 0a 0i bk13: 0a 0i bk14: 0a 0i bk15: 0a 0i 

------------------------------------------------------------------------

Row_Buffer_Locality = -nan
Row_Buffer_Locality_read = -nan
Row_Buffer_Locality_write = -nan
Bank_Level_Parallism = -nan
Bank_Level_Parallism_Col = -nan
Bank_Level_Parallism_Ready = -nan
write_to_read_ratio_blp_rw_average = -nan
GrpLevelPara = -nan 

BW Util details:
bwutil = -nan 
total_CMD = 0 
util_bw = 0 
Wasted_Col = 0 
Wasted_Row = 0 
Idle = 0 

BW Util Bottlenecks: 
RCDc_limit = 0 
RCDWRc_limit = 0 
WTRc_limit = 0 
RTWc_limit = 0 
CCDLc_limit = 0 
rwq = 0 
CCDLc_limit_alone = 0 
WTRc_limit_alone = 0 
RTWc_limit_alone = 0 

Commands details: 
total_CMD = 0 
n_nop = 0 
Read = 0 
Write = 0 
L2_Alloc = 0 
L2_WB = 0 
n_act = 0 
n_pre = 0 
n_ref = 0 
n_req = 0 
total_req = 0 

Dual Bus Interface Util: 
issued_total_row = 0 
issued_total_col = 0 
Row_Bus_Util =  -nan 
CoL_Bus_Util = -nan 
Either_Row_CoL_Bus_Util = -nan 
Issued_on_Two_Bus_Simul_Util = -nan 
issued_two_Eff = -nan 
queue_avg = -nan 


dram_util_bins: 0 0 0 0 0 0 0 0 0 0
dram_eff_bins: 0 0 0 0 0 0 0 0 0 0
mrqq: max=0 avg=-nan
Memory Partition 38: 
Cache L2_bank_076:
MSHR contents

Cache L2_bank_077:
MSHR contents

In Dram Latency Queue (total = 0): 
DRAM[38]: 16 bks, busW=8 BL=4 CL=19, tRRD=6 tCCD=1, tRCD=19 tRAS=45 tRP=19 tRC=50
n_cmd=0 n_nop=0 n_act=0 n_pre=0 n_ref_event=0 n_req=0 n_rd=0 n_rd_L2_A=0 n_write=0 n_wr_bk=0 bw_util=-nan
n_activity=0 dram_eff=-nan
bk0: 0a 0i bk1: 0a 0i bk2: 0a 0i bk3: 0a 0i bk4: 0a 0i bk5: 0a 0i bk6: 0a 0i bk7: 0a 0i bk8: 0a 0i bk9: 0a 0i bk10: 0a 0i bk11: 0a 0i bk12: 0a 0i bk13: 0a 0i bk14: 0a 0i bk15: 0a 0i 

------------------------------------------------------------------------

Row_Buffer_Locality = -nan
Row_Buffer_Locality_read = -nan
Row_Buffer_Locality_write = -nan
Bank_Level_Parallism = -nan
Bank_Level_Parallism_Col = -nan
Bank_Level_Parallism_Ready = -nan
write_to_read_ratio_blp_rw_average = -nan
GrpLevelPara = -nan 

BW Util details:
bwutil = -nan 
total_CMD = 0 
util_bw = 0 
Wasted_Col = 0 
Wasted_Row = 0 
Idle = 0 

BW Util Bottlenecks: 
RCDc_limit = 0 
RCDWRc_limit = 0 
WTRc_limit = 0 
RTWc_limit = 0 
CCDLc_limit = 0 
rwq = 0 
CCDLc_limit_alone = 0 
WTRc_limit_alone = 0 
RTWc_limit_alone = 0 

Commands details: 
total_CMD = 0 
n_nop = 0 
Read = 0 
Write = 0 
L2_Alloc = 0 
L2_WB = 0 
n_act = 0 
n_pre = 0 
n_ref = 0 
n_req = 0 
total_req = 0 

Dual Bus Interface Util: 
issued_total_row = 0 
issued_total_col = 0 
Row_Bus_Util =  -nan 
CoL_Bus_Util = -nan 
Either_Row_CoL_Bus_Util = -nan 
Issued_on_Two_Bus_Simul_Util = -nan 
issued_two_Eff = -nan 
queue_avg = -nan 


dram_util_bins: 0 0 0 0 0 0 0 0 0 0
dram_eff_bins: 0 0 0 0 0 0 0 0 0 0
mrqq: max=0 avg=-nan
Memory Partition 39: 
Cache L2_bank_078:
MSHR contents

Cache L2_bank_079:
MSHR contents

In Dram Latency Queue (total = 0): 
DRAM[39]: 16 bks, busW=8 BL=4 CL=19, tRRD=6 tCCD=1, tRCD=19 tRAS=45 tRP=19 tRC=50
n_cmd=0 n_nop=0 n_act=0 n_pre=0 n_ref_event=0 n_req=0 n_rd=0 n_rd_L2_A=0 n_write=0 n_wr_bk=0 bw_util=-nan
n_activity=0 dram_eff=-nan
bk0: 0a 0i bk1: 0a 0i bk2: 0a 0i bk3: 0a 0i bk4: 0a 0i bk5: 0a 0i bk6: 0a 0i bk7: 0a 0i bk8: 0a 0i bk9: 0a 0i bk10: 0a 0i bk11: 0a 0i bk12: 0a 0i bk13: 0a 0i bk14: 0a 0i bk15: 0a 0i 

------------------------------------------------------------------------

Row_Buffer_Locality = -nan
Row_Buffer_Locality_read = -nan
Row_Buffer_Locality_write = -nan
Bank_Level_Parallism = -nan
Bank_Level_Parallism_Col = -nan
Bank_Level_Parallism_Ready = -nan
write_to_read_ratio_blp_rw_average = -nan
GrpLevelPara = -nan 

BW Util details:
bwutil = -nan 
total_CMD = 0 
util_bw = 0 
Wasted_Col = 0 
Wasted_Row = 0 
Idle = 0 

BW Util Bottlenecks: 
RCDc_limit = 0 
RCDWRc_limit = 0 
WTRc_limit = 0 
RTWc_limit = 0 
CCDLc_limit = 0 
rwq = 0 
CCDLc_limit_alone = 0 
WTRc_limit_alone = 0 
RTWc_limit_alone = 0 

Commands details: 
total_CMD = 0 
n_nop = 0 
Read = 0 
Write = 0 
L2_Alloc = 0 
L2_WB = 0 
n_act = 0 
n_pre = 0 
n_ref = 0 
n_req = 0 
total_req = 0 

Dual Bus Interface Util: 
issued_total_row = 0 
issued_total_col = 0 
Row_Bus_Util =  -nan 
CoL_Bus_Util = -nan 
Either_Row_CoL_Bus_Util = -nan 
Issued_on_Two_Bus_Simul_Util = -nan 
issued_two_Eff = -nan 
queue_avg = -nan 


dram_util_bins: 0 0 0 0 0 0 0 0 0 0
dram_eff_bins: 0 0 0 0 0 0 0 0 0 0
mrqq: max=0 avg=-nan

========= L2 cache stats =========
L2_cache_bank[0]: Access = 2504, Miss = 2504, Miss_rate = 1.000, Pending_hits = 0, Reservation_fails = 0
L2_cache_bank[1]: Access = 2504, Miss = 2504, Miss_rate = 1.000, Pending_hits = 0, Reservation_fails = 0
L2_cache_bank[2]: Access = 2504, Miss = 2504, Miss_rate = 1.000, Pending_hits = 0, Reservation_fails = 0
L2_cache_bank[3]: Access = 2504, Miss = 2504, Miss_rate = 1.000, Pending_hits = 0, Reservation_fails = 0
L2_cache_bank[4]: Access = 2500, Miss = 2500, Miss_rate = 1.000, Pending_hits = 0, Reservation_fails = 0
L2_cache_bank[5]: Access = 2500, Miss = 2500, Miss_rate = 1.000, Pending_hits = 0, Reservation_fails = 0
L2_cache_bank[6]: Access = 2532, Miss = 2504, Miss_rate = 0.989, Pending_hits = 0, Reservation_fails = 0
L2_cache_bank[7]: Access = 2532, Miss = 2504, Miss_rate = 0.989, Pending_hits = 0, Reservation_fails = 0
L2_cache_bank[8]: Access = 2532, Miss = 2504, Miss_rate = 0.989, Pending_hits = 0, Reservation_fails = 0
L2_cache_bank[9]: Access = 2501, Miss = 2501, Miss_rate = 1.000, Pending_hits = 0, Reservation_fails = 0
L2_cache_bank[10]: Access = 2504, Miss = 2504, Miss_rate = 1.000, Pending_hits = 0, Reservation_fails = 0
L2_cache_bank[11]: Access = 2504, Miss = 2504, Miss_rate = 1.000, Pending_hits = 0, Reservation_fails = 0
L2_cache_bank[12]: Access = 2504, Miss = 2504, Miss_rate = 1.000, Pending_hits = 0, Reservation_fails = 0
L2_cache_bank[13]: Access = 2504, Miss = 2504, Miss_rate = 1.000, Pending_hits = 0, Reservation_fails = 0
L2_cache_bank[14]: Access = 2504, Miss = 2504, Miss_rate = 1.000, Pending_hits = 0, Reservation_fails = 0
L2_cache_bank[15]: Access = 2504, Miss = 2504, Miss_rate = 1.000, Pending_hits = 0, Reservation_fails = 0
L2_cache_bank[16]: Access = 2504, Miss = 2504, Miss_rate = 1.000, Pending_hits = 0, Reservation_fails = 0
L2_cache_bank[17]: Access = 2504, Miss = 2504, Miss_rate = 1.000, Pending_hits = 0, Reservation_fails = 0
L2_cache_bank[18]: Access = 2504, Miss = 2504, Miss_rate = 1.000, Pending_hits = 0, Reservation_fails = 0
L2_cache_bank[19]: Access = 2504, Miss = 2504, Miss_rate = 1.000, Pending_hits = 0, Reservation_fails = 0
L2_cache_bank[20]: Access = 2500, Miss = 2500, Miss_rate = 1.000, Pending_hits = 0, Reservation_fails = 0
L2_cache_bank[21]: Access = 2500, Miss = 2500, Miss_rate = 1.000, Pending_hits = 0, Reservation_fails = 0
L2_cache_bank[22]: Access = 2504, Miss = 2504, Miss_rate = 1.000, Pending_hits = 0, Reservation_fails = 0
L2_cache_bank[23]: Access = 2500, Miss = 2500, Miss_rate = 1.000, Pending_hits = 0, Reservation_fails = 0
L2_cache_bank[24]: Access = 2500, Miss = 2500, Miss_rate = 1.000, Pending_hits = 0, Reservation_fails = 0
L2_cache_bank[25]: Access = 2504, Miss = 2504, Miss_rate = 1.000, Pending_hits = 0, Reservation_fails = 0
L2_cache_bank[26]: Access = 2500, Miss = 2500, Miss_rate = 1.000, Pending_hits = 0, Reservation_fails = 0
L2_cache_bank[27]: Access = 2500, Miss = 2500, Miss_rate = 1.000, Pending_hits = 0, Reservation_fails = 0
L2_cache_bank[28]: Access = 2500, Miss = 2500, Miss_rate = 1.000, Pending_hits = 0, Reservation_fails = 0
L2_cache_bank[29]: Access = 2500, Miss = 2500, Miss_rate = 1.000, Pending_hits = 0, Reservation_fails = 0
L2_cache_bank[30]: Access = 2528, Miss = 2508, Miss_rate = 0.992, Pending_hits = 0, Reservation_fails = 0
L2_cache_bank[31]: Access = 2528, Miss = 2508, Miss_rate = 0.992, Pending_hits = 0, Reservation_fails = 0
L2_cache_bank[32]: Access = 2528, Miss = 2508, Miss_rate = 0.992, Pending_hits = 0, Reservation_fails = 0
L2_cache_bank[33]: Access = 2528, Miss = 2508, Miss_rate = 0.992, Pending_hits = 0, Reservation_fails = 0
L2_cache_bank[34]: Access = 2504, Miss = 2504, Miss_rate = 1.000, Pending_hits = 0, Reservation_fails = 0
L2_cache_bank[35]: Access = 2504, Miss = 2504, Miss_rate = 1.000, Pending_hits = 0, Reservation_fails = 0
L2_cache_bank[36]: Access = 2504, Miss = 2504, Miss_rate = 1.000, Pending_hits = 0, Reservation_fails = 0
L2_cache_bank[37]: Access = 2504, Miss = 2504, Miss_rate = 1.000, Pending_hits = 0, Reservation_fails = 0
L2_cache_bank[38]: Access = 2504, Miss = 2504, Miss_rate = 1.000, Pending_hits = 0, Reservation_fails = 0
L2_cache_bank[39]: Access = 2504, Miss = 2504, Miss_rate = 1.000, Pending_hits = 0, Reservation_fails = 0
L2_cache_bank[40]: Access = 612, Miss = 612, Miss_rate = 1.000, Pending_hits = 0, Reservation_fails = 0
L2_cache_bank[41]: Access = 612, Miss = 612, Miss_rate = 1.000, Pending_hits = 0, Reservation_fails = 0
L2_cache_bank[42]: Access = 620, Miss = 620, Miss_rate = 1.000, Pending_hits = 0, Reservation_fails = 0
L2_cache_bank[43]: Access = 620, Miss = 620, Miss_rate = 1.000, Pending_hits = 0, Reservation_fails = 0
L2_cache_bank[44]: Access = 612, Miss = 612, Miss_rate = 1.000, Pending_hits = 0, Reservation_fails = 0
L2_cache_bank[45]: Access = 612, Miss = 612, Miss_rate = 1.000, Pending_hits = 0, Reservation_fails = 0
L2_cache_bank[46]: Access = 616, Miss = 616, Miss_rate = 1.000, Pending_hits = 0, Reservation_fails = 0
L2_cache_bank[47]: Access = 620, Miss = 620, Miss_rate = 1.000, Pending_hits = 0, Reservation_fails = 0
L2_cache_bank[48]: Access = 616, Miss = 616, Miss_rate = 1.000, Pending_hits = 0, Reservation_fails = 0
L2_cache_bank[49]: Access = 612, Miss = 612, Miss_rate = 1.000, Pending_hits = 0, Reservation_fails = 0
L2_cache_bank[50]: Access = 616, Miss = 616, Miss_rate = 1.000, Pending_hits = 0, Reservation_fails = 0
L2_cache_bank[51]: Access = 608, Miss = 608, Miss_rate = 1.000, Pending_hits = 0, Reservation_fails = 0
L2_cache_bank[52]: Access = 608, Miss = 608, Miss_rate = 1.000, Pending_hits = 0, Reservation_fails = 0
L2_cache_bank[53]: Access = 616, Miss = 616, Miss_rate = 1.000, Pending_hits = 0, Reservation_fails = 0
L2_cache_bank[54]: Access = 616, Miss = 616, Miss_rate = 1.000, Pending_hits = 0, Reservation_fails = 0
L2_cache_bank[55]: Access = 612, Miss = 612, Miss_rate = 1.000, Pending_hits = 0, Reservation_fails = 0
L2_cache_bank[56]: Access = 616, Miss = 616, Miss_rate = 1.000, Pending_hits = 0, Reservation_fails = 0
L2_cache_bank[57]: Access = 612, Miss = 612, Miss_rate = 1.000, Pending_hits = 0, Reservation_fails = 0
L2_cache_bank[58]: Access = 612, Miss = 612, Miss_rate = 1.000, Pending_hits = 0, Reservation_fails = 0
L2_cache_bank[59]: Access = 620, Miss = 620, Miss_rate = 1.000, Pending_hits = 0, Reservation_fails = 0
L2_cache_bank[60]: Access = 628, Miss = 628, Miss_rate = 1.000, Pending_hits = 0, Reservation_fails = 0
L2_cache_bank[61]: Access = 628, Miss = 628, Miss_rate = 1.000, Pending_hits = 0, Reservation_fails = 0
L2_cache_bank[62]: Access = 620, Miss = 620, Miss_rate = 1.000, Pending_hits = 0, Reservation_fails = 0
L2_cache_bank[63]: Access = 620, Miss = 620, Miss_rate = 1.000, Pending_hits = 0, Reservation_fails = 0
L2_cache_bank[64]: Access = 628, Miss = 628, Miss_rate = 1.000, Pending_hits = 0, Reservation_fails = 0
L2_cache_bank[65]: Access = 628, Miss = 628, Miss_rate = 1.000, Pending_hits = 0, Reservation_fails = 0
L2_cache_bank[66]: Access = 628, Miss = 628, Miss_rate = 1.000, Pending_hits = 0, Reservation_fails = 0
L2_cache_bank[67]: Access = 624, Miss = 624, Miss_rate = 1.000, Pending_hits = 0, Reservation_fails = 0
L2_cache_bank[68]: Access = 632, Miss = 632, Miss_rate = 1.000, Pending_hits = 0, Reservation_fails = 0
L2_cache_bank[69]: Access = 636, Miss = 636, Miss_rate = 1.000, Pending_hits = 0, Reservation_fails = 0
L2_cache_bank[70]: Access = 620, Miss = 620, Miss_rate = 1.000, Pending_hits = 0, Reservation_fails = 0
L2_cache_bank[71]: Access = 628, Miss = 628, Miss_rate = 1.000, Pending_hits = 0, Reservation_fails = 0
L2_cache_bank[72]: Access = 628, Miss = 628, Miss_rate = 1.000, Pending_hits = 0, Reservation_fails = 0
L2_cache_bank[73]: Access = 620, Miss = 620, Miss_rate = 1.000, Pending_hits = 0, Reservation_fails = 0
L2_cache_bank[74]: Access = 632, Miss = 632, Miss_rate = 1.000, Pending_hits = 0, Reservation_fails = 0
L2_cache_bank[75]: Access = 628, Miss = 628, Miss_rate = 1.000, Pending_hits = 0, Reservation_fails = 0
L2_cache_bank[76]: Access = 628, Miss = 628, Miss_rate = 1.000, Pending_hits = 0, Reservation_fails = 0
L2_cache_bank[77]: Access = 636, Miss = 636, Miss_rate = 1.000, Pending_hits = 0, Reservation_fails = 0
L2_cache_bank[78]: Access = 628, Miss = 628, Miss_rate = 1.000, Pending_hits = 0, Reservation_fails = 0
L2_cache_bank[79]: Access = 624, Miss = 624, Miss_rate = 1.000, Pending_hits = 0, Reservation_fails = 0
L2_total_cache_accesses = 125129
L2_total_cache_misses = 124965
L2_total_cache_miss_rate = 0.9987
L2_total_cache_pending_hits = 0
L2_total_cache_reservation_fails = 0
L2_total_cache_breakdown:
	L2_cache_stats_breakdown[GLOBAL_ACC_R][HIT] = 116
	L2_cache_stats_breakdown[GLOBAL_ACC_R][HIT_RESERVED] = 0
	L2_cache_stats_breakdown[GLOBAL_ACC_R][MISS] = 12424
	L2_cache_stats_breakdown[GLOBAL_ACC_R][RESERVATION_FAIL] = 0
	L2_cache_stats_breakdown[GLOBAL_ACC_R][SECTOR_MISS] = 37269
	L2_cache_stats_breakdown[GLOBAL_ACC_R][MSHR_HIT] = 0
	L2_cache_stats_breakdown[GLOBAL_ACC_R][WRITE_ALLOCATED] = 0
	L2_cache_stats_breakdown[CHIPLET_ACC_R][HIT] = 0
	L2_cache_stats_breakdown[CHIPLET_ACC_R][HIT_RESERVED] = 0
	L2_cache_stats_breakdown[CHIPLET_ACC_R][MISS] = 6208
	L2_cache_stats_breakdown[CHIPLET_ACC_R][RESERVATION_FAIL] = 0
	L2_cache_stats_breakdown[CHIPLET_ACC_R][SECTOR_MISS] = 18624
	L2_cache_stats_breakdown[CHIPLET_ACC_R][MSHR_HIT] = 0
	L2_cache_stats_breakdown[CHIPLET_ACC_R][WRITE_ALLOCATED] = 0
	L2_cache_stats_breakdown[LOCAL_ACC_R][HIT] = 0
	L2_cache_stats_breakdown[LOCAL_ACC_R][HIT_RESERVED] = 0
	L2_cache_stats_breakdown[LOCAL_ACC_R][MISS] = 0
	L2_cache_stats_breakdown[LOCAL_ACC_R][RESERVATION_FAIL] = 0
	L2_cache_stats_breakdown[LOCAL_ACC_R][SECTOR_MISS] = 0
	L2_cache_stats_breakdown[LOCAL_ACC_R][MSHR_HIT] = 0
	L2_cache_stats_breakdown[LOCAL_ACC_R][WRITE_ALLOCATED] = 0
	L2_cache_stats_breakdown[CONST_ACC_R][HIT] = 0
	L2_cache_stats_breakdown[CONST_ACC_R][HIT_RESERVED] = 0
	L2_cache_stats_breakdown[CONST_ACC_R][MISS] = 0
	L2_cache_stats_breakdown[CONST_ACC_R][RESERVATION_FAIL] = 0
	L2_cache_stats_breakdown[CONST_ACC_R][SECTOR_MISS] = 0
	L2_cache_stats_breakdown[CONST_ACC_R][MSHR_HIT] = 0
	L2_cache_stats_breakdown[CONST_ACC_R][WRITE_ALLOCATED] = 0
	L2_cache_stats_breakdown[TEXTURE_ACC_R][HIT] = 0
	L2_cache_stats_breakdown[TEXTURE_ACC_R][HIT_RESERVED] = 0
	L2_cache_stats_breakdown[TEXTURE_ACC_R][MISS] = 0
	L2_cache_stats_breakdown[TEXTURE_ACC_R][RESERVATION_FAIL] = 0
	L2_cache_stats_breakdown[TEXTURE_ACC_R][SECTOR_MISS] = 0
	L2_cache_stats_breakdown[TEXTURE_ACC_R][MSHR_HIT] = 0
	L2_cache_stats_breakdown[TEXTURE_ACC_R][WRITE_ALLOCATED] = 0
	L2_cache_stats_breakdown[GLOBAL_ACC_W][HIT] = 48
	L2_cache_stats_breakdown[GLOBAL_ACC_W][HIT_RESERVED] = 0
	L2_cache_stats_breakdown[GLOBAL_ACC_W][MISS] = 12610
	L2_cache_stats_breakdown[GLOBAL_ACC_W][RESERVATION_FAIL] = 0
	L2_cache_stats_breakdown[GLOBAL_ACC_W][SECTOR_MISS] = 37830
	L2_cache_stats_breakdown[GLOBAL_ACC_W][MSHR_HIT] = 0
	L2_cache_stats_breakdown[GLOBAL_ACC_W][WRITE_ALLOCATED] = 50440
	L2_cache_stats_breakdown[CHIPLET_ACC_W][HIT] = 0
	L2_cache_stats_breakdown[CHIPLET_ACC_W][HIT_RESERVED] = 0
	L2_cache_stats_breakdown[CHIPLET_ACC_W][MISS] = 0
	L2_cache_stats_breakdown[CHIPLET_ACC_W][RESERVATION_FAIL] = 0
	L2_cache_stats_breakdown[CHIPLET_ACC_W][SECTOR_MISS] = 0
	L2_cache_stats_breakdown[CHIPLET_ACC_W][MSHR_HIT] = 0
	L2_cache_stats_breakdown[CHIPLET_ACC_W][WRITE_ALLOCATED] = 0
	L2_cache_stats_breakdown[LOCAL_ACC_W][HIT] = 0
	L2_cache_stats_breakdown[LOCAL_ACC_W][HIT_RESERVED] = 0
	L2_cache_stats_breakdown[LOCAL_ACC_W][MISS] = 0
	L2_cache_stats_breakdown[LOCAL_ACC_W][RESERVATION_FAIL] = 0
	L2_cache_stats_breakdown[LOCAL_ACC_W][SECTOR_MISS] = 0
	L2_cache_stats_breakdown[LOCAL_ACC_W][MSHR_HIT] = 0
	L2_cache_stats_breakdown[LOCAL_ACC_W][WRITE_ALLOCATED] = 0
	L2_cache_stats_breakdown[L1_WRBK_ACC][HIT] = 0
	L2_cache_stats_breakdown[L1_WRBK_ACC][HIT_RESERVED] = 0
	L2_cache_stats_breakdown[L1_WRBK_ACC][MISS] = 0
	L2_cache_stats_breakdown[L1_WRBK_ACC][RESERVATION_FAIL] = 0
	L2_cache_stats_breakdown[L1_WRBK_ACC][SECTOR_MISS] = 0
	L2_cache_stats_breakdown[L1_WRBK_ACC][MSHR_HIT] = 0
	L2_cache_stats_breakdown[L1_WRBK_ACC][WRITE_ALLOCATED] = 0
	L2_cache_stats_breakdown[L2_WRBK_ACC][HIT] = 0
	L2_cache_stats_breakdown[L2_WRBK_ACC][HIT_RESERVED] = 0
	L2_cache_stats_breakdown[L2_WRBK_ACC][MISS] = 0
	L2_cache_stats_breakdown[L2_WRBK_ACC][RESERVATION_FAIL] = 0
	L2_cache_stats_breakdown[L2_WRBK_ACC][SECTOR_MISS] = 0
	L2_cache_stats_breakdown[L2_WRBK_ACC][MSHR_HIT] = 0
	L2_cache_stats_breakdown[L2_WRBK_ACC][WRITE_ALLOCATED] = 0
	L2_cache_stats_breakdown[INST_ACC_R][HIT] = 0
	L2_cache_stats_breakdown[INST_ACC_R][HIT_RESERVED] = 0
	L2_cache_stats_breakdown[INST_ACC_R][MISS] = 0
	L2_cache_stats_breakdown[INST_ACC_R][RESERVATION_FAIL] = 0
	L2_cache_stats_breakdown[INST_ACC_R][SECTOR_MISS] = 0
	L2_cache_stats_breakdown[INST_ACC_R][MSHR_HIT] = 0
	L2_cache_stats_breakdown[INST_ACC_R][WRITE_ALLOCATED] = 0
	L2_cache_stats_breakdown[L1_WR_ALLOC_R][HIT] = 0
	L2_cache_stats_breakdown[L1_WR_ALLOC_R][HIT_RESERVED] = 0
	L2_cache_stats_breakdown[L1_WR_ALLOC_R][MISS] = 0
	L2_cache_stats_breakdown[L1_WR_ALLOC_R][RESERVATION_FAIL] = 0
	L2_cache_stats_breakdown[L1_WR_ALLOC_R][SECTOR_MISS] = 0
	L2_cache_stats_breakdown[L1_WR_ALLOC_R][MSHR_HIT] = 0
	L2_cache_stats_breakdown[L1_WR_ALLOC_R][WRITE_ALLOCATED] = 0
	L2_cache_stats_breakdown[L2_WR_ALLOC_R][HIT] = 0
	L2_cache_stats_breakdown[L2_WR_ALLOC_R][HIT_RESERVED] = 0
	L2_cache_stats_breakdown[L2_WR_ALLOC_R][MISS] = 0
	L2_cache_stats_breakdown[L2_WR_ALLOC_R][RESERVATION_FAIL] = 0
	L2_cache_stats_breakdown[L2_WR_ALLOC_R][SECTOR_MISS] = 0
	L2_cache_stats_breakdown[L2_WR_ALLOC_R][MSHR_HIT] = 0
	L2_cache_stats_breakdown[L2_WR_ALLOC_R][WRITE_ALLOCATED] = 0
	L2_cache_stats_breakdown[GLOBAL_ACC_R][TOTAL_ACCESS] = 49809
	L2_cache_stats_breakdown[CHIPLET_ACC_R][TOTAL_ACCESS] = 24832
	L2_cache_stats_breakdown[GLOBAL_ACC_W][TOTAL_ACCESS] = 50488
L2_total_cache_reservation_fail_breakdown:
L2_cache_data_port_util = 0.000
L2_cache_fill_port_util = 0.001

icnt_total_pkts_mem_to_simt=150688
icnt_total_pkts_simt_to_mem=151464
LD_mem_lat_dist  0 0 0 0 0 0 0 0 0 0 0 0 0 0 0 0 0 0 0 0 0 0 0 0 0 0 0
ST_mem_lat_dist  0 0 0 0 0 0 0 0 0 0 0 0 0 0 0 0 0 0 0 0 0 0 0 0 0 0 0
----------------------------Interconnect-DETAILS--------------------------------
Class 0:
Packet latency average = 70.2089
	minimum = 4
	maximum = 259
Network latency average = 4.45448
	minimum = 4
	maximum = 10
Slowest packet = 0
Flit latency average = 4.45448
	minimum = 4
	maximum = 10
Slowest flit = 4143
Fragmentation average = 0
	minimum = 0
	maximum = 0
Injected packet rate average = 0.00153821
	minimum = 0 (at node 3)
	maximum = 0.098399 (at node 2)
Accepted packet rate average = 0.00153821
	minimum = 0 (at node 3)
	maximum = 0.098399 (at node 2)
Injected flit rate average = 0.00153821
	minimum = 0 (at node 3)
	maximum = 0.098399 (at node 2)
Accepted flit rate average= 0.00153821
	minimum = 0 (at node 3)
	maximum = 0.098399 (at node 2)
Injected packet length average = 1
Accepted packet length average = 1
Total in-flight flits = 0 (0 measured)
====== Overall Traffic Statistics ======
====== Traffic class 0 ======
Packet latency average = 78.1415 (3 samples)
	minimum = 4 (3 samples)
	maximum = 259 (3 samples)
Network latency average = 4.44106 (3 samples)
	minimum = 4 (3 samples)
	maximum = 9.66667 (3 samples)
Flit latency average = 4.44106 (3 samples)
	minimum = 4 (3 samples)
	maximum = 9.66667 (3 samples)
Fragmentation average = 0 (3 samples)
	minimum = 0 (3 samples)
	maximum = 0 (3 samples)
Injected packet rate average = 0.0011637 (3 samples)
	minimum = 0 (3 samples)
	maximum = 0.0944845 (3 samples)
Accepted packet rate average = 0.0011637 (3 samples)
	minimum = 0 (3 samples)
	maximum = 0.0944845 (3 samples)
Injected flit rate average = 0.0011637 (3 samples)
	minimum = 0 (3 samples)
	maximum = 0.0944845 (3 samples)
Accepted flit rate average = 0.0011637 (3 samples)
	minimum = 0 (3 samples)
	maximum = 0.0944845 (3 samples)
Injected packet size average = 1 (3 samples)
Accepted packet size average = 1 (3 samples)
Hops average = 1 (3 samples)
----------------------------END-of-Interconnect-DETAILS-------------------------


gpgpu_simulation_time = 0 days, 0 hrs, 0 min, 44 sec (44 sec)
gpgpu_simulation_rate = 321982 (inst/sec)
gpgpu_simulation_rate = 7660 (cycle/sec)
gpgpu_silicon_slowdown = 229112x
GPGPU-Sim: *** simulation thread exiting ***
GPGPU-Sim: *** exit detected ***
